source,row_type,scenario,phase,category,bucket_tokens,decode_batch,metric,value,baseline_value,candidate_value,ratio,classification,window,reason,count,note
phase438_serving_state_merge,merge_conflict,,mixed_prefill,ep_a2a,8000,33,,61.300283,446.465951,236.986735,,,,,,current_perfdb vs phase437_candidate
phase438_serving_state_merge,merge_conflict,,mixed_prefill,ep_a2a,8000,34,,81.092802,567.392574,240.017037,,,,,,current_perfdb vs phase437_candidate
phase438_serving_state_merge,merge_conflict,,mixed_prefill,moe_gemm_or_aux,8000,33,,26.772983,253.076233,331.304282,,,,,,current_perfdb vs phase437_candidate
phase438_serving_state_merge,merge_conflict,,mixed_prefill,other_cuda,8000,33,,20.481523,134.811021,165.572590,,,,,,current_perfdb vs phase437_candidate
phase438_serving_state_merge,merge_conflict,,mixed_prefill,other_cuda,8000,34,,27.847915,219.802784,166.073530,,,,,,current_perfdb vs phase437_candidate
phase438_serving_state_merge,hit_audit,K2.5-tp4ep8dp2-8k2k,decode,collective_other,1,1,bucket_below_range,1,,,,miss,,,1,bucket_below_range
phase438_serving_state_merge,hit_audit,K2.5-tp4ep8dp2-8k2k,decode,collective_other,2,2,hit,1,,,,hit,,,1,hit
phase438_serving_state_merge,hit_audit,K2.5-tp4ep8dp2-8k2k,decode,collective_other,3,3,interpolation_gap,1,,,,miss,,,1,interpolation_gap
phase438_serving_state_merge,hit_audit,K2.5-tp4ep8dp2-8k2k,decode,collective_other,4,4,interpolation_gap,1,,,,miss,,,1,interpolation_gap
phase438_serving_state_merge,hit_audit,K2.5-tp4ep8dp2-8k2k,decode,collective_other,5,5,interpolation_gap,1,,,,miss,,,1,interpolation_gap
phase438_serving_state_merge,hit_audit,K2.5-tp4ep8dp2-8k2k,decode,collective_other,6,6,interpolation_gap,1,,,,miss,,,1,interpolation_gap
phase438_serving_state_merge,hit_audit,K2.5-tp4ep8dp2-8k2k,decode,collective_other,7,7,interpolation_gap,1,,,,miss,,,1,interpolation_gap
phase438_serving_state_merge,hit_audit,K2.5-tp4ep8dp2-8k2k,decode,collective_other,8,8,hit,1,,,,hit,,,1,hit
phase438_serving_state_merge,hit_audit,K2.5-tp4ep8dp2-8k2k,decode,collective_other,9,9,interpolation_gap,1,,,,miss,,,1,interpolation_gap
phase438_serving_state_merge,hit_audit,K2.5-tp4ep8dp2-8k2k,decode,collective_other,10,10,interpolation_gap,1,,,,miss,,,1,interpolation_gap
phase438_serving_state_merge,hit_audit,K2.5-tp4ep8dp2-8k2k,decode,collective_other,11,11,interpolation_gap,1,,,,miss,,,1,interpolation_gap
phase438_serving_state_merge,hit_audit,K2.5-tp4ep8dp2-8k2k,decode,collective_other,12,12,interpolation_gap,1,,,,miss,,,1,interpolation_gap
phase438_serving_state_merge,hit_audit,K2.5-tp4ep8dp2-8k2k,decode,collective_other,13,13,interpolation_gap,1,,,,miss,,,1,interpolation_gap
phase438_serving_state_merge,hit_audit,K2.5-tp4ep8dp2-8k2k,decode,collective_other,14,14,interpolation_gap,1,,,,miss,,,1,interpolation_gap
phase438_serving_state_merge,hit_audit,K2.5-tp4ep8dp2-8k2k,decode,collective_other,15,15,interpolation_gap,1,,,,miss,,,1,interpolation_gap
phase438_serving_state_merge,hit_audit,K2.5-tp4ep8dp2-8k2k,decode,collective_other,16,16,hit,1,,,,hit,,,1,hit
phase438_serving_state_merge,hit_audit,K2.5-tp4ep8dp2-8k2k,decode,collective_other,17,17,interpolation_gap,1,,,,miss,,,1,interpolation_gap
phase438_serving_state_merge,hit_audit,K2.5-tp4ep8dp2-8k2k,decode,collective_other,18,18,interpolation_gap,1,,,,miss,,,1,interpolation_gap
phase438_serving_state_merge,hit_audit,K2.5-tp4ep8dp2-8k2k,decode,collective_other,19,19,interpolation_gap,1,,,,miss,,,1,interpolation_gap
phase438_serving_state_merge,hit_audit,K2.5-tp4ep8dp2-8k2k,decode,collective_other,20,20,interpolation_gap,1,,,,miss,,,1,interpolation_gap
phase438_serving_state_merge,hit_audit,K2.5-tp4ep8dp2-8k2k,decode,collective_other,21,21,interpolation_gap,1,,,,miss,,,1,interpolation_gap
phase438_serving_state_merge,hit_audit,K2.5-tp4ep8dp2-8k2k,decode,collective_other,22,22,interpolation_gap,1,,,,miss,,,1,interpolation_gap
phase438_serving_state_merge,hit_audit,K2.5-tp4ep8dp2-8k2k,decode,collective_other,23,23,interpolation_gap,1,,,,miss,,,1,interpolation_gap
phase438_serving_state_merge,hit_audit,K2.5-tp4ep8dp2-8k2k,decode,collective_other,24,24,interpolation_gap,1,,,,miss,,,1,interpolation_gap
phase438_serving_state_merge,hit_audit,K2.5-tp4ep8dp2-8k2k,decode,collective_other,25,25,interpolation_gap,1,,,,miss,,,1,interpolation_gap
phase438_serving_state_merge,hit_audit,K2.5-tp4ep8dp2-8k2k,decode,collective_other,26,26,interpolation_gap,1,,,,miss,,,1,interpolation_gap
phase438_serving_state_merge,hit_audit,K2.5-tp4ep8dp2-8k2k,decode,collective_other,27,27,interpolation_gap,1,,,,miss,,,1,interpolation_gap
phase438_serving_state_merge,hit_audit,K2.5-tp4ep8dp2-8k2k,decode,collective_other,28,28,interpolation_gap,1,,,,miss,,,1,interpolation_gap
phase438_serving_state_merge,hit_audit,K2.5-tp4ep8dp2-8k2k,decode,collective_other,29,29,interpolation_gap,1,,,,miss,,,1,interpolation_gap
phase438_serving_state_merge,hit_audit,K2.5-tp4ep8dp2-8k2k,decode,collective_other,30,30,interpolation_gap,1,,,,miss,,,1,interpolation_gap
phase438_serving_state_merge,hit_audit,K2.5-tp4ep8dp2-8k2k,decode,collective_other,31,31,interpolation_gap,1,,,,miss,,,1,interpolation_gap
phase438_serving_state_merge,hit_audit,K2.5-tp4ep8dp2-8k2k,decode,collective_other,32,32,interpolation_gap,1,,,,miss,,,1,interpolation_gap
phase438_serving_state_merge,hit_audit,K2.5-tp4ep8dp2-8k2k,decode,collective_other,33,33,interpolation_gap,1,,,,miss,,,1,interpolation_gap
phase438_serving_state_merge,hit_audit,K2.5-tp4ep8dp2-8k2k,decode,collective_other,34,34,interpolation_gap,1,,,,miss,,,1,interpolation_gap
phase438_serving_state_merge,hit_audit,K2.5-tp4ep8dp2-8k2k,decode,collective_other,35,35,interpolation_gap,1,,,,miss,,,1,interpolation_gap
phase438_serving_state_merge,hit_audit,K2.5-tp4ep8dp2-8k2k,decode,collective_other,36,36,hit,1,,,,hit,,,1,hit
phase438_serving_state_merge,hit_audit,K2.5-tp4ep8dp2-8k2k,decode,collective_other,37,37,interpolation_gap,1,,,,miss,,,1,interpolation_gap
phase438_serving_state_merge,hit_audit,K2.5-tp4ep8dp2-8k2k,decode,collective_other,38,38,interpolation_gap,1,,,,miss,,,1,interpolation_gap
phase438_serving_state_merge,hit_audit,K2.5-tp4ep8dp2-8k2k,decode,collective_other,39,39,interpolation_gap,1,,,,miss,,,1,interpolation_gap
phase438_serving_state_merge,hit_audit,K2.5-tp4ep8dp2-8k2k,decode,collective_other,40,40,interpolation_gap,1,,,,miss,,,1,interpolation_gap
phase438_serving_state_merge,hit_audit,K2.5-tp4ep8dp2-8k2k,decode,collective_other,41,41,interpolation_gap,1,,,,miss,,,1,interpolation_gap
phase438_serving_state_merge,hit_audit,K2.5-tp4ep8dp2-8k2k,decode,collective_other,42,42,interpolation_gap,1,,,,miss,,,1,interpolation_gap
phase438_serving_state_merge,hit_audit,K2.5-tp4ep8dp2-8k2k,decode,collective_other,43,43,interpolation_gap,1,,,,miss,,,1,interpolation_gap
phase438_serving_state_merge,hit_audit,K2.5-tp4ep8dp2-8k2k,decode,collective_other,44,44,interpolation_gap,1,,,,miss,,,1,interpolation_gap
phase438_serving_state_merge,hit_audit,K2.5-tp4ep8dp2-8k2k,decode,collective_other,45,45,interpolation_gap,1,,,,miss,,,1,interpolation_gap
phase438_serving_state_merge,hit_audit,K2.5-tp4ep8dp2-8k2k,decode,collective_other,46,46,interpolation_gap,1,,,,miss,,,1,interpolation_gap
phase438_serving_state_merge,hit_audit,K2.5-tp4ep8dp2-8k2k,decode,collective_other,47,47,interpolation_gap,1,,,,miss,,,1,interpolation_gap
phase438_serving_state_merge,hit_audit,K2.5-tp4ep8dp2-8k2k,decode,collective_other,48,48,interpolation_gap,1,,,,miss,,,1,interpolation_gap
phase438_serving_state_merge,hit_audit,K2.5-tp4ep8dp2-8k2k,decode,collective_other,49,49,interpolation_gap,1,,,,miss,,,1,interpolation_gap
phase438_serving_state_merge,hit_audit,K2.5-tp4ep8dp2-8k2k,decode,collective_other,50,50,interpolation_gap,1,,,,miss,,,1,interpolation_gap
phase438_serving_state_merge,hit_audit,K2.5-tp4ep8dp2-8k2k,decode,collective_other,51,51,interpolation_gap,1,,,,miss,,,1,interpolation_gap
phase438_serving_state_merge,hit_audit,K2.5-tp4ep8dp2-8k2k,decode,collective_other,52,52,hit,1,,,,hit,,,1,hit
phase438_serving_state_merge,hit_audit,K2.5-tp4ep8dp2-8k2k,decode,collective_other,53,53,interpolation_gap,1,,,,miss,,,1,interpolation_gap
phase438_serving_state_merge,hit_audit,K2.5-tp4ep8dp2-8k2k,decode,collective_other,54,54,interpolation_gap,1,,,,miss,,,1,interpolation_gap
phase438_serving_state_merge,hit_audit,K2.5-tp4ep8dp2-8k2k,decode,collective_other,55,55,interpolation_gap,1,,,,miss,,,1,interpolation_gap
phase438_serving_state_merge,hit_audit,K2.5-tp4ep8dp2-8k2k,decode,collective_other,56,56,interpolation_gap,1,,,,miss,,,1,interpolation_gap
phase438_serving_state_merge,hit_audit,K2.5-tp4ep8dp2-8k2k,decode,collective_other,57,57,interpolation_gap,1,,,,miss,,,1,interpolation_gap
phase438_serving_state_merge,hit_audit,K2.5-tp4ep8dp2-8k2k,decode,collective_other,58,58,interpolation_gap,1,,,,miss,,,1,interpolation_gap
phase438_serving_state_merge,hit_audit,K2.5-tp4ep8dp2-8k2k,decode,collective_other,59,59,interpolation_gap,1,,,,miss,,,1,interpolation_gap
phase438_serving_state_merge,hit_audit,K2.5-tp4ep8dp2-8k2k,decode,collective_other,60,60,hit,1,,,,hit,,,1,hit
phase438_serving_state_merge,hit_audit,K2.5-tp4ep8dp2-8k2k,decode,collective_other,61,61,interpolation_gap,1,,,,miss,,,1,interpolation_gap
phase438_serving_state_merge,hit_audit,K2.5-tp4ep8dp2-8k2k,decode,collective_other,62,62,interpolation_gap,1,,,,miss,,,1,interpolation_gap
phase438_serving_state_merge,hit_audit,K2.5-tp4ep8dp2-8k2k,decode,collective_other,63,63,interpolation_gap,2,,,,miss,,,2,interpolation_gap
phase438_serving_state_merge,hit_audit,K2.5-tp4ep8dp2-8k2k,decode,collective_other,64,64,hit,3,,,,hit,,,3,hit
phase438_serving_state_merge,hit_audit,K2.5-tp4ep8dp2-8k2k,decode,ep_a2a,1,1,bucket_below_range,1,,,,miss,,,1,bucket_below_range
phase438_serving_state_merge,hit_audit,K2.5-tp4ep8dp2-8k2k,decode,ep_a2a,2,2,hit,1,,,,hit,,,1,hit
phase438_serving_state_merge,hit_audit,K2.5-tp4ep8dp2-8k2k,decode,ep_a2a,3,3,interpolation_gap,1,,,,miss,,,1,interpolation_gap
phase438_serving_state_merge,hit_audit,K2.5-tp4ep8dp2-8k2k,decode,ep_a2a,4,4,interpolation_gap,1,,,,miss,,,1,interpolation_gap
phase438_serving_state_merge,hit_audit,K2.5-tp4ep8dp2-8k2k,decode,ep_a2a,5,5,interpolation_gap,1,,,,miss,,,1,interpolation_gap
phase438_serving_state_merge,hit_audit,K2.5-tp4ep8dp2-8k2k,decode,ep_a2a,6,6,interpolation_gap,1,,,,miss,,,1,interpolation_gap
phase438_serving_state_merge,hit_audit,K2.5-tp4ep8dp2-8k2k,decode,ep_a2a,7,7,interpolation_gap,1,,,,miss,,,1,interpolation_gap
phase438_serving_state_merge,hit_audit,K2.5-tp4ep8dp2-8k2k,decode,ep_a2a,8,8,hit,1,,,,hit,,,1,hit
phase438_serving_state_merge,hit_audit,K2.5-tp4ep8dp2-8k2k,decode,ep_a2a,9,9,interpolation_gap,1,,,,miss,,,1,interpolation_gap
phase438_serving_state_merge,hit_audit,K2.5-tp4ep8dp2-8k2k,decode,ep_a2a,10,10,interpolation_gap,1,,,,miss,,,1,interpolation_gap
phase438_serving_state_merge,hit_audit,K2.5-tp4ep8dp2-8k2k,decode,ep_a2a,11,11,interpolation_gap,1,,,,miss,,,1,interpolation_gap
phase438_serving_state_merge,hit_audit,K2.5-tp4ep8dp2-8k2k,decode,ep_a2a,12,12,interpolation_gap,1,,,,miss,,,1,interpolation_gap
phase438_serving_state_merge,hit_audit,K2.5-tp4ep8dp2-8k2k,decode,ep_a2a,13,13,interpolation_gap,1,,,,miss,,,1,interpolation_gap
phase438_serving_state_merge,hit_audit,K2.5-tp4ep8dp2-8k2k,decode,ep_a2a,14,14,interpolation_gap,1,,,,miss,,,1,interpolation_gap
phase438_serving_state_merge,hit_audit,K2.5-tp4ep8dp2-8k2k,decode,ep_a2a,15,15,interpolation_gap,1,,,,miss,,,1,interpolation_gap
phase438_serving_state_merge,hit_audit,K2.5-tp4ep8dp2-8k2k,decode,ep_a2a,16,16,hit,1,,,,hit,,,1,hit
phase438_serving_state_merge,hit_audit,K2.5-tp4ep8dp2-8k2k,decode,ep_a2a,17,17,interpolation_gap,1,,,,miss,,,1,interpolation_gap
phase438_serving_state_merge,hit_audit,K2.5-tp4ep8dp2-8k2k,decode,ep_a2a,18,18,interpolation_gap,1,,,,miss,,,1,interpolation_gap
phase438_serving_state_merge,hit_audit,K2.5-tp4ep8dp2-8k2k,decode,ep_a2a,19,19,interpolation_gap,1,,,,miss,,,1,interpolation_gap
phase438_serving_state_merge,hit_audit,K2.5-tp4ep8dp2-8k2k,decode,ep_a2a,20,20,interpolation_gap,1,,,,miss,,,1,interpolation_gap
phase438_serving_state_merge,hit_audit,K2.5-tp4ep8dp2-8k2k,decode,ep_a2a,21,21,interpolation_gap,1,,,,miss,,,1,interpolation_gap
phase438_serving_state_merge,hit_audit,K2.5-tp4ep8dp2-8k2k,decode,ep_a2a,22,22,interpolation_gap,1,,,,miss,,,1,interpolation_gap
phase438_serving_state_merge,hit_audit,K2.5-tp4ep8dp2-8k2k,decode,ep_a2a,23,23,interpolation_gap,1,,,,miss,,,1,interpolation_gap
phase438_serving_state_merge,hit_audit,K2.5-tp4ep8dp2-8k2k,decode,ep_a2a,24,24,interpolation_gap,1,,,,miss,,,1,interpolation_gap
phase438_serving_state_merge,hit_audit,K2.5-tp4ep8dp2-8k2k,decode,ep_a2a,25,25,interpolation_gap,1,,,,miss,,,1,interpolation_gap
phase438_serving_state_merge,hit_audit,K2.5-tp4ep8dp2-8k2k,decode,ep_a2a,26,26,interpolation_gap,1,,,,miss,,,1,interpolation_gap
phase438_serving_state_merge,hit_audit,K2.5-tp4ep8dp2-8k2k,decode,ep_a2a,27,27,interpolation_gap,1,,,,miss,,,1,interpolation_gap
phase438_serving_state_merge,hit_audit,K2.5-tp4ep8dp2-8k2k,decode,ep_a2a,28,28,interpolation_gap,1,,,,miss,,,1,interpolation_gap
phase438_serving_state_merge,hit_audit,K2.5-tp4ep8dp2-8k2k,decode,ep_a2a,29,29,interpolation_gap,1,,,,miss,,,1,interpolation_gap
phase438_serving_state_merge,hit_audit,K2.5-tp4ep8dp2-8k2k,decode,ep_a2a,30,30,interpolation_gap,1,,,,miss,,,1,interpolation_gap
phase438_serving_state_merge,hit_audit,K2.5-tp4ep8dp2-8k2k,decode,ep_a2a,31,31,interpolation_gap,1,,,,miss,,,1,interpolation_gap
phase438_serving_state_merge,hit_audit,K2.5-tp4ep8dp2-8k2k,decode,ep_a2a,32,32,interpolation_gap,1,,,,miss,,,1,interpolation_gap
phase438_serving_state_merge,hit_audit,K2.5-tp4ep8dp2-8k2k,decode,ep_a2a,33,33,interpolation_gap,1,,,,miss,,,1,interpolation_gap
phase438_serving_state_merge,hit_audit,K2.5-tp4ep8dp2-8k2k,decode,ep_a2a,34,34,interpolation_gap,1,,,,miss,,,1,interpolation_gap
phase438_serving_state_merge,hit_audit,K2.5-tp4ep8dp2-8k2k,decode,ep_a2a,35,35,interpolation_gap,1,,,,miss,,,1,interpolation_gap
phase438_serving_state_merge,hit_audit,K2.5-tp4ep8dp2-8k2k,decode,ep_a2a,36,36,hit,1,,,,hit,,,1,hit
phase438_serving_state_merge,hit_audit,K2.5-tp4ep8dp2-8k2k,decode,ep_a2a,37,37,interpolation_gap,1,,,,miss,,,1,interpolation_gap
phase438_serving_state_merge,hit_audit,K2.5-tp4ep8dp2-8k2k,decode,ep_a2a,38,38,interpolation_gap,1,,,,miss,,,1,interpolation_gap
phase438_serving_state_merge,hit_audit,K2.5-tp4ep8dp2-8k2k,decode,ep_a2a,39,39,interpolation_gap,1,,,,miss,,,1,interpolation_gap
phase438_serving_state_merge,hit_audit,K2.5-tp4ep8dp2-8k2k,decode,ep_a2a,40,40,interpolation_gap,1,,,,miss,,,1,interpolation_gap
phase438_serving_state_merge,hit_audit,K2.5-tp4ep8dp2-8k2k,decode,ep_a2a,41,41,interpolation_gap,1,,,,miss,,,1,interpolation_gap
phase438_serving_state_merge,hit_audit,K2.5-tp4ep8dp2-8k2k,decode,ep_a2a,42,42,interpolation_gap,1,,,,miss,,,1,interpolation_gap
phase438_serving_state_merge,hit_audit,K2.5-tp4ep8dp2-8k2k,decode,ep_a2a,43,43,interpolation_gap,1,,,,miss,,,1,interpolation_gap
phase438_serving_state_merge,hit_audit,K2.5-tp4ep8dp2-8k2k,decode,ep_a2a,44,44,interpolation_gap,1,,,,miss,,,1,interpolation_gap
phase438_serving_state_merge,hit_audit,K2.5-tp4ep8dp2-8k2k,decode,ep_a2a,45,45,interpolation_gap,1,,,,miss,,,1,interpolation_gap
phase438_serving_state_merge,hit_audit,K2.5-tp4ep8dp2-8k2k,decode,ep_a2a,46,46,interpolation_gap,1,,,,miss,,,1,interpolation_gap
phase438_serving_state_merge,hit_audit,K2.5-tp4ep8dp2-8k2k,decode,ep_a2a,47,47,interpolation_gap,1,,,,miss,,,1,interpolation_gap
phase438_serving_state_merge,hit_audit,K2.5-tp4ep8dp2-8k2k,decode,ep_a2a,48,48,interpolation_gap,1,,,,miss,,,1,interpolation_gap
phase438_serving_state_merge,hit_audit,K2.5-tp4ep8dp2-8k2k,decode,ep_a2a,49,49,interpolation_gap,1,,,,miss,,,1,interpolation_gap
phase438_serving_state_merge,hit_audit,K2.5-tp4ep8dp2-8k2k,decode,ep_a2a,50,50,interpolation_gap,1,,,,miss,,,1,interpolation_gap
phase438_serving_state_merge,hit_audit,K2.5-tp4ep8dp2-8k2k,decode,ep_a2a,51,51,interpolation_gap,1,,,,miss,,,1,interpolation_gap
phase438_serving_state_merge,hit_audit,K2.5-tp4ep8dp2-8k2k,decode,ep_a2a,52,52,hit,1,,,,hit,,,1,hit
phase438_serving_state_merge,hit_audit,K2.5-tp4ep8dp2-8k2k,decode,ep_a2a,53,53,interpolation_gap,1,,,,miss,,,1,interpolation_gap
phase438_serving_state_merge,hit_audit,K2.5-tp4ep8dp2-8k2k,decode,ep_a2a,54,54,interpolation_gap,1,,,,miss,,,1,interpolation_gap
phase438_serving_state_merge,hit_audit,K2.5-tp4ep8dp2-8k2k,decode,ep_a2a,55,55,interpolation_gap,1,,,,miss,,,1,interpolation_gap
phase438_serving_state_merge,hit_audit,K2.5-tp4ep8dp2-8k2k,decode,ep_a2a,56,56,interpolation_gap,1,,,,miss,,,1,interpolation_gap
phase438_serving_state_merge,hit_audit,K2.5-tp4ep8dp2-8k2k,decode,ep_a2a,57,57,interpolation_gap,1,,,,miss,,,1,interpolation_gap
phase438_serving_state_merge,hit_audit,K2.5-tp4ep8dp2-8k2k,decode,ep_a2a,58,58,interpolation_gap,1,,,,miss,,,1,interpolation_gap
phase438_serving_state_merge,hit_audit,K2.5-tp4ep8dp2-8k2k,decode,ep_a2a,59,59,interpolation_gap,1,,,,miss,,,1,interpolation_gap
phase438_serving_state_merge,hit_audit,K2.5-tp4ep8dp2-8k2k,decode,ep_a2a,60,60,hit,1,,,,hit,,,1,hit
phase438_serving_state_merge,hit_audit,K2.5-tp4ep8dp2-8k2k,decode,ep_a2a,61,61,interpolation_gap,1,,,,miss,,,1,interpolation_gap
phase438_serving_state_merge,hit_audit,K2.5-tp4ep8dp2-8k2k,decode,ep_a2a,62,62,interpolation_gap,1,,,,miss,,,1,interpolation_gap
phase438_serving_state_merge,hit_audit,K2.5-tp4ep8dp2-8k2k,decode,ep_a2a,63,63,interpolation_gap,2,,,,miss,,,2,interpolation_gap
phase438_serving_state_merge,hit_audit,K2.5-tp4ep8dp2-8k2k,decode,ep_a2a,64,64,hit,3,,,,hit,,,3,hit
phase438_serving_state_merge,hit_audit,K2.5-tp4ep8dp2-8k2k,decode,moe_gemm_or_aux,1,1,bucket_below_range,1,,,,miss,,,1,bucket_below_range
phase438_serving_state_merge,hit_audit,K2.5-tp4ep8dp2-8k2k,decode,moe_gemm_or_aux,2,2,hit,1,,,,hit,,,1,hit
phase438_serving_state_merge,hit_audit,K2.5-tp4ep8dp2-8k2k,decode,moe_gemm_or_aux,3,3,interpolation_gap,1,,,,miss,,,1,interpolation_gap
phase438_serving_state_merge,hit_audit,K2.5-tp4ep8dp2-8k2k,decode,moe_gemm_or_aux,4,4,interpolation_gap,1,,,,miss,,,1,interpolation_gap
phase438_serving_state_merge,hit_audit,K2.5-tp4ep8dp2-8k2k,decode,moe_gemm_or_aux,5,5,interpolation_gap,1,,,,miss,,,1,interpolation_gap
phase438_serving_state_merge,hit_audit,K2.5-tp4ep8dp2-8k2k,decode,moe_gemm_or_aux,6,6,interpolation_gap,1,,,,miss,,,1,interpolation_gap
phase438_serving_state_merge,hit_audit,K2.5-tp4ep8dp2-8k2k,decode,moe_gemm_or_aux,7,7,interpolation_gap,1,,,,miss,,,1,interpolation_gap
phase438_serving_state_merge,hit_audit,K2.5-tp4ep8dp2-8k2k,decode,moe_gemm_or_aux,8,8,hit,1,,,,hit,,,1,hit
phase438_serving_state_merge,hit_audit,K2.5-tp4ep8dp2-8k2k,decode,moe_gemm_or_aux,9,9,interpolation_gap,1,,,,miss,,,1,interpolation_gap
phase438_serving_state_merge,hit_audit,K2.5-tp4ep8dp2-8k2k,decode,moe_gemm_or_aux,10,10,interpolation_gap,1,,,,miss,,,1,interpolation_gap
phase438_serving_state_merge,hit_audit,K2.5-tp4ep8dp2-8k2k,decode,moe_gemm_or_aux,11,11,interpolation_gap,1,,,,miss,,,1,interpolation_gap
phase438_serving_state_merge,hit_audit,K2.5-tp4ep8dp2-8k2k,decode,moe_gemm_or_aux,12,12,interpolation_gap,1,,,,miss,,,1,interpolation_gap
phase438_serving_state_merge,hit_audit,K2.5-tp4ep8dp2-8k2k,decode,moe_gemm_or_aux,13,13,interpolation_gap,1,,,,miss,,,1,interpolation_gap
phase438_serving_state_merge,hit_audit,K2.5-tp4ep8dp2-8k2k,decode,moe_gemm_or_aux,14,14,interpolation_gap,1,,,,miss,,,1,interpolation_gap
phase438_serving_state_merge,hit_audit,K2.5-tp4ep8dp2-8k2k,decode,moe_gemm_or_aux,15,15,interpolation_gap,1,,,,miss,,,1,interpolation_gap
phase438_serving_state_merge,hit_audit,K2.5-tp4ep8dp2-8k2k,decode,moe_gemm_or_aux,16,16,hit,1,,,,hit,,,1,hit
phase438_serving_state_merge,hit_audit,K2.5-tp4ep8dp2-8k2k,decode,moe_gemm_or_aux,17,17,interpolation_gap,1,,,,miss,,,1,interpolation_gap
phase438_serving_state_merge,hit_audit,K2.5-tp4ep8dp2-8k2k,decode,moe_gemm_or_aux,18,18,interpolation_gap,1,,,,miss,,,1,interpolation_gap
phase438_serving_state_merge,hit_audit,K2.5-tp4ep8dp2-8k2k,decode,moe_gemm_or_aux,19,19,interpolation_gap,1,,,,miss,,,1,interpolation_gap
phase438_serving_state_merge,hit_audit,K2.5-tp4ep8dp2-8k2k,decode,moe_gemm_or_aux,20,20,interpolation_gap,1,,,,miss,,,1,interpolation_gap
phase438_serving_state_merge,hit_audit,K2.5-tp4ep8dp2-8k2k,decode,moe_gemm_or_aux,21,21,interpolation_gap,1,,,,miss,,,1,interpolation_gap
phase438_serving_state_merge,hit_audit,K2.5-tp4ep8dp2-8k2k,decode,moe_gemm_or_aux,22,22,interpolation_gap,1,,,,miss,,,1,interpolation_gap
phase438_serving_state_merge,hit_audit,K2.5-tp4ep8dp2-8k2k,decode,moe_gemm_or_aux,23,23,interpolation_gap,1,,,,miss,,,1,interpolation_gap
phase438_serving_state_merge,hit_audit,K2.5-tp4ep8dp2-8k2k,decode,moe_gemm_or_aux,24,24,interpolation_gap,1,,,,miss,,,1,interpolation_gap
phase438_serving_state_merge,hit_audit,K2.5-tp4ep8dp2-8k2k,decode,moe_gemm_or_aux,25,25,interpolation_gap,1,,,,miss,,,1,interpolation_gap
phase438_serving_state_merge,hit_audit,K2.5-tp4ep8dp2-8k2k,decode,moe_gemm_or_aux,26,26,interpolation_gap,1,,,,miss,,,1,interpolation_gap
phase438_serving_state_merge,hit_audit,K2.5-tp4ep8dp2-8k2k,decode,moe_gemm_or_aux,27,27,interpolation_gap,1,,,,miss,,,1,interpolation_gap
phase438_serving_state_merge,hit_audit,K2.5-tp4ep8dp2-8k2k,decode,moe_gemm_or_aux,28,28,interpolation_gap,1,,,,miss,,,1,interpolation_gap
phase438_serving_state_merge,hit_audit,K2.5-tp4ep8dp2-8k2k,decode,moe_gemm_or_aux,29,29,interpolation_gap,1,,,,miss,,,1,interpolation_gap
phase438_serving_state_merge,hit_audit,K2.5-tp4ep8dp2-8k2k,decode,moe_gemm_or_aux,30,30,interpolation_gap,1,,,,miss,,,1,interpolation_gap
phase438_serving_state_merge,hit_audit,K2.5-tp4ep8dp2-8k2k,decode,moe_gemm_or_aux,31,31,interpolation_gap,1,,,,miss,,,1,interpolation_gap
phase438_serving_state_merge,hit_audit,K2.5-tp4ep8dp2-8k2k,decode,moe_gemm_or_aux,32,32,interpolation_gap,1,,,,miss,,,1,interpolation_gap
phase438_serving_state_merge,hit_audit,K2.5-tp4ep8dp2-8k2k,decode,moe_gemm_or_aux,33,33,interpolation_gap,1,,,,miss,,,1,interpolation_gap
phase438_serving_state_merge,hit_audit,K2.5-tp4ep8dp2-8k2k,decode,moe_gemm_or_aux,34,34,interpolation_gap,1,,,,miss,,,1,interpolation_gap
phase438_serving_state_merge,hit_audit,K2.5-tp4ep8dp2-8k2k,decode,moe_gemm_or_aux,35,35,interpolation_gap,1,,,,miss,,,1,interpolation_gap
phase438_serving_state_merge,hit_audit,K2.5-tp4ep8dp2-8k2k,decode,moe_gemm_or_aux,36,36,hit,1,,,,hit,,,1,hit
phase438_serving_state_merge,hit_audit,K2.5-tp4ep8dp2-8k2k,decode,moe_gemm_or_aux,37,37,interpolation_gap,1,,,,miss,,,1,interpolation_gap
phase438_serving_state_merge,hit_audit,K2.5-tp4ep8dp2-8k2k,decode,moe_gemm_or_aux,38,38,interpolation_gap,1,,,,miss,,,1,interpolation_gap
phase438_serving_state_merge,hit_audit,K2.5-tp4ep8dp2-8k2k,decode,moe_gemm_or_aux,39,39,interpolation_gap,1,,,,miss,,,1,interpolation_gap
phase438_serving_state_merge,hit_audit,K2.5-tp4ep8dp2-8k2k,decode,moe_gemm_or_aux,40,40,interpolation_gap,1,,,,miss,,,1,interpolation_gap
phase438_serving_state_merge,hit_audit,K2.5-tp4ep8dp2-8k2k,decode,moe_gemm_or_aux,41,41,interpolation_gap,1,,,,miss,,,1,interpolation_gap
phase438_serving_state_merge,hit_audit,K2.5-tp4ep8dp2-8k2k,decode,moe_gemm_or_aux,42,42,interpolation_gap,1,,,,miss,,,1,interpolation_gap
phase438_serving_state_merge,hit_audit,K2.5-tp4ep8dp2-8k2k,decode,moe_gemm_or_aux,43,43,interpolation_gap,1,,,,miss,,,1,interpolation_gap
phase438_serving_state_merge,hit_audit,K2.5-tp4ep8dp2-8k2k,decode,moe_gemm_or_aux,44,44,interpolation_gap,1,,,,miss,,,1,interpolation_gap
phase438_serving_state_merge,hit_audit,K2.5-tp4ep8dp2-8k2k,decode,moe_gemm_or_aux,45,45,interpolation_gap,1,,,,miss,,,1,interpolation_gap
phase438_serving_state_merge,hit_audit,K2.5-tp4ep8dp2-8k2k,decode,moe_gemm_or_aux,46,46,interpolation_gap,1,,,,miss,,,1,interpolation_gap
phase438_serving_state_merge,hit_audit,K2.5-tp4ep8dp2-8k2k,decode,moe_gemm_or_aux,47,47,interpolation_gap,1,,,,miss,,,1,interpolation_gap
phase438_serving_state_merge,hit_audit,K2.5-tp4ep8dp2-8k2k,decode,moe_gemm_or_aux,48,48,interpolation_gap,1,,,,miss,,,1,interpolation_gap
phase438_serving_state_merge,hit_audit,K2.5-tp4ep8dp2-8k2k,decode,moe_gemm_or_aux,49,49,interpolation_gap,1,,,,miss,,,1,interpolation_gap
phase438_serving_state_merge,hit_audit,K2.5-tp4ep8dp2-8k2k,decode,moe_gemm_or_aux,50,50,interpolation_gap,1,,,,miss,,,1,interpolation_gap
phase438_serving_state_merge,hit_audit,K2.5-tp4ep8dp2-8k2k,decode,moe_gemm_or_aux,51,51,interpolation_gap,1,,,,miss,,,1,interpolation_gap
phase438_serving_state_merge,hit_audit,K2.5-tp4ep8dp2-8k2k,decode,moe_gemm_or_aux,52,52,hit,1,,,,hit,,,1,hit
phase438_serving_state_merge,hit_audit,K2.5-tp4ep8dp2-8k2k,decode,moe_gemm_or_aux,53,53,interpolation_gap,1,,,,miss,,,1,interpolation_gap
phase438_serving_state_merge,hit_audit,K2.5-tp4ep8dp2-8k2k,decode,moe_gemm_or_aux,54,54,interpolation_gap,1,,,,miss,,,1,interpolation_gap
phase438_serving_state_merge,hit_audit,K2.5-tp4ep8dp2-8k2k,decode,moe_gemm_or_aux,55,55,interpolation_gap,1,,,,miss,,,1,interpolation_gap
phase438_serving_state_merge,hit_audit,K2.5-tp4ep8dp2-8k2k,decode,moe_gemm_or_aux,56,56,interpolation_gap,1,,,,miss,,,1,interpolation_gap
phase438_serving_state_merge,hit_audit,K2.5-tp4ep8dp2-8k2k,decode,moe_gemm_or_aux,57,57,interpolation_gap,1,,,,miss,,,1,interpolation_gap
phase438_serving_state_merge,hit_audit,K2.5-tp4ep8dp2-8k2k,decode,moe_gemm_or_aux,58,58,interpolation_gap,1,,,,miss,,,1,interpolation_gap
phase438_serving_state_merge,hit_audit,K2.5-tp4ep8dp2-8k2k,decode,moe_gemm_or_aux,59,59,interpolation_gap,1,,,,miss,,,1,interpolation_gap
phase438_serving_state_merge,hit_audit,K2.5-tp4ep8dp2-8k2k,decode,moe_gemm_or_aux,60,60,hit,1,,,,hit,,,1,hit
phase438_serving_state_merge,hit_audit,K2.5-tp4ep8dp2-8k2k,decode,moe_gemm_or_aux,61,61,interpolation_gap,1,,,,miss,,,1,interpolation_gap
phase438_serving_state_merge,hit_audit,K2.5-tp4ep8dp2-8k2k,decode,moe_gemm_or_aux,62,62,interpolation_gap,1,,,,miss,,,1,interpolation_gap
phase438_serving_state_merge,hit_audit,K2.5-tp4ep8dp2-8k2k,decode,moe_gemm_or_aux,63,63,interpolation_gap,2,,,,miss,,,2,interpolation_gap
phase438_serving_state_merge,hit_audit,K2.5-tp4ep8dp2-8k2k,decode,moe_gemm_or_aux,64,64,hit,3,,,,hit,,,3,hit
phase438_serving_state_merge,hit_audit,K2.5-tp4ep8dp2-8k2k,decode,other_cuda,1,1,bucket_below_range,1,,,,miss,,,1,bucket_below_range
phase438_serving_state_merge,hit_audit,K2.5-tp4ep8dp2-8k2k,decode,other_cuda,2,2,hit,1,,,,hit,,,1,hit
phase438_serving_state_merge,hit_audit,K2.5-tp4ep8dp2-8k2k,decode,other_cuda,3,3,interpolation_gap,1,,,,miss,,,1,interpolation_gap
phase438_serving_state_merge,hit_audit,K2.5-tp4ep8dp2-8k2k,decode,other_cuda,4,4,interpolation_gap,1,,,,miss,,,1,interpolation_gap
phase438_serving_state_merge,hit_audit,K2.5-tp4ep8dp2-8k2k,decode,other_cuda,5,5,interpolation_gap,1,,,,miss,,,1,interpolation_gap
phase438_serving_state_merge,hit_audit,K2.5-tp4ep8dp2-8k2k,decode,other_cuda,6,6,interpolation_gap,1,,,,miss,,,1,interpolation_gap
phase438_serving_state_merge,hit_audit,K2.5-tp4ep8dp2-8k2k,decode,other_cuda,7,7,interpolation_gap,1,,,,miss,,,1,interpolation_gap
phase438_serving_state_merge,hit_audit,K2.5-tp4ep8dp2-8k2k,decode,other_cuda,8,8,hit,1,,,,hit,,,1,hit
phase438_serving_state_merge,hit_audit,K2.5-tp4ep8dp2-8k2k,decode,other_cuda,9,9,interpolation_gap,1,,,,miss,,,1,interpolation_gap
phase438_serving_state_merge,hit_audit,K2.5-tp4ep8dp2-8k2k,decode,other_cuda,10,10,interpolation_gap,1,,,,miss,,,1,interpolation_gap
phase438_serving_state_merge,hit_audit,K2.5-tp4ep8dp2-8k2k,decode,other_cuda,11,11,interpolation_gap,1,,,,miss,,,1,interpolation_gap
phase438_serving_state_merge,hit_audit,K2.5-tp4ep8dp2-8k2k,decode,other_cuda,12,12,interpolation_gap,1,,,,miss,,,1,interpolation_gap
phase438_serving_state_merge,hit_audit,K2.5-tp4ep8dp2-8k2k,decode,other_cuda,13,13,interpolation_gap,1,,,,miss,,,1,interpolation_gap
phase438_serving_state_merge,hit_audit,K2.5-tp4ep8dp2-8k2k,decode,other_cuda,14,14,interpolation_gap,1,,,,miss,,,1,interpolation_gap
phase438_serving_state_merge,hit_audit,K2.5-tp4ep8dp2-8k2k,decode,other_cuda,15,15,interpolation_gap,1,,,,miss,,,1,interpolation_gap
phase438_serving_state_merge,hit_audit,K2.5-tp4ep8dp2-8k2k,decode,other_cuda,16,16,hit,1,,,,hit,,,1,hit
phase438_serving_state_merge,hit_audit,K2.5-tp4ep8dp2-8k2k,decode,other_cuda,17,17,interpolation_gap,1,,,,miss,,,1,interpolation_gap
phase438_serving_state_merge,hit_audit,K2.5-tp4ep8dp2-8k2k,decode,other_cuda,18,18,interpolation_gap,1,,,,miss,,,1,interpolation_gap
phase438_serving_state_merge,hit_audit,K2.5-tp4ep8dp2-8k2k,decode,other_cuda,19,19,interpolation_gap,1,,,,miss,,,1,interpolation_gap
phase438_serving_state_merge,hit_audit,K2.5-tp4ep8dp2-8k2k,decode,other_cuda,20,20,interpolation_gap,1,,,,miss,,,1,interpolation_gap
phase438_serving_state_merge,hit_audit,K2.5-tp4ep8dp2-8k2k,decode,other_cuda,21,21,interpolation_gap,1,,,,miss,,,1,interpolation_gap
phase438_serving_state_merge,hit_audit,K2.5-tp4ep8dp2-8k2k,decode,other_cuda,22,22,interpolation_gap,1,,,,miss,,,1,interpolation_gap
phase438_serving_state_merge,hit_audit,K2.5-tp4ep8dp2-8k2k,decode,other_cuda,23,23,interpolation_gap,1,,,,miss,,,1,interpolation_gap
phase438_serving_state_merge,hit_audit,K2.5-tp4ep8dp2-8k2k,decode,other_cuda,24,24,interpolation_gap,1,,,,miss,,,1,interpolation_gap
phase438_serving_state_merge,hit_audit,K2.5-tp4ep8dp2-8k2k,decode,other_cuda,25,25,interpolation_gap,1,,,,miss,,,1,interpolation_gap
phase438_serving_state_merge,hit_audit,K2.5-tp4ep8dp2-8k2k,decode,other_cuda,26,26,interpolation_gap,1,,,,miss,,,1,interpolation_gap
phase438_serving_state_merge,hit_audit,K2.5-tp4ep8dp2-8k2k,decode,other_cuda,27,27,interpolation_gap,1,,,,miss,,,1,interpolation_gap
phase438_serving_state_merge,hit_audit,K2.5-tp4ep8dp2-8k2k,decode,other_cuda,28,28,interpolation_gap,1,,,,miss,,,1,interpolation_gap
phase438_serving_state_merge,hit_audit,K2.5-tp4ep8dp2-8k2k,decode,other_cuda,29,29,interpolation_gap,1,,,,miss,,,1,interpolation_gap
phase438_serving_state_merge,hit_audit,K2.5-tp4ep8dp2-8k2k,decode,other_cuda,30,30,interpolation_gap,1,,,,miss,,,1,interpolation_gap
phase438_serving_state_merge,hit_audit,K2.5-tp4ep8dp2-8k2k,decode,other_cuda,31,31,interpolation_gap,1,,,,miss,,,1,interpolation_gap
phase438_serving_state_merge,hit_audit,K2.5-tp4ep8dp2-8k2k,decode,other_cuda,32,32,interpolation_gap,1,,,,miss,,,1,interpolation_gap
phase438_serving_state_merge,hit_audit,K2.5-tp4ep8dp2-8k2k,decode,other_cuda,33,33,interpolation_gap,1,,,,miss,,,1,interpolation_gap
phase438_serving_state_merge,hit_audit,K2.5-tp4ep8dp2-8k2k,decode,other_cuda,34,34,interpolation_gap,1,,,,miss,,,1,interpolation_gap
phase438_serving_state_merge,hit_audit,K2.5-tp4ep8dp2-8k2k,decode,other_cuda,35,35,interpolation_gap,1,,,,miss,,,1,interpolation_gap
phase438_serving_state_merge,hit_audit,K2.5-tp4ep8dp2-8k2k,decode,other_cuda,36,36,hit,1,,,,hit,,,1,hit
phase438_serving_state_merge,hit_audit,K2.5-tp4ep8dp2-8k2k,decode,other_cuda,37,37,interpolation_gap,1,,,,miss,,,1,interpolation_gap
phase438_serving_state_merge,hit_audit,K2.5-tp4ep8dp2-8k2k,decode,other_cuda,38,38,interpolation_gap,1,,,,miss,,,1,interpolation_gap
phase438_serving_state_merge,hit_audit,K2.5-tp4ep8dp2-8k2k,decode,other_cuda,39,39,interpolation_gap,1,,,,miss,,,1,interpolation_gap
phase438_serving_state_merge,hit_audit,K2.5-tp4ep8dp2-8k2k,decode,other_cuda,40,40,interpolation_gap,1,,,,miss,,,1,interpolation_gap
phase438_serving_state_merge,hit_audit,K2.5-tp4ep8dp2-8k2k,decode,other_cuda,41,41,interpolation_gap,1,,,,miss,,,1,interpolation_gap
phase438_serving_state_merge,hit_audit,K2.5-tp4ep8dp2-8k2k,decode,other_cuda,42,42,interpolation_gap,1,,,,miss,,,1,interpolation_gap
phase438_serving_state_merge,hit_audit,K2.5-tp4ep8dp2-8k2k,decode,other_cuda,43,43,interpolation_gap,1,,,,miss,,,1,interpolation_gap
phase438_serving_state_merge,hit_audit,K2.5-tp4ep8dp2-8k2k,decode,other_cuda,44,44,interpolation_gap,1,,,,miss,,,1,interpolation_gap
phase438_serving_state_merge,hit_audit,K2.5-tp4ep8dp2-8k2k,decode,other_cuda,45,45,interpolation_gap,1,,,,miss,,,1,interpolation_gap
phase438_serving_state_merge,hit_audit,K2.5-tp4ep8dp2-8k2k,decode,other_cuda,46,46,interpolation_gap,1,,,,miss,,,1,interpolation_gap
phase438_serving_state_merge,hit_audit,K2.5-tp4ep8dp2-8k2k,decode,other_cuda,47,47,interpolation_gap,1,,,,miss,,,1,interpolation_gap
phase438_serving_state_merge,hit_audit,K2.5-tp4ep8dp2-8k2k,decode,other_cuda,48,48,interpolation_gap,1,,,,miss,,,1,interpolation_gap
phase438_serving_state_merge,hit_audit,K2.5-tp4ep8dp2-8k2k,decode,other_cuda,49,49,interpolation_gap,1,,,,miss,,,1,interpolation_gap
phase438_serving_state_merge,hit_audit,K2.5-tp4ep8dp2-8k2k,decode,other_cuda,50,50,interpolation_gap,1,,,,miss,,,1,interpolation_gap
phase438_serving_state_merge,hit_audit,K2.5-tp4ep8dp2-8k2k,decode,other_cuda,51,51,interpolation_gap,1,,,,miss,,,1,interpolation_gap
phase438_serving_state_merge,hit_audit,K2.5-tp4ep8dp2-8k2k,decode,other_cuda,52,52,hit,1,,,,hit,,,1,hit
phase438_serving_state_merge,hit_audit,K2.5-tp4ep8dp2-8k2k,decode,other_cuda,53,53,interpolation_gap,1,,,,miss,,,1,interpolation_gap
phase438_serving_state_merge,hit_audit,K2.5-tp4ep8dp2-8k2k,decode,other_cuda,54,54,interpolation_gap,1,,,,miss,,,1,interpolation_gap
phase438_serving_state_merge,hit_audit,K2.5-tp4ep8dp2-8k2k,decode,other_cuda,55,55,interpolation_gap,1,,,,miss,,,1,interpolation_gap
phase438_serving_state_merge,hit_audit,K2.5-tp4ep8dp2-8k2k,decode,other_cuda,56,56,interpolation_gap,1,,,,miss,,,1,interpolation_gap
phase438_serving_state_merge,hit_audit,K2.5-tp4ep8dp2-8k2k,decode,other_cuda,57,57,interpolation_gap,1,,,,miss,,,1,interpolation_gap
phase438_serving_state_merge,hit_audit,K2.5-tp4ep8dp2-8k2k,decode,other_cuda,58,58,interpolation_gap,1,,,,miss,,,1,interpolation_gap
phase438_serving_state_merge,hit_audit,K2.5-tp4ep8dp2-8k2k,decode,other_cuda,59,59,interpolation_gap,1,,,,miss,,,1,interpolation_gap
phase438_serving_state_merge,hit_audit,K2.5-tp4ep8dp2-8k2k,decode,other_cuda,60,60,hit,1,,,,hit,,,1,hit
phase438_serving_state_merge,hit_audit,K2.5-tp4ep8dp2-8k2k,decode,other_cuda,61,61,interpolation_gap,1,,,,miss,,,1,interpolation_gap
phase438_serving_state_merge,hit_audit,K2.5-tp4ep8dp2-8k2k,decode,other_cuda,62,62,interpolation_gap,1,,,,miss,,,1,interpolation_gap
phase438_serving_state_merge,hit_audit,K2.5-tp4ep8dp2-8k2k,decode,other_cuda,63,63,interpolation_gap,2,,,,miss,,,2,interpolation_gap
phase438_serving_state_merge,hit_audit,K2.5-tp4ep8dp2-8k2k,decode,other_cuda,64,64,hit,3,,,,hit,,,3,hit
phase438_serving_state_merge,hit_audit,K2.5-tp4ep8dp2-8k2k,mixed_prefill,collective_other,126,63,bucket_below_range,1,,,,miss,,,1,bucket_below_range
phase438_serving_state_merge,hit_audit,K2.5-tp4ep8dp2-8k2k,mixed_prefill,collective_other,2017,63,bucket_below_range,1,,,,miss,,,1,bucket_below_range
phase438_serving_state_merge,hit_audit,K2.5-tp4ep8dp2-8k2k,mixed_prefill,collective_other,3970,63,bucket_below_range,1,,,,miss,,,1,bucket_below_range
phase438_serving_state_merge,hit_audit,K2.5-tp4ep8dp2-8k2k,mixed_prefill,collective_other,8000,1,hit,2,,,,hit,,,2,hit
phase438_serving_state_merge,hit_audit,K2.5-tp4ep8dp2-8k2k,mixed_prefill,collective_other,8000,2,decode_batch_above_range,1,,,,miss,,,1,decode_batch_above_range
phase438_serving_state_merge,hit_audit,K2.5-tp4ep8dp2-8k2k,mixed_prefill,collective_other,8000,3,decode_batch_above_range,1,,,,miss,,,1,decode_batch_above_range
phase438_serving_state_merge,hit_audit,K2.5-tp4ep8dp2-8k2k,mixed_prefill,collective_other,8000,4,decode_batch_above_range,1,,,,miss,,,1,decode_batch_above_range
phase438_serving_state_merge,hit_audit,K2.5-tp4ep8dp2-8k2k,mixed_prefill,collective_other,8000,5,decode_batch_above_range,1,,,,miss,,,1,decode_batch_above_range
phase438_serving_state_merge,hit_audit,K2.5-tp4ep8dp2-8k2k,mixed_prefill,collective_other,8000,6,decode_batch_above_range,1,,,,miss,,,1,decode_batch_above_range
phase438_serving_state_merge,hit_audit,K2.5-tp4ep8dp2-8k2k,mixed_prefill,collective_other,8000,7,decode_batch_above_range,1,,,,miss,,,1,decode_batch_above_range
phase438_serving_state_merge,hit_audit,K2.5-tp4ep8dp2-8k2k,mixed_prefill,collective_other,8000,8,decode_batch_above_range,1,,,,miss,,,1,decode_batch_above_range
phase438_serving_state_merge,hit_audit,K2.5-tp4ep8dp2-8k2k,mixed_prefill,collective_other,8000,9,decode_batch_above_range,1,,,,miss,,,1,decode_batch_above_range
phase438_serving_state_merge,hit_audit,K2.5-tp4ep8dp2-8k2k,mixed_prefill,collective_other,8000,10,decode_batch_above_range,1,,,,miss,,,1,decode_batch_above_range
phase438_serving_state_merge,hit_audit,K2.5-tp4ep8dp2-8k2k,mixed_prefill,collective_other,8000,11,decode_batch_above_range,1,,,,miss,,,1,decode_batch_above_range
phase438_serving_state_merge,hit_audit,K2.5-tp4ep8dp2-8k2k,mixed_prefill,collective_other,8000,12,decode_batch_above_range,1,,,,miss,,,1,decode_batch_above_range
phase438_serving_state_merge,hit_audit,K2.5-tp4ep8dp2-8k2k,mixed_prefill,collective_other,8000,13,decode_batch_above_range,1,,,,miss,,,1,decode_batch_above_range
phase438_serving_state_merge,hit_audit,K2.5-tp4ep8dp2-8k2k,mixed_prefill,collective_other,8000,14,decode_batch_above_range,1,,,,miss,,,1,decode_batch_above_range
phase438_serving_state_merge,hit_audit,K2.5-tp4ep8dp2-8k2k,mixed_prefill,collective_other,8000,15,decode_batch_above_range,1,,,,miss,,,1,decode_batch_above_range
phase438_serving_state_merge,hit_audit,K2.5-tp4ep8dp2-8k2k,mixed_prefill,collective_other,8000,16,decode_batch_above_range,1,,,,miss,,,1,decode_batch_above_range
phase438_serving_state_merge,hit_audit,K2.5-tp4ep8dp2-8k2k,mixed_prefill,collective_other,8000,17,decode_batch_above_range,1,,,,miss,,,1,decode_batch_above_range
phase438_serving_state_merge,hit_audit,K2.5-tp4ep8dp2-8k2k,mixed_prefill,collective_other,8000,18,decode_batch_above_range,1,,,,miss,,,1,decode_batch_above_range
phase438_serving_state_merge,hit_audit,K2.5-tp4ep8dp2-8k2k,mixed_prefill,collective_other,8000,19,decode_batch_above_range,1,,,,miss,,,1,decode_batch_above_range
phase438_serving_state_merge,hit_audit,K2.5-tp4ep8dp2-8k2k,mixed_prefill,collective_other,8000,20,decode_batch_above_range,1,,,,miss,,,1,decode_batch_above_range
phase438_serving_state_merge,hit_audit,K2.5-tp4ep8dp2-8k2k,mixed_prefill,collective_other,8000,21,decode_batch_above_range,1,,,,miss,,,1,decode_batch_above_range
phase438_serving_state_merge,hit_audit,K2.5-tp4ep8dp2-8k2k,mixed_prefill,collective_other,8000,22,decode_batch_above_range,1,,,,miss,,,1,decode_batch_above_range
phase438_serving_state_merge,hit_audit,K2.5-tp4ep8dp2-8k2k,mixed_prefill,collective_other,8000,23,decode_batch_above_range,1,,,,miss,,,1,decode_batch_above_range
phase438_serving_state_merge,hit_audit,K2.5-tp4ep8dp2-8k2k,mixed_prefill,collective_other,8000,24,decode_batch_above_range,1,,,,miss,,,1,decode_batch_above_range
phase438_serving_state_merge,hit_audit,K2.5-tp4ep8dp2-8k2k,mixed_prefill,collective_other,8000,25,decode_batch_above_range,1,,,,miss,,,1,decode_batch_above_range
phase438_serving_state_merge,hit_audit,K2.5-tp4ep8dp2-8k2k,mixed_prefill,collective_other,8000,26,decode_batch_above_range,1,,,,miss,,,1,decode_batch_above_range
phase438_serving_state_merge,hit_audit,K2.5-tp4ep8dp2-8k2k,mixed_prefill,collective_other,8000,27,decode_batch_above_range,1,,,,miss,,,1,decode_batch_above_range
phase438_serving_state_merge,hit_audit,K2.5-tp4ep8dp2-8k2k,mixed_prefill,collective_other,8000,28,decode_batch_above_range,1,,,,miss,,,1,decode_batch_above_range
phase438_serving_state_merge,hit_audit,K2.5-tp4ep8dp2-8k2k,mixed_prefill,collective_other,8000,29,decode_batch_above_range,1,,,,miss,,,1,decode_batch_above_range
phase438_serving_state_merge,hit_audit,K2.5-tp4ep8dp2-8k2k,mixed_prefill,collective_other,8000,30,decode_batch_above_range,1,,,,miss,,,1,decode_batch_above_range
phase438_serving_state_merge,hit_audit,K2.5-tp4ep8dp2-8k2k,mixed_prefill,collective_other,8000,31,decode_batch_above_range,1,,,,miss,,,1,decode_batch_above_range
phase438_serving_state_merge,hit_audit,K2.5-tp4ep8dp2-8k2k,mixed_prefill,collective_other,8000,32,decode_batch_above_range,1,,,,miss,,,1,decode_batch_above_range
phase438_serving_state_merge,hit_audit,K2.5-tp4ep8dp2-8k2k,mixed_prefill,collective_other,8000,33,decode_batch_above_range,1,,,,miss,,,1,decode_batch_above_range
phase438_serving_state_merge,hit_audit,K2.5-tp4ep8dp2-8k2k,mixed_prefill,collective_other,8000,34,decode_batch_above_range,1,,,,miss,,,1,decode_batch_above_range
phase438_serving_state_merge,hit_audit,K2.5-tp4ep8dp2-8k2k,mixed_prefill,collective_other,8000,35,decode_batch_above_range,1,,,,miss,,,1,decode_batch_above_range
phase438_serving_state_merge,hit_audit,K2.5-tp4ep8dp2-8k2k,mixed_prefill,collective_other,8000,36,decode_batch_above_range,1,,,,miss,,,1,decode_batch_above_range
phase438_serving_state_merge,hit_audit,K2.5-tp4ep8dp2-8k2k,mixed_prefill,collective_other,8000,37,decode_batch_above_range,1,,,,miss,,,1,decode_batch_above_range
phase438_serving_state_merge,hit_audit,K2.5-tp4ep8dp2-8k2k,mixed_prefill,collective_other,8000,38,decode_batch_above_range,1,,,,miss,,,1,decode_batch_above_range
phase438_serving_state_merge,hit_audit,K2.5-tp4ep8dp2-8k2k,mixed_prefill,collective_other,8000,39,decode_batch_above_range,1,,,,miss,,,1,decode_batch_above_range
phase438_serving_state_merge,hit_audit,K2.5-tp4ep8dp2-8k2k,mixed_prefill,collective_other,8000,40,decode_batch_above_range,1,,,,miss,,,1,decode_batch_above_range
phase438_serving_state_merge,hit_audit,K2.5-tp4ep8dp2-8k2k,mixed_prefill,collective_other,8000,41,decode_batch_above_range,1,,,,miss,,,1,decode_batch_above_range
phase438_serving_state_merge,hit_audit,K2.5-tp4ep8dp2-8k2k,mixed_prefill,collective_other,8000,42,decode_batch_above_range,1,,,,miss,,,1,decode_batch_above_range
phase438_serving_state_merge,hit_audit,K2.5-tp4ep8dp2-8k2k,mixed_prefill,collective_other,8000,43,decode_batch_above_range,1,,,,miss,,,1,decode_batch_above_range
phase438_serving_state_merge,hit_audit,K2.5-tp4ep8dp2-8k2k,mixed_prefill,collective_other,8000,44,decode_batch_above_range,1,,,,miss,,,1,decode_batch_above_range
phase438_serving_state_merge,hit_audit,K2.5-tp4ep8dp2-8k2k,mixed_prefill,collective_other,8000,45,decode_batch_above_range,1,,,,miss,,,1,decode_batch_above_range
phase438_serving_state_merge,hit_audit,K2.5-tp4ep8dp2-8k2k,mixed_prefill,collective_other,8000,46,decode_batch_above_range,1,,,,miss,,,1,decode_batch_above_range
phase438_serving_state_merge,hit_audit,K2.5-tp4ep8dp2-8k2k,mixed_prefill,collective_other,8000,47,decode_batch_above_range,1,,,,miss,,,1,decode_batch_above_range
phase438_serving_state_merge,hit_audit,K2.5-tp4ep8dp2-8k2k,mixed_prefill,collective_other,8000,48,decode_batch_above_range,1,,,,miss,,,1,decode_batch_above_range
phase438_serving_state_merge,hit_audit,K2.5-tp4ep8dp2-8k2k,mixed_prefill,collective_other,8000,49,decode_batch_above_range,1,,,,miss,,,1,decode_batch_above_range
phase438_serving_state_merge,hit_audit,K2.5-tp4ep8dp2-8k2k,mixed_prefill,collective_other,8000,50,decode_batch_above_range,1,,,,miss,,,1,decode_batch_above_range
phase438_serving_state_merge,hit_audit,K2.5-tp4ep8dp2-8k2k,mixed_prefill,collective_other,8000,51,decode_batch_above_range,1,,,,miss,,,1,decode_batch_above_range
phase438_serving_state_merge,hit_audit,K2.5-tp4ep8dp2-8k2k,mixed_prefill,collective_other,8000,52,decode_batch_above_range,1,,,,miss,,,1,decode_batch_above_range
phase438_serving_state_merge,hit_audit,K2.5-tp4ep8dp2-8k2k,mixed_prefill,collective_other,8000,53,decode_batch_above_range,1,,,,miss,,,1,decode_batch_above_range
phase438_serving_state_merge,hit_audit,K2.5-tp4ep8dp2-8k2k,mixed_prefill,collective_other,8000,54,decode_batch_above_range,1,,,,miss,,,1,decode_batch_above_range
phase438_serving_state_merge,hit_audit,K2.5-tp4ep8dp2-8k2k,mixed_prefill,collective_other,8000,55,decode_batch_above_range,1,,,,miss,,,1,decode_batch_above_range
phase438_serving_state_merge,hit_audit,K2.5-tp4ep8dp2-8k2k,mixed_prefill,collective_other,8000,56,decode_batch_above_range,1,,,,miss,,,1,decode_batch_above_range
phase438_serving_state_merge,hit_audit,K2.5-tp4ep8dp2-8k2k,mixed_prefill,collective_other,8000,57,decode_batch_above_range,1,,,,miss,,,1,decode_batch_above_range
phase438_serving_state_merge,hit_audit,K2.5-tp4ep8dp2-8k2k,mixed_prefill,collective_other,8000,58,decode_batch_above_range,1,,,,miss,,,1,decode_batch_above_range
phase438_serving_state_merge,hit_audit,K2.5-tp4ep8dp2-8k2k,mixed_prefill,collective_other,8000,59,decode_batch_above_range,1,,,,miss,,,1,decode_batch_above_range
phase438_serving_state_merge,hit_audit,K2.5-tp4ep8dp2-8k2k,mixed_prefill,collective_other,8000,60,decode_batch_above_range,1,,,,miss,,,1,decode_batch_above_range
phase438_serving_state_merge,hit_audit,K2.5-tp4ep8dp2-8k2k,mixed_prefill,collective_other,8000,61,decode_batch_above_range,1,,,,miss,,,1,decode_batch_above_range
phase438_serving_state_merge,hit_audit,K2.5-tp4ep8dp2-8k2k,mixed_prefill,collective_other,8000,62,decode_batch_above_range,5,,,,miss,,,5,decode_batch_above_range
phase438_serving_state_merge,hit_audit,K2.5-tp4ep8dp2-8k2k,mixed_prefill,collective_other,8000,63,decode_batch_above_range,1,,,,miss,,,1,decode_batch_above_range
phase438_serving_state_merge,hit_audit,K2.5-tp4ep8dp2-8k2k,mixed_prefill,ep_a2a,126,63,bucket_below_range,1,,,,miss,,,1,bucket_below_range
phase438_serving_state_merge,hit_audit,K2.5-tp4ep8dp2-8k2k,mixed_prefill,ep_a2a,2017,63,bucket_below_range,1,,,,miss,,,1,bucket_below_range
phase438_serving_state_merge,hit_audit,K2.5-tp4ep8dp2-8k2k,mixed_prefill,ep_a2a,3970,63,bucket_below_range,1,,,,miss,,,1,bucket_below_range
phase438_serving_state_merge,hit_audit,K2.5-tp4ep8dp2-8k2k,mixed_prefill,ep_a2a,8000,1,hit,2,,,,hit,,,2,hit
phase438_serving_state_merge,hit_audit,K2.5-tp4ep8dp2-8k2k,mixed_prefill,ep_a2a,8000,2,hit,1,,,,hit,,,1,hit
phase438_serving_state_merge,hit_audit,K2.5-tp4ep8dp2-8k2k,mixed_prefill,ep_a2a,8000,3,hit,1,,,,hit,,,1,hit
phase438_serving_state_merge,hit_audit,K2.5-tp4ep8dp2-8k2k,mixed_prefill,ep_a2a,8000,4,hit,1,,,,hit,,,1,hit
phase438_serving_state_merge,hit_audit,K2.5-tp4ep8dp2-8k2k,mixed_prefill,ep_a2a,8000,5,hit,1,,,,hit,,,1,hit
phase438_serving_state_merge,hit_audit,K2.5-tp4ep8dp2-8k2k,mixed_prefill,ep_a2a,8000,6,hit,1,,,,hit,,,1,hit
phase438_serving_state_merge,hit_audit,K2.5-tp4ep8dp2-8k2k,mixed_prefill,ep_a2a,8000,7,hit,1,,,,hit,,,1,hit
phase438_serving_state_merge,hit_audit,K2.5-tp4ep8dp2-8k2k,mixed_prefill,ep_a2a,8000,8,hit,1,,,,hit,,,1,hit
phase438_serving_state_merge,hit_audit,K2.5-tp4ep8dp2-8k2k,mixed_prefill,ep_a2a,8000,9,hit,1,,,,hit,,,1,hit
phase438_serving_state_merge,hit_audit,K2.5-tp4ep8dp2-8k2k,mixed_prefill,ep_a2a,8000,10,hit,1,,,,hit,,,1,hit
phase438_serving_state_merge,hit_audit,K2.5-tp4ep8dp2-8k2k,mixed_prefill,ep_a2a,8000,11,hit,1,,,,hit,,,1,hit
phase438_serving_state_merge,hit_audit,K2.5-tp4ep8dp2-8k2k,mixed_prefill,ep_a2a,8000,12,hit,1,,,,hit,,,1,hit
phase438_serving_state_merge,hit_audit,K2.5-tp4ep8dp2-8k2k,mixed_prefill,ep_a2a,8000,13,hit,1,,,,hit,,,1,hit
phase438_serving_state_merge,hit_audit,K2.5-tp4ep8dp2-8k2k,mixed_prefill,ep_a2a,8000,14,hit,1,,,,hit,,,1,hit
phase438_serving_state_merge,hit_audit,K2.5-tp4ep8dp2-8k2k,mixed_prefill,ep_a2a,8000,15,hit,1,,,,hit,,,1,hit
phase438_serving_state_merge,hit_audit,K2.5-tp4ep8dp2-8k2k,mixed_prefill,ep_a2a,8000,16,hit,1,,,,hit,,,1,hit
phase438_serving_state_merge,hit_audit,K2.5-tp4ep8dp2-8k2k,mixed_prefill,ep_a2a,8000,17,hit,1,,,,hit,,,1,hit
phase438_serving_state_merge,hit_audit,K2.5-tp4ep8dp2-8k2k,mixed_prefill,ep_a2a,8000,18,hit,1,,,,hit,,,1,hit
phase438_serving_state_merge,hit_audit,K2.5-tp4ep8dp2-8k2k,mixed_prefill,ep_a2a,8000,19,hit,1,,,,hit,,,1,hit
phase438_serving_state_merge,hit_audit,K2.5-tp4ep8dp2-8k2k,mixed_prefill,ep_a2a,8000,20,hit,1,,,,hit,,,1,hit
phase438_serving_state_merge,hit_audit,K2.5-tp4ep8dp2-8k2k,mixed_prefill,ep_a2a,8000,21,hit,1,,,,hit,,,1,hit
phase438_serving_state_merge,hit_audit,K2.5-tp4ep8dp2-8k2k,mixed_prefill,ep_a2a,8000,22,hit,1,,,,hit,,,1,hit
phase438_serving_state_merge,hit_audit,K2.5-tp4ep8dp2-8k2k,mixed_prefill,ep_a2a,8000,23,hit,1,,,,hit,,,1,hit
phase438_serving_state_merge,hit_audit,K2.5-tp4ep8dp2-8k2k,mixed_prefill,ep_a2a,8000,24,hit,1,,,,hit,,,1,hit
phase438_serving_state_merge,hit_audit,K2.5-tp4ep8dp2-8k2k,mixed_prefill,ep_a2a,8000,25,hit,1,,,,hit,,,1,hit
phase438_serving_state_merge,hit_audit,K2.5-tp4ep8dp2-8k2k,mixed_prefill,ep_a2a,8000,26,hit,1,,,,hit,,,1,hit
phase438_serving_state_merge,hit_audit,K2.5-tp4ep8dp2-8k2k,mixed_prefill,ep_a2a,8000,27,hit,1,,,,hit,,,1,hit
phase438_serving_state_merge,hit_audit,K2.5-tp4ep8dp2-8k2k,mixed_prefill,ep_a2a,8000,28,hit,1,,,,hit,,,1,hit
phase438_serving_state_merge,hit_audit,K2.5-tp4ep8dp2-8k2k,mixed_prefill,ep_a2a,8000,29,hit,1,,,,hit,,,1,hit
phase438_serving_state_merge,hit_audit,K2.5-tp4ep8dp2-8k2k,mixed_prefill,ep_a2a,8000,30,hit,1,,,,hit,,,1,hit
phase438_serving_state_merge,hit_audit,K2.5-tp4ep8dp2-8k2k,mixed_prefill,ep_a2a,8000,31,hit,1,,,,hit,,,1,hit
phase438_serving_state_merge,hit_audit,K2.5-tp4ep8dp2-8k2k,mixed_prefill,ep_a2a,8000,32,hit,1,,,,hit,,,1,hit
phase438_serving_state_merge,hit_audit,K2.5-tp4ep8dp2-8k2k,mixed_prefill,ep_a2a,8000,33,hit,1,,,,hit,,,1,hit
phase438_serving_state_merge,hit_audit,K2.5-tp4ep8dp2-8k2k,mixed_prefill,ep_a2a,8000,34,hit,1,,,,hit,,,1,hit
phase438_serving_state_merge,hit_audit,K2.5-tp4ep8dp2-8k2k,mixed_prefill,ep_a2a,8000,35,decode_batch_above_range,1,,,,miss,,,1,decode_batch_above_range
phase438_serving_state_merge,hit_audit,K2.5-tp4ep8dp2-8k2k,mixed_prefill,ep_a2a,8000,36,decode_batch_above_range,1,,,,miss,,,1,decode_batch_above_range
phase438_serving_state_merge,hit_audit,K2.5-tp4ep8dp2-8k2k,mixed_prefill,ep_a2a,8000,37,decode_batch_above_range,1,,,,miss,,,1,decode_batch_above_range
phase438_serving_state_merge,hit_audit,K2.5-tp4ep8dp2-8k2k,mixed_prefill,ep_a2a,8000,38,decode_batch_above_range,1,,,,miss,,,1,decode_batch_above_range
phase438_serving_state_merge,hit_audit,K2.5-tp4ep8dp2-8k2k,mixed_prefill,ep_a2a,8000,39,decode_batch_above_range,1,,,,miss,,,1,decode_batch_above_range
phase438_serving_state_merge,hit_audit,K2.5-tp4ep8dp2-8k2k,mixed_prefill,ep_a2a,8000,40,decode_batch_above_range,1,,,,miss,,,1,decode_batch_above_range
phase438_serving_state_merge,hit_audit,K2.5-tp4ep8dp2-8k2k,mixed_prefill,ep_a2a,8000,41,decode_batch_above_range,1,,,,miss,,,1,decode_batch_above_range
phase438_serving_state_merge,hit_audit,K2.5-tp4ep8dp2-8k2k,mixed_prefill,ep_a2a,8000,42,decode_batch_above_range,1,,,,miss,,,1,decode_batch_above_range
phase438_serving_state_merge,hit_audit,K2.5-tp4ep8dp2-8k2k,mixed_prefill,ep_a2a,8000,43,decode_batch_above_range,1,,,,miss,,,1,decode_batch_above_range
phase438_serving_state_merge,hit_audit,K2.5-tp4ep8dp2-8k2k,mixed_prefill,ep_a2a,8000,44,decode_batch_above_range,1,,,,miss,,,1,decode_batch_above_range
phase438_serving_state_merge,hit_audit,K2.5-tp4ep8dp2-8k2k,mixed_prefill,ep_a2a,8000,45,decode_batch_above_range,1,,,,miss,,,1,decode_batch_above_range
phase438_serving_state_merge,hit_audit,K2.5-tp4ep8dp2-8k2k,mixed_prefill,ep_a2a,8000,46,decode_batch_above_range,1,,,,miss,,,1,decode_batch_above_range
phase438_serving_state_merge,hit_audit,K2.5-tp4ep8dp2-8k2k,mixed_prefill,ep_a2a,8000,47,decode_batch_above_range,1,,,,miss,,,1,decode_batch_above_range
phase438_serving_state_merge,hit_audit,K2.5-tp4ep8dp2-8k2k,mixed_prefill,ep_a2a,8000,48,decode_batch_above_range,1,,,,miss,,,1,decode_batch_above_range
phase438_serving_state_merge,hit_audit,K2.5-tp4ep8dp2-8k2k,mixed_prefill,ep_a2a,8000,49,decode_batch_above_range,1,,,,miss,,,1,decode_batch_above_range
phase438_serving_state_merge,hit_audit,K2.5-tp4ep8dp2-8k2k,mixed_prefill,ep_a2a,8000,50,decode_batch_above_range,1,,,,miss,,,1,decode_batch_above_range
phase438_serving_state_merge,hit_audit,K2.5-tp4ep8dp2-8k2k,mixed_prefill,ep_a2a,8000,51,decode_batch_above_range,1,,,,miss,,,1,decode_batch_above_range
phase438_serving_state_merge,hit_audit,K2.5-tp4ep8dp2-8k2k,mixed_prefill,ep_a2a,8000,52,decode_batch_above_range,1,,,,miss,,,1,decode_batch_above_range
phase438_serving_state_merge,hit_audit,K2.5-tp4ep8dp2-8k2k,mixed_prefill,ep_a2a,8000,53,decode_batch_above_range,1,,,,miss,,,1,decode_batch_above_range
phase438_serving_state_merge,hit_audit,K2.5-tp4ep8dp2-8k2k,mixed_prefill,ep_a2a,8000,54,decode_batch_above_range,1,,,,miss,,,1,decode_batch_above_range
phase438_serving_state_merge,hit_audit,K2.5-tp4ep8dp2-8k2k,mixed_prefill,ep_a2a,8000,55,decode_batch_above_range,1,,,,miss,,,1,decode_batch_above_range
phase438_serving_state_merge,hit_audit,K2.5-tp4ep8dp2-8k2k,mixed_prefill,ep_a2a,8000,56,decode_batch_above_range,1,,,,miss,,,1,decode_batch_above_range
phase438_serving_state_merge,hit_audit,K2.5-tp4ep8dp2-8k2k,mixed_prefill,ep_a2a,8000,57,decode_batch_above_range,1,,,,miss,,,1,decode_batch_above_range
phase438_serving_state_merge,hit_audit,K2.5-tp4ep8dp2-8k2k,mixed_prefill,ep_a2a,8000,58,decode_batch_above_range,1,,,,miss,,,1,decode_batch_above_range
phase438_serving_state_merge,hit_audit,K2.5-tp4ep8dp2-8k2k,mixed_prefill,ep_a2a,8000,59,decode_batch_above_range,1,,,,miss,,,1,decode_batch_above_range
phase438_serving_state_merge,hit_audit,K2.5-tp4ep8dp2-8k2k,mixed_prefill,ep_a2a,8000,60,decode_batch_above_range,1,,,,miss,,,1,decode_batch_above_range
phase438_serving_state_merge,hit_audit,K2.5-tp4ep8dp2-8k2k,mixed_prefill,ep_a2a,8000,61,decode_batch_above_range,1,,,,miss,,,1,decode_batch_above_range
phase438_serving_state_merge,hit_audit,K2.5-tp4ep8dp2-8k2k,mixed_prefill,ep_a2a,8000,62,decode_batch_above_range,5,,,,miss,,,5,decode_batch_above_range
phase438_serving_state_merge,hit_audit,K2.5-tp4ep8dp2-8k2k,mixed_prefill,ep_a2a,8000,63,decode_batch_above_range,1,,,,miss,,,1,decode_batch_above_range
phase438_serving_state_merge,hit_audit,K2.5-tp4ep8dp2-8k2k,mixed_prefill,moe_gemm_or_aux,126,63,bucket_below_range,1,,,,miss,,,1,bucket_below_range
phase438_serving_state_merge,hit_audit,K2.5-tp4ep8dp2-8k2k,mixed_prefill,moe_gemm_or_aux,2017,63,bucket_below_range,1,,,,miss,,,1,bucket_below_range
phase438_serving_state_merge,hit_audit,K2.5-tp4ep8dp2-8k2k,mixed_prefill,moe_gemm_or_aux,3970,63,bucket_below_range,1,,,,miss,,,1,bucket_below_range
phase438_serving_state_merge,hit_audit,K2.5-tp4ep8dp2-8k2k,mixed_prefill,moe_gemm_or_aux,8000,1,hit,2,,,,hit,,,2,hit
phase438_serving_state_merge,hit_audit,K2.5-tp4ep8dp2-8k2k,mixed_prefill,moe_gemm_or_aux,8000,2,hit,1,,,,hit,,,1,hit
phase438_serving_state_merge,hit_audit,K2.5-tp4ep8dp2-8k2k,mixed_prefill,moe_gemm_or_aux,8000,3,hit,1,,,,hit,,,1,hit
phase438_serving_state_merge,hit_audit,K2.5-tp4ep8dp2-8k2k,mixed_prefill,moe_gemm_or_aux,8000,4,hit,1,,,,hit,,,1,hit
phase438_serving_state_merge,hit_audit,K2.5-tp4ep8dp2-8k2k,mixed_prefill,moe_gemm_or_aux,8000,5,hit,1,,,,hit,,,1,hit
phase438_serving_state_merge,hit_audit,K2.5-tp4ep8dp2-8k2k,mixed_prefill,moe_gemm_or_aux,8000,6,hit,1,,,,hit,,,1,hit
phase438_serving_state_merge,hit_audit,K2.5-tp4ep8dp2-8k2k,mixed_prefill,moe_gemm_or_aux,8000,7,hit,1,,,,hit,,,1,hit
phase438_serving_state_merge,hit_audit,K2.5-tp4ep8dp2-8k2k,mixed_prefill,moe_gemm_or_aux,8000,8,hit,1,,,,hit,,,1,hit
phase438_serving_state_merge,hit_audit,K2.5-tp4ep8dp2-8k2k,mixed_prefill,moe_gemm_or_aux,8000,9,hit,1,,,,hit,,,1,hit
phase438_serving_state_merge,hit_audit,K2.5-tp4ep8dp2-8k2k,mixed_prefill,moe_gemm_or_aux,8000,10,hit,1,,,,hit,,,1,hit
phase438_serving_state_merge,hit_audit,K2.5-tp4ep8dp2-8k2k,mixed_prefill,moe_gemm_or_aux,8000,11,hit,1,,,,hit,,,1,hit
phase438_serving_state_merge,hit_audit,K2.5-tp4ep8dp2-8k2k,mixed_prefill,moe_gemm_or_aux,8000,12,hit,1,,,,hit,,,1,hit
phase438_serving_state_merge,hit_audit,K2.5-tp4ep8dp2-8k2k,mixed_prefill,moe_gemm_or_aux,8000,13,hit,1,,,,hit,,,1,hit
phase438_serving_state_merge,hit_audit,K2.5-tp4ep8dp2-8k2k,mixed_prefill,moe_gemm_or_aux,8000,14,hit,1,,,,hit,,,1,hit
phase438_serving_state_merge,hit_audit,K2.5-tp4ep8dp2-8k2k,mixed_prefill,moe_gemm_or_aux,8000,15,hit,1,,,,hit,,,1,hit
phase438_serving_state_merge,hit_audit,K2.5-tp4ep8dp2-8k2k,mixed_prefill,moe_gemm_or_aux,8000,16,hit,1,,,,hit,,,1,hit
phase438_serving_state_merge,hit_audit,K2.5-tp4ep8dp2-8k2k,mixed_prefill,moe_gemm_or_aux,8000,17,hit,1,,,,hit,,,1,hit
phase438_serving_state_merge,hit_audit,K2.5-tp4ep8dp2-8k2k,mixed_prefill,moe_gemm_or_aux,8000,18,hit,1,,,,hit,,,1,hit
phase438_serving_state_merge,hit_audit,K2.5-tp4ep8dp2-8k2k,mixed_prefill,moe_gemm_or_aux,8000,19,hit,1,,,,hit,,,1,hit
phase438_serving_state_merge,hit_audit,K2.5-tp4ep8dp2-8k2k,mixed_prefill,moe_gemm_or_aux,8000,20,hit,1,,,,hit,,,1,hit
phase438_serving_state_merge,hit_audit,K2.5-tp4ep8dp2-8k2k,mixed_prefill,moe_gemm_or_aux,8000,21,hit,1,,,,hit,,,1,hit
phase438_serving_state_merge,hit_audit,K2.5-tp4ep8dp2-8k2k,mixed_prefill,moe_gemm_or_aux,8000,22,hit,1,,,,hit,,,1,hit
phase438_serving_state_merge,hit_audit,K2.5-tp4ep8dp2-8k2k,mixed_prefill,moe_gemm_or_aux,8000,23,hit,1,,,,hit,,,1,hit
phase438_serving_state_merge,hit_audit,K2.5-tp4ep8dp2-8k2k,mixed_prefill,moe_gemm_or_aux,8000,24,hit,1,,,,hit,,,1,hit
phase438_serving_state_merge,hit_audit,K2.5-tp4ep8dp2-8k2k,mixed_prefill,moe_gemm_or_aux,8000,25,hit,1,,,,hit,,,1,hit
phase438_serving_state_merge,hit_audit,K2.5-tp4ep8dp2-8k2k,mixed_prefill,moe_gemm_or_aux,8000,26,hit,1,,,,hit,,,1,hit
phase438_serving_state_merge,hit_audit,K2.5-tp4ep8dp2-8k2k,mixed_prefill,moe_gemm_or_aux,8000,27,hit,1,,,,hit,,,1,hit
phase438_serving_state_merge,hit_audit,K2.5-tp4ep8dp2-8k2k,mixed_prefill,moe_gemm_or_aux,8000,28,hit,1,,,,hit,,,1,hit
phase438_serving_state_merge,hit_audit,K2.5-tp4ep8dp2-8k2k,mixed_prefill,moe_gemm_or_aux,8000,29,hit,1,,,,hit,,,1,hit
phase438_serving_state_merge,hit_audit,K2.5-tp4ep8dp2-8k2k,mixed_prefill,moe_gemm_or_aux,8000,30,hit,1,,,,hit,,,1,hit
phase438_serving_state_merge,hit_audit,K2.5-tp4ep8dp2-8k2k,mixed_prefill,moe_gemm_or_aux,8000,31,hit,1,,,,hit,,,1,hit
phase438_serving_state_merge,hit_audit,K2.5-tp4ep8dp2-8k2k,mixed_prefill,moe_gemm_or_aux,8000,32,hit,1,,,,hit,,,1,hit
phase438_serving_state_merge,hit_audit,K2.5-tp4ep8dp2-8k2k,mixed_prefill,moe_gemm_or_aux,8000,33,hit,1,,,,hit,,,1,hit
phase438_serving_state_merge,hit_audit,K2.5-tp4ep8dp2-8k2k,mixed_prefill,moe_gemm_or_aux,8000,34,hit,1,,,,hit,,,1,hit
phase438_serving_state_merge,hit_audit,K2.5-tp4ep8dp2-8k2k,mixed_prefill,moe_gemm_or_aux,8000,35,decode_batch_above_range,1,,,,miss,,,1,decode_batch_above_range
phase438_serving_state_merge,hit_audit,K2.5-tp4ep8dp2-8k2k,mixed_prefill,moe_gemm_or_aux,8000,36,decode_batch_above_range,1,,,,miss,,,1,decode_batch_above_range
phase438_serving_state_merge,hit_audit,K2.5-tp4ep8dp2-8k2k,mixed_prefill,moe_gemm_or_aux,8000,37,decode_batch_above_range,1,,,,miss,,,1,decode_batch_above_range
phase438_serving_state_merge,hit_audit,K2.5-tp4ep8dp2-8k2k,mixed_prefill,moe_gemm_or_aux,8000,38,decode_batch_above_range,1,,,,miss,,,1,decode_batch_above_range
phase438_serving_state_merge,hit_audit,K2.5-tp4ep8dp2-8k2k,mixed_prefill,moe_gemm_or_aux,8000,39,decode_batch_above_range,1,,,,miss,,,1,decode_batch_above_range
phase438_serving_state_merge,hit_audit,K2.5-tp4ep8dp2-8k2k,mixed_prefill,moe_gemm_or_aux,8000,40,decode_batch_above_range,1,,,,miss,,,1,decode_batch_above_range
phase438_serving_state_merge,hit_audit,K2.5-tp4ep8dp2-8k2k,mixed_prefill,moe_gemm_or_aux,8000,41,decode_batch_above_range,1,,,,miss,,,1,decode_batch_above_range
phase438_serving_state_merge,hit_audit,K2.5-tp4ep8dp2-8k2k,mixed_prefill,moe_gemm_or_aux,8000,42,decode_batch_above_range,1,,,,miss,,,1,decode_batch_above_range
phase438_serving_state_merge,hit_audit,K2.5-tp4ep8dp2-8k2k,mixed_prefill,moe_gemm_or_aux,8000,43,decode_batch_above_range,1,,,,miss,,,1,decode_batch_above_range
phase438_serving_state_merge,hit_audit,K2.5-tp4ep8dp2-8k2k,mixed_prefill,moe_gemm_or_aux,8000,44,decode_batch_above_range,1,,,,miss,,,1,decode_batch_above_range
phase438_serving_state_merge,hit_audit,K2.5-tp4ep8dp2-8k2k,mixed_prefill,moe_gemm_or_aux,8000,45,decode_batch_above_range,1,,,,miss,,,1,decode_batch_above_range
phase438_serving_state_merge,hit_audit,K2.5-tp4ep8dp2-8k2k,mixed_prefill,moe_gemm_or_aux,8000,46,decode_batch_above_range,1,,,,miss,,,1,decode_batch_above_range
phase438_serving_state_merge,hit_audit,K2.5-tp4ep8dp2-8k2k,mixed_prefill,moe_gemm_or_aux,8000,47,decode_batch_above_range,1,,,,miss,,,1,decode_batch_above_range
phase438_serving_state_merge,hit_audit,K2.5-tp4ep8dp2-8k2k,mixed_prefill,moe_gemm_or_aux,8000,48,decode_batch_above_range,1,,,,miss,,,1,decode_batch_above_range
phase438_serving_state_merge,hit_audit,K2.5-tp4ep8dp2-8k2k,mixed_prefill,moe_gemm_or_aux,8000,49,decode_batch_above_range,1,,,,miss,,,1,decode_batch_above_range
phase438_serving_state_merge,hit_audit,K2.5-tp4ep8dp2-8k2k,mixed_prefill,moe_gemm_or_aux,8000,50,decode_batch_above_range,1,,,,miss,,,1,decode_batch_above_range
phase438_serving_state_merge,hit_audit,K2.5-tp4ep8dp2-8k2k,mixed_prefill,moe_gemm_or_aux,8000,51,decode_batch_above_range,1,,,,miss,,,1,decode_batch_above_range
phase438_serving_state_merge,hit_audit,K2.5-tp4ep8dp2-8k2k,mixed_prefill,moe_gemm_or_aux,8000,52,decode_batch_above_range,1,,,,miss,,,1,decode_batch_above_range
phase438_serving_state_merge,hit_audit,K2.5-tp4ep8dp2-8k2k,mixed_prefill,moe_gemm_or_aux,8000,53,decode_batch_above_range,1,,,,miss,,,1,decode_batch_above_range
phase438_serving_state_merge,hit_audit,K2.5-tp4ep8dp2-8k2k,mixed_prefill,moe_gemm_or_aux,8000,54,decode_batch_above_range,1,,,,miss,,,1,decode_batch_above_range
phase438_serving_state_merge,hit_audit,K2.5-tp4ep8dp2-8k2k,mixed_prefill,moe_gemm_or_aux,8000,55,decode_batch_above_range,1,,,,miss,,,1,decode_batch_above_range
phase438_serving_state_merge,hit_audit,K2.5-tp4ep8dp2-8k2k,mixed_prefill,moe_gemm_or_aux,8000,56,decode_batch_above_range,1,,,,miss,,,1,decode_batch_above_range
phase438_serving_state_merge,hit_audit,K2.5-tp4ep8dp2-8k2k,mixed_prefill,moe_gemm_or_aux,8000,57,decode_batch_above_range,1,,,,miss,,,1,decode_batch_above_range
phase438_serving_state_merge,hit_audit,K2.5-tp4ep8dp2-8k2k,mixed_prefill,moe_gemm_or_aux,8000,58,decode_batch_above_range,1,,,,miss,,,1,decode_batch_above_range
phase438_serving_state_merge,hit_audit,K2.5-tp4ep8dp2-8k2k,mixed_prefill,moe_gemm_or_aux,8000,59,decode_batch_above_range,1,,,,miss,,,1,decode_batch_above_range
phase438_serving_state_merge,hit_audit,K2.5-tp4ep8dp2-8k2k,mixed_prefill,moe_gemm_or_aux,8000,60,decode_batch_above_range,1,,,,miss,,,1,decode_batch_above_range
phase438_serving_state_merge,hit_audit,K2.5-tp4ep8dp2-8k2k,mixed_prefill,moe_gemm_or_aux,8000,61,decode_batch_above_range,1,,,,miss,,,1,decode_batch_above_range
phase438_serving_state_merge,hit_audit,K2.5-tp4ep8dp2-8k2k,mixed_prefill,moe_gemm_or_aux,8000,62,decode_batch_above_range,5,,,,miss,,,5,decode_batch_above_range
phase438_serving_state_merge,hit_audit,K2.5-tp4ep8dp2-8k2k,mixed_prefill,moe_gemm_or_aux,8000,63,decode_batch_above_range,1,,,,miss,,,1,decode_batch_above_range
phase438_serving_state_merge,hit_audit,K2.5-tp4ep8dp2-8k2k,mixed_prefill,other_cuda,126,63,bucket_below_range,1,,,,miss,,,1,bucket_below_range
phase438_serving_state_merge,hit_audit,K2.5-tp4ep8dp2-8k2k,mixed_prefill,other_cuda,2017,63,bucket_below_range,1,,,,miss,,,1,bucket_below_range
phase438_serving_state_merge,hit_audit,K2.5-tp4ep8dp2-8k2k,mixed_prefill,other_cuda,3970,63,bucket_below_range,1,,,,miss,,,1,bucket_below_range
phase438_serving_state_merge,hit_audit,K2.5-tp4ep8dp2-8k2k,mixed_prefill,other_cuda,8000,1,hit,2,,,,hit,,,2,hit
phase438_serving_state_merge,hit_audit,K2.5-tp4ep8dp2-8k2k,mixed_prefill,other_cuda,8000,2,hit,1,,,,hit,,,1,hit
phase438_serving_state_merge,hit_audit,K2.5-tp4ep8dp2-8k2k,mixed_prefill,other_cuda,8000,3,hit,1,,,,hit,,,1,hit
phase438_serving_state_merge,hit_audit,K2.5-tp4ep8dp2-8k2k,mixed_prefill,other_cuda,8000,4,hit,1,,,,hit,,,1,hit
phase438_serving_state_merge,hit_audit,K2.5-tp4ep8dp2-8k2k,mixed_prefill,other_cuda,8000,5,hit,1,,,,hit,,,1,hit
phase438_serving_state_merge,hit_audit,K2.5-tp4ep8dp2-8k2k,mixed_prefill,other_cuda,8000,6,hit,1,,,,hit,,,1,hit
phase438_serving_state_merge,hit_audit,K2.5-tp4ep8dp2-8k2k,mixed_prefill,other_cuda,8000,7,hit,1,,,,hit,,,1,hit
phase438_serving_state_merge,hit_audit,K2.5-tp4ep8dp2-8k2k,mixed_prefill,other_cuda,8000,8,hit,1,,,,hit,,,1,hit
phase438_serving_state_merge,hit_audit,K2.5-tp4ep8dp2-8k2k,mixed_prefill,other_cuda,8000,9,hit,1,,,,hit,,,1,hit
phase438_serving_state_merge,hit_audit,K2.5-tp4ep8dp2-8k2k,mixed_prefill,other_cuda,8000,10,hit,1,,,,hit,,,1,hit
phase438_serving_state_merge,hit_audit,K2.5-tp4ep8dp2-8k2k,mixed_prefill,other_cuda,8000,11,hit,1,,,,hit,,,1,hit
phase438_serving_state_merge,hit_audit,K2.5-tp4ep8dp2-8k2k,mixed_prefill,other_cuda,8000,12,hit,1,,,,hit,,,1,hit
phase438_serving_state_merge,hit_audit,K2.5-tp4ep8dp2-8k2k,mixed_prefill,other_cuda,8000,13,hit,1,,,,hit,,,1,hit
phase438_serving_state_merge,hit_audit,K2.5-tp4ep8dp2-8k2k,mixed_prefill,other_cuda,8000,14,hit,1,,,,hit,,,1,hit
phase438_serving_state_merge,hit_audit,K2.5-tp4ep8dp2-8k2k,mixed_prefill,other_cuda,8000,15,hit,1,,,,hit,,,1,hit
phase438_serving_state_merge,hit_audit,K2.5-tp4ep8dp2-8k2k,mixed_prefill,other_cuda,8000,16,hit,1,,,,hit,,,1,hit
phase438_serving_state_merge,hit_audit,K2.5-tp4ep8dp2-8k2k,mixed_prefill,other_cuda,8000,17,hit,1,,,,hit,,,1,hit
phase438_serving_state_merge,hit_audit,K2.5-tp4ep8dp2-8k2k,mixed_prefill,other_cuda,8000,18,hit,1,,,,hit,,,1,hit
phase438_serving_state_merge,hit_audit,K2.5-tp4ep8dp2-8k2k,mixed_prefill,other_cuda,8000,19,hit,1,,,,hit,,,1,hit
phase438_serving_state_merge,hit_audit,K2.5-tp4ep8dp2-8k2k,mixed_prefill,other_cuda,8000,20,hit,1,,,,hit,,,1,hit
phase438_serving_state_merge,hit_audit,K2.5-tp4ep8dp2-8k2k,mixed_prefill,other_cuda,8000,21,hit,1,,,,hit,,,1,hit
phase438_serving_state_merge,hit_audit,K2.5-tp4ep8dp2-8k2k,mixed_prefill,other_cuda,8000,22,hit,1,,,,hit,,,1,hit
phase438_serving_state_merge,hit_audit,K2.5-tp4ep8dp2-8k2k,mixed_prefill,other_cuda,8000,23,hit,1,,,,hit,,,1,hit
phase438_serving_state_merge,hit_audit,K2.5-tp4ep8dp2-8k2k,mixed_prefill,other_cuda,8000,24,hit,1,,,,hit,,,1,hit
phase438_serving_state_merge,hit_audit,K2.5-tp4ep8dp2-8k2k,mixed_prefill,other_cuda,8000,25,hit,1,,,,hit,,,1,hit
phase438_serving_state_merge,hit_audit,K2.5-tp4ep8dp2-8k2k,mixed_prefill,other_cuda,8000,26,hit,1,,,,hit,,,1,hit
phase438_serving_state_merge,hit_audit,K2.5-tp4ep8dp2-8k2k,mixed_prefill,other_cuda,8000,27,hit,1,,,,hit,,,1,hit
phase438_serving_state_merge,hit_audit,K2.5-tp4ep8dp2-8k2k,mixed_prefill,other_cuda,8000,28,hit,1,,,,hit,,,1,hit
phase438_serving_state_merge,hit_audit,K2.5-tp4ep8dp2-8k2k,mixed_prefill,other_cuda,8000,29,hit,1,,,,hit,,,1,hit
phase438_serving_state_merge,hit_audit,K2.5-tp4ep8dp2-8k2k,mixed_prefill,other_cuda,8000,30,hit,1,,,,hit,,,1,hit
phase438_serving_state_merge,hit_audit,K2.5-tp4ep8dp2-8k2k,mixed_prefill,other_cuda,8000,31,hit,1,,,,hit,,,1,hit
phase438_serving_state_merge,hit_audit,K2.5-tp4ep8dp2-8k2k,mixed_prefill,other_cuda,8000,32,hit,1,,,,hit,,,1,hit
phase438_serving_state_merge,hit_audit,K2.5-tp4ep8dp2-8k2k,mixed_prefill,other_cuda,8000,33,hit,1,,,,hit,,,1,hit
phase438_serving_state_merge,hit_audit,K2.5-tp4ep8dp2-8k2k,mixed_prefill,other_cuda,8000,34,hit,1,,,,hit,,,1,hit
phase438_serving_state_merge,hit_audit,K2.5-tp4ep8dp2-8k2k,mixed_prefill,other_cuda,8000,35,decode_batch_above_range,1,,,,miss,,,1,decode_batch_above_range
phase438_serving_state_merge,hit_audit,K2.5-tp4ep8dp2-8k2k,mixed_prefill,other_cuda,8000,36,decode_batch_above_range,1,,,,miss,,,1,decode_batch_above_range
phase438_serving_state_merge,hit_audit,K2.5-tp4ep8dp2-8k2k,mixed_prefill,other_cuda,8000,37,decode_batch_above_range,1,,,,miss,,,1,decode_batch_above_range
phase438_serving_state_merge,hit_audit,K2.5-tp4ep8dp2-8k2k,mixed_prefill,other_cuda,8000,38,decode_batch_above_range,1,,,,miss,,,1,decode_batch_above_range
phase438_serving_state_merge,hit_audit,K2.5-tp4ep8dp2-8k2k,mixed_prefill,other_cuda,8000,39,decode_batch_above_range,1,,,,miss,,,1,decode_batch_above_range
phase438_serving_state_merge,hit_audit,K2.5-tp4ep8dp2-8k2k,mixed_prefill,other_cuda,8000,40,decode_batch_above_range,1,,,,miss,,,1,decode_batch_above_range
phase438_serving_state_merge,hit_audit,K2.5-tp4ep8dp2-8k2k,mixed_prefill,other_cuda,8000,41,decode_batch_above_range,1,,,,miss,,,1,decode_batch_above_range
phase438_serving_state_merge,hit_audit,K2.5-tp4ep8dp2-8k2k,mixed_prefill,other_cuda,8000,42,decode_batch_above_range,1,,,,miss,,,1,decode_batch_above_range
phase438_serving_state_merge,hit_audit,K2.5-tp4ep8dp2-8k2k,mixed_prefill,other_cuda,8000,43,decode_batch_above_range,1,,,,miss,,,1,decode_batch_above_range
phase438_serving_state_merge,hit_audit,K2.5-tp4ep8dp2-8k2k,mixed_prefill,other_cuda,8000,44,decode_batch_above_range,1,,,,miss,,,1,decode_batch_above_range
phase438_serving_state_merge,hit_audit,K2.5-tp4ep8dp2-8k2k,mixed_prefill,other_cuda,8000,45,decode_batch_above_range,1,,,,miss,,,1,decode_batch_above_range
phase438_serving_state_merge,hit_audit,K2.5-tp4ep8dp2-8k2k,mixed_prefill,other_cuda,8000,46,decode_batch_above_range,1,,,,miss,,,1,decode_batch_above_range
phase438_serving_state_merge,hit_audit,K2.5-tp4ep8dp2-8k2k,mixed_prefill,other_cuda,8000,47,decode_batch_above_range,1,,,,miss,,,1,decode_batch_above_range
phase438_serving_state_merge,hit_audit,K2.5-tp4ep8dp2-8k2k,mixed_prefill,other_cuda,8000,48,decode_batch_above_range,1,,,,miss,,,1,decode_batch_above_range
phase438_serving_state_merge,hit_audit,K2.5-tp4ep8dp2-8k2k,mixed_prefill,other_cuda,8000,49,decode_batch_above_range,1,,,,miss,,,1,decode_batch_above_range
phase438_serving_state_merge,hit_audit,K2.5-tp4ep8dp2-8k2k,mixed_prefill,other_cuda,8000,50,decode_batch_above_range,1,,,,miss,,,1,decode_batch_above_range
phase438_serving_state_merge,hit_audit,K2.5-tp4ep8dp2-8k2k,mixed_prefill,other_cuda,8000,51,decode_batch_above_range,1,,,,miss,,,1,decode_batch_above_range
phase438_serving_state_merge,hit_audit,K2.5-tp4ep8dp2-8k2k,mixed_prefill,other_cuda,8000,52,decode_batch_above_range,1,,,,miss,,,1,decode_batch_above_range
phase438_serving_state_merge,hit_audit,K2.5-tp4ep8dp2-8k2k,mixed_prefill,other_cuda,8000,53,decode_batch_above_range,1,,,,miss,,,1,decode_batch_above_range
phase438_serving_state_merge,hit_audit,K2.5-tp4ep8dp2-8k2k,mixed_prefill,other_cuda,8000,54,decode_batch_above_range,1,,,,miss,,,1,decode_batch_above_range
phase438_serving_state_merge,hit_audit,K2.5-tp4ep8dp2-8k2k,mixed_prefill,other_cuda,8000,55,decode_batch_above_range,1,,,,miss,,,1,decode_batch_above_range
phase438_serving_state_merge,hit_audit,K2.5-tp4ep8dp2-8k2k,mixed_prefill,other_cuda,8000,56,decode_batch_above_range,1,,,,miss,,,1,decode_batch_above_range
phase438_serving_state_merge,hit_audit,K2.5-tp4ep8dp2-8k2k,mixed_prefill,other_cuda,8000,57,decode_batch_above_range,1,,,,miss,,,1,decode_batch_above_range
phase438_serving_state_merge,hit_audit,K2.5-tp4ep8dp2-8k2k,mixed_prefill,other_cuda,8000,58,decode_batch_above_range,1,,,,miss,,,1,decode_batch_above_range
phase438_serving_state_merge,hit_audit,K2.5-tp4ep8dp2-8k2k,mixed_prefill,other_cuda,8000,59,decode_batch_above_range,1,,,,miss,,,1,decode_batch_above_range
phase438_serving_state_merge,hit_audit,K2.5-tp4ep8dp2-8k2k,mixed_prefill,other_cuda,8000,60,decode_batch_above_range,1,,,,miss,,,1,decode_batch_above_range
phase438_serving_state_merge,hit_audit,K2.5-tp4ep8dp2-8k2k,mixed_prefill,other_cuda,8000,61,decode_batch_above_range,1,,,,miss,,,1,decode_batch_above_range
phase438_serving_state_merge,hit_audit,K2.5-tp4ep8dp2-8k2k,mixed_prefill,other_cuda,8000,62,decode_batch_above_range,5,,,,miss,,,5,decode_batch_above_range
phase438_serving_state_merge,hit_audit,K2.5-tp4ep8dp2-8k2k,mixed_prefill,other_cuda,8000,63,decode_batch_above_range,1,,,,miss,,,1,decode_batch_above_range
phase438_serving_state_merge,hit_audit,K2.5-tp4ep8dp2-8k2k,prefill,collective_other,8000,0,table_missing,1,,,,miss,,,1,table_missing
phase438_serving_state_merge,hit_audit,K2.5-tp4ep8dp2-8k2k,prefill,ep_a2a,8000,0,table_missing,1,,,,miss,,,1,table_missing
phase438_serving_state_merge,hit_audit,K2.5-tp4ep8dp2-8k2k,prefill,moe_gemm_or_aux,8000,0,table_missing,1,,,,miss,,,1,table_missing
phase438_serving_state_merge,hit_audit,K2.5-tp4ep8dp2-8k2k,prefill,other_cuda,8000,0,table_missing,1,,,,miss,,,1,table_missing
phase438_serving_state_merge,hit_audit,K2.5-tp4ep8dp2-32k3k,decode,collective_other,1,1,bucket_below_range,1,,,,miss,,,1,bucket_below_range
phase438_serving_state_merge,hit_audit,K2.5-tp4ep8dp2-32k3k,decode,collective_other,2,2,hit,1,,,,hit,,,1,hit
phase438_serving_state_merge,hit_audit,K2.5-tp4ep8dp2-32k3k,decode,collective_other,3,3,interpolation_gap,1,,,,miss,,,1,interpolation_gap
phase438_serving_state_merge,hit_audit,K2.5-tp4ep8dp2-32k3k,decode,collective_other,4,4,interpolation_gap,3,,,,miss,,,3,interpolation_gap
phase438_serving_state_merge,hit_audit,K2.5-tp4ep8dp2-32k3k,decode,collective_other,5,5,interpolation_gap,2,,,,miss,,,2,interpolation_gap
phase438_serving_state_merge,hit_audit,K2.5-tp4ep8dp2-32k3k,decode,collective_other,6,6,interpolation_gap,3,,,,miss,,,3,interpolation_gap
phase438_serving_state_merge,hit_audit,K2.5-tp4ep8dp2-32k3k,decode,collective_other,7,7,interpolation_gap,1,,,,miss,,,1,interpolation_gap
phase438_serving_state_merge,hit_audit,K2.5-tp4ep8dp2-32k3k,decode,collective_other,9,9,interpolation_gap,7,,,,miss,,,7,interpolation_gap
phase438_serving_state_merge,hit_audit,K2.5-tp4ep8dp2-32k3k,decode,collective_other,10,10,interpolation_gap,1,,,,miss,,,1,interpolation_gap
phase438_serving_state_merge,hit_audit,K2.5-tp4ep8dp2-32k3k,decode,ep_a2a,1,1,bucket_below_range,1,,,,miss,,,1,bucket_below_range
phase438_serving_state_merge,hit_audit,K2.5-tp4ep8dp2-32k3k,decode,ep_a2a,2,2,hit,1,,,,hit,,,1,hit
phase438_serving_state_merge,hit_audit,K2.5-tp4ep8dp2-32k3k,decode,ep_a2a,3,3,interpolation_gap,1,,,,miss,,,1,interpolation_gap
phase438_serving_state_merge,hit_audit,K2.5-tp4ep8dp2-32k3k,decode,ep_a2a,4,4,interpolation_gap,3,,,,miss,,,3,interpolation_gap
phase438_serving_state_merge,hit_audit,K2.5-tp4ep8dp2-32k3k,decode,ep_a2a,5,5,interpolation_gap,2,,,,miss,,,2,interpolation_gap
phase438_serving_state_merge,hit_audit,K2.5-tp4ep8dp2-32k3k,decode,ep_a2a,6,6,interpolation_gap,3,,,,miss,,,3,interpolation_gap
phase438_serving_state_merge,hit_audit,K2.5-tp4ep8dp2-32k3k,decode,ep_a2a,7,7,interpolation_gap,1,,,,miss,,,1,interpolation_gap
phase438_serving_state_merge,hit_audit,K2.5-tp4ep8dp2-32k3k,decode,ep_a2a,9,9,interpolation_gap,7,,,,miss,,,7,interpolation_gap
phase438_serving_state_merge,hit_audit,K2.5-tp4ep8dp2-32k3k,decode,ep_a2a,10,10,interpolation_gap,1,,,,miss,,,1,interpolation_gap
phase438_serving_state_merge,hit_audit,K2.5-tp4ep8dp2-32k3k,decode,moe_gemm_or_aux,1,1,bucket_below_range,1,,,,miss,,,1,bucket_below_range
phase438_serving_state_merge,hit_audit,K2.5-tp4ep8dp2-32k3k,decode,moe_gemm_or_aux,2,2,hit,1,,,,hit,,,1,hit
phase438_serving_state_merge,hit_audit,K2.5-tp4ep8dp2-32k3k,decode,moe_gemm_or_aux,3,3,interpolation_gap,1,,,,miss,,,1,interpolation_gap
phase438_serving_state_merge,hit_audit,K2.5-tp4ep8dp2-32k3k,decode,moe_gemm_or_aux,4,4,interpolation_gap,3,,,,miss,,,3,interpolation_gap
phase438_serving_state_merge,hit_audit,K2.5-tp4ep8dp2-32k3k,decode,moe_gemm_or_aux,5,5,interpolation_gap,2,,,,miss,,,2,interpolation_gap
phase438_serving_state_merge,hit_audit,K2.5-tp4ep8dp2-32k3k,decode,moe_gemm_or_aux,6,6,interpolation_gap,3,,,,miss,,,3,interpolation_gap
phase438_serving_state_merge,hit_audit,K2.5-tp4ep8dp2-32k3k,decode,moe_gemm_or_aux,7,7,interpolation_gap,1,,,,miss,,,1,interpolation_gap
phase438_serving_state_merge,hit_audit,K2.5-tp4ep8dp2-32k3k,decode,moe_gemm_or_aux,9,9,interpolation_gap,7,,,,miss,,,7,interpolation_gap
phase438_serving_state_merge,hit_audit,K2.5-tp4ep8dp2-32k3k,decode,moe_gemm_or_aux,10,10,interpolation_gap,1,,,,miss,,,1,interpolation_gap
phase438_serving_state_merge,hit_audit,K2.5-tp4ep8dp2-32k3k,decode,other_cuda,1,1,bucket_below_range,1,,,,miss,,,1,bucket_below_range
phase438_serving_state_merge,hit_audit,K2.5-tp4ep8dp2-32k3k,decode,other_cuda,2,2,hit,1,,,,hit,,,1,hit
phase438_serving_state_merge,hit_audit,K2.5-tp4ep8dp2-32k3k,decode,other_cuda,3,3,interpolation_gap,1,,,,miss,,,1,interpolation_gap
phase438_serving_state_merge,hit_audit,K2.5-tp4ep8dp2-32k3k,decode,other_cuda,4,4,interpolation_gap,3,,,,miss,,,3,interpolation_gap
phase438_serving_state_merge,hit_audit,K2.5-tp4ep8dp2-32k3k,decode,other_cuda,5,5,interpolation_gap,2,,,,miss,,,2,interpolation_gap
phase438_serving_state_merge,hit_audit,K2.5-tp4ep8dp2-32k3k,decode,other_cuda,6,6,interpolation_gap,3,,,,miss,,,3,interpolation_gap
phase438_serving_state_merge,hit_audit,K2.5-tp4ep8dp2-32k3k,decode,other_cuda,7,7,interpolation_gap,1,,,,miss,,,1,interpolation_gap
phase438_serving_state_merge,hit_audit,K2.5-tp4ep8dp2-32k3k,decode,other_cuda,9,9,interpolation_gap,7,,,,miss,,,7,interpolation_gap
phase438_serving_state_merge,hit_audit,K2.5-tp4ep8dp2-32k3k,decode,other_cuda,10,10,interpolation_gap,1,,,,miss,,,1,interpolation_gap
phase438_serving_state_merge,hit_audit,K2.5-tp4ep8dp2-32k3k,mixed_prefill,collective_other,16,8,bucket_below_range,1,,,,miss,,,1,bucket_below_range
phase438_serving_state_merge,hit_audit,K2.5-tp4ep8dp2-32k3k,mixed_prefill,collective_other,17,8,bucket_below_range,1,,,,miss,,,1,bucket_below_range
phase438_serving_state_merge,hit_audit,K2.5-tp4ep8dp2-32k3k,mixed_prefill,collective_other,18,9,bucket_below_range,1,,,,miss,,,1,bucket_below_range
phase438_serving_state_merge,hit_audit,K2.5-tp4ep8dp2-32k3k,mixed_prefill,collective_other,19,8,bucket_below_range,1,,,,miss,,,1,bucket_below_range
phase438_serving_state_merge,hit_audit,K2.5-tp4ep8dp2-32k3k,mixed_prefill,collective_other,23,8,bucket_below_range,1,,,,miss,,,1,bucket_below_range
phase438_serving_state_merge,hit_audit,K2.5-tp4ep8dp2-32k3k,mixed_prefill,collective_other,24,8,bucket_below_range,1,,,,miss,,,1,bucket_below_range
phase438_serving_state_merge,hit_audit,K2.5-tp4ep8dp2-32k3k,mixed_prefill,collective_other,25,8,bucket_below_range,1,,,,miss,,,1,bucket_below_range
phase438_serving_state_merge,hit_audit,K2.5-tp4ep8dp2-32k3k,mixed_prefill,collective_other,26,8,bucket_below_range,1,,,,miss,,,1,bucket_below_range
phase438_serving_state_merge,hit_audit,K2.5-tp4ep8dp2-32k3k,mixed_prefill,collective_other,27,8,bucket_below_range,1,,,,miss,,,1,bucket_below_range
phase438_serving_state_merge,hit_audit,K2.5-tp4ep8dp2-32k3k,mixed_prefill,collective_other,28,8,bucket_below_range,1,,,,miss,,,1,bucket_below_range
phase438_serving_state_merge,hit_audit,K2.5-tp4ep8dp2-32k3k,mixed_prefill,collective_other,29,8,bucket_below_range,1,,,,miss,,,1,bucket_below_range
phase438_serving_state_merge,hit_audit,K2.5-tp4ep8dp2-32k3k,mixed_prefill,collective_other,30,8,bucket_below_range,1,,,,miss,,,1,bucket_below_range
phase438_serving_state_merge,hit_audit,K2.5-tp4ep8dp2-32k3k,mixed_prefill,collective_other,31,8,bucket_below_range,1,,,,miss,,,1,bucket_below_range
phase438_serving_state_merge,hit_audit,K2.5-tp4ep8dp2-32k3k,mixed_prefill,collective_other,32,8,bucket_below_range,1,,,,miss,,,1,bucket_below_range
phase438_serving_state_merge,hit_audit,K2.5-tp4ep8dp2-32k3k,mixed_prefill,collective_other,34,9,bucket_below_range,1,,,,miss,,,1,bucket_below_range
phase438_serving_state_merge,hit_audit,K2.5-tp4ep8dp2-32k3k,mixed_prefill,collective_other,36,7,bucket_below_range,1,,,,miss,,,1,bucket_below_range
phase438_serving_state_merge,hit_audit,K2.5-tp4ep8dp2-32k3k,mixed_prefill,collective_other,38,8,bucket_below_range,1,,,,miss,,,1,bucket_below_range
phase438_serving_state_merge,hit_audit,K2.5-tp4ep8dp2-32k3k,mixed_prefill,collective_other,42,8,bucket_below_range,1,,,,miss,,,1,bucket_below_range
phase438_serving_state_merge,hit_audit,K2.5-tp4ep8dp2-32k3k,mixed_prefill,collective_other,43,8,bucket_below_range,1,,,,miss,,,1,bucket_below_range
phase438_serving_state_merge,hit_audit,K2.5-tp4ep8dp2-32k3k,mixed_prefill,collective_other,44,8,bucket_below_range,1,,,,miss,,,1,bucket_below_range
phase438_serving_state_merge,hit_audit,K2.5-tp4ep8dp2-32k3k,mixed_prefill,collective_other,46,8,bucket_below_range,1,,,,miss,,,1,bucket_below_range
phase438_serving_state_merge,hit_audit,K2.5-tp4ep8dp2-32k3k,mixed_prefill,collective_other,46,9,bucket_below_range,1,,,,miss,,,1,bucket_below_range
phase438_serving_state_merge,hit_audit,K2.5-tp4ep8dp2-32k3k,mixed_prefill,collective_other,48,8,bucket_below_range,1,,,,miss,,,1,bucket_below_range
phase438_serving_state_merge,hit_audit,K2.5-tp4ep8dp2-32k3k,mixed_prefill,collective_other,50,9,bucket_below_range,1,,,,miss,,,1,bucket_below_range
phase438_serving_state_merge,hit_audit,K2.5-tp4ep8dp2-32k3k,mixed_prefill,collective_other,58,8,bucket_below_range,1,,,,miss,,,1,bucket_below_range
phase438_serving_state_merge,hit_audit,K2.5-tp4ep8dp2-32k3k,mixed_prefill,collective_other,59,8,bucket_below_range,1,,,,miss,,,1,bucket_below_range
phase438_serving_state_merge,hit_audit,K2.5-tp4ep8dp2-32k3k,mixed_prefill,collective_other,63,8,bucket_below_range,1,,,,miss,,,1,bucket_below_range
phase438_serving_state_merge,hit_audit,K2.5-tp4ep8dp2-32k3k,mixed_prefill,collective_other,67,9,bucket_below_range,1,,,,miss,,,1,bucket_below_range
phase438_serving_state_merge,hit_audit,K2.5-tp4ep8dp2-32k3k,mixed_prefill,collective_other,73,8,bucket_below_range,1,,,,miss,,,1,bucket_below_range
phase438_serving_state_merge,hit_audit,K2.5-tp4ep8dp2-32k3k,mixed_prefill,collective_other,77,8,bucket_below_range,1,,,,miss,,,1,bucket_below_range
phase438_serving_state_merge,hit_audit,K2.5-tp4ep8dp2-32k3k,mixed_prefill,collective_other,77,9,bucket_below_range,1,,,,miss,,,1,bucket_below_range
phase438_serving_state_merge,hit_audit,K2.5-tp4ep8dp2-32k3k,mixed_prefill,collective_other,86,8,bucket_below_range,1,,,,miss,,,1,bucket_below_range
phase438_serving_state_merge,hit_audit,K2.5-tp4ep8dp2-32k3k,mixed_prefill,collective_other,32000,1,hit,2,,,,hit,,,2,hit
phase438_serving_state_merge,hit_audit,K2.5-tp4ep8dp2-32k3k,mixed_prefill,collective_other,32000,2,hit,1,,,,hit,,,1,hit
phase438_serving_state_merge,hit_audit,K2.5-tp4ep8dp2-32k3k,mixed_prefill,collective_other,32000,3,hit,1,,,,hit,,,1,hit
phase438_serving_state_merge,hit_audit,K2.5-tp4ep8dp2-32k3k,mixed_prefill,collective_other,32000,4,hit,1,,,,hit,,,1,hit
phase438_serving_state_merge,hit_audit,K2.5-tp4ep8dp2-32k3k,mixed_prefill,collective_other,32000,5,hit,1,,,,hit,,,1,hit
phase438_serving_state_merge,hit_audit,K2.5-tp4ep8dp2-32k3k,mixed_prefill,collective_other,32000,6,hit,1,,,,hit,,,1,hit
phase438_serving_state_merge,hit_audit,K2.5-tp4ep8dp2-32k3k,mixed_prefill,collective_other,32000,7,hit,7,,,,hit,,,7,hit
phase438_serving_state_merge,hit_audit,K2.5-tp4ep8dp2-32k3k,mixed_prefill,collective_other,32000,8,hit,4,,,,hit,,,4,hit
phase438_serving_state_merge,hit_audit,K2.5-tp4ep8dp2-32k3k,mixed_prefill,collective_other,32000,9,decode_batch_above_range,1,,,,miss,,,1,decode_batch_above_range
phase438_serving_state_merge,hit_audit,K2.5-tp4ep8dp2-32k3k,mixed_prefill,ep_a2a,16,8,bucket_below_range,1,,,,miss,,,1,bucket_below_range
phase438_serving_state_merge,hit_audit,K2.5-tp4ep8dp2-32k3k,mixed_prefill,ep_a2a,17,8,bucket_below_range,1,,,,miss,,,1,bucket_below_range
phase438_serving_state_merge,hit_audit,K2.5-tp4ep8dp2-32k3k,mixed_prefill,ep_a2a,18,9,bucket_below_range,1,,,,miss,,,1,bucket_below_range
phase438_serving_state_merge,hit_audit,K2.5-tp4ep8dp2-32k3k,mixed_prefill,ep_a2a,19,8,bucket_below_range,1,,,,miss,,,1,bucket_below_range
phase438_serving_state_merge,hit_audit,K2.5-tp4ep8dp2-32k3k,mixed_prefill,ep_a2a,23,8,bucket_below_range,1,,,,miss,,,1,bucket_below_range
phase438_serving_state_merge,hit_audit,K2.5-tp4ep8dp2-32k3k,mixed_prefill,ep_a2a,24,8,bucket_below_range,1,,,,miss,,,1,bucket_below_range
phase438_serving_state_merge,hit_audit,K2.5-tp4ep8dp2-32k3k,mixed_prefill,ep_a2a,25,8,bucket_below_range,1,,,,miss,,,1,bucket_below_range
phase438_serving_state_merge,hit_audit,K2.5-tp4ep8dp2-32k3k,mixed_prefill,ep_a2a,26,8,bucket_below_range,1,,,,miss,,,1,bucket_below_range
phase438_serving_state_merge,hit_audit,K2.5-tp4ep8dp2-32k3k,mixed_prefill,ep_a2a,27,8,bucket_below_range,1,,,,miss,,,1,bucket_below_range
phase438_serving_state_merge,hit_audit,K2.5-tp4ep8dp2-32k3k,mixed_prefill,ep_a2a,28,8,bucket_below_range,1,,,,miss,,,1,bucket_below_range
phase438_serving_state_merge,hit_audit,K2.5-tp4ep8dp2-32k3k,mixed_prefill,ep_a2a,29,8,bucket_below_range,1,,,,miss,,,1,bucket_below_range
phase438_serving_state_merge,hit_audit,K2.5-tp4ep8dp2-32k3k,mixed_prefill,ep_a2a,30,8,bucket_below_range,1,,,,miss,,,1,bucket_below_range
phase438_serving_state_merge,hit_audit,K2.5-tp4ep8dp2-32k3k,mixed_prefill,ep_a2a,31,8,bucket_below_range,1,,,,miss,,,1,bucket_below_range
phase438_serving_state_merge,hit_audit,K2.5-tp4ep8dp2-32k3k,mixed_prefill,ep_a2a,32,8,bucket_below_range,1,,,,miss,,,1,bucket_below_range
phase438_serving_state_merge,hit_audit,K2.5-tp4ep8dp2-32k3k,mixed_prefill,ep_a2a,34,9,bucket_below_range,1,,,,miss,,,1,bucket_below_range
phase438_serving_state_merge,hit_audit,K2.5-tp4ep8dp2-32k3k,mixed_prefill,ep_a2a,36,7,bucket_below_range,1,,,,miss,,,1,bucket_below_range
phase438_serving_state_merge,hit_audit,K2.5-tp4ep8dp2-32k3k,mixed_prefill,ep_a2a,38,8,bucket_below_range,1,,,,miss,,,1,bucket_below_range
phase438_serving_state_merge,hit_audit,K2.5-tp4ep8dp2-32k3k,mixed_prefill,ep_a2a,42,8,bucket_below_range,1,,,,miss,,,1,bucket_below_range
phase438_serving_state_merge,hit_audit,K2.5-tp4ep8dp2-32k3k,mixed_prefill,ep_a2a,43,8,bucket_below_range,1,,,,miss,,,1,bucket_below_range
phase438_serving_state_merge,hit_audit,K2.5-tp4ep8dp2-32k3k,mixed_prefill,ep_a2a,44,8,bucket_below_range,1,,,,miss,,,1,bucket_below_range
phase438_serving_state_merge,hit_audit,K2.5-tp4ep8dp2-32k3k,mixed_prefill,ep_a2a,46,8,bucket_below_range,1,,,,miss,,,1,bucket_below_range
phase438_serving_state_merge,hit_audit,K2.5-tp4ep8dp2-32k3k,mixed_prefill,ep_a2a,46,9,bucket_below_range,1,,,,miss,,,1,bucket_below_range
phase438_serving_state_merge,hit_audit,K2.5-tp4ep8dp2-32k3k,mixed_prefill,ep_a2a,48,8,bucket_below_range,1,,,,miss,,,1,bucket_below_range
phase438_serving_state_merge,hit_audit,K2.5-tp4ep8dp2-32k3k,mixed_prefill,ep_a2a,50,9,bucket_below_range,1,,,,miss,,,1,bucket_below_range
phase438_serving_state_merge,hit_audit,K2.5-tp4ep8dp2-32k3k,mixed_prefill,ep_a2a,58,8,bucket_below_range,1,,,,miss,,,1,bucket_below_range
phase438_serving_state_merge,hit_audit,K2.5-tp4ep8dp2-32k3k,mixed_prefill,ep_a2a,59,8,bucket_below_range,1,,,,miss,,,1,bucket_below_range
phase438_serving_state_merge,hit_audit,K2.5-tp4ep8dp2-32k3k,mixed_prefill,ep_a2a,63,8,bucket_below_range,1,,,,miss,,,1,bucket_below_range
phase438_serving_state_merge,hit_audit,K2.5-tp4ep8dp2-32k3k,mixed_prefill,ep_a2a,67,9,bucket_below_range,1,,,,miss,,,1,bucket_below_range
phase438_serving_state_merge,hit_audit,K2.5-tp4ep8dp2-32k3k,mixed_prefill,ep_a2a,73,8,bucket_below_range,1,,,,miss,,,1,bucket_below_range
phase438_serving_state_merge,hit_audit,K2.5-tp4ep8dp2-32k3k,mixed_prefill,ep_a2a,77,8,bucket_below_range,1,,,,miss,,,1,bucket_below_range
phase438_serving_state_merge,hit_audit,K2.5-tp4ep8dp2-32k3k,mixed_prefill,ep_a2a,77,9,bucket_below_range,1,,,,miss,,,1,bucket_below_range
phase438_serving_state_merge,hit_audit,K2.5-tp4ep8dp2-32k3k,mixed_prefill,ep_a2a,86,8,bucket_below_range,1,,,,miss,,,1,bucket_below_range
phase438_serving_state_merge,hit_audit,K2.5-tp4ep8dp2-32k3k,mixed_prefill,ep_a2a,32000,1,hit,2,,,,hit,,,2,hit
phase438_serving_state_merge,hit_audit,K2.5-tp4ep8dp2-32k3k,mixed_prefill,ep_a2a,32000,2,hit,1,,,,hit,,,1,hit
phase438_serving_state_merge,hit_audit,K2.5-tp4ep8dp2-32k3k,mixed_prefill,ep_a2a,32000,3,hit,1,,,,hit,,,1,hit
phase438_serving_state_merge,hit_audit,K2.5-tp4ep8dp2-32k3k,mixed_prefill,ep_a2a,32000,4,hit,1,,,,hit,,,1,hit
phase438_serving_state_merge,hit_audit,K2.5-tp4ep8dp2-32k3k,mixed_prefill,ep_a2a,32000,5,hit,1,,,,hit,,,1,hit
phase438_serving_state_merge,hit_audit,K2.5-tp4ep8dp2-32k3k,mixed_prefill,ep_a2a,32000,6,hit,1,,,,hit,,,1,hit
phase438_serving_state_merge,hit_audit,K2.5-tp4ep8dp2-32k3k,mixed_prefill,ep_a2a,32000,7,hit,7,,,,hit,,,7,hit
phase438_serving_state_merge,hit_audit,K2.5-tp4ep8dp2-32k3k,mixed_prefill,ep_a2a,32000,8,hit,4,,,,hit,,,4,hit
phase438_serving_state_merge,hit_audit,K2.5-tp4ep8dp2-32k3k,mixed_prefill,ep_a2a,32000,9,decode_batch_above_range,1,,,,miss,,,1,decode_batch_above_range
phase438_serving_state_merge,hit_audit,K2.5-tp4ep8dp2-32k3k,mixed_prefill,moe_gemm_or_aux,16,8,bucket_below_range,1,,,,miss,,,1,bucket_below_range
phase438_serving_state_merge,hit_audit,K2.5-tp4ep8dp2-32k3k,mixed_prefill,moe_gemm_or_aux,17,8,bucket_below_range,1,,,,miss,,,1,bucket_below_range
phase438_serving_state_merge,hit_audit,K2.5-tp4ep8dp2-32k3k,mixed_prefill,moe_gemm_or_aux,18,9,bucket_below_range,1,,,,miss,,,1,bucket_below_range
phase438_serving_state_merge,hit_audit,K2.5-tp4ep8dp2-32k3k,mixed_prefill,moe_gemm_or_aux,19,8,bucket_below_range,1,,,,miss,,,1,bucket_below_range
phase438_serving_state_merge,hit_audit,K2.5-tp4ep8dp2-32k3k,mixed_prefill,moe_gemm_or_aux,23,8,bucket_below_range,1,,,,miss,,,1,bucket_below_range
phase438_serving_state_merge,hit_audit,K2.5-tp4ep8dp2-32k3k,mixed_prefill,moe_gemm_or_aux,24,8,bucket_below_range,1,,,,miss,,,1,bucket_below_range
phase438_serving_state_merge,hit_audit,K2.5-tp4ep8dp2-32k3k,mixed_prefill,moe_gemm_or_aux,25,8,bucket_below_range,1,,,,miss,,,1,bucket_below_range
phase438_serving_state_merge,hit_audit,K2.5-tp4ep8dp2-32k3k,mixed_prefill,moe_gemm_or_aux,26,8,bucket_below_range,1,,,,miss,,,1,bucket_below_range
phase438_serving_state_merge,hit_audit,K2.5-tp4ep8dp2-32k3k,mixed_prefill,moe_gemm_or_aux,27,8,bucket_below_range,1,,,,miss,,,1,bucket_below_range
phase438_serving_state_merge,hit_audit,K2.5-tp4ep8dp2-32k3k,mixed_prefill,moe_gemm_or_aux,28,8,bucket_below_range,1,,,,miss,,,1,bucket_below_range
phase438_serving_state_merge,hit_audit,K2.5-tp4ep8dp2-32k3k,mixed_prefill,moe_gemm_or_aux,29,8,bucket_below_range,1,,,,miss,,,1,bucket_below_range
phase438_serving_state_merge,hit_audit,K2.5-tp4ep8dp2-32k3k,mixed_prefill,moe_gemm_or_aux,30,8,bucket_below_range,1,,,,miss,,,1,bucket_below_range
phase438_serving_state_merge,hit_audit,K2.5-tp4ep8dp2-32k3k,mixed_prefill,moe_gemm_or_aux,31,8,bucket_below_range,1,,,,miss,,,1,bucket_below_range
phase438_serving_state_merge,hit_audit,K2.5-tp4ep8dp2-32k3k,mixed_prefill,moe_gemm_or_aux,32,8,bucket_below_range,1,,,,miss,,,1,bucket_below_range
phase438_serving_state_merge,hit_audit,K2.5-tp4ep8dp2-32k3k,mixed_prefill,moe_gemm_or_aux,34,9,bucket_below_range,1,,,,miss,,,1,bucket_below_range
phase438_serving_state_merge,hit_audit,K2.5-tp4ep8dp2-32k3k,mixed_prefill,moe_gemm_or_aux,36,7,bucket_below_range,1,,,,miss,,,1,bucket_below_range
phase438_serving_state_merge,hit_audit,K2.5-tp4ep8dp2-32k3k,mixed_prefill,moe_gemm_or_aux,38,8,bucket_below_range,1,,,,miss,,,1,bucket_below_range
phase438_serving_state_merge,hit_audit,K2.5-tp4ep8dp2-32k3k,mixed_prefill,moe_gemm_or_aux,42,8,bucket_below_range,1,,,,miss,,,1,bucket_below_range
phase438_serving_state_merge,hit_audit,K2.5-tp4ep8dp2-32k3k,mixed_prefill,moe_gemm_or_aux,43,8,bucket_below_range,1,,,,miss,,,1,bucket_below_range
phase438_serving_state_merge,hit_audit,K2.5-tp4ep8dp2-32k3k,mixed_prefill,moe_gemm_or_aux,44,8,bucket_below_range,1,,,,miss,,,1,bucket_below_range
phase438_serving_state_merge,hit_audit,K2.5-tp4ep8dp2-32k3k,mixed_prefill,moe_gemm_or_aux,46,8,bucket_below_range,1,,,,miss,,,1,bucket_below_range
phase438_serving_state_merge,hit_audit,K2.5-tp4ep8dp2-32k3k,mixed_prefill,moe_gemm_or_aux,46,9,bucket_below_range,1,,,,miss,,,1,bucket_below_range
phase438_serving_state_merge,hit_audit,K2.5-tp4ep8dp2-32k3k,mixed_prefill,moe_gemm_or_aux,48,8,bucket_below_range,1,,,,miss,,,1,bucket_below_range
phase438_serving_state_merge,hit_audit,K2.5-tp4ep8dp2-32k3k,mixed_prefill,moe_gemm_or_aux,50,9,bucket_below_range,1,,,,miss,,,1,bucket_below_range
phase438_serving_state_merge,hit_audit,K2.5-tp4ep8dp2-32k3k,mixed_prefill,moe_gemm_or_aux,58,8,bucket_below_range,1,,,,miss,,,1,bucket_below_range
phase438_serving_state_merge,hit_audit,K2.5-tp4ep8dp2-32k3k,mixed_prefill,moe_gemm_or_aux,59,8,bucket_below_range,1,,,,miss,,,1,bucket_below_range
phase438_serving_state_merge,hit_audit,K2.5-tp4ep8dp2-32k3k,mixed_prefill,moe_gemm_or_aux,63,8,bucket_below_range,1,,,,miss,,,1,bucket_below_range
phase438_serving_state_merge,hit_audit,K2.5-tp4ep8dp2-32k3k,mixed_prefill,moe_gemm_or_aux,67,9,bucket_below_range,1,,,,miss,,,1,bucket_below_range
phase438_serving_state_merge,hit_audit,K2.5-tp4ep8dp2-32k3k,mixed_prefill,moe_gemm_or_aux,73,8,bucket_below_range,1,,,,miss,,,1,bucket_below_range
phase438_serving_state_merge,hit_audit,K2.5-tp4ep8dp2-32k3k,mixed_prefill,moe_gemm_or_aux,77,8,bucket_below_range,1,,,,miss,,,1,bucket_below_range
phase438_serving_state_merge,hit_audit,K2.5-tp4ep8dp2-32k3k,mixed_prefill,moe_gemm_or_aux,77,9,bucket_below_range,1,,,,miss,,,1,bucket_below_range
phase438_serving_state_merge,hit_audit,K2.5-tp4ep8dp2-32k3k,mixed_prefill,moe_gemm_or_aux,86,8,bucket_below_range,1,,,,miss,,,1,bucket_below_range
phase438_serving_state_merge,hit_audit,K2.5-tp4ep8dp2-32k3k,mixed_prefill,moe_gemm_or_aux,32000,1,hit,2,,,,hit,,,2,hit
phase438_serving_state_merge,hit_audit,K2.5-tp4ep8dp2-32k3k,mixed_prefill,moe_gemm_or_aux,32000,2,hit,1,,,,hit,,,1,hit
phase438_serving_state_merge,hit_audit,K2.5-tp4ep8dp2-32k3k,mixed_prefill,moe_gemm_or_aux,32000,3,hit,1,,,,hit,,,1,hit
phase438_serving_state_merge,hit_audit,K2.5-tp4ep8dp2-32k3k,mixed_prefill,moe_gemm_or_aux,32000,4,hit,1,,,,hit,,,1,hit
phase438_serving_state_merge,hit_audit,K2.5-tp4ep8dp2-32k3k,mixed_prefill,moe_gemm_or_aux,32000,5,hit,1,,,,hit,,,1,hit
phase438_serving_state_merge,hit_audit,K2.5-tp4ep8dp2-32k3k,mixed_prefill,moe_gemm_or_aux,32000,6,hit,1,,,,hit,,,1,hit
phase438_serving_state_merge,hit_audit,K2.5-tp4ep8dp2-32k3k,mixed_prefill,moe_gemm_or_aux,32000,7,hit,7,,,,hit,,,7,hit
phase438_serving_state_merge,hit_audit,K2.5-tp4ep8dp2-32k3k,mixed_prefill,moe_gemm_or_aux,32000,8,hit,4,,,,hit,,,4,hit
phase438_serving_state_merge,hit_audit,K2.5-tp4ep8dp2-32k3k,mixed_prefill,moe_gemm_or_aux,32000,9,decode_batch_above_range,1,,,,miss,,,1,decode_batch_above_range
phase438_serving_state_merge,hit_audit,K2.5-tp4ep8dp2-32k3k,mixed_prefill,other_cuda,16,8,bucket_below_range,1,,,,miss,,,1,bucket_below_range
phase438_serving_state_merge,hit_audit,K2.5-tp4ep8dp2-32k3k,mixed_prefill,other_cuda,17,8,bucket_below_range,1,,,,miss,,,1,bucket_below_range
phase438_serving_state_merge,hit_audit,K2.5-tp4ep8dp2-32k3k,mixed_prefill,other_cuda,18,9,bucket_below_range,1,,,,miss,,,1,bucket_below_range
phase438_serving_state_merge,hit_audit,K2.5-tp4ep8dp2-32k3k,mixed_prefill,other_cuda,19,8,bucket_below_range,1,,,,miss,,,1,bucket_below_range
phase438_serving_state_merge,hit_audit,K2.5-tp4ep8dp2-32k3k,mixed_prefill,other_cuda,23,8,bucket_below_range,1,,,,miss,,,1,bucket_below_range
phase438_serving_state_merge,hit_audit,K2.5-tp4ep8dp2-32k3k,mixed_prefill,other_cuda,24,8,bucket_below_range,1,,,,miss,,,1,bucket_below_range
phase438_serving_state_merge,hit_audit,K2.5-tp4ep8dp2-32k3k,mixed_prefill,other_cuda,25,8,bucket_below_range,1,,,,miss,,,1,bucket_below_range
phase438_serving_state_merge,hit_audit,K2.5-tp4ep8dp2-32k3k,mixed_prefill,other_cuda,26,8,bucket_below_range,1,,,,miss,,,1,bucket_below_range
phase438_serving_state_merge,hit_audit,K2.5-tp4ep8dp2-32k3k,mixed_prefill,other_cuda,27,8,bucket_below_range,1,,,,miss,,,1,bucket_below_range
phase438_serving_state_merge,hit_audit,K2.5-tp4ep8dp2-32k3k,mixed_prefill,other_cuda,28,8,bucket_below_range,1,,,,miss,,,1,bucket_below_range
phase438_serving_state_merge,hit_audit,K2.5-tp4ep8dp2-32k3k,mixed_prefill,other_cuda,29,8,bucket_below_range,1,,,,miss,,,1,bucket_below_range
phase438_serving_state_merge,hit_audit,K2.5-tp4ep8dp2-32k3k,mixed_prefill,other_cuda,30,8,bucket_below_range,1,,,,miss,,,1,bucket_below_range
phase438_serving_state_merge,hit_audit,K2.5-tp4ep8dp2-32k3k,mixed_prefill,other_cuda,31,8,bucket_below_range,1,,,,miss,,,1,bucket_below_range
phase438_serving_state_merge,hit_audit,K2.5-tp4ep8dp2-32k3k,mixed_prefill,other_cuda,32,8,bucket_below_range,1,,,,miss,,,1,bucket_below_range
phase438_serving_state_merge,hit_audit,K2.5-tp4ep8dp2-32k3k,mixed_prefill,other_cuda,34,9,bucket_below_range,1,,,,miss,,,1,bucket_below_range
phase438_serving_state_merge,hit_audit,K2.5-tp4ep8dp2-32k3k,mixed_prefill,other_cuda,36,7,bucket_below_range,1,,,,miss,,,1,bucket_below_range
phase438_serving_state_merge,hit_audit,K2.5-tp4ep8dp2-32k3k,mixed_prefill,other_cuda,38,8,bucket_below_range,1,,,,miss,,,1,bucket_below_range
phase438_serving_state_merge,hit_audit,K2.5-tp4ep8dp2-32k3k,mixed_prefill,other_cuda,42,8,bucket_below_range,1,,,,miss,,,1,bucket_below_range
phase438_serving_state_merge,hit_audit,K2.5-tp4ep8dp2-32k3k,mixed_prefill,other_cuda,43,8,bucket_below_range,1,,,,miss,,,1,bucket_below_range
phase438_serving_state_merge,hit_audit,K2.5-tp4ep8dp2-32k3k,mixed_prefill,other_cuda,44,8,bucket_below_range,1,,,,miss,,,1,bucket_below_range
phase438_serving_state_merge,hit_audit,K2.5-tp4ep8dp2-32k3k,mixed_prefill,other_cuda,46,8,bucket_below_range,1,,,,miss,,,1,bucket_below_range
phase438_serving_state_merge,hit_audit,K2.5-tp4ep8dp2-32k3k,mixed_prefill,other_cuda,46,9,bucket_below_range,1,,,,miss,,,1,bucket_below_range
phase438_serving_state_merge,hit_audit,K2.5-tp4ep8dp2-32k3k,mixed_prefill,other_cuda,48,8,bucket_below_range,1,,,,miss,,,1,bucket_below_range
phase438_serving_state_merge,hit_audit,K2.5-tp4ep8dp2-32k3k,mixed_prefill,other_cuda,50,9,bucket_below_range,1,,,,miss,,,1,bucket_below_range
phase438_serving_state_merge,hit_audit,K2.5-tp4ep8dp2-32k3k,mixed_prefill,other_cuda,58,8,bucket_below_range,1,,,,miss,,,1,bucket_below_range
phase438_serving_state_merge,hit_audit,K2.5-tp4ep8dp2-32k3k,mixed_prefill,other_cuda,59,8,bucket_below_range,1,,,,miss,,,1,bucket_below_range
phase438_serving_state_merge,hit_audit,K2.5-tp4ep8dp2-32k3k,mixed_prefill,other_cuda,63,8,bucket_below_range,1,,,,miss,,,1,bucket_below_range
phase438_serving_state_merge,hit_audit,K2.5-tp4ep8dp2-32k3k,mixed_prefill,other_cuda,67,9,bucket_below_range,1,,,,miss,,,1,bucket_below_range
phase438_serving_state_merge,hit_audit,K2.5-tp4ep8dp2-32k3k,mixed_prefill,other_cuda,73,8,bucket_below_range,1,,,,miss,,,1,bucket_below_range
phase438_serving_state_merge,hit_audit,K2.5-tp4ep8dp2-32k3k,mixed_prefill,other_cuda,77,8,bucket_below_range,1,,,,miss,,,1,bucket_below_range
phase438_serving_state_merge,hit_audit,K2.5-tp4ep8dp2-32k3k,mixed_prefill,other_cuda,77,9,bucket_below_range,1,,,,miss,,,1,bucket_below_range
phase438_serving_state_merge,hit_audit,K2.5-tp4ep8dp2-32k3k,mixed_prefill,other_cuda,86,8,bucket_below_range,1,,,,miss,,,1,bucket_below_range
phase438_serving_state_merge,hit_audit,K2.5-tp4ep8dp2-32k3k,mixed_prefill,other_cuda,32000,1,hit,2,,,,hit,,,2,hit
phase438_serving_state_merge,hit_audit,K2.5-tp4ep8dp2-32k3k,mixed_prefill,other_cuda,32000,2,hit,1,,,,hit,,,1,hit
phase438_serving_state_merge,hit_audit,K2.5-tp4ep8dp2-32k3k,mixed_prefill,other_cuda,32000,3,hit,1,,,,hit,,,1,hit
phase438_serving_state_merge,hit_audit,K2.5-tp4ep8dp2-32k3k,mixed_prefill,other_cuda,32000,4,hit,1,,,,hit,,,1,hit
phase438_serving_state_merge,hit_audit,K2.5-tp4ep8dp2-32k3k,mixed_prefill,other_cuda,32000,5,hit,1,,,,hit,,,1,hit
phase438_serving_state_merge,hit_audit,K2.5-tp4ep8dp2-32k3k,mixed_prefill,other_cuda,32000,6,hit,1,,,,hit,,,1,hit
phase438_serving_state_merge,hit_audit,K2.5-tp4ep8dp2-32k3k,mixed_prefill,other_cuda,32000,7,hit,7,,,,hit,,,7,hit
phase438_serving_state_merge,hit_audit,K2.5-tp4ep8dp2-32k3k,mixed_prefill,other_cuda,32000,8,hit,4,,,,hit,,,4,hit
phase438_serving_state_merge,hit_audit,K2.5-tp4ep8dp2-32k3k,mixed_prefill,other_cuda,32000,9,decode_batch_above_range,1,,,,miss,,,1,decode_batch_above_range
phase438_serving_state_merge,hit_audit,K2.5-tp4ep8dp2-32k3k,prefill,collective_other,32000,0,table_missing,1,,,,miss,,,1,table_missing
phase438_serving_state_merge,hit_audit,K2.5-tp4ep8dp2-32k3k,prefill,ep_a2a,32000,0,table_missing,1,,,,miss,,,1,table_missing
phase438_serving_state_merge,hit_audit,K2.5-tp4ep8dp2-32k3k,prefill,moe_gemm_or_aux,32000,0,table_missing,1,,,,miss,,,1,table_missing
phase438_serving_state_merge,hit_audit,K2.5-tp4ep8dp2-32k3k,prefill,other_cuda,32000,0,table_missing,1,,,,miss,,,1,table_missing
phase438_serving_state_merge,validate_ab,K2.5-tp8ep8-8k2k,,,,,error_ratio,166.971525,1.250000,1.250461,1.250461,unchanged,,,,real=133.528; sim=166.972
phase438_serving_state_merge,validate_ab,K2.5-tp8ep8-32k3k,,,,,error_ratio,56.078752,1.069000,1.068795,1.068795,unchanged,,,,real=52.469; sim=56.079
phase438_serving_state_merge,validate_ab,K2.5-tp4ep8dp2-8k2k,,,,,error_ratio,291.672980,2.600000,2.117931,2.117931,improved,,,,real=137.716; sim=291.673
phase438_serving_state_merge,validate_ab,K2.5-tp4ep8dp2-32k3k,,,,,error_ratio,66.840333,1.255000,1.254571,1.254571,unchanged,,,,real=53.277; sim=66.840
phase438_serving_state_merge,validate_ab,K2.5-tp8ep8-8k2k-bt65536,,,,,error_ratio,155.069882,1.120000,1.119881,1.119881,unchanged,,,,real=138.470; sim=155.070
phase438_serving_state_merge,validate_ab,K2.5-tp4ep8dp2-8k2k-bt65536,,,,,error_ratio,142.651210,1.249000,1.252313,1.252313,unchanged,,,,real=113.910; sim=142.651
phase438_serving_state_merge,window_recommendation,K2.5-tp4ep8dp2-8k2k,,,,,,,,,,,W-A,8k mixed prefill decode_batch above range,165,steady trigger required; target decode_batch 56-64
