alignment_key,alignment_key_type,engine_step_id,dp_rank,source,scenario,iteration,phase,scheduled_context_tokens,scheduled_decode_tokens,scheduled_total_tokens,scheduled_context_reqs,scheduled_decode_reqs,scheduled_total_reqs,max_num_batched_tokens,max_num_seqs,forward_token_count,forward_regime,cudagraph_runtime_mode,topology_key,tp,dp,moe_tp,moe_ep,valid_for_default,perf_database,diagnostic_only
engine_dp:0:step:0,engine_core_dp_step,0,0,cb_sim_vllm_like,32000x1000_b16,0,prefill,8192,0,8192,1,0,1,8192,256,8192,NONE:8192,NONE,tp4dp2moetp1ep8,4,2,1,8,False,False,True
engine_dp:0:step:1,engine_core_dp_step,1,0,cb_sim_vllm_like,32000x1000_b16,1,prefill,8192,0,8192,1,0,1,8192,256,8192,NONE:8192,NONE,tp4dp2moetp1ep8,4,2,1,8,False,False,True
engine_dp:0:step:2,engine_core_dp_step,2,0,cb_sim_vllm_like,32000x1000_b16,2,prefill,8192,0,8192,1,0,1,8192,256,8192,NONE:8192,NONE,tp4dp2moetp1ep8,4,2,1,8,False,False,True
engine_dp:0:step:3,engine_core_dp_step,3,0,cb_sim_vllm_like,32000x1000_b16,3,prefill,7536,0,7536,8,0,8,8192,256,7536,NONE:7536,NONE,tp4dp2moetp1ep8,4,2,1,8,False,False,True
engine_dp:0:step:4,engine_core_dp_step,4,0,cb_sim_vllm_like,32000x1000_b16,4,pure_decode,0,8,8,0,8,8,8192,256,8,FULL:8,FULL,tp4dp2moetp1ep8,4,2,1,8,False,False,True
engine_dp:0:step:5,engine_core_dp_step,5,0,cb_sim_vllm_like,32000x1000_b16,5,pure_decode,0,8,8,0,8,8,8192,256,8,FULL:8,FULL,tp4dp2moetp1ep8,4,2,1,8,False,False,True
engine_dp:0:step:6,engine_core_dp_step,6,0,cb_sim_vllm_like,32000x1000_b16,6,pure_decode,0,8,8,0,8,8,8192,256,8,FULL:8,FULL,tp4dp2moetp1ep8,4,2,1,8,False,False,True
engine_dp:0:step:7,engine_core_dp_step,7,0,cb_sim_vllm_like,32000x1000_b16,7,pure_decode,0,8,8,0,8,8,8192,256,8,FULL:8,FULL,tp4dp2moetp1ep8,4,2,1,8,False,False,True
engine_dp:0:step:8,engine_core_dp_step,8,0,cb_sim_vllm_like,32000x1000_b16,8,pure_decode,0,8,8,0,8,8,8192,256,8,FULL:8,FULL,tp4dp2moetp1ep8,4,2,1,8,False,False,True
engine_dp:0:step:9,engine_core_dp_step,9,0,cb_sim_vllm_like,32000x1000_b16,9,pure_decode,0,8,8,0,8,8,8192,256,8,FULL:8,FULL,tp4dp2moetp1ep8,4,2,1,8,False,False,True
engine_dp:0:step:10,engine_core_dp_step,10,0,cb_sim_vllm_like,32000x1000_b16,10,pure_decode,0,8,8,0,8,8,8192,256,8,FULL:8,FULL,tp4dp2moetp1ep8,4,2,1,8,False,False,True
engine_dp:0:step:11,engine_core_dp_step,11,0,cb_sim_vllm_like,32000x1000_b16,11,pure_decode,0,8,8,0,8,8,8192,256,8,FULL:8,FULL,tp4dp2moetp1ep8,4,2,1,8,False,False,True
engine_dp:0:step:12,engine_core_dp_step,12,0,cb_sim_vllm_like,32000x1000_b16,12,pure_decode,0,8,8,0,8,8,8192,256,8,FULL:8,FULL,tp4dp2moetp1ep8,4,2,1,8,False,False,True
engine_dp:0:step:13,engine_core_dp_step,13,0,cb_sim_vllm_like,32000x1000_b16,13,pure_decode,0,8,8,0,8,8,8192,256,8,FULL:8,FULL,tp4dp2moetp1ep8,4,2,1,8,False,False,True
engine_dp:0:step:14,engine_core_dp_step,14,0,cb_sim_vllm_like,32000x1000_b16,14,pure_decode,0,8,8,0,8,8,8192,256,8,FULL:8,FULL,tp4dp2moetp1ep8,4,2,1,8,False,False,True
engine_dp:0:step:15,engine_core_dp_step,15,0,cb_sim_vllm_like,32000x1000_b16,15,pure_decode,0,8,8,0,8,8,8192,256,8,FULL:8,FULL,tp4dp2moetp1ep8,4,2,1,8,False,False,True
engine_dp:0:step:16,engine_core_dp_step,16,0,cb_sim_vllm_like,32000x1000_b16,16,pure_decode,0,8,8,0,8,8,8192,256,8,FULL:8,FULL,tp4dp2moetp1ep8,4,2,1,8,False,False,True
engine_dp:0:step:17,engine_core_dp_step,17,0,cb_sim_vllm_like,32000x1000_b16,17,pure_decode,0,8,8,0,8,8,8192,256,8,FULL:8,FULL,tp4dp2moetp1ep8,4,2,1,8,False,False,True
engine_dp:0:step:18,engine_core_dp_step,18,0,cb_sim_vllm_like,32000x1000_b16,18,pure_decode,0,8,8,0,8,8,8192,256,8,FULL:8,FULL,tp4dp2moetp1ep8,4,2,1,8,False,False,True
engine_dp:0:step:19,engine_core_dp_step,19,0,cb_sim_vllm_like,32000x1000_b16,19,pure_decode,0,8,8,0,8,8,8192,256,8,FULL:8,FULL,tp4dp2moetp1ep8,4,2,1,8,False,False,True
engine_dp:0:step:20,engine_core_dp_step,20,0,cb_sim_vllm_like,32000x1000_b16,20,pure_decode,0,8,8,0,8,8,8192,256,8,FULL:8,FULL,tp4dp2moetp1ep8,4,2,1,8,False,False,True
engine_dp:0:step:21,engine_core_dp_step,21,0,cb_sim_vllm_like,32000x1000_b16,21,pure_decode,0,8,8,0,8,8,8192,256,8,FULL:8,FULL,tp4dp2moetp1ep8,4,2,1,8,False,False,True
engine_dp:0:step:22,engine_core_dp_step,22,0,cb_sim_vllm_like,32000x1000_b16,22,pure_decode,0,8,8,0,8,8,8192,256,8,FULL:8,FULL,tp4dp2moetp1ep8,4,2,1,8,False,False,True
engine_dp:0:step:23,engine_core_dp_step,23,0,cb_sim_vllm_like,32000x1000_b16,23,pure_decode,0,8,8,0,8,8,8192,256,8,FULL:8,FULL,tp4dp2moetp1ep8,4,2,1,8,False,False,True
engine_dp:0:step:24,engine_core_dp_step,24,0,cb_sim_vllm_like,32000x1000_b16,24,pure_decode,0,8,8,0,8,8,8192,256,8,FULL:8,FULL,tp4dp2moetp1ep8,4,2,1,8,False,False,True
engine_dp:0:step:25,engine_core_dp_step,25,0,cb_sim_vllm_like,32000x1000_b16,25,pure_decode,0,8,8,0,8,8,8192,256,8,FULL:8,FULL,tp4dp2moetp1ep8,4,2,1,8,False,False,True
engine_dp:0:step:26,engine_core_dp_step,26,0,cb_sim_vllm_like,32000x1000_b16,26,pure_decode,0,8,8,0,8,8,8192,256,8,FULL:8,FULL,tp4dp2moetp1ep8,4,2,1,8,False,False,True
engine_dp:0:step:27,engine_core_dp_step,27,0,cb_sim_vllm_like,32000x1000_b16,27,pure_decode,0,8,8,0,8,8,8192,256,8,FULL:8,FULL,tp4dp2moetp1ep8,4,2,1,8,False,False,True
engine_dp:0:step:28,engine_core_dp_step,28,0,cb_sim_vllm_like,32000x1000_b16,28,pure_decode,0,8,8,0,8,8,8192,256,8,FULL:8,FULL,tp4dp2moetp1ep8,4,2,1,8,False,False,True
engine_dp:0:step:29,engine_core_dp_step,29,0,cb_sim_vllm_like,32000x1000_b16,29,pure_decode,0,8,8,0,8,8,8192,256,8,FULL:8,FULL,tp4dp2moetp1ep8,4,2,1,8,False,False,True
engine_dp:0:step:30,engine_core_dp_step,30,0,cb_sim_vllm_like,32000x1000_b16,30,pure_decode,0,8,8,0,8,8,8192,256,8,FULL:8,FULL,tp4dp2moetp1ep8,4,2,1,8,False,False,True
engine_dp:0:step:31,engine_core_dp_step,31,0,cb_sim_vllm_like,32000x1000_b16,31,pure_decode,0,8,8,0,8,8,8192,256,8,FULL:8,FULL,tp4dp2moetp1ep8,4,2,1,8,False,False,True
engine_dp:0:step:32,engine_core_dp_step,32,0,cb_sim_vllm_like,32000x1000_b16,32,pure_decode,0,8,8,0,8,8,8192,256,8,FULL:8,FULL,tp4dp2moetp1ep8,4,2,1,8,False,False,True
engine_dp:0:step:33,engine_core_dp_step,33,0,cb_sim_vllm_like,32000x1000_b16,33,pure_decode,0,8,8,0,8,8,8192,256,8,FULL:8,FULL,tp4dp2moetp1ep8,4,2,1,8,False,False,True
engine_dp:0:step:34,engine_core_dp_step,34,0,cb_sim_vllm_like,32000x1000_b16,34,pure_decode,0,8,8,0,8,8,8192,256,8,FULL:8,FULL,tp4dp2moetp1ep8,4,2,1,8,False,False,True
engine_dp:0:step:35,engine_core_dp_step,35,0,cb_sim_vllm_like,32000x1000_b16,35,pure_decode,0,8,8,0,8,8,8192,256,8,FULL:8,FULL,tp4dp2moetp1ep8,4,2,1,8,False,False,True
engine_dp:0:step:36,engine_core_dp_step,36,0,cb_sim_vllm_like,32000x1000_b16,36,pure_decode,0,8,8,0,8,8,8192,256,8,FULL:8,FULL,tp4dp2moetp1ep8,4,2,1,8,False,False,True
engine_dp:0:step:37,engine_core_dp_step,37,0,cb_sim_vllm_like,32000x1000_b16,37,pure_decode,0,8,8,0,8,8,8192,256,8,FULL:8,FULL,tp4dp2moetp1ep8,4,2,1,8,False,False,True
engine_dp:0:step:38,engine_core_dp_step,38,0,cb_sim_vllm_like,32000x1000_b16,38,pure_decode,0,8,8,0,8,8,8192,256,8,FULL:8,FULL,tp4dp2moetp1ep8,4,2,1,8,False,False,True
engine_dp:0:step:39,engine_core_dp_step,39,0,cb_sim_vllm_like,32000x1000_b16,39,pure_decode,0,8,8,0,8,8,8192,256,8,FULL:8,FULL,tp4dp2moetp1ep8,4,2,1,8,False,False,True
engine_dp:0:step:40,engine_core_dp_step,40,0,cb_sim_vllm_like,32000x1000_b16,40,pure_decode,0,8,8,0,8,8,8192,256,8,FULL:8,FULL,tp4dp2moetp1ep8,4,2,1,8,False,False,True
engine_dp:0:step:41,engine_core_dp_step,41,0,cb_sim_vllm_like,32000x1000_b16,41,pure_decode,0,8,8,0,8,8,8192,256,8,FULL:8,FULL,tp4dp2moetp1ep8,4,2,1,8,False,False,True
engine_dp:0:step:42,engine_core_dp_step,42,0,cb_sim_vllm_like,32000x1000_b16,42,pure_decode,0,8,8,0,8,8,8192,256,8,FULL:8,FULL,tp4dp2moetp1ep8,4,2,1,8,False,False,True
engine_dp:0:step:43,engine_core_dp_step,43,0,cb_sim_vllm_like,32000x1000_b16,43,pure_decode,0,8,8,0,8,8,8192,256,8,FULL:8,FULL,tp4dp2moetp1ep8,4,2,1,8,False,False,True
engine_dp:0:step:44,engine_core_dp_step,44,0,cb_sim_vllm_like,32000x1000_b16,44,pure_decode,0,8,8,0,8,8,8192,256,8,FULL:8,FULL,tp4dp2moetp1ep8,4,2,1,8,False,False,True
engine_dp:0:step:45,engine_core_dp_step,45,0,cb_sim_vllm_like,32000x1000_b16,45,pure_decode,0,8,8,0,8,8,8192,256,8,FULL:8,FULL,tp4dp2moetp1ep8,4,2,1,8,False,False,True
engine_dp:0:step:46,engine_core_dp_step,46,0,cb_sim_vllm_like,32000x1000_b16,46,pure_decode,0,8,8,0,8,8,8192,256,8,FULL:8,FULL,tp4dp2moetp1ep8,4,2,1,8,False,False,True
engine_dp:0:step:47,engine_core_dp_step,47,0,cb_sim_vllm_like,32000x1000_b16,47,pure_decode,0,8,8,0,8,8,8192,256,8,FULL:8,FULL,tp4dp2moetp1ep8,4,2,1,8,False,False,True
engine_dp:0:step:48,engine_core_dp_step,48,0,cb_sim_vllm_like,32000x1000_b16,48,pure_decode,0,8,8,0,8,8,8192,256,8,FULL:8,FULL,tp4dp2moetp1ep8,4,2,1,8,False,False,True
engine_dp:0:step:49,engine_core_dp_step,49,0,cb_sim_vllm_like,32000x1000_b16,49,pure_decode,0,8,8,0,8,8,8192,256,8,FULL:8,FULL,tp4dp2moetp1ep8,4,2,1,8,False,False,True
engine_dp:0:step:50,engine_core_dp_step,50,0,cb_sim_vllm_like,32000x1000_b16,50,pure_decode,0,8,8,0,8,8,8192,256,8,FULL:8,FULL,tp4dp2moetp1ep8,4,2,1,8,False,False,True
engine_dp:0:step:51,engine_core_dp_step,51,0,cb_sim_vllm_like,32000x1000_b16,51,pure_decode,0,8,8,0,8,8,8192,256,8,FULL:8,FULL,tp4dp2moetp1ep8,4,2,1,8,False,False,True
engine_dp:0:step:52,engine_core_dp_step,52,0,cb_sim_vllm_like,32000x1000_b16,52,pure_decode,0,8,8,0,8,8,8192,256,8,FULL:8,FULL,tp4dp2moetp1ep8,4,2,1,8,False,False,True
engine_dp:0:step:53,engine_core_dp_step,53,0,cb_sim_vllm_like,32000x1000_b16,53,pure_decode,0,8,8,0,8,8,8192,256,8,FULL:8,FULL,tp4dp2moetp1ep8,4,2,1,8,False,False,True
engine_dp:0:step:54,engine_core_dp_step,54,0,cb_sim_vllm_like,32000x1000_b16,54,pure_decode,0,8,8,0,8,8,8192,256,8,FULL:8,FULL,tp4dp2moetp1ep8,4,2,1,8,False,False,True
engine_dp:0:step:55,engine_core_dp_step,55,0,cb_sim_vllm_like,32000x1000_b16,55,pure_decode,0,8,8,0,8,8,8192,256,8,FULL:8,FULL,tp4dp2moetp1ep8,4,2,1,8,False,False,True
engine_dp:0:step:56,engine_core_dp_step,56,0,cb_sim_vllm_like,32000x1000_b16,56,pure_decode,0,8,8,0,8,8,8192,256,8,FULL:8,FULL,tp4dp2moetp1ep8,4,2,1,8,False,False,True
engine_dp:0:step:57,engine_core_dp_step,57,0,cb_sim_vllm_like,32000x1000_b16,57,pure_decode,0,8,8,0,8,8,8192,256,8,FULL:8,FULL,tp4dp2moetp1ep8,4,2,1,8,False,False,True
engine_dp:0:step:58,engine_core_dp_step,58,0,cb_sim_vllm_like,32000x1000_b16,58,pure_decode,0,8,8,0,8,8,8192,256,8,FULL:8,FULL,tp4dp2moetp1ep8,4,2,1,8,False,False,True
engine_dp:0:step:59,engine_core_dp_step,59,0,cb_sim_vllm_like,32000x1000_b16,59,pure_decode,0,8,8,0,8,8,8192,256,8,FULL:8,FULL,tp4dp2moetp1ep8,4,2,1,8,False,False,True
engine_dp:0:step:60,engine_core_dp_step,60,0,cb_sim_vllm_like,32000x1000_b16,60,pure_decode,0,8,8,0,8,8,8192,256,8,FULL:8,FULL,tp4dp2moetp1ep8,4,2,1,8,False,False,True
engine_dp:0:step:61,engine_core_dp_step,61,0,cb_sim_vllm_like,32000x1000_b16,61,pure_decode,0,8,8,0,8,8,8192,256,8,FULL:8,FULL,tp4dp2moetp1ep8,4,2,1,8,False,False,True
engine_dp:0:step:62,engine_core_dp_step,62,0,cb_sim_vllm_like,32000x1000_b16,62,pure_decode,0,8,8,0,8,8,8192,256,8,FULL:8,FULL,tp4dp2moetp1ep8,4,2,1,8,False,False,True
engine_dp:0:step:63,engine_core_dp_step,63,0,cb_sim_vllm_like,32000x1000_b16,63,pure_decode,0,8,8,0,8,8,8192,256,8,FULL:8,FULL,tp4dp2moetp1ep8,4,2,1,8,False,False,True
engine_dp:0:step:64,engine_core_dp_step,64,0,cb_sim_vllm_like,32000x1000_b16,64,pure_decode,0,8,8,0,8,8,8192,256,8,FULL:8,FULL,tp4dp2moetp1ep8,4,2,1,8,False,False,True
engine_dp:0:step:65,engine_core_dp_step,65,0,cb_sim_vllm_like,32000x1000_b16,65,pure_decode,0,8,8,0,8,8,8192,256,8,FULL:8,FULL,tp4dp2moetp1ep8,4,2,1,8,False,False,True
engine_dp:0:step:66,engine_core_dp_step,66,0,cb_sim_vllm_like,32000x1000_b16,66,pure_decode,0,8,8,0,8,8,8192,256,8,FULL:8,FULL,tp4dp2moetp1ep8,4,2,1,8,False,False,True
engine_dp:0:step:67,engine_core_dp_step,67,0,cb_sim_vllm_like,32000x1000_b16,67,pure_decode,0,8,8,0,8,8,8192,256,8,FULL:8,FULL,tp4dp2moetp1ep8,4,2,1,8,False,False,True
engine_dp:0:step:68,engine_core_dp_step,68,0,cb_sim_vllm_like,32000x1000_b16,68,pure_decode,0,8,8,0,8,8,8192,256,8,FULL:8,FULL,tp4dp2moetp1ep8,4,2,1,8,False,False,True
engine_dp:0:step:69,engine_core_dp_step,69,0,cb_sim_vllm_like,32000x1000_b16,69,pure_decode,0,8,8,0,8,8,8192,256,8,FULL:8,FULL,tp4dp2moetp1ep8,4,2,1,8,False,False,True
engine_dp:0:step:70,engine_core_dp_step,70,0,cb_sim_vllm_like,32000x1000_b16,70,pure_decode,0,8,8,0,8,8,8192,256,8,FULL:8,FULL,tp4dp2moetp1ep8,4,2,1,8,False,False,True
engine_dp:0:step:71,engine_core_dp_step,71,0,cb_sim_vllm_like,32000x1000_b16,71,pure_decode,0,8,8,0,8,8,8192,256,8,FULL:8,FULL,tp4dp2moetp1ep8,4,2,1,8,False,False,True
engine_dp:0:step:72,engine_core_dp_step,72,0,cb_sim_vllm_like,32000x1000_b16,72,pure_decode,0,8,8,0,8,8,8192,256,8,FULL:8,FULL,tp4dp2moetp1ep8,4,2,1,8,False,False,True
engine_dp:0:step:73,engine_core_dp_step,73,0,cb_sim_vllm_like,32000x1000_b16,73,pure_decode,0,8,8,0,8,8,8192,256,8,FULL:8,FULL,tp4dp2moetp1ep8,4,2,1,8,False,False,True
engine_dp:0:step:74,engine_core_dp_step,74,0,cb_sim_vllm_like,32000x1000_b16,74,pure_decode,0,8,8,0,8,8,8192,256,8,FULL:8,FULL,tp4dp2moetp1ep8,4,2,1,8,False,False,True
engine_dp:0:step:75,engine_core_dp_step,75,0,cb_sim_vllm_like,32000x1000_b16,75,pure_decode,0,8,8,0,8,8,8192,256,8,FULL:8,FULL,tp4dp2moetp1ep8,4,2,1,8,False,False,True
engine_dp:0:step:76,engine_core_dp_step,76,0,cb_sim_vllm_like,32000x1000_b16,76,pure_decode,0,8,8,0,8,8,8192,256,8,FULL:8,FULL,tp4dp2moetp1ep8,4,2,1,8,False,False,True
engine_dp:0:step:77,engine_core_dp_step,77,0,cb_sim_vllm_like,32000x1000_b16,77,pure_decode,0,8,8,0,8,8,8192,256,8,FULL:8,FULL,tp4dp2moetp1ep8,4,2,1,8,False,False,True
engine_dp:0:step:78,engine_core_dp_step,78,0,cb_sim_vllm_like,32000x1000_b16,78,pure_decode,0,8,8,0,8,8,8192,256,8,FULL:8,FULL,tp4dp2moetp1ep8,4,2,1,8,False,False,True
engine_dp:0:step:79,engine_core_dp_step,79,0,cb_sim_vllm_like,32000x1000_b16,79,pure_decode,0,8,8,0,8,8,8192,256,8,FULL:8,FULL,tp4dp2moetp1ep8,4,2,1,8,False,False,True
engine_dp:0:step:80,engine_core_dp_step,80,0,cb_sim_vllm_like,32000x1000_b16,80,pure_decode,0,8,8,0,8,8,8192,256,8,FULL:8,FULL,tp4dp2moetp1ep8,4,2,1,8,False,False,True
engine_dp:0:step:81,engine_core_dp_step,81,0,cb_sim_vllm_like,32000x1000_b16,81,pure_decode,0,8,8,0,8,8,8192,256,8,FULL:8,FULL,tp4dp2moetp1ep8,4,2,1,8,False,False,True
engine_dp:0:step:82,engine_core_dp_step,82,0,cb_sim_vllm_like,32000x1000_b16,82,pure_decode,0,8,8,0,8,8,8192,256,8,FULL:8,FULL,tp4dp2moetp1ep8,4,2,1,8,False,False,True
engine_dp:0:step:83,engine_core_dp_step,83,0,cb_sim_vllm_like,32000x1000_b16,83,pure_decode,0,8,8,0,8,8,8192,256,8,FULL:8,FULL,tp4dp2moetp1ep8,4,2,1,8,False,False,True
engine_dp:0:step:84,engine_core_dp_step,84,0,cb_sim_vllm_like,32000x1000_b16,84,pure_decode,0,8,8,0,8,8,8192,256,8,FULL:8,FULL,tp4dp2moetp1ep8,4,2,1,8,False,False,True
engine_dp:0:step:85,engine_core_dp_step,85,0,cb_sim_vllm_like,32000x1000_b16,85,pure_decode,0,8,8,0,8,8,8192,256,8,FULL:8,FULL,tp4dp2moetp1ep8,4,2,1,8,False,False,True
engine_dp:0:step:86,engine_core_dp_step,86,0,cb_sim_vllm_like,32000x1000_b16,86,pure_decode,0,8,8,0,8,8,8192,256,8,FULL:8,FULL,tp4dp2moetp1ep8,4,2,1,8,False,False,True
engine_dp:0:step:87,engine_core_dp_step,87,0,cb_sim_vllm_like,32000x1000_b16,87,pure_decode,0,8,8,0,8,8,8192,256,8,FULL:8,FULL,tp4dp2moetp1ep8,4,2,1,8,False,False,True
engine_dp:0:step:88,engine_core_dp_step,88,0,cb_sim_vllm_like,32000x1000_b16,88,pure_decode,0,8,8,0,8,8,8192,256,8,FULL:8,FULL,tp4dp2moetp1ep8,4,2,1,8,False,False,True
engine_dp:0:step:89,engine_core_dp_step,89,0,cb_sim_vllm_like,32000x1000_b16,89,pure_decode,0,8,8,0,8,8,8192,256,8,FULL:8,FULL,tp4dp2moetp1ep8,4,2,1,8,False,False,True
engine_dp:0:step:90,engine_core_dp_step,90,0,cb_sim_vllm_like,32000x1000_b16,90,pure_decode,0,8,8,0,8,8,8192,256,8,FULL:8,FULL,tp4dp2moetp1ep8,4,2,1,8,False,False,True
engine_dp:0:step:91,engine_core_dp_step,91,0,cb_sim_vllm_like,32000x1000_b16,91,pure_decode,0,8,8,0,8,8,8192,256,8,FULL:8,FULL,tp4dp2moetp1ep8,4,2,1,8,False,False,True
engine_dp:0:step:92,engine_core_dp_step,92,0,cb_sim_vllm_like,32000x1000_b16,92,pure_decode,0,8,8,0,8,8,8192,256,8,FULL:8,FULL,tp4dp2moetp1ep8,4,2,1,8,False,False,True
engine_dp:0:step:93,engine_core_dp_step,93,0,cb_sim_vllm_like,32000x1000_b16,93,pure_decode,0,8,8,0,8,8,8192,256,8,FULL:8,FULL,tp4dp2moetp1ep8,4,2,1,8,False,False,True
engine_dp:0:step:94,engine_core_dp_step,94,0,cb_sim_vllm_like,32000x1000_b16,94,pure_decode,0,8,8,0,8,8,8192,256,8,FULL:8,FULL,tp4dp2moetp1ep8,4,2,1,8,False,False,True
engine_dp:0:step:95,engine_core_dp_step,95,0,cb_sim_vllm_like,32000x1000_b16,95,pure_decode,0,8,8,0,8,8,8192,256,8,FULL:8,FULL,tp4dp2moetp1ep8,4,2,1,8,False,False,True
engine_dp:0:step:96,engine_core_dp_step,96,0,cb_sim_vllm_like,32000x1000_b16,96,pure_decode,0,8,8,0,8,8,8192,256,8,FULL:8,FULL,tp4dp2moetp1ep8,4,2,1,8,False,False,True
engine_dp:0:step:97,engine_core_dp_step,97,0,cb_sim_vllm_like,32000x1000_b16,97,pure_decode,0,8,8,0,8,8,8192,256,8,FULL:8,FULL,tp4dp2moetp1ep8,4,2,1,8,False,False,True
engine_dp:0:step:98,engine_core_dp_step,98,0,cb_sim_vllm_like,32000x1000_b16,98,pure_decode,0,8,8,0,8,8,8192,256,8,FULL:8,FULL,tp4dp2moetp1ep8,4,2,1,8,False,False,True
engine_dp:0:step:99,engine_core_dp_step,99,0,cb_sim_vllm_like,32000x1000_b16,99,pure_decode,0,8,8,0,8,8,8192,256,8,FULL:8,FULL,tp4dp2moetp1ep8,4,2,1,8,False,False,True
engine_dp:0:step:100,engine_core_dp_step,100,0,cb_sim_vllm_like,32000x1000_b16,100,pure_decode,0,8,8,0,8,8,8192,256,8,FULL:8,FULL,tp4dp2moetp1ep8,4,2,1,8,False,False,True
engine_dp:0:step:101,engine_core_dp_step,101,0,cb_sim_vllm_like,32000x1000_b16,101,pure_decode,0,8,8,0,8,8,8192,256,8,FULL:8,FULL,tp4dp2moetp1ep8,4,2,1,8,False,False,True
engine_dp:0:step:102,engine_core_dp_step,102,0,cb_sim_vllm_like,32000x1000_b16,102,pure_decode,0,8,8,0,8,8,8192,256,8,FULL:8,FULL,tp4dp2moetp1ep8,4,2,1,8,False,False,True
engine_dp:0:step:103,engine_core_dp_step,103,0,cb_sim_vllm_like,32000x1000_b16,103,pure_decode,0,8,8,0,8,8,8192,256,8,FULL:8,FULL,tp4dp2moetp1ep8,4,2,1,8,False,False,True
engine_dp:0:step:104,engine_core_dp_step,104,0,cb_sim_vllm_like,32000x1000_b16,104,pure_decode,0,8,8,0,8,8,8192,256,8,FULL:8,FULL,tp4dp2moetp1ep8,4,2,1,8,False,False,True
engine_dp:0:step:105,engine_core_dp_step,105,0,cb_sim_vllm_like,32000x1000_b16,105,pure_decode,0,8,8,0,8,8,8192,256,8,FULL:8,FULL,tp4dp2moetp1ep8,4,2,1,8,False,False,True
engine_dp:0:step:106,engine_core_dp_step,106,0,cb_sim_vllm_like,32000x1000_b16,106,pure_decode,0,8,8,0,8,8,8192,256,8,FULL:8,FULL,tp4dp2moetp1ep8,4,2,1,8,False,False,True
engine_dp:0:step:107,engine_core_dp_step,107,0,cb_sim_vllm_like,32000x1000_b16,107,pure_decode,0,8,8,0,8,8,8192,256,8,FULL:8,FULL,tp4dp2moetp1ep8,4,2,1,8,False,False,True
engine_dp:0:step:108,engine_core_dp_step,108,0,cb_sim_vllm_like,32000x1000_b16,108,pure_decode,0,8,8,0,8,8,8192,256,8,FULL:8,FULL,tp4dp2moetp1ep8,4,2,1,8,False,False,True
engine_dp:0:step:109,engine_core_dp_step,109,0,cb_sim_vllm_like,32000x1000_b16,109,pure_decode,0,8,8,0,8,8,8192,256,8,FULL:8,FULL,tp4dp2moetp1ep8,4,2,1,8,False,False,True
engine_dp:0:step:110,engine_core_dp_step,110,0,cb_sim_vllm_like,32000x1000_b16,110,pure_decode,0,8,8,0,8,8,8192,256,8,FULL:8,FULL,tp4dp2moetp1ep8,4,2,1,8,False,False,True
engine_dp:0:step:111,engine_core_dp_step,111,0,cb_sim_vllm_like,32000x1000_b16,111,pure_decode,0,8,8,0,8,8,8192,256,8,FULL:8,FULL,tp4dp2moetp1ep8,4,2,1,8,False,False,True
engine_dp:0:step:112,engine_core_dp_step,112,0,cb_sim_vllm_like,32000x1000_b16,112,pure_decode,0,8,8,0,8,8,8192,256,8,FULL:8,FULL,tp4dp2moetp1ep8,4,2,1,8,False,False,True
engine_dp:0:step:113,engine_core_dp_step,113,0,cb_sim_vllm_like,32000x1000_b16,113,pure_decode,0,8,8,0,8,8,8192,256,8,FULL:8,FULL,tp4dp2moetp1ep8,4,2,1,8,False,False,True
engine_dp:0:step:114,engine_core_dp_step,114,0,cb_sim_vllm_like,32000x1000_b16,114,pure_decode,0,8,8,0,8,8,8192,256,8,FULL:8,FULL,tp4dp2moetp1ep8,4,2,1,8,False,False,True
engine_dp:0:step:115,engine_core_dp_step,115,0,cb_sim_vllm_like,32000x1000_b16,115,pure_decode,0,8,8,0,8,8,8192,256,8,FULL:8,FULL,tp4dp2moetp1ep8,4,2,1,8,False,False,True
engine_dp:0:step:116,engine_core_dp_step,116,0,cb_sim_vllm_like,32000x1000_b16,116,pure_decode,0,8,8,0,8,8,8192,256,8,FULL:8,FULL,tp4dp2moetp1ep8,4,2,1,8,False,False,True
engine_dp:0:step:117,engine_core_dp_step,117,0,cb_sim_vllm_like,32000x1000_b16,117,pure_decode,0,8,8,0,8,8,8192,256,8,FULL:8,FULL,tp4dp2moetp1ep8,4,2,1,8,False,False,True
engine_dp:0:step:118,engine_core_dp_step,118,0,cb_sim_vllm_like,32000x1000_b16,118,pure_decode,0,8,8,0,8,8,8192,256,8,FULL:8,FULL,tp4dp2moetp1ep8,4,2,1,8,False,False,True
engine_dp:0:step:119,engine_core_dp_step,119,0,cb_sim_vllm_like,32000x1000_b16,119,pure_decode,0,8,8,0,8,8,8192,256,8,FULL:8,FULL,tp4dp2moetp1ep8,4,2,1,8,False,False,True
engine_dp:0:step:120,engine_core_dp_step,120,0,cb_sim_vllm_like,32000x1000_b16,120,pure_decode,0,8,8,0,8,8,8192,256,8,FULL:8,FULL,tp4dp2moetp1ep8,4,2,1,8,False,False,True
engine_dp:0:step:121,engine_core_dp_step,121,0,cb_sim_vllm_like,32000x1000_b16,121,pure_decode,0,8,8,0,8,8,8192,256,8,FULL:8,FULL,tp4dp2moetp1ep8,4,2,1,8,False,False,True
engine_dp:0:step:122,engine_core_dp_step,122,0,cb_sim_vllm_like,32000x1000_b16,122,pure_decode,0,8,8,0,8,8,8192,256,8,FULL:8,FULL,tp4dp2moetp1ep8,4,2,1,8,False,False,True
engine_dp:0:step:123,engine_core_dp_step,123,0,cb_sim_vllm_like,32000x1000_b16,123,pure_decode,0,8,8,0,8,8,8192,256,8,FULL:8,FULL,tp4dp2moetp1ep8,4,2,1,8,False,False,True
engine_dp:0:step:124,engine_core_dp_step,124,0,cb_sim_vllm_like,32000x1000_b16,124,pure_decode,0,8,8,0,8,8,8192,256,8,FULL:8,FULL,tp4dp2moetp1ep8,4,2,1,8,False,False,True
engine_dp:0:step:125,engine_core_dp_step,125,0,cb_sim_vllm_like,32000x1000_b16,125,pure_decode,0,8,8,0,8,8,8192,256,8,FULL:8,FULL,tp4dp2moetp1ep8,4,2,1,8,False,False,True
engine_dp:0:step:126,engine_core_dp_step,126,0,cb_sim_vllm_like,32000x1000_b16,126,pure_decode,0,8,8,0,8,8,8192,256,8,FULL:8,FULL,tp4dp2moetp1ep8,4,2,1,8,False,False,True
engine_dp:0:step:127,engine_core_dp_step,127,0,cb_sim_vllm_like,32000x1000_b16,127,pure_decode,0,8,8,0,8,8,8192,256,8,FULL:8,FULL,tp4dp2moetp1ep8,4,2,1,8,False,False,True
engine_dp:0:step:128,engine_core_dp_step,128,0,cb_sim_vllm_like,32000x1000_b16,128,pure_decode,0,8,8,0,8,8,8192,256,8,FULL:8,FULL,tp4dp2moetp1ep8,4,2,1,8,False,False,True
engine_dp:0:step:129,engine_core_dp_step,129,0,cb_sim_vllm_like,32000x1000_b16,129,pure_decode,0,8,8,0,8,8,8192,256,8,FULL:8,FULL,tp4dp2moetp1ep8,4,2,1,8,False,False,True
engine_dp:0:step:130,engine_core_dp_step,130,0,cb_sim_vllm_like,32000x1000_b16,130,pure_decode,0,8,8,0,8,8,8192,256,8,FULL:8,FULL,tp4dp2moetp1ep8,4,2,1,8,False,False,True
engine_dp:0:step:131,engine_core_dp_step,131,0,cb_sim_vllm_like,32000x1000_b16,131,pure_decode,0,8,8,0,8,8,8192,256,8,FULL:8,FULL,tp4dp2moetp1ep8,4,2,1,8,False,False,True
engine_dp:0:step:132,engine_core_dp_step,132,0,cb_sim_vllm_like,32000x1000_b16,132,pure_decode,0,8,8,0,8,8,8192,256,8,FULL:8,FULL,tp4dp2moetp1ep8,4,2,1,8,False,False,True
engine_dp:0:step:133,engine_core_dp_step,133,0,cb_sim_vllm_like,32000x1000_b16,133,pure_decode,0,8,8,0,8,8,8192,256,8,FULL:8,FULL,tp4dp2moetp1ep8,4,2,1,8,False,False,True
engine_dp:0:step:134,engine_core_dp_step,134,0,cb_sim_vllm_like,32000x1000_b16,134,pure_decode,0,8,8,0,8,8,8192,256,8,FULL:8,FULL,tp4dp2moetp1ep8,4,2,1,8,False,False,True
engine_dp:0:step:135,engine_core_dp_step,135,0,cb_sim_vllm_like,32000x1000_b16,135,pure_decode,0,8,8,0,8,8,8192,256,8,FULL:8,FULL,tp4dp2moetp1ep8,4,2,1,8,False,False,True
engine_dp:0:step:136,engine_core_dp_step,136,0,cb_sim_vllm_like,32000x1000_b16,136,pure_decode,0,8,8,0,8,8,8192,256,8,FULL:8,FULL,tp4dp2moetp1ep8,4,2,1,8,False,False,True
engine_dp:0:step:137,engine_core_dp_step,137,0,cb_sim_vllm_like,32000x1000_b16,137,pure_decode,0,8,8,0,8,8,8192,256,8,FULL:8,FULL,tp4dp2moetp1ep8,4,2,1,8,False,False,True
engine_dp:0:step:138,engine_core_dp_step,138,0,cb_sim_vllm_like,32000x1000_b16,138,pure_decode,0,8,8,0,8,8,8192,256,8,FULL:8,FULL,tp4dp2moetp1ep8,4,2,1,8,False,False,True
engine_dp:0:step:139,engine_core_dp_step,139,0,cb_sim_vllm_like,32000x1000_b16,139,pure_decode,0,8,8,0,8,8,8192,256,8,FULL:8,FULL,tp4dp2moetp1ep8,4,2,1,8,False,False,True
engine_dp:0:step:140,engine_core_dp_step,140,0,cb_sim_vllm_like,32000x1000_b16,140,pure_decode,0,8,8,0,8,8,8192,256,8,FULL:8,FULL,tp4dp2moetp1ep8,4,2,1,8,False,False,True
engine_dp:0:step:141,engine_core_dp_step,141,0,cb_sim_vllm_like,32000x1000_b16,141,pure_decode,0,8,8,0,8,8,8192,256,8,FULL:8,FULL,tp4dp2moetp1ep8,4,2,1,8,False,False,True
engine_dp:0:step:142,engine_core_dp_step,142,0,cb_sim_vllm_like,32000x1000_b16,142,pure_decode,0,8,8,0,8,8,8192,256,8,FULL:8,FULL,tp4dp2moetp1ep8,4,2,1,8,False,False,True
engine_dp:0:step:143,engine_core_dp_step,143,0,cb_sim_vllm_like,32000x1000_b16,143,pure_decode,0,8,8,0,8,8,8192,256,8,FULL:8,FULL,tp4dp2moetp1ep8,4,2,1,8,False,False,True
engine_dp:0:step:144,engine_core_dp_step,144,0,cb_sim_vllm_like,32000x1000_b16,144,pure_decode,0,8,8,0,8,8,8192,256,8,FULL:8,FULL,tp4dp2moetp1ep8,4,2,1,8,False,False,True
engine_dp:0:step:145,engine_core_dp_step,145,0,cb_sim_vllm_like,32000x1000_b16,145,pure_decode,0,8,8,0,8,8,8192,256,8,FULL:8,FULL,tp4dp2moetp1ep8,4,2,1,8,False,False,True
engine_dp:0:step:146,engine_core_dp_step,146,0,cb_sim_vllm_like,32000x1000_b16,146,pure_decode,0,8,8,0,8,8,8192,256,8,FULL:8,FULL,tp4dp2moetp1ep8,4,2,1,8,False,False,True
engine_dp:0:step:147,engine_core_dp_step,147,0,cb_sim_vllm_like,32000x1000_b16,147,pure_decode,0,8,8,0,8,8,8192,256,8,FULL:8,FULL,tp4dp2moetp1ep8,4,2,1,8,False,False,True
engine_dp:0:step:148,engine_core_dp_step,148,0,cb_sim_vllm_like,32000x1000_b16,148,pure_decode,0,8,8,0,8,8,8192,256,8,FULL:8,FULL,tp4dp2moetp1ep8,4,2,1,8,False,False,True
engine_dp:0:step:149,engine_core_dp_step,149,0,cb_sim_vllm_like,32000x1000_b16,149,pure_decode,0,8,8,0,8,8,8192,256,8,FULL:8,FULL,tp4dp2moetp1ep8,4,2,1,8,False,False,True
engine_dp:0:step:150,engine_core_dp_step,150,0,cb_sim_vllm_like,32000x1000_b16,150,pure_decode,0,8,8,0,8,8,8192,256,8,FULL:8,FULL,tp4dp2moetp1ep8,4,2,1,8,False,False,True
engine_dp:0:step:151,engine_core_dp_step,151,0,cb_sim_vllm_like,32000x1000_b16,151,pure_decode,0,8,8,0,8,8,8192,256,8,FULL:8,FULL,tp4dp2moetp1ep8,4,2,1,8,False,False,True
engine_dp:0:step:152,engine_core_dp_step,152,0,cb_sim_vllm_like,32000x1000_b16,152,pure_decode,0,8,8,0,8,8,8192,256,8,FULL:8,FULL,tp4dp2moetp1ep8,4,2,1,8,False,False,True
engine_dp:0:step:153,engine_core_dp_step,153,0,cb_sim_vllm_like,32000x1000_b16,153,pure_decode,0,8,8,0,8,8,8192,256,8,FULL:8,FULL,tp4dp2moetp1ep8,4,2,1,8,False,False,True
engine_dp:0:step:154,engine_core_dp_step,154,0,cb_sim_vllm_like,32000x1000_b16,154,pure_decode,0,8,8,0,8,8,8192,256,8,FULL:8,FULL,tp4dp2moetp1ep8,4,2,1,8,False,False,True
engine_dp:0:step:155,engine_core_dp_step,155,0,cb_sim_vllm_like,32000x1000_b16,155,pure_decode,0,8,8,0,8,8,8192,256,8,FULL:8,FULL,tp4dp2moetp1ep8,4,2,1,8,False,False,True
engine_dp:0:step:156,engine_core_dp_step,156,0,cb_sim_vllm_like,32000x1000_b16,156,pure_decode,0,8,8,0,8,8,8192,256,8,FULL:8,FULL,tp4dp2moetp1ep8,4,2,1,8,False,False,True
engine_dp:0:step:157,engine_core_dp_step,157,0,cb_sim_vllm_like,32000x1000_b16,157,pure_decode,0,8,8,0,8,8,8192,256,8,FULL:8,FULL,tp4dp2moetp1ep8,4,2,1,8,False,False,True
engine_dp:0:step:158,engine_core_dp_step,158,0,cb_sim_vllm_like,32000x1000_b16,158,pure_decode,0,8,8,0,8,8,8192,256,8,FULL:8,FULL,tp4dp2moetp1ep8,4,2,1,8,False,False,True
engine_dp:0:step:159,engine_core_dp_step,159,0,cb_sim_vllm_like,32000x1000_b16,159,pure_decode,0,8,8,0,8,8,8192,256,8,FULL:8,FULL,tp4dp2moetp1ep8,4,2,1,8,False,False,True
engine_dp:0:step:160,engine_core_dp_step,160,0,cb_sim_vllm_like,32000x1000_b16,160,pure_decode,0,8,8,0,8,8,8192,256,8,FULL:8,FULL,tp4dp2moetp1ep8,4,2,1,8,False,False,True
engine_dp:0:step:161,engine_core_dp_step,161,0,cb_sim_vllm_like,32000x1000_b16,161,pure_decode,0,8,8,0,8,8,8192,256,8,FULL:8,FULL,tp4dp2moetp1ep8,4,2,1,8,False,False,True
engine_dp:0:step:162,engine_core_dp_step,162,0,cb_sim_vllm_like,32000x1000_b16,162,pure_decode,0,8,8,0,8,8,8192,256,8,FULL:8,FULL,tp4dp2moetp1ep8,4,2,1,8,False,False,True
engine_dp:0:step:163,engine_core_dp_step,163,0,cb_sim_vllm_like,32000x1000_b16,163,pure_decode,0,8,8,0,8,8,8192,256,8,FULL:8,FULL,tp4dp2moetp1ep8,4,2,1,8,False,False,True
engine_dp:0:step:164,engine_core_dp_step,164,0,cb_sim_vllm_like,32000x1000_b16,164,pure_decode,0,8,8,0,8,8,8192,256,8,FULL:8,FULL,tp4dp2moetp1ep8,4,2,1,8,False,False,True
engine_dp:0:step:165,engine_core_dp_step,165,0,cb_sim_vllm_like,32000x1000_b16,165,pure_decode,0,8,8,0,8,8,8192,256,8,FULL:8,FULL,tp4dp2moetp1ep8,4,2,1,8,False,False,True
engine_dp:0:step:166,engine_core_dp_step,166,0,cb_sim_vllm_like,32000x1000_b16,166,pure_decode,0,8,8,0,8,8,8192,256,8,FULL:8,FULL,tp4dp2moetp1ep8,4,2,1,8,False,False,True
engine_dp:0:step:167,engine_core_dp_step,167,0,cb_sim_vllm_like,32000x1000_b16,167,pure_decode,0,8,8,0,8,8,8192,256,8,FULL:8,FULL,tp4dp2moetp1ep8,4,2,1,8,False,False,True
engine_dp:0:step:168,engine_core_dp_step,168,0,cb_sim_vllm_like,32000x1000_b16,168,pure_decode,0,8,8,0,8,8,8192,256,8,FULL:8,FULL,tp4dp2moetp1ep8,4,2,1,8,False,False,True
engine_dp:0:step:169,engine_core_dp_step,169,0,cb_sim_vllm_like,32000x1000_b16,169,pure_decode,0,8,8,0,8,8,8192,256,8,FULL:8,FULL,tp4dp2moetp1ep8,4,2,1,8,False,False,True
engine_dp:0:step:170,engine_core_dp_step,170,0,cb_sim_vllm_like,32000x1000_b16,170,pure_decode,0,8,8,0,8,8,8192,256,8,FULL:8,FULL,tp4dp2moetp1ep8,4,2,1,8,False,False,True
engine_dp:0:step:171,engine_core_dp_step,171,0,cb_sim_vllm_like,32000x1000_b16,171,pure_decode,0,8,8,0,8,8,8192,256,8,FULL:8,FULL,tp4dp2moetp1ep8,4,2,1,8,False,False,True
engine_dp:0:step:172,engine_core_dp_step,172,0,cb_sim_vllm_like,32000x1000_b16,172,pure_decode,0,8,8,0,8,8,8192,256,8,FULL:8,FULL,tp4dp2moetp1ep8,4,2,1,8,False,False,True
engine_dp:0:step:173,engine_core_dp_step,173,0,cb_sim_vllm_like,32000x1000_b16,173,pure_decode,0,8,8,0,8,8,8192,256,8,FULL:8,FULL,tp4dp2moetp1ep8,4,2,1,8,False,False,True
engine_dp:0:step:174,engine_core_dp_step,174,0,cb_sim_vllm_like,32000x1000_b16,174,pure_decode,0,8,8,0,8,8,8192,256,8,FULL:8,FULL,tp4dp2moetp1ep8,4,2,1,8,False,False,True
engine_dp:0:step:175,engine_core_dp_step,175,0,cb_sim_vllm_like,32000x1000_b16,175,pure_decode,0,8,8,0,8,8,8192,256,8,FULL:8,FULL,tp4dp2moetp1ep8,4,2,1,8,False,False,True
engine_dp:0:step:176,engine_core_dp_step,176,0,cb_sim_vllm_like,32000x1000_b16,176,pure_decode,0,8,8,0,8,8,8192,256,8,FULL:8,FULL,tp4dp2moetp1ep8,4,2,1,8,False,False,True
engine_dp:0:step:177,engine_core_dp_step,177,0,cb_sim_vllm_like,32000x1000_b16,177,pure_decode,0,8,8,0,8,8,8192,256,8,FULL:8,FULL,tp4dp2moetp1ep8,4,2,1,8,False,False,True
engine_dp:0:step:178,engine_core_dp_step,178,0,cb_sim_vllm_like,32000x1000_b16,178,pure_decode,0,8,8,0,8,8,8192,256,8,FULL:8,FULL,tp4dp2moetp1ep8,4,2,1,8,False,False,True
engine_dp:0:step:179,engine_core_dp_step,179,0,cb_sim_vllm_like,32000x1000_b16,179,pure_decode,0,8,8,0,8,8,8192,256,8,FULL:8,FULL,tp4dp2moetp1ep8,4,2,1,8,False,False,True
engine_dp:0:step:180,engine_core_dp_step,180,0,cb_sim_vllm_like,32000x1000_b16,180,pure_decode,0,8,8,0,8,8,8192,256,8,FULL:8,FULL,tp4dp2moetp1ep8,4,2,1,8,False,False,True
engine_dp:0:step:181,engine_core_dp_step,181,0,cb_sim_vllm_like,32000x1000_b16,181,pure_decode,0,8,8,0,8,8,8192,256,8,FULL:8,FULL,tp4dp2moetp1ep8,4,2,1,8,False,False,True
engine_dp:0:step:182,engine_core_dp_step,182,0,cb_sim_vllm_like,32000x1000_b16,182,pure_decode,0,8,8,0,8,8,8192,256,8,FULL:8,FULL,tp4dp2moetp1ep8,4,2,1,8,False,False,True
engine_dp:0:step:183,engine_core_dp_step,183,0,cb_sim_vllm_like,32000x1000_b16,183,pure_decode,0,8,8,0,8,8,8192,256,8,FULL:8,FULL,tp4dp2moetp1ep8,4,2,1,8,False,False,True
engine_dp:0:step:184,engine_core_dp_step,184,0,cb_sim_vllm_like,32000x1000_b16,184,pure_decode,0,8,8,0,8,8,8192,256,8,FULL:8,FULL,tp4dp2moetp1ep8,4,2,1,8,False,False,True
engine_dp:0:step:185,engine_core_dp_step,185,0,cb_sim_vllm_like,32000x1000_b16,185,pure_decode,0,8,8,0,8,8,8192,256,8,FULL:8,FULL,tp4dp2moetp1ep8,4,2,1,8,False,False,True
engine_dp:0:step:186,engine_core_dp_step,186,0,cb_sim_vllm_like,32000x1000_b16,186,pure_decode,0,8,8,0,8,8,8192,256,8,FULL:8,FULL,tp4dp2moetp1ep8,4,2,1,8,False,False,True
engine_dp:0:step:187,engine_core_dp_step,187,0,cb_sim_vllm_like,32000x1000_b16,187,pure_decode,0,8,8,0,8,8,8192,256,8,FULL:8,FULL,tp4dp2moetp1ep8,4,2,1,8,False,False,True
engine_dp:0:step:188,engine_core_dp_step,188,0,cb_sim_vllm_like,32000x1000_b16,188,pure_decode,0,8,8,0,8,8,8192,256,8,FULL:8,FULL,tp4dp2moetp1ep8,4,2,1,8,False,False,True
engine_dp:0:step:189,engine_core_dp_step,189,0,cb_sim_vllm_like,32000x1000_b16,189,pure_decode,0,8,8,0,8,8,8192,256,8,FULL:8,FULL,tp4dp2moetp1ep8,4,2,1,8,False,False,True
engine_dp:0:step:190,engine_core_dp_step,190,0,cb_sim_vllm_like,32000x1000_b16,190,pure_decode,0,8,8,0,8,8,8192,256,8,FULL:8,FULL,tp4dp2moetp1ep8,4,2,1,8,False,False,True
engine_dp:0:step:191,engine_core_dp_step,191,0,cb_sim_vllm_like,32000x1000_b16,191,pure_decode,0,8,8,0,8,8,8192,256,8,FULL:8,FULL,tp4dp2moetp1ep8,4,2,1,8,False,False,True
engine_dp:0:step:192,engine_core_dp_step,192,0,cb_sim_vllm_like,32000x1000_b16,192,pure_decode,0,8,8,0,8,8,8192,256,8,FULL:8,FULL,tp4dp2moetp1ep8,4,2,1,8,False,False,True
engine_dp:0:step:193,engine_core_dp_step,193,0,cb_sim_vllm_like,32000x1000_b16,193,pure_decode,0,8,8,0,8,8,8192,256,8,FULL:8,FULL,tp4dp2moetp1ep8,4,2,1,8,False,False,True
engine_dp:0:step:194,engine_core_dp_step,194,0,cb_sim_vllm_like,32000x1000_b16,194,pure_decode,0,8,8,0,8,8,8192,256,8,FULL:8,FULL,tp4dp2moetp1ep8,4,2,1,8,False,False,True
engine_dp:0:step:195,engine_core_dp_step,195,0,cb_sim_vllm_like,32000x1000_b16,195,pure_decode,0,8,8,0,8,8,8192,256,8,FULL:8,FULL,tp4dp2moetp1ep8,4,2,1,8,False,False,True
engine_dp:0:step:196,engine_core_dp_step,196,0,cb_sim_vllm_like,32000x1000_b16,196,pure_decode,0,8,8,0,8,8,8192,256,8,FULL:8,FULL,tp4dp2moetp1ep8,4,2,1,8,False,False,True
engine_dp:0:step:197,engine_core_dp_step,197,0,cb_sim_vllm_like,32000x1000_b16,197,pure_decode,0,8,8,0,8,8,8192,256,8,FULL:8,FULL,tp4dp2moetp1ep8,4,2,1,8,False,False,True
engine_dp:0:step:198,engine_core_dp_step,198,0,cb_sim_vllm_like,32000x1000_b16,198,pure_decode,0,8,8,0,8,8,8192,256,8,FULL:8,FULL,tp4dp2moetp1ep8,4,2,1,8,False,False,True
engine_dp:0:step:199,engine_core_dp_step,199,0,cb_sim_vllm_like,32000x1000_b16,199,pure_decode,0,8,8,0,8,8,8192,256,8,FULL:8,FULL,tp4dp2moetp1ep8,4,2,1,8,False,False,True
engine_dp:0:step:200,engine_core_dp_step,200,0,cb_sim_vllm_like,32000x1000_b16,200,pure_decode,0,8,8,0,8,8,8192,256,8,FULL:8,FULL,tp4dp2moetp1ep8,4,2,1,8,False,False,True
engine_dp:0:step:201,engine_core_dp_step,201,0,cb_sim_vllm_like,32000x1000_b16,201,pure_decode,0,8,8,0,8,8,8192,256,8,FULL:8,FULL,tp4dp2moetp1ep8,4,2,1,8,False,False,True
engine_dp:0:step:202,engine_core_dp_step,202,0,cb_sim_vllm_like,32000x1000_b16,202,pure_decode,0,8,8,0,8,8,8192,256,8,FULL:8,FULL,tp4dp2moetp1ep8,4,2,1,8,False,False,True
engine_dp:0:step:203,engine_core_dp_step,203,0,cb_sim_vllm_like,32000x1000_b16,203,pure_decode,0,8,8,0,8,8,8192,256,8,FULL:8,FULL,tp4dp2moetp1ep8,4,2,1,8,False,False,True
engine_dp:0:step:204,engine_core_dp_step,204,0,cb_sim_vllm_like,32000x1000_b16,204,pure_decode,0,8,8,0,8,8,8192,256,8,FULL:8,FULL,tp4dp2moetp1ep8,4,2,1,8,False,False,True
engine_dp:0:step:205,engine_core_dp_step,205,0,cb_sim_vllm_like,32000x1000_b16,205,pure_decode,0,8,8,0,8,8,8192,256,8,FULL:8,FULL,tp4dp2moetp1ep8,4,2,1,8,False,False,True
engine_dp:0:step:206,engine_core_dp_step,206,0,cb_sim_vllm_like,32000x1000_b16,206,pure_decode,0,8,8,0,8,8,8192,256,8,FULL:8,FULL,tp4dp2moetp1ep8,4,2,1,8,False,False,True
engine_dp:0:step:207,engine_core_dp_step,207,0,cb_sim_vllm_like,32000x1000_b16,207,pure_decode,0,8,8,0,8,8,8192,256,8,FULL:8,FULL,tp4dp2moetp1ep8,4,2,1,8,False,False,True
engine_dp:0:step:208,engine_core_dp_step,208,0,cb_sim_vllm_like,32000x1000_b16,208,pure_decode,0,8,8,0,8,8,8192,256,8,FULL:8,FULL,tp4dp2moetp1ep8,4,2,1,8,False,False,True
engine_dp:0:step:209,engine_core_dp_step,209,0,cb_sim_vllm_like,32000x1000_b16,209,pure_decode,0,8,8,0,8,8,8192,256,8,FULL:8,FULL,tp4dp2moetp1ep8,4,2,1,8,False,False,True
engine_dp:0:step:210,engine_core_dp_step,210,0,cb_sim_vllm_like,32000x1000_b16,210,pure_decode,0,8,8,0,8,8,8192,256,8,FULL:8,FULL,tp4dp2moetp1ep8,4,2,1,8,False,False,True
engine_dp:0:step:211,engine_core_dp_step,211,0,cb_sim_vllm_like,32000x1000_b16,211,pure_decode,0,8,8,0,8,8,8192,256,8,FULL:8,FULL,tp4dp2moetp1ep8,4,2,1,8,False,False,True
engine_dp:0:step:212,engine_core_dp_step,212,0,cb_sim_vllm_like,32000x1000_b16,212,pure_decode,0,8,8,0,8,8,8192,256,8,FULL:8,FULL,tp4dp2moetp1ep8,4,2,1,8,False,False,True
engine_dp:0:step:213,engine_core_dp_step,213,0,cb_sim_vllm_like,32000x1000_b16,213,pure_decode,0,8,8,0,8,8,8192,256,8,FULL:8,FULL,tp4dp2moetp1ep8,4,2,1,8,False,False,True
engine_dp:0:step:214,engine_core_dp_step,214,0,cb_sim_vllm_like,32000x1000_b16,214,pure_decode,0,8,8,0,8,8,8192,256,8,FULL:8,FULL,tp4dp2moetp1ep8,4,2,1,8,False,False,True
engine_dp:0:step:215,engine_core_dp_step,215,0,cb_sim_vllm_like,32000x1000_b16,215,pure_decode,0,8,8,0,8,8,8192,256,8,FULL:8,FULL,tp4dp2moetp1ep8,4,2,1,8,False,False,True
engine_dp:0:step:216,engine_core_dp_step,216,0,cb_sim_vllm_like,32000x1000_b16,216,pure_decode,0,8,8,0,8,8,8192,256,8,FULL:8,FULL,tp4dp2moetp1ep8,4,2,1,8,False,False,True
engine_dp:0:step:217,engine_core_dp_step,217,0,cb_sim_vllm_like,32000x1000_b16,217,pure_decode,0,8,8,0,8,8,8192,256,8,FULL:8,FULL,tp4dp2moetp1ep8,4,2,1,8,False,False,True
engine_dp:0:step:218,engine_core_dp_step,218,0,cb_sim_vllm_like,32000x1000_b16,218,pure_decode,0,8,8,0,8,8,8192,256,8,FULL:8,FULL,tp4dp2moetp1ep8,4,2,1,8,False,False,True
engine_dp:0:step:219,engine_core_dp_step,219,0,cb_sim_vllm_like,32000x1000_b16,219,pure_decode,0,8,8,0,8,8,8192,256,8,FULL:8,FULL,tp4dp2moetp1ep8,4,2,1,8,False,False,True
engine_dp:0:step:220,engine_core_dp_step,220,0,cb_sim_vllm_like,32000x1000_b16,220,pure_decode,0,8,8,0,8,8,8192,256,8,FULL:8,FULL,tp4dp2moetp1ep8,4,2,1,8,False,False,True
engine_dp:0:step:221,engine_core_dp_step,221,0,cb_sim_vllm_like,32000x1000_b16,221,pure_decode,0,8,8,0,8,8,8192,256,8,FULL:8,FULL,tp4dp2moetp1ep8,4,2,1,8,False,False,True
engine_dp:0:step:222,engine_core_dp_step,222,0,cb_sim_vllm_like,32000x1000_b16,222,pure_decode,0,8,8,0,8,8,8192,256,8,FULL:8,FULL,tp4dp2moetp1ep8,4,2,1,8,False,False,True
engine_dp:0:step:223,engine_core_dp_step,223,0,cb_sim_vllm_like,32000x1000_b16,223,pure_decode,0,8,8,0,8,8,8192,256,8,FULL:8,FULL,tp4dp2moetp1ep8,4,2,1,8,False,False,True
engine_dp:0:step:224,engine_core_dp_step,224,0,cb_sim_vllm_like,32000x1000_b16,224,pure_decode,0,8,8,0,8,8,8192,256,8,FULL:8,FULL,tp4dp2moetp1ep8,4,2,1,8,False,False,True
engine_dp:0:step:225,engine_core_dp_step,225,0,cb_sim_vllm_like,32000x1000_b16,225,pure_decode,0,8,8,0,8,8,8192,256,8,FULL:8,FULL,tp4dp2moetp1ep8,4,2,1,8,False,False,True
engine_dp:0:step:226,engine_core_dp_step,226,0,cb_sim_vllm_like,32000x1000_b16,226,pure_decode,0,8,8,0,8,8,8192,256,8,FULL:8,FULL,tp4dp2moetp1ep8,4,2,1,8,False,False,True
engine_dp:0:step:227,engine_core_dp_step,227,0,cb_sim_vllm_like,32000x1000_b16,227,pure_decode,0,8,8,0,8,8,8192,256,8,FULL:8,FULL,tp4dp2moetp1ep8,4,2,1,8,False,False,True
engine_dp:0:step:228,engine_core_dp_step,228,0,cb_sim_vllm_like,32000x1000_b16,228,pure_decode,0,8,8,0,8,8,8192,256,8,FULL:8,FULL,tp4dp2moetp1ep8,4,2,1,8,False,False,True
engine_dp:0:step:229,engine_core_dp_step,229,0,cb_sim_vllm_like,32000x1000_b16,229,pure_decode,0,8,8,0,8,8,8192,256,8,FULL:8,FULL,tp4dp2moetp1ep8,4,2,1,8,False,False,True
engine_dp:0:step:230,engine_core_dp_step,230,0,cb_sim_vllm_like,32000x1000_b16,230,pure_decode,0,8,8,0,8,8,8192,256,8,FULL:8,FULL,tp4dp2moetp1ep8,4,2,1,8,False,False,True
engine_dp:0:step:231,engine_core_dp_step,231,0,cb_sim_vllm_like,32000x1000_b16,231,pure_decode,0,8,8,0,8,8,8192,256,8,FULL:8,FULL,tp4dp2moetp1ep8,4,2,1,8,False,False,True
engine_dp:0:step:232,engine_core_dp_step,232,0,cb_sim_vllm_like,32000x1000_b16,232,pure_decode,0,8,8,0,8,8,8192,256,8,FULL:8,FULL,tp4dp2moetp1ep8,4,2,1,8,False,False,True
engine_dp:0:step:233,engine_core_dp_step,233,0,cb_sim_vllm_like,32000x1000_b16,233,pure_decode,0,8,8,0,8,8,8192,256,8,FULL:8,FULL,tp4dp2moetp1ep8,4,2,1,8,False,False,True
engine_dp:0:step:234,engine_core_dp_step,234,0,cb_sim_vllm_like,32000x1000_b16,234,pure_decode,0,8,8,0,8,8,8192,256,8,FULL:8,FULL,tp4dp2moetp1ep8,4,2,1,8,False,False,True
engine_dp:0:step:235,engine_core_dp_step,235,0,cb_sim_vllm_like,32000x1000_b16,235,pure_decode,0,8,8,0,8,8,8192,256,8,FULL:8,FULL,tp4dp2moetp1ep8,4,2,1,8,False,False,True
engine_dp:0:step:236,engine_core_dp_step,236,0,cb_sim_vllm_like,32000x1000_b16,236,pure_decode,0,8,8,0,8,8,8192,256,8,FULL:8,FULL,tp4dp2moetp1ep8,4,2,1,8,False,False,True
engine_dp:0:step:237,engine_core_dp_step,237,0,cb_sim_vllm_like,32000x1000_b16,237,pure_decode,0,8,8,0,8,8,8192,256,8,FULL:8,FULL,tp4dp2moetp1ep8,4,2,1,8,False,False,True
engine_dp:0:step:238,engine_core_dp_step,238,0,cb_sim_vllm_like,32000x1000_b16,238,pure_decode,0,8,8,0,8,8,8192,256,8,FULL:8,FULL,tp4dp2moetp1ep8,4,2,1,8,False,False,True
engine_dp:0:step:239,engine_core_dp_step,239,0,cb_sim_vllm_like,32000x1000_b16,239,pure_decode,0,8,8,0,8,8,8192,256,8,FULL:8,FULL,tp4dp2moetp1ep8,4,2,1,8,False,False,True
engine_dp:0:step:240,engine_core_dp_step,240,0,cb_sim_vllm_like,32000x1000_b16,240,pure_decode,0,8,8,0,8,8,8192,256,8,FULL:8,FULL,tp4dp2moetp1ep8,4,2,1,8,False,False,True
engine_dp:0:step:241,engine_core_dp_step,241,0,cb_sim_vllm_like,32000x1000_b16,241,pure_decode,0,8,8,0,8,8,8192,256,8,FULL:8,FULL,tp4dp2moetp1ep8,4,2,1,8,False,False,True
engine_dp:0:step:242,engine_core_dp_step,242,0,cb_sim_vllm_like,32000x1000_b16,242,pure_decode,0,8,8,0,8,8,8192,256,8,FULL:8,FULL,tp4dp2moetp1ep8,4,2,1,8,False,False,True
engine_dp:0:step:243,engine_core_dp_step,243,0,cb_sim_vllm_like,32000x1000_b16,243,pure_decode,0,8,8,0,8,8,8192,256,8,FULL:8,FULL,tp4dp2moetp1ep8,4,2,1,8,False,False,True
engine_dp:0:step:244,engine_core_dp_step,244,0,cb_sim_vllm_like,32000x1000_b16,244,pure_decode,0,8,8,0,8,8,8192,256,8,FULL:8,FULL,tp4dp2moetp1ep8,4,2,1,8,False,False,True
engine_dp:0:step:245,engine_core_dp_step,245,0,cb_sim_vllm_like,32000x1000_b16,245,pure_decode,0,8,8,0,8,8,8192,256,8,FULL:8,FULL,tp4dp2moetp1ep8,4,2,1,8,False,False,True
engine_dp:0:step:246,engine_core_dp_step,246,0,cb_sim_vllm_like,32000x1000_b16,246,pure_decode,0,8,8,0,8,8,8192,256,8,FULL:8,FULL,tp4dp2moetp1ep8,4,2,1,8,False,False,True
engine_dp:0:step:247,engine_core_dp_step,247,0,cb_sim_vllm_like,32000x1000_b16,247,pure_decode,0,8,8,0,8,8,8192,256,8,FULL:8,FULL,tp4dp2moetp1ep8,4,2,1,8,False,False,True
engine_dp:0:step:248,engine_core_dp_step,248,0,cb_sim_vllm_like,32000x1000_b16,248,pure_decode,0,8,8,0,8,8,8192,256,8,FULL:8,FULL,tp4dp2moetp1ep8,4,2,1,8,False,False,True
engine_dp:0:step:249,engine_core_dp_step,249,0,cb_sim_vllm_like,32000x1000_b16,249,pure_decode,0,8,8,0,8,8,8192,256,8,FULL:8,FULL,tp4dp2moetp1ep8,4,2,1,8,False,False,True
engine_dp:0:step:250,engine_core_dp_step,250,0,cb_sim_vllm_like,32000x1000_b16,250,pure_decode,0,8,8,0,8,8,8192,256,8,FULL:8,FULL,tp4dp2moetp1ep8,4,2,1,8,False,False,True
engine_dp:0:step:251,engine_core_dp_step,251,0,cb_sim_vllm_like,32000x1000_b16,251,pure_decode,0,8,8,0,8,8,8192,256,8,FULL:8,FULL,tp4dp2moetp1ep8,4,2,1,8,False,False,True
engine_dp:0:step:252,engine_core_dp_step,252,0,cb_sim_vllm_like,32000x1000_b16,252,pure_decode,0,8,8,0,8,8,8192,256,8,FULL:8,FULL,tp4dp2moetp1ep8,4,2,1,8,False,False,True
engine_dp:0:step:253,engine_core_dp_step,253,0,cb_sim_vllm_like,32000x1000_b16,253,pure_decode,0,8,8,0,8,8,8192,256,8,FULL:8,FULL,tp4dp2moetp1ep8,4,2,1,8,False,False,True
engine_dp:0:step:254,engine_core_dp_step,254,0,cb_sim_vllm_like,32000x1000_b16,254,pure_decode,0,8,8,0,8,8,8192,256,8,FULL:8,FULL,tp4dp2moetp1ep8,4,2,1,8,False,False,True
engine_dp:0:step:255,engine_core_dp_step,255,0,cb_sim_vllm_like,32000x1000_b16,255,pure_decode,0,8,8,0,8,8,8192,256,8,FULL:8,FULL,tp4dp2moetp1ep8,4,2,1,8,False,False,True
engine_dp:0:step:256,engine_core_dp_step,256,0,cb_sim_vllm_like,32000x1000_b16,256,pure_decode,0,8,8,0,8,8,8192,256,8,FULL:8,FULL,tp4dp2moetp1ep8,4,2,1,8,False,False,True
engine_dp:0:step:257,engine_core_dp_step,257,0,cb_sim_vllm_like,32000x1000_b16,257,pure_decode,0,8,8,0,8,8,8192,256,8,FULL:8,FULL,tp4dp2moetp1ep8,4,2,1,8,False,False,True
engine_dp:0:step:258,engine_core_dp_step,258,0,cb_sim_vllm_like,32000x1000_b16,258,pure_decode,0,8,8,0,8,8,8192,256,8,FULL:8,FULL,tp4dp2moetp1ep8,4,2,1,8,False,False,True
engine_dp:0:step:259,engine_core_dp_step,259,0,cb_sim_vllm_like,32000x1000_b16,259,pure_decode,0,8,8,0,8,8,8192,256,8,FULL:8,FULL,tp4dp2moetp1ep8,4,2,1,8,False,False,True
engine_dp:0:step:260,engine_core_dp_step,260,0,cb_sim_vllm_like,32000x1000_b16,260,pure_decode,0,8,8,0,8,8,8192,256,8,FULL:8,FULL,tp4dp2moetp1ep8,4,2,1,8,False,False,True
engine_dp:0:step:261,engine_core_dp_step,261,0,cb_sim_vllm_like,32000x1000_b16,261,pure_decode,0,8,8,0,8,8,8192,256,8,FULL:8,FULL,tp4dp2moetp1ep8,4,2,1,8,False,False,True
engine_dp:0:step:262,engine_core_dp_step,262,0,cb_sim_vllm_like,32000x1000_b16,262,pure_decode,0,8,8,0,8,8,8192,256,8,FULL:8,FULL,tp4dp2moetp1ep8,4,2,1,8,False,False,True
engine_dp:0:step:263,engine_core_dp_step,263,0,cb_sim_vllm_like,32000x1000_b16,263,pure_decode,0,8,8,0,8,8,8192,256,8,FULL:8,FULL,tp4dp2moetp1ep8,4,2,1,8,False,False,True
engine_dp:0:step:264,engine_core_dp_step,264,0,cb_sim_vllm_like,32000x1000_b16,264,pure_decode,0,8,8,0,8,8,8192,256,8,FULL:8,FULL,tp4dp2moetp1ep8,4,2,1,8,False,False,True
engine_dp:0:step:265,engine_core_dp_step,265,0,cb_sim_vllm_like,32000x1000_b16,265,pure_decode,0,8,8,0,8,8,8192,256,8,FULL:8,FULL,tp4dp2moetp1ep8,4,2,1,8,False,False,True
engine_dp:0:step:266,engine_core_dp_step,266,0,cb_sim_vllm_like,32000x1000_b16,266,pure_decode,0,8,8,0,8,8,8192,256,8,FULL:8,FULL,tp4dp2moetp1ep8,4,2,1,8,False,False,True
engine_dp:0:step:267,engine_core_dp_step,267,0,cb_sim_vllm_like,32000x1000_b16,267,pure_decode,0,8,8,0,8,8,8192,256,8,FULL:8,FULL,tp4dp2moetp1ep8,4,2,1,8,False,False,True
engine_dp:0:step:268,engine_core_dp_step,268,0,cb_sim_vllm_like,32000x1000_b16,268,pure_decode,0,8,8,0,8,8,8192,256,8,FULL:8,FULL,tp4dp2moetp1ep8,4,2,1,8,False,False,True
engine_dp:0:step:269,engine_core_dp_step,269,0,cb_sim_vllm_like,32000x1000_b16,269,pure_decode,0,8,8,0,8,8,8192,256,8,FULL:8,FULL,tp4dp2moetp1ep8,4,2,1,8,False,False,True
engine_dp:0:step:270,engine_core_dp_step,270,0,cb_sim_vllm_like,32000x1000_b16,270,pure_decode,0,8,8,0,8,8,8192,256,8,FULL:8,FULL,tp4dp2moetp1ep8,4,2,1,8,False,False,True
engine_dp:0:step:271,engine_core_dp_step,271,0,cb_sim_vllm_like,32000x1000_b16,271,pure_decode,0,8,8,0,8,8,8192,256,8,FULL:8,FULL,tp4dp2moetp1ep8,4,2,1,8,False,False,True
engine_dp:0:step:272,engine_core_dp_step,272,0,cb_sim_vllm_like,32000x1000_b16,272,pure_decode,0,8,8,0,8,8,8192,256,8,FULL:8,FULL,tp4dp2moetp1ep8,4,2,1,8,False,False,True
engine_dp:0:step:273,engine_core_dp_step,273,0,cb_sim_vllm_like,32000x1000_b16,273,pure_decode,0,8,8,0,8,8,8192,256,8,FULL:8,FULL,tp4dp2moetp1ep8,4,2,1,8,False,False,True
engine_dp:0:step:274,engine_core_dp_step,274,0,cb_sim_vllm_like,32000x1000_b16,274,pure_decode,0,8,8,0,8,8,8192,256,8,FULL:8,FULL,tp4dp2moetp1ep8,4,2,1,8,False,False,True
engine_dp:0:step:275,engine_core_dp_step,275,0,cb_sim_vllm_like,32000x1000_b16,275,pure_decode,0,8,8,0,8,8,8192,256,8,FULL:8,FULL,tp4dp2moetp1ep8,4,2,1,8,False,False,True
engine_dp:0:step:276,engine_core_dp_step,276,0,cb_sim_vllm_like,32000x1000_b16,276,pure_decode,0,8,8,0,8,8,8192,256,8,FULL:8,FULL,tp4dp2moetp1ep8,4,2,1,8,False,False,True
engine_dp:0:step:277,engine_core_dp_step,277,0,cb_sim_vllm_like,32000x1000_b16,277,pure_decode,0,8,8,0,8,8,8192,256,8,FULL:8,FULL,tp4dp2moetp1ep8,4,2,1,8,False,False,True
engine_dp:0:step:278,engine_core_dp_step,278,0,cb_sim_vllm_like,32000x1000_b16,278,pure_decode,0,8,8,0,8,8,8192,256,8,FULL:8,FULL,tp4dp2moetp1ep8,4,2,1,8,False,False,True
engine_dp:0:step:279,engine_core_dp_step,279,0,cb_sim_vllm_like,32000x1000_b16,279,pure_decode,0,8,8,0,8,8,8192,256,8,FULL:8,FULL,tp4dp2moetp1ep8,4,2,1,8,False,False,True
engine_dp:0:step:280,engine_core_dp_step,280,0,cb_sim_vllm_like,32000x1000_b16,280,pure_decode,0,8,8,0,8,8,8192,256,8,FULL:8,FULL,tp4dp2moetp1ep8,4,2,1,8,False,False,True
engine_dp:0:step:281,engine_core_dp_step,281,0,cb_sim_vllm_like,32000x1000_b16,281,pure_decode,0,8,8,0,8,8,8192,256,8,FULL:8,FULL,tp4dp2moetp1ep8,4,2,1,8,False,False,True
engine_dp:0:step:282,engine_core_dp_step,282,0,cb_sim_vllm_like,32000x1000_b16,282,pure_decode,0,8,8,0,8,8,8192,256,8,FULL:8,FULL,tp4dp2moetp1ep8,4,2,1,8,False,False,True
engine_dp:0:step:283,engine_core_dp_step,283,0,cb_sim_vllm_like,32000x1000_b16,283,pure_decode,0,8,8,0,8,8,8192,256,8,FULL:8,FULL,tp4dp2moetp1ep8,4,2,1,8,False,False,True
engine_dp:0:step:284,engine_core_dp_step,284,0,cb_sim_vllm_like,32000x1000_b16,284,pure_decode,0,8,8,0,8,8,8192,256,8,FULL:8,FULL,tp4dp2moetp1ep8,4,2,1,8,False,False,True
engine_dp:0:step:285,engine_core_dp_step,285,0,cb_sim_vllm_like,32000x1000_b16,285,pure_decode,0,8,8,0,8,8,8192,256,8,FULL:8,FULL,tp4dp2moetp1ep8,4,2,1,8,False,False,True
engine_dp:0:step:286,engine_core_dp_step,286,0,cb_sim_vllm_like,32000x1000_b16,286,pure_decode,0,8,8,0,8,8,8192,256,8,FULL:8,FULL,tp4dp2moetp1ep8,4,2,1,8,False,False,True
engine_dp:0:step:287,engine_core_dp_step,287,0,cb_sim_vllm_like,32000x1000_b16,287,pure_decode,0,8,8,0,8,8,8192,256,8,FULL:8,FULL,tp4dp2moetp1ep8,4,2,1,8,False,False,True
engine_dp:0:step:288,engine_core_dp_step,288,0,cb_sim_vllm_like,32000x1000_b16,288,pure_decode,0,8,8,0,8,8,8192,256,8,FULL:8,FULL,tp4dp2moetp1ep8,4,2,1,8,False,False,True
engine_dp:0:step:289,engine_core_dp_step,289,0,cb_sim_vllm_like,32000x1000_b16,289,pure_decode,0,8,8,0,8,8,8192,256,8,FULL:8,FULL,tp4dp2moetp1ep8,4,2,1,8,False,False,True
engine_dp:0:step:290,engine_core_dp_step,290,0,cb_sim_vllm_like,32000x1000_b16,290,pure_decode,0,8,8,0,8,8,8192,256,8,FULL:8,FULL,tp4dp2moetp1ep8,4,2,1,8,False,False,True
engine_dp:0:step:291,engine_core_dp_step,291,0,cb_sim_vllm_like,32000x1000_b16,291,pure_decode,0,8,8,0,8,8,8192,256,8,FULL:8,FULL,tp4dp2moetp1ep8,4,2,1,8,False,False,True
engine_dp:0:step:292,engine_core_dp_step,292,0,cb_sim_vllm_like,32000x1000_b16,292,pure_decode,0,8,8,0,8,8,8192,256,8,FULL:8,FULL,tp4dp2moetp1ep8,4,2,1,8,False,False,True
engine_dp:0:step:293,engine_core_dp_step,293,0,cb_sim_vllm_like,32000x1000_b16,293,pure_decode,0,8,8,0,8,8,8192,256,8,FULL:8,FULL,tp4dp2moetp1ep8,4,2,1,8,False,False,True
engine_dp:0:step:294,engine_core_dp_step,294,0,cb_sim_vllm_like,32000x1000_b16,294,pure_decode,0,8,8,0,8,8,8192,256,8,FULL:8,FULL,tp4dp2moetp1ep8,4,2,1,8,False,False,True
engine_dp:0:step:295,engine_core_dp_step,295,0,cb_sim_vllm_like,32000x1000_b16,295,pure_decode,0,8,8,0,8,8,8192,256,8,FULL:8,FULL,tp4dp2moetp1ep8,4,2,1,8,False,False,True
engine_dp:0:step:296,engine_core_dp_step,296,0,cb_sim_vllm_like,32000x1000_b16,296,pure_decode,0,8,8,0,8,8,8192,256,8,FULL:8,FULL,tp4dp2moetp1ep8,4,2,1,8,False,False,True
engine_dp:0:step:297,engine_core_dp_step,297,0,cb_sim_vllm_like,32000x1000_b16,297,pure_decode,0,8,8,0,8,8,8192,256,8,FULL:8,FULL,tp4dp2moetp1ep8,4,2,1,8,False,False,True
engine_dp:0:step:298,engine_core_dp_step,298,0,cb_sim_vllm_like,32000x1000_b16,298,pure_decode,0,8,8,0,8,8,8192,256,8,FULL:8,FULL,tp4dp2moetp1ep8,4,2,1,8,False,False,True
engine_dp:0:step:299,engine_core_dp_step,299,0,cb_sim_vllm_like,32000x1000_b16,299,pure_decode,0,8,8,0,8,8,8192,256,8,FULL:8,FULL,tp4dp2moetp1ep8,4,2,1,8,False,False,True
engine_dp:0:step:300,engine_core_dp_step,300,0,cb_sim_vllm_like,32000x1000_b16,300,pure_decode,0,8,8,0,8,8,8192,256,8,FULL:8,FULL,tp4dp2moetp1ep8,4,2,1,8,False,False,True
engine_dp:0:step:301,engine_core_dp_step,301,0,cb_sim_vllm_like,32000x1000_b16,301,pure_decode,0,8,8,0,8,8,8192,256,8,FULL:8,FULL,tp4dp2moetp1ep8,4,2,1,8,False,False,True
engine_dp:0:step:302,engine_core_dp_step,302,0,cb_sim_vllm_like,32000x1000_b16,302,pure_decode,0,8,8,0,8,8,8192,256,8,FULL:8,FULL,tp4dp2moetp1ep8,4,2,1,8,False,False,True
engine_dp:0:step:303,engine_core_dp_step,303,0,cb_sim_vllm_like,32000x1000_b16,303,pure_decode,0,8,8,0,8,8,8192,256,8,FULL:8,FULL,tp4dp2moetp1ep8,4,2,1,8,False,False,True
engine_dp:0:step:304,engine_core_dp_step,304,0,cb_sim_vllm_like,32000x1000_b16,304,pure_decode,0,8,8,0,8,8,8192,256,8,FULL:8,FULL,tp4dp2moetp1ep8,4,2,1,8,False,False,True
engine_dp:0:step:305,engine_core_dp_step,305,0,cb_sim_vllm_like,32000x1000_b16,305,pure_decode,0,8,8,0,8,8,8192,256,8,FULL:8,FULL,tp4dp2moetp1ep8,4,2,1,8,False,False,True
engine_dp:0:step:306,engine_core_dp_step,306,0,cb_sim_vllm_like,32000x1000_b16,306,pure_decode,0,8,8,0,8,8,8192,256,8,FULL:8,FULL,tp4dp2moetp1ep8,4,2,1,8,False,False,True
engine_dp:0:step:307,engine_core_dp_step,307,0,cb_sim_vllm_like,32000x1000_b16,307,pure_decode,0,8,8,0,8,8,8192,256,8,FULL:8,FULL,tp4dp2moetp1ep8,4,2,1,8,False,False,True
engine_dp:0:step:308,engine_core_dp_step,308,0,cb_sim_vllm_like,32000x1000_b16,308,pure_decode,0,8,8,0,8,8,8192,256,8,FULL:8,FULL,tp4dp2moetp1ep8,4,2,1,8,False,False,True
engine_dp:0:step:309,engine_core_dp_step,309,0,cb_sim_vllm_like,32000x1000_b16,309,pure_decode,0,8,8,0,8,8,8192,256,8,FULL:8,FULL,tp4dp2moetp1ep8,4,2,1,8,False,False,True
engine_dp:0:step:310,engine_core_dp_step,310,0,cb_sim_vllm_like,32000x1000_b16,310,pure_decode,0,8,8,0,8,8,8192,256,8,FULL:8,FULL,tp4dp2moetp1ep8,4,2,1,8,False,False,True
engine_dp:0:step:311,engine_core_dp_step,311,0,cb_sim_vllm_like,32000x1000_b16,311,pure_decode,0,8,8,0,8,8,8192,256,8,FULL:8,FULL,tp4dp2moetp1ep8,4,2,1,8,False,False,True
engine_dp:0:step:312,engine_core_dp_step,312,0,cb_sim_vllm_like,32000x1000_b16,312,pure_decode,0,8,8,0,8,8,8192,256,8,FULL:8,FULL,tp4dp2moetp1ep8,4,2,1,8,False,False,True
engine_dp:0:step:313,engine_core_dp_step,313,0,cb_sim_vllm_like,32000x1000_b16,313,pure_decode,0,8,8,0,8,8,8192,256,8,FULL:8,FULL,tp4dp2moetp1ep8,4,2,1,8,False,False,True
engine_dp:0:step:314,engine_core_dp_step,314,0,cb_sim_vllm_like,32000x1000_b16,314,pure_decode,0,8,8,0,8,8,8192,256,8,FULL:8,FULL,tp4dp2moetp1ep8,4,2,1,8,False,False,True
engine_dp:0:step:315,engine_core_dp_step,315,0,cb_sim_vllm_like,32000x1000_b16,315,pure_decode,0,8,8,0,8,8,8192,256,8,FULL:8,FULL,tp4dp2moetp1ep8,4,2,1,8,False,False,True
engine_dp:0:step:316,engine_core_dp_step,316,0,cb_sim_vllm_like,32000x1000_b16,316,pure_decode,0,8,8,0,8,8,8192,256,8,FULL:8,FULL,tp4dp2moetp1ep8,4,2,1,8,False,False,True
engine_dp:0:step:317,engine_core_dp_step,317,0,cb_sim_vllm_like,32000x1000_b16,317,pure_decode,0,8,8,0,8,8,8192,256,8,FULL:8,FULL,tp4dp2moetp1ep8,4,2,1,8,False,False,True
engine_dp:0:step:318,engine_core_dp_step,318,0,cb_sim_vllm_like,32000x1000_b16,318,pure_decode,0,8,8,0,8,8,8192,256,8,FULL:8,FULL,tp4dp2moetp1ep8,4,2,1,8,False,False,True
engine_dp:0:step:319,engine_core_dp_step,319,0,cb_sim_vllm_like,32000x1000_b16,319,pure_decode,0,8,8,0,8,8,8192,256,8,FULL:8,FULL,tp4dp2moetp1ep8,4,2,1,8,False,False,True
engine_dp:0:step:320,engine_core_dp_step,320,0,cb_sim_vllm_like,32000x1000_b16,320,pure_decode,0,8,8,0,8,8,8192,256,8,FULL:8,FULL,tp4dp2moetp1ep8,4,2,1,8,False,False,True
engine_dp:0:step:321,engine_core_dp_step,321,0,cb_sim_vllm_like,32000x1000_b16,321,pure_decode,0,8,8,0,8,8,8192,256,8,FULL:8,FULL,tp4dp2moetp1ep8,4,2,1,8,False,False,True
engine_dp:0:step:322,engine_core_dp_step,322,0,cb_sim_vllm_like,32000x1000_b16,322,pure_decode,0,8,8,0,8,8,8192,256,8,FULL:8,FULL,tp4dp2moetp1ep8,4,2,1,8,False,False,True
engine_dp:0:step:323,engine_core_dp_step,323,0,cb_sim_vllm_like,32000x1000_b16,323,pure_decode,0,8,8,0,8,8,8192,256,8,FULL:8,FULL,tp4dp2moetp1ep8,4,2,1,8,False,False,True
engine_dp:0:step:324,engine_core_dp_step,324,0,cb_sim_vllm_like,32000x1000_b16,324,pure_decode,0,8,8,0,8,8,8192,256,8,FULL:8,FULL,tp4dp2moetp1ep8,4,2,1,8,False,False,True
engine_dp:0:step:325,engine_core_dp_step,325,0,cb_sim_vllm_like,32000x1000_b16,325,pure_decode,0,8,8,0,8,8,8192,256,8,FULL:8,FULL,tp4dp2moetp1ep8,4,2,1,8,False,False,True
engine_dp:0:step:326,engine_core_dp_step,326,0,cb_sim_vllm_like,32000x1000_b16,326,pure_decode,0,8,8,0,8,8,8192,256,8,FULL:8,FULL,tp4dp2moetp1ep8,4,2,1,8,False,False,True
engine_dp:0:step:327,engine_core_dp_step,327,0,cb_sim_vllm_like,32000x1000_b16,327,pure_decode,0,8,8,0,8,8,8192,256,8,FULL:8,FULL,tp4dp2moetp1ep8,4,2,1,8,False,False,True
engine_dp:0:step:328,engine_core_dp_step,328,0,cb_sim_vllm_like,32000x1000_b16,328,pure_decode,0,8,8,0,8,8,8192,256,8,FULL:8,FULL,tp4dp2moetp1ep8,4,2,1,8,False,False,True
engine_dp:0:step:329,engine_core_dp_step,329,0,cb_sim_vllm_like,32000x1000_b16,329,pure_decode,0,8,8,0,8,8,8192,256,8,FULL:8,FULL,tp4dp2moetp1ep8,4,2,1,8,False,False,True
engine_dp:0:step:330,engine_core_dp_step,330,0,cb_sim_vllm_like,32000x1000_b16,330,pure_decode,0,8,8,0,8,8,8192,256,8,FULL:8,FULL,tp4dp2moetp1ep8,4,2,1,8,False,False,True
engine_dp:0:step:331,engine_core_dp_step,331,0,cb_sim_vllm_like,32000x1000_b16,331,pure_decode,0,8,8,0,8,8,8192,256,8,FULL:8,FULL,tp4dp2moetp1ep8,4,2,1,8,False,False,True
engine_dp:0:step:332,engine_core_dp_step,332,0,cb_sim_vllm_like,32000x1000_b16,332,pure_decode,0,8,8,0,8,8,8192,256,8,FULL:8,FULL,tp4dp2moetp1ep8,4,2,1,8,False,False,True
engine_dp:0:step:333,engine_core_dp_step,333,0,cb_sim_vllm_like,32000x1000_b16,333,pure_decode,0,8,8,0,8,8,8192,256,8,FULL:8,FULL,tp4dp2moetp1ep8,4,2,1,8,False,False,True
engine_dp:0:step:334,engine_core_dp_step,334,0,cb_sim_vllm_like,32000x1000_b16,334,pure_decode,0,8,8,0,8,8,8192,256,8,FULL:8,FULL,tp4dp2moetp1ep8,4,2,1,8,False,False,True
engine_dp:0:step:335,engine_core_dp_step,335,0,cb_sim_vllm_like,32000x1000_b16,335,pure_decode,0,8,8,0,8,8,8192,256,8,FULL:8,FULL,tp4dp2moetp1ep8,4,2,1,8,False,False,True
engine_dp:0:step:336,engine_core_dp_step,336,0,cb_sim_vllm_like,32000x1000_b16,336,pure_decode,0,8,8,0,8,8,8192,256,8,FULL:8,FULL,tp4dp2moetp1ep8,4,2,1,8,False,False,True
engine_dp:0:step:337,engine_core_dp_step,337,0,cb_sim_vllm_like,32000x1000_b16,337,pure_decode,0,8,8,0,8,8,8192,256,8,FULL:8,FULL,tp4dp2moetp1ep8,4,2,1,8,False,False,True
engine_dp:0:step:338,engine_core_dp_step,338,0,cb_sim_vllm_like,32000x1000_b16,338,pure_decode,0,8,8,0,8,8,8192,256,8,FULL:8,FULL,tp4dp2moetp1ep8,4,2,1,8,False,False,True
engine_dp:0:step:339,engine_core_dp_step,339,0,cb_sim_vllm_like,32000x1000_b16,339,pure_decode,0,8,8,0,8,8,8192,256,8,FULL:8,FULL,tp4dp2moetp1ep8,4,2,1,8,False,False,True
engine_dp:0:step:340,engine_core_dp_step,340,0,cb_sim_vllm_like,32000x1000_b16,340,pure_decode,0,8,8,0,8,8,8192,256,8,FULL:8,FULL,tp4dp2moetp1ep8,4,2,1,8,False,False,True
engine_dp:0:step:341,engine_core_dp_step,341,0,cb_sim_vllm_like,32000x1000_b16,341,pure_decode,0,8,8,0,8,8,8192,256,8,FULL:8,FULL,tp4dp2moetp1ep8,4,2,1,8,False,False,True
engine_dp:0:step:342,engine_core_dp_step,342,0,cb_sim_vllm_like,32000x1000_b16,342,pure_decode,0,8,8,0,8,8,8192,256,8,FULL:8,FULL,tp4dp2moetp1ep8,4,2,1,8,False,False,True
engine_dp:0:step:343,engine_core_dp_step,343,0,cb_sim_vllm_like,32000x1000_b16,343,pure_decode,0,8,8,0,8,8,8192,256,8,FULL:8,FULL,tp4dp2moetp1ep8,4,2,1,8,False,False,True
engine_dp:0:step:344,engine_core_dp_step,344,0,cb_sim_vllm_like,32000x1000_b16,344,pure_decode,0,8,8,0,8,8,8192,256,8,FULL:8,FULL,tp4dp2moetp1ep8,4,2,1,8,False,False,True
engine_dp:0:step:345,engine_core_dp_step,345,0,cb_sim_vllm_like,32000x1000_b16,345,pure_decode,0,8,8,0,8,8,8192,256,8,FULL:8,FULL,tp4dp2moetp1ep8,4,2,1,8,False,False,True
engine_dp:0:step:346,engine_core_dp_step,346,0,cb_sim_vllm_like,32000x1000_b16,346,pure_decode,0,8,8,0,8,8,8192,256,8,FULL:8,FULL,tp4dp2moetp1ep8,4,2,1,8,False,False,True
engine_dp:0:step:347,engine_core_dp_step,347,0,cb_sim_vllm_like,32000x1000_b16,347,pure_decode,0,8,8,0,8,8,8192,256,8,FULL:8,FULL,tp4dp2moetp1ep8,4,2,1,8,False,False,True
engine_dp:0:step:348,engine_core_dp_step,348,0,cb_sim_vllm_like,32000x1000_b16,348,pure_decode,0,8,8,0,8,8,8192,256,8,FULL:8,FULL,tp4dp2moetp1ep8,4,2,1,8,False,False,True
engine_dp:0:step:349,engine_core_dp_step,349,0,cb_sim_vllm_like,32000x1000_b16,349,pure_decode,0,8,8,0,8,8,8192,256,8,FULL:8,FULL,tp4dp2moetp1ep8,4,2,1,8,False,False,True
engine_dp:0:step:350,engine_core_dp_step,350,0,cb_sim_vllm_like,32000x1000_b16,350,pure_decode,0,8,8,0,8,8,8192,256,8,FULL:8,FULL,tp4dp2moetp1ep8,4,2,1,8,False,False,True
engine_dp:0:step:351,engine_core_dp_step,351,0,cb_sim_vllm_like,32000x1000_b16,351,pure_decode,0,8,8,0,8,8,8192,256,8,FULL:8,FULL,tp4dp2moetp1ep8,4,2,1,8,False,False,True
engine_dp:0:step:352,engine_core_dp_step,352,0,cb_sim_vllm_like,32000x1000_b16,352,pure_decode,0,8,8,0,8,8,8192,256,8,FULL:8,FULL,tp4dp2moetp1ep8,4,2,1,8,False,False,True
engine_dp:0:step:353,engine_core_dp_step,353,0,cb_sim_vllm_like,32000x1000_b16,353,pure_decode,0,8,8,0,8,8,8192,256,8,FULL:8,FULL,tp4dp2moetp1ep8,4,2,1,8,False,False,True
engine_dp:0:step:354,engine_core_dp_step,354,0,cb_sim_vllm_like,32000x1000_b16,354,pure_decode,0,8,8,0,8,8,8192,256,8,FULL:8,FULL,tp4dp2moetp1ep8,4,2,1,8,False,False,True
engine_dp:0:step:355,engine_core_dp_step,355,0,cb_sim_vllm_like,32000x1000_b16,355,pure_decode,0,8,8,0,8,8,8192,256,8,FULL:8,FULL,tp4dp2moetp1ep8,4,2,1,8,False,False,True
engine_dp:0:step:356,engine_core_dp_step,356,0,cb_sim_vllm_like,32000x1000_b16,356,pure_decode,0,8,8,0,8,8,8192,256,8,FULL:8,FULL,tp4dp2moetp1ep8,4,2,1,8,False,False,True
engine_dp:0:step:357,engine_core_dp_step,357,0,cb_sim_vllm_like,32000x1000_b16,357,pure_decode,0,8,8,0,8,8,8192,256,8,FULL:8,FULL,tp4dp2moetp1ep8,4,2,1,8,False,False,True
engine_dp:0:step:358,engine_core_dp_step,358,0,cb_sim_vllm_like,32000x1000_b16,358,pure_decode,0,8,8,0,8,8,8192,256,8,FULL:8,FULL,tp4dp2moetp1ep8,4,2,1,8,False,False,True
engine_dp:0:step:359,engine_core_dp_step,359,0,cb_sim_vllm_like,32000x1000_b16,359,pure_decode,0,8,8,0,8,8,8192,256,8,FULL:8,FULL,tp4dp2moetp1ep8,4,2,1,8,False,False,True
engine_dp:0:step:360,engine_core_dp_step,360,0,cb_sim_vllm_like,32000x1000_b16,360,pure_decode,0,8,8,0,8,8,8192,256,8,FULL:8,FULL,tp4dp2moetp1ep8,4,2,1,8,False,False,True
engine_dp:0:step:361,engine_core_dp_step,361,0,cb_sim_vllm_like,32000x1000_b16,361,pure_decode,0,8,8,0,8,8,8192,256,8,FULL:8,FULL,tp4dp2moetp1ep8,4,2,1,8,False,False,True
engine_dp:0:step:362,engine_core_dp_step,362,0,cb_sim_vllm_like,32000x1000_b16,362,pure_decode,0,8,8,0,8,8,8192,256,8,FULL:8,FULL,tp4dp2moetp1ep8,4,2,1,8,False,False,True
engine_dp:0:step:363,engine_core_dp_step,363,0,cb_sim_vllm_like,32000x1000_b16,363,pure_decode,0,8,8,0,8,8,8192,256,8,FULL:8,FULL,tp4dp2moetp1ep8,4,2,1,8,False,False,True
engine_dp:0:step:364,engine_core_dp_step,364,0,cb_sim_vllm_like,32000x1000_b16,364,pure_decode,0,8,8,0,8,8,8192,256,8,FULL:8,FULL,tp4dp2moetp1ep8,4,2,1,8,False,False,True
engine_dp:0:step:365,engine_core_dp_step,365,0,cb_sim_vllm_like,32000x1000_b16,365,pure_decode,0,8,8,0,8,8,8192,256,8,FULL:8,FULL,tp4dp2moetp1ep8,4,2,1,8,False,False,True
engine_dp:0:step:366,engine_core_dp_step,366,0,cb_sim_vllm_like,32000x1000_b16,366,pure_decode,0,8,8,0,8,8,8192,256,8,FULL:8,FULL,tp4dp2moetp1ep8,4,2,1,8,False,False,True
engine_dp:0:step:367,engine_core_dp_step,367,0,cb_sim_vllm_like,32000x1000_b16,367,pure_decode,0,8,8,0,8,8,8192,256,8,FULL:8,FULL,tp4dp2moetp1ep8,4,2,1,8,False,False,True
engine_dp:0:step:368,engine_core_dp_step,368,0,cb_sim_vllm_like,32000x1000_b16,368,pure_decode,0,8,8,0,8,8,8192,256,8,FULL:8,FULL,tp4dp2moetp1ep8,4,2,1,8,False,False,True
engine_dp:0:step:369,engine_core_dp_step,369,0,cb_sim_vllm_like,32000x1000_b16,369,pure_decode,0,8,8,0,8,8,8192,256,8,FULL:8,FULL,tp4dp2moetp1ep8,4,2,1,8,False,False,True
engine_dp:0:step:370,engine_core_dp_step,370,0,cb_sim_vllm_like,32000x1000_b16,370,pure_decode,0,8,8,0,8,8,8192,256,8,FULL:8,FULL,tp4dp2moetp1ep8,4,2,1,8,False,False,True
engine_dp:0:step:371,engine_core_dp_step,371,0,cb_sim_vllm_like,32000x1000_b16,371,pure_decode,0,8,8,0,8,8,8192,256,8,FULL:8,FULL,tp4dp2moetp1ep8,4,2,1,8,False,False,True
engine_dp:0:step:372,engine_core_dp_step,372,0,cb_sim_vllm_like,32000x1000_b16,372,pure_decode,0,8,8,0,8,8,8192,256,8,FULL:8,FULL,tp4dp2moetp1ep8,4,2,1,8,False,False,True
engine_dp:0:step:373,engine_core_dp_step,373,0,cb_sim_vllm_like,32000x1000_b16,373,pure_decode,0,8,8,0,8,8,8192,256,8,FULL:8,FULL,tp4dp2moetp1ep8,4,2,1,8,False,False,True
engine_dp:0:step:374,engine_core_dp_step,374,0,cb_sim_vllm_like,32000x1000_b16,374,pure_decode,0,8,8,0,8,8,8192,256,8,FULL:8,FULL,tp4dp2moetp1ep8,4,2,1,8,False,False,True
engine_dp:0:step:375,engine_core_dp_step,375,0,cb_sim_vllm_like,32000x1000_b16,375,pure_decode,0,8,8,0,8,8,8192,256,8,FULL:8,FULL,tp4dp2moetp1ep8,4,2,1,8,False,False,True
engine_dp:0:step:376,engine_core_dp_step,376,0,cb_sim_vllm_like,32000x1000_b16,376,pure_decode,0,8,8,0,8,8,8192,256,8,FULL:8,FULL,tp4dp2moetp1ep8,4,2,1,8,False,False,True
engine_dp:0:step:377,engine_core_dp_step,377,0,cb_sim_vllm_like,32000x1000_b16,377,pure_decode,0,8,8,0,8,8,8192,256,8,FULL:8,FULL,tp4dp2moetp1ep8,4,2,1,8,False,False,True
engine_dp:0:step:378,engine_core_dp_step,378,0,cb_sim_vllm_like,32000x1000_b16,378,pure_decode,0,8,8,0,8,8,8192,256,8,FULL:8,FULL,tp4dp2moetp1ep8,4,2,1,8,False,False,True
engine_dp:0:step:379,engine_core_dp_step,379,0,cb_sim_vllm_like,32000x1000_b16,379,pure_decode,0,8,8,0,8,8,8192,256,8,FULL:8,FULL,tp4dp2moetp1ep8,4,2,1,8,False,False,True
engine_dp:0:step:380,engine_core_dp_step,380,0,cb_sim_vllm_like,32000x1000_b16,380,pure_decode,0,8,8,0,8,8,8192,256,8,FULL:8,FULL,tp4dp2moetp1ep8,4,2,1,8,False,False,True
engine_dp:0:step:381,engine_core_dp_step,381,0,cb_sim_vllm_like,32000x1000_b16,381,pure_decode,0,8,8,0,8,8,8192,256,8,FULL:8,FULL,tp4dp2moetp1ep8,4,2,1,8,False,False,True
engine_dp:0:step:382,engine_core_dp_step,382,0,cb_sim_vllm_like,32000x1000_b16,382,pure_decode,0,8,8,0,8,8,8192,256,8,FULL:8,FULL,tp4dp2moetp1ep8,4,2,1,8,False,False,True
engine_dp:0:step:383,engine_core_dp_step,383,0,cb_sim_vllm_like,32000x1000_b16,383,pure_decode,0,8,8,0,8,8,8192,256,8,FULL:8,FULL,tp4dp2moetp1ep8,4,2,1,8,False,False,True
engine_dp:0:step:384,engine_core_dp_step,384,0,cb_sim_vllm_like,32000x1000_b16,384,pure_decode,0,8,8,0,8,8,8192,256,8,FULL:8,FULL,tp4dp2moetp1ep8,4,2,1,8,False,False,True
engine_dp:0:step:385,engine_core_dp_step,385,0,cb_sim_vllm_like,32000x1000_b16,385,pure_decode,0,8,8,0,8,8,8192,256,8,FULL:8,FULL,tp4dp2moetp1ep8,4,2,1,8,False,False,True
engine_dp:0:step:386,engine_core_dp_step,386,0,cb_sim_vllm_like,32000x1000_b16,386,pure_decode,0,8,8,0,8,8,8192,256,8,FULL:8,FULL,tp4dp2moetp1ep8,4,2,1,8,False,False,True
engine_dp:0:step:387,engine_core_dp_step,387,0,cb_sim_vllm_like,32000x1000_b16,387,pure_decode,0,8,8,0,8,8,8192,256,8,FULL:8,FULL,tp4dp2moetp1ep8,4,2,1,8,False,False,True
engine_dp:0:step:388,engine_core_dp_step,388,0,cb_sim_vllm_like,32000x1000_b16,388,pure_decode,0,8,8,0,8,8,8192,256,8,FULL:8,FULL,tp4dp2moetp1ep8,4,2,1,8,False,False,True
engine_dp:0:step:389,engine_core_dp_step,389,0,cb_sim_vllm_like,32000x1000_b16,389,pure_decode,0,8,8,0,8,8,8192,256,8,FULL:8,FULL,tp4dp2moetp1ep8,4,2,1,8,False,False,True
engine_dp:0:step:390,engine_core_dp_step,390,0,cb_sim_vllm_like,32000x1000_b16,390,pure_decode,0,8,8,0,8,8,8192,256,8,FULL:8,FULL,tp4dp2moetp1ep8,4,2,1,8,False,False,True
engine_dp:0:step:391,engine_core_dp_step,391,0,cb_sim_vllm_like,32000x1000_b16,391,pure_decode,0,8,8,0,8,8,8192,256,8,FULL:8,FULL,tp4dp2moetp1ep8,4,2,1,8,False,False,True
engine_dp:0:step:392,engine_core_dp_step,392,0,cb_sim_vllm_like,32000x1000_b16,392,pure_decode,0,8,8,0,8,8,8192,256,8,FULL:8,FULL,tp4dp2moetp1ep8,4,2,1,8,False,False,True
engine_dp:0:step:393,engine_core_dp_step,393,0,cb_sim_vllm_like,32000x1000_b16,393,pure_decode,0,8,8,0,8,8,8192,256,8,FULL:8,FULL,tp4dp2moetp1ep8,4,2,1,8,False,False,True
engine_dp:0:step:394,engine_core_dp_step,394,0,cb_sim_vllm_like,32000x1000_b16,394,pure_decode,0,8,8,0,8,8,8192,256,8,FULL:8,FULL,tp4dp2moetp1ep8,4,2,1,8,False,False,True
engine_dp:0:step:395,engine_core_dp_step,395,0,cb_sim_vllm_like,32000x1000_b16,395,pure_decode,0,8,8,0,8,8,8192,256,8,FULL:8,FULL,tp4dp2moetp1ep8,4,2,1,8,False,False,True
engine_dp:0:step:396,engine_core_dp_step,396,0,cb_sim_vllm_like,32000x1000_b16,396,pure_decode,0,8,8,0,8,8,8192,256,8,FULL:8,FULL,tp4dp2moetp1ep8,4,2,1,8,False,False,True
engine_dp:0:step:397,engine_core_dp_step,397,0,cb_sim_vllm_like,32000x1000_b16,397,pure_decode,0,8,8,0,8,8,8192,256,8,FULL:8,FULL,tp4dp2moetp1ep8,4,2,1,8,False,False,True
engine_dp:0:step:398,engine_core_dp_step,398,0,cb_sim_vllm_like,32000x1000_b16,398,pure_decode,0,8,8,0,8,8,8192,256,8,FULL:8,FULL,tp4dp2moetp1ep8,4,2,1,8,False,False,True
engine_dp:0:step:399,engine_core_dp_step,399,0,cb_sim_vllm_like,32000x1000_b16,399,pure_decode,0,8,8,0,8,8,8192,256,8,FULL:8,FULL,tp4dp2moetp1ep8,4,2,1,8,False,False,True
engine_dp:0:step:400,engine_core_dp_step,400,0,cb_sim_vllm_like,32000x1000_b16,400,pure_decode,0,8,8,0,8,8,8192,256,8,FULL:8,FULL,tp4dp2moetp1ep8,4,2,1,8,False,False,True
engine_dp:0:step:401,engine_core_dp_step,401,0,cb_sim_vllm_like,32000x1000_b16,401,pure_decode,0,8,8,0,8,8,8192,256,8,FULL:8,FULL,tp4dp2moetp1ep8,4,2,1,8,False,False,True
engine_dp:0:step:402,engine_core_dp_step,402,0,cb_sim_vllm_like,32000x1000_b16,402,pure_decode,0,8,8,0,8,8,8192,256,8,FULL:8,FULL,tp4dp2moetp1ep8,4,2,1,8,False,False,True
engine_dp:0:step:403,engine_core_dp_step,403,0,cb_sim_vllm_like,32000x1000_b16,403,pure_decode,0,8,8,0,8,8,8192,256,8,FULL:8,FULL,tp4dp2moetp1ep8,4,2,1,8,False,False,True
engine_dp:0:step:404,engine_core_dp_step,404,0,cb_sim_vllm_like,32000x1000_b16,404,pure_decode,0,8,8,0,8,8,8192,256,8,FULL:8,FULL,tp4dp2moetp1ep8,4,2,1,8,False,False,True
engine_dp:0:step:405,engine_core_dp_step,405,0,cb_sim_vllm_like,32000x1000_b16,405,pure_decode,0,8,8,0,8,8,8192,256,8,FULL:8,FULL,tp4dp2moetp1ep8,4,2,1,8,False,False,True
engine_dp:0:step:406,engine_core_dp_step,406,0,cb_sim_vllm_like,32000x1000_b16,406,pure_decode,0,8,8,0,8,8,8192,256,8,FULL:8,FULL,tp4dp2moetp1ep8,4,2,1,8,False,False,True
engine_dp:0:step:407,engine_core_dp_step,407,0,cb_sim_vllm_like,32000x1000_b16,407,pure_decode,0,8,8,0,8,8,8192,256,8,FULL:8,FULL,tp4dp2moetp1ep8,4,2,1,8,False,False,True
engine_dp:0:step:408,engine_core_dp_step,408,0,cb_sim_vllm_like,32000x1000_b16,408,pure_decode,0,8,8,0,8,8,8192,256,8,FULL:8,FULL,tp4dp2moetp1ep8,4,2,1,8,False,False,True
engine_dp:0:step:409,engine_core_dp_step,409,0,cb_sim_vllm_like,32000x1000_b16,409,pure_decode,0,8,8,0,8,8,8192,256,8,FULL:8,FULL,tp4dp2moetp1ep8,4,2,1,8,False,False,True
engine_dp:0:step:410,engine_core_dp_step,410,0,cb_sim_vllm_like,32000x1000_b16,410,pure_decode,0,8,8,0,8,8,8192,256,8,FULL:8,FULL,tp4dp2moetp1ep8,4,2,1,8,False,False,True
engine_dp:0:step:411,engine_core_dp_step,411,0,cb_sim_vllm_like,32000x1000_b16,411,pure_decode,0,8,8,0,8,8,8192,256,8,FULL:8,FULL,tp4dp2moetp1ep8,4,2,1,8,False,False,True
engine_dp:0:step:412,engine_core_dp_step,412,0,cb_sim_vllm_like,32000x1000_b16,412,pure_decode,0,8,8,0,8,8,8192,256,8,FULL:8,FULL,tp4dp2moetp1ep8,4,2,1,8,False,False,True
engine_dp:0:step:413,engine_core_dp_step,413,0,cb_sim_vllm_like,32000x1000_b16,413,pure_decode,0,8,8,0,8,8,8192,256,8,FULL:8,FULL,tp4dp2moetp1ep8,4,2,1,8,False,False,True
engine_dp:0:step:414,engine_core_dp_step,414,0,cb_sim_vllm_like,32000x1000_b16,414,pure_decode,0,8,8,0,8,8,8192,256,8,FULL:8,FULL,tp4dp2moetp1ep8,4,2,1,8,False,False,True
engine_dp:0:step:415,engine_core_dp_step,415,0,cb_sim_vllm_like,32000x1000_b16,415,pure_decode,0,8,8,0,8,8,8192,256,8,FULL:8,FULL,tp4dp2moetp1ep8,4,2,1,8,False,False,True
engine_dp:0:step:416,engine_core_dp_step,416,0,cb_sim_vllm_like,32000x1000_b16,416,pure_decode,0,8,8,0,8,8,8192,256,8,FULL:8,FULL,tp4dp2moetp1ep8,4,2,1,8,False,False,True
engine_dp:0:step:417,engine_core_dp_step,417,0,cb_sim_vllm_like,32000x1000_b16,417,pure_decode,0,8,8,0,8,8,8192,256,8,FULL:8,FULL,tp4dp2moetp1ep8,4,2,1,8,False,False,True
engine_dp:0:step:418,engine_core_dp_step,418,0,cb_sim_vllm_like,32000x1000_b16,418,pure_decode,0,8,8,0,8,8,8192,256,8,FULL:8,FULL,tp4dp2moetp1ep8,4,2,1,8,False,False,True
engine_dp:0:step:419,engine_core_dp_step,419,0,cb_sim_vllm_like,32000x1000_b16,419,pure_decode,0,8,8,0,8,8,8192,256,8,FULL:8,FULL,tp4dp2moetp1ep8,4,2,1,8,False,False,True
engine_dp:0:step:420,engine_core_dp_step,420,0,cb_sim_vllm_like,32000x1000_b16,420,pure_decode,0,8,8,0,8,8,8192,256,8,FULL:8,FULL,tp4dp2moetp1ep8,4,2,1,8,False,False,True
engine_dp:0:step:421,engine_core_dp_step,421,0,cb_sim_vllm_like,32000x1000_b16,421,pure_decode,0,8,8,0,8,8,8192,256,8,FULL:8,FULL,tp4dp2moetp1ep8,4,2,1,8,False,False,True
engine_dp:0:step:422,engine_core_dp_step,422,0,cb_sim_vllm_like,32000x1000_b16,422,pure_decode,0,8,8,0,8,8,8192,256,8,FULL:8,FULL,tp4dp2moetp1ep8,4,2,1,8,False,False,True
engine_dp:0:step:423,engine_core_dp_step,423,0,cb_sim_vllm_like,32000x1000_b16,423,pure_decode,0,8,8,0,8,8,8192,256,8,FULL:8,FULL,tp4dp2moetp1ep8,4,2,1,8,False,False,True
engine_dp:0:step:424,engine_core_dp_step,424,0,cb_sim_vllm_like,32000x1000_b16,424,pure_decode,0,8,8,0,8,8,8192,256,8,FULL:8,FULL,tp4dp2moetp1ep8,4,2,1,8,False,False,True
engine_dp:0:step:425,engine_core_dp_step,425,0,cb_sim_vllm_like,32000x1000_b16,425,pure_decode,0,8,8,0,8,8,8192,256,8,FULL:8,FULL,tp4dp2moetp1ep8,4,2,1,8,False,False,True
engine_dp:0:step:426,engine_core_dp_step,426,0,cb_sim_vllm_like,32000x1000_b16,426,pure_decode,0,8,8,0,8,8,8192,256,8,FULL:8,FULL,tp4dp2moetp1ep8,4,2,1,8,False,False,True
engine_dp:0:step:427,engine_core_dp_step,427,0,cb_sim_vllm_like,32000x1000_b16,427,pure_decode,0,8,8,0,8,8,8192,256,8,FULL:8,FULL,tp4dp2moetp1ep8,4,2,1,8,False,False,True
engine_dp:0:step:428,engine_core_dp_step,428,0,cb_sim_vllm_like,32000x1000_b16,428,pure_decode,0,8,8,0,8,8,8192,256,8,FULL:8,FULL,tp4dp2moetp1ep8,4,2,1,8,False,False,True
engine_dp:0:step:429,engine_core_dp_step,429,0,cb_sim_vllm_like,32000x1000_b16,429,pure_decode,0,8,8,0,8,8,8192,256,8,FULL:8,FULL,tp4dp2moetp1ep8,4,2,1,8,False,False,True
engine_dp:0:step:430,engine_core_dp_step,430,0,cb_sim_vllm_like,32000x1000_b16,430,pure_decode,0,8,8,0,8,8,8192,256,8,FULL:8,FULL,tp4dp2moetp1ep8,4,2,1,8,False,False,True
engine_dp:0:step:431,engine_core_dp_step,431,0,cb_sim_vllm_like,32000x1000_b16,431,pure_decode,0,8,8,0,8,8,8192,256,8,FULL:8,FULL,tp4dp2moetp1ep8,4,2,1,8,False,False,True
engine_dp:0:step:432,engine_core_dp_step,432,0,cb_sim_vllm_like,32000x1000_b16,432,pure_decode,0,8,8,0,8,8,8192,256,8,FULL:8,FULL,tp4dp2moetp1ep8,4,2,1,8,False,False,True
engine_dp:0:step:433,engine_core_dp_step,433,0,cb_sim_vllm_like,32000x1000_b16,433,pure_decode,0,8,8,0,8,8,8192,256,8,FULL:8,FULL,tp4dp2moetp1ep8,4,2,1,8,False,False,True
engine_dp:0:step:434,engine_core_dp_step,434,0,cb_sim_vllm_like,32000x1000_b16,434,pure_decode,0,8,8,0,8,8,8192,256,8,FULL:8,FULL,tp4dp2moetp1ep8,4,2,1,8,False,False,True
engine_dp:0:step:435,engine_core_dp_step,435,0,cb_sim_vllm_like,32000x1000_b16,435,pure_decode,0,8,8,0,8,8,8192,256,8,FULL:8,FULL,tp4dp2moetp1ep8,4,2,1,8,False,False,True
engine_dp:0:step:436,engine_core_dp_step,436,0,cb_sim_vllm_like,32000x1000_b16,436,pure_decode,0,8,8,0,8,8,8192,256,8,FULL:8,FULL,tp4dp2moetp1ep8,4,2,1,8,False,False,True
engine_dp:0:step:437,engine_core_dp_step,437,0,cb_sim_vllm_like,32000x1000_b16,437,pure_decode,0,8,8,0,8,8,8192,256,8,FULL:8,FULL,tp4dp2moetp1ep8,4,2,1,8,False,False,True
engine_dp:0:step:438,engine_core_dp_step,438,0,cb_sim_vllm_like,32000x1000_b16,438,pure_decode,0,8,8,0,8,8,8192,256,8,FULL:8,FULL,tp4dp2moetp1ep8,4,2,1,8,False,False,True
engine_dp:0:step:439,engine_core_dp_step,439,0,cb_sim_vllm_like,32000x1000_b16,439,pure_decode,0,8,8,0,8,8,8192,256,8,FULL:8,FULL,tp4dp2moetp1ep8,4,2,1,8,False,False,True
engine_dp:0:step:440,engine_core_dp_step,440,0,cb_sim_vllm_like,32000x1000_b16,440,pure_decode,0,8,8,0,8,8,8192,256,8,FULL:8,FULL,tp4dp2moetp1ep8,4,2,1,8,False,False,True
engine_dp:0:step:441,engine_core_dp_step,441,0,cb_sim_vllm_like,32000x1000_b16,441,pure_decode,0,8,8,0,8,8,8192,256,8,FULL:8,FULL,tp4dp2moetp1ep8,4,2,1,8,False,False,True
engine_dp:0:step:442,engine_core_dp_step,442,0,cb_sim_vllm_like,32000x1000_b16,442,pure_decode,0,8,8,0,8,8,8192,256,8,FULL:8,FULL,tp4dp2moetp1ep8,4,2,1,8,False,False,True
engine_dp:0:step:443,engine_core_dp_step,443,0,cb_sim_vllm_like,32000x1000_b16,443,pure_decode,0,8,8,0,8,8,8192,256,8,FULL:8,FULL,tp4dp2moetp1ep8,4,2,1,8,False,False,True
engine_dp:0:step:444,engine_core_dp_step,444,0,cb_sim_vllm_like,32000x1000_b16,444,pure_decode,0,8,8,0,8,8,8192,256,8,FULL:8,FULL,tp4dp2moetp1ep8,4,2,1,8,False,False,True
engine_dp:0:step:445,engine_core_dp_step,445,0,cb_sim_vllm_like,32000x1000_b16,445,pure_decode,0,8,8,0,8,8,8192,256,8,FULL:8,FULL,tp4dp2moetp1ep8,4,2,1,8,False,False,True
engine_dp:0:step:446,engine_core_dp_step,446,0,cb_sim_vllm_like,32000x1000_b16,446,pure_decode,0,8,8,0,8,8,8192,256,8,FULL:8,FULL,tp4dp2moetp1ep8,4,2,1,8,False,False,True
engine_dp:0:step:447,engine_core_dp_step,447,0,cb_sim_vllm_like,32000x1000_b16,447,pure_decode,0,8,8,0,8,8,8192,256,8,FULL:8,FULL,tp4dp2moetp1ep8,4,2,1,8,False,False,True
engine_dp:0:step:448,engine_core_dp_step,448,0,cb_sim_vllm_like,32000x1000_b16,448,pure_decode,0,8,8,0,8,8,8192,256,8,FULL:8,FULL,tp4dp2moetp1ep8,4,2,1,8,False,False,True
engine_dp:0:step:449,engine_core_dp_step,449,0,cb_sim_vllm_like,32000x1000_b16,449,pure_decode,0,8,8,0,8,8,8192,256,8,FULL:8,FULL,tp4dp2moetp1ep8,4,2,1,8,False,False,True
engine_dp:0:step:450,engine_core_dp_step,450,0,cb_sim_vllm_like,32000x1000_b16,450,pure_decode,0,8,8,0,8,8,8192,256,8,FULL:8,FULL,tp4dp2moetp1ep8,4,2,1,8,False,False,True
engine_dp:0:step:451,engine_core_dp_step,451,0,cb_sim_vllm_like,32000x1000_b16,451,pure_decode,0,8,8,0,8,8,8192,256,8,FULL:8,FULL,tp4dp2moetp1ep8,4,2,1,8,False,False,True
engine_dp:0:step:452,engine_core_dp_step,452,0,cb_sim_vllm_like,32000x1000_b16,452,pure_decode,0,8,8,0,8,8,8192,256,8,FULL:8,FULL,tp4dp2moetp1ep8,4,2,1,8,False,False,True
engine_dp:0:step:453,engine_core_dp_step,453,0,cb_sim_vllm_like,32000x1000_b16,453,pure_decode,0,8,8,0,8,8,8192,256,8,FULL:8,FULL,tp4dp2moetp1ep8,4,2,1,8,False,False,True
engine_dp:0:step:454,engine_core_dp_step,454,0,cb_sim_vllm_like,32000x1000_b16,454,pure_decode,0,8,8,0,8,8,8192,256,8,FULL:8,FULL,tp4dp2moetp1ep8,4,2,1,8,False,False,True
engine_dp:0:step:455,engine_core_dp_step,455,0,cb_sim_vllm_like,32000x1000_b16,455,pure_decode,0,8,8,0,8,8,8192,256,8,FULL:8,FULL,tp4dp2moetp1ep8,4,2,1,8,False,False,True
engine_dp:0:step:456,engine_core_dp_step,456,0,cb_sim_vllm_like,32000x1000_b16,456,pure_decode,0,8,8,0,8,8,8192,256,8,FULL:8,FULL,tp4dp2moetp1ep8,4,2,1,8,False,False,True
engine_dp:0:step:457,engine_core_dp_step,457,0,cb_sim_vllm_like,32000x1000_b16,457,pure_decode,0,8,8,0,8,8,8192,256,8,FULL:8,FULL,tp4dp2moetp1ep8,4,2,1,8,False,False,True
engine_dp:0:step:458,engine_core_dp_step,458,0,cb_sim_vllm_like,32000x1000_b16,458,pure_decode,0,8,8,0,8,8,8192,256,8,FULL:8,FULL,tp4dp2moetp1ep8,4,2,1,8,False,False,True
engine_dp:0:step:459,engine_core_dp_step,459,0,cb_sim_vllm_like,32000x1000_b16,459,pure_decode,0,8,8,0,8,8,8192,256,8,FULL:8,FULL,tp4dp2moetp1ep8,4,2,1,8,False,False,True
engine_dp:0:step:460,engine_core_dp_step,460,0,cb_sim_vllm_like,32000x1000_b16,460,pure_decode,0,8,8,0,8,8,8192,256,8,FULL:8,FULL,tp4dp2moetp1ep8,4,2,1,8,False,False,True
engine_dp:0:step:461,engine_core_dp_step,461,0,cb_sim_vllm_like,32000x1000_b16,461,pure_decode,0,8,8,0,8,8,8192,256,8,FULL:8,FULL,tp4dp2moetp1ep8,4,2,1,8,False,False,True
engine_dp:0:step:462,engine_core_dp_step,462,0,cb_sim_vllm_like,32000x1000_b16,462,pure_decode,0,8,8,0,8,8,8192,256,8,FULL:8,FULL,tp4dp2moetp1ep8,4,2,1,8,False,False,True
engine_dp:0:step:463,engine_core_dp_step,463,0,cb_sim_vllm_like,32000x1000_b16,463,pure_decode,0,8,8,0,8,8,8192,256,8,FULL:8,FULL,tp4dp2moetp1ep8,4,2,1,8,False,False,True
engine_dp:0:step:464,engine_core_dp_step,464,0,cb_sim_vllm_like,32000x1000_b16,464,pure_decode,0,8,8,0,8,8,8192,256,8,FULL:8,FULL,tp4dp2moetp1ep8,4,2,1,8,False,False,True
engine_dp:0:step:465,engine_core_dp_step,465,0,cb_sim_vllm_like,32000x1000_b16,465,pure_decode,0,8,8,0,8,8,8192,256,8,FULL:8,FULL,tp4dp2moetp1ep8,4,2,1,8,False,False,True
engine_dp:0:step:466,engine_core_dp_step,466,0,cb_sim_vllm_like,32000x1000_b16,466,pure_decode,0,8,8,0,8,8,8192,256,8,FULL:8,FULL,tp4dp2moetp1ep8,4,2,1,8,False,False,True
engine_dp:0:step:467,engine_core_dp_step,467,0,cb_sim_vllm_like,32000x1000_b16,467,pure_decode,0,8,8,0,8,8,8192,256,8,FULL:8,FULL,tp4dp2moetp1ep8,4,2,1,8,False,False,True
engine_dp:0:step:468,engine_core_dp_step,468,0,cb_sim_vllm_like,32000x1000_b16,468,pure_decode,0,8,8,0,8,8,8192,256,8,FULL:8,FULL,tp4dp2moetp1ep8,4,2,1,8,False,False,True
engine_dp:0:step:469,engine_core_dp_step,469,0,cb_sim_vllm_like,32000x1000_b16,469,pure_decode,0,8,8,0,8,8,8192,256,8,FULL:8,FULL,tp4dp2moetp1ep8,4,2,1,8,False,False,True
engine_dp:0:step:470,engine_core_dp_step,470,0,cb_sim_vllm_like,32000x1000_b16,470,pure_decode,0,8,8,0,8,8,8192,256,8,FULL:8,FULL,tp4dp2moetp1ep8,4,2,1,8,False,False,True
engine_dp:0:step:471,engine_core_dp_step,471,0,cb_sim_vllm_like,32000x1000_b16,471,pure_decode,0,8,8,0,8,8,8192,256,8,FULL:8,FULL,tp4dp2moetp1ep8,4,2,1,8,False,False,True
engine_dp:0:step:472,engine_core_dp_step,472,0,cb_sim_vllm_like,32000x1000_b16,472,pure_decode,0,8,8,0,8,8,8192,256,8,FULL:8,FULL,tp4dp2moetp1ep8,4,2,1,8,False,False,True
engine_dp:0:step:473,engine_core_dp_step,473,0,cb_sim_vllm_like,32000x1000_b16,473,pure_decode,0,8,8,0,8,8,8192,256,8,FULL:8,FULL,tp4dp2moetp1ep8,4,2,1,8,False,False,True
engine_dp:0:step:474,engine_core_dp_step,474,0,cb_sim_vllm_like,32000x1000_b16,474,pure_decode,0,8,8,0,8,8,8192,256,8,FULL:8,FULL,tp4dp2moetp1ep8,4,2,1,8,False,False,True
engine_dp:0:step:475,engine_core_dp_step,475,0,cb_sim_vllm_like,32000x1000_b16,475,pure_decode,0,8,8,0,8,8,8192,256,8,FULL:8,FULL,tp4dp2moetp1ep8,4,2,1,8,False,False,True
engine_dp:0:step:476,engine_core_dp_step,476,0,cb_sim_vllm_like,32000x1000_b16,476,pure_decode,0,8,8,0,8,8,8192,256,8,FULL:8,FULL,tp4dp2moetp1ep8,4,2,1,8,False,False,True
engine_dp:0:step:477,engine_core_dp_step,477,0,cb_sim_vllm_like,32000x1000_b16,477,pure_decode,0,8,8,0,8,8,8192,256,8,FULL:8,FULL,tp4dp2moetp1ep8,4,2,1,8,False,False,True
engine_dp:0:step:478,engine_core_dp_step,478,0,cb_sim_vllm_like,32000x1000_b16,478,pure_decode,0,8,8,0,8,8,8192,256,8,FULL:8,FULL,tp4dp2moetp1ep8,4,2,1,8,False,False,True
engine_dp:0:step:479,engine_core_dp_step,479,0,cb_sim_vllm_like,32000x1000_b16,479,pure_decode,0,8,8,0,8,8,8192,256,8,FULL:8,FULL,tp4dp2moetp1ep8,4,2,1,8,False,False,True
engine_dp:0:step:480,engine_core_dp_step,480,0,cb_sim_vllm_like,32000x1000_b16,480,pure_decode,0,8,8,0,8,8,8192,256,8,FULL:8,FULL,tp4dp2moetp1ep8,4,2,1,8,False,False,True
engine_dp:0:step:481,engine_core_dp_step,481,0,cb_sim_vllm_like,32000x1000_b16,481,pure_decode,0,8,8,0,8,8,8192,256,8,FULL:8,FULL,tp4dp2moetp1ep8,4,2,1,8,False,False,True
engine_dp:0:step:482,engine_core_dp_step,482,0,cb_sim_vllm_like,32000x1000_b16,482,pure_decode,0,8,8,0,8,8,8192,256,8,FULL:8,FULL,tp4dp2moetp1ep8,4,2,1,8,False,False,True
engine_dp:0:step:483,engine_core_dp_step,483,0,cb_sim_vllm_like,32000x1000_b16,483,pure_decode,0,8,8,0,8,8,8192,256,8,FULL:8,FULL,tp4dp2moetp1ep8,4,2,1,8,False,False,True
engine_dp:0:step:484,engine_core_dp_step,484,0,cb_sim_vllm_like,32000x1000_b16,484,pure_decode,0,8,8,0,8,8,8192,256,8,FULL:8,FULL,tp4dp2moetp1ep8,4,2,1,8,False,False,True
engine_dp:0:step:485,engine_core_dp_step,485,0,cb_sim_vllm_like,32000x1000_b16,485,pure_decode,0,8,8,0,8,8,8192,256,8,FULL:8,FULL,tp4dp2moetp1ep8,4,2,1,8,False,False,True
engine_dp:0:step:486,engine_core_dp_step,486,0,cb_sim_vllm_like,32000x1000_b16,486,pure_decode,0,8,8,0,8,8,8192,256,8,FULL:8,FULL,tp4dp2moetp1ep8,4,2,1,8,False,False,True
engine_dp:0:step:487,engine_core_dp_step,487,0,cb_sim_vllm_like,32000x1000_b16,487,pure_decode,0,8,8,0,8,8,8192,256,8,FULL:8,FULL,tp4dp2moetp1ep8,4,2,1,8,False,False,True
engine_dp:0:step:488,engine_core_dp_step,488,0,cb_sim_vllm_like,32000x1000_b16,488,pure_decode,0,8,8,0,8,8,8192,256,8,FULL:8,FULL,tp4dp2moetp1ep8,4,2,1,8,False,False,True
engine_dp:0:step:489,engine_core_dp_step,489,0,cb_sim_vllm_like,32000x1000_b16,489,pure_decode,0,8,8,0,8,8,8192,256,8,FULL:8,FULL,tp4dp2moetp1ep8,4,2,1,8,False,False,True
engine_dp:0:step:490,engine_core_dp_step,490,0,cb_sim_vllm_like,32000x1000_b16,490,pure_decode,0,8,8,0,8,8,8192,256,8,FULL:8,FULL,tp4dp2moetp1ep8,4,2,1,8,False,False,True
engine_dp:0:step:491,engine_core_dp_step,491,0,cb_sim_vllm_like,32000x1000_b16,491,pure_decode,0,8,8,0,8,8,8192,256,8,FULL:8,FULL,tp4dp2moetp1ep8,4,2,1,8,False,False,True
engine_dp:0:step:492,engine_core_dp_step,492,0,cb_sim_vllm_like,32000x1000_b16,492,pure_decode,0,8,8,0,8,8,8192,256,8,FULL:8,FULL,tp4dp2moetp1ep8,4,2,1,8,False,False,True
engine_dp:0:step:493,engine_core_dp_step,493,0,cb_sim_vllm_like,32000x1000_b16,493,pure_decode,0,8,8,0,8,8,8192,256,8,FULL:8,FULL,tp4dp2moetp1ep8,4,2,1,8,False,False,True
engine_dp:0:step:494,engine_core_dp_step,494,0,cb_sim_vllm_like,32000x1000_b16,494,pure_decode,0,8,8,0,8,8,8192,256,8,FULL:8,FULL,tp4dp2moetp1ep8,4,2,1,8,False,False,True
engine_dp:0:step:495,engine_core_dp_step,495,0,cb_sim_vllm_like,32000x1000_b16,495,pure_decode,0,8,8,0,8,8,8192,256,8,FULL:8,FULL,tp4dp2moetp1ep8,4,2,1,8,False,False,True
engine_dp:0:step:496,engine_core_dp_step,496,0,cb_sim_vllm_like,32000x1000_b16,496,pure_decode,0,8,8,0,8,8,8192,256,8,FULL:8,FULL,tp4dp2moetp1ep8,4,2,1,8,False,False,True
engine_dp:0:step:497,engine_core_dp_step,497,0,cb_sim_vllm_like,32000x1000_b16,497,pure_decode,0,8,8,0,8,8,8192,256,8,FULL:8,FULL,tp4dp2moetp1ep8,4,2,1,8,False,False,True
engine_dp:0:step:498,engine_core_dp_step,498,0,cb_sim_vllm_like,32000x1000_b16,498,pure_decode,0,8,8,0,8,8,8192,256,8,FULL:8,FULL,tp4dp2moetp1ep8,4,2,1,8,False,False,True
engine_dp:0:step:499,engine_core_dp_step,499,0,cb_sim_vllm_like,32000x1000_b16,499,pure_decode,0,8,8,0,8,8,8192,256,8,FULL:8,FULL,tp4dp2moetp1ep8,4,2,1,8,False,False,True
engine_dp:0:step:500,engine_core_dp_step,500,0,cb_sim_vllm_like,32000x1000_b16,500,pure_decode,0,8,8,0,8,8,8192,256,8,FULL:8,FULL,tp4dp2moetp1ep8,4,2,1,8,False,False,True
engine_dp:0:step:501,engine_core_dp_step,501,0,cb_sim_vllm_like,32000x1000_b16,501,pure_decode,0,8,8,0,8,8,8192,256,8,FULL:8,FULL,tp4dp2moetp1ep8,4,2,1,8,False,False,True
engine_dp:0:step:502,engine_core_dp_step,502,0,cb_sim_vllm_like,32000x1000_b16,502,pure_decode,0,8,8,0,8,8,8192,256,8,FULL:8,FULL,tp4dp2moetp1ep8,4,2,1,8,False,False,True
engine_dp:0:step:503,engine_core_dp_step,503,0,cb_sim_vllm_like,32000x1000_b16,503,pure_decode,0,8,8,0,8,8,8192,256,8,FULL:8,FULL,tp4dp2moetp1ep8,4,2,1,8,False,False,True
engine_dp:0:step:504,engine_core_dp_step,504,0,cb_sim_vllm_like,32000x1000_b16,504,pure_decode,0,8,8,0,8,8,8192,256,8,FULL:8,FULL,tp4dp2moetp1ep8,4,2,1,8,False,False,True
engine_dp:0:step:505,engine_core_dp_step,505,0,cb_sim_vllm_like,32000x1000_b16,505,pure_decode,0,8,8,0,8,8,8192,256,8,FULL:8,FULL,tp4dp2moetp1ep8,4,2,1,8,False,False,True
engine_dp:0:step:506,engine_core_dp_step,506,0,cb_sim_vllm_like,32000x1000_b16,506,pure_decode,0,8,8,0,8,8,8192,256,8,FULL:8,FULL,tp4dp2moetp1ep8,4,2,1,8,False,False,True
engine_dp:0:step:507,engine_core_dp_step,507,0,cb_sim_vllm_like,32000x1000_b16,507,pure_decode,0,8,8,0,8,8,8192,256,8,FULL:8,FULL,tp4dp2moetp1ep8,4,2,1,8,False,False,True
engine_dp:0:step:508,engine_core_dp_step,508,0,cb_sim_vllm_like,32000x1000_b16,508,pure_decode,0,8,8,0,8,8,8192,256,8,FULL:8,FULL,tp4dp2moetp1ep8,4,2,1,8,False,False,True
engine_dp:0:step:509,engine_core_dp_step,509,0,cb_sim_vllm_like,32000x1000_b16,509,pure_decode,0,8,8,0,8,8,8192,256,8,FULL:8,FULL,tp4dp2moetp1ep8,4,2,1,8,False,False,True
engine_dp:0:step:510,engine_core_dp_step,510,0,cb_sim_vllm_like,32000x1000_b16,510,pure_decode,0,8,8,0,8,8,8192,256,8,FULL:8,FULL,tp4dp2moetp1ep8,4,2,1,8,False,False,True
engine_dp:0:step:511,engine_core_dp_step,511,0,cb_sim_vllm_like,32000x1000_b16,511,pure_decode,0,8,8,0,8,8,8192,256,8,FULL:8,FULL,tp4dp2moetp1ep8,4,2,1,8,False,False,True
engine_dp:0:step:512,engine_core_dp_step,512,0,cb_sim_vllm_like,32000x1000_b16,512,pure_decode,0,8,8,0,8,8,8192,256,8,FULL:8,FULL,tp4dp2moetp1ep8,4,2,1,8,False,False,True
engine_dp:0:step:513,engine_core_dp_step,513,0,cb_sim_vllm_like,32000x1000_b16,513,pure_decode,0,8,8,0,8,8,8192,256,8,FULL:8,FULL,tp4dp2moetp1ep8,4,2,1,8,False,False,True
engine_dp:0:step:514,engine_core_dp_step,514,0,cb_sim_vllm_like,32000x1000_b16,514,pure_decode,0,8,8,0,8,8,8192,256,8,FULL:8,FULL,tp4dp2moetp1ep8,4,2,1,8,False,False,True
engine_dp:0:step:515,engine_core_dp_step,515,0,cb_sim_vllm_like,32000x1000_b16,515,pure_decode,0,8,8,0,8,8,8192,256,8,FULL:8,FULL,tp4dp2moetp1ep8,4,2,1,8,False,False,True
engine_dp:0:step:516,engine_core_dp_step,516,0,cb_sim_vllm_like,32000x1000_b16,516,pure_decode,0,8,8,0,8,8,8192,256,8,FULL:8,FULL,tp4dp2moetp1ep8,4,2,1,8,False,False,True
engine_dp:0:step:517,engine_core_dp_step,517,0,cb_sim_vllm_like,32000x1000_b16,517,pure_decode,0,8,8,0,8,8,8192,256,8,FULL:8,FULL,tp4dp2moetp1ep8,4,2,1,8,False,False,True
engine_dp:0:step:518,engine_core_dp_step,518,0,cb_sim_vllm_like,32000x1000_b16,518,pure_decode,0,8,8,0,8,8,8192,256,8,FULL:8,FULL,tp4dp2moetp1ep8,4,2,1,8,False,False,True
engine_dp:0:step:519,engine_core_dp_step,519,0,cb_sim_vllm_like,32000x1000_b16,519,pure_decode,0,8,8,0,8,8,8192,256,8,FULL:8,FULL,tp4dp2moetp1ep8,4,2,1,8,False,False,True
engine_dp:0:step:520,engine_core_dp_step,520,0,cb_sim_vllm_like,32000x1000_b16,520,pure_decode,0,8,8,0,8,8,8192,256,8,FULL:8,FULL,tp4dp2moetp1ep8,4,2,1,8,False,False,True
engine_dp:0:step:521,engine_core_dp_step,521,0,cb_sim_vllm_like,32000x1000_b16,521,pure_decode,0,8,8,0,8,8,8192,256,8,FULL:8,FULL,tp4dp2moetp1ep8,4,2,1,8,False,False,True
engine_dp:0:step:522,engine_core_dp_step,522,0,cb_sim_vllm_like,32000x1000_b16,522,pure_decode,0,8,8,0,8,8,8192,256,8,FULL:8,FULL,tp4dp2moetp1ep8,4,2,1,8,False,False,True
engine_dp:0:step:523,engine_core_dp_step,523,0,cb_sim_vllm_like,32000x1000_b16,523,pure_decode,0,8,8,0,8,8,8192,256,8,FULL:8,FULL,tp4dp2moetp1ep8,4,2,1,8,False,False,True
engine_dp:0:step:524,engine_core_dp_step,524,0,cb_sim_vllm_like,32000x1000_b16,524,pure_decode,0,8,8,0,8,8,8192,256,8,FULL:8,FULL,tp4dp2moetp1ep8,4,2,1,8,False,False,True
engine_dp:0:step:525,engine_core_dp_step,525,0,cb_sim_vllm_like,32000x1000_b16,525,pure_decode,0,8,8,0,8,8,8192,256,8,FULL:8,FULL,tp4dp2moetp1ep8,4,2,1,8,False,False,True
engine_dp:0:step:526,engine_core_dp_step,526,0,cb_sim_vllm_like,32000x1000_b16,526,pure_decode,0,8,8,0,8,8,8192,256,8,FULL:8,FULL,tp4dp2moetp1ep8,4,2,1,8,False,False,True
engine_dp:0:step:527,engine_core_dp_step,527,0,cb_sim_vllm_like,32000x1000_b16,527,pure_decode,0,8,8,0,8,8,8192,256,8,FULL:8,FULL,tp4dp2moetp1ep8,4,2,1,8,False,False,True
engine_dp:0:step:528,engine_core_dp_step,528,0,cb_sim_vllm_like,32000x1000_b16,528,pure_decode,0,8,8,0,8,8,8192,256,8,FULL:8,FULL,tp4dp2moetp1ep8,4,2,1,8,False,False,True
engine_dp:0:step:529,engine_core_dp_step,529,0,cb_sim_vllm_like,32000x1000_b16,529,pure_decode,0,8,8,0,8,8,8192,256,8,FULL:8,FULL,tp4dp2moetp1ep8,4,2,1,8,False,False,True
engine_dp:0:step:530,engine_core_dp_step,530,0,cb_sim_vllm_like,32000x1000_b16,530,pure_decode,0,8,8,0,8,8,8192,256,8,FULL:8,FULL,tp4dp2moetp1ep8,4,2,1,8,False,False,True
engine_dp:0:step:531,engine_core_dp_step,531,0,cb_sim_vllm_like,32000x1000_b16,531,pure_decode,0,8,8,0,8,8,8192,256,8,FULL:8,FULL,tp4dp2moetp1ep8,4,2,1,8,False,False,True
engine_dp:0:step:532,engine_core_dp_step,532,0,cb_sim_vllm_like,32000x1000_b16,532,pure_decode,0,8,8,0,8,8,8192,256,8,FULL:8,FULL,tp4dp2moetp1ep8,4,2,1,8,False,False,True
engine_dp:0:step:533,engine_core_dp_step,533,0,cb_sim_vllm_like,32000x1000_b16,533,pure_decode,0,8,8,0,8,8,8192,256,8,FULL:8,FULL,tp4dp2moetp1ep8,4,2,1,8,False,False,True
engine_dp:0:step:534,engine_core_dp_step,534,0,cb_sim_vllm_like,32000x1000_b16,534,pure_decode,0,8,8,0,8,8,8192,256,8,FULL:8,FULL,tp4dp2moetp1ep8,4,2,1,8,False,False,True
engine_dp:0:step:535,engine_core_dp_step,535,0,cb_sim_vllm_like,32000x1000_b16,535,pure_decode,0,8,8,0,8,8,8192,256,8,FULL:8,FULL,tp4dp2moetp1ep8,4,2,1,8,False,False,True
engine_dp:0:step:536,engine_core_dp_step,536,0,cb_sim_vllm_like,32000x1000_b16,536,pure_decode,0,8,8,0,8,8,8192,256,8,FULL:8,FULL,tp4dp2moetp1ep8,4,2,1,8,False,False,True
engine_dp:0:step:537,engine_core_dp_step,537,0,cb_sim_vllm_like,32000x1000_b16,537,pure_decode,0,8,8,0,8,8,8192,256,8,FULL:8,FULL,tp4dp2moetp1ep8,4,2,1,8,False,False,True
engine_dp:0:step:538,engine_core_dp_step,538,0,cb_sim_vllm_like,32000x1000_b16,538,pure_decode,0,8,8,0,8,8,8192,256,8,FULL:8,FULL,tp4dp2moetp1ep8,4,2,1,8,False,False,True
engine_dp:0:step:539,engine_core_dp_step,539,0,cb_sim_vllm_like,32000x1000_b16,539,pure_decode,0,8,8,0,8,8,8192,256,8,FULL:8,FULL,tp4dp2moetp1ep8,4,2,1,8,False,False,True
engine_dp:0:step:540,engine_core_dp_step,540,0,cb_sim_vllm_like,32000x1000_b16,540,pure_decode,0,8,8,0,8,8,8192,256,8,FULL:8,FULL,tp4dp2moetp1ep8,4,2,1,8,False,False,True
engine_dp:0:step:541,engine_core_dp_step,541,0,cb_sim_vllm_like,32000x1000_b16,541,pure_decode,0,8,8,0,8,8,8192,256,8,FULL:8,FULL,tp4dp2moetp1ep8,4,2,1,8,False,False,True
engine_dp:0:step:542,engine_core_dp_step,542,0,cb_sim_vllm_like,32000x1000_b16,542,pure_decode,0,8,8,0,8,8,8192,256,8,FULL:8,FULL,tp4dp2moetp1ep8,4,2,1,8,False,False,True
engine_dp:0:step:543,engine_core_dp_step,543,0,cb_sim_vllm_like,32000x1000_b16,543,pure_decode,0,8,8,0,8,8,8192,256,8,FULL:8,FULL,tp4dp2moetp1ep8,4,2,1,8,False,False,True
engine_dp:0:step:544,engine_core_dp_step,544,0,cb_sim_vllm_like,32000x1000_b16,544,pure_decode,0,8,8,0,8,8,8192,256,8,FULL:8,FULL,tp4dp2moetp1ep8,4,2,1,8,False,False,True
engine_dp:0:step:545,engine_core_dp_step,545,0,cb_sim_vllm_like,32000x1000_b16,545,pure_decode,0,8,8,0,8,8,8192,256,8,FULL:8,FULL,tp4dp2moetp1ep8,4,2,1,8,False,False,True
engine_dp:0:step:546,engine_core_dp_step,546,0,cb_sim_vllm_like,32000x1000_b16,546,pure_decode,0,8,8,0,8,8,8192,256,8,FULL:8,FULL,tp4dp2moetp1ep8,4,2,1,8,False,False,True
engine_dp:0:step:547,engine_core_dp_step,547,0,cb_sim_vllm_like,32000x1000_b16,547,pure_decode,0,8,8,0,8,8,8192,256,8,FULL:8,FULL,tp4dp2moetp1ep8,4,2,1,8,False,False,True
engine_dp:0:step:548,engine_core_dp_step,548,0,cb_sim_vllm_like,32000x1000_b16,548,pure_decode,0,8,8,0,8,8,8192,256,8,FULL:8,FULL,tp4dp2moetp1ep8,4,2,1,8,False,False,True
engine_dp:0:step:549,engine_core_dp_step,549,0,cb_sim_vllm_like,32000x1000_b16,549,pure_decode,0,8,8,0,8,8,8192,256,8,FULL:8,FULL,tp4dp2moetp1ep8,4,2,1,8,False,False,True
engine_dp:0:step:550,engine_core_dp_step,550,0,cb_sim_vllm_like,32000x1000_b16,550,pure_decode,0,8,8,0,8,8,8192,256,8,FULL:8,FULL,tp4dp2moetp1ep8,4,2,1,8,False,False,True
engine_dp:0:step:551,engine_core_dp_step,551,0,cb_sim_vllm_like,32000x1000_b16,551,pure_decode,0,8,8,0,8,8,8192,256,8,FULL:8,FULL,tp4dp2moetp1ep8,4,2,1,8,False,False,True
engine_dp:0:step:552,engine_core_dp_step,552,0,cb_sim_vllm_like,32000x1000_b16,552,pure_decode,0,8,8,0,8,8,8192,256,8,FULL:8,FULL,tp4dp2moetp1ep8,4,2,1,8,False,False,True
engine_dp:0:step:553,engine_core_dp_step,553,0,cb_sim_vllm_like,32000x1000_b16,553,pure_decode,0,8,8,0,8,8,8192,256,8,FULL:8,FULL,tp4dp2moetp1ep8,4,2,1,8,False,False,True
engine_dp:0:step:554,engine_core_dp_step,554,0,cb_sim_vllm_like,32000x1000_b16,554,pure_decode,0,8,8,0,8,8,8192,256,8,FULL:8,FULL,tp4dp2moetp1ep8,4,2,1,8,False,False,True
engine_dp:0:step:555,engine_core_dp_step,555,0,cb_sim_vllm_like,32000x1000_b16,555,pure_decode,0,8,8,0,8,8,8192,256,8,FULL:8,FULL,tp4dp2moetp1ep8,4,2,1,8,False,False,True
engine_dp:0:step:556,engine_core_dp_step,556,0,cb_sim_vllm_like,32000x1000_b16,556,pure_decode,0,8,8,0,8,8,8192,256,8,FULL:8,FULL,tp4dp2moetp1ep8,4,2,1,8,False,False,True
engine_dp:0:step:557,engine_core_dp_step,557,0,cb_sim_vllm_like,32000x1000_b16,557,pure_decode,0,8,8,0,8,8,8192,256,8,FULL:8,FULL,tp4dp2moetp1ep8,4,2,1,8,False,False,True
engine_dp:0:step:558,engine_core_dp_step,558,0,cb_sim_vllm_like,32000x1000_b16,558,pure_decode,0,8,8,0,8,8,8192,256,8,FULL:8,FULL,tp4dp2moetp1ep8,4,2,1,8,False,False,True
engine_dp:0:step:559,engine_core_dp_step,559,0,cb_sim_vllm_like,32000x1000_b16,559,pure_decode,0,8,8,0,8,8,8192,256,8,FULL:8,FULL,tp4dp2moetp1ep8,4,2,1,8,False,False,True
engine_dp:0:step:560,engine_core_dp_step,560,0,cb_sim_vllm_like,32000x1000_b16,560,pure_decode,0,8,8,0,8,8,8192,256,8,FULL:8,FULL,tp4dp2moetp1ep8,4,2,1,8,False,False,True
engine_dp:0:step:561,engine_core_dp_step,561,0,cb_sim_vllm_like,32000x1000_b16,561,pure_decode,0,8,8,0,8,8,8192,256,8,FULL:8,FULL,tp4dp2moetp1ep8,4,2,1,8,False,False,True
engine_dp:0:step:562,engine_core_dp_step,562,0,cb_sim_vllm_like,32000x1000_b16,562,pure_decode,0,8,8,0,8,8,8192,256,8,FULL:8,FULL,tp4dp2moetp1ep8,4,2,1,8,False,False,True
engine_dp:0:step:563,engine_core_dp_step,563,0,cb_sim_vllm_like,32000x1000_b16,563,pure_decode,0,8,8,0,8,8,8192,256,8,FULL:8,FULL,tp4dp2moetp1ep8,4,2,1,8,False,False,True
engine_dp:0:step:564,engine_core_dp_step,564,0,cb_sim_vllm_like,32000x1000_b16,564,pure_decode,0,8,8,0,8,8,8192,256,8,FULL:8,FULL,tp4dp2moetp1ep8,4,2,1,8,False,False,True
engine_dp:0:step:565,engine_core_dp_step,565,0,cb_sim_vllm_like,32000x1000_b16,565,pure_decode,0,8,8,0,8,8,8192,256,8,FULL:8,FULL,tp4dp2moetp1ep8,4,2,1,8,False,False,True
engine_dp:0:step:566,engine_core_dp_step,566,0,cb_sim_vllm_like,32000x1000_b16,566,pure_decode,0,8,8,0,8,8,8192,256,8,FULL:8,FULL,tp4dp2moetp1ep8,4,2,1,8,False,False,True
engine_dp:0:step:567,engine_core_dp_step,567,0,cb_sim_vllm_like,32000x1000_b16,567,pure_decode,0,8,8,0,8,8,8192,256,8,FULL:8,FULL,tp4dp2moetp1ep8,4,2,1,8,False,False,True
engine_dp:0:step:568,engine_core_dp_step,568,0,cb_sim_vllm_like,32000x1000_b16,568,pure_decode,0,8,8,0,8,8,8192,256,8,FULL:8,FULL,tp4dp2moetp1ep8,4,2,1,8,False,False,True
engine_dp:0:step:569,engine_core_dp_step,569,0,cb_sim_vllm_like,32000x1000_b16,569,pure_decode,0,8,8,0,8,8,8192,256,8,FULL:8,FULL,tp4dp2moetp1ep8,4,2,1,8,False,False,True
engine_dp:0:step:570,engine_core_dp_step,570,0,cb_sim_vllm_like,32000x1000_b16,570,pure_decode,0,8,8,0,8,8,8192,256,8,FULL:8,FULL,tp4dp2moetp1ep8,4,2,1,8,False,False,True
engine_dp:0:step:571,engine_core_dp_step,571,0,cb_sim_vllm_like,32000x1000_b16,571,pure_decode,0,8,8,0,8,8,8192,256,8,FULL:8,FULL,tp4dp2moetp1ep8,4,2,1,8,False,False,True
engine_dp:0:step:572,engine_core_dp_step,572,0,cb_sim_vllm_like,32000x1000_b16,572,pure_decode,0,8,8,0,8,8,8192,256,8,FULL:8,FULL,tp4dp2moetp1ep8,4,2,1,8,False,False,True
engine_dp:0:step:573,engine_core_dp_step,573,0,cb_sim_vllm_like,32000x1000_b16,573,pure_decode,0,8,8,0,8,8,8192,256,8,FULL:8,FULL,tp4dp2moetp1ep8,4,2,1,8,False,False,True
engine_dp:0:step:574,engine_core_dp_step,574,0,cb_sim_vllm_like,32000x1000_b16,574,pure_decode,0,8,8,0,8,8,8192,256,8,FULL:8,FULL,tp4dp2moetp1ep8,4,2,1,8,False,False,True
engine_dp:0:step:575,engine_core_dp_step,575,0,cb_sim_vllm_like,32000x1000_b16,575,pure_decode,0,8,8,0,8,8,8192,256,8,FULL:8,FULL,tp4dp2moetp1ep8,4,2,1,8,False,False,True
engine_dp:0:step:576,engine_core_dp_step,576,0,cb_sim_vllm_like,32000x1000_b16,576,pure_decode,0,8,8,0,8,8,8192,256,8,FULL:8,FULL,tp4dp2moetp1ep8,4,2,1,8,False,False,True
engine_dp:0:step:577,engine_core_dp_step,577,0,cb_sim_vllm_like,32000x1000_b16,577,pure_decode,0,8,8,0,8,8,8192,256,8,FULL:8,FULL,tp4dp2moetp1ep8,4,2,1,8,False,False,True
engine_dp:0:step:578,engine_core_dp_step,578,0,cb_sim_vllm_like,32000x1000_b16,578,pure_decode,0,8,8,0,8,8,8192,256,8,FULL:8,FULL,tp4dp2moetp1ep8,4,2,1,8,False,False,True
engine_dp:0:step:579,engine_core_dp_step,579,0,cb_sim_vllm_like,32000x1000_b16,579,pure_decode,0,8,8,0,8,8,8192,256,8,FULL:8,FULL,tp4dp2moetp1ep8,4,2,1,8,False,False,True
engine_dp:0:step:580,engine_core_dp_step,580,0,cb_sim_vllm_like,32000x1000_b16,580,pure_decode,0,8,8,0,8,8,8192,256,8,FULL:8,FULL,tp4dp2moetp1ep8,4,2,1,8,False,False,True
engine_dp:0:step:581,engine_core_dp_step,581,0,cb_sim_vllm_like,32000x1000_b16,581,pure_decode,0,8,8,0,8,8,8192,256,8,FULL:8,FULL,tp4dp2moetp1ep8,4,2,1,8,False,False,True
engine_dp:0:step:582,engine_core_dp_step,582,0,cb_sim_vllm_like,32000x1000_b16,582,pure_decode,0,8,8,0,8,8,8192,256,8,FULL:8,FULL,tp4dp2moetp1ep8,4,2,1,8,False,False,True
engine_dp:0:step:583,engine_core_dp_step,583,0,cb_sim_vllm_like,32000x1000_b16,583,pure_decode,0,8,8,0,8,8,8192,256,8,FULL:8,FULL,tp4dp2moetp1ep8,4,2,1,8,False,False,True
engine_dp:0:step:584,engine_core_dp_step,584,0,cb_sim_vllm_like,32000x1000_b16,584,pure_decode,0,8,8,0,8,8,8192,256,8,FULL:8,FULL,tp4dp2moetp1ep8,4,2,1,8,False,False,True
engine_dp:0:step:585,engine_core_dp_step,585,0,cb_sim_vllm_like,32000x1000_b16,585,pure_decode,0,8,8,0,8,8,8192,256,8,FULL:8,FULL,tp4dp2moetp1ep8,4,2,1,8,False,False,True
engine_dp:0:step:586,engine_core_dp_step,586,0,cb_sim_vllm_like,32000x1000_b16,586,pure_decode,0,8,8,0,8,8,8192,256,8,FULL:8,FULL,tp4dp2moetp1ep8,4,2,1,8,False,False,True
engine_dp:0:step:587,engine_core_dp_step,587,0,cb_sim_vllm_like,32000x1000_b16,587,pure_decode,0,8,8,0,8,8,8192,256,8,FULL:8,FULL,tp4dp2moetp1ep8,4,2,1,8,False,False,True
engine_dp:0:step:588,engine_core_dp_step,588,0,cb_sim_vllm_like,32000x1000_b16,588,pure_decode,0,8,8,0,8,8,8192,256,8,FULL:8,FULL,tp4dp2moetp1ep8,4,2,1,8,False,False,True
engine_dp:0:step:589,engine_core_dp_step,589,0,cb_sim_vllm_like,32000x1000_b16,589,pure_decode,0,8,8,0,8,8,8192,256,8,FULL:8,FULL,tp4dp2moetp1ep8,4,2,1,8,False,False,True
engine_dp:0:step:590,engine_core_dp_step,590,0,cb_sim_vllm_like,32000x1000_b16,590,pure_decode,0,8,8,0,8,8,8192,256,8,FULL:8,FULL,tp4dp2moetp1ep8,4,2,1,8,False,False,True
engine_dp:0:step:591,engine_core_dp_step,591,0,cb_sim_vllm_like,32000x1000_b16,591,pure_decode,0,8,8,0,8,8,8192,256,8,FULL:8,FULL,tp4dp2moetp1ep8,4,2,1,8,False,False,True
engine_dp:0:step:592,engine_core_dp_step,592,0,cb_sim_vllm_like,32000x1000_b16,592,pure_decode,0,8,8,0,8,8,8192,256,8,FULL:8,FULL,tp4dp2moetp1ep8,4,2,1,8,False,False,True
engine_dp:0:step:593,engine_core_dp_step,593,0,cb_sim_vllm_like,32000x1000_b16,593,pure_decode,0,8,8,0,8,8,8192,256,8,FULL:8,FULL,tp4dp2moetp1ep8,4,2,1,8,False,False,True
engine_dp:0:step:594,engine_core_dp_step,594,0,cb_sim_vllm_like,32000x1000_b16,594,pure_decode,0,8,8,0,8,8,8192,256,8,FULL:8,FULL,tp4dp2moetp1ep8,4,2,1,8,False,False,True
engine_dp:0:step:595,engine_core_dp_step,595,0,cb_sim_vllm_like,32000x1000_b16,595,pure_decode,0,8,8,0,8,8,8192,256,8,FULL:8,FULL,tp4dp2moetp1ep8,4,2,1,8,False,False,True
engine_dp:0:step:596,engine_core_dp_step,596,0,cb_sim_vllm_like,32000x1000_b16,596,pure_decode,0,8,8,0,8,8,8192,256,8,FULL:8,FULL,tp4dp2moetp1ep8,4,2,1,8,False,False,True
engine_dp:0:step:597,engine_core_dp_step,597,0,cb_sim_vllm_like,32000x1000_b16,597,pure_decode,0,8,8,0,8,8,8192,256,8,FULL:8,FULL,tp4dp2moetp1ep8,4,2,1,8,False,False,True
engine_dp:0:step:598,engine_core_dp_step,598,0,cb_sim_vllm_like,32000x1000_b16,598,pure_decode,0,8,8,0,8,8,8192,256,8,FULL:8,FULL,tp4dp2moetp1ep8,4,2,1,8,False,False,True
engine_dp:0:step:599,engine_core_dp_step,599,0,cb_sim_vllm_like,32000x1000_b16,599,pure_decode,0,8,8,0,8,8,8192,256,8,FULL:8,FULL,tp4dp2moetp1ep8,4,2,1,8,False,False,True
engine_dp:0:step:600,engine_core_dp_step,600,0,cb_sim_vllm_like,32000x1000_b16,600,pure_decode,0,8,8,0,8,8,8192,256,8,FULL:8,FULL,tp4dp2moetp1ep8,4,2,1,8,False,False,True
engine_dp:0:step:601,engine_core_dp_step,601,0,cb_sim_vllm_like,32000x1000_b16,601,pure_decode,0,8,8,0,8,8,8192,256,8,FULL:8,FULL,tp4dp2moetp1ep8,4,2,1,8,False,False,True
engine_dp:0:step:602,engine_core_dp_step,602,0,cb_sim_vllm_like,32000x1000_b16,602,pure_decode,0,8,8,0,8,8,8192,256,8,FULL:8,FULL,tp4dp2moetp1ep8,4,2,1,8,False,False,True
engine_dp:0:step:603,engine_core_dp_step,603,0,cb_sim_vllm_like,32000x1000_b16,603,pure_decode,0,8,8,0,8,8,8192,256,8,FULL:8,FULL,tp4dp2moetp1ep8,4,2,1,8,False,False,True
engine_dp:0:step:604,engine_core_dp_step,604,0,cb_sim_vllm_like,32000x1000_b16,604,pure_decode,0,8,8,0,8,8,8192,256,8,FULL:8,FULL,tp4dp2moetp1ep8,4,2,1,8,False,False,True
engine_dp:0:step:605,engine_core_dp_step,605,0,cb_sim_vllm_like,32000x1000_b16,605,pure_decode,0,8,8,0,8,8,8192,256,8,FULL:8,FULL,tp4dp2moetp1ep8,4,2,1,8,False,False,True
engine_dp:0:step:606,engine_core_dp_step,606,0,cb_sim_vllm_like,32000x1000_b16,606,pure_decode,0,8,8,0,8,8,8192,256,8,FULL:8,FULL,tp4dp2moetp1ep8,4,2,1,8,False,False,True
engine_dp:0:step:607,engine_core_dp_step,607,0,cb_sim_vllm_like,32000x1000_b16,607,pure_decode,0,8,8,0,8,8,8192,256,8,FULL:8,FULL,tp4dp2moetp1ep8,4,2,1,8,False,False,True
engine_dp:0:step:608,engine_core_dp_step,608,0,cb_sim_vllm_like,32000x1000_b16,608,pure_decode,0,8,8,0,8,8,8192,256,8,FULL:8,FULL,tp4dp2moetp1ep8,4,2,1,8,False,False,True
engine_dp:0:step:609,engine_core_dp_step,609,0,cb_sim_vllm_like,32000x1000_b16,609,pure_decode,0,8,8,0,8,8,8192,256,8,FULL:8,FULL,tp4dp2moetp1ep8,4,2,1,8,False,False,True
engine_dp:0:step:610,engine_core_dp_step,610,0,cb_sim_vllm_like,32000x1000_b16,610,pure_decode,0,8,8,0,8,8,8192,256,8,FULL:8,FULL,tp4dp2moetp1ep8,4,2,1,8,False,False,True
engine_dp:0:step:611,engine_core_dp_step,611,0,cb_sim_vllm_like,32000x1000_b16,611,pure_decode,0,8,8,0,8,8,8192,256,8,FULL:8,FULL,tp4dp2moetp1ep8,4,2,1,8,False,False,True
engine_dp:0:step:612,engine_core_dp_step,612,0,cb_sim_vllm_like,32000x1000_b16,612,pure_decode,0,8,8,0,8,8,8192,256,8,FULL:8,FULL,tp4dp2moetp1ep8,4,2,1,8,False,False,True
engine_dp:0:step:613,engine_core_dp_step,613,0,cb_sim_vllm_like,32000x1000_b16,613,pure_decode,0,8,8,0,8,8,8192,256,8,FULL:8,FULL,tp4dp2moetp1ep8,4,2,1,8,False,False,True
engine_dp:0:step:614,engine_core_dp_step,614,0,cb_sim_vllm_like,32000x1000_b16,614,pure_decode,0,8,8,0,8,8,8192,256,8,FULL:8,FULL,tp4dp2moetp1ep8,4,2,1,8,False,False,True
engine_dp:0:step:615,engine_core_dp_step,615,0,cb_sim_vllm_like,32000x1000_b16,615,pure_decode,0,8,8,0,8,8,8192,256,8,FULL:8,FULL,tp4dp2moetp1ep8,4,2,1,8,False,False,True
engine_dp:0:step:616,engine_core_dp_step,616,0,cb_sim_vllm_like,32000x1000_b16,616,pure_decode,0,8,8,0,8,8,8192,256,8,FULL:8,FULL,tp4dp2moetp1ep8,4,2,1,8,False,False,True
engine_dp:0:step:617,engine_core_dp_step,617,0,cb_sim_vllm_like,32000x1000_b16,617,pure_decode,0,8,8,0,8,8,8192,256,8,FULL:8,FULL,tp4dp2moetp1ep8,4,2,1,8,False,False,True
engine_dp:0:step:618,engine_core_dp_step,618,0,cb_sim_vllm_like,32000x1000_b16,618,pure_decode,0,8,8,0,8,8,8192,256,8,FULL:8,FULL,tp4dp2moetp1ep8,4,2,1,8,False,False,True
engine_dp:0:step:619,engine_core_dp_step,619,0,cb_sim_vllm_like,32000x1000_b16,619,pure_decode,0,8,8,0,8,8,8192,256,8,FULL:8,FULL,tp4dp2moetp1ep8,4,2,1,8,False,False,True
engine_dp:0:step:620,engine_core_dp_step,620,0,cb_sim_vllm_like,32000x1000_b16,620,pure_decode,0,8,8,0,8,8,8192,256,8,FULL:8,FULL,tp4dp2moetp1ep8,4,2,1,8,False,False,True
engine_dp:0:step:621,engine_core_dp_step,621,0,cb_sim_vllm_like,32000x1000_b16,621,pure_decode,0,8,8,0,8,8,8192,256,8,FULL:8,FULL,tp4dp2moetp1ep8,4,2,1,8,False,False,True
engine_dp:0:step:622,engine_core_dp_step,622,0,cb_sim_vllm_like,32000x1000_b16,622,pure_decode,0,8,8,0,8,8,8192,256,8,FULL:8,FULL,tp4dp2moetp1ep8,4,2,1,8,False,False,True
engine_dp:0:step:623,engine_core_dp_step,623,0,cb_sim_vllm_like,32000x1000_b16,623,pure_decode,0,8,8,0,8,8,8192,256,8,FULL:8,FULL,tp4dp2moetp1ep8,4,2,1,8,False,False,True
engine_dp:0:step:624,engine_core_dp_step,624,0,cb_sim_vllm_like,32000x1000_b16,624,pure_decode,0,8,8,0,8,8,8192,256,8,FULL:8,FULL,tp4dp2moetp1ep8,4,2,1,8,False,False,True
engine_dp:0:step:625,engine_core_dp_step,625,0,cb_sim_vllm_like,32000x1000_b16,625,pure_decode,0,8,8,0,8,8,8192,256,8,FULL:8,FULL,tp4dp2moetp1ep8,4,2,1,8,False,False,True
engine_dp:0:step:626,engine_core_dp_step,626,0,cb_sim_vllm_like,32000x1000_b16,626,pure_decode,0,8,8,0,8,8,8192,256,8,FULL:8,FULL,tp4dp2moetp1ep8,4,2,1,8,False,False,True
engine_dp:0:step:627,engine_core_dp_step,627,0,cb_sim_vllm_like,32000x1000_b16,627,pure_decode,0,8,8,0,8,8,8192,256,8,FULL:8,FULL,tp4dp2moetp1ep8,4,2,1,8,False,False,True
engine_dp:0:step:628,engine_core_dp_step,628,0,cb_sim_vllm_like,32000x1000_b16,628,pure_decode,0,8,8,0,8,8,8192,256,8,FULL:8,FULL,tp4dp2moetp1ep8,4,2,1,8,False,False,True
engine_dp:0:step:629,engine_core_dp_step,629,0,cb_sim_vllm_like,32000x1000_b16,629,pure_decode,0,8,8,0,8,8,8192,256,8,FULL:8,FULL,tp4dp2moetp1ep8,4,2,1,8,False,False,True
engine_dp:0:step:630,engine_core_dp_step,630,0,cb_sim_vllm_like,32000x1000_b16,630,pure_decode,0,8,8,0,8,8,8192,256,8,FULL:8,FULL,tp4dp2moetp1ep8,4,2,1,8,False,False,True
engine_dp:0:step:631,engine_core_dp_step,631,0,cb_sim_vllm_like,32000x1000_b16,631,pure_decode,0,8,8,0,8,8,8192,256,8,FULL:8,FULL,tp4dp2moetp1ep8,4,2,1,8,False,False,True
engine_dp:0:step:632,engine_core_dp_step,632,0,cb_sim_vllm_like,32000x1000_b16,632,pure_decode,0,8,8,0,8,8,8192,256,8,FULL:8,FULL,tp4dp2moetp1ep8,4,2,1,8,False,False,True
engine_dp:0:step:633,engine_core_dp_step,633,0,cb_sim_vllm_like,32000x1000_b16,633,pure_decode,0,8,8,0,8,8,8192,256,8,FULL:8,FULL,tp4dp2moetp1ep8,4,2,1,8,False,False,True
engine_dp:0:step:634,engine_core_dp_step,634,0,cb_sim_vllm_like,32000x1000_b16,634,pure_decode,0,8,8,0,8,8,8192,256,8,FULL:8,FULL,tp4dp2moetp1ep8,4,2,1,8,False,False,True
engine_dp:0:step:635,engine_core_dp_step,635,0,cb_sim_vllm_like,32000x1000_b16,635,pure_decode,0,8,8,0,8,8,8192,256,8,FULL:8,FULL,tp4dp2moetp1ep8,4,2,1,8,False,False,True
engine_dp:0:step:636,engine_core_dp_step,636,0,cb_sim_vllm_like,32000x1000_b16,636,pure_decode,0,8,8,0,8,8,8192,256,8,FULL:8,FULL,tp4dp2moetp1ep8,4,2,1,8,False,False,True
engine_dp:0:step:637,engine_core_dp_step,637,0,cb_sim_vllm_like,32000x1000_b16,637,pure_decode,0,8,8,0,8,8,8192,256,8,FULL:8,FULL,tp4dp2moetp1ep8,4,2,1,8,False,False,True
engine_dp:0:step:638,engine_core_dp_step,638,0,cb_sim_vllm_like,32000x1000_b16,638,pure_decode,0,8,8,0,8,8,8192,256,8,FULL:8,FULL,tp4dp2moetp1ep8,4,2,1,8,False,False,True
engine_dp:0:step:639,engine_core_dp_step,639,0,cb_sim_vllm_like,32000x1000_b16,639,pure_decode,0,8,8,0,8,8,8192,256,8,FULL:8,FULL,tp4dp2moetp1ep8,4,2,1,8,False,False,True
engine_dp:0:step:640,engine_core_dp_step,640,0,cb_sim_vllm_like,32000x1000_b16,640,pure_decode,0,8,8,0,8,8,8192,256,8,FULL:8,FULL,tp4dp2moetp1ep8,4,2,1,8,False,False,True
engine_dp:0:step:641,engine_core_dp_step,641,0,cb_sim_vllm_like,32000x1000_b16,641,pure_decode,0,8,8,0,8,8,8192,256,8,FULL:8,FULL,tp4dp2moetp1ep8,4,2,1,8,False,False,True
engine_dp:0:step:642,engine_core_dp_step,642,0,cb_sim_vllm_like,32000x1000_b16,642,pure_decode,0,8,8,0,8,8,8192,256,8,FULL:8,FULL,tp4dp2moetp1ep8,4,2,1,8,False,False,True
engine_dp:0:step:643,engine_core_dp_step,643,0,cb_sim_vllm_like,32000x1000_b16,643,pure_decode,0,8,8,0,8,8,8192,256,8,FULL:8,FULL,tp4dp2moetp1ep8,4,2,1,8,False,False,True
engine_dp:0:step:644,engine_core_dp_step,644,0,cb_sim_vllm_like,32000x1000_b16,644,pure_decode,0,8,8,0,8,8,8192,256,8,FULL:8,FULL,tp4dp2moetp1ep8,4,2,1,8,False,False,True
engine_dp:0:step:645,engine_core_dp_step,645,0,cb_sim_vllm_like,32000x1000_b16,645,pure_decode,0,8,8,0,8,8,8192,256,8,FULL:8,FULL,tp4dp2moetp1ep8,4,2,1,8,False,False,True
engine_dp:0:step:646,engine_core_dp_step,646,0,cb_sim_vllm_like,32000x1000_b16,646,pure_decode,0,8,8,0,8,8,8192,256,8,FULL:8,FULL,tp4dp2moetp1ep8,4,2,1,8,False,False,True
engine_dp:0:step:647,engine_core_dp_step,647,0,cb_sim_vllm_like,32000x1000_b16,647,pure_decode,0,8,8,0,8,8,8192,256,8,FULL:8,FULL,tp4dp2moetp1ep8,4,2,1,8,False,False,True
engine_dp:0:step:648,engine_core_dp_step,648,0,cb_sim_vllm_like,32000x1000_b16,648,pure_decode,0,8,8,0,8,8,8192,256,8,FULL:8,FULL,tp4dp2moetp1ep8,4,2,1,8,False,False,True
engine_dp:0:step:649,engine_core_dp_step,649,0,cb_sim_vllm_like,32000x1000_b16,649,pure_decode,0,8,8,0,8,8,8192,256,8,FULL:8,FULL,tp4dp2moetp1ep8,4,2,1,8,False,False,True
engine_dp:0:step:650,engine_core_dp_step,650,0,cb_sim_vllm_like,32000x1000_b16,650,pure_decode,0,8,8,0,8,8,8192,256,8,FULL:8,FULL,tp4dp2moetp1ep8,4,2,1,8,False,False,True
engine_dp:0:step:651,engine_core_dp_step,651,0,cb_sim_vllm_like,32000x1000_b16,651,pure_decode,0,8,8,0,8,8,8192,256,8,FULL:8,FULL,tp4dp2moetp1ep8,4,2,1,8,False,False,True
engine_dp:0:step:652,engine_core_dp_step,652,0,cb_sim_vllm_like,32000x1000_b16,652,pure_decode,0,8,8,0,8,8,8192,256,8,FULL:8,FULL,tp4dp2moetp1ep8,4,2,1,8,False,False,True
engine_dp:0:step:653,engine_core_dp_step,653,0,cb_sim_vllm_like,32000x1000_b16,653,pure_decode,0,8,8,0,8,8,8192,256,8,FULL:8,FULL,tp4dp2moetp1ep8,4,2,1,8,False,False,True
engine_dp:0:step:654,engine_core_dp_step,654,0,cb_sim_vllm_like,32000x1000_b16,654,pure_decode,0,8,8,0,8,8,8192,256,8,FULL:8,FULL,tp4dp2moetp1ep8,4,2,1,8,False,False,True
engine_dp:0:step:655,engine_core_dp_step,655,0,cb_sim_vllm_like,32000x1000_b16,655,pure_decode,0,8,8,0,8,8,8192,256,8,FULL:8,FULL,tp4dp2moetp1ep8,4,2,1,8,False,False,True
engine_dp:0:step:656,engine_core_dp_step,656,0,cb_sim_vllm_like,32000x1000_b16,656,pure_decode,0,8,8,0,8,8,8192,256,8,FULL:8,FULL,tp4dp2moetp1ep8,4,2,1,8,False,False,True
engine_dp:0:step:657,engine_core_dp_step,657,0,cb_sim_vllm_like,32000x1000_b16,657,pure_decode,0,8,8,0,8,8,8192,256,8,FULL:8,FULL,tp4dp2moetp1ep8,4,2,1,8,False,False,True
engine_dp:0:step:658,engine_core_dp_step,658,0,cb_sim_vllm_like,32000x1000_b16,658,pure_decode,0,8,8,0,8,8,8192,256,8,FULL:8,FULL,tp4dp2moetp1ep8,4,2,1,8,False,False,True
engine_dp:0:step:659,engine_core_dp_step,659,0,cb_sim_vllm_like,32000x1000_b16,659,pure_decode,0,8,8,0,8,8,8192,256,8,FULL:8,FULL,tp4dp2moetp1ep8,4,2,1,8,False,False,True
engine_dp:0:step:660,engine_core_dp_step,660,0,cb_sim_vllm_like,32000x1000_b16,660,pure_decode,0,8,8,0,8,8,8192,256,8,FULL:8,FULL,tp4dp2moetp1ep8,4,2,1,8,False,False,True
engine_dp:0:step:661,engine_core_dp_step,661,0,cb_sim_vllm_like,32000x1000_b16,661,pure_decode,0,8,8,0,8,8,8192,256,8,FULL:8,FULL,tp4dp2moetp1ep8,4,2,1,8,False,False,True
engine_dp:0:step:662,engine_core_dp_step,662,0,cb_sim_vllm_like,32000x1000_b16,662,pure_decode,0,8,8,0,8,8,8192,256,8,FULL:8,FULL,tp4dp2moetp1ep8,4,2,1,8,False,False,True
engine_dp:0:step:663,engine_core_dp_step,663,0,cb_sim_vllm_like,32000x1000_b16,663,pure_decode,0,8,8,0,8,8,8192,256,8,FULL:8,FULL,tp4dp2moetp1ep8,4,2,1,8,False,False,True
engine_dp:0:step:664,engine_core_dp_step,664,0,cb_sim_vllm_like,32000x1000_b16,664,pure_decode,0,8,8,0,8,8,8192,256,8,FULL:8,FULL,tp4dp2moetp1ep8,4,2,1,8,False,False,True
engine_dp:0:step:665,engine_core_dp_step,665,0,cb_sim_vllm_like,32000x1000_b16,665,pure_decode,0,8,8,0,8,8,8192,256,8,FULL:8,FULL,tp4dp2moetp1ep8,4,2,1,8,False,False,True
engine_dp:0:step:666,engine_core_dp_step,666,0,cb_sim_vllm_like,32000x1000_b16,666,pure_decode,0,8,8,0,8,8,8192,256,8,FULL:8,FULL,tp4dp2moetp1ep8,4,2,1,8,False,False,True
engine_dp:0:step:667,engine_core_dp_step,667,0,cb_sim_vllm_like,32000x1000_b16,667,pure_decode,0,8,8,0,8,8,8192,256,8,FULL:8,FULL,tp4dp2moetp1ep8,4,2,1,8,False,False,True
engine_dp:0:step:668,engine_core_dp_step,668,0,cb_sim_vllm_like,32000x1000_b16,668,pure_decode,0,8,8,0,8,8,8192,256,8,FULL:8,FULL,tp4dp2moetp1ep8,4,2,1,8,False,False,True
engine_dp:0:step:669,engine_core_dp_step,669,0,cb_sim_vllm_like,32000x1000_b16,669,pure_decode,0,8,8,0,8,8,8192,256,8,FULL:8,FULL,tp4dp2moetp1ep8,4,2,1,8,False,False,True
engine_dp:0:step:670,engine_core_dp_step,670,0,cb_sim_vllm_like,32000x1000_b16,670,pure_decode,0,8,8,0,8,8,8192,256,8,FULL:8,FULL,tp4dp2moetp1ep8,4,2,1,8,False,False,True
engine_dp:0:step:671,engine_core_dp_step,671,0,cb_sim_vllm_like,32000x1000_b16,671,pure_decode,0,8,8,0,8,8,8192,256,8,FULL:8,FULL,tp4dp2moetp1ep8,4,2,1,8,False,False,True
engine_dp:0:step:672,engine_core_dp_step,672,0,cb_sim_vllm_like,32000x1000_b16,672,pure_decode,0,8,8,0,8,8,8192,256,8,FULL:8,FULL,tp4dp2moetp1ep8,4,2,1,8,False,False,True
engine_dp:0:step:673,engine_core_dp_step,673,0,cb_sim_vllm_like,32000x1000_b16,673,pure_decode,0,8,8,0,8,8,8192,256,8,FULL:8,FULL,tp4dp2moetp1ep8,4,2,1,8,False,False,True
engine_dp:0:step:674,engine_core_dp_step,674,0,cb_sim_vllm_like,32000x1000_b16,674,pure_decode,0,8,8,0,8,8,8192,256,8,FULL:8,FULL,tp4dp2moetp1ep8,4,2,1,8,False,False,True
engine_dp:0:step:675,engine_core_dp_step,675,0,cb_sim_vllm_like,32000x1000_b16,675,pure_decode,0,8,8,0,8,8,8192,256,8,FULL:8,FULL,tp4dp2moetp1ep8,4,2,1,8,False,False,True
engine_dp:0:step:676,engine_core_dp_step,676,0,cb_sim_vllm_like,32000x1000_b16,676,pure_decode,0,8,8,0,8,8,8192,256,8,FULL:8,FULL,tp4dp2moetp1ep8,4,2,1,8,False,False,True
engine_dp:0:step:677,engine_core_dp_step,677,0,cb_sim_vllm_like,32000x1000_b16,677,pure_decode,0,8,8,0,8,8,8192,256,8,FULL:8,FULL,tp4dp2moetp1ep8,4,2,1,8,False,False,True
engine_dp:0:step:678,engine_core_dp_step,678,0,cb_sim_vllm_like,32000x1000_b16,678,pure_decode,0,8,8,0,8,8,8192,256,8,FULL:8,FULL,tp4dp2moetp1ep8,4,2,1,8,False,False,True
engine_dp:0:step:679,engine_core_dp_step,679,0,cb_sim_vllm_like,32000x1000_b16,679,pure_decode,0,8,8,0,8,8,8192,256,8,FULL:8,FULL,tp4dp2moetp1ep8,4,2,1,8,False,False,True
engine_dp:0:step:680,engine_core_dp_step,680,0,cb_sim_vllm_like,32000x1000_b16,680,pure_decode,0,8,8,0,8,8,8192,256,8,FULL:8,FULL,tp4dp2moetp1ep8,4,2,1,8,False,False,True
engine_dp:0:step:681,engine_core_dp_step,681,0,cb_sim_vllm_like,32000x1000_b16,681,pure_decode,0,8,8,0,8,8,8192,256,8,FULL:8,FULL,tp4dp2moetp1ep8,4,2,1,8,False,False,True
engine_dp:0:step:682,engine_core_dp_step,682,0,cb_sim_vllm_like,32000x1000_b16,682,pure_decode,0,8,8,0,8,8,8192,256,8,FULL:8,FULL,tp4dp2moetp1ep8,4,2,1,8,False,False,True
engine_dp:0:step:683,engine_core_dp_step,683,0,cb_sim_vllm_like,32000x1000_b16,683,pure_decode,0,8,8,0,8,8,8192,256,8,FULL:8,FULL,tp4dp2moetp1ep8,4,2,1,8,False,False,True
engine_dp:0:step:684,engine_core_dp_step,684,0,cb_sim_vllm_like,32000x1000_b16,684,pure_decode,0,8,8,0,8,8,8192,256,8,FULL:8,FULL,tp4dp2moetp1ep8,4,2,1,8,False,False,True
engine_dp:0:step:685,engine_core_dp_step,685,0,cb_sim_vllm_like,32000x1000_b16,685,pure_decode,0,8,8,0,8,8,8192,256,8,FULL:8,FULL,tp4dp2moetp1ep8,4,2,1,8,False,False,True
engine_dp:0:step:686,engine_core_dp_step,686,0,cb_sim_vllm_like,32000x1000_b16,686,pure_decode,0,8,8,0,8,8,8192,256,8,FULL:8,FULL,tp4dp2moetp1ep8,4,2,1,8,False,False,True
engine_dp:0:step:687,engine_core_dp_step,687,0,cb_sim_vllm_like,32000x1000_b16,687,pure_decode,0,8,8,0,8,8,8192,256,8,FULL:8,FULL,tp4dp2moetp1ep8,4,2,1,8,False,False,True
engine_dp:0:step:688,engine_core_dp_step,688,0,cb_sim_vllm_like,32000x1000_b16,688,pure_decode,0,8,8,0,8,8,8192,256,8,FULL:8,FULL,tp4dp2moetp1ep8,4,2,1,8,False,False,True
engine_dp:0:step:689,engine_core_dp_step,689,0,cb_sim_vllm_like,32000x1000_b16,689,pure_decode,0,8,8,0,8,8,8192,256,8,FULL:8,FULL,tp4dp2moetp1ep8,4,2,1,8,False,False,True
engine_dp:0:step:690,engine_core_dp_step,690,0,cb_sim_vllm_like,32000x1000_b16,690,pure_decode,0,8,8,0,8,8,8192,256,8,FULL:8,FULL,tp4dp2moetp1ep8,4,2,1,8,False,False,True
engine_dp:0:step:691,engine_core_dp_step,691,0,cb_sim_vllm_like,32000x1000_b16,691,pure_decode,0,8,8,0,8,8,8192,256,8,FULL:8,FULL,tp4dp2moetp1ep8,4,2,1,8,False,False,True
engine_dp:0:step:692,engine_core_dp_step,692,0,cb_sim_vllm_like,32000x1000_b16,692,pure_decode,0,8,8,0,8,8,8192,256,8,FULL:8,FULL,tp4dp2moetp1ep8,4,2,1,8,False,False,True
engine_dp:0:step:693,engine_core_dp_step,693,0,cb_sim_vllm_like,32000x1000_b16,693,pure_decode,0,8,8,0,8,8,8192,256,8,FULL:8,FULL,tp4dp2moetp1ep8,4,2,1,8,False,False,True
engine_dp:0:step:694,engine_core_dp_step,694,0,cb_sim_vllm_like,32000x1000_b16,694,pure_decode,0,8,8,0,8,8,8192,256,8,FULL:8,FULL,tp4dp2moetp1ep8,4,2,1,8,False,False,True
engine_dp:0:step:695,engine_core_dp_step,695,0,cb_sim_vllm_like,32000x1000_b16,695,pure_decode,0,8,8,0,8,8,8192,256,8,FULL:8,FULL,tp4dp2moetp1ep8,4,2,1,8,False,False,True
engine_dp:0:step:696,engine_core_dp_step,696,0,cb_sim_vllm_like,32000x1000_b16,696,pure_decode,0,8,8,0,8,8,8192,256,8,FULL:8,FULL,tp4dp2moetp1ep8,4,2,1,8,False,False,True
engine_dp:0:step:697,engine_core_dp_step,697,0,cb_sim_vllm_like,32000x1000_b16,697,pure_decode,0,8,8,0,8,8,8192,256,8,FULL:8,FULL,tp4dp2moetp1ep8,4,2,1,8,False,False,True
engine_dp:0:step:698,engine_core_dp_step,698,0,cb_sim_vllm_like,32000x1000_b16,698,pure_decode,0,8,8,0,8,8,8192,256,8,FULL:8,FULL,tp4dp2moetp1ep8,4,2,1,8,False,False,True
engine_dp:0:step:699,engine_core_dp_step,699,0,cb_sim_vllm_like,32000x1000_b16,699,pure_decode,0,8,8,0,8,8,8192,256,8,FULL:8,FULL,tp4dp2moetp1ep8,4,2,1,8,False,False,True
engine_dp:0:step:700,engine_core_dp_step,700,0,cb_sim_vllm_like,32000x1000_b16,700,pure_decode,0,8,8,0,8,8,8192,256,8,FULL:8,FULL,tp4dp2moetp1ep8,4,2,1,8,False,False,True
engine_dp:0:step:701,engine_core_dp_step,701,0,cb_sim_vllm_like,32000x1000_b16,701,pure_decode,0,8,8,0,8,8,8192,256,8,FULL:8,FULL,tp4dp2moetp1ep8,4,2,1,8,False,False,True
engine_dp:0:step:702,engine_core_dp_step,702,0,cb_sim_vllm_like,32000x1000_b16,702,pure_decode,0,8,8,0,8,8,8192,256,8,FULL:8,FULL,tp4dp2moetp1ep8,4,2,1,8,False,False,True
engine_dp:0:step:703,engine_core_dp_step,703,0,cb_sim_vllm_like,32000x1000_b16,703,pure_decode,0,8,8,0,8,8,8192,256,8,FULL:8,FULL,tp4dp2moetp1ep8,4,2,1,8,False,False,True
engine_dp:0:step:704,engine_core_dp_step,704,0,cb_sim_vllm_like,32000x1000_b16,704,pure_decode,0,8,8,0,8,8,8192,256,8,FULL:8,FULL,tp4dp2moetp1ep8,4,2,1,8,False,False,True
engine_dp:0:step:705,engine_core_dp_step,705,0,cb_sim_vllm_like,32000x1000_b16,705,pure_decode,0,8,8,0,8,8,8192,256,8,FULL:8,FULL,tp4dp2moetp1ep8,4,2,1,8,False,False,True
engine_dp:0:step:706,engine_core_dp_step,706,0,cb_sim_vllm_like,32000x1000_b16,706,pure_decode,0,8,8,0,8,8,8192,256,8,FULL:8,FULL,tp4dp2moetp1ep8,4,2,1,8,False,False,True
engine_dp:0:step:707,engine_core_dp_step,707,0,cb_sim_vllm_like,32000x1000_b16,707,pure_decode,0,8,8,0,8,8,8192,256,8,FULL:8,FULL,tp4dp2moetp1ep8,4,2,1,8,False,False,True
engine_dp:0:step:708,engine_core_dp_step,708,0,cb_sim_vllm_like,32000x1000_b16,708,pure_decode,0,8,8,0,8,8,8192,256,8,FULL:8,FULL,tp4dp2moetp1ep8,4,2,1,8,False,False,True
engine_dp:0:step:709,engine_core_dp_step,709,0,cb_sim_vllm_like,32000x1000_b16,709,pure_decode,0,8,8,0,8,8,8192,256,8,FULL:8,FULL,tp4dp2moetp1ep8,4,2,1,8,False,False,True
engine_dp:0:step:710,engine_core_dp_step,710,0,cb_sim_vllm_like,32000x1000_b16,710,pure_decode,0,8,8,0,8,8,8192,256,8,FULL:8,FULL,tp4dp2moetp1ep8,4,2,1,8,False,False,True
engine_dp:0:step:711,engine_core_dp_step,711,0,cb_sim_vllm_like,32000x1000_b16,711,pure_decode,0,8,8,0,8,8,8192,256,8,FULL:8,FULL,tp4dp2moetp1ep8,4,2,1,8,False,False,True
engine_dp:0:step:712,engine_core_dp_step,712,0,cb_sim_vllm_like,32000x1000_b16,712,pure_decode,0,8,8,0,8,8,8192,256,8,FULL:8,FULL,tp4dp2moetp1ep8,4,2,1,8,False,False,True
engine_dp:0:step:713,engine_core_dp_step,713,0,cb_sim_vllm_like,32000x1000_b16,713,pure_decode,0,8,8,0,8,8,8192,256,8,FULL:8,FULL,tp4dp2moetp1ep8,4,2,1,8,False,False,True
engine_dp:0:step:714,engine_core_dp_step,714,0,cb_sim_vllm_like,32000x1000_b16,714,pure_decode,0,8,8,0,8,8,8192,256,8,FULL:8,FULL,tp4dp2moetp1ep8,4,2,1,8,False,False,True
engine_dp:0:step:715,engine_core_dp_step,715,0,cb_sim_vllm_like,32000x1000_b16,715,pure_decode,0,8,8,0,8,8,8192,256,8,FULL:8,FULL,tp4dp2moetp1ep8,4,2,1,8,False,False,True
engine_dp:0:step:716,engine_core_dp_step,716,0,cb_sim_vllm_like,32000x1000_b16,716,pure_decode,0,8,8,0,8,8,8192,256,8,FULL:8,FULL,tp4dp2moetp1ep8,4,2,1,8,False,False,True
engine_dp:0:step:717,engine_core_dp_step,717,0,cb_sim_vllm_like,32000x1000_b16,717,pure_decode,0,8,8,0,8,8,8192,256,8,FULL:8,FULL,tp4dp2moetp1ep8,4,2,1,8,False,False,True
engine_dp:0:step:718,engine_core_dp_step,718,0,cb_sim_vllm_like,32000x1000_b16,718,pure_decode,0,8,8,0,8,8,8192,256,8,FULL:8,FULL,tp4dp2moetp1ep8,4,2,1,8,False,False,True
engine_dp:0:step:719,engine_core_dp_step,719,0,cb_sim_vllm_like,32000x1000_b16,719,pure_decode,0,8,8,0,8,8,8192,256,8,FULL:8,FULL,tp4dp2moetp1ep8,4,2,1,8,False,False,True
engine_dp:0:step:720,engine_core_dp_step,720,0,cb_sim_vllm_like,32000x1000_b16,720,pure_decode,0,8,8,0,8,8,8192,256,8,FULL:8,FULL,tp4dp2moetp1ep8,4,2,1,8,False,False,True
engine_dp:0:step:721,engine_core_dp_step,721,0,cb_sim_vllm_like,32000x1000_b16,721,pure_decode,0,8,8,0,8,8,8192,256,8,FULL:8,FULL,tp4dp2moetp1ep8,4,2,1,8,False,False,True
engine_dp:0:step:722,engine_core_dp_step,722,0,cb_sim_vllm_like,32000x1000_b16,722,pure_decode,0,8,8,0,8,8,8192,256,8,FULL:8,FULL,tp4dp2moetp1ep8,4,2,1,8,False,False,True
engine_dp:0:step:723,engine_core_dp_step,723,0,cb_sim_vllm_like,32000x1000_b16,723,pure_decode,0,8,8,0,8,8,8192,256,8,FULL:8,FULL,tp4dp2moetp1ep8,4,2,1,8,False,False,True
engine_dp:0:step:724,engine_core_dp_step,724,0,cb_sim_vllm_like,32000x1000_b16,724,pure_decode,0,8,8,0,8,8,8192,256,8,FULL:8,FULL,tp4dp2moetp1ep8,4,2,1,8,False,False,True
engine_dp:0:step:725,engine_core_dp_step,725,0,cb_sim_vllm_like,32000x1000_b16,725,pure_decode,0,8,8,0,8,8,8192,256,8,FULL:8,FULL,tp4dp2moetp1ep8,4,2,1,8,False,False,True
engine_dp:0:step:726,engine_core_dp_step,726,0,cb_sim_vllm_like,32000x1000_b16,726,pure_decode,0,8,8,0,8,8,8192,256,8,FULL:8,FULL,tp4dp2moetp1ep8,4,2,1,8,False,False,True
engine_dp:0:step:727,engine_core_dp_step,727,0,cb_sim_vllm_like,32000x1000_b16,727,pure_decode,0,8,8,0,8,8,8192,256,8,FULL:8,FULL,tp4dp2moetp1ep8,4,2,1,8,False,False,True
engine_dp:0:step:728,engine_core_dp_step,728,0,cb_sim_vllm_like,32000x1000_b16,728,pure_decode,0,8,8,0,8,8,8192,256,8,FULL:8,FULL,tp4dp2moetp1ep8,4,2,1,8,False,False,True
engine_dp:0:step:729,engine_core_dp_step,729,0,cb_sim_vllm_like,32000x1000_b16,729,pure_decode,0,8,8,0,8,8,8192,256,8,FULL:8,FULL,tp4dp2moetp1ep8,4,2,1,8,False,False,True
engine_dp:0:step:730,engine_core_dp_step,730,0,cb_sim_vllm_like,32000x1000_b16,730,pure_decode,0,8,8,0,8,8,8192,256,8,FULL:8,FULL,tp4dp2moetp1ep8,4,2,1,8,False,False,True
engine_dp:0:step:731,engine_core_dp_step,731,0,cb_sim_vllm_like,32000x1000_b16,731,pure_decode,0,8,8,0,8,8,8192,256,8,FULL:8,FULL,tp4dp2moetp1ep8,4,2,1,8,False,False,True
engine_dp:0:step:732,engine_core_dp_step,732,0,cb_sim_vllm_like,32000x1000_b16,732,pure_decode,0,8,8,0,8,8,8192,256,8,FULL:8,FULL,tp4dp2moetp1ep8,4,2,1,8,False,False,True
engine_dp:0:step:733,engine_core_dp_step,733,0,cb_sim_vllm_like,32000x1000_b16,733,pure_decode,0,8,8,0,8,8,8192,256,8,FULL:8,FULL,tp4dp2moetp1ep8,4,2,1,8,False,False,True
engine_dp:0:step:734,engine_core_dp_step,734,0,cb_sim_vllm_like,32000x1000_b16,734,pure_decode,0,8,8,0,8,8,8192,256,8,FULL:8,FULL,tp4dp2moetp1ep8,4,2,1,8,False,False,True
engine_dp:0:step:735,engine_core_dp_step,735,0,cb_sim_vllm_like,32000x1000_b16,735,pure_decode,0,8,8,0,8,8,8192,256,8,FULL:8,FULL,tp4dp2moetp1ep8,4,2,1,8,False,False,True
engine_dp:0:step:736,engine_core_dp_step,736,0,cb_sim_vllm_like,32000x1000_b16,736,pure_decode,0,8,8,0,8,8,8192,256,8,FULL:8,FULL,tp4dp2moetp1ep8,4,2,1,8,False,False,True
engine_dp:0:step:737,engine_core_dp_step,737,0,cb_sim_vllm_like,32000x1000_b16,737,pure_decode,0,8,8,0,8,8,8192,256,8,FULL:8,FULL,tp4dp2moetp1ep8,4,2,1,8,False,False,True
engine_dp:0:step:738,engine_core_dp_step,738,0,cb_sim_vllm_like,32000x1000_b16,738,pure_decode,0,8,8,0,8,8,8192,256,8,FULL:8,FULL,tp4dp2moetp1ep8,4,2,1,8,False,False,True
engine_dp:0:step:739,engine_core_dp_step,739,0,cb_sim_vllm_like,32000x1000_b16,739,pure_decode,0,8,8,0,8,8,8192,256,8,FULL:8,FULL,tp4dp2moetp1ep8,4,2,1,8,False,False,True
engine_dp:0:step:740,engine_core_dp_step,740,0,cb_sim_vllm_like,32000x1000_b16,740,pure_decode,0,8,8,0,8,8,8192,256,8,FULL:8,FULL,tp4dp2moetp1ep8,4,2,1,8,False,False,True
engine_dp:0:step:741,engine_core_dp_step,741,0,cb_sim_vllm_like,32000x1000_b16,741,pure_decode,0,8,8,0,8,8,8192,256,8,FULL:8,FULL,tp4dp2moetp1ep8,4,2,1,8,False,False,True
engine_dp:0:step:742,engine_core_dp_step,742,0,cb_sim_vllm_like,32000x1000_b16,742,pure_decode,0,8,8,0,8,8,8192,256,8,FULL:8,FULL,tp4dp2moetp1ep8,4,2,1,8,False,False,True
engine_dp:0:step:743,engine_core_dp_step,743,0,cb_sim_vllm_like,32000x1000_b16,743,pure_decode,0,8,8,0,8,8,8192,256,8,FULL:8,FULL,tp4dp2moetp1ep8,4,2,1,8,False,False,True
engine_dp:0:step:744,engine_core_dp_step,744,0,cb_sim_vllm_like,32000x1000_b16,744,pure_decode,0,8,8,0,8,8,8192,256,8,FULL:8,FULL,tp4dp2moetp1ep8,4,2,1,8,False,False,True
engine_dp:0:step:745,engine_core_dp_step,745,0,cb_sim_vllm_like,32000x1000_b16,745,pure_decode,0,8,8,0,8,8,8192,256,8,FULL:8,FULL,tp4dp2moetp1ep8,4,2,1,8,False,False,True
engine_dp:0:step:746,engine_core_dp_step,746,0,cb_sim_vllm_like,32000x1000_b16,746,pure_decode,0,8,8,0,8,8,8192,256,8,FULL:8,FULL,tp4dp2moetp1ep8,4,2,1,8,False,False,True
engine_dp:0:step:747,engine_core_dp_step,747,0,cb_sim_vllm_like,32000x1000_b16,747,pure_decode,0,8,8,0,8,8,8192,256,8,FULL:8,FULL,tp4dp2moetp1ep8,4,2,1,8,False,False,True
engine_dp:0:step:748,engine_core_dp_step,748,0,cb_sim_vllm_like,32000x1000_b16,748,pure_decode,0,8,8,0,8,8,8192,256,8,FULL:8,FULL,tp4dp2moetp1ep8,4,2,1,8,False,False,True
engine_dp:0:step:749,engine_core_dp_step,749,0,cb_sim_vllm_like,32000x1000_b16,749,pure_decode,0,8,8,0,8,8,8192,256,8,FULL:8,FULL,tp4dp2moetp1ep8,4,2,1,8,False,False,True
engine_dp:0:step:750,engine_core_dp_step,750,0,cb_sim_vllm_like,32000x1000_b16,750,pure_decode,0,8,8,0,8,8,8192,256,8,FULL:8,FULL,tp4dp2moetp1ep8,4,2,1,8,False,False,True
engine_dp:0:step:751,engine_core_dp_step,751,0,cb_sim_vllm_like,32000x1000_b16,751,pure_decode,0,8,8,0,8,8,8192,256,8,FULL:8,FULL,tp4dp2moetp1ep8,4,2,1,8,False,False,True
engine_dp:0:step:752,engine_core_dp_step,752,0,cb_sim_vllm_like,32000x1000_b16,752,pure_decode,0,8,8,0,8,8,8192,256,8,FULL:8,FULL,tp4dp2moetp1ep8,4,2,1,8,False,False,True
engine_dp:0:step:753,engine_core_dp_step,753,0,cb_sim_vllm_like,32000x1000_b16,753,pure_decode,0,8,8,0,8,8,8192,256,8,FULL:8,FULL,tp4dp2moetp1ep8,4,2,1,8,False,False,True
engine_dp:0:step:754,engine_core_dp_step,754,0,cb_sim_vllm_like,32000x1000_b16,754,pure_decode,0,8,8,0,8,8,8192,256,8,FULL:8,FULL,tp4dp2moetp1ep8,4,2,1,8,False,False,True
engine_dp:0:step:755,engine_core_dp_step,755,0,cb_sim_vllm_like,32000x1000_b16,755,pure_decode,0,8,8,0,8,8,8192,256,8,FULL:8,FULL,tp4dp2moetp1ep8,4,2,1,8,False,False,True
engine_dp:0:step:756,engine_core_dp_step,756,0,cb_sim_vllm_like,32000x1000_b16,756,pure_decode,0,8,8,0,8,8,8192,256,8,FULL:8,FULL,tp4dp2moetp1ep8,4,2,1,8,False,False,True
engine_dp:0:step:757,engine_core_dp_step,757,0,cb_sim_vllm_like,32000x1000_b16,757,pure_decode,0,8,8,0,8,8,8192,256,8,FULL:8,FULL,tp4dp2moetp1ep8,4,2,1,8,False,False,True
engine_dp:0:step:758,engine_core_dp_step,758,0,cb_sim_vllm_like,32000x1000_b16,758,pure_decode,0,8,8,0,8,8,8192,256,8,FULL:8,FULL,tp4dp2moetp1ep8,4,2,1,8,False,False,True
engine_dp:0:step:759,engine_core_dp_step,759,0,cb_sim_vllm_like,32000x1000_b16,759,pure_decode,0,8,8,0,8,8,8192,256,8,FULL:8,FULL,tp4dp2moetp1ep8,4,2,1,8,False,False,True
engine_dp:0:step:760,engine_core_dp_step,760,0,cb_sim_vllm_like,32000x1000_b16,760,pure_decode,0,8,8,0,8,8,8192,256,8,FULL:8,FULL,tp4dp2moetp1ep8,4,2,1,8,False,False,True
engine_dp:0:step:761,engine_core_dp_step,761,0,cb_sim_vllm_like,32000x1000_b16,761,pure_decode,0,8,8,0,8,8,8192,256,8,FULL:8,FULL,tp4dp2moetp1ep8,4,2,1,8,False,False,True
engine_dp:0:step:762,engine_core_dp_step,762,0,cb_sim_vllm_like,32000x1000_b16,762,pure_decode,0,8,8,0,8,8,8192,256,8,FULL:8,FULL,tp4dp2moetp1ep8,4,2,1,8,False,False,True
engine_dp:0:step:763,engine_core_dp_step,763,0,cb_sim_vllm_like,32000x1000_b16,763,pure_decode,0,8,8,0,8,8,8192,256,8,FULL:8,FULL,tp4dp2moetp1ep8,4,2,1,8,False,False,True
engine_dp:0:step:764,engine_core_dp_step,764,0,cb_sim_vllm_like,32000x1000_b16,764,pure_decode,0,8,8,0,8,8,8192,256,8,FULL:8,FULL,tp4dp2moetp1ep8,4,2,1,8,False,False,True
engine_dp:0:step:765,engine_core_dp_step,765,0,cb_sim_vllm_like,32000x1000_b16,765,pure_decode,0,8,8,0,8,8,8192,256,8,FULL:8,FULL,tp4dp2moetp1ep8,4,2,1,8,False,False,True
engine_dp:0:step:766,engine_core_dp_step,766,0,cb_sim_vllm_like,32000x1000_b16,766,pure_decode,0,8,8,0,8,8,8192,256,8,FULL:8,FULL,tp4dp2moetp1ep8,4,2,1,8,False,False,True
engine_dp:0:step:767,engine_core_dp_step,767,0,cb_sim_vllm_like,32000x1000_b16,767,pure_decode,0,8,8,0,8,8,8192,256,8,FULL:8,FULL,tp4dp2moetp1ep8,4,2,1,8,False,False,True
engine_dp:0:step:768,engine_core_dp_step,768,0,cb_sim_vllm_like,32000x1000_b16,768,pure_decode,0,8,8,0,8,8,8192,256,8,FULL:8,FULL,tp4dp2moetp1ep8,4,2,1,8,False,False,True
engine_dp:0:step:769,engine_core_dp_step,769,0,cb_sim_vllm_like,32000x1000_b16,769,pure_decode,0,8,8,0,8,8,8192,256,8,FULL:8,FULL,tp4dp2moetp1ep8,4,2,1,8,False,False,True
engine_dp:0:step:770,engine_core_dp_step,770,0,cb_sim_vllm_like,32000x1000_b16,770,pure_decode,0,8,8,0,8,8,8192,256,8,FULL:8,FULL,tp4dp2moetp1ep8,4,2,1,8,False,False,True
engine_dp:0:step:771,engine_core_dp_step,771,0,cb_sim_vllm_like,32000x1000_b16,771,pure_decode,0,8,8,0,8,8,8192,256,8,FULL:8,FULL,tp4dp2moetp1ep8,4,2,1,8,False,False,True
engine_dp:0:step:772,engine_core_dp_step,772,0,cb_sim_vllm_like,32000x1000_b16,772,pure_decode,0,8,8,0,8,8,8192,256,8,FULL:8,FULL,tp4dp2moetp1ep8,4,2,1,8,False,False,True
engine_dp:0:step:773,engine_core_dp_step,773,0,cb_sim_vllm_like,32000x1000_b16,773,pure_decode,0,8,8,0,8,8,8192,256,8,FULL:8,FULL,tp4dp2moetp1ep8,4,2,1,8,False,False,True
engine_dp:0:step:774,engine_core_dp_step,774,0,cb_sim_vllm_like,32000x1000_b16,774,pure_decode,0,8,8,0,8,8,8192,256,8,FULL:8,FULL,tp4dp2moetp1ep8,4,2,1,8,False,False,True
engine_dp:0:step:775,engine_core_dp_step,775,0,cb_sim_vllm_like,32000x1000_b16,775,pure_decode,0,8,8,0,8,8,8192,256,8,FULL:8,FULL,tp4dp2moetp1ep8,4,2,1,8,False,False,True
engine_dp:0:step:776,engine_core_dp_step,776,0,cb_sim_vllm_like,32000x1000_b16,776,pure_decode,0,8,8,0,8,8,8192,256,8,FULL:8,FULL,tp4dp2moetp1ep8,4,2,1,8,False,False,True
engine_dp:0:step:777,engine_core_dp_step,777,0,cb_sim_vllm_like,32000x1000_b16,777,pure_decode,0,8,8,0,8,8,8192,256,8,FULL:8,FULL,tp4dp2moetp1ep8,4,2,1,8,False,False,True
engine_dp:0:step:778,engine_core_dp_step,778,0,cb_sim_vllm_like,32000x1000_b16,778,pure_decode,0,8,8,0,8,8,8192,256,8,FULL:8,FULL,tp4dp2moetp1ep8,4,2,1,8,False,False,True
engine_dp:0:step:779,engine_core_dp_step,779,0,cb_sim_vllm_like,32000x1000_b16,779,pure_decode,0,8,8,0,8,8,8192,256,8,FULL:8,FULL,tp4dp2moetp1ep8,4,2,1,8,False,False,True
engine_dp:0:step:780,engine_core_dp_step,780,0,cb_sim_vllm_like,32000x1000_b16,780,pure_decode,0,8,8,0,8,8,8192,256,8,FULL:8,FULL,tp4dp2moetp1ep8,4,2,1,8,False,False,True
engine_dp:0:step:781,engine_core_dp_step,781,0,cb_sim_vllm_like,32000x1000_b16,781,pure_decode,0,8,8,0,8,8,8192,256,8,FULL:8,FULL,tp4dp2moetp1ep8,4,2,1,8,False,False,True
engine_dp:0:step:782,engine_core_dp_step,782,0,cb_sim_vllm_like,32000x1000_b16,782,pure_decode,0,8,8,0,8,8,8192,256,8,FULL:8,FULL,tp4dp2moetp1ep8,4,2,1,8,False,False,True
engine_dp:0:step:783,engine_core_dp_step,783,0,cb_sim_vllm_like,32000x1000_b16,783,pure_decode,0,8,8,0,8,8,8192,256,8,FULL:8,FULL,tp4dp2moetp1ep8,4,2,1,8,False,False,True
engine_dp:0:step:784,engine_core_dp_step,784,0,cb_sim_vllm_like,32000x1000_b16,784,pure_decode,0,8,8,0,8,8,8192,256,8,FULL:8,FULL,tp4dp2moetp1ep8,4,2,1,8,False,False,True
engine_dp:0:step:785,engine_core_dp_step,785,0,cb_sim_vllm_like,32000x1000_b16,785,pure_decode,0,8,8,0,8,8,8192,256,8,FULL:8,FULL,tp4dp2moetp1ep8,4,2,1,8,False,False,True
engine_dp:0:step:786,engine_core_dp_step,786,0,cb_sim_vllm_like,32000x1000_b16,786,pure_decode,0,8,8,0,8,8,8192,256,8,FULL:8,FULL,tp4dp2moetp1ep8,4,2,1,8,False,False,True
engine_dp:0:step:787,engine_core_dp_step,787,0,cb_sim_vllm_like,32000x1000_b16,787,pure_decode,0,8,8,0,8,8,8192,256,8,FULL:8,FULL,tp4dp2moetp1ep8,4,2,1,8,False,False,True
engine_dp:0:step:788,engine_core_dp_step,788,0,cb_sim_vllm_like,32000x1000_b16,788,pure_decode,0,8,8,0,8,8,8192,256,8,FULL:8,FULL,tp4dp2moetp1ep8,4,2,1,8,False,False,True
engine_dp:0:step:789,engine_core_dp_step,789,0,cb_sim_vllm_like,32000x1000_b16,789,pure_decode,0,8,8,0,8,8,8192,256,8,FULL:8,FULL,tp4dp2moetp1ep8,4,2,1,8,False,False,True
engine_dp:0:step:790,engine_core_dp_step,790,0,cb_sim_vllm_like,32000x1000_b16,790,pure_decode,0,8,8,0,8,8,8192,256,8,FULL:8,FULL,tp4dp2moetp1ep8,4,2,1,8,False,False,True
engine_dp:0:step:791,engine_core_dp_step,791,0,cb_sim_vllm_like,32000x1000_b16,791,pure_decode,0,8,8,0,8,8,8192,256,8,FULL:8,FULL,tp4dp2moetp1ep8,4,2,1,8,False,False,True
engine_dp:0:step:792,engine_core_dp_step,792,0,cb_sim_vllm_like,32000x1000_b16,792,pure_decode,0,8,8,0,8,8,8192,256,8,FULL:8,FULL,tp4dp2moetp1ep8,4,2,1,8,False,False,True
engine_dp:0:step:793,engine_core_dp_step,793,0,cb_sim_vllm_like,32000x1000_b16,793,pure_decode,0,8,8,0,8,8,8192,256,8,FULL:8,FULL,tp4dp2moetp1ep8,4,2,1,8,False,False,True
engine_dp:0:step:794,engine_core_dp_step,794,0,cb_sim_vllm_like,32000x1000_b16,794,pure_decode,0,8,8,0,8,8,8192,256,8,FULL:8,FULL,tp4dp2moetp1ep8,4,2,1,8,False,False,True
engine_dp:0:step:795,engine_core_dp_step,795,0,cb_sim_vllm_like,32000x1000_b16,795,pure_decode,0,8,8,0,8,8,8192,256,8,FULL:8,FULL,tp4dp2moetp1ep8,4,2,1,8,False,False,True
engine_dp:0:step:796,engine_core_dp_step,796,0,cb_sim_vllm_like,32000x1000_b16,796,pure_decode,0,8,8,0,8,8,8192,256,8,FULL:8,FULL,tp4dp2moetp1ep8,4,2,1,8,False,False,True
engine_dp:0:step:797,engine_core_dp_step,797,0,cb_sim_vllm_like,32000x1000_b16,797,pure_decode,0,8,8,0,8,8,8192,256,8,FULL:8,FULL,tp4dp2moetp1ep8,4,2,1,8,False,False,True
engine_dp:0:step:798,engine_core_dp_step,798,0,cb_sim_vllm_like,32000x1000_b16,798,pure_decode,0,8,8,0,8,8,8192,256,8,FULL:8,FULL,tp4dp2moetp1ep8,4,2,1,8,False,False,True
engine_dp:0:step:799,engine_core_dp_step,799,0,cb_sim_vllm_like,32000x1000_b16,799,pure_decode,0,8,8,0,8,8,8192,256,8,FULL:8,FULL,tp4dp2moetp1ep8,4,2,1,8,False,False,True
engine_dp:0:step:800,engine_core_dp_step,800,0,cb_sim_vllm_like,32000x1000_b16,800,pure_decode,0,8,8,0,8,8,8192,256,8,FULL:8,FULL,tp4dp2moetp1ep8,4,2,1,8,False,False,True
engine_dp:0:step:801,engine_core_dp_step,801,0,cb_sim_vllm_like,32000x1000_b16,801,pure_decode,0,8,8,0,8,8,8192,256,8,FULL:8,FULL,tp4dp2moetp1ep8,4,2,1,8,False,False,True
engine_dp:0:step:802,engine_core_dp_step,802,0,cb_sim_vllm_like,32000x1000_b16,802,pure_decode,0,8,8,0,8,8,8192,256,8,FULL:8,FULL,tp4dp2moetp1ep8,4,2,1,8,False,False,True
engine_dp:0:step:803,engine_core_dp_step,803,0,cb_sim_vllm_like,32000x1000_b16,803,pure_decode,0,8,8,0,8,8,8192,256,8,FULL:8,FULL,tp4dp2moetp1ep8,4,2,1,8,False,False,True
engine_dp:0:step:804,engine_core_dp_step,804,0,cb_sim_vllm_like,32000x1000_b16,804,pure_decode,0,8,8,0,8,8,8192,256,8,FULL:8,FULL,tp4dp2moetp1ep8,4,2,1,8,False,False,True
engine_dp:0:step:805,engine_core_dp_step,805,0,cb_sim_vllm_like,32000x1000_b16,805,pure_decode,0,8,8,0,8,8,8192,256,8,FULL:8,FULL,tp4dp2moetp1ep8,4,2,1,8,False,False,True
engine_dp:0:step:806,engine_core_dp_step,806,0,cb_sim_vllm_like,32000x1000_b16,806,pure_decode,0,8,8,0,8,8,8192,256,8,FULL:8,FULL,tp4dp2moetp1ep8,4,2,1,8,False,False,True
engine_dp:0:step:807,engine_core_dp_step,807,0,cb_sim_vllm_like,32000x1000_b16,807,pure_decode,0,8,8,0,8,8,8192,256,8,FULL:8,FULL,tp4dp2moetp1ep8,4,2,1,8,False,False,True
engine_dp:0:step:808,engine_core_dp_step,808,0,cb_sim_vllm_like,32000x1000_b16,808,pure_decode,0,8,8,0,8,8,8192,256,8,FULL:8,FULL,tp4dp2moetp1ep8,4,2,1,8,False,False,True
engine_dp:0:step:809,engine_core_dp_step,809,0,cb_sim_vllm_like,32000x1000_b16,809,pure_decode,0,8,8,0,8,8,8192,256,8,FULL:8,FULL,tp4dp2moetp1ep8,4,2,1,8,False,False,True
engine_dp:0:step:810,engine_core_dp_step,810,0,cb_sim_vllm_like,32000x1000_b16,810,pure_decode,0,8,8,0,8,8,8192,256,8,FULL:8,FULL,tp4dp2moetp1ep8,4,2,1,8,False,False,True
engine_dp:0:step:811,engine_core_dp_step,811,0,cb_sim_vllm_like,32000x1000_b16,811,pure_decode,0,8,8,0,8,8,8192,256,8,FULL:8,FULL,tp4dp2moetp1ep8,4,2,1,8,False,False,True
engine_dp:0:step:812,engine_core_dp_step,812,0,cb_sim_vllm_like,32000x1000_b16,812,pure_decode,0,8,8,0,8,8,8192,256,8,FULL:8,FULL,tp4dp2moetp1ep8,4,2,1,8,False,False,True
engine_dp:0:step:813,engine_core_dp_step,813,0,cb_sim_vllm_like,32000x1000_b16,813,pure_decode,0,8,8,0,8,8,8192,256,8,FULL:8,FULL,tp4dp2moetp1ep8,4,2,1,8,False,False,True
engine_dp:0:step:814,engine_core_dp_step,814,0,cb_sim_vllm_like,32000x1000_b16,814,pure_decode,0,8,8,0,8,8,8192,256,8,FULL:8,FULL,tp4dp2moetp1ep8,4,2,1,8,False,False,True
engine_dp:0:step:815,engine_core_dp_step,815,0,cb_sim_vllm_like,32000x1000_b16,815,pure_decode,0,8,8,0,8,8,8192,256,8,FULL:8,FULL,tp4dp2moetp1ep8,4,2,1,8,False,False,True
engine_dp:0:step:816,engine_core_dp_step,816,0,cb_sim_vllm_like,32000x1000_b16,816,pure_decode,0,8,8,0,8,8,8192,256,8,FULL:8,FULL,tp4dp2moetp1ep8,4,2,1,8,False,False,True
engine_dp:0:step:817,engine_core_dp_step,817,0,cb_sim_vllm_like,32000x1000_b16,817,pure_decode,0,8,8,0,8,8,8192,256,8,FULL:8,FULL,tp4dp2moetp1ep8,4,2,1,8,False,False,True
engine_dp:0:step:818,engine_core_dp_step,818,0,cb_sim_vllm_like,32000x1000_b16,818,pure_decode,0,8,8,0,8,8,8192,256,8,FULL:8,FULL,tp4dp2moetp1ep8,4,2,1,8,False,False,True
engine_dp:0:step:819,engine_core_dp_step,819,0,cb_sim_vllm_like,32000x1000_b16,819,pure_decode,0,8,8,0,8,8,8192,256,8,FULL:8,FULL,tp4dp2moetp1ep8,4,2,1,8,False,False,True
engine_dp:0:step:820,engine_core_dp_step,820,0,cb_sim_vllm_like,32000x1000_b16,820,pure_decode,0,8,8,0,8,8,8192,256,8,FULL:8,FULL,tp4dp2moetp1ep8,4,2,1,8,False,False,True
engine_dp:0:step:821,engine_core_dp_step,821,0,cb_sim_vllm_like,32000x1000_b16,821,pure_decode,0,8,8,0,8,8,8192,256,8,FULL:8,FULL,tp4dp2moetp1ep8,4,2,1,8,False,False,True
engine_dp:0:step:822,engine_core_dp_step,822,0,cb_sim_vllm_like,32000x1000_b16,822,pure_decode,0,8,8,0,8,8,8192,256,8,FULL:8,FULL,tp4dp2moetp1ep8,4,2,1,8,False,False,True
engine_dp:0:step:823,engine_core_dp_step,823,0,cb_sim_vllm_like,32000x1000_b16,823,pure_decode,0,8,8,0,8,8,8192,256,8,FULL:8,FULL,tp4dp2moetp1ep8,4,2,1,8,False,False,True
engine_dp:0:step:824,engine_core_dp_step,824,0,cb_sim_vllm_like,32000x1000_b16,824,pure_decode,0,8,8,0,8,8,8192,256,8,FULL:8,FULL,tp4dp2moetp1ep8,4,2,1,8,False,False,True
engine_dp:0:step:825,engine_core_dp_step,825,0,cb_sim_vllm_like,32000x1000_b16,825,pure_decode,0,8,8,0,8,8,8192,256,8,FULL:8,FULL,tp4dp2moetp1ep8,4,2,1,8,False,False,True
engine_dp:0:step:826,engine_core_dp_step,826,0,cb_sim_vllm_like,32000x1000_b16,826,pure_decode,0,8,8,0,8,8,8192,256,8,FULL:8,FULL,tp4dp2moetp1ep8,4,2,1,8,False,False,True
engine_dp:0:step:827,engine_core_dp_step,827,0,cb_sim_vllm_like,32000x1000_b16,827,pure_decode,0,8,8,0,8,8,8192,256,8,FULL:8,FULL,tp4dp2moetp1ep8,4,2,1,8,False,False,True
engine_dp:0:step:828,engine_core_dp_step,828,0,cb_sim_vllm_like,32000x1000_b16,828,pure_decode,0,8,8,0,8,8,8192,256,8,FULL:8,FULL,tp4dp2moetp1ep8,4,2,1,8,False,False,True
engine_dp:0:step:829,engine_core_dp_step,829,0,cb_sim_vllm_like,32000x1000_b16,829,pure_decode,0,8,8,0,8,8,8192,256,8,FULL:8,FULL,tp4dp2moetp1ep8,4,2,1,8,False,False,True
engine_dp:0:step:830,engine_core_dp_step,830,0,cb_sim_vllm_like,32000x1000_b16,830,pure_decode,0,8,8,0,8,8,8192,256,8,FULL:8,FULL,tp4dp2moetp1ep8,4,2,1,8,False,False,True
engine_dp:0:step:831,engine_core_dp_step,831,0,cb_sim_vllm_like,32000x1000_b16,831,pure_decode,0,8,8,0,8,8,8192,256,8,FULL:8,FULL,tp4dp2moetp1ep8,4,2,1,8,False,False,True
engine_dp:0:step:832,engine_core_dp_step,832,0,cb_sim_vllm_like,32000x1000_b16,832,pure_decode,0,8,8,0,8,8,8192,256,8,FULL:8,FULL,tp4dp2moetp1ep8,4,2,1,8,False,False,True
engine_dp:0:step:833,engine_core_dp_step,833,0,cb_sim_vllm_like,32000x1000_b16,833,pure_decode,0,8,8,0,8,8,8192,256,8,FULL:8,FULL,tp4dp2moetp1ep8,4,2,1,8,False,False,True
engine_dp:0:step:834,engine_core_dp_step,834,0,cb_sim_vllm_like,32000x1000_b16,834,pure_decode,0,8,8,0,8,8,8192,256,8,FULL:8,FULL,tp4dp2moetp1ep8,4,2,1,8,False,False,True
engine_dp:0:step:835,engine_core_dp_step,835,0,cb_sim_vllm_like,32000x1000_b16,835,pure_decode,0,8,8,0,8,8,8192,256,8,FULL:8,FULL,tp4dp2moetp1ep8,4,2,1,8,False,False,True
engine_dp:0:step:836,engine_core_dp_step,836,0,cb_sim_vllm_like,32000x1000_b16,836,pure_decode,0,8,8,0,8,8,8192,256,8,FULL:8,FULL,tp4dp2moetp1ep8,4,2,1,8,False,False,True
engine_dp:0:step:837,engine_core_dp_step,837,0,cb_sim_vllm_like,32000x1000_b16,837,pure_decode,0,8,8,0,8,8,8192,256,8,FULL:8,FULL,tp4dp2moetp1ep8,4,2,1,8,False,False,True
engine_dp:0:step:838,engine_core_dp_step,838,0,cb_sim_vllm_like,32000x1000_b16,838,pure_decode,0,8,8,0,8,8,8192,256,8,FULL:8,FULL,tp4dp2moetp1ep8,4,2,1,8,False,False,True
engine_dp:0:step:839,engine_core_dp_step,839,0,cb_sim_vllm_like,32000x1000_b16,839,pure_decode,0,8,8,0,8,8,8192,256,8,FULL:8,FULL,tp4dp2moetp1ep8,4,2,1,8,False,False,True
engine_dp:0:step:840,engine_core_dp_step,840,0,cb_sim_vllm_like,32000x1000_b16,840,pure_decode,0,8,8,0,8,8,8192,256,8,FULL:8,FULL,tp4dp2moetp1ep8,4,2,1,8,False,False,True
engine_dp:0:step:841,engine_core_dp_step,841,0,cb_sim_vllm_like,32000x1000_b16,841,pure_decode,0,8,8,0,8,8,8192,256,8,FULL:8,FULL,tp4dp2moetp1ep8,4,2,1,8,False,False,True
engine_dp:0:step:842,engine_core_dp_step,842,0,cb_sim_vllm_like,32000x1000_b16,842,pure_decode,0,8,8,0,8,8,8192,256,8,FULL:8,FULL,tp4dp2moetp1ep8,4,2,1,8,False,False,True
engine_dp:0:step:843,engine_core_dp_step,843,0,cb_sim_vllm_like,32000x1000_b16,843,pure_decode,0,8,8,0,8,8,8192,256,8,FULL:8,FULL,tp4dp2moetp1ep8,4,2,1,8,False,False,True
engine_dp:0:step:844,engine_core_dp_step,844,0,cb_sim_vllm_like,32000x1000_b16,844,pure_decode,0,8,8,0,8,8,8192,256,8,FULL:8,FULL,tp4dp2moetp1ep8,4,2,1,8,False,False,True
engine_dp:0:step:845,engine_core_dp_step,845,0,cb_sim_vllm_like,32000x1000_b16,845,pure_decode,0,8,8,0,8,8,8192,256,8,FULL:8,FULL,tp4dp2moetp1ep8,4,2,1,8,False,False,True
engine_dp:0:step:846,engine_core_dp_step,846,0,cb_sim_vllm_like,32000x1000_b16,846,pure_decode,0,8,8,0,8,8,8192,256,8,FULL:8,FULL,tp4dp2moetp1ep8,4,2,1,8,False,False,True
engine_dp:0:step:847,engine_core_dp_step,847,0,cb_sim_vllm_like,32000x1000_b16,847,pure_decode,0,8,8,0,8,8,8192,256,8,FULL:8,FULL,tp4dp2moetp1ep8,4,2,1,8,False,False,True
engine_dp:0:step:848,engine_core_dp_step,848,0,cb_sim_vllm_like,32000x1000_b16,848,pure_decode,0,8,8,0,8,8,8192,256,8,FULL:8,FULL,tp4dp2moetp1ep8,4,2,1,8,False,False,True
engine_dp:0:step:849,engine_core_dp_step,849,0,cb_sim_vllm_like,32000x1000_b16,849,pure_decode,0,8,8,0,8,8,8192,256,8,FULL:8,FULL,tp4dp2moetp1ep8,4,2,1,8,False,False,True
engine_dp:0:step:850,engine_core_dp_step,850,0,cb_sim_vllm_like,32000x1000_b16,850,pure_decode,0,8,8,0,8,8,8192,256,8,FULL:8,FULL,tp4dp2moetp1ep8,4,2,1,8,False,False,True
engine_dp:0:step:851,engine_core_dp_step,851,0,cb_sim_vllm_like,32000x1000_b16,851,pure_decode,0,8,8,0,8,8,8192,256,8,FULL:8,FULL,tp4dp2moetp1ep8,4,2,1,8,False,False,True
engine_dp:0:step:852,engine_core_dp_step,852,0,cb_sim_vllm_like,32000x1000_b16,852,pure_decode,0,8,8,0,8,8,8192,256,8,FULL:8,FULL,tp4dp2moetp1ep8,4,2,1,8,False,False,True
engine_dp:0:step:853,engine_core_dp_step,853,0,cb_sim_vllm_like,32000x1000_b16,853,pure_decode,0,8,8,0,8,8,8192,256,8,FULL:8,FULL,tp4dp2moetp1ep8,4,2,1,8,False,False,True
engine_dp:0:step:854,engine_core_dp_step,854,0,cb_sim_vllm_like,32000x1000_b16,854,pure_decode,0,8,8,0,8,8,8192,256,8,FULL:8,FULL,tp4dp2moetp1ep8,4,2,1,8,False,False,True
engine_dp:0:step:855,engine_core_dp_step,855,0,cb_sim_vllm_like,32000x1000_b16,855,pure_decode,0,8,8,0,8,8,8192,256,8,FULL:8,FULL,tp4dp2moetp1ep8,4,2,1,8,False,False,True
engine_dp:0:step:856,engine_core_dp_step,856,0,cb_sim_vllm_like,32000x1000_b16,856,pure_decode,0,8,8,0,8,8,8192,256,8,FULL:8,FULL,tp4dp2moetp1ep8,4,2,1,8,False,False,True
engine_dp:0:step:857,engine_core_dp_step,857,0,cb_sim_vllm_like,32000x1000_b16,857,pure_decode,0,8,8,0,8,8,8192,256,8,FULL:8,FULL,tp4dp2moetp1ep8,4,2,1,8,False,False,True
engine_dp:0:step:858,engine_core_dp_step,858,0,cb_sim_vllm_like,32000x1000_b16,858,pure_decode,0,8,8,0,8,8,8192,256,8,FULL:8,FULL,tp4dp2moetp1ep8,4,2,1,8,False,False,True
engine_dp:0:step:859,engine_core_dp_step,859,0,cb_sim_vllm_like,32000x1000_b16,859,pure_decode,0,8,8,0,8,8,8192,256,8,FULL:8,FULL,tp4dp2moetp1ep8,4,2,1,8,False,False,True
engine_dp:0:step:860,engine_core_dp_step,860,0,cb_sim_vllm_like,32000x1000_b16,860,pure_decode,0,8,8,0,8,8,8192,256,8,FULL:8,FULL,tp4dp2moetp1ep8,4,2,1,8,False,False,True
engine_dp:0:step:861,engine_core_dp_step,861,0,cb_sim_vllm_like,32000x1000_b16,861,pure_decode,0,8,8,0,8,8,8192,256,8,FULL:8,FULL,tp4dp2moetp1ep8,4,2,1,8,False,False,True
engine_dp:0:step:862,engine_core_dp_step,862,0,cb_sim_vllm_like,32000x1000_b16,862,pure_decode,0,8,8,0,8,8,8192,256,8,FULL:8,FULL,tp4dp2moetp1ep8,4,2,1,8,False,False,True
engine_dp:0:step:863,engine_core_dp_step,863,0,cb_sim_vllm_like,32000x1000_b16,863,pure_decode,0,8,8,0,8,8,8192,256,8,FULL:8,FULL,tp4dp2moetp1ep8,4,2,1,8,False,False,True
engine_dp:0:step:864,engine_core_dp_step,864,0,cb_sim_vllm_like,32000x1000_b16,864,pure_decode,0,8,8,0,8,8,8192,256,8,FULL:8,FULL,tp4dp2moetp1ep8,4,2,1,8,False,False,True
engine_dp:0:step:865,engine_core_dp_step,865,0,cb_sim_vllm_like,32000x1000_b16,865,pure_decode,0,8,8,0,8,8,8192,256,8,FULL:8,FULL,tp4dp2moetp1ep8,4,2,1,8,False,False,True
engine_dp:0:step:866,engine_core_dp_step,866,0,cb_sim_vllm_like,32000x1000_b16,866,pure_decode,0,8,8,0,8,8,8192,256,8,FULL:8,FULL,tp4dp2moetp1ep8,4,2,1,8,False,False,True
engine_dp:0:step:867,engine_core_dp_step,867,0,cb_sim_vllm_like,32000x1000_b16,867,pure_decode,0,8,8,0,8,8,8192,256,8,FULL:8,FULL,tp4dp2moetp1ep8,4,2,1,8,False,False,True
engine_dp:0:step:868,engine_core_dp_step,868,0,cb_sim_vllm_like,32000x1000_b16,868,pure_decode,0,8,8,0,8,8,8192,256,8,FULL:8,FULL,tp4dp2moetp1ep8,4,2,1,8,False,False,True
engine_dp:0:step:869,engine_core_dp_step,869,0,cb_sim_vllm_like,32000x1000_b16,869,pure_decode,0,8,8,0,8,8,8192,256,8,FULL:8,FULL,tp4dp2moetp1ep8,4,2,1,8,False,False,True
engine_dp:0:step:870,engine_core_dp_step,870,0,cb_sim_vllm_like,32000x1000_b16,870,pure_decode,0,8,8,0,8,8,8192,256,8,FULL:8,FULL,tp4dp2moetp1ep8,4,2,1,8,False,False,True
engine_dp:0:step:871,engine_core_dp_step,871,0,cb_sim_vllm_like,32000x1000_b16,871,pure_decode,0,8,8,0,8,8,8192,256,8,FULL:8,FULL,tp4dp2moetp1ep8,4,2,1,8,False,False,True
engine_dp:0:step:872,engine_core_dp_step,872,0,cb_sim_vllm_like,32000x1000_b16,872,pure_decode,0,8,8,0,8,8,8192,256,8,FULL:8,FULL,tp4dp2moetp1ep8,4,2,1,8,False,False,True
engine_dp:0:step:873,engine_core_dp_step,873,0,cb_sim_vllm_like,32000x1000_b16,873,pure_decode,0,8,8,0,8,8,8192,256,8,FULL:8,FULL,tp4dp2moetp1ep8,4,2,1,8,False,False,True
engine_dp:0:step:874,engine_core_dp_step,874,0,cb_sim_vllm_like,32000x1000_b16,874,pure_decode,0,8,8,0,8,8,8192,256,8,FULL:8,FULL,tp4dp2moetp1ep8,4,2,1,8,False,False,True
engine_dp:0:step:875,engine_core_dp_step,875,0,cb_sim_vllm_like,32000x1000_b16,875,pure_decode,0,8,8,0,8,8,8192,256,8,FULL:8,FULL,tp4dp2moetp1ep8,4,2,1,8,False,False,True
engine_dp:0:step:876,engine_core_dp_step,876,0,cb_sim_vllm_like,32000x1000_b16,876,pure_decode,0,8,8,0,8,8,8192,256,8,FULL:8,FULL,tp4dp2moetp1ep8,4,2,1,8,False,False,True
engine_dp:0:step:877,engine_core_dp_step,877,0,cb_sim_vllm_like,32000x1000_b16,877,pure_decode,0,8,8,0,8,8,8192,256,8,FULL:8,FULL,tp4dp2moetp1ep8,4,2,1,8,False,False,True
engine_dp:0:step:878,engine_core_dp_step,878,0,cb_sim_vllm_like,32000x1000_b16,878,pure_decode,0,8,8,0,8,8,8192,256,8,FULL:8,FULL,tp4dp2moetp1ep8,4,2,1,8,False,False,True
engine_dp:0:step:879,engine_core_dp_step,879,0,cb_sim_vllm_like,32000x1000_b16,879,pure_decode,0,8,8,0,8,8,8192,256,8,FULL:8,FULL,tp4dp2moetp1ep8,4,2,1,8,False,False,True
engine_dp:0:step:880,engine_core_dp_step,880,0,cb_sim_vllm_like,32000x1000_b16,880,pure_decode,0,8,8,0,8,8,8192,256,8,FULL:8,FULL,tp4dp2moetp1ep8,4,2,1,8,False,False,True
engine_dp:0:step:881,engine_core_dp_step,881,0,cb_sim_vllm_like,32000x1000_b16,881,pure_decode,0,8,8,0,8,8,8192,256,8,FULL:8,FULL,tp4dp2moetp1ep8,4,2,1,8,False,False,True
engine_dp:0:step:882,engine_core_dp_step,882,0,cb_sim_vllm_like,32000x1000_b16,882,pure_decode,0,8,8,0,8,8,8192,256,8,FULL:8,FULL,tp4dp2moetp1ep8,4,2,1,8,False,False,True
engine_dp:0:step:883,engine_core_dp_step,883,0,cb_sim_vllm_like,32000x1000_b16,883,pure_decode,0,8,8,0,8,8,8192,256,8,FULL:8,FULL,tp4dp2moetp1ep8,4,2,1,8,False,False,True
engine_dp:0:step:884,engine_core_dp_step,884,0,cb_sim_vllm_like,32000x1000_b16,884,pure_decode,0,8,8,0,8,8,8192,256,8,FULL:8,FULL,tp4dp2moetp1ep8,4,2,1,8,False,False,True
engine_dp:0:step:885,engine_core_dp_step,885,0,cb_sim_vllm_like,32000x1000_b16,885,pure_decode,0,8,8,0,8,8,8192,256,8,FULL:8,FULL,tp4dp2moetp1ep8,4,2,1,8,False,False,True
engine_dp:0:step:886,engine_core_dp_step,886,0,cb_sim_vllm_like,32000x1000_b16,886,pure_decode,0,8,8,0,8,8,8192,256,8,FULL:8,FULL,tp4dp2moetp1ep8,4,2,1,8,False,False,True
engine_dp:0:step:887,engine_core_dp_step,887,0,cb_sim_vllm_like,32000x1000_b16,887,pure_decode,0,8,8,0,8,8,8192,256,8,FULL:8,FULL,tp4dp2moetp1ep8,4,2,1,8,False,False,True
engine_dp:0:step:888,engine_core_dp_step,888,0,cb_sim_vllm_like,32000x1000_b16,888,pure_decode,0,8,8,0,8,8,8192,256,8,FULL:8,FULL,tp4dp2moetp1ep8,4,2,1,8,False,False,True
engine_dp:0:step:889,engine_core_dp_step,889,0,cb_sim_vllm_like,32000x1000_b16,889,pure_decode,0,8,8,0,8,8,8192,256,8,FULL:8,FULL,tp4dp2moetp1ep8,4,2,1,8,False,False,True
engine_dp:0:step:890,engine_core_dp_step,890,0,cb_sim_vllm_like,32000x1000_b16,890,pure_decode,0,8,8,0,8,8,8192,256,8,FULL:8,FULL,tp4dp2moetp1ep8,4,2,1,8,False,False,True
engine_dp:0:step:891,engine_core_dp_step,891,0,cb_sim_vllm_like,32000x1000_b16,891,pure_decode,0,8,8,0,8,8,8192,256,8,FULL:8,FULL,tp4dp2moetp1ep8,4,2,1,8,False,False,True
engine_dp:0:step:892,engine_core_dp_step,892,0,cb_sim_vllm_like,32000x1000_b16,892,pure_decode,0,8,8,0,8,8,8192,256,8,FULL:8,FULL,tp4dp2moetp1ep8,4,2,1,8,False,False,True
engine_dp:0:step:893,engine_core_dp_step,893,0,cb_sim_vllm_like,32000x1000_b16,893,pure_decode,0,8,8,0,8,8,8192,256,8,FULL:8,FULL,tp4dp2moetp1ep8,4,2,1,8,False,False,True
engine_dp:0:step:894,engine_core_dp_step,894,0,cb_sim_vllm_like,32000x1000_b16,894,pure_decode,0,8,8,0,8,8,8192,256,8,FULL:8,FULL,tp4dp2moetp1ep8,4,2,1,8,False,False,True
engine_dp:0:step:895,engine_core_dp_step,895,0,cb_sim_vllm_like,32000x1000_b16,895,pure_decode,0,8,8,0,8,8,8192,256,8,FULL:8,FULL,tp4dp2moetp1ep8,4,2,1,8,False,False,True
engine_dp:0:step:896,engine_core_dp_step,896,0,cb_sim_vllm_like,32000x1000_b16,896,pure_decode,0,8,8,0,8,8,8192,256,8,FULL:8,FULL,tp4dp2moetp1ep8,4,2,1,8,False,False,True
engine_dp:0:step:897,engine_core_dp_step,897,0,cb_sim_vllm_like,32000x1000_b16,897,pure_decode,0,8,8,0,8,8,8192,256,8,FULL:8,FULL,tp4dp2moetp1ep8,4,2,1,8,False,False,True
engine_dp:0:step:898,engine_core_dp_step,898,0,cb_sim_vllm_like,32000x1000_b16,898,pure_decode,0,8,8,0,8,8,8192,256,8,FULL:8,FULL,tp4dp2moetp1ep8,4,2,1,8,False,False,True
engine_dp:0:step:899,engine_core_dp_step,899,0,cb_sim_vllm_like,32000x1000_b16,899,pure_decode,0,8,8,0,8,8,8192,256,8,FULL:8,FULL,tp4dp2moetp1ep8,4,2,1,8,False,False,True
engine_dp:0:step:900,engine_core_dp_step,900,0,cb_sim_vllm_like,32000x1000_b16,900,pure_decode,0,8,8,0,8,8,8192,256,8,FULL:8,FULL,tp4dp2moetp1ep8,4,2,1,8,False,False,True
engine_dp:0:step:901,engine_core_dp_step,901,0,cb_sim_vllm_like,32000x1000_b16,901,pure_decode,0,8,8,0,8,8,8192,256,8,FULL:8,FULL,tp4dp2moetp1ep8,4,2,1,8,False,False,True
engine_dp:0:step:902,engine_core_dp_step,902,0,cb_sim_vllm_like,32000x1000_b16,902,pure_decode,0,8,8,0,8,8,8192,256,8,FULL:8,FULL,tp4dp2moetp1ep8,4,2,1,8,False,False,True
engine_dp:0:step:903,engine_core_dp_step,903,0,cb_sim_vllm_like,32000x1000_b16,903,pure_decode,0,8,8,0,8,8,8192,256,8,FULL:8,FULL,tp4dp2moetp1ep8,4,2,1,8,False,False,True
engine_dp:0:step:904,engine_core_dp_step,904,0,cb_sim_vllm_like,32000x1000_b16,904,pure_decode,0,8,8,0,8,8,8192,256,8,FULL:8,FULL,tp4dp2moetp1ep8,4,2,1,8,False,False,True
engine_dp:0:step:905,engine_core_dp_step,905,0,cb_sim_vllm_like,32000x1000_b16,905,pure_decode,0,8,8,0,8,8,8192,256,8,FULL:8,FULL,tp4dp2moetp1ep8,4,2,1,8,False,False,True
engine_dp:0:step:906,engine_core_dp_step,906,0,cb_sim_vllm_like,32000x1000_b16,906,pure_decode,0,8,8,0,8,8,8192,256,8,FULL:8,FULL,tp4dp2moetp1ep8,4,2,1,8,False,False,True
engine_dp:0:step:907,engine_core_dp_step,907,0,cb_sim_vllm_like,32000x1000_b16,907,pure_decode,0,8,8,0,8,8,8192,256,8,FULL:8,FULL,tp4dp2moetp1ep8,4,2,1,8,False,False,True
engine_dp:0:step:908,engine_core_dp_step,908,0,cb_sim_vllm_like,32000x1000_b16,908,pure_decode,0,8,8,0,8,8,8192,256,8,FULL:8,FULL,tp4dp2moetp1ep8,4,2,1,8,False,False,True
engine_dp:0:step:909,engine_core_dp_step,909,0,cb_sim_vllm_like,32000x1000_b16,909,pure_decode,0,8,8,0,8,8,8192,256,8,FULL:8,FULL,tp4dp2moetp1ep8,4,2,1,8,False,False,True
engine_dp:0:step:910,engine_core_dp_step,910,0,cb_sim_vllm_like,32000x1000_b16,910,pure_decode,0,8,8,0,8,8,8192,256,8,FULL:8,FULL,tp4dp2moetp1ep8,4,2,1,8,False,False,True
engine_dp:0:step:911,engine_core_dp_step,911,0,cb_sim_vllm_like,32000x1000_b16,911,pure_decode,0,8,8,0,8,8,8192,256,8,FULL:8,FULL,tp4dp2moetp1ep8,4,2,1,8,False,False,True
engine_dp:0:step:912,engine_core_dp_step,912,0,cb_sim_vllm_like,32000x1000_b16,912,pure_decode,0,8,8,0,8,8,8192,256,8,FULL:8,FULL,tp4dp2moetp1ep8,4,2,1,8,False,False,True
engine_dp:0:step:913,engine_core_dp_step,913,0,cb_sim_vllm_like,32000x1000_b16,913,pure_decode,0,8,8,0,8,8,8192,256,8,FULL:8,FULL,tp4dp2moetp1ep8,4,2,1,8,False,False,True
engine_dp:0:step:914,engine_core_dp_step,914,0,cb_sim_vllm_like,32000x1000_b16,914,pure_decode,0,8,8,0,8,8,8192,256,8,FULL:8,FULL,tp4dp2moetp1ep8,4,2,1,8,False,False,True
engine_dp:0:step:915,engine_core_dp_step,915,0,cb_sim_vllm_like,32000x1000_b16,915,pure_decode,0,8,8,0,8,8,8192,256,8,FULL:8,FULL,tp4dp2moetp1ep8,4,2,1,8,False,False,True
engine_dp:0:step:916,engine_core_dp_step,916,0,cb_sim_vllm_like,32000x1000_b16,916,pure_decode,0,8,8,0,8,8,8192,256,8,FULL:8,FULL,tp4dp2moetp1ep8,4,2,1,8,False,False,True
engine_dp:0:step:917,engine_core_dp_step,917,0,cb_sim_vllm_like,32000x1000_b16,917,pure_decode,0,8,8,0,8,8,8192,256,8,FULL:8,FULL,tp4dp2moetp1ep8,4,2,1,8,False,False,True
engine_dp:0:step:918,engine_core_dp_step,918,0,cb_sim_vllm_like,32000x1000_b16,918,pure_decode,0,8,8,0,8,8,8192,256,8,FULL:8,FULL,tp4dp2moetp1ep8,4,2,1,8,False,False,True
engine_dp:0:step:919,engine_core_dp_step,919,0,cb_sim_vllm_like,32000x1000_b16,919,pure_decode,0,8,8,0,8,8,8192,256,8,FULL:8,FULL,tp4dp2moetp1ep8,4,2,1,8,False,False,True
engine_dp:0:step:920,engine_core_dp_step,920,0,cb_sim_vllm_like,32000x1000_b16,920,pure_decode,0,8,8,0,8,8,8192,256,8,FULL:8,FULL,tp4dp2moetp1ep8,4,2,1,8,False,False,True
engine_dp:0:step:921,engine_core_dp_step,921,0,cb_sim_vllm_like,32000x1000_b16,921,pure_decode,0,8,8,0,8,8,8192,256,8,FULL:8,FULL,tp4dp2moetp1ep8,4,2,1,8,False,False,True
engine_dp:0:step:922,engine_core_dp_step,922,0,cb_sim_vllm_like,32000x1000_b16,922,pure_decode,0,8,8,0,8,8,8192,256,8,FULL:8,FULL,tp4dp2moetp1ep8,4,2,1,8,False,False,True
engine_dp:0:step:923,engine_core_dp_step,923,0,cb_sim_vllm_like,32000x1000_b16,923,pure_decode,0,8,8,0,8,8,8192,256,8,FULL:8,FULL,tp4dp2moetp1ep8,4,2,1,8,False,False,True
engine_dp:0:step:924,engine_core_dp_step,924,0,cb_sim_vllm_like,32000x1000_b16,924,pure_decode,0,8,8,0,8,8,8192,256,8,FULL:8,FULL,tp4dp2moetp1ep8,4,2,1,8,False,False,True
engine_dp:0:step:925,engine_core_dp_step,925,0,cb_sim_vllm_like,32000x1000_b16,925,pure_decode,0,8,8,0,8,8,8192,256,8,FULL:8,FULL,tp4dp2moetp1ep8,4,2,1,8,False,False,True
engine_dp:0:step:926,engine_core_dp_step,926,0,cb_sim_vllm_like,32000x1000_b16,926,pure_decode,0,8,8,0,8,8,8192,256,8,FULL:8,FULL,tp4dp2moetp1ep8,4,2,1,8,False,False,True
engine_dp:0:step:927,engine_core_dp_step,927,0,cb_sim_vllm_like,32000x1000_b16,927,pure_decode,0,8,8,0,8,8,8192,256,8,FULL:8,FULL,tp4dp2moetp1ep8,4,2,1,8,False,False,True
engine_dp:0:step:928,engine_core_dp_step,928,0,cb_sim_vllm_like,32000x1000_b16,928,pure_decode,0,8,8,0,8,8,8192,256,8,FULL:8,FULL,tp4dp2moetp1ep8,4,2,1,8,False,False,True
engine_dp:0:step:929,engine_core_dp_step,929,0,cb_sim_vllm_like,32000x1000_b16,929,pure_decode,0,8,8,0,8,8,8192,256,8,FULL:8,FULL,tp4dp2moetp1ep8,4,2,1,8,False,False,True
engine_dp:0:step:930,engine_core_dp_step,930,0,cb_sim_vllm_like,32000x1000_b16,930,pure_decode,0,8,8,0,8,8,8192,256,8,FULL:8,FULL,tp4dp2moetp1ep8,4,2,1,8,False,False,True
engine_dp:0:step:931,engine_core_dp_step,931,0,cb_sim_vllm_like,32000x1000_b16,931,pure_decode,0,8,8,0,8,8,8192,256,8,FULL:8,FULL,tp4dp2moetp1ep8,4,2,1,8,False,False,True
engine_dp:0:step:932,engine_core_dp_step,932,0,cb_sim_vllm_like,32000x1000_b16,932,pure_decode,0,8,8,0,8,8,8192,256,8,FULL:8,FULL,tp4dp2moetp1ep8,4,2,1,8,False,False,True
engine_dp:0:step:933,engine_core_dp_step,933,0,cb_sim_vllm_like,32000x1000_b16,933,pure_decode,0,8,8,0,8,8,8192,256,8,FULL:8,FULL,tp4dp2moetp1ep8,4,2,1,8,False,False,True
engine_dp:0:step:934,engine_core_dp_step,934,0,cb_sim_vllm_like,32000x1000_b16,934,pure_decode,0,8,8,0,8,8,8192,256,8,FULL:8,FULL,tp4dp2moetp1ep8,4,2,1,8,False,False,True
engine_dp:0:step:935,engine_core_dp_step,935,0,cb_sim_vllm_like,32000x1000_b16,935,pure_decode,0,8,8,0,8,8,8192,256,8,FULL:8,FULL,tp4dp2moetp1ep8,4,2,1,8,False,False,True
engine_dp:0:step:936,engine_core_dp_step,936,0,cb_sim_vllm_like,32000x1000_b16,936,pure_decode,0,8,8,0,8,8,8192,256,8,FULL:8,FULL,tp4dp2moetp1ep8,4,2,1,8,False,False,True
engine_dp:0:step:937,engine_core_dp_step,937,0,cb_sim_vllm_like,32000x1000_b16,937,pure_decode,0,8,8,0,8,8,8192,256,8,FULL:8,FULL,tp4dp2moetp1ep8,4,2,1,8,False,False,True
engine_dp:0:step:938,engine_core_dp_step,938,0,cb_sim_vllm_like,32000x1000_b16,938,pure_decode,0,8,8,0,8,8,8192,256,8,FULL:8,FULL,tp4dp2moetp1ep8,4,2,1,8,False,False,True
engine_dp:0:step:939,engine_core_dp_step,939,0,cb_sim_vllm_like,32000x1000_b16,939,pure_decode,0,8,8,0,8,8,8192,256,8,FULL:8,FULL,tp4dp2moetp1ep8,4,2,1,8,False,False,True
engine_dp:0:step:940,engine_core_dp_step,940,0,cb_sim_vllm_like,32000x1000_b16,940,pure_decode,0,8,8,0,8,8,8192,256,8,FULL:8,FULL,tp4dp2moetp1ep8,4,2,1,8,False,False,True
engine_dp:0:step:941,engine_core_dp_step,941,0,cb_sim_vllm_like,32000x1000_b16,941,pure_decode,0,8,8,0,8,8,8192,256,8,FULL:8,FULL,tp4dp2moetp1ep8,4,2,1,8,False,False,True
engine_dp:0:step:942,engine_core_dp_step,942,0,cb_sim_vllm_like,32000x1000_b16,942,pure_decode,0,8,8,0,8,8,8192,256,8,FULL:8,FULL,tp4dp2moetp1ep8,4,2,1,8,False,False,True
engine_dp:0:step:943,engine_core_dp_step,943,0,cb_sim_vllm_like,32000x1000_b16,943,pure_decode,0,8,8,0,8,8,8192,256,8,FULL:8,FULL,tp4dp2moetp1ep8,4,2,1,8,False,False,True
engine_dp:0:step:944,engine_core_dp_step,944,0,cb_sim_vllm_like,32000x1000_b16,944,pure_decode,0,8,8,0,8,8,8192,256,8,FULL:8,FULL,tp4dp2moetp1ep8,4,2,1,8,False,False,True
engine_dp:0:step:945,engine_core_dp_step,945,0,cb_sim_vllm_like,32000x1000_b16,945,pure_decode,0,8,8,0,8,8,8192,256,8,FULL:8,FULL,tp4dp2moetp1ep8,4,2,1,8,False,False,True
engine_dp:0:step:946,engine_core_dp_step,946,0,cb_sim_vllm_like,32000x1000_b16,946,pure_decode,0,8,8,0,8,8,8192,256,8,FULL:8,FULL,tp4dp2moetp1ep8,4,2,1,8,False,False,True
engine_dp:0:step:947,engine_core_dp_step,947,0,cb_sim_vllm_like,32000x1000_b16,947,pure_decode,0,8,8,0,8,8,8192,256,8,FULL:8,FULL,tp4dp2moetp1ep8,4,2,1,8,False,False,True
engine_dp:0:step:948,engine_core_dp_step,948,0,cb_sim_vllm_like,32000x1000_b16,948,pure_decode,0,8,8,0,8,8,8192,256,8,FULL:8,FULL,tp4dp2moetp1ep8,4,2,1,8,False,False,True
engine_dp:0:step:949,engine_core_dp_step,949,0,cb_sim_vllm_like,32000x1000_b16,949,pure_decode,0,8,8,0,8,8,8192,256,8,FULL:8,FULL,tp4dp2moetp1ep8,4,2,1,8,False,False,True
engine_dp:0:step:950,engine_core_dp_step,950,0,cb_sim_vllm_like,32000x1000_b16,950,pure_decode,0,8,8,0,8,8,8192,256,8,FULL:8,FULL,tp4dp2moetp1ep8,4,2,1,8,False,False,True
engine_dp:0:step:951,engine_core_dp_step,951,0,cb_sim_vllm_like,32000x1000_b16,951,pure_decode,0,8,8,0,8,8,8192,256,8,FULL:8,FULL,tp4dp2moetp1ep8,4,2,1,8,False,False,True
engine_dp:0:step:952,engine_core_dp_step,952,0,cb_sim_vllm_like,32000x1000_b16,952,pure_decode,0,8,8,0,8,8,8192,256,8,FULL:8,FULL,tp4dp2moetp1ep8,4,2,1,8,False,False,True
engine_dp:0:step:953,engine_core_dp_step,953,0,cb_sim_vllm_like,32000x1000_b16,953,pure_decode,0,8,8,0,8,8,8192,256,8,FULL:8,FULL,tp4dp2moetp1ep8,4,2,1,8,False,False,True
engine_dp:0:step:954,engine_core_dp_step,954,0,cb_sim_vllm_like,32000x1000_b16,954,pure_decode,0,8,8,0,8,8,8192,256,8,FULL:8,FULL,tp4dp2moetp1ep8,4,2,1,8,False,False,True
engine_dp:0:step:955,engine_core_dp_step,955,0,cb_sim_vllm_like,32000x1000_b16,955,pure_decode,0,8,8,0,8,8,8192,256,8,FULL:8,FULL,tp4dp2moetp1ep8,4,2,1,8,False,False,True
engine_dp:0:step:956,engine_core_dp_step,956,0,cb_sim_vllm_like,32000x1000_b16,956,pure_decode,0,8,8,0,8,8,8192,256,8,FULL:8,FULL,tp4dp2moetp1ep8,4,2,1,8,False,False,True
engine_dp:0:step:957,engine_core_dp_step,957,0,cb_sim_vllm_like,32000x1000_b16,957,pure_decode,0,8,8,0,8,8,8192,256,8,FULL:8,FULL,tp4dp2moetp1ep8,4,2,1,8,False,False,True
engine_dp:0:step:958,engine_core_dp_step,958,0,cb_sim_vllm_like,32000x1000_b16,958,pure_decode,0,8,8,0,8,8,8192,256,8,FULL:8,FULL,tp4dp2moetp1ep8,4,2,1,8,False,False,True
engine_dp:0:step:959,engine_core_dp_step,959,0,cb_sim_vllm_like,32000x1000_b16,959,pure_decode,0,8,8,0,8,8,8192,256,8,FULL:8,FULL,tp4dp2moetp1ep8,4,2,1,8,False,False,True
engine_dp:0:step:960,engine_core_dp_step,960,0,cb_sim_vllm_like,32000x1000_b16,960,pure_decode,0,8,8,0,8,8,8192,256,8,FULL:8,FULL,tp4dp2moetp1ep8,4,2,1,8,False,False,True
engine_dp:0:step:961,engine_core_dp_step,961,0,cb_sim_vllm_like,32000x1000_b16,961,pure_decode,0,8,8,0,8,8,8192,256,8,FULL:8,FULL,tp4dp2moetp1ep8,4,2,1,8,False,False,True
engine_dp:0:step:962,engine_core_dp_step,962,0,cb_sim_vllm_like,32000x1000_b16,962,pure_decode,0,8,8,0,8,8,8192,256,8,FULL:8,FULL,tp4dp2moetp1ep8,4,2,1,8,False,False,True
engine_dp:0:step:963,engine_core_dp_step,963,0,cb_sim_vllm_like,32000x1000_b16,963,pure_decode,0,8,8,0,8,8,8192,256,8,FULL:8,FULL,tp4dp2moetp1ep8,4,2,1,8,False,False,True
engine_dp:0:step:964,engine_core_dp_step,964,0,cb_sim_vllm_like,32000x1000_b16,964,pure_decode,0,8,8,0,8,8,8192,256,8,FULL:8,FULL,tp4dp2moetp1ep8,4,2,1,8,False,False,True
engine_dp:0:step:965,engine_core_dp_step,965,0,cb_sim_vllm_like,32000x1000_b16,965,pure_decode,0,8,8,0,8,8,8192,256,8,FULL:8,FULL,tp4dp2moetp1ep8,4,2,1,8,False,False,True
engine_dp:0:step:966,engine_core_dp_step,966,0,cb_sim_vllm_like,32000x1000_b16,966,pure_decode,0,8,8,0,8,8,8192,256,8,FULL:8,FULL,tp4dp2moetp1ep8,4,2,1,8,False,False,True
engine_dp:0:step:967,engine_core_dp_step,967,0,cb_sim_vllm_like,32000x1000_b16,967,pure_decode,0,8,8,0,8,8,8192,256,8,FULL:8,FULL,tp4dp2moetp1ep8,4,2,1,8,False,False,True
engine_dp:0:step:968,engine_core_dp_step,968,0,cb_sim_vllm_like,32000x1000_b16,968,pure_decode,0,8,8,0,8,8,8192,256,8,FULL:8,FULL,tp4dp2moetp1ep8,4,2,1,8,False,False,True
engine_dp:0:step:969,engine_core_dp_step,969,0,cb_sim_vllm_like,32000x1000_b16,969,pure_decode,0,8,8,0,8,8,8192,256,8,FULL:8,FULL,tp4dp2moetp1ep8,4,2,1,8,False,False,True
engine_dp:0:step:970,engine_core_dp_step,970,0,cb_sim_vllm_like,32000x1000_b16,970,pure_decode,0,8,8,0,8,8,8192,256,8,FULL:8,FULL,tp4dp2moetp1ep8,4,2,1,8,False,False,True
engine_dp:0:step:971,engine_core_dp_step,971,0,cb_sim_vllm_like,32000x1000_b16,971,pure_decode,0,8,8,0,8,8,8192,256,8,FULL:8,FULL,tp4dp2moetp1ep8,4,2,1,8,False,False,True
engine_dp:0:step:972,engine_core_dp_step,972,0,cb_sim_vllm_like,32000x1000_b16,972,pure_decode,0,8,8,0,8,8,8192,256,8,FULL:8,FULL,tp4dp2moetp1ep8,4,2,1,8,False,False,True
engine_dp:0:step:973,engine_core_dp_step,973,0,cb_sim_vllm_like,32000x1000_b16,973,pure_decode,0,8,8,0,8,8,8192,256,8,FULL:8,FULL,tp4dp2moetp1ep8,4,2,1,8,False,False,True
engine_dp:0:step:974,engine_core_dp_step,974,0,cb_sim_vllm_like,32000x1000_b16,974,pure_decode,0,8,8,0,8,8,8192,256,8,FULL:8,FULL,tp4dp2moetp1ep8,4,2,1,8,False,False,True
engine_dp:0:step:975,engine_core_dp_step,975,0,cb_sim_vllm_like,32000x1000_b16,975,pure_decode,0,8,8,0,8,8,8192,256,8,FULL:8,FULL,tp4dp2moetp1ep8,4,2,1,8,False,False,True
engine_dp:0:step:976,engine_core_dp_step,976,0,cb_sim_vllm_like,32000x1000_b16,976,pure_decode,0,8,8,0,8,8,8192,256,8,FULL:8,FULL,tp4dp2moetp1ep8,4,2,1,8,False,False,True
engine_dp:0:step:977,engine_core_dp_step,977,0,cb_sim_vllm_like,32000x1000_b16,977,pure_decode,0,8,8,0,8,8,8192,256,8,FULL:8,FULL,tp4dp2moetp1ep8,4,2,1,8,False,False,True
engine_dp:0:step:978,engine_core_dp_step,978,0,cb_sim_vllm_like,32000x1000_b16,978,pure_decode,0,8,8,0,8,8,8192,256,8,FULL:8,FULL,tp4dp2moetp1ep8,4,2,1,8,False,False,True
engine_dp:0:step:979,engine_core_dp_step,979,0,cb_sim_vllm_like,32000x1000_b16,979,pure_decode,0,8,8,0,8,8,8192,256,8,FULL:8,FULL,tp4dp2moetp1ep8,4,2,1,8,False,False,True
engine_dp:0:step:980,engine_core_dp_step,980,0,cb_sim_vllm_like,32000x1000_b16,980,pure_decode,0,8,8,0,8,8,8192,256,8,FULL:8,FULL,tp4dp2moetp1ep8,4,2,1,8,False,False,True
engine_dp:0:step:981,engine_core_dp_step,981,0,cb_sim_vllm_like,32000x1000_b16,981,pure_decode,0,8,8,0,8,8,8192,256,8,FULL:8,FULL,tp4dp2moetp1ep8,4,2,1,8,False,False,True
engine_dp:0:step:982,engine_core_dp_step,982,0,cb_sim_vllm_like,32000x1000_b16,982,pure_decode,0,8,8,0,8,8,8192,256,8,FULL:8,FULL,tp4dp2moetp1ep8,4,2,1,8,False,False,True
engine_dp:0:step:983,engine_core_dp_step,983,0,cb_sim_vllm_like,32000x1000_b16,983,pure_decode,0,8,8,0,8,8,8192,256,8,FULL:8,FULL,tp4dp2moetp1ep8,4,2,1,8,False,False,True
engine_dp:0:step:984,engine_core_dp_step,984,0,cb_sim_vllm_like,32000x1000_b16,984,pure_decode,0,8,8,0,8,8,8192,256,8,FULL:8,FULL,tp4dp2moetp1ep8,4,2,1,8,False,False,True
engine_dp:0:step:985,engine_core_dp_step,985,0,cb_sim_vllm_like,32000x1000_b16,985,pure_decode,0,8,8,0,8,8,8192,256,8,FULL:8,FULL,tp4dp2moetp1ep8,4,2,1,8,False,False,True
engine_dp:0:step:986,engine_core_dp_step,986,0,cb_sim_vllm_like,32000x1000_b16,986,pure_decode,0,8,8,0,8,8,8192,256,8,FULL:8,FULL,tp4dp2moetp1ep8,4,2,1,8,False,False,True
engine_dp:0:step:987,engine_core_dp_step,987,0,cb_sim_vllm_like,32000x1000_b16,987,pure_decode,0,8,8,0,8,8,8192,256,8,FULL:8,FULL,tp4dp2moetp1ep8,4,2,1,8,False,False,True
engine_dp:0:step:988,engine_core_dp_step,988,0,cb_sim_vllm_like,32000x1000_b16,988,pure_decode,0,8,8,0,8,8,8192,256,8,FULL:8,FULL,tp4dp2moetp1ep8,4,2,1,8,False,False,True
engine_dp:0:step:989,engine_core_dp_step,989,0,cb_sim_vllm_like,32000x1000_b16,989,pure_decode,0,8,8,0,8,8,8192,256,8,FULL:8,FULL,tp4dp2moetp1ep8,4,2,1,8,False,False,True
engine_dp:0:step:990,engine_core_dp_step,990,0,cb_sim_vllm_like,32000x1000_b16,990,pure_decode,0,8,8,0,8,8,8192,256,8,FULL:8,FULL,tp4dp2moetp1ep8,4,2,1,8,False,False,True
engine_dp:0:step:991,engine_core_dp_step,991,0,cb_sim_vllm_like,32000x1000_b16,991,pure_decode,0,8,8,0,8,8,8192,256,8,FULL:8,FULL,tp4dp2moetp1ep8,4,2,1,8,False,False,True
engine_dp:0:step:992,engine_core_dp_step,992,0,cb_sim_vllm_like,32000x1000_b16,992,pure_decode,0,8,8,0,8,8,8192,256,8,FULL:8,FULL,tp4dp2moetp1ep8,4,2,1,8,False,False,True
engine_dp:0:step:993,engine_core_dp_step,993,0,cb_sim_vllm_like,32000x1000_b16,993,pure_decode,0,8,8,0,8,8,8192,256,8,FULL:8,FULL,tp4dp2moetp1ep8,4,2,1,8,False,False,True
engine_dp:0:step:994,engine_core_dp_step,994,0,cb_sim_vllm_like,32000x1000_b16,994,pure_decode,0,8,8,0,8,8,8192,256,8,FULL:8,FULL,tp4dp2moetp1ep8,4,2,1,8,False,False,True
engine_dp:0:step:995,engine_core_dp_step,995,0,cb_sim_vllm_like,32000x1000_b16,995,pure_decode,0,8,8,0,8,8,8192,256,8,FULL:8,FULL,tp4dp2moetp1ep8,4,2,1,8,False,False,True
engine_dp:0:step:996,engine_core_dp_step,996,0,cb_sim_vllm_like,32000x1000_b16,996,pure_decode,0,8,8,0,8,8,8192,256,8,FULL:8,FULL,tp4dp2moetp1ep8,4,2,1,8,False,False,True
engine_dp:0:step:997,engine_core_dp_step,997,0,cb_sim_vllm_like,32000x1000_b16,997,pure_decode,0,8,8,0,8,8,8192,256,8,FULL:8,FULL,tp4dp2moetp1ep8,4,2,1,8,False,False,True
engine_dp:0:step:998,engine_core_dp_step,998,0,cb_sim_vllm_like,32000x1000_b16,998,pure_decode,0,8,8,0,8,8,8192,256,8,FULL:8,FULL,tp4dp2moetp1ep8,4,2,1,8,False,False,True
engine_dp:0:step:999,engine_core_dp_step,999,0,cb_sim_vllm_like,32000x1000_b16,999,pure_decode,0,8,8,0,8,8,8192,256,8,FULL:8,FULL,tp4dp2moetp1ep8,4,2,1,8,False,False,True
engine_dp:0:step:1000,engine_core_dp_step,1000,0,cb_sim_vllm_like,32000x1000_b16,1000,pure_decode,0,8,8,0,8,8,8192,256,8,FULL:8,FULL,tp4dp2moetp1ep8,4,2,1,8,False,False,True
engine_dp:0:step:1001,engine_core_dp_step,1001,0,cb_sim_vllm_like,32000x1000_b16,1001,pure_decode,0,8,8,0,8,8,8192,256,8,FULL:8,FULL,tp4dp2moetp1ep8,4,2,1,8,False,False,True
engine_dp:0:step:1002,engine_core_dp_step,1002,0,cb_sim_vllm_like,32000x1000_b16,1002,pure_decode,0,8,8,0,8,8,8192,256,8,FULL:8,FULL,tp4dp2moetp1ep8,4,2,1,8,False,False,True
engine_dp:1:step:0,engine_core_dp_step,0,1,cb_sim_vllm_like,32000x1000_b16,0,prefill,8192,0,8192,1,0,1,8192,256,8192,NONE:8192,NONE,tp4dp2moetp1ep8,4,2,1,8,False,False,True
engine_dp:1:step:1,engine_core_dp_step,1,1,cb_sim_vllm_like,32000x1000_b16,1,prefill,8192,0,8192,1,0,1,8192,256,8192,NONE:8192,NONE,tp4dp2moetp1ep8,4,2,1,8,False,False,True
engine_dp:1:step:2,engine_core_dp_step,2,1,cb_sim_vllm_like,32000x1000_b16,2,prefill,8192,0,8192,1,0,1,8192,256,8192,NONE:8192,NONE,tp4dp2moetp1ep8,4,2,1,8,False,False,True
engine_dp:1:step:3,engine_core_dp_step,3,1,cb_sim_vllm_like,32000x1000_b16,3,prefill,7536,0,7536,8,0,8,8192,256,7536,NONE:7536,NONE,tp4dp2moetp1ep8,4,2,1,8,False,False,True
engine_dp:1:step:4,engine_core_dp_step,4,1,cb_sim_vllm_like,32000x1000_b16,4,pure_decode,0,8,8,0,8,8,8192,256,8,NONE:8,NONE,tp4dp2moetp1ep8,4,2,1,8,False,False,True
engine_dp:1:step:5,engine_core_dp_step,5,1,cb_sim_vllm_like,32000x1000_b16,5,pure_decode,0,8,8,0,8,8,8192,256,8,FULL:8,FULL,tp4dp2moetp1ep8,4,2,1,8,False,False,True
engine_dp:1:step:6,engine_core_dp_step,6,1,cb_sim_vllm_like,32000x1000_b16,6,pure_decode,0,8,8,0,8,8,8192,256,8,FULL:8,FULL,tp4dp2moetp1ep8,4,2,1,8,False,False,True
engine_dp:1:step:7,engine_core_dp_step,7,1,cb_sim_vllm_like,32000x1000_b16,7,pure_decode,0,8,8,0,8,8,8192,256,8,FULL:8,FULL,tp4dp2moetp1ep8,4,2,1,8,False,False,True
engine_dp:1:step:8,engine_core_dp_step,8,1,cb_sim_vllm_like,32000x1000_b16,8,pure_decode,0,8,8,0,8,8,8192,256,8,FULL:8,FULL,tp4dp2moetp1ep8,4,2,1,8,False,False,True
engine_dp:1:step:9,engine_core_dp_step,9,1,cb_sim_vllm_like,32000x1000_b16,9,pure_decode,0,8,8,0,8,8,8192,256,8,FULL:8,FULL,tp4dp2moetp1ep8,4,2,1,8,False,False,True
engine_dp:1:step:10,engine_core_dp_step,10,1,cb_sim_vllm_like,32000x1000_b16,10,pure_decode,0,8,8,0,8,8,8192,256,8,FULL:8,FULL,tp4dp2moetp1ep8,4,2,1,8,False,False,True
engine_dp:1:step:11,engine_core_dp_step,11,1,cb_sim_vllm_like,32000x1000_b16,11,pure_decode,0,8,8,0,8,8,8192,256,8,FULL:8,FULL,tp4dp2moetp1ep8,4,2,1,8,False,False,True
engine_dp:1:step:12,engine_core_dp_step,12,1,cb_sim_vllm_like,32000x1000_b16,12,pure_decode,0,8,8,0,8,8,8192,256,8,FULL:8,FULL,tp4dp2moetp1ep8,4,2,1,8,False,False,True
engine_dp:1:step:13,engine_core_dp_step,13,1,cb_sim_vllm_like,32000x1000_b16,13,pure_decode,0,8,8,0,8,8,8192,256,8,FULL:8,FULL,tp4dp2moetp1ep8,4,2,1,8,False,False,True
engine_dp:1:step:14,engine_core_dp_step,14,1,cb_sim_vllm_like,32000x1000_b16,14,pure_decode,0,8,8,0,8,8,8192,256,8,FULL:8,FULL,tp4dp2moetp1ep8,4,2,1,8,False,False,True
engine_dp:1:step:15,engine_core_dp_step,15,1,cb_sim_vllm_like,32000x1000_b16,15,pure_decode,0,8,8,0,8,8,8192,256,8,FULL:8,FULL,tp4dp2moetp1ep8,4,2,1,8,False,False,True
engine_dp:1:step:16,engine_core_dp_step,16,1,cb_sim_vllm_like,32000x1000_b16,16,pure_decode,0,8,8,0,8,8,8192,256,8,FULL:8,FULL,tp4dp2moetp1ep8,4,2,1,8,False,False,True
engine_dp:1:step:17,engine_core_dp_step,17,1,cb_sim_vllm_like,32000x1000_b16,17,pure_decode,0,8,8,0,8,8,8192,256,8,FULL:8,FULL,tp4dp2moetp1ep8,4,2,1,8,False,False,True
engine_dp:1:step:18,engine_core_dp_step,18,1,cb_sim_vllm_like,32000x1000_b16,18,pure_decode,0,8,8,0,8,8,8192,256,8,FULL:8,FULL,tp4dp2moetp1ep8,4,2,1,8,False,False,True
engine_dp:1:step:19,engine_core_dp_step,19,1,cb_sim_vllm_like,32000x1000_b16,19,pure_decode,0,8,8,0,8,8,8192,256,8,FULL:8,FULL,tp4dp2moetp1ep8,4,2,1,8,False,False,True
engine_dp:1:step:20,engine_core_dp_step,20,1,cb_sim_vllm_like,32000x1000_b16,20,pure_decode,0,8,8,0,8,8,8192,256,8,FULL:8,FULL,tp4dp2moetp1ep8,4,2,1,8,False,False,True
engine_dp:1:step:21,engine_core_dp_step,21,1,cb_sim_vllm_like,32000x1000_b16,21,pure_decode,0,8,8,0,8,8,8192,256,8,FULL:8,FULL,tp4dp2moetp1ep8,4,2,1,8,False,False,True
engine_dp:1:step:22,engine_core_dp_step,22,1,cb_sim_vllm_like,32000x1000_b16,22,pure_decode,0,8,8,0,8,8,8192,256,8,FULL:8,FULL,tp4dp2moetp1ep8,4,2,1,8,False,False,True
engine_dp:1:step:23,engine_core_dp_step,23,1,cb_sim_vllm_like,32000x1000_b16,23,pure_decode,0,8,8,0,8,8,8192,256,8,FULL:8,FULL,tp4dp2moetp1ep8,4,2,1,8,False,False,True
engine_dp:1:step:24,engine_core_dp_step,24,1,cb_sim_vllm_like,32000x1000_b16,24,pure_decode,0,8,8,0,8,8,8192,256,8,FULL:8,FULL,tp4dp2moetp1ep8,4,2,1,8,False,False,True
engine_dp:1:step:25,engine_core_dp_step,25,1,cb_sim_vllm_like,32000x1000_b16,25,pure_decode,0,8,8,0,8,8,8192,256,8,FULL:8,FULL,tp4dp2moetp1ep8,4,2,1,8,False,False,True
engine_dp:1:step:26,engine_core_dp_step,26,1,cb_sim_vllm_like,32000x1000_b16,26,pure_decode,0,8,8,0,8,8,8192,256,8,FULL:8,FULL,tp4dp2moetp1ep8,4,2,1,8,False,False,True
engine_dp:1:step:27,engine_core_dp_step,27,1,cb_sim_vllm_like,32000x1000_b16,27,pure_decode,0,8,8,0,8,8,8192,256,8,FULL:8,FULL,tp4dp2moetp1ep8,4,2,1,8,False,False,True
engine_dp:1:step:28,engine_core_dp_step,28,1,cb_sim_vllm_like,32000x1000_b16,28,pure_decode,0,8,8,0,8,8,8192,256,8,FULL:8,FULL,tp4dp2moetp1ep8,4,2,1,8,False,False,True
engine_dp:1:step:29,engine_core_dp_step,29,1,cb_sim_vllm_like,32000x1000_b16,29,pure_decode,0,8,8,0,8,8,8192,256,8,FULL:8,FULL,tp4dp2moetp1ep8,4,2,1,8,False,False,True
engine_dp:1:step:30,engine_core_dp_step,30,1,cb_sim_vllm_like,32000x1000_b16,30,pure_decode,0,8,8,0,8,8,8192,256,8,FULL:8,FULL,tp4dp2moetp1ep8,4,2,1,8,False,False,True
engine_dp:1:step:31,engine_core_dp_step,31,1,cb_sim_vllm_like,32000x1000_b16,31,pure_decode,0,8,8,0,8,8,8192,256,8,FULL:8,FULL,tp4dp2moetp1ep8,4,2,1,8,False,False,True
engine_dp:1:step:32,engine_core_dp_step,32,1,cb_sim_vllm_like,32000x1000_b16,32,pure_decode,0,8,8,0,8,8,8192,256,8,FULL:8,FULL,tp4dp2moetp1ep8,4,2,1,8,False,False,True
engine_dp:1:step:33,engine_core_dp_step,33,1,cb_sim_vllm_like,32000x1000_b16,33,pure_decode,0,8,8,0,8,8,8192,256,8,FULL:8,FULL,tp4dp2moetp1ep8,4,2,1,8,False,False,True
engine_dp:1:step:34,engine_core_dp_step,34,1,cb_sim_vllm_like,32000x1000_b16,34,pure_decode,0,8,8,0,8,8,8192,256,8,FULL:8,FULL,tp4dp2moetp1ep8,4,2,1,8,False,False,True
engine_dp:1:step:35,engine_core_dp_step,35,1,cb_sim_vllm_like,32000x1000_b16,35,pure_decode,0,8,8,0,8,8,8192,256,8,FULL:8,FULL,tp4dp2moetp1ep8,4,2,1,8,False,False,True
engine_dp:1:step:36,engine_core_dp_step,36,1,cb_sim_vllm_like,32000x1000_b16,36,pure_decode,0,8,8,0,8,8,8192,256,8,FULL:8,FULL,tp4dp2moetp1ep8,4,2,1,8,False,False,True
engine_dp:1:step:37,engine_core_dp_step,37,1,cb_sim_vllm_like,32000x1000_b16,37,pure_decode,0,8,8,0,8,8,8192,256,8,FULL:8,FULL,tp4dp2moetp1ep8,4,2,1,8,False,False,True
engine_dp:1:step:38,engine_core_dp_step,38,1,cb_sim_vllm_like,32000x1000_b16,38,pure_decode,0,8,8,0,8,8,8192,256,8,FULL:8,FULL,tp4dp2moetp1ep8,4,2,1,8,False,False,True
engine_dp:1:step:39,engine_core_dp_step,39,1,cb_sim_vllm_like,32000x1000_b16,39,pure_decode,0,8,8,0,8,8,8192,256,8,FULL:8,FULL,tp4dp2moetp1ep8,4,2,1,8,False,False,True
engine_dp:1:step:40,engine_core_dp_step,40,1,cb_sim_vllm_like,32000x1000_b16,40,pure_decode,0,8,8,0,8,8,8192,256,8,FULL:8,FULL,tp4dp2moetp1ep8,4,2,1,8,False,False,True
engine_dp:1:step:41,engine_core_dp_step,41,1,cb_sim_vllm_like,32000x1000_b16,41,pure_decode,0,8,8,0,8,8,8192,256,8,FULL:8,FULL,tp4dp2moetp1ep8,4,2,1,8,False,False,True
engine_dp:1:step:42,engine_core_dp_step,42,1,cb_sim_vllm_like,32000x1000_b16,42,pure_decode,0,8,8,0,8,8,8192,256,8,FULL:8,FULL,tp4dp2moetp1ep8,4,2,1,8,False,False,True
engine_dp:1:step:43,engine_core_dp_step,43,1,cb_sim_vllm_like,32000x1000_b16,43,pure_decode,0,8,8,0,8,8,8192,256,8,FULL:8,FULL,tp4dp2moetp1ep8,4,2,1,8,False,False,True
engine_dp:1:step:44,engine_core_dp_step,44,1,cb_sim_vllm_like,32000x1000_b16,44,pure_decode,0,8,8,0,8,8,8192,256,8,FULL:8,FULL,tp4dp2moetp1ep8,4,2,1,8,False,False,True
engine_dp:1:step:45,engine_core_dp_step,45,1,cb_sim_vllm_like,32000x1000_b16,45,pure_decode,0,8,8,0,8,8,8192,256,8,FULL:8,FULL,tp4dp2moetp1ep8,4,2,1,8,False,False,True
engine_dp:1:step:46,engine_core_dp_step,46,1,cb_sim_vllm_like,32000x1000_b16,46,pure_decode,0,8,8,0,8,8,8192,256,8,FULL:8,FULL,tp4dp2moetp1ep8,4,2,1,8,False,False,True
engine_dp:1:step:47,engine_core_dp_step,47,1,cb_sim_vllm_like,32000x1000_b16,47,pure_decode,0,8,8,0,8,8,8192,256,8,FULL:8,FULL,tp4dp2moetp1ep8,4,2,1,8,False,False,True
engine_dp:1:step:48,engine_core_dp_step,48,1,cb_sim_vllm_like,32000x1000_b16,48,pure_decode,0,8,8,0,8,8,8192,256,8,FULL:8,FULL,tp4dp2moetp1ep8,4,2,1,8,False,False,True
engine_dp:1:step:49,engine_core_dp_step,49,1,cb_sim_vllm_like,32000x1000_b16,49,pure_decode,0,8,8,0,8,8,8192,256,8,FULL:8,FULL,tp4dp2moetp1ep8,4,2,1,8,False,False,True
engine_dp:1:step:50,engine_core_dp_step,50,1,cb_sim_vllm_like,32000x1000_b16,50,pure_decode,0,8,8,0,8,8,8192,256,8,FULL:8,FULL,tp4dp2moetp1ep8,4,2,1,8,False,False,True
engine_dp:1:step:51,engine_core_dp_step,51,1,cb_sim_vllm_like,32000x1000_b16,51,pure_decode,0,8,8,0,8,8,8192,256,8,FULL:8,FULL,tp4dp2moetp1ep8,4,2,1,8,False,False,True
engine_dp:1:step:52,engine_core_dp_step,52,1,cb_sim_vllm_like,32000x1000_b16,52,pure_decode,0,8,8,0,8,8,8192,256,8,FULL:8,FULL,tp4dp2moetp1ep8,4,2,1,8,False,False,True
engine_dp:1:step:53,engine_core_dp_step,53,1,cb_sim_vllm_like,32000x1000_b16,53,pure_decode,0,8,8,0,8,8,8192,256,8,FULL:8,FULL,tp4dp2moetp1ep8,4,2,1,8,False,False,True
engine_dp:1:step:54,engine_core_dp_step,54,1,cb_sim_vllm_like,32000x1000_b16,54,pure_decode,0,8,8,0,8,8,8192,256,8,FULL:8,FULL,tp4dp2moetp1ep8,4,2,1,8,False,False,True
engine_dp:1:step:55,engine_core_dp_step,55,1,cb_sim_vllm_like,32000x1000_b16,55,pure_decode,0,8,8,0,8,8,8192,256,8,FULL:8,FULL,tp4dp2moetp1ep8,4,2,1,8,False,False,True
engine_dp:1:step:56,engine_core_dp_step,56,1,cb_sim_vllm_like,32000x1000_b16,56,pure_decode,0,8,8,0,8,8,8192,256,8,FULL:8,FULL,tp4dp2moetp1ep8,4,2,1,8,False,False,True
engine_dp:1:step:57,engine_core_dp_step,57,1,cb_sim_vllm_like,32000x1000_b16,57,pure_decode,0,8,8,0,8,8,8192,256,8,FULL:8,FULL,tp4dp2moetp1ep8,4,2,1,8,False,False,True
engine_dp:1:step:58,engine_core_dp_step,58,1,cb_sim_vllm_like,32000x1000_b16,58,pure_decode,0,8,8,0,8,8,8192,256,8,FULL:8,FULL,tp4dp2moetp1ep8,4,2,1,8,False,False,True
engine_dp:1:step:59,engine_core_dp_step,59,1,cb_sim_vllm_like,32000x1000_b16,59,pure_decode,0,8,8,0,8,8,8192,256,8,FULL:8,FULL,tp4dp2moetp1ep8,4,2,1,8,False,False,True
engine_dp:1:step:60,engine_core_dp_step,60,1,cb_sim_vllm_like,32000x1000_b16,60,pure_decode,0,8,8,0,8,8,8192,256,8,FULL:8,FULL,tp4dp2moetp1ep8,4,2,1,8,False,False,True
engine_dp:1:step:61,engine_core_dp_step,61,1,cb_sim_vllm_like,32000x1000_b16,61,pure_decode,0,8,8,0,8,8,8192,256,8,FULL:8,FULL,tp4dp2moetp1ep8,4,2,1,8,False,False,True
engine_dp:1:step:62,engine_core_dp_step,62,1,cb_sim_vllm_like,32000x1000_b16,62,pure_decode,0,8,8,0,8,8,8192,256,8,FULL:8,FULL,tp4dp2moetp1ep8,4,2,1,8,False,False,True
engine_dp:1:step:63,engine_core_dp_step,63,1,cb_sim_vllm_like,32000x1000_b16,63,pure_decode,0,8,8,0,8,8,8192,256,8,FULL:8,FULL,tp4dp2moetp1ep8,4,2,1,8,False,False,True
engine_dp:1:step:64,engine_core_dp_step,64,1,cb_sim_vllm_like,32000x1000_b16,64,pure_decode,0,8,8,0,8,8,8192,256,8,FULL:8,FULL,tp4dp2moetp1ep8,4,2,1,8,False,False,True
engine_dp:1:step:65,engine_core_dp_step,65,1,cb_sim_vllm_like,32000x1000_b16,65,pure_decode,0,8,8,0,8,8,8192,256,8,FULL:8,FULL,tp4dp2moetp1ep8,4,2,1,8,False,False,True
engine_dp:1:step:66,engine_core_dp_step,66,1,cb_sim_vllm_like,32000x1000_b16,66,pure_decode,0,8,8,0,8,8,8192,256,8,FULL:8,FULL,tp4dp2moetp1ep8,4,2,1,8,False,False,True
engine_dp:1:step:67,engine_core_dp_step,67,1,cb_sim_vllm_like,32000x1000_b16,67,pure_decode,0,8,8,0,8,8,8192,256,8,FULL:8,FULL,tp4dp2moetp1ep8,4,2,1,8,False,False,True
engine_dp:1:step:68,engine_core_dp_step,68,1,cb_sim_vllm_like,32000x1000_b16,68,pure_decode,0,8,8,0,8,8,8192,256,8,FULL:8,FULL,tp4dp2moetp1ep8,4,2,1,8,False,False,True
engine_dp:1:step:69,engine_core_dp_step,69,1,cb_sim_vllm_like,32000x1000_b16,69,pure_decode,0,8,8,0,8,8,8192,256,8,FULL:8,FULL,tp4dp2moetp1ep8,4,2,1,8,False,False,True
engine_dp:1:step:70,engine_core_dp_step,70,1,cb_sim_vllm_like,32000x1000_b16,70,pure_decode,0,8,8,0,8,8,8192,256,8,FULL:8,FULL,tp4dp2moetp1ep8,4,2,1,8,False,False,True
engine_dp:1:step:71,engine_core_dp_step,71,1,cb_sim_vllm_like,32000x1000_b16,71,pure_decode,0,8,8,0,8,8,8192,256,8,FULL:8,FULL,tp4dp2moetp1ep8,4,2,1,8,False,False,True
engine_dp:1:step:72,engine_core_dp_step,72,1,cb_sim_vllm_like,32000x1000_b16,72,pure_decode,0,8,8,0,8,8,8192,256,8,FULL:8,FULL,tp4dp2moetp1ep8,4,2,1,8,False,False,True
engine_dp:1:step:73,engine_core_dp_step,73,1,cb_sim_vllm_like,32000x1000_b16,73,pure_decode,0,8,8,0,8,8,8192,256,8,FULL:8,FULL,tp4dp2moetp1ep8,4,2,1,8,False,False,True
engine_dp:1:step:74,engine_core_dp_step,74,1,cb_sim_vllm_like,32000x1000_b16,74,pure_decode,0,8,8,0,8,8,8192,256,8,FULL:8,FULL,tp4dp2moetp1ep8,4,2,1,8,False,False,True
engine_dp:1:step:75,engine_core_dp_step,75,1,cb_sim_vllm_like,32000x1000_b16,75,pure_decode,0,8,8,0,8,8,8192,256,8,FULL:8,FULL,tp4dp2moetp1ep8,4,2,1,8,False,False,True
engine_dp:1:step:76,engine_core_dp_step,76,1,cb_sim_vllm_like,32000x1000_b16,76,pure_decode,0,8,8,0,8,8,8192,256,8,FULL:8,FULL,tp4dp2moetp1ep8,4,2,1,8,False,False,True
engine_dp:1:step:77,engine_core_dp_step,77,1,cb_sim_vllm_like,32000x1000_b16,77,pure_decode,0,8,8,0,8,8,8192,256,8,FULL:8,FULL,tp4dp2moetp1ep8,4,2,1,8,False,False,True
engine_dp:1:step:78,engine_core_dp_step,78,1,cb_sim_vllm_like,32000x1000_b16,78,pure_decode,0,8,8,0,8,8,8192,256,8,FULL:8,FULL,tp4dp2moetp1ep8,4,2,1,8,False,False,True
engine_dp:1:step:79,engine_core_dp_step,79,1,cb_sim_vllm_like,32000x1000_b16,79,pure_decode,0,8,8,0,8,8,8192,256,8,FULL:8,FULL,tp4dp2moetp1ep8,4,2,1,8,False,False,True
engine_dp:1:step:80,engine_core_dp_step,80,1,cb_sim_vllm_like,32000x1000_b16,80,pure_decode,0,8,8,0,8,8,8192,256,8,FULL:8,FULL,tp4dp2moetp1ep8,4,2,1,8,False,False,True
engine_dp:1:step:81,engine_core_dp_step,81,1,cb_sim_vllm_like,32000x1000_b16,81,pure_decode,0,8,8,0,8,8,8192,256,8,FULL:8,FULL,tp4dp2moetp1ep8,4,2,1,8,False,False,True
engine_dp:1:step:82,engine_core_dp_step,82,1,cb_sim_vllm_like,32000x1000_b16,82,pure_decode,0,8,8,0,8,8,8192,256,8,FULL:8,FULL,tp4dp2moetp1ep8,4,2,1,8,False,False,True
engine_dp:1:step:83,engine_core_dp_step,83,1,cb_sim_vllm_like,32000x1000_b16,83,pure_decode,0,8,8,0,8,8,8192,256,8,FULL:8,FULL,tp4dp2moetp1ep8,4,2,1,8,False,False,True
engine_dp:1:step:84,engine_core_dp_step,84,1,cb_sim_vllm_like,32000x1000_b16,84,pure_decode,0,8,8,0,8,8,8192,256,8,FULL:8,FULL,tp4dp2moetp1ep8,4,2,1,8,False,False,True
engine_dp:1:step:85,engine_core_dp_step,85,1,cb_sim_vllm_like,32000x1000_b16,85,pure_decode,0,8,8,0,8,8,8192,256,8,FULL:8,FULL,tp4dp2moetp1ep8,4,2,1,8,False,False,True
engine_dp:1:step:86,engine_core_dp_step,86,1,cb_sim_vllm_like,32000x1000_b16,86,pure_decode,0,8,8,0,8,8,8192,256,8,FULL:8,FULL,tp4dp2moetp1ep8,4,2,1,8,False,False,True
engine_dp:1:step:87,engine_core_dp_step,87,1,cb_sim_vllm_like,32000x1000_b16,87,pure_decode,0,8,8,0,8,8,8192,256,8,FULL:8,FULL,tp4dp2moetp1ep8,4,2,1,8,False,False,True
engine_dp:1:step:88,engine_core_dp_step,88,1,cb_sim_vllm_like,32000x1000_b16,88,pure_decode,0,8,8,0,8,8,8192,256,8,FULL:8,FULL,tp4dp2moetp1ep8,4,2,1,8,False,False,True
engine_dp:1:step:89,engine_core_dp_step,89,1,cb_sim_vllm_like,32000x1000_b16,89,pure_decode,0,8,8,0,8,8,8192,256,8,FULL:8,FULL,tp4dp2moetp1ep8,4,2,1,8,False,False,True
engine_dp:1:step:90,engine_core_dp_step,90,1,cb_sim_vllm_like,32000x1000_b16,90,pure_decode,0,8,8,0,8,8,8192,256,8,FULL:8,FULL,tp4dp2moetp1ep8,4,2,1,8,False,False,True
engine_dp:1:step:91,engine_core_dp_step,91,1,cb_sim_vllm_like,32000x1000_b16,91,pure_decode,0,8,8,0,8,8,8192,256,8,FULL:8,FULL,tp4dp2moetp1ep8,4,2,1,8,False,False,True
engine_dp:1:step:92,engine_core_dp_step,92,1,cb_sim_vllm_like,32000x1000_b16,92,pure_decode,0,8,8,0,8,8,8192,256,8,FULL:8,FULL,tp4dp2moetp1ep8,4,2,1,8,False,False,True
engine_dp:1:step:93,engine_core_dp_step,93,1,cb_sim_vllm_like,32000x1000_b16,93,pure_decode,0,8,8,0,8,8,8192,256,8,FULL:8,FULL,tp4dp2moetp1ep8,4,2,1,8,False,False,True
engine_dp:1:step:94,engine_core_dp_step,94,1,cb_sim_vllm_like,32000x1000_b16,94,pure_decode,0,8,8,0,8,8,8192,256,8,FULL:8,FULL,tp4dp2moetp1ep8,4,2,1,8,False,False,True
engine_dp:1:step:95,engine_core_dp_step,95,1,cb_sim_vllm_like,32000x1000_b16,95,pure_decode,0,8,8,0,8,8,8192,256,8,FULL:8,FULL,tp4dp2moetp1ep8,4,2,1,8,False,False,True
engine_dp:1:step:96,engine_core_dp_step,96,1,cb_sim_vllm_like,32000x1000_b16,96,pure_decode,0,8,8,0,8,8,8192,256,8,FULL:8,FULL,tp4dp2moetp1ep8,4,2,1,8,False,False,True
engine_dp:1:step:97,engine_core_dp_step,97,1,cb_sim_vllm_like,32000x1000_b16,97,pure_decode,0,8,8,0,8,8,8192,256,8,FULL:8,FULL,tp4dp2moetp1ep8,4,2,1,8,False,False,True
engine_dp:1:step:98,engine_core_dp_step,98,1,cb_sim_vllm_like,32000x1000_b16,98,pure_decode,0,8,8,0,8,8,8192,256,8,FULL:8,FULL,tp4dp2moetp1ep8,4,2,1,8,False,False,True
engine_dp:1:step:99,engine_core_dp_step,99,1,cb_sim_vllm_like,32000x1000_b16,99,pure_decode,0,8,8,0,8,8,8192,256,8,FULL:8,FULL,tp4dp2moetp1ep8,4,2,1,8,False,False,True
engine_dp:1:step:100,engine_core_dp_step,100,1,cb_sim_vllm_like,32000x1000_b16,100,pure_decode,0,8,8,0,8,8,8192,256,8,FULL:8,FULL,tp4dp2moetp1ep8,4,2,1,8,False,False,True
engine_dp:1:step:101,engine_core_dp_step,101,1,cb_sim_vllm_like,32000x1000_b16,101,pure_decode,0,8,8,0,8,8,8192,256,8,FULL:8,FULL,tp4dp2moetp1ep8,4,2,1,8,False,False,True
engine_dp:1:step:102,engine_core_dp_step,102,1,cb_sim_vllm_like,32000x1000_b16,102,pure_decode,0,8,8,0,8,8,8192,256,8,FULL:8,FULL,tp4dp2moetp1ep8,4,2,1,8,False,False,True
engine_dp:1:step:103,engine_core_dp_step,103,1,cb_sim_vllm_like,32000x1000_b16,103,pure_decode,0,8,8,0,8,8,8192,256,8,FULL:8,FULL,tp4dp2moetp1ep8,4,2,1,8,False,False,True
engine_dp:1:step:104,engine_core_dp_step,104,1,cb_sim_vllm_like,32000x1000_b16,104,pure_decode,0,8,8,0,8,8,8192,256,8,FULL:8,FULL,tp4dp2moetp1ep8,4,2,1,8,False,False,True
engine_dp:1:step:105,engine_core_dp_step,105,1,cb_sim_vllm_like,32000x1000_b16,105,pure_decode,0,8,8,0,8,8,8192,256,8,FULL:8,FULL,tp4dp2moetp1ep8,4,2,1,8,False,False,True
engine_dp:1:step:106,engine_core_dp_step,106,1,cb_sim_vllm_like,32000x1000_b16,106,pure_decode,0,8,8,0,8,8,8192,256,8,FULL:8,FULL,tp4dp2moetp1ep8,4,2,1,8,False,False,True
engine_dp:1:step:107,engine_core_dp_step,107,1,cb_sim_vllm_like,32000x1000_b16,107,pure_decode,0,8,8,0,8,8,8192,256,8,FULL:8,FULL,tp4dp2moetp1ep8,4,2,1,8,False,False,True
engine_dp:1:step:108,engine_core_dp_step,108,1,cb_sim_vllm_like,32000x1000_b16,108,pure_decode,0,8,8,0,8,8,8192,256,8,FULL:8,FULL,tp4dp2moetp1ep8,4,2,1,8,False,False,True
engine_dp:1:step:109,engine_core_dp_step,109,1,cb_sim_vllm_like,32000x1000_b16,109,pure_decode,0,8,8,0,8,8,8192,256,8,FULL:8,FULL,tp4dp2moetp1ep8,4,2,1,8,False,False,True
engine_dp:1:step:110,engine_core_dp_step,110,1,cb_sim_vllm_like,32000x1000_b16,110,pure_decode,0,8,8,0,8,8,8192,256,8,FULL:8,FULL,tp4dp2moetp1ep8,4,2,1,8,False,False,True
engine_dp:1:step:111,engine_core_dp_step,111,1,cb_sim_vllm_like,32000x1000_b16,111,pure_decode,0,8,8,0,8,8,8192,256,8,FULL:8,FULL,tp4dp2moetp1ep8,4,2,1,8,False,False,True
engine_dp:1:step:112,engine_core_dp_step,112,1,cb_sim_vllm_like,32000x1000_b16,112,pure_decode,0,8,8,0,8,8,8192,256,8,FULL:8,FULL,tp4dp2moetp1ep8,4,2,1,8,False,False,True
engine_dp:1:step:113,engine_core_dp_step,113,1,cb_sim_vllm_like,32000x1000_b16,113,pure_decode,0,8,8,0,8,8,8192,256,8,FULL:8,FULL,tp4dp2moetp1ep8,4,2,1,8,False,False,True
engine_dp:1:step:114,engine_core_dp_step,114,1,cb_sim_vllm_like,32000x1000_b16,114,pure_decode,0,8,8,0,8,8,8192,256,8,FULL:8,FULL,tp4dp2moetp1ep8,4,2,1,8,False,False,True
engine_dp:1:step:115,engine_core_dp_step,115,1,cb_sim_vllm_like,32000x1000_b16,115,pure_decode,0,8,8,0,8,8,8192,256,8,FULL:8,FULL,tp4dp2moetp1ep8,4,2,1,8,False,False,True
engine_dp:1:step:116,engine_core_dp_step,116,1,cb_sim_vllm_like,32000x1000_b16,116,pure_decode,0,8,8,0,8,8,8192,256,8,FULL:8,FULL,tp4dp2moetp1ep8,4,2,1,8,False,False,True
engine_dp:1:step:117,engine_core_dp_step,117,1,cb_sim_vllm_like,32000x1000_b16,117,pure_decode,0,8,8,0,8,8,8192,256,8,FULL:8,FULL,tp4dp2moetp1ep8,4,2,1,8,False,False,True
engine_dp:1:step:118,engine_core_dp_step,118,1,cb_sim_vllm_like,32000x1000_b16,118,pure_decode,0,8,8,0,8,8,8192,256,8,FULL:8,FULL,tp4dp2moetp1ep8,4,2,1,8,False,False,True
engine_dp:1:step:119,engine_core_dp_step,119,1,cb_sim_vllm_like,32000x1000_b16,119,pure_decode,0,8,8,0,8,8,8192,256,8,FULL:8,FULL,tp4dp2moetp1ep8,4,2,1,8,False,False,True
engine_dp:1:step:120,engine_core_dp_step,120,1,cb_sim_vllm_like,32000x1000_b16,120,pure_decode,0,8,8,0,8,8,8192,256,8,FULL:8,FULL,tp4dp2moetp1ep8,4,2,1,8,False,False,True
engine_dp:1:step:121,engine_core_dp_step,121,1,cb_sim_vllm_like,32000x1000_b16,121,pure_decode,0,8,8,0,8,8,8192,256,8,FULL:8,FULL,tp4dp2moetp1ep8,4,2,1,8,False,False,True
engine_dp:1:step:122,engine_core_dp_step,122,1,cb_sim_vllm_like,32000x1000_b16,122,pure_decode,0,8,8,0,8,8,8192,256,8,FULL:8,FULL,tp4dp2moetp1ep8,4,2,1,8,False,False,True
engine_dp:1:step:123,engine_core_dp_step,123,1,cb_sim_vllm_like,32000x1000_b16,123,pure_decode,0,8,8,0,8,8,8192,256,8,FULL:8,FULL,tp4dp2moetp1ep8,4,2,1,8,False,False,True
engine_dp:1:step:124,engine_core_dp_step,124,1,cb_sim_vllm_like,32000x1000_b16,124,pure_decode,0,8,8,0,8,8,8192,256,8,FULL:8,FULL,tp4dp2moetp1ep8,4,2,1,8,False,False,True
engine_dp:1:step:125,engine_core_dp_step,125,1,cb_sim_vllm_like,32000x1000_b16,125,pure_decode,0,8,8,0,8,8,8192,256,8,FULL:8,FULL,tp4dp2moetp1ep8,4,2,1,8,False,False,True
engine_dp:1:step:126,engine_core_dp_step,126,1,cb_sim_vllm_like,32000x1000_b16,126,pure_decode,0,8,8,0,8,8,8192,256,8,FULL:8,FULL,tp4dp2moetp1ep8,4,2,1,8,False,False,True
engine_dp:1:step:127,engine_core_dp_step,127,1,cb_sim_vllm_like,32000x1000_b16,127,pure_decode,0,8,8,0,8,8,8192,256,8,FULL:8,FULL,tp4dp2moetp1ep8,4,2,1,8,False,False,True
engine_dp:1:step:128,engine_core_dp_step,128,1,cb_sim_vllm_like,32000x1000_b16,128,pure_decode,0,8,8,0,8,8,8192,256,8,FULL:8,FULL,tp4dp2moetp1ep8,4,2,1,8,False,False,True
engine_dp:1:step:129,engine_core_dp_step,129,1,cb_sim_vllm_like,32000x1000_b16,129,pure_decode,0,8,8,0,8,8,8192,256,8,FULL:8,FULL,tp4dp2moetp1ep8,4,2,1,8,False,False,True
engine_dp:1:step:130,engine_core_dp_step,130,1,cb_sim_vllm_like,32000x1000_b16,130,pure_decode,0,8,8,0,8,8,8192,256,8,FULL:8,FULL,tp4dp2moetp1ep8,4,2,1,8,False,False,True
engine_dp:1:step:131,engine_core_dp_step,131,1,cb_sim_vllm_like,32000x1000_b16,131,pure_decode,0,8,8,0,8,8,8192,256,8,FULL:8,FULL,tp4dp2moetp1ep8,4,2,1,8,False,False,True
engine_dp:1:step:132,engine_core_dp_step,132,1,cb_sim_vllm_like,32000x1000_b16,132,pure_decode,0,8,8,0,8,8,8192,256,8,FULL:8,FULL,tp4dp2moetp1ep8,4,2,1,8,False,False,True
engine_dp:1:step:133,engine_core_dp_step,133,1,cb_sim_vllm_like,32000x1000_b16,133,pure_decode,0,8,8,0,8,8,8192,256,8,FULL:8,FULL,tp4dp2moetp1ep8,4,2,1,8,False,False,True
engine_dp:1:step:134,engine_core_dp_step,134,1,cb_sim_vllm_like,32000x1000_b16,134,pure_decode,0,8,8,0,8,8,8192,256,8,FULL:8,FULL,tp4dp2moetp1ep8,4,2,1,8,False,False,True
engine_dp:1:step:135,engine_core_dp_step,135,1,cb_sim_vllm_like,32000x1000_b16,135,pure_decode,0,8,8,0,8,8,8192,256,8,FULL:8,FULL,tp4dp2moetp1ep8,4,2,1,8,False,False,True
engine_dp:1:step:136,engine_core_dp_step,136,1,cb_sim_vllm_like,32000x1000_b16,136,pure_decode,0,8,8,0,8,8,8192,256,8,FULL:8,FULL,tp4dp2moetp1ep8,4,2,1,8,False,False,True
engine_dp:1:step:137,engine_core_dp_step,137,1,cb_sim_vllm_like,32000x1000_b16,137,pure_decode,0,8,8,0,8,8,8192,256,8,FULL:8,FULL,tp4dp2moetp1ep8,4,2,1,8,False,False,True
engine_dp:1:step:138,engine_core_dp_step,138,1,cb_sim_vllm_like,32000x1000_b16,138,pure_decode,0,8,8,0,8,8,8192,256,8,FULL:8,FULL,tp4dp2moetp1ep8,4,2,1,8,False,False,True
engine_dp:1:step:139,engine_core_dp_step,139,1,cb_sim_vllm_like,32000x1000_b16,139,pure_decode,0,8,8,0,8,8,8192,256,8,FULL:8,FULL,tp4dp2moetp1ep8,4,2,1,8,False,False,True
engine_dp:1:step:140,engine_core_dp_step,140,1,cb_sim_vllm_like,32000x1000_b16,140,pure_decode,0,8,8,0,8,8,8192,256,8,FULL:8,FULL,tp4dp2moetp1ep8,4,2,1,8,False,False,True
engine_dp:1:step:141,engine_core_dp_step,141,1,cb_sim_vllm_like,32000x1000_b16,141,pure_decode,0,8,8,0,8,8,8192,256,8,FULL:8,FULL,tp4dp2moetp1ep8,4,2,1,8,False,False,True
engine_dp:1:step:142,engine_core_dp_step,142,1,cb_sim_vllm_like,32000x1000_b16,142,pure_decode,0,8,8,0,8,8,8192,256,8,FULL:8,FULL,tp4dp2moetp1ep8,4,2,1,8,False,False,True
engine_dp:1:step:143,engine_core_dp_step,143,1,cb_sim_vllm_like,32000x1000_b16,143,pure_decode,0,8,8,0,8,8,8192,256,8,FULL:8,FULL,tp4dp2moetp1ep8,4,2,1,8,False,False,True
engine_dp:1:step:144,engine_core_dp_step,144,1,cb_sim_vllm_like,32000x1000_b16,144,pure_decode,0,8,8,0,8,8,8192,256,8,FULL:8,FULL,tp4dp2moetp1ep8,4,2,1,8,False,False,True
engine_dp:1:step:145,engine_core_dp_step,145,1,cb_sim_vllm_like,32000x1000_b16,145,pure_decode,0,8,8,0,8,8,8192,256,8,FULL:8,FULL,tp4dp2moetp1ep8,4,2,1,8,False,False,True
engine_dp:1:step:146,engine_core_dp_step,146,1,cb_sim_vllm_like,32000x1000_b16,146,pure_decode,0,8,8,0,8,8,8192,256,8,FULL:8,FULL,tp4dp2moetp1ep8,4,2,1,8,False,False,True
engine_dp:1:step:147,engine_core_dp_step,147,1,cb_sim_vllm_like,32000x1000_b16,147,pure_decode,0,8,8,0,8,8,8192,256,8,FULL:8,FULL,tp4dp2moetp1ep8,4,2,1,8,False,False,True
engine_dp:1:step:148,engine_core_dp_step,148,1,cb_sim_vllm_like,32000x1000_b16,148,pure_decode,0,8,8,0,8,8,8192,256,8,FULL:8,FULL,tp4dp2moetp1ep8,4,2,1,8,False,False,True
engine_dp:1:step:149,engine_core_dp_step,149,1,cb_sim_vllm_like,32000x1000_b16,149,pure_decode,0,8,8,0,8,8,8192,256,8,FULL:8,FULL,tp4dp2moetp1ep8,4,2,1,8,False,False,True
engine_dp:1:step:150,engine_core_dp_step,150,1,cb_sim_vllm_like,32000x1000_b16,150,pure_decode,0,8,8,0,8,8,8192,256,8,FULL:8,FULL,tp4dp2moetp1ep8,4,2,1,8,False,False,True
engine_dp:1:step:151,engine_core_dp_step,151,1,cb_sim_vllm_like,32000x1000_b16,151,pure_decode,0,8,8,0,8,8,8192,256,8,FULL:8,FULL,tp4dp2moetp1ep8,4,2,1,8,False,False,True
engine_dp:1:step:152,engine_core_dp_step,152,1,cb_sim_vllm_like,32000x1000_b16,152,pure_decode,0,8,8,0,8,8,8192,256,8,FULL:8,FULL,tp4dp2moetp1ep8,4,2,1,8,False,False,True
engine_dp:1:step:153,engine_core_dp_step,153,1,cb_sim_vllm_like,32000x1000_b16,153,pure_decode,0,8,8,0,8,8,8192,256,8,FULL:8,FULL,tp4dp2moetp1ep8,4,2,1,8,False,False,True
engine_dp:1:step:154,engine_core_dp_step,154,1,cb_sim_vllm_like,32000x1000_b16,154,pure_decode,0,8,8,0,8,8,8192,256,8,FULL:8,FULL,tp4dp2moetp1ep8,4,2,1,8,False,False,True
engine_dp:1:step:155,engine_core_dp_step,155,1,cb_sim_vllm_like,32000x1000_b16,155,pure_decode,0,8,8,0,8,8,8192,256,8,FULL:8,FULL,tp4dp2moetp1ep8,4,2,1,8,False,False,True
engine_dp:1:step:156,engine_core_dp_step,156,1,cb_sim_vllm_like,32000x1000_b16,156,pure_decode,0,8,8,0,8,8,8192,256,8,FULL:8,FULL,tp4dp2moetp1ep8,4,2,1,8,False,False,True
engine_dp:1:step:157,engine_core_dp_step,157,1,cb_sim_vllm_like,32000x1000_b16,157,pure_decode,0,8,8,0,8,8,8192,256,8,FULL:8,FULL,tp4dp2moetp1ep8,4,2,1,8,False,False,True
engine_dp:1:step:158,engine_core_dp_step,158,1,cb_sim_vllm_like,32000x1000_b16,158,pure_decode,0,8,8,0,8,8,8192,256,8,FULL:8,FULL,tp4dp2moetp1ep8,4,2,1,8,False,False,True
engine_dp:1:step:159,engine_core_dp_step,159,1,cb_sim_vllm_like,32000x1000_b16,159,pure_decode,0,8,8,0,8,8,8192,256,8,FULL:8,FULL,tp4dp2moetp1ep8,4,2,1,8,False,False,True
engine_dp:1:step:160,engine_core_dp_step,160,1,cb_sim_vllm_like,32000x1000_b16,160,pure_decode,0,8,8,0,8,8,8192,256,8,FULL:8,FULL,tp4dp2moetp1ep8,4,2,1,8,False,False,True
engine_dp:1:step:161,engine_core_dp_step,161,1,cb_sim_vllm_like,32000x1000_b16,161,pure_decode,0,8,8,0,8,8,8192,256,8,FULL:8,FULL,tp4dp2moetp1ep8,4,2,1,8,False,False,True
engine_dp:1:step:162,engine_core_dp_step,162,1,cb_sim_vllm_like,32000x1000_b16,162,pure_decode,0,8,8,0,8,8,8192,256,8,FULL:8,FULL,tp4dp2moetp1ep8,4,2,1,8,False,False,True
engine_dp:1:step:163,engine_core_dp_step,163,1,cb_sim_vllm_like,32000x1000_b16,163,pure_decode,0,8,8,0,8,8,8192,256,8,FULL:8,FULL,tp4dp2moetp1ep8,4,2,1,8,False,False,True
engine_dp:1:step:164,engine_core_dp_step,164,1,cb_sim_vllm_like,32000x1000_b16,164,pure_decode,0,8,8,0,8,8,8192,256,8,FULL:8,FULL,tp4dp2moetp1ep8,4,2,1,8,False,False,True
engine_dp:1:step:165,engine_core_dp_step,165,1,cb_sim_vllm_like,32000x1000_b16,165,pure_decode,0,8,8,0,8,8,8192,256,8,FULL:8,FULL,tp4dp2moetp1ep8,4,2,1,8,False,False,True
engine_dp:1:step:166,engine_core_dp_step,166,1,cb_sim_vllm_like,32000x1000_b16,166,pure_decode,0,8,8,0,8,8,8192,256,8,FULL:8,FULL,tp4dp2moetp1ep8,4,2,1,8,False,False,True
engine_dp:1:step:167,engine_core_dp_step,167,1,cb_sim_vllm_like,32000x1000_b16,167,pure_decode,0,8,8,0,8,8,8192,256,8,FULL:8,FULL,tp4dp2moetp1ep8,4,2,1,8,False,False,True
engine_dp:1:step:168,engine_core_dp_step,168,1,cb_sim_vllm_like,32000x1000_b16,168,pure_decode,0,8,8,0,8,8,8192,256,8,FULL:8,FULL,tp4dp2moetp1ep8,4,2,1,8,False,False,True
engine_dp:1:step:169,engine_core_dp_step,169,1,cb_sim_vllm_like,32000x1000_b16,169,pure_decode,0,8,8,0,8,8,8192,256,8,FULL:8,FULL,tp4dp2moetp1ep8,4,2,1,8,False,False,True
engine_dp:1:step:170,engine_core_dp_step,170,1,cb_sim_vllm_like,32000x1000_b16,170,pure_decode,0,8,8,0,8,8,8192,256,8,FULL:8,FULL,tp4dp2moetp1ep8,4,2,1,8,False,False,True
engine_dp:1:step:171,engine_core_dp_step,171,1,cb_sim_vllm_like,32000x1000_b16,171,pure_decode,0,8,8,0,8,8,8192,256,8,FULL:8,FULL,tp4dp2moetp1ep8,4,2,1,8,False,False,True
engine_dp:1:step:172,engine_core_dp_step,172,1,cb_sim_vllm_like,32000x1000_b16,172,pure_decode,0,8,8,0,8,8,8192,256,8,FULL:8,FULL,tp4dp2moetp1ep8,4,2,1,8,False,False,True
engine_dp:1:step:173,engine_core_dp_step,173,1,cb_sim_vllm_like,32000x1000_b16,173,pure_decode,0,8,8,0,8,8,8192,256,8,FULL:8,FULL,tp4dp2moetp1ep8,4,2,1,8,False,False,True
engine_dp:1:step:174,engine_core_dp_step,174,1,cb_sim_vllm_like,32000x1000_b16,174,pure_decode,0,8,8,0,8,8,8192,256,8,FULL:8,FULL,tp4dp2moetp1ep8,4,2,1,8,False,False,True
engine_dp:1:step:175,engine_core_dp_step,175,1,cb_sim_vllm_like,32000x1000_b16,175,pure_decode,0,8,8,0,8,8,8192,256,8,FULL:8,FULL,tp4dp2moetp1ep8,4,2,1,8,False,False,True
engine_dp:1:step:176,engine_core_dp_step,176,1,cb_sim_vllm_like,32000x1000_b16,176,pure_decode,0,8,8,0,8,8,8192,256,8,FULL:8,FULL,tp4dp2moetp1ep8,4,2,1,8,False,False,True
engine_dp:1:step:177,engine_core_dp_step,177,1,cb_sim_vllm_like,32000x1000_b16,177,pure_decode,0,8,8,0,8,8,8192,256,8,FULL:8,FULL,tp4dp2moetp1ep8,4,2,1,8,False,False,True
engine_dp:1:step:178,engine_core_dp_step,178,1,cb_sim_vllm_like,32000x1000_b16,178,pure_decode,0,8,8,0,8,8,8192,256,8,FULL:8,FULL,tp4dp2moetp1ep8,4,2,1,8,False,False,True
engine_dp:1:step:179,engine_core_dp_step,179,1,cb_sim_vllm_like,32000x1000_b16,179,pure_decode,0,8,8,0,8,8,8192,256,8,FULL:8,FULL,tp4dp2moetp1ep8,4,2,1,8,False,False,True
engine_dp:1:step:180,engine_core_dp_step,180,1,cb_sim_vllm_like,32000x1000_b16,180,pure_decode,0,8,8,0,8,8,8192,256,8,FULL:8,FULL,tp4dp2moetp1ep8,4,2,1,8,False,False,True
engine_dp:1:step:181,engine_core_dp_step,181,1,cb_sim_vllm_like,32000x1000_b16,181,pure_decode,0,8,8,0,8,8,8192,256,8,FULL:8,FULL,tp4dp2moetp1ep8,4,2,1,8,False,False,True
engine_dp:1:step:182,engine_core_dp_step,182,1,cb_sim_vllm_like,32000x1000_b16,182,pure_decode,0,8,8,0,8,8,8192,256,8,FULL:8,FULL,tp4dp2moetp1ep8,4,2,1,8,False,False,True
engine_dp:1:step:183,engine_core_dp_step,183,1,cb_sim_vllm_like,32000x1000_b16,183,pure_decode,0,8,8,0,8,8,8192,256,8,FULL:8,FULL,tp4dp2moetp1ep8,4,2,1,8,False,False,True
engine_dp:1:step:184,engine_core_dp_step,184,1,cb_sim_vllm_like,32000x1000_b16,184,pure_decode,0,8,8,0,8,8,8192,256,8,FULL:8,FULL,tp4dp2moetp1ep8,4,2,1,8,False,False,True
engine_dp:1:step:185,engine_core_dp_step,185,1,cb_sim_vllm_like,32000x1000_b16,185,pure_decode,0,8,8,0,8,8,8192,256,8,FULL:8,FULL,tp4dp2moetp1ep8,4,2,1,8,False,False,True
engine_dp:1:step:186,engine_core_dp_step,186,1,cb_sim_vllm_like,32000x1000_b16,186,pure_decode,0,8,8,0,8,8,8192,256,8,FULL:8,FULL,tp4dp2moetp1ep8,4,2,1,8,False,False,True
engine_dp:1:step:187,engine_core_dp_step,187,1,cb_sim_vllm_like,32000x1000_b16,187,pure_decode,0,8,8,0,8,8,8192,256,8,FULL:8,FULL,tp4dp2moetp1ep8,4,2,1,8,False,False,True
engine_dp:1:step:188,engine_core_dp_step,188,1,cb_sim_vllm_like,32000x1000_b16,188,pure_decode,0,8,8,0,8,8,8192,256,8,FULL:8,FULL,tp4dp2moetp1ep8,4,2,1,8,False,False,True
engine_dp:1:step:189,engine_core_dp_step,189,1,cb_sim_vllm_like,32000x1000_b16,189,pure_decode,0,8,8,0,8,8,8192,256,8,FULL:8,FULL,tp4dp2moetp1ep8,4,2,1,8,False,False,True
engine_dp:1:step:190,engine_core_dp_step,190,1,cb_sim_vllm_like,32000x1000_b16,190,pure_decode,0,8,8,0,8,8,8192,256,8,FULL:8,FULL,tp4dp2moetp1ep8,4,2,1,8,False,False,True
engine_dp:1:step:191,engine_core_dp_step,191,1,cb_sim_vllm_like,32000x1000_b16,191,pure_decode,0,8,8,0,8,8,8192,256,8,FULL:8,FULL,tp4dp2moetp1ep8,4,2,1,8,False,False,True
engine_dp:1:step:192,engine_core_dp_step,192,1,cb_sim_vllm_like,32000x1000_b16,192,pure_decode,0,8,8,0,8,8,8192,256,8,FULL:8,FULL,tp4dp2moetp1ep8,4,2,1,8,False,False,True
engine_dp:1:step:193,engine_core_dp_step,193,1,cb_sim_vllm_like,32000x1000_b16,193,pure_decode,0,8,8,0,8,8,8192,256,8,FULL:8,FULL,tp4dp2moetp1ep8,4,2,1,8,False,False,True
engine_dp:1:step:194,engine_core_dp_step,194,1,cb_sim_vllm_like,32000x1000_b16,194,pure_decode,0,8,8,0,8,8,8192,256,8,FULL:8,FULL,tp4dp2moetp1ep8,4,2,1,8,False,False,True
engine_dp:1:step:195,engine_core_dp_step,195,1,cb_sim_vllm_like,32000x1000_b16,195,pure_decode,0,8,8,0,8,8,8192,256,8,FULL:8,FULL,tp4dp2moetp1ep8,4,2,1,8,False,False,True
engine_dp:1:step:196,engine_core_dp_step,196,1,cb_sim_vllm_like,32000x1000_b16,196,pure_decode,0,8,8,0,8,8,8192,256,8,FULL:8,FULL,tp4dp2moetp1ep8,4,2,1,8,False,False,True
engine_dp:1:step:197,engine_core_dp_step,197,1,cb_sim_vllm_like,32000x1000_b16,197,pure_decode,0,8,8,0,8,8,8192,256,8,FULL:8,FULL,tp4dp2moetp1ep8,4,2,1,8,False,False,True
engine_dp:1:step:198,engine_core_dp_step,198,1,cb_sim_vllm_like,32000x1000_b16,198,pure_decode,0,8,8,0,8,8,8192,256,8,FULL:8,FULL,tp4dp2moetp1ep8,4,2,1,8,False,False,True
engine_dp:1:step:199,engine_core_dp_step,199,1,cb_sim_vllm_like,32000x1000_b16,199,pure_decode,0,8,8,0,8,8,8192,256,8,FULL:8,FULL,tp4dp2moetp1ep8,4,2,1,8,False,False,True
engine_dp:1:step:200,engine_core_dp_step,200,1,cb_sim_vllm_like,32000x1000_b16,200,pure_decode,0,8,8,0,8,8,8192,256,8,FULL:8,FULL,tp4dp2moetp1ep8,4,2,1,8,False,False,True
engine_dp:1:step:201,engine_core_dp_step,201,1,cb_sim_vllm_like,32000x1000_b16,201,pure_decode,0,8,8,0,8,8,8192,256,8,FULL:8,FULL,tp4dp2moetp1ep8,4,2,1,8,False,False,True
engine_dp:1:step:202,engine_core_dp_step,202,1,cb_sim_vllm_like,32000x1000_b16,202,pure_decode,0,8,8,0,8,8,8192,256,8,FULL:8,FULL,tp4dp2moetp1ep8,4,2,1,8,False,False,True
engine_dp:1:step:203,engine_core_dp_step,203,1,cb_sim_vllm_like,32000x1000_b16,203,pure_decode,0,8,8,0,8,8,8192,256,8,FULL:8,FULL,tp4dp2moetp1ep8,4,2,1,8,False,False,True
engine_dp:1:step:204,engine_core_dp_step,204,1,cb_sim_vllm_like,32000x1000_b16,204,pure_decode,0,8,8,0,8,8,8192,256,8,FULL:8,FULL,tp4dp2moetp1ep8,4,2,1,8,False,False,True
engine_dp:1:step:205,engine_core_dp_step,205,1,cb_sim_vllm_like,32000x1000_b16,205,pure_decode,0,8,8,0,8,8,8192,256,8,FULL:8,FULL,tp4dp2moetp1ep8,4,2,1,8,False,False,True
engine_dp:1:step:206,engine_core_dp_step,206,1,cb_sim_vllm_like,32000x1000_b16,206,pure_decode,0,8,8,0,8,8,8192,256,8,FULL:8,FULL,tp4dp2moetp1ep8,4,2,1,8,False,False,True
engine_dp:1:step:207,engine_core_dp_step,207,1,cb_sim_vllm_like,32000x1000_b16,207,pure_decode,0,8,8,0,8,8,8192,256,8,FULL:8,FULL,tp4dp2moetp1ep8,4,2,1,8,False,False,True
engine_dp:1:step:208,engine_core_dp_step,208,1,cb_sim_vllm_like,32000x1000_b16,208,pure_decode,0,8,8,0,8,8,8192,256,8,FULL:8,FULL,tp4dp2moetp1ep8,4,2,1,8,False,False,True
engine_dp:1:step:209,engine_core_dp_step,209,1,cb_sim_vllm_like,32000x1000_b16,209,pure_decode,0,8,8,0,8,8,8192,256,8,FULL:8,FULL,tp4dp2moetp1ep8,4,2,1,8,False,False,True
engine_dp:1:step:210,engine_core_dp_step,210,1,cb_sim_vllm_like,32000x1000_b16,210,pure_decode,0,8,8,0,8,8,8192,256,8,FULL:8,FULL,tp4dp2moetp1ep8,4,2,1,8,False,False,True
engine_dp:1:step:211,engine_core_dp_step,211,1,cb_sim_vllm_like,32000x1000_b16,211,pure_decode,0,8,8,0,8,8,8192,256,8,FULL:8,FULL,tp4dp2moetp1ep8,4,2,1,8,False,False,True
engine_dp:1:step:212,engine_core_dp_step,212,1,cb_sim_vllm_like,32000x1000_b16,212,pure_decode,0,8,8,0,8,8,8192,256,8,FULL:8,FULL,tp4dp2moetp1ep8,4,2,1,8,False,False,True
engine_dp:1:step:213,engine_core_dp_step,213,1,cb_sim_vllm_like,32000x1000_b16,213,pure_decode,0,8,8,0,8,8,8192,256,8,FULL:8,FULL,tp4dp2moetp1ep8,4,2,1,8,False,False,True
engine_dp:1:step:214,engine_core_dp_step,214,1,cb_sim_vllm_like,32000x1000_b16,214,pure_decode,0,8,8,0,8,8,8192,256,8,FULL:8,FULL,tp4dp2moetp1ep8,4,2,1,8,False,False,True
engine_dp:1:step:215,engine_core_dp_step,215,1,cb_sim_vllm_like,32000x1000_b16,215,pure_decode,0,8,8,0,8,8,8192,256,8,FULL:8,FULL,tp4dp2moetp1ep8,4,2,1,8,False,False,True
engine_dp:1:step:216,engine_core_dp_step,216,1,cb_sim_vllm_like,32000x1000_b16,216,pure_decode,0,8,8,0,8,8,8192,256,8,FULL:8,FULL,tp4dp2moetp1ep8,4,2,1,8,False,False,True
engine_dp:1:step:217,engine_core_dp_step,217,1,cb_sim_vllm_like,32000x1000_b16,217,pure_decode,0,8,8,0,8,8,8192,256,8,FULL:8,FULL,tp4dp2moetp1ep8,4,2,1,8,False,False,True
engine_dp:1:step:218,engine_core_dp_step,218,1,cb_sim_vllm_like,32000x1000_b16,218,pure_decode,0,8,8,0,8,8,8192,256,8,FULL:8,FULL,tp4dp2moetp1ep8,4,2,1,8,False,False,True
engine_dp:1:step:219,engine_core_dp_step,219,1,cb_sim_vllm_like,32000x1000_b16,219,pure_decode,0,8,8,0,8,8,8192,256,8,FULL:8,FULL,tp4dp2moetp1ep8,4,2,1,8,False,False,True
engine_dp:1:step:220,engine_core_dp_step,220,1,cb_sim_vllm_like,32000x1000_b16,220,pure_decode,0,8,8,0,8,8,8192,256,8,FULL:8,FULL,tp4dp2moetp1ep8,4,2,1,8,False,False,True
engine_dp:1:step:221,engine_core_dp_step,221,1,cb_sim_vllm_like,32000x1000_b16,221,pure_decode,0,8,8,0,8,8,8192,256,8,FULL:8,FULL,tp4dp2moetp1ep8,4,2,1,8,False,False,True
engine_dp:1:step:222,engine_core_dp_step,222,1,cb_sim_vllm_like,32000x1000_b16,222,pure_decode,0,8,8,0,8,8,8192,256,8,FULL:8,FULL,tp4dp2moetp1ep8,4,2,1,8,False,False,True
engine_dp:1:step:223,engine_core_dp_step,223,1,cb_sim_vllm_like,32000x1000_b16,223,pure_decode,0,8,8,0,8,8,8192,256,8,FULL:8,FULL,tp4dp2moetp1ep8,4,2,1,8,False,False,True
engine_dp:1:step:224,engine_core_dp_step,224,1,cb_sim_vllm_like,32000x1000_b16,224,pure_decode,0,8,8,0,8,8,8192,256,8,FULL:8,FULL,tp4dp2moetp1ep8,4,2,1,8,False,False,True
engine_dp:1:step:225,engine_core_dp_step,225,1,cb_sim_vllm_like,32000x1000_b16,225,pure_decode,0,8,8,0,8,8,8192,256,8,FULL:8,FULL,tp4dp2moetp1ep8,4,2,1,8,False,False,True
engine_dp:1:step:226,engine_core_dp_step,226,1,cb_sim_vllm_like,32000x1000_b16,226,pure_decode,0,8,8,0,8,8,8192,256,8,FULL:8,FULL,tp4dp2moetp1ep8,4,2,1,8,False,False,True
engine_dp:1:step:227,engine_core_dp_step,227,1,cb_sim_vllm_like,32000x1000_b16,227,pure_decode,0,8,8,0,8,8,8192,256,8,FULL:8,FULL,tp4dp2moetp1ep8,4,2,1,8,False,False,True
engine_dp:1:step:228,engine_core_dp_step,228,1,cb_sim_vllm_like,32000x1000_b16,228,pure_decode,0,8,8,0,8,8,8192,256,8,FULL:8,FULL,tp4dp2moetp1ep8,4,2,1,8,False,False,True
engine_dp:1:step:229,engine_core_dp_step,229,1,cb_sim_vllm_like,32000x1000_b16,229,pure_decode,0,8,8,0,8,8,8192,256,8,FULL:8,FULL,tp4dp2moetp1ep8,4,2,1,8,False,False,True
engine_dp:1:step:230,engine_core_dp_step,230,1,cb_sim_vllm_like,32000x1000_b16,230,pure_decode,0,8,8,0,8,8,8192,256,8,FULL:8,FULL,tp4dp2moetp1ep8,4,2,1,8,False,False,True
engine_dp:1:step:231,engine_core_dp_step,231,1,cb_sim_vllm_like,32000x1000_b16,231,pure_decode,0,8,8,0,8,8,8192,256,8,FULL:8,FULL,tp4dp2moetp1ep8,4,2,1,8,False,False,True
engine_dp:1:step:232,engine_core_dp_step,232,1,cb_sim_vllm_like,32000x1000_b16,232,pure_decode,0,8,8,0,8,8,8192,256,8,FULL:8,FULL,tp4dp2moetp1ep8,4,2,1,8,False,False,True
engine_dp:1:step:233,engine_core_dp_step,233,1,cb_sim_vllm_like,32000x1000_b16,233,pure_decode,0,8,8,0,8,8,8192,256,8,FULL:8,FULL,tp4dp2moetp1ep8,4,2,1,8,False,False,True
engine_dp:1:step:234,engine_core_dp_step,234,1,cb_sim_vllm_like,32000x1000_b16,234,pure_decode,0,8,8,0,8,8,8192,256,8,FULL:8,FULL,tp4dp2moetp1ep8,4,2,1,8,False,False,True
engine_dp:1:step:235,engine_core_dp_step,235,1,cb_sim_vllm_like,32000x1000_b16,235,pure_decode,0,8,8,0,8,8,8192,256,8,FULL:8,FULL,tp4dp2moetp1ep8,4,2,1,8,False,False,True
engine_dp:1:step:236,engine_core_dp_step,236,1,cb_sim_vllm_like,32000x1000_b16,236,pure_decode,0,8,8,0,8,8,8192,256,8,FULL:8,FULL,tp4dp2moetp1ep8,4,2,1,8,False,False,True
engine_dp:1:step:237,engine_core_dp_step,237,1,cb_sim_vllm_like,32000x1000_b16,237,pure_decode,0,8,8,0,8,8,8192,256,8,FULL:8,FULL,tp4dp2moetp1ep8,4,2,1,8,False,False,True
engine_dp:1:step:238,engine_core_dp_step,238,1,cb_sim_vllm_like,32000x1000_b16,238,pure_decode,0,8,8,0,8,8,8192,256,8,FULL:8,FULL,tp4dp2moetp1ep8,4,2,1,8,False,False,True
engine_dp:1:step:239,engine_core_dp_step,239,1,cb_sim_vllm_like,32000x1000_b16,239,pure_decode,0,8,8,0,8,8,8192,256,8,FULL:8,FULL,tp4dp2moetp1ep8,4,2,1,8,False,False,True
engine_dp:1:step:240,engine_core_dp_step,240,1,cb_sim_vllm_like,32000x1000_b16,240,pure_decode,0,8,8,0,8,8,8192,256,8,FULL:8,FULL,tp4dp2moetp1ep8,4,2,1,8,False,False,True
engine_dp:1:step:241,engine_core_dp_step,241,1,cb_sim_vllm_like,32000x1000_b16,241,pure_decode,0,8,8,0,8,8,8192,256,8,FULL:8,FULL,tp4dp2moetp1ep8,4,2,1,8,False,False,True
engine_dp:1:step:242,engine_core_dp_step,242,1,cb_sim_vllm_like,32000x1000_b16,242,pure_decode,0,8,8,0,8,8,8192,256,8,FULL:8,FULL,tp4dp2moetp1ep8,4,2,1,8,False,False,True
engine_dp:1:step:243,engine_core_dp_step,243,1,cb_sim_vllm_like,32000x1000_b16,243,pure_decode,0,8,8,0,8,8,8192,256,8,FULL:8,FULL,tp4dp2moetp1ep8,4,2,1,8,False,False,True
engine_dp:1:step:244,engine_core_dp_step,244,1,cb_sim_vllm_like,32000x1000_b16,244,pure_decode,0,8,8,0,8,8,8192,256,8,FULL:8,FULL,tp4dp2moetp1ep8,4,2,1,8,False,False,True
engine_dp:1:step:245,engine_core_dp_step,245,1,cb_sim_vllm_like,32000x1000_b16,245,pure_decode,0,8,8,0,8,8,8192,256,8,FULL:8,FULL,tp4dp2moetp1ep8,4,2,1,8,False,False,True
engine_dp:1:step:246,engine_core_dp_step,246,1,cb_sim_vllm_like,32000x1000_b16,246,pure_decode,0,8,8,0,8,8,8192,256,8,FULL:8,FULL,tp4dp2moetp1ep8,4,2,1,8,False,False,True
engine_dp:1:step:247,engine_core_dp_step,247,1,cb_sim_vllm_like,32000x1000_b16,247,pure_decode,0,8,8,0,8,8,8192,256,8,FULL:8,FULL,tp4dp2moetp1ep8,4,2,1,8,False,False,True
engine_dp:1:step:248,engine_core_dp_step,248,1,cb_sim_vllm_like,32000x1000_b16,248,pure_decode,0,8,8,0,8,8,8192,256,8,FULL:8,FULL,tp4dp2moetp1ep8,4,2,1,8,False,False,True
engine_dp:1:step:249,engine_core_dp_step,249,1,cb_sim_vllm_like,32000x1000_b16,249,pure_decode,0,8,8,0,8,8,8192,256,8,FULL:8,FULL,tp4dp2moetp1ep8,4,2,1,8,False,False,True
engine_dp:1:step:250,engine_core_dp_step,250,1,cb_sim_vllm_like,32000x1000_b16,250,pure_decode,0,8,8,0,8,8,8192,256,8,FULL:8,FULL,tp4dp2moetp1ep8,4,2,1,8,False,False,True
engine_dp:1:step:251,engine_core_dp_step,251,1,cb_sim_vllm_like,32000x1000_b16,251,pure_decode,0,8,8,0,8,8,8192,256,8,FULL:8,FULL,tp4dp2moetp1ep8,4,2,1,8,False,False,True
engine_dp:1:step:252,engine_core_dp_step,252,1,cb_sim_vllm_like,32000x1000_b16,252,pure_decode,0,8,8,0,8,8,8192,256,8,FULL:8,FULL,tp4dp2moetp1ep8,4,2,1,8,False,False,True
engine_dp:1:step:253,engine_core_dp_step,253,1,cb_sim_vllm_like,32000x1000_b16,253,pure_decode,0,8,8,0,8,8,8192,256,8,FULL:8,FULL,tp4dp2moetp1ep8,4,2,1,8,False,False,True
engine_dp:1:step:254,engine_core_dp_step,254,1,cb_sim_vllm_like,32000x1000_b16,254,pure_decode,0,8,8,0,8,8,8192,256,8,FULL:8,FULL,tp4dp2moetp1ep8,4,2,1,8,False,False,True
engine_dp:1:step:255,engine_core_dp_step,255,1,cb_sim_vllm_like,32000x1000_b16,255,pure_decode,0,8,8,0,8,8,8192,256,8,FULL:8,FULL,tp4dp2moetp1ep8,4,2,1,8,False,False,True
engine_dp:1:step:256,engine_core_dp_step,256,1,cb_sim_vllm_like,32000x1000_b16,256,pure_decode,0,8,8,0,8,8,8192,256,8,FULL:8,FULL,tp4dp2moetp1ep8,4,2,1,8,False,False,True
engine_dp:1:step:257,engine_core_dp_step,257,1,cb_sim_vllm_like,32000x1000_b16,257,pure_decode,0,8,8,0,8,8,8192,256,8,FULL:8,FULL,tp4dp2moetp1ep8,4,2,1,8,False,False,True
engine_dp:1:step:258,engine_core_dp_step,258,1,cb_sim_vllm_like,32000x1000_b16,258,pure_decode,0,8,8,0,8,8,8192,256,8,FULL:8,FULL,tp4dp2moetp1ep8,4,2,1,8,False,False,True
engine_dp:1:step:259,engine_core_dp_step,259,1,cb_sim_vllm_like,32000x1000_b16,259,pure_decode,0,8,8,0,8,8,8192,256,8,FULL:8,FULL,tp4dp2moetp1ep8,4,2,1,8,False,False,True
engine_dp:1:step:260,engine_core_dp_step,260,1,cb_sim_vllm_like,32000x1000_b16,260,pure_decode,0,8,8,0,8,8,8192,256,8,FULL:8,FULL,tp4dp2moetp1ep8,4,2,1,8,False,False,True
engine_dp:1:step:261,engine_core_dp_step,261,1,cb_sim_vllm_like,32000x1000_b16,261,pure_decode,0,8,8,0,8,8,8192,256,8,FULL:8,FULL,tp4dp2moetp1ep8,4,2,1,8,False,False,True
engine_dp:1:step:262,engine_core_dp_step,262,1,cb_sim_vllm_like,32000x1000_b16,262,pure_decode,0,8,8,0,8,8,8192,256,8,FULL:8,FULL,tp4dp2moetp1ep8,4,2,1,8,False,False,True
engine_dp:1:step:263,engine_core_dp_step,263,1,cb_sim_vllm_like,32000x1000_b16,263,pure_decode,0,8,8,0,8,8,8192,256,8,FULL:8,FULL,tp4dp2moetp1ep8,4,2,1,8,False,False,True
engine_dp:1:step:264,engine_core_dp_step,264,1,cb_sim_vllm_like,32000x1000_b16,264,pure_decode,0,8,8,0,8,8,8192,256,8,FULL:8,FULL,tp4dp2moetp1ep8,4,2,1,8,False,False,True
engine_dp:1:step:265,engine_core_dp_step,265,1,cb_sim_vllm_like,32000x1000_b16,265,pure_decode,0,8,8,0,8,8,8192,256,8,FULL:8,FULL,tp4dp2moetp1ep8,4,2,1,8,False,False,True
engine_dp:1:step:266,engine_core_dp_step,266,1,cb_sim_vllm_like,32000x1000_b16,266,pure_decode,0,8,8,0,8,8,8192,256,8,FULL:8,FULL,tp4dp2moetp1ep8,4,2,1,8,False,False,True
engine_dp:1:step:267,engine_core_dp_step,267,1,cb_sim_vllm_like,32000x1000_b16,267,pure_decode,0,8,8,0,8,8,8192,256,8,FULL:8,FULL,tp4dp2moetp1ep8,4,2,1,8,False,False,True
engine_dp:1:step:268,engine_core_dp_step,268,1,cb_sim_vllm_like,32000x1000_b16,268,pure_decode,0,8,8,0,8,8,8192,256,8,FULL:8,FULL,tp4dp2moetp1ep8,4,2,1,8,False,False,True
engine_dp:1:step:269,engine_core_dp_step,269,1,cb_sim_vllm_like,32000x1000_b16,269,pure_decode,0,8,8,0,8,8,8192,256,8,FULL:8,FULL,tp4dp2moetp1ep8,4,2,1,8,False,False,True
engine_dp:1:step:270,engine_core_dp_step,270,1,cb_sim_vllm_like,32000x1000_b16,270,pure_decode,0,8,8,0,8,8,8192,256,8,FULL:8,FULL,tp4dp2moetp1ep8,4,2,1,8,False,False,True
engine_dp:1:step:271,engine_core_dp_step,271,1,cb_sim_vllm_like,32000x1000_b16,271,pure_decode,0,8,8,0,8,8,8192,256,8,FULL:8,FULL,tp4dp2moetp1ep8,4,2,1,8,False,False,True
engine_dp:1:step:272,engine_core_dp_step,272,1,cb_sim_vllm_like,32000x1000_b16,272,pure_decode,0,8,8,0,8,8,8192,256,8,FULL:8,FULL,tp4dp2moetp1ep8,4,2,1,8,False,False,True
engine_dp:1:step:273,engine_core_dp_step,273,1,cb_sim_vllm_like,32000x1000_b16,273,pure_decode,0,8,8,0,8,8,8192,256,8,FULL:8,FULL,tp4dp2moetp1ep8,4,2,1,8,False,False,True
engine_dp:1:step:274,engine_core_dp_step,274,1,cb_sim_vllm_like,32000x1000_b16,274,pure_decode,0,8,8,0,8,8,8192,256,8,FULL:8,FULL,tp4dp2moetp1ep8,4,2,1,8,False,False,True
engine_dp:1:step:275,engine_core_dp_step,275,1,cb_sim_vllm_like,32000x1000_b16,275,pure_decode,0,8,8,0,8,8,8192,256,8,FULL:8,FULL,tp4dp2moetp1ep8,4,2,1,8,False,False,True
engine_dp:1:step:276,engine_core_dp_step,276,1,cb_sim_vllm_like,32000x1000_b16,276,pure_decode,0,8,8,0,8,8,8192,256,8,FULL:8,FULL,tp4dp2moetp1ep8,4,2,1,8,False,False,True
engine_dp:1:step:277,engine_core_dp_step,277,1,cb_sim_vllm_like,32000x1000_b16,277,pure_decode,0,8,8,0,8,8,8192,256,8,FULL:8,FULL,tp4dp2moetp1ep8,4,2,1,8,False,False,True
engine_dp:1:step:278,engine_core_dp_step,278,1,cb_sim_vllm_like,32000x1000_b16,278,pure_decode,0,8,8,0,8,8,8192,256,8,FULL:8,FULL,tp4dp2moetp1ep8,4,2,1,8,False,False,True
engine_dp:1:step:279,engine_core_dp_step,279,1,cb_sim_vllm_like,32000x1000_b16,279,pure_decode,0,8,8,0,8,8,8192,256,8,FULL:8,FULL,tp4dp2moetp1ep8,4,2,1,8,False,False,True
engine_dp:1:step:280,engine_core_dp_step,280,1,cb_sim_vllm_like,32000x1000_b16,280,pure_decode,0,8,8,0,8,8,8192,256,8,FULL:8,FULL,tp4dp2moetp1ep8,4,2,1,8,False,False,True
engine_dp:1:step:281,engine_core_dp_step,281,1,cb_sim_vllm_like,32000x1000_b16,281,pure_decode,0,8,8,0,8,8,8192,256,8,FULL:8,FULL,tp4dp2moetp1ep8,4,2,1,8,False,False,True
engine_dp:1:step:282,engine_core_dp_step,282,1,cb_sim_vllm_like,32000x1000_b16,282,pure_decode,0,8,8,0,8,8,8192,256,8,FULL:8,FULL,tp4dp2moetp1ep8,4,2,1,8,False,False,True
engine_dp:1:step:283,engine_core_dp_step,283,1,cb_sim_vllm_like,32000x1000_b16,283,pure_decode,0,8,8,0,8,8,8192,256,8,FULL:8,FULL,tp4dp2moetp1ep8,4,2,1,8,False,False,True
engine_dp:1:step:284,engine_core_dp_step,284,1,cb_sim_vllm_like,32000x1000_b16,284,pure_decode,0,8,8,0,8,8,8192,256,8,FULL:8,FULL,tp4dp2moetp1ep8,4,2,1,8,False,False,True
engine_dp:1:step:285,engine_core_dp_step,285,1,cb_sim_vllm_like,32000x1000_b16,285,pure_decode,0,8,8,0,8,8,8192,256,8,FULL:8,FULL,tp4dp2moetp1ep8,4,2,1,8,False,False,True
engine_dp:1:step:286,engine_core_dp_step,286,1,cb_sim_vllm_like,32000x1000_b16,286,pure_decode,0,8,8,0,8,8,8192,256,8,FULL:8,FULL,tp4dp2moetp1ep8,4,2,1,8,False,False,True
engine_dp:1:step:287,engine_core_dp_step,287,1,cb_sim_vllm_like,32000x1000_b16,287,pure_decode,0,8,8,0,8,8,8192,256,8,FULL:8,FULL,tp4dp2moetp1ep8,4,2,1,8,False,False,True
engine_dp:1:step:288,engine_core_dp_step,288,1,cb_sim_vllm_like,32000x1000_b16,288,pure_decode,0,8,8,0,8,8,8192,256,8,FULL:8,FULL,tp4dp2moetp1ep8,4,2,1,8,False,False,True
engine_dp:1:step:289,engine_core_dp_step,289,1,cb_sim_vllm_like,32000x1000_b16,289,pure_decode,0,8,8,0,8,8,8192,256,8,FULL:8,FULL,tp4dp2moetp1ep8,4,2,1,8,False,False,True
engine_dp:1:step:290,engine_core_dp_step,290,1,cb_sim_vllm_like,32000x1000_b16,290,pure_decode,0,8,8,0,8,8,8192,256,8,FULL:8,FULL,tp4dp2moetp1ep8,4,2,1,8,False,False,True
engine_dp:1:step:291,engine_core_dp_step,291,1,cb_sim_vllm_like,32000x1000_b16,291,pure_decode,0,8,8,0,8,8,8192,256,8,FULL:8,FULL,tp4dp2moetp1ep8,4,2,1,8,False,False,True
engine_dp:1:step:292,engine_core_dp_step,292,1,cb_sim_vllm_like,32000x1000_b16,292,pure_decode,0,8,8,0,8,8,8192,256,8,FULL:8,FULL,tp4dp2moetp1ep8,4,2,1,8,False,False,True
engine_dp:1:step:293,engine_core_dp_step,293,1,cb_sim_vllm_like,32000x1000_b16,293,pure_decode,0,8,8,0,8,8,8192,256,8,FULL:8,FULL,tp4dp2moetp1ep8,4,2,1,8,False,False,True
engine_dp:1:step:294,engine_core_dp_step,294,1,cb_sim_vllm_like,32000x1000_b16,294,pure_decode,0,8,8,0,8,8,8192,256,8,FULL:8,FULL,tp4dp2moetp1ep8,4,2,1,8,False,False,True
engine_dp:1:step:295,engine_core_dp_step,295,1,cb_sim_vllm_like,32000x1000_b16,295,pure_decode,0,8,8,0,8,8,8192,256,8,FULL:8,FULL,tp4dp2moetp1ep8,4,2,1,8,False,False,True
engine_dp:1:step:296,engine_core_dp_step,296,1,cb_sim_vllm_like,32000x1000_b16,296,pure_decode,0,8,8,0,8,8,8192,256,8,FULL:8,FULL,tp4dp2moetp1ep8,4,2,1,8,False,False,True
engine_dp:1:step:297,engine_core_dp_step,297,1,cb_sim_vllm_like,32000x1000_b16,297,pure_decode,0,8,8,0,8,8,8192,256,8,FULL:8,FULL,tp4dp2moetp1ep8,4,2,1,8,False,False,True
engine_dp:1:step:298,engine_core_dp_step,298,1,cb_sim_vllm_like,32000x1000_b16,298,pure_decode,0,8,8,0,8,8,8192,256,8,FULL:8,FULL,tp4dp2moetp1ep8,4,2,1,8,False,False,True
engine_dp:1:step:299,engine_core_dp_step,299,1,cb_sim_vllm_like,32000x1000_b16,299,pure_decode,0,8,8,0,8,8,8192,256,8,FULL:8,FULL,tp4dp2moetp1ep8,4,2,1,8,False,False,True
engine_dp:1:step:300,engine_core_dp_step,300,1,cb_sim_vllm_like,32000x1000_b16,300,pure_decode,0,8,8,0,8,8,8192,256,8,FULL:8,FULL,tp4dp2moetp1ep8,4,2,1,8,False,False,True
engine_dp:1:step:301,engine_core_dp_step,301,1,cb_sim_vllm_like,32000x1000_b16,301,pure_decode,0,8,8,0,8,8,8192,256,8,FULL:8,FULL,tp4dp2moetp1ep8,4,2,1,8,False,False,True
engine_dp:1:step:302,engine_core_dp_step,302,1,cb_sim_vllm_like,32000x1000_b16,302,pure_decode,0,8,8,0,8,8,8192,256,8,FULL:8,FULL,tp4dp2moetp1ep8,4,2,1,8,False,False,True
engine_dp:1:step:303,engine_core_dp_step,303,1,cb_sim_vllm_like,32000x1000_b16,303,pure_decode,0,8,8,0,8,8,8192,256,8,FULL:8,FULL,tp4dp2moetp1ep8,4,2,1,8,False,False,True
engine_dp:1:step:304,engine_core_dp_step,304,1,cb_sim_vllm_like,32000x1000_b16,304,pure_decode,0,8,8,0,8,8,8192,256,8,FULL:8,FULL,tp4dp2moetp1ep8,4,2,1,8,False,False,True
engine_dp:1:step:305,engine_core_dp_step,305,1,cb_sim_vllm_like,32000x1000_b16,305,pure_decode,0,8,8,0,8,8,8192,256,8,FULL:8,FULL,tp4dp2moetp1ep8,4,2,1,8,False,False,True
engine_dp:1:step:306,engine_core_dp_step,306,1,cb_sim_vllm_like,32000x1000_b16,306,pure_decode,0,8,8,0,8,8,8192,256,8,FULL:8,FULL,tp4dp2moetp1ep8,4,2,1,8,False,False,True
engine_dp:1:step:307,engine_core_dp_step,307,1,cb_sim_vllm_like,32000x1000_b16,307,pure_decode,0,8,8,0,8,8,8192,256,8,FULL:8,FULL,tp4dp2moetp1ep8,4,2,1,8,False,False,True
engine_dp:1:step:308,engine_core_dp_step,308,1,cb_sim_vllm_like,32000x1000_b16,308,pure_decode,0,8,8,0,8,8,8192,256,8,FULL:8,FULL,tp4dp2moetp1ep8,4,2,1,8,False,False,True
engine_dp:1:step:309,engine_core_dp_step,309,1,cb_sim_vllm_like,32000x1000_b16,309,pure_decode,0,8,8,0,8,8,8192,256,8,FULL:8,FULL,tp4dp2moetp1ep8,4,2,1,8,False,False,True
engine_dp:1:step:310,engine_core_dp_step,310,1,cb_sim_vllm_like,32000x1000_b16,310,pure_decode,0,8,8,0,8,8,8192,256,8,FULL:8,FULL,tp4dp2moetp1ep8,4,2,1,8,False,False,True
engine_dp:1:step:311,engine_core_dp_step,311,1,cb_sim_vllm_like,32000x1000_b16,311,pure_decode,0,8,8,0,8,8,8192,256,8,FULL:8,FULL,tp4dp2moetp1ep8,4,2,1,8,False,False,True
engine_dp:1:step:312,engine_core_dp_step,312,1,cb_sim_vllm_like,32000x1000_b16,312,pure_decode,0,8,8,0,8,8,8192,256,8,FULL:8,FULL,tp4dp2moetp1ep8,4,2,1,8,False,False,True
engine_dp:1:step:313,engine_core_dp_step,313,1,cb_sim_vllm_like,32000x1000_b16,313,pure_decode,0,8,8,0,8,8,8192,256,8,FULL:8,FULL,tp4dp2moetp1ep8,4,2,1,8,False,False,True
engine_dp:1:step:314,engine_core_dp_step,314,1,cb_sim_vllm_like,32000x1000_b16,314,pure_decode,0,8,8,0,8,8,8192,256,8,FULL:8,FULL,tp4dp2moetp1ep8,4,2,1,8,False,False,True
engine_dp:1:step:315,engine_core_dp_step,315,1,cb_sim_vllm_like,32000x1000_b16,315,pure_decode,0,8,8,0,8,8,8192,256,8,FULL:8,FULL,tp4dp2moetp1ep8,4,2,1,8,False,False,True
engine_dp:1:step:316,engine_core_dp_step,316,1,cb_sim_vllm_like,32000x1000_b16,316,pure_decode,0,8,8,0,8,8,8192,256,8,FULL:8,FULL,tp4dp2moetp1ep8,4,2,1,8,False,False,True
engine_dp:1:step:317,engine_core_dp_step,317,1,cb_sim_vllm_like,32000x1000_b16,317,pure_decode,0,8,8,0,8,8,8192,256,8,FULL:8,FULL,tp4dp2moetp1ep8,4,2,1,8,False,False,True
engine_dp:1:step:318,engine_core_dp_step,318,1,cb_sim_vllm_like,32000x1000_b16,318,pure_decode,0,8,8,0,8,8,8192,256,8,FULL:8,FULL,tp4dp2moetp1ep8,4,2,1,8,False,False,True
engine_dp:1:step:319,engine_core_dp_step,319,1,cb_sim_vllm_like,32000x1000_b16,319,pure_decode,0,8,8,0,8,8,8192,256,8,FULL:8,FULL,tp4dp2moetp1ep8,4,2,1,8,False,False,True
engine_dp:1:step:320,engine_core_dp_step,320,1,cb_sim_vllm_like,32000x1000_b16,320,pure_decode,0,8,8,0,8,8,8192,256,8,FULL:8,FULL,tp4dp2moetp1ep8,4,2,1,8,False,False,True
engine_dp:1:step:321,engine_core_dp_step,321,1,cb_sim_vllm_like,32000x1000_b16,321,pure_decode,0,8,8,0,8,8,8192,256,8,FULL:8,FULL,tp4dp2moetp1ep8,4,2,1,8,False,False,True
engine_dp:1:step:322,engine_core_dp_step,322,1,cb_sim_vllm_like,32000x1000_b16,322,pure_decode,0,8,8,0,8,8,8192,256,8,FULL:8,FULL,tp4dp2moetp1ep8,4,2,1,8,False,False,True
engine_dp:1:step:323,engine_core_dp_step,323,1,cb_sim_vllm_like,32000x1000_b16,323,pure_decode,0,8,8,0,8,8,8192,256,8,FULL:8,FULL,tp4dp2moetp1ep8,4,2,1,8,False,False,True
engine_dp:1:step:324,engine_core_dp_step,324,1,cb_sim_vllm_like,32000x1000_b16,324,pure_decode,0,8,8,0,8,8,8192,256,8,FULL:8,FULL,tp4dp2moetp1ep8,4,2,1,8,False,False,True
engine_dp:1:step:325,engine_core_dp_step,325,1,cb_sim_vllm_like,32000x1000_b16,325,pure_decode,0,8,8,0,8,8,8192,256,8,FULL:8,FULL,tp4dp2moetp1ep8,4,2,1,8,False,False,True
engine_dp:1:step:326,engine_core_dp_step,326,1,cb_sim_vllm_like,32000x1000_b16,326,pure_decode,0,8,8,0,8,8,8192,256,8,FULL:8,FULL,tp4dp2moetp1ep8,4,2,1,8,False,False,True
engine_dp:1:step:327,engine_core_dp_step,327,1,cb_sim_vllm_like,32000x1000_b16,327,pure_decode,0,8,8,0,8,8,8192,256,8,FULL:8,FULL,tp4dp2moetp1ep8,4,2,1,8,False,False,True
engine_dp:1:step:328,engine_core_dp_step,328,1,cb_sim_vllm_like,32000x1000_b16,328,pure_decode,0,8,8,0,8,8,8192,256,8,FULL:8,FULL,tp4dp2moetp1ep8,4,2,1,8,False,False,True
engine_dp:1:step:329,engine_core_dp_step,329,1,cb_sim_vllm_like,32000x1000_b16,329,pure_decode,0,8,8,0,8,8,8192,256,8,FULL:8,FULL,tp4dp2moetp1ep8,4,2,1,8,False,False,True
engine_dp:1:step:330,engine_core_dp_step,330,1,cb_sim_vllm_like,32000x1000_b16,330,pure_decode,0,8,8,0,8,8,8192,256,8,FULL:8,FULL,tp4dp2moetp1ep8,4,2,1,8,False,False,True
engine_dp:1:step:331,engine_core_dp_step,331,1,cb_sim_vllm_like,32000x1000_b16,331,pure_decode,0,8,8,0,8,8,8192,256,8,FULL:8,FULL,tp4dp2moetp1ep8,4,2,1,8,False,False,True
engine_dp:1:step:332,engine_core_dp_step,332,1,cb_sim_vllm_like,32000x1000_b16,332,pure_decode,0,8,8,0,8,8,8192,256,8,FULL:8,FULL,tp4dp2moetp1ep8,4,2,1,8,False,False,True
engine_dp:1:step:333,engine_core_dp_step,333,1,cb_sim_vllm_like,32000x1000_b16,333,pure_decode,0,8,8,0,8,8,8192,256,8,FULL:8,FULL,tp4dp2moetp1ep8,4,2,1,8,False,False,True
engine_dp:1:step:334,engine_core_dp_step,334,1,cb_sim_vllm_like,32000x1000_b16,334,pure_decode,0,8,8,0,8,8,8192,256,8,FULL:8,FULL,tp4dp2moetp1ep8,4,2,1,8,False,False,True
engine_dp:1:step:335,engine_core_dp_step,335,1,cb_sim_vllm_like,32000x1000_b16,335,pure_decode,0,8,8,0,8,8,8192,256,8,FULL:8,FULL,tp4dp2moetp1ep8,4,2,1,8,False,False,True
engine_dp:1:step:336,engine_core_dp_step,336,1,cb_sim_vllm_like,32000x1000_b16,336,pure_decode,0,8,8,0,8,8,8192,256,8,FULL:8,FULL,tp4dp2moetp1ep8,4,2,1,8,False,False,True
engine_dp:1:step:337,engine_core_dp_step,337,1,cb_sim_vllm_like,32000x1000_b16,337,pure_decode,0,8,8,0,8,8,8192,256,8,FULL:8,FULL,tp4dp2moetp1ep8,4,2,1,8,False,False,True
engine_dp:1:step:338,engine_core_dp_step,338,1,cb_sim_vllm_like,32000x1000_b16,338,pure_decode,0,8,8,0,8,8,8192,256,8,FULL:8,FULL,tp4dp2moetp1ep8,4,2,1,8,False,False,True
engine_dp:1:step:339,engine_core_dp_step,339,1,cb_sim_vllm_like,32000x1000_b16,339,pure_decode,0,8,8,0,8,8,8192,256,8,FULL:8,FULL,tp4dp2moetp1ep8,4,2,1,8,False,False,True
engine_dp:1:step:340,engine_core_dp_step,340,1,cb_sim_vllm_like,32000x1000_b16,340,pure_decode,0,8,8,0,8,8,8192,256,8,FULL:8,FULL,tp4dp2moetp1ep8,4,2,1,8,False,False,True
engine_dp:1:step:341,engine_core_dp_step,341,1,cb_sim_vllm_like,32000x1000_b16,341,pure_decode,0,8,8,0,8,8,8192,256,8,FULL:8,FULL,tp4dp2moetp1ep8,4,2,1,8,False,False,True
engine_dp:1:step:342,engine_core_dp_step,342,1,cb_sim_vllm_like,32000x1000_b16,342,pure_decode,0,8,8,0,8,8,8192,256,8,FULL:8,FULL,tp4dp2moetp1ep8,4,2,1,8,False,False,True
engine_dp:1:step:343,engine_core_dp_step,343,1,cb_sim_vllm_like,32000x1000_b16,343,pure_decode,0,8,8,0,8,8,8192,256,8,FULL:8,FULL,tp4dp2moetp1ep8,4,2,1,8,False,False,True
engine_dp:1:step:344,engine_core_dp_step,344,1,cb_sim_vllm_like,32000x1000_b16,344,pure_decode,0,8,8,0,8,8,8192,256,8,FULL:8,FULL,tp4dp2moetp1ep8,4,2,1,8,False,False,True
engine_dp:1:step:345,engine_core_dp_step,345,1,cb_sim_vllm_like,32000x1000_b16,345,pure_decode,0,8,8,0,8,8,8192,256,8,FULL:8,FULL,tp4dp2moetp1ep8,4,2,1,8,False,False,True
engine_dp:1:step:346,engine_core_dp_step,346,1,cb_sim_vllm_like,32000x1000_b16,346,pure_decode,0,8,8,0,8,8,8192,256,8,FULL:8,FULL,tp4dp2moetp1ep8,4,2,1,8,False,False,True
engine_dp:1:step:347,engine_core_dp_step,347,1,cb_sim_vllm_like,32000x1000_b16,347,pure_decode,0,8,8,0,8,8,8192,256,8,FULL:8,FULL,tp4dp2moetp1ep8,4,2,1,8,False,False,True
engine_dp:1:step:348,engine_core_dp_step,348,1,cb_sim_vllm_like,32000x1000_b16,348,pure_decode,0,8,8,0,8,8,8192,256,8,FULL:8,FULL,tp4dp2moetp1ep8,4,2,1,8,False,False,True
engine_dp:1:step:349,engine_core_dp_step,349,1,cb_sim_vllm_like,32000x1000_b16,349,pure_decode,0,8,8,0,8,8,8192,256,8,FULL:8,FULL,tp4dp2moetp1ep8,4,2,1,8,False,False,True
engine_dp:1:step:350,engine_core_dp_step,350,1,cb_sim_vllm_like,32000x1000_b16,350,pure_decode,0,8,8,0,8,8,8192,256,8,FULL:8,FULL,tp4dp2moetp1ep8,4,2,1,8,False,False,True
engine_dp:1:step:351,engine_core_dp_step,351,1,cb_sim_vllm_like,32000x1000_b16,351,pure_decode,0,8,8,0,8,8,8192,256,8,FULL:8,FULL,tp4dp2moetp1ep8,4,2,1,8,False,False,True
engine_dp:1:step:352,engine_core_dp_step,352,1,cb_sim_vllm_like,32000x1000_b16,352,pure_decode,0,8,8,0,8,8,8192,256,8,FULL:8,FULL,tp4dp2moetp1ep8,4,2,1,8,False,False,True
engine_dp:1:step:353,engine_core_dp_step,353,1,cb_sim_vllm_like,32000x1000_b16,353,pure_decode,0,8,8,0,8,8,8192,256,8,FULL:8,FULL,tp4dp2moetp1ep8,4,2,1,8,False,False,True
engine_dp:1:step:354,engine_core_dp_step,354,1,cb_sim_vllm_like,32000x1000_b16,354,pure_decode,0,8,8,0,8,8,8192,256,8,FULL:8,FULL,tp4dp2moetp1ep8,4,2,1,8,False,False,True
engine_dp:1:step:355,engine_core_dp_step,355,1,cb_sim_vllm_like,32000x1000_b16,355,pure_decode,0,8,8,0,8,8,8192,256,8,FULL:8,FULL,tp4dp2moetp1ep8,4,2,1,8,False,False,True
engine_dp:1:step:356,engine_core_dp_step,356,1,cb_sim_vllm_like,32000x1000_b16,356,pure_decode,0,8,8,0,8,8,8192,256,8,FULL:8,FULL,tp4dp2moetp1ep8,4,2,1,8,False,False,True
engine_dp:1:step:357,engine_core_dp_step,357,1,cb_sim_vllm_like,32000x1000_b16,357,pure_decode,0,8,8,0,8,8,8192,256,8,FULL:8,FULL,tp4dp2moetp1ep8,4,2,1,8,False,False,True
engine_dp:1:step:358,engine_core_dp_step,358,1,cb_sim_vllm_like,32000x1000_b16,358,pure_decode,0,8,8,0,8,8,8192,256,8,FULL:8,FULL,tp4dp2moetp1ep8,4,2,1,8,False,False,True
engine_dp:1:step:359,engine_core_dp_step,359,1,cb_sim_vllm_like,32000x1000_b16,359,pure_decode,0,8,8,0,8,8,8192,256,8,FULL:8,FULL,tp4dp2moetp1ep8,4,2,1,8,False,False,True
engine_dp:1:step:360,engine_core_dp_step,360,1,cb_sim_vllm_like,32000x1000_b16,360,pure_decode,0,8,8,0,8,8,8192,256,8,FULL:8,FULL,tp4dp2moetp1ep8,4,2,1,8,False,False,True
engine_dp:1:step:361,engine_core_dp_step,361,1,cb_sim_vllm_like,32000x1000_b16,361,pure_decode,0,8,8,0,8,8,8192,256,8,FULL:8,FULL,tp4dp2moetp1ep8,4,2,1,8,False,False,True
engine_dp:1:step:362,engine_core_dp_step,362,1,cb_sim_vllm_like,32000x1000_b16,362,pure_decode,0,8,8,0,8,8,8192,256,8,FULL:8,FULL,tp4dp2moetp1ep8,4,2,1,8,False,False,True
engine_dp:1:step:363,engine_core_dp_step,363,1,cb_sim_vllm_like,32000x1000_b16,363,pure_decode,0,8,8,0,8,8,8192,256,8,FULL:8,FULL,tp4dp2moetp1ep8,4,2,1,8,False,False,True
engine_dp:1:step:364,engine_core_dp_step,364,1,cb_sim_vllm_like,32000x1000_b16,364,pure_decode,0,8,8,0,8,8,8192,256,8,FULL:8,FULL,tp4dp2moetp1ep8,4,2,1,8,False,False,True
engine_dp:1:step:365,engine_core_dp_step,365,1,cb_sim_vllm_like,32000x1000_b16,365,pure_decode,0,8,8,0,8,8,8192,256,8,FULL:8,FULL,tp4dp2moetp1ep8,4,2,1,8,False,False,True
engine_dp:1:step:366,engine_core_dp_step,366,1,cb_sim_vllm_like,32000x1000_b16,366,pure_decode,0,8,8,0,8,8,8192,256,8,FULL:8,FULL,tp4dp2moetp1ep8,4,2,1,8,False,False,True
engine_dp:1:step:367,engine_core_dp_step,367,1,cb_sim_vllm_like,32000x1000_b16,367,pure_decode,0,8,8,0,8,8,8192,256,8,FULL:8,FULL,tp4dp2moetp1ep8,4,2,1,8,False,False,True
engine_dp:1:step:368,engine_core_dp_step,368,1,cb_sim_vllm_like,32000x1000_b16,368,pure_decode,0,8,8,0,8,8,8192,256,8,FULL:8,FULL,tp4dp2moetp1ep8,4,2,1,8,False,False,True
engine_dp:1:step:369,engine_core_dp_step,369,1,cb_sim_vllm_like,32000x1000_b16,369,pure_decode,0,8,8,0,8,8,8192,256,8,FULL:8,FULL,tp4dp2moetp1ep8,4,2,1,8,False,False,True
engine_dp:1:step:370,engine_core_dp_step,370,1,cb_sim_vllm_like,32000x1000_b16,370,pure_decode,0,8,8,0,8,8,8192,256,8,FULL:8,FULL,tp4dp2moetp1ep8,4,2,1,8,False,False,True
engine_dp:1:step:371,engine_core_dp_step,371,1,cb_sim_vllm_like,32000x1000_b16,371,pure_decode,0,8,8,0,8,8,8192,256,8,FULL:8,FULL,tp4dp2moetp1ep8,4,2,1,8,False,False,True
engine_dp:1:step:372,engine_core_dp_step,372,1,cb_sim_vllm_like,32000x1000_b16,372,pure_decode,0,8,8,0,8,8,8192,256,8,FULL:8,FULL,tp4dp2moetp1ep8,4,2,1,8,False,False,True
engine_dp:1:step:373,engine_core_dp_step,373,1,cb_sim_vllm_like,32000x1000_b16,373,pure_decode,0,8,8,0,8,8,8192,256,8,FULL:8,FULL,tp4dp2moetp1ep8,4,2,1,8,False,False,True
engine_dp:1:step:374,engine_core_dp_step,374,1,cb_sim_vllm_like,32000x1000_b16,374,pure_decode,0,8,8,0,8,8,8192,256,8,FULL:8,FULL,tp4dp2moetp1ep8,4,2,1,8,False,False,True
engine_dp:1:step:375,engine_core_dp_step,375,1,cb_sim_vllm_like,32000x1000_b16,375,pure_decode,0,8,8,0,8,8,8192,256,8,FULL:8,FULL,tp4dp2moetp1ep8,4,2,1,8,False,False,True
engine_dp:1:step:376,engine_core_dp_step,376,1,cb_sim_vllm_like,32000x1000_b16,376,pure_decode,0,8,8,0,8,8,8192,256,8,FULL:8,FULL,tp4dp2moetp1ep8,4,2,1,8,False,False,True
engine_dp:1:step:377,engine_core_dp_step,377,1,cb_sim_vllm_like,32000x1000_b16,377,pure_decode,0,8,8,0,8,8,8192,256,8,FULL:8,FULL,tp4dp2moetp1ep8,4,2,1,8,False,False,True
engine_dp:1:step:378,engine_core_dp_step,378,1,cb_sim_vllm_like,32000x1000_b16,378,pure_decode,0,8,8,0,8,8,8192,256,8,FULL:8,FULL,tp4dp2moetp1ep8,4,2,1,8,False,False,True
engine_dp:1:step:379,engine_core_dp_step,379,1,cb_sim_vllm_like,32000x1000_b16,379,pure_decode,0,8,8,0,8,8,8192,256,8,FULL:8,FULL,tp4dp2moetp1ep8,4,2,1,8,False,False,True
engine_dp:1:step:380,engine_core_dp_step,380,1,cb_sim_vllm_like,32000x1000_b16,380,pure_decode,0,8,8,0,8,8,8192,256,8,FULL:8,FULL,tp4dp2moetp1ep8,4,2,1,8,False,False,True
engine_dp:1:step:381,engine_core_dp_step,381,1,cb_sim_vllm_like,32000x1000_b16,381,pure_decode,0,8,8,0,8,8,8192,256,8,FULL:8,FULL,tp4dp2moetp1ep8,4,2,1,8,False,False,True
engine_dp:1:step:382,engine_core_dp_step,382,1,cb_sim_vllm_like,32000x1000_b16,382,pure_decode,0,8,8,0,8,8,8192,256,8,FULL:8,FULL,tp4dp2moetp1ep8,4,2,1,8,False,False,True
engine_dp:1:step:383,engine_core_dp_step,383,1,cb_sim_vllm_like,32000x1000_b16,383,pure_decode,0,8,8,0,8,8,8192,256,8,FULL:8,FULL,tp4dp2moetp1ep8,4,2,1,8,False,False,True
engine_dp:1:step:384,engine_core_dp_step,384,1,cb_sim_vllm_like,32000x1000_b16,384,pure_decode,0,8,8,0,8,8,8192,256,8,FULL:8,FULL,tp4dp2moetp1ep8,4,2,1,8,False,False,True
engine_dp:1:step:385,engine_core_dp_step,385,1,cb_sim_vllm_like,32000x1000_b16,385,pure_decode,0,8,8,0,8,8,8192,256,8,FULL:8,FULL,tp4dp2moetp1ep8,4,2,1,8,False,False,True
engine_dp:1:step:386,engine_core_dp_step,386,1,cb_sim_vllm_like,32000x1000_b16,386,pure_decode,0,8,8,0,8,8,8192,256,8,FULL:8,FULL,tp4dp2moetp1ep8,4,2,1,8,False,False,True
engine_dp:1:step:387,engine_core_dp_step,387,1,cb_sim_vllm_like,32000x1000_b16,387,pure_decode,0,8,8,0,8,8,8192,256,8,FULL:8,FULL,tp4dp2moetp1ep8,4,2,1,8,False,False,True
engine_dp:1:step:388,engine_core_dp_step,388,1,cb_sim_vllm_like,32000x1000_b16,388,pure_decode,0,8,8,0,8,8,8192,256,8,FULL:8,FULL,tp4dp2moetp1ep8,4,2,1,8,False,False,True
engine_dp:1:step:389,engine_core_dp_step,389,1,cb_sim_vllm_like,32000x1000_b16,389,pure_decode,0,8,8,0,8,8,8192,256,8,FULL:8,FULL,tp4dp2moetp1ep8,4,2,1,8,False,False,True
engine_dp:1:step:390,engine_core_dp_step,390,1,cb_sim_vllm_like,32000x1000_b16,390,pure_decode,0,8,8,0,8,8,8192,256,8,FULL:8,FULL,tp4dp2moetp1ep8,4,2,1,8,False,False,True
engine_dp:1:step:391,engine_core_dp_step,391,1,cb_sim_vllm_like,32000x1000_b16,391,pure_decode,0,8,8,0,8,8,8192,256,8,FULL:8,FULL,tp4dp2moetp1ep8,4,2,1,8,False,False,True
engine_dp:1:step:392,engine_core_dp_step,392,1,cb_sim_vllm_like,32000x1000_b16,392,pure_decode,0,8,8,0,8,8,8192,256,8,FULL:8,FULL,tp4dp2moetp1ep8,4,2,1,8,False,False,True
engine_dp:1:step:393,engine_core_dp_step,393,1,cb_sim_vllm_like,32000x1000_b16,393,pure_decode,0,8,8,0,8,8,8192,256,8,FULL:8,FULL,tp4dp2moetp1ep8,4,2,1,8,False,False,True
engine_dp:1:step:394,engine_core_dp_step,394,1,cb_sim_vllm_like,32000x1000_b16,394,pure_decode,0,8,8,0,8,8,8192,256,8,FULL:8,FULL,tp4dp2moetp1ep8,4,2,1,8,False,False,True
engine_dp:1:step:395,engine_core_dp_step,395,1,cb_sim_vllm_like,32000x1000_b16,395,pure_decode,0,8,8,0,8,8,8192,256,8,FULL:8,FULL,tp4dp2moetp1ep8,4,2,1,8,False,False,True
engine_dp:1:step:396,engine_core_dp_step,396,1,cb_sim_vllm_like,32000x1000_b16,396,pure_decode,0,8,8,0,8,8,8192,256,8,FULL:8,FULL,tp4dp2moetp1ep8,4,2,1,8,False,False,True
engine_dp:1:step:397,engine_core_dp_step,397,1,cb_sim_vllm_like,32000x1000_b16,397,pure_decode,0,8,8,0,8,8,8192,256,8,FULL:8,FULL,tp4dp2moetp1ep8,4,2,1,8,False,False,True
engine_dp:1:step:398,engine_core_dp_step,398,1,cb_sim_vllm_like,32000x1000_b16,398,pure_decode,0,8,8,0,8,8,8192,256,8,FULL:8,FULL,tp4dp2moetp1ep8,4,2,1,8,False,False,True
engine_dp:1:step:399,engine_core_dp_step,399,1,cb_sim_vllm_like,32000x1000_b16,399,pure_decode,0,8,8,0,8,8,8192,256,8,FULL:8,FULL,tp4dp2moetp1ep8,4,2,1,8,False,False,True
engine_dp:1:step:400,engine_core_dp_step,400,1,cb_sim_vllm_like,32000x1000_b16,400,pure_decode,0,8,8,0,8,8,8192,256,8,FULL:8,FULL,tp4dp2moetp1ep8,4,2,1,8,False,False,True
engine_dp:1:step:401,engine_core_dp_step,401,1,cb_sim_vllm_like,32000x1000_b16,401,pure_decode,0,8,8,0,8,8,8192,256,8,FULL:8,FULL,tp4dp2moetp1ep8,4,2,1,8,False,False,True
engine_dp:1:step:402,engine_core_dp_step,402,1,cb_sim_vllm_like,32000x1000_b16,402,pure_decode,0,8,8,0,8,8,8192,256,8,FULL:8,FULL,tp4dp2moetp1ep8,4,2,1,8,False,False,True
engine_dp:1:step:403,engine_core_dp_step,403,1,cb_sim_vllm_like,32000x1000_b16,403,pure_decode,0,8,8,0,8,8,8192,256,8,FULL:8,FULL,tp4dp2moetp1ep8,4,2,1,8,False,False,True
engine_dp:1:step:404,engine_core_dp_step,404,1,cb_sim_vllm_like,32000x1000_b16,404,pure_decode,0,8,8,0,8,8,8192,256,8,FULL:8,FULL,tp4dp2moetp1ep8,4,2,1,8,False,False,True
engine_dp:1:step:405,engine_core_dp_step,405,1,cb_sim_vllm_like,32000x1000_b16,405,pure_decode,0,8,8,0,8,8,8192,256,8,FULL:8,FULL,tp4dp2moetp1ep8,4,2,1,8,False,False,True
engine_dp:1:step:406,engine_core_dp_step,406,1,cb_sim_vllm_like,32000x1000_b16,406,pure_decode,0,8,8,0,8,8,8192,256,8,FULL:8,FULL,tp4dp2moetp1ep8,4,2,1,8,False,False,True
engine_dp:1:step:407,engine_core_dp_step,407,1,cb_sim_vllm_like,32000x1000_b16,407,pure_decode,0,8,8,0,8,8,8192,256,8,FULL:8,FULL,tp4dp2moetp1ep8,4,2,1,8,False,False,True
engine_dp:1:step:408,engine_core_dp_step,408,1,cb_sim_vllm_like,32000x1000_b16,408,pure_decode,0,8,8,0,8,8,8192,256,8,FULL:8,FULL,tp4dp2moetp1ep8,4,2,1,8,False,False,True
engine_dp:1:step:409,engine_core_dp_step,409,1,cb_sim_vllm_like,32000x1000_b16,409,pure_decode,0,8,8,0,8,8,8192,256,8,FULL:8,FULL,tp4dp2moetp1ep8,4,2,1,8,False,False,True
engine_dp:1:step:410,engine_core_dp_step,410,1,cb_sim_vllm_like,32000x1000_b16,410,pure_decode,0,8,8,0,8,8,8192,256,8,FULL:8,FULL,tp4dp2moetp1ep8,4,2,1,8,False,False,True
engine_dp:1:step:411,engine_core_dp_step,411,1,cb_sim_vllm_like,32000x1000_b16,411,pure_decode,0,8,8,0,8,8,8192,256,8,FULL:8,FULL,tp4dp2moetp1ep8,4,2,1,8,False,False,True
engine_dp:1:step:412,engine_core_dp_step,412,1,cb_sim_vllm_like,32000x1000_b16,412,pure_decode,0,8,8,0,8,8,8192,256,8,FULL:8,FULL,tp4dp2moetp1ep8,4,2,1,8,False,False,True
engine_dp:1:step:413,engine_core_dp_step,413,1,cb_sim_vllm_like,32000x1000_b16,413,pure_decode,0,8,8,0,8,8,8192,256,8,FULL:8,FULL,tp4dp2moetp1ep8,4,2,1,8,False,False,True
engine_dp:1:step:414,engine_core_dp_step,414,1,cb_sim_vllm_like,32000x1000_b16,414,pure_decode,0,8,8,0,8,8,8192,256,8,FULL:8,FULL,tp4dp2moetp1ep8,4,2,1,8,False,False,True
engine_dp:1:step:415,engine_core_dp_step,415,1,cb_sim_vllm_like,32000x1000_b16,415,pure_decode,0,8,8,0,8,8,8192,256,8,FULL:8,FULL,tp4dp2moetp1ep8,4,2,1,8,False,False,True
engine_dp:1:step:416,engine_core_dp_step,416,1,cb_sim_vllm_like,32000x1000_b16,416,pure_decode,0,8,8,0,8,8,8192,256,8,FULL:8,FULL,tp4dp2moetp1ep8,4,2,1,8,False,False,True
engine_dp:1:step:417,engine_core_dp_step,417,1,cb_sim_vllm_like,32000x1000_b16,417,pure_decode,0,8,8,0,8,8,8192,256,8,FULL:8,FULL,tp4dp2moetp1ep8,4,2,1,8,False,False,True
engine_dp:1:step:418,engine_core_dp_step,418,1,cb_sim_vllm_like,32000x1000_b16,418,pure_decode,0,8,8,0,8,8,8192,256,8,FULL:8,FULL,tp4dp2moetp1ep8,4,2,1,8,False,False,True
engine_dp:1:step:419,engine_core_dp_step,419,1,cb_sim_vllm_like,32000x1000_b16,419,pure_decode,0,8,8,0,8,8,8192,256,8,FULL:8,FULL,tp4dp2moetp1ep8,4,2,1,8,False,False,True
engine_dp:1:step:420,engine_core_dp_step,420,1,cb_sim_vllm_like,32000x1000_b16,420,pure_decode,0,8,8,0,8,8,8192,256,8,FULL:8,FULL,tp4dp2moetp1ep8,4,2,1,8,False,False,True
engine_dp:1:step:421,engine_core_dp_step,421,1,cb_sim_vllm_like,32000x1000_b16,421,pure_decode,0,8,8,0,8,8,8192,256,8,FULL:8,FULL,tp4dp2moetp1ep8,4,2,1,8,False,False,True
engine_dp:1:step:422,engine_core_dp_step,422,1,cb_sim_vllm_like,32000x1000_b16,422,pure_decode,0,8,8,0,8,8,8192,256,8,FULL:8,FULL,tp4dp2moetp1ep8,4,2,1,8,False,False,True
engine_dp:1:step:423,engine_core_dp_step,423,1,cb_sim_vllm_like,32000x1000_b16,423,pure_decode,0,8,8,0,8,8,8192,256,8,FULL:8,FULL,tp4dp2moetp1ep8,4,2,1,8,False,False,True
engine_dp:1:step:424,engine_core_dp_step,424,1,cb_sim_vllm_like,32000x1000_b16,424,pure_decode,0,8,8,0,8,8,8192,256,8,FULL:8,FULL,tp4dp2moetp1ep8,4,2,1,8,False,False,True
engine_dp:1:step:425,engine_core_dp_step,425,1,cb_sim_vllm_like,32000x1000_b16,425,pure_decode,0,8,8,0,8,8,8192,256,8,FULL:8,FULL,tp4dp2moetp1ep8,4,2,1,8,False,False,True
engine_dp:1:step:426,engine_core_dp_step,426,1,cb_sim_vllm_like,32000x1000_b16,426,pure_decode,0,8,8,0,8,8,8192,256,8,FULL:8,FULL,tp4dp2moetp1ep8,4,2,1,8,False,False,True
engine_dp:1:step:427,engine_core_dp_step,427,1,cb_sim_vllm_like,32000x1000_b16,427,pure_decode,0,8,8,0,8,8,8192,256,8,FULL:8,FULL,tp4dp2moetp1ep8,4,2,1,8,False,False,True
engine_dp:1:step:428,engine_core_dp_step,428,1,cb_sim_vllm_like,32000x1000_b16,428,pure_decode,0,8,8,0,8,8,8192,256,8,FULL:8,FULL,tp4dp2moetp1ep8,4,2,1,8,False,False,True
engine_dp:1:step:429,engine_core_dp_step,429,1,cb_sim_vllm_like,32000x1000_b16,429,pure_decode,0,8,8,0,8,8,8192,256,8,FULL:8,FULL,tp4dp2moetp1ep8,4,2,1,8,False,False,True
engine_dp:1:step:430,engine_core_dp_step,430,1,cb_sim_vllm_like,32000x1000_b16,430,pure_decode,0,8,8,0,8,8,8192,256,8,FULL:8,FULL,tp4dp2moetp1ep8,4,2,1,8,False,False,True
engine_dp:1:step:431,engine_core_dp_step,431,1,cb_sim_vllm_like,32000x1000_b16,431,pure_decode,0,8,8,0,8,8,8192,256,8,FULL:8,FULL,tp4dp2moetp1ep8,4,2,1,8,False,False,True
engine_dp:1:step:432,engine_core_dp_step,432,1,cb_sim_vllm_like,32000x1000_b16,432,pure_decode,0,8,8,0,8,8,8192,256,8,FULL:8,FULL,tp4dp2moetp1ep8,4,2,1,8,False,False,True
engine_dp:1:step:433,engine_core_dp_step,433,1,cb_sim_vllm_like,32000x1000_b16,433,pure_decode,0,8,8,0,8,8,8192,256,8,FULL:8,FULL,tp4dp2moetp1ep8,4,2,1,8,False,False,True
engine_dp:1:step:434,engine_core_dp_step,434,1,cb_sim_vllm_like,32000x1000_b16,434,pure_decode,0,8,8,0,8,8,8192,256,8,FULL:8,FULL,tp4dp2moetp1ep8,4,2,1,8,False,False,True
engine_dp:1:step:435,engine_core_dp_step,435,1,cb_sim_vllm_like,32000x1000_b16,435,pure_decode,0,8,8,0,8,8,8192,256,8,FULL:8,FULL,tp4dp2moetp1ep8,4,2,1,8,False,False,True
engine_dp:1:step:436,engine_core_dp_step,436,1,cb_sim_vllm_like,32000x1000_b16,436,pure_decode,0,8,8,0,8,8,8192,256,8,FULL:8,FULL,tp4dp2moetp1ep8,4,2,1,8,False,False,True
engine_dp:1:step:437,engine_core_dp_step,437,1,cb_sim_vllm_like,32000x1000_b16,437,pure_decode,0,8,8,0,8,8,8192,256,8,FULL:8,FULL,tp4dp2moetp1ep8,4,2,1,8,False,False,True
engine_dp:1:step:438,engine_core_dp_step,438,1,cb_sim_vllm_like,32000x1000_b16,438,pure_decode,0,8,8,0,8,8,8192,256,8,FULL:8,FULL,tp4dp2moetp1ep8,4,2,1,8,False,False,True
engine_dp:1:step:439,engine_core_dp_step,439,1,cb_sim_vllm_like,32000x1000_b16,439,pure_decode,0,8,8,0,8,8,8192,256,8,FULL:8,FULL,tp4dp2moetp1ep8,4,2,1,8,False,False,True
engine_dp:1:step:440,engine_core_dp_step,440,1,cb_sim_vllm_like,32000x1000_b16,440,pure_decode,0,8,8,0,8,8,8192,256,8,FULL:8,FULL,tp4dp2moetp1ep8,4,2,1,8,False,False,True
engine_dp:1:step:441,engine_core_dp_step,441,1,cb_sim_vllm_like,32000x1000_b16,441,pure_decode,0,8,8,0,8,8,8192,256,8,FULL:8,FULL,tp4dp2moetp1ep8,4,2,1,8,False,False,True
engine_dp:1:step:442,engine_core_dp_step,442,1,cb_sim_vllm_like,32000x1000_b16,442,pure_decode,0,8,8,0,8,8,8192,256,8,FULL:8,FULL,tp4dp2moetp1ep8,4,2,1,8,False,False,True
engine_dp:1:step:443,engine_core_dp_step,443,1,cb_sim_vllm_like,32000x1000_b16,443,pure_decode,0,8,8,0,8,8,8192,256,8,FULL:8,FULL,tp4dp2moetp1ep8,4,2,1,8,False,False,True
engine_dp:1:step:444,engine_core_dp_step,444,1,cb_sim_vllm_like,32000x1000_b16,444,pure_decode,0,8,8,0,8,8,8192,256,8,FULL:8,FULL,tp4dp2moetp1ep8,4,2,1,8,False,False,True
engine_dp:1:step:445,engine_core_dp_step,445,1,cb_sim_vllm_like,32000x1000_b16,445,pure_decode,0,8,8,0,8,8,8192,256,8,FULL:8,FULL,tp4dp2moetp1ep8,4,2,1,8,False,False,True
engine_dp:1:step:446,engine_core_dp_step,446,1,cb_sim_vllm_like,32000x1000_b16,446,pure_decode,0,8,8,0,8,8,8192,256,8,FULL:8,FULL,tp4dp2moetp1ep8,4,2,1,8,False,False,True
engine_dp:1:step:447,engine_core_dp_step,447,1,cb_sim_vllm_like,32000x1000_b16,447,pure_decode,0,8,8,0,8,8,8192,256,8,FULL:8,FULL,tp4dp2moetp1ep8,4,2,1,8,False,False,True
engine_dp:1:step:448,engine_core_dp_step,448,1,cb_sim_vllm_like,32000x1000_b16,448,pure_decode,0,8,8,0,8,8,8192,256,8,FULL:8,FULL,tp4dp2moetp1ep8,4,2,1,8,False,False,True
engine_dp:1:step:449,engine_core_dp_step,449,1,cb_sim_vllm_like,32000x1000_b16,449,pure_decode,0,8,8,0,8,8,8192,256,8,FULL:8,FULL,tp4dp2moetp1ep8,4,2,1,8,False,False,True
engine_dp:1:step:450,engine_core_dp_step,450,1,cb_sim_vllm_like,32000x1000_b16,450,pure_decode,0,8,8,0,8,8,8192,256,8,FULL:8,FULL,tp4dp2moetp1ep8,4,2,1,8,False,False,True
engine_dp:1:step:451,engine_core_dp_step,451,1,cb_sim_vllm_like,32000x1000_b16,451,pure_decode,0,8,8,0,8,8,8192,256,8,FULL:8,FULL,tp4dp2moetp1ep8,4,2,1,8,False,False,True
engine_dp:1:step:452,engine_core_dp_step,452,1,cb_sim_vllm_like,32000x1000_b16,452,pure_decode,0,8,8,0,8,8,8192,256,8,FULL:8,FULL,tp4dp2moetp1ep8,4,2,1,8,False,False,True
engine_dp:1:step:453,engine_core_dp_step,453,1,cb_sim_vllm_like,32000x1000_b16,453,pure_decode,0,8,8,0,8,8,8192,256,8,FULL:8,FULL,tp4dp2moetp1ep8,4,2,1,8,False,False,True
engine_dp:1:step:454,engine_core_dp_step,454,1,cb_sim_vllm_like,32000x1000_b16,454,pure_decode,0,8,8,0,8,8,8192,256,8,FULL:8,FULL,tp4dp2moetp1ep8,4,2,1,8,False,False,True
engine_dp:1:step:455,engine_core_dp_step,455,1,cb_sim_vllm_like,32000x1000_b16,455,pure_decode,0,8,8,0,8,8,8192,256,8,FULL:8,FULL,tp4dp2moetp1ep8,4,2,1,8,False,False,True
engine_dp:1:step:456,engine_core_dp_step,456,1,cb_sim_vllm_like,32000x1000_b16,456,pure_decode,0,8,8,0,8,8,8192,256,8,FULL:8,FULL,tp4dp2moetp1ep8,4,2,1,8,False,False,True
engine_dp:1:step:457,engine_core_dp_step,457,1,cb_sim_vllm_like,32000x1000_b16,457,pure_decode,0,8,8,0,8,8,8192,256,8,FULL:8,FULL,tp4dp2moetp1ep8,4,2,1,8,False,False,True
engine_dp:1:step:458,engine_core_dp_step,458,1,cb_sim_vllm_like,32000x1000_b16,458,pure_decode,0,8,8,0,8,8,8192,256,8,FULL:8,FULL,tp4dp2moetp1ep8,4,2,1,8,False,False,True
engine_dp:1:step:459,engine_core_dp_step,459,1,cb_sim_vllm_like,32000x1000_b16,459,pure_decode,0,8,8,0,8,8,8192,256,8,FULL:8,FULL,tp4dp2moetp1ep8,4,2,1,8,False,False,True
engine_dp:1:step:460,engine_core_dp_step,460,1,cb_sim_vllm_like,32000x1000_b16,460,pure_decode,0,8,8,0,8,8,8192,256,8,FULL:8,FULL,tp4dp2moetp1ep8,4,2,1,8,False,False,True
engine_dp:1:step:461,engine_core_dp_step,461,1,cb_sim_vllm_like,32000x1000_b16,461,pure_decode,0,8,8,0,8,8,8192,256,8,FULL:8,FULL,tp4dp2moetp1ep8,4,2,1,8,False,False,True
engine_dp:1:step:462,engine_core_dp_step,462,1,cb_sim_vllm_like,32000x1000_b16,462,pure_decode,0,8,8,0,8,8,8192,256,8,FULL:8,FULL,tp4dp2moetp1ep8,4,2,1,8,False,False,True
engine_dp:1:step:463,engine_core_dp_step,463,1,cb_sim_vllm_like,32000x1000_b16,463,pure_decode,0,8,8,0,8,8,8192,256,8,FULL:8,FULL,tp4dp2moetp1ep8,4,2,1,8,False,False,True
engine_dp:1:step:464,engine_core_dp_step,464,1,cb_sim_vllm_like,32000x1000_b16,464,pure_decode,0,8,8,0,8,8,8192,256,8,FULL:8,FULL,tp4dp2moetp1ep8,4,2,1,8,False,False,True
engine_dp:1:step:465,engine_core_dp_step,465,1,cb_sim_vllm_like,32000x1000_b16,465,pure_decode,0,8,8,0,8,8,8192,256,8,FULL:8,FULL,tp4dp2moetp1ep8,4,2,1,8,False,False,True
engine_dp:1:step:466,engine_core_dp_step,466,1,cb_sim_vllm_like,32000x1000_b16,466,pure_decode,0,8,8,0,8,8,8192,256,8,FULL:8,FULL,tp4dp2moetp1ep8,4,2,1,8,False,False,True
engine_dp:1:step:467,engine_core_dp_step,467,1,cb_sim_vllm_like,32000x1000_b16,467,pure_decode,0,8,8,0,8,8,8192,256,8,FULL:8,FULL,tp4dp2moetp1ep8,4,2,1,8,False,False,True
engine_dp:1:step:468,engine_core_dp_step,468,1,cb_sim_vllm_like,32000x1000_b16,468,pure_decode,0,8,8,0,8,8,8192,256,8,FULL:8,FULL,tp4dp2moetp1ep8,4,2,1,8,False,False,True
engine_dp:1:step:469,engine_core_dp_step,469,1,cb_sim_vllm_like,32000x1000_b16,469,pure_decode,0,8,8,0,8,8,8192,256,8,FULL:8,FULL,tp4dp2moetp1ep8,4,2,1,8,False,False,True
engine_dp:1:step:470,engine_core_dp_step,470,1,cb_sim_vllm_like,32000x1000_b16,470,pure_decode,0,8,8,0,8,8,8192,256,8,FULL:8,FULL,tp4dp2moetp1ep8,4,2,1,8,False,False,True
engine_dp:1:step:471,engine_core_dp_step,471,1,cb_sim_vllm_like,32000x1000_b16,471,pure_decode,0,8,8,0,8,8,8192,256,8,FULL:8,FULL,tp4dp2moetp1ep8,4,2,1,8,False,False,True
engine_dp:1:step:472,engine_core_dp_step,472,1,cb_sim_vllm_like,32000x1000_b16,472,pure_decode,0,8,8,0,8,8,8192,256,8,FULL:8,FULL,tp4dp2moetp1ep8,4,2,1,8,False,False,True
engine_dp:1:step:473,engine_core_dp_step,473,1,cb_sim_vllm_like,32000x1000_b16,473,pure_decode,0,8,8,0,8,8,8192,256,8,FULL:8,FULL,tp4dp2moetp1ep8,4,2,1,8,False,False,True
engine_dp:1:step:474,engine_core_dp_step,474,1,cb_sim_vllm_like,32000x1000_b16,474,pure_decode,0,8,8,0,8,8,8192,256,8,FULL:8,FULL,tp4dp2moetp1ep8,4,2,1,8,False,False,True
engine_dp:1:step:475,engine_core_dp_step,475,1,cb_sim_vllm_like,32000x1000_b16,475,pure_decode,0,8,8,0,8,8,8192,256,8,FULL:8,FULL,tp4dp2moetp1ep8,4,2,1,8,False,False,True
engine_dp:1:step:476,engine_core_dp_step,476,1,cb_sim_vllm_like,32000x1000_b16,476,pure_decode,0,8,8,0,8,8,8192,256,8,FULL:8,FULL,tp4dp2moetp1ep8,4,2,1,8,False,False,True
engine_dp:1:step:477,engine_core_dp_step,477,1,cb_sim_vllm_like,32000x1000_b16,477,pure_decode,0,8,8,0,8,8,8192,256,8,FULL:8,FULL,tp4dp2moetp1ep8,4,2,1,8,False,False,True
engine_dp:1:step:478,engine_core_dp_step,478,1,cb_sim_vllm_like,32000x1000_b16,478,pure_decode,0,8,8,0,8,8,8192,256,8,FULL:8,FULL,tp4dp2moetp1ep8,4,2,1,8,False,False,True
engine_dp:1:step:479,engine_core_dp_step,479,1,cb_sim_vllm_like,32000x1000_b16,479,pure_decode,0,8,8,0,8,8,8192,256,8,FULL:8,FULL,tp4dp2moetp1ep8,4,2,1,8,False,False,True
engine_dp:1:step:480,engine_core_dp_step,480,1,cb_sim_vllm_like,32000x1000_b16,480,pure_decode,0,8,8,0,8,8,8192,256,8,FULL:8,FULL,tp4dp2moetp1ep8,4,2,1,8,False,False,True
engine_dp:1:step:481,engine_core_dp_step,481,1,cb_sim_vllm_like,32000x1000_b16,481,pure_decode,0,8,8,0,8,8,8192,256,8,FULL:8,FULL,tp4dp2moetp1ep8,4,2,1,8,False,False,True
engine_dp:1:step:482,engine_core_dp_step,482,1,cb_sim_vllm_like,32000x1000_b16,482,pure_decode,0,8,8,0,8,8,8192,256,8,FULL:8,FULL,tp4dp2moetp1ep8,4,2,1,8,False,False,True
engine_dp:1:step:483,engine_core_dp_step,483,1,cb_sim_vllm_like,32000x1000_b16,483,pure_decode,0,8,8,0,8,8,8192,256,8,FULL:8,FULL,tp4dp2moetp1ep8,4,2,1,8,False,False,True
engine_dp:1:step:484,engine_core_dp_step,484,1,cb_sim_vllm_like,32000x1000_b16,484,pure_decode,0,8,8,0,8,8,8192,256,8,FULL:8,FULL,tp4dp2moetp1ep8,4,2,1,8,False,False,True
engine_dp:1:step:485,engine_core_dp_step,485,1,cb_sim_vllm_like,32000x1000_b16,485,pure_decode,0,8,8,0,8,8,8192,256,8,FULL:8,FULL,tp4dp2moetp1ep8,4,2,1,8,False,False,True
engine_dp:1:step:486,engine_core_dp_step,486,1,cb_sim_vllm_like,32000x1000_b16,486,pure_decode,0,8,8,0,8,8,8192,256,8,FULL:8,FULL,tp4dp2moetp1ep8,4,2,1,8,False,False,True
engine_dp:1:step:487,engine_core_dp_step,487,1,cb_sim_vllm_like,32000x1000_b16,487,pure_decode,0,8,8,0,8,8,8192,256,8,FULL:8,FULL,tp4dp2moetp1ep8,4,2,1,8,False,False,True
engine_dp:1:step:488,engine_core_dp_step,488,1,cb_sim_vllm_like,32000x1000_b16,488,pure_decode,0,8,8,0,8,8,8192,256,8,FULL:8,FULL,tp4dp2moetp1ep8,4,2,1,8,False,False,True
engine_dp:1:step:489,engine_core_dp_step,489,1,cb_sim_vllm_like,32000x1000_b16,489,pure_decode,0,8,8,0,8,8,8192,256,8,FULL:8,FULL,tp4dp2moetp1ep8,4,2,1,8,False,False,True
engine_dp:1:step:490,engine_core_dp_step,490,1,cb_sim_vllm_like,32000x1000_b16,490,pure_decode,0,8,8,0,8,8,8192,256,8,FULL:8,FULL,tp4dp2moetp1ep8,4,2,1,8,False,False,True
engine_dp:1:step:491,engine_core_dp_step,491,1,cb_sim_vllm_like,32000x1000_b16,491,pure_decode,0,8,8,0,8,8,8192,256,8,FULL:8,FULL,tp4dp2moetp1ep8,4,2,1,8,False,False,True
engine_dp:1:step:492,engine_core_dp_step,492,1,cb_sim_vllm_like,32000x1000_b16,492,pure_decode,0,8,8,0,8,8,8192,256,8,FULL:8,FULL,tp4dp2moetp1ep8,4,2,1,8,False,False,True
engine_dp:1:step:493,engine_core_dp_step,493,1,cb_sim_vllm_like,32000x1000_b16,493,pure_decode,0,8,8,0,8,8,8192,256,8,FULL:8,FULL,tp4dp2moetp1ep8,4,2,1,8,False,False,True
engine_dp:1:step:494,engine_core_dp_step,494,1,cb_sim_vllm_like,32000x1000_b16,494,pure_decode,0,8,8,0,8,8,8192,256,8,FULL:8,FULL,tp4dp2moetp1ep8,4,2,1,8,False,False,True
engine_dp:1:step:495,engine_core_dp_step,495,1,cb_sim_vllm_like,32000x1000_b16,495,pure_decode,0,8,8,0,8,8,8192,256,8,FULL:8,FULL,tp4dp2moetp1ep8,4,2,1,8,False,False,True
engine_dp:1:step:496,engine_core_dp_step,496,1,cb_sim_vllm_like,32000x1000_b16,496,pure_decode,0,8,8,0,8,8,8192,256,8,FULL:8,FULL,tp4dp2moetp1ep8,4,2,1,8,False,False,True
engine_dp:1:step:497,engine_core_dp_step,497,1,cb_sim_vllm_like,32000x1000_b16,497,pure_decode,0,8,8,0,8,8,8192,256,8,FULL:8,FULL,tp4dp2moetp1ep8,4,2,1,8,False,False,True
engine_dp:1:step:498,engine_core_dp_step,498,1,cb_sim_vllm_like,32000x1000_b16,498,pure_decode,0,8,8,0,8,8,8192,256,8,FULL:8,FULL,tp4dp2moetp1ep8,4,2,1,8,False,False,True
engine_dp:1:step:499,engine_core_dp_step,499,1,cb_sim_vllm_like,32000x1000_b16,499,pure_decode,0,8,8,0,8,8,8192,256,8,FULL:8,FULL,tp4dp2moetp1ep8,4,2,1,8,False,False,True
engine_dp:1:step:500,engine_core_dp_step,500,1,cb_sim_vllm_like,32000x1000_b16,500,pure_decode,0,8,8,0,8,8,8192,256,8,FULL:8,FULL,tp4dp2moetp1ep8,4,2,1,8,False,False,True
engine_dp:1:step:501,engine_core_dp_step,501,1,cb_sim_vllm_like,32000x1000_b16,501,pure_decode,0,8,8,0,8,8,8192,256,8,FULL:8,FULL,tp4dp2moetp1ep8,4,2,1,8,False,False,True
engine_dp:1:step:502,engine_core_dp_step,502,1,cb_sim_vllm_like,32000x1000_b16,502,pure_decode,0,8,8,0,8,8,8192,256,8,FULL:8,FULL,tp4dp2moetp1ep8,4,2,1,8,False,False,True
engine_dp:1:step:503,engine_core_dp_step,503,1,cb_sim_vllm_like,32000x1000_b16,503,pure_decode,0,8,8,0,8,8,8192,256,8,FULL:8,FULL,tp4dp2moetp1ep8,4,2,1,8,False,False,True
engine_dp:1:step:504,engine_core_dp_step,504,1,cb_sim_vllm_like,32000x1000_b16,504,pure_decode,0,8,8,0,8,8,8192,256,8,FULL:8,FULL,tp4dp2moetp1ep8,4,2,1,8,False,False,True
engine_dp:1:step:505,engine_core_dp_step,505,1,cb_sim_vllm_like,32000x1000_b16,505,pure_decode,0,8,8,0,8,8,8192,256,8,FULL:8,FULL,tp4dp2moetp1ep8,4,2,1,8,False,False,True
engine_dp:1:step:506,engine_core_dp_step,506,1,cb_sim_vllm_like,32000x1000_b16,506,pure_decode,0,8,8,0,8,8,8192,256,8,FULL:8,FULL,tp4dp2moetp1ep8,4,2,1,8,False,False,True
engine_dp:1:step:507,engine_core_dp_step,507,1,cb_sim_vllm_like,32000x1000_b16,507,pure_decode,0,8,8,0,8,8,8192,256,8,FULL:8,FULL,tp4dp2moetp1ep8,4,2,1,8,False,False,True
engine_dp:1:step:508,engine_core_dp_step,508,1,cb_sim_vllm_like,32000x1000_b16,508,pure_decode,0,8,8,0,8,8,8192,256,8,FULL:8,FULL,tp4dp2moetp1ep8,4,2,1,8,False,False,True
engine_dp:1:step:509,engine_core_dp_step,509,1,cb_sim_vllm_like,32000x1000_b16,509,pure_decode,0,8,8,0,8,8,8192,256,8,FULL:8,FULL,tp4dp2moetp1ep8,4,2,1,8,False,False,True
engine_dp:1:step:510,engine_core_dp_step,510,1,cb_sim_vllm_like,32000x1000_b16,510,pure_decode,0,8,8,0,8,8,8192,256,8,FULL:8,FULL,tp4dp2moetp1ep8,4,2,1,8,False,False,True
engine_dp:1:step:511,engine_core_dp_step,511,1,cb_sim_vllm_like,32000x1000_b16,511,pure_decode,0,8,8,0,8,8,8192,256,8,FULL:8,FULL,tp4dp2moetp1ep8,4,2,1,8,False,False,True
engine_dp:1:step:512,engine_core_dp_step,512,1,cb_sim_vllm_like,32000x1000_b16,512,pure_decode,0,8,8,0,8,8,8192,256,8,FULL:8,FULL,tp4dp2moetp1ep8,4,2,1,8,False,False,True
engine_dp:1:step:513,engine_core_dp_step,513,1,cb_sim_vllm_like,32000x1000_b16,513,pure_decode,0,8,8,0,8,8,8192,256,8,FULL:8,FULL,tp4dp2moetp1ep8,4,2,1,8,False,False,True
engine_dp:1:step:514,engine_core_dp_step,514,1,cb_sim_vllm_like,32000x1000_b16,514,pure_decode,0,8,8,0,8,8,8192,256,8,FULL:8,FULL,tp4dp2moetp1ep8,4,2,1,8,False,False,True
engine_dp:1:step:515,engine_core_dp_step,515,1,cb_sim_vllm_like,32000x1000_b16,515,pure_decode,0,8,8,0,8,8,8192,256,8,FULL:8,FULL,tp4dp2moetp1ep8,4,2,1,8,False,False,True
engine_dp:1:step:516,engine_core_dp_step,516,1,cb_sim_vllm_like,32000x1000_b16,516,pure_decode,0,8,8,0,8,8,8192,256,8,FULL:8,FULL,tp4dp2moetp1ep8,4,2,1,8,False,False,True
engine_dp:1:step:517,engine_core_dp_step,517,1,cb_sim_vllm_like,32000x1000_b16,517,pure_decode,0,8,8,0,8,8,8192,256,8,FULL:8,FULL,tp4dp2moetp1ep8,4,2,1,8,False,False,True
engine_dp:1:step:518,engine_core_dp_step,518,1,cb_sim_vllm_like,32000x1000_b16,518,pure_decode,0,8,8,0,8,8,8192,256,8,FULL:8,FULL,tp4dp2moetp1ep8,4,2,1,8,False,False,True
engine_dp:1:step:519,engine_core_dp_step,519,1,cb_sim_vllm_like,32000x1000_b16,519,pure_decode,0,8,8,0,8,8,8192,256,8,FULL:8,FULL,tp4dp2moetp1ep8,4,2,1,8,False,False,True
engine_dp:1:step:520,engine_core_dp_step,520,1,cb_sim_vllm_like,32000x1000_b16,520,pure_decode,0,8,8,0,8,8,8192,256,8,FULL:8,FULL,tp4dp2moetp1ep8,4,2,1,8,False,False,True
engine_dp:1:step:521,engine_core_dp_step,521,1,cb_sim_vllm_like,32000x1000_b16,521,pure_decode,0,8,8,0,8,8,8192,256,8,FULL:8,FULL,tp4dp2moetp1ep8,4,2,1,8,False,False,True
engine_dp:1:step:522,engine_core_dp_step,522,1,cb_sim_vllm_like,32000x1000_b16,522,pure_decode,0,8,8,0,8,8,8192,256,8,FULL:8,FULL,tp4dp2moetp1ep8,4,2,1,8,False,False,True
engine_dp:1:step:523,engine_core_dp_step,523,1,cb_sim_vllm_like,32000x1000_b16,523,pure_decode,0,8,8,0,8,8,8192,256,8,FULL:8,FULL,tp4dp2moetp1ep8,4,2,1,8,False,False,True
engine_dp:1:step:524,engine_core_dp_step,524,1,cb_sim_vllm_like,32000x1000_b16,524,pure_decode,0,8,8,0,8,8,8192,256,8,FULL:8,FULL,tp4dp2moetp1ep8,4,2,1,8,False,False,True
engine_dp:1:step:525,engine_core_dp_step,525,1,cb_sim_vllm_like,32000x1000_b16,525,pure_decode,0,8,8,0,8,8,8192,256,8,FULL:8,FULL,tp4dp2moetp1ep8,4,2,1,8,False,False,True
engine_dp:1:step:526,engine_core_dp_step,526,1,cb_sim_vllm_like,32000x1000_b16,526,pure_decode,0,8,8,0,8,8,8192,256,8,FULL:8,FULL,tp4dp2moetp1ep8,4,2,1,8,False,False,True
engine_dp:1:step:527,engine_core_dp_step,527,1,cb_sim_vllm_like,32000x1000_b16,527,pure_decode,0,8,8,0,8,8,8192,256,8,FULL:8,FULL,tp4dp2moetp1ep8,4,2,1,8,False,False,True
engine_dp:1:step:528,engine_core_dp_step,528,1,cb_sim_vllm_like,32000x1000_b16,528,pure_decode,0,8,8,0,8,8,8192,256,8,FULL:8,FULL,tp4dp2moetp1ep8,4,2,1,8,False,False,True
engine_dp:1:step:529,engine_core_dp_step,529,1,cb_sim_vllm_like,32000x1000_b16,529,pure_decode,0,8,8,0,8,8,8192,256,8,FULL:8,FULL,tp4dp2moetp1ep8,4,2,1,8,False,False,True
engine_dp:1:step:530,engine_core_dp_step,530,1,cb_sim_vllm_like,32000x1000_b16,530,pure_decode,0,8,8,0,8,8,8192,256,8,FULL:8,FULL,tp4dp2moetp1ep8,4,2,1,8,False,False,True
engine_dp:1:step:531,engine_core_dp_step,531,1,cb_sim_vllm_like,32000x1000_b16,531,pure_decode,0,8,8,0,8,8,8192,256,8,FULL:8,FULL,tp4dp2moetp1ep8,4,2,1,8,False,False,True
engine_dp:1:step:532,engine_core_dp_step,532,1,cb_sim_vllm_like,32000x1000_b16,532,pure_decode,0,8,8,0,8,8,8192,256,8,FULL:8,FULL,tp4dp2moetp1ep8,4,2,1,8,False,False,True
engine_dp:1:step:533,engine_core_dp_step,533,1,cb_sim_vllm_like,32000x1000_b16,533,pure_decode,0,8,8,0,8,8,8192,256,8,FULL:8,FULL,tp4dp2moetp1ep8,4,2,1,8,False,False,True
engine_dp:1:step:534,engine_core_dp_step,534,1,cb_sim_vllm_like,32000x1000_b16,534,pure_decode,0,8,8,0,8,8,8192,256,8,FULL:8,FULL,tp4dp2moetp1ep8,4,2,1,8,False,False,True
engine_dp:1:step:535,engine_core_dp_step,535,1,cb_sim_vllm_like,32000x1000_b16,535,pure_decode,0,8,8,0,8,8,8192,256,8,FULL:8,FULL,tp4dp2moetp1ep8,4,2,1,8,False,False,True
engine_dp:1:step:536,engine_core_dp_step,536,1,cb_sim_vllm_like,32000x1000_b16,536,pure_decode,0,8,8,0,8,8,8192,256,8,FULL:8,FULL,tp4dp2moetp1ep8,4,2,1,8,False,False,True
engine_dp:1:step:537,engine_core_dp_step,537,1,cb_sim_vllm_like,32000x1000_b16,537,pure_decode,0,8,8,0,8,8,8192,256,8,FULL:8,FULL,tp4dp2moetp1ep8,4,2,1,8,False,False,True
engine_dp:1:step:538,engine_core_dp_step,538,1,cb_sim_vllm_like,32000x1000_b16,538,pure_decode,0,8,8,0,8,8,8192,256,8,FULL:8,FULL,tp4dp2moetp1ep8,4,2,1,8,False,False,True
engine_dp:1:step:539,engine_core_dp_step,539,1,cb_sim_vllm_like,32000x1000_b16,539,pure_decode,0,8,8,0,8,8,8192,256,8,FULL:8,FULL,tp4dp2moetp1ep8,4,2,1,8,False,False,True
engine_dp:1:step:540,engine_core_dp_step,540,1,cb_sim_vllm_like,32000x1000_b16,540,pure_decode,0,8,8,0,8,8,8192,256,8,FULL:8,FULL,tp4dp2moetp1ep8,4,2,1,8,False,False,True
engine_dp:1:step:541,engine_core_dp_step,541,1,cb_sim_vllm_like,32000x1000_b16,541,pure_decode,0,8,8,0,8,8,8192,256,8,FULL:8,FULL,tp4dp2moetp1ep8,4,2,1,8,False,False,True
engine_dp:1:step:542,engine_core_dp_step,542,1,cb_sim_vllm_like,32000x1000_b16,542,pure_decode,0,8,8,0,8,8,8192,256,8,FULL:8,FULL,tp4dp2moetp1ep8,4,2,1,8,False,False,True
engine_dp:1:step:543,engine_core_dp_step,543,1,cb_sim_vllm_like,32000x1000_b16,543,pure_decode,0,8,8,0,8,8,8192,256,8,FULL:8,FULL,tp4dp2moetp1ep8,4,2,1,8,False,False,True
engine_dp:1:step:544,engine_core_dp_step,544,1,cb_sim_vllm_like,32000x1000_b16,544,pure_decode,0,8,8,0,8,8,8192,256,8,FULL:8,FULL,tp4dp2moetp1ep8,4,2,1,8,False,False,True
engine_dp:1:step:545,engine_core_dp_step,545,1,cb_sim_vllm_like,32000x1000_b16,545,pure_decode,0,8,8,0,8,8,8192,256,8,FULL:8,FULL,tp4dp2moetp1ep8,4,2,1,8,False,False,True
engine_dp:1:step:546,engine_core_dp_step,546,1,cb_sim_vllm_like,32000x1000_b16,546,pure_decode,0,8,8,0,8,8,8192,256,8,FULL:8,FULL,tp4dp2moetp1ep8,4,2,1,8,False,False,True
engine_dp:1:step:547,engine_core_dp_step,547,1,cb_sim_vllm_like,32000x1000_b16,547,pure_decode,0,8,8,0,8,8,8192,256,8,FULL:8,FULL,tp4dp2moetp1ep8,4,2,1,8,False,False,True
engine_dp:1:step:548,engine_core_dp_step,548,1,cb_sim_vllm_like,32000x1000_b16,548,pure_decode,0,8,8,0,8,8,8192,256,8,FULL:8,FULL,tp4dp2moetp1ep8,4,2,1,8,False,False,True
engine_dp:1:step:549,engine_core_dp_step,549,1,cb_sim_vllm_like,32000x1000_b16,549,pure_decode,0,8,8,0,8,8,8192,256,8,FULL:8,FULL,tp4dp2moetp1ep8,4,2,1,8,False,False,True
engine_dp:1:step:550,engine_core_dp_step,550,1,cb_sim_vllm_like,32000x1000_b16,550,pure_decode,0,8,8,0,8,8,8192,256,8,FULL:8,FULL,tp4dp2moetp1ep8,4,2,1,8,False,False,True
engine_dp:1:step:551,engine_core_dp_step,551,1,cb_sim_vllm_like,32000x1000_b16,551,pure_decode,0,8,8,0,8,8,8192,256,8,FULL:8,FULL,tp4dp2moetp1ep8,4,2,1,8,False,False,True
engine_dp:1:step:552,engine_core_dp_step,552,1,cb_sim_vllm_like,32000x1000_b16,552,pure_decode,0,8,8,0,8,8,8192,256,8,FULL:8,FULL,tp4dp2moetp1ep8,4,2,1,8,False,False,True
engine_dp:1:step:553,engine_core_dp_step,553,1,cb_sim_vllm_like,32000x1000_b16,553,pure_decode,0,8,8,0,8,8,8192,256,8,FULL:8,FULL,tp4dp2moetp1ep8,4,2,1,8,False,False,True
engine_dp:1:step:554,engine_core_dp_step,554,1,cb_sim_vllm_like,32000x1000_b16,554,pure_decode,0,8,8,0,8,8,8192,256,8,FULL:8,FULL,tp4dp2moetp1ep8,4,2,1,8,False,False,True
engine_dp:1:step:555,engine_core_dp_step,555,1,cb_sim_vllm_like,32000x1000_b16,555,pure_decode,0,8,8,0,8,8,8192,256,8,FULL:8,FULL,tp4dp2moetp1ep8,4,2,1,8,False,False,True
engine_dp:1:step:556,engine_core_dp_step,556,1,cb_sim_vllm_like,32000x1000_b16,556,pure_decode,0,8,8,0,8,8,8192,256,8,FULL:8,FULL,tp4dp2moetp1ep8,4,2,1,8,False,False,True
engine_dp:1:step:557,engine_core_dp_step,557,1,cb_sim_vllm_like,32000x1000_b16,557,pure_decode,0,8,8,0,8,8,8192,256,8,FULL:8,FULL,tp4dp2moetp1ep8,4,2,1,8,False,False,True
engine_dp:1:step:558,engine_core_dp_step,558,1,cb_sim_vllm_like,32000x1000_b16,558,pure_decode,0,8,8,0,8,8,8192,256,8,FULL:8,FULL,tp4dp2moetp1ep8,4,2,1,8,False,False,True
engine_dp:1:step:559,engine_core_dp_step,559,1,cb_sim_vllm_like,32000x1000_b16,559,pure_decode,0,8,8,0,8,8,8192,256,8,FULL:8,FULL,tp4dp2moetp1ep8,4,2,1,8,False,False,True
engine_dp:1:step:560,engine_core_dp_step,560,1,cb_sim_vllm_like,32000x1000_b16,560,pure_decode,0,8,8,0,8,8,8192,256,8,FULL:8,FULL,tp4dp2moetp1ep8,4,2,1,8,False,False,True
engine_dp:1:step:561,engine_core_dp_step,561,1,cb_sim_vllm_like,32000x1000_b16,561,pure_decode,0,8,8,0,8,8,8192,256,8,FULL:8,FULL,tp4dp2moetp1ep8,4,2,1,8,False,False,True
engine_dp:1:step:562,engine_core_dp_step,562,1,cb_sim_vllm_like,32000x1000_b16,562,pure_decode,0,8,8,0,8,8,8192,256,8,FULL:8,FULL,tp4dp2moetp1ep8,4,2,1,8,False,False,True
engine_dp:1:step:563,engine_core_dp_step,563,1,cb_sim_vllm_like,32000x1000_b16,563,pure_decode,0,8,8,0,8,8,8192,256,8,FULL:8,FULL,tp4dp2moetp1ep8,4,2,1,8,False,False,True
engine_dp:1:step:564,engine_core_dp_step,564,1,cb_sim_vllm_like,32000x1000_b16,564,pure_decode,0,8,8,0,8,8,8192,256,8,FULL:8,FULL,tp4dp2moetp1ep8,4,2,1,8,False,False,True
engine_dp:1:step:565,engine_core_dp_step,565,1,cb_sim_vllm_like,32000x1000_b16,565,pure_decode,0,8,8,0,8,8,8192,256,8,FULL:8,FULL,tp4dp2moetp1ep8,4,2,1,8,False,False,True
engine_dp:1:step:566,engine_core_dp_step,566,1,cb_sim_vllm_like,32000x1000_b16,566,pure_decode,0,8,8,0,8,8,8192,256,8,FULL:8,FULL,tp4dp2moetp1ep8,4,2,1,8,False,False,True
engine_dp:1:step:567,engine_core_dp_step,567,1,cb_sim_vllm_like,32000x1000_b16,567,pure_decode,0,8,8,0,8,8,8192,256,8,FULL:8,FULL,tp4dp2moetp1ep8,4,2,1,8,False,False,True
engine_dp:1:step:568,engine_core_dp_step,568,1,cb_sim_vllm_like,32000x1000_b16,568,pure_decode,0,8,8,0,8,8,8192,256,8,FULL:8,FULL,tp4dp2moetp1ep8,4,2,1,8,False,False,True
engine_dp:1:step:569,engine_core_dp_step,569,1,cb_sim_vllm_like,32000x1000_b16,569,pure_decode,0,8,8,0,8,8,8192,256,8,FULL:8,FULL,tp4dp2moetp1ep8,4,2,1,8,False,False,True
engine_dp:1:step:570,engine_core_dp_step,570,1,cb_sim_vllm_like,32000x1000_b16,570,pure_decode,0,8,8,0,8,8,8192,256,8,FULL:8,FULL,tp4dp2moetp1ep8,4,2,1,8,False,False,True
engine_dp:1:step:571,engine_core_dp_step,571,1,cb_sim_vllm_like,32000x1000_b16,571,pure_decode,0,8,8,0,8,8,8192,256,8,FULL:8,FULL,tp4dp2moetp1ep8,4,2,1,8,False,False,True
engine_dp:1:step:572,engine_core_dp_step,572,1,cb_sim_vllm_like,32000x1000_b16,572,pure_decode,0,8,8,0,8,8,8192,256,8,FULL:8,FULL,tp4dp2moetp1ep8,4,2,1,8,False,False,True
engine_dp:1:step:573,engine_core_dp_step,573,1,cb_sim_vllm_like,32000x1000_b16,573,pure_decode,0,8,8,0,8,8,8192,256,8,FULL:8,FULL,tp4dp2moetp1ep8,4,2,1,8,False,False,True
engine_dp:1:step:574,engine_core_dp_step,574,1,cb_sim_vllm_like,32000x1000_b16,574,pure_decode,0,8,8,0,8,8,8192,256,8,FULL:8,FULL,tp4dp2moetp1ep8,4,2,1,8,False,False,True
engine_dp:1:step:575,engine_core_dp_step,575,1,cb_sim_vllm_like,32000x1000_b16,575,pure_decode,0,8,8,0,8,8,8192,256,8,FULL:8,FULL,tp4dp2moetp1ep8,4,2,1,8,False,False,True
engine_dp:1:step:576,engine_core_dp_step,576,1,cb_sim_vllm_like,32000x1000_b16,576,pure_decode,0,8,8,0,8,8,8192,256,8,FULL:8,FULL,tp4dp2moetp1ep8,4,2,1,8,False,False,True
engine_dp:1:step:577,engine_core_dp_step,577,1,cb_sim_vllm_like,32000x1000_b16,577,pure_decode,0,8,8,0,8,8,8192,256,8,FULL:8,FULL,tp4dp2moetp1ep8,4,2,1,8,False,False,True
engine_dp:1:step:578,engine_core_dp_step,578,1,cb_sim_vllm_like,32000x1000_b16,578,pure_decode,0,8,8,0,8,8,8192,256,8,FULL:8,FULL,tp4dp2moetp1ep8,4,2,1,8,False,False,True
engine_dp:1:step:579,engine_core_dp_step,579,1,cb_sim_vllm_like,32000x1000_b16,579,pure_decode,0,8,8,0,8,8,8192,256,8,FULL:8,FULL,tp4dp2moetp1ep8,4,2,1,8,False,False,True
engine_dp:1:step:580,engine_core_dp_step,580,1,cb_sim_vllm_like,32000x1000_b16,580,pure_decode,0,8,8,0,8,8,8192,256,8,FULL:8,FULL,tp4dp2moetp1ep8,4,2,1,8,False,False,True
engine_dp:1:step:581,engine_core_dp_step,581,1,cb_sim_vllm_like,32000x1000_b16,581,pure_decode,0,8,8,0,8,8,8192,256,8,FULL:8,FULL,tp4dp2moetp1ep8,4,2,1,8,False,False,True
engine_dp:1:step:582,engine_core_dp_step,582,1,cb_sim_vllm_like,32000x1000_b16,582,pure_decode,0,8,8,0,8,8,8192,256,8,FULL:8,FULL,tp4dp2moetp1ep8,4,2,1,8,False,False,True
engine_dp:1:step:583,engine_core_dp_step,583,1,cb_sim_vllm_like,32000x1000_b16,583,pure_decode,0,8,8,0,8,8,8192,256,8,FULL:8,FULL,tp4dp2moetp1ep8,4,2,1,8,False,False,True
engine_dp:1:step:584,engine_core_dp_step,584,1,cb_sim_vllm_like,32000x1000_b16,584,pure_decode,0,8,8,0,8,8,8192,256,8,FULL:8,FULL,tp4dp2moetp1ep8,4,2,1,8,False,False,True
engine_dp:1:step:585,engine_core_dp_step,585,1,cb_sim_vllm_like,32000x1000_b16,585,pure_decode,0,8,8,0,8,8,8192,256,8,FULL:8,FULL,tp4dp2moetp1ep8,4,2,1,8,False,False,True
engine_dp:1:step:586,engine_core_dp_step,586,1,cb_sim_vllm_like,32000x1000_b16,586,pure_decode,0,8,8,0,8,8,8192,256,8,FULL:8,FULL,tp4dp2moetp1ep8,4,2,1,8,False,False,True
engine_dp:1:step:587,engine_core_dp_step,587,1,cb_sim_vllm_like,32000x1000_b16,587,pure_decode,0,8,8,0,8,8,8192,256,8,FULL:8,FULL,tp4dp2moetp1ep8,4,2,1,8,False,False,True
engine_dp:1:step:588,engine_core_dp_step,588,1,cb_sim_vllm_like,32000x1000_b16,588,pure_decode,0,8,8,0,8,8,8192,256,8,FULL:8,FULL,tp4dp2moetp1ep8,4,2,1,8,False,False,True
engine_dp:1:step:589,engine_core_dp_step,589,1,cb_sim_vllm_like,32000x1000_b16,589,pure_decode,0,8,8,0,8,8,8192,256,8,FULL:8,FULL,tp4dp2moetp1ep8,4,2,1,8,False,False,True
engine_dp:1:step:590,engine_core_dp_step,590,1,cb_sim_vllm_like,32000x1000_b16,590,pure_decode,0,8,8,0,8,8,8192,256,8,FULL:8,FULL,tp4dp2moetp1ep8,4,2,1,8,False,False,True
engine_dp:1:step:591,engine_core_dp_step,591,1,cb_sim_vllm_like,32000x1000_b16,591,pure_decode,0,8,8,0,8,8,8192,256,8,FULL:8,FULL,tp4dp2moetp1ep8,4,2,1,8,False,False,True
engine_dp:1:step:592,engine_core_dp_step,592,1,cb_sim_vllm_like,32000x1000_b16,592,pure_decode,0,8,8,0,8,8,8192,256,8,FULL:8,FULL,tp4dp2moetp1ep8,4,2,1,8,False,False,True
engine_dp:1:step:593,engine_core_dp_step,593,1,cb_sim_vllm_like,32000x1000_b16,593,pure_decode,0,8,8,0,8,8,8192,256,8,FULL:8,FULL,tp4dp2moetp1ep8,4,2,1,8,False,False,True
engine_dp:1:step:594,engine_core_dp_step,594,1,cb_sim_vllm_like,32000x1000_b16,594,pure_decode,0,8,8,0,8,8,8192,256,8,FULL:8,FULL,tp4dp2moetp1ep8,4,2,1,8,False,False,True
engine_dp:1:step:595,engine_core_dp_step,595,1,cb_sim_vllm_like,32000x1000_b16,595,pure_decode,0,8,8,0,8,8,8192,256,8,FULL:8,FULL,tp4dp2moetp1ep8,4,2,1,8,False,False,True
engine_dp:1:step:596,engine_core_dp_step,596,1,cb_sim_vllm_like,32000x1000_b16,596,pure_decode,0,8,8,0,8,8,8192,256,8,FULL:8,FULL,tp4dp2moetp1ep8,4,2,1,8,False,False,True
engine_dp:1:step:597,engine_core_dp_step,597,1,cb_sim_vllm_like,32000x1000_b16,597,pure_decode,0,8,8,0,8,8,8192,256,8,FULL:8,FULL,tp4dp2moetp1ep8,4,2,1,8,False,False,True
engine_dp:1:step:598,engine_core_dp_step,598,1,cb_sim_vllm_like,32000x1000_b16,598,pure_decode,0,8,8,0,8,8,8192,256,8,FULL:8,FULL,tp4dp2moetp1ep8,4,2,1,8,False,False,True
engine_dp:1:step:599,engine_core_dp_step,599,1,cb_sim_vllm_like,32000x1000_b16,599,pure_decode,0,8,8,0,8,8,8192,256,8,FULL:8,FULL,tp4dp2moetp1ep8,4,2,1,8,False,False,True
engine_dp:1:step:600,engine_core_dp_step,600,1,cb_sim_vllm_like,32000x1000_b16,600,pure_decode,0,8,8,0,8,8,8192,256,8,FULL:8,FULL,tp4dp2moetp1ep8,4,2,1,8,False,False,True
engine_dp:1:step:601,engine_core_dp_step,601,1,cb_sim_vllm_like,32000x1000_b16,601,pure_decode,0,8,8,0,8,8,8192,256,8,FULL:8,FULL,tp4dp2moetp1ep8,4,2,1,8,False,False,True
engine_dp:1:step:602,engine_core_dp_step,602,1,cb_sim_vllm_like,32000x1000_b16,602,pure_decode,0,8,8,0,8,8,8192,256,8,FULL:8,FULL,tp4dp2moetp1ep8,4,2,1,8,False,False,True
engine_dp:1:step:603,engine_core_dp_step,603,1,cb_sim_vllm_like,32000x1000_b16,603,pure_decode,0,8,8,0,8,8,8192,256,8,FULL:8,FULL,tp4dp2moetp1ep8,4,2,1,8,False,False,True
engine_dp:1:step:604,engine_core_dp_step,604,1,cb_sim_vllm_like,32000x1000_b16,604,pure_decode,0,8,8,0,8,8,8192,256,8,FULL:8,FULL,tp4dp2moetp1ep8,4,2,1,8,False,False,True
engine_dp:1:step:605,engine_core_dp_step,605,1,cb_sim_vllm_like,32000x1000_b16,605,pure_decode,0,8,8,0,8,8,8192,256,8,FULL:8,FULL,tp4dp2moetp1ep8,4,2,1,8,False,False,True
engine_dp:1:step:606,engine_core_dp_step,606,1,cb_sim_vllm_like,32000x1000_b16,606,pure_decode,0,8,8,0,8,8,8192,256,8,FULL:8,FULL,tp4dp2moetp1ep8,4,2,1,8,False,False,True
engine_dp:1:step:607,engine_core_dp_step,607,1,cb_sim_vllm_like,32000x1000_b16,607,pure_decode,0,8,8,0,8,8,8192,256,8,FULL:8,FULL,tp4dp2moetp1ep8,4,2,1,8,False,False,True
engine_dp:1:step:608,engine_core_dp_step,608,1,cb_sim_vllm_like,32000x1000_b16,608,pure_decode,0,8,8,0,8,8,8192,256,8,FULL:8,FULL,tp4dp2moetp1ep8,4,2,1,8,False,False,True
engine_dp:1:step:609,engine_core_dp_step,609,1,cb_sim_vllm_like,32000x1000_b16,609,pure_decode,0,8,8,0,8,8,8192,256,8,FULL:8,FULL,tp4dp2moetp1ep8,4,2,1,8,False,False,True
engine_dp:1:step:610,engine_core_dp_step,610,1,cb_sim_vllm_like,32000x1000_b16,610,pure_decode,0,8,8,0,8,8,8192,256,8,FULL:8,FULL,tp4dp2moetp1ep8,4,2,1,8,False,False,True
engine_dp:1:step:611,engine_core_dp_step,611,1,cb_sim_vllm_like,32000x1000_b16,611,pure_decode,0,8,8,0,8,8,8192,256,8,FULL:8,FULL,tp4dp2moetp1ep8,4,2,1,8,False,False,True
engine_dp:1:step:612,engine_core_dp_step,612,1,cb_sim_vllm_like,32000x1000_b16,612,pure_decode,0,8,8,0,8,8,8192,256,8,FULL:8,FULL,tp4dp2moetp1ep8,4,2,1,8,False,False,True
engine_dp:1:step:613,engine_core_dp_step,613,1,cb_sim_vllm_like,32000x1000_b16,613,pure_decode,0,8,8,0,8,8,8192,256,8,FULL:8,FULL,tp4dp2moetp1ep8,4,2,1,8,False,False,True
engine_dp:1:step:614,engine_core_dp_step,614,1,cb_sim_vllm_like,32000x1000_b16,614,pure_decode,0,8,8,0,8,8,8192,256,8,FULL:8,FULL,tp4dp2moetp1ep8,4,2,1,8,False,False,True
engine_dp:1:step:615,engine_core_dp_step,615,1,cb_sim_vllm_like,32000x1000_b16,615,pure_decode,0,8,8,0,8,8,8192,256,8,FULL:8,FULL,tp4dp2moetp1ep8,4,2,1,8,False,False,True
engine_dp:1:step:616,engine_core_dp_step,616,1,cb_sim_vllm_like,32000x1000_b16,616,pure_decode,0,8,8,0,8,8,8192,256,8,FULL:8,FULL,tp4dp2moetp1ep8,4,2,1,8,False,False,True
engine_dp:1:step:617,engine_core_dp_step,617,1,cb_sim_vllm_like,32000x1000_b16,617,pure_decode,0,8,8,0,8,8,8192,256,8,FULL:8,FULL,tp4dp2moetp1ep8,4,2,1,8,False,False,True
engine_dp:1:step:618,engine_core_dp_step,618,1,cb_sim_vllm_like,32000x1000_b16,618,pure_decode,0,8,8,0,8,8,8192,256,8,FULL:8,FULL,tp4dp2moetp1ep8,4,2,1,8,False,False,True
engine_dp:1:step:619,engine_core_dp_step,619,1,cb_sim_vllm_like,32000x1000_b16,619,pure_decode,0,8,8,0,8,8,8192,256,8,FULL:8,FULL,tp4dp2moetp1ep8,4,2,1,8,False,False,True
engine_dp:1:step:620,engine_core_dp_step,620,1,cb_sim_vllm_like,32000x1000_b16,620,pure_decode,0,8,8,0,8,8,8192,256,8,FULL:8,FULL,tp4dp2moetp1ep8,4,2,1,8,False,False,True
engine_dp:1:step:621,engine_core_dp_step,621,1,cb_sim_vllm_like,32000x1000_b16,621,pure_decode,0,8,8,0,8,8,8192,256,8,FULL:8,FULL,tp4dp2moetp1ep8,4,2,1,8,False,False,True
engine_dp:1:step:622,engine_core_dp_step,622,1,cb_sim_vllm_like,32000x1000_b16,622,pure_decode,0,8,8,0,8,8,8192,256,8,FULL:8,FULL,tp4dp2moetp1ep8,4,2,1,8,False,False,True
engine_dp:1:step:623,engine_core_dp_step,623,1,cb_sim_vllm_like,32000x1000_b16,623,pure_decode,0,8,8,0,8,8,8192,256,8,FULL:8,FULL,tp4dp2moetp1ep8,4,2,1,8,False,False,True
engine_dp:1:step:624,engine_core_dp_step,624,1,cb_sim_vllm_like,32000x1000_b16,624,pure_decode,0,8,8,0,8,8,8192,256,8,FULL:8,FULL,tp4dp2moetp1ep8,4,2,1,8,False,False,True
engine_dp:1:step:625,engine_core_dp_step,625,1,cb_sim_vllm_like,32000x1000_b16,625,pure_decode,0,8,8,0,8,8,8192,256,8,FULL:8,FULL,tp4dp2moetp1ep8,4,2,1,8,False,False,True
engine_dp:1:step:626,engine_core_dp_step,626,1,cb_sim_vllm_like,32000x1000_b16,626,pure_decode,0,8,8,0,8,8,8192,256,8,FULL:8,FULL,tp4dp2moetp1ep8,4,2,1,8,False,False,True
engine_dp:1:step:627,engine_core_dp_step,627,1,cb_sim_vllm_like,32000x1000_b16,627,pure_decode,0,8,8,0,8,8,8192,256,8,FULL:8,FULL,tp4dp2moetp1ep8,4,2,1,8,False,False,True
engine_dp:1:step:628,engine_core_dp_step,628,1,cb_sim_vllm_like,32000x1000_b16,628,pure_decode,0,8,8,0,8,8,8192,256,8,FULL:8,FULL,tp4dp2moetp1ep8,4,2,1,8,False,False,True
engine_dp:1:step:629,engine_core_dp_step,629,1,cb_sim_vllm_like,32000x1000_b16,629,pure_decode,0,8,8,0,8,8,8192,256,8,FULL:8,FULL,tp4dp2moetp1ep8,4,2,1,8,False,False,True
engine_dp:1:step:630,engine_core_dp_step,630,1,cb_sim_vllm_like,32000x1000_b16,630,pure_decode,0,8,8,0,8,8,8192,256,8,FULL:8,FULL,tp4dp2moetp1ep8,4,2,1,8,False,False,True
engine_dp:1:step:631,engine_core_dp_step,631,1,cb_sim_vllm_like,32000x1000_b16,631,pure_decode,0,8,8,0,8,8,8192,256,8,FULL:8,FULL,tp4dp2moetp1ep8,4,2,1,8,False,False,True
engine_dp:1:step:632,engine_core_dp_step,632,1,cb_sim_vllm_like,32000x1000_b16,632,pure_decode,0,8,8,0,8,8,8192,256,8,FULL:8,FULL,tp4dp2moetp1ep8,4,2,1,8,False,False,True
engine_dp:1:step:633,engine_core_dp_step,633,1,cb_sim_vllm_like,32000x1000_b16,633,pure_decode,0,8,8,0,8,8,8192,256,8,FULL:8,FULL,tp4dp2moetp1ep8,4,2,1,8,False,False,True
engine_dp:1:step:634,engine_core_dp_step,634,1,cb_sim_vllm_like,32000x1000_b16,634,pure_decode,0,8,8,0,8,8,8192,256,8,FULL:8,FULL,tp4dp2moetp1ep8,4,2,1,8,False,False,True
engine_dp:1:step:635,engine_core_dp_step,635,1,cb_sim_vllm_like,32000x1000_b16,635,pure_decode,0,8,8,0,8,8,8192,256,8,FULL:8,FULL,tp4dp2moetp1ep8,4,2,1,8,False,False,True
engine_dp:1:step:636,engine_core_dp_step,636,1,cb_sim_vllm_like,32000x1000_b16,636,pure_decode,0,8,8,0,8,8,8192,256,8,FULL:8,FULL,tp4dp2moetp1ep8,4,2,1,8,False,False,True
engine_dp:1:step:637,engine_core_dp_step,637,1,cb_sim_vllm_like,32000x1000_b16,637,pure_decode,0,8,8,0,8,8,8192,256,8,FULL:8,FULL,tp4dp2moetp1ep8,4,2,1,8,False,False,True
engine_dp:1:step:638,engine_core_dp_step,638,1,cb_sim_vllm_like,32000x1000_b16,638,pure_decode,0,8,8,0,8,8,8192,256,8,FULL:8,FULL,tp4dp2moetp1ep8,4,2,1,8,False,False,True
engine_dp:1:step:639,engine_core_dp_step,639,1,cb_sim_vllm_like,32000x1000_b16,639,pure_decode,0,8,8,0,8,8,8192,256,8,FULL:8,FULL,tp4dp2moetp1ep8,4,2,1,8,False,False,True
engine_dp:1:step:640,engine_core_dp_step,640,1,cb_sim_vllm_like,32000x1000_b16,640,pure_decode,0,8,8,0,8,8,8192,256,8,FULL:8,FULL,tp4dp2moetp1ep8,4,2,1,8,False,False,True
engine_dp:1:step:641,engine_core_dp_step,641,1,cb_sim_vllm_like,32000x1000_b16,641,pure_decode,0,8,8,0,8,8,8192,256,8,FULL:8,FULL,tp4dp2moetp1ep8,4,2,1,8,False,False,True
engine_dp:1:step:642,engine_core_dp_step,642,1,cb_sim_vllm_like,32000x1000_b16,642,pure_decode,0,8,8,0,8,8,8192,256,8,FULL:8,FULL,tp4dp2moetp1ep8,4,2,1,8,False,False,True
engine_dp:1:step:643,engine_core_dp_step,643,1,cb_sim_vllm_like,32000x1000_b16,643,pure_decode,0,8,8,0,8,8,8192,256,8,FULL:8,FULL,tp4dp2moetp1ep8,4,2,1,8,False,False,True
engine_dp:1:step:644,engine_core_dp_step,644,1,cb_sim_vllm_like,32000x1000_b16,644,pure_decode,0,8,8,0,8,8,8192,256,8,FULL:8,FULL,tp4dp2moetp1ep8,4,2,1,8,False,False,True
engine_dp:1:step:645,engine_core_dp_step,645,1,cb_sim_vllm_like,32000x1000_b16,645,pure_decode,0,8,8,0,8,8,8192,256,8,FULL:8,FULL,tp4dp2moetp1ep8,4,2,1,8,False,False,True
engine_dp:1:step:646,engine_core_dp_step,646,1,cb_sim_vllm_like,32000x1000_b16,646,pure_decode,0,8,8,0,8,8,8192,256,8,FULL:8,FULL,tp4dp2moetp1ep8,4,2,1,8,False,False,True
engine_dp:1:step:647,engine_core_dp_step,647,1,cb_sim_vllm_like,32000x1000_b16,647,pure_decode,0,8,8,0,8,8,8192,256,8,FULL:8,FULL,tp4dp2moetp1ep8,4,2,1,8,False,False,True
engine_dp:1:step:648,engine_core_dp_step,648,1,cb_sim_vllm_like,32000x1000_b16,648,pure_decode,0,8,8,0,8,8,8192,256,8,FULL:8,FULL,tp4dp2moetp1ep8,4,2,1,8,False,False,True
engine_dp:1:step:649,engine_core_dp_step,649,1,cb_sim_vllm_like,32000x1000_b16,649,pure_decode,0,8,8,0,8,8,8192,256,8,FULL:8,FULL,tp4dp2moetp1ep8,4,2,1,8,False,False,True
engine_dp:1:step:650,engine_core_dp_step,650,1,cb_sim_vllm_like,32000x1000_b16,650,pure_decode,0,8,8,0,8,8,8192,256,8,FULL:8,FULL,tp4dp2moetp1ep8,4,2,1,8,False,False,True
engine_dp:1:step:651,engine_core_dp_step,651,1,cb_sim_vllm_like,32000x1000_b16,651,pure_decode,0,8,8,0,8,8,8192,256,8,FULL:8,FULL,tp4dp2moetp1ep8,4,2,1,8,False,False,True
engine_dp:1:step:652,engine_core_dp_step,652,1,cb_sim_vllm_like,32000x1000_b16,652,pure_decode,0,8,8,0,8,8,8192,256,8,FULL:8,FULL,tp4dp2moetp1ep8,4,2,1,8,False,False,True
engine_dp:1:step:653,engine_core_dp_step,653,1,cb_sim_vllm_like,32000x1000_b16,653,pure_decode,0,8,8,0,8,8,8192,256,8,FULL:8,FULL,tp4dp2moetp1ep8,4,2,1,8,False,False,True
engine_dp:1:step:654,engine_core_dp_step,654,1,cb_sim_vllm_like,32000x1000_b16,654,pure_decode,0,8,8,0,8,8,8192,256,8,FULL:8,FULL,tp4dp2moetp1ep8,4,2,1,8,False,False,True
engine_dp:1:step:655,engine_core_dp_step,655,1,cb_sim_vllm_like,32000x1000_b16,655,pure_decode,0,8,8,0,8,8,8192,256,8,FULL:8,FULL,tp4dp2moetp1ep8,4,2,1,8,False,False,True
engine_dp:1:step:656,engine_core_dp_step,656,1,cb_sim_vllm_like,32000x1000_b16,656,pure_decode,0,8,8,0,8,8,8192,256,8,FULL:8,FULL,tp4dp2moetp1ep8,4,2,1,8,False,False,True
engine_dp:1:step:657,engine_core_dp_step,657,1,cb_sim_vllm_like,32000x1000_b16,657,pure_decode,0,8,8,0,8,8,8192,256,8,FULL:8,FULL,tp4dp2moetp1ep8,4,2,1,8,False,False,True
engine_dp:1:step:658,engine_core_dp_step,658,1,cb_sim_vllm_like,32000x1000_b16,658,pure_decode,0,8,8,0,8,8,8192,256,8,FULL:8,FULL,tp4dp2moetp1ep8,4,2,1,8,False,False,True
engine_dp:1:step:659,engine_core_dp_step,659,1,cb_sim_vllm_like,32000x1000_b16,659,pure_decode,0,8,8,0,8,8,8192,256,8,FULL:8,FULL,tp4dp2moetp1ep8,4,2,1,8,False,False,True
engine_dp:1:step:660,engine_core_dp_step,660,1,cb_sim_vllm_like,32000x1000_b16,660,pure_decode,0,8,8,0,8,8,8192,256,8,FULL:8,FULL,tp4dp2moetp1ep8,4,2,1,8,False,False,True
engine_dp:1:step:661,engine_core_dp_step,661,1,cb_sim_vllm_like,32000x1000_b16,661,pure_decode,0,8,8,0,8,8,8192,256,8,FULL:8,FULL,tp4dp2moetp1ep8,4,2,1,8,False,False,True
engine_dp:1:step:662,engine_core_dp_step,662,1,cb_sim_vllm_like,32000x1000_b16,662,pure_decode,0,8,8,0,8,8,8192,256,8,FULL:8,FULL,tp4dp2moetp1ep8,4,2,1,8,False,False,True
engine_dp:1:step:663,engine_core_dp_step,663,1,cb_sim_vllm_like,32000x1000_b16,663,pure_decode,0,8,8,0,8,8,8192,256,8,FULL:8,FULL,tp4dp2moetp1ep8,4,2,1,8,False,False,True
engine_dp:1:step:664,engine_core_dp_step,664,1,cb_sim_vllm_like,32000x1000_b16,664,pure_decode,0,8,8,0,8,8,8192,256,8,FULL:8,FULL,tp4dp2moetp1ep8,4,2,1,8,False,False,True
engine_dp:1:step:665,engine_core_dp_step,665,1,cb_sim_vllm_like,32000x1000_b16,665,pure_decode,0,8,8,0,8,8,8192,256,8,FULL:8,FULL,tp4dp2moetp1ep8,4,2,1,8,False,False,True
engine_dp:1:step:666,engine_core_dp_step,666,1,cb_sim_vllm_like,32000x1000_b16,666,pure_decode,0,8,8,0,8,8,8192,256,8,FULL:8,FULL,tp4dp2moetp1ep8,4,2,1,8,False,False,True
engine_dp:1:step:667,engine_core_dp_step,667,1,cb_sim_vllm_like,32000x1000_b16,667,pure_decode,0,8,8,0,8,8,8192,256,8,FULL:8,FULL,tp4dp2moetp1ep8,4,2,1,8,False,False,True
engine_dp:1:step:668,engine_core_dp_step,668,1,cb_sim_vllm_like,32000x1000_b16,668,pure_decode,0,8,8,0,8,8,8192,256,8,FULL:8,FULL,tp4dp2moetp1ep8,4,2,1,8,False,False,True
engine_dp:1:step:669,engine_core_dp_step,669,1,cb_sim_vllm_like,32000x1000_b16,669,pure_decode,0,8,8,0,8,8,8192,256,8,FULL:8,FULL,tp4dp2moetp1ep8,4,2,1,8,False,False,True
engine_dp:1:step:670,engine_core_dp_step,670,1,cb_sim_vllm_like,32000x1000_b16,670,pure_decode,0,8,8,0,8,8,8192,256,8,FULL:8,FULL,tp4dp2moetp1ep8,4,2,1,8,False,False,True
engine_dp:1:step:671,engine_core_dp_step,671,1,cb_sim_vllm_like,32000x1000_b16,671,pure_decode,0,8,8,0,8,8,8192,256,8,FULL:8,FULL,tp4dp2moetp1ep8,4,2,1,8,False,False,True
engine_dp:1:step:672,engine_core_dp_step,672,1,cb_sim_vllm_like,32000x1000_b16,672,pure_decode,0,8,8,0,8,8,8192,256,8,FULL:8,FULL,tp4dp2moetp1ep8,4,2,1,8,False,False,True
engine_dp:1:step:673,engine_core_dp_step,673,1,cb_sim_vllm_like,32000x1000_b16,673,pure_decode,0,8,8,0,8,8,8192,256,8,FULL:8,FULL,tp4dp2moetp1ep8,4,2,1,8,False,False,True
engine_dp:1:step:674,engine_core_dp_step,674,1,cb_sim_vllm_like,32000x1000_b16,674,pure_decode,0,8,8,0,8,8,8192,256,8,FULL:8,FULL,tp4dp2moetp1ep8,4,2,1,8,False,False,True
engine_dp:1:step:675,engine_core_dp_step,675,1,cb_sim_vllm_like,32000x1000_b16,675,pure_decode,0,8,8,0,8,8,8192,256,8,FULL:8,FULL,tp4dp2moetp1ep8,4,2,1,8,False,False,True
engine_dp:1:step:676,engine_core_dp_step,676,1,cb_sim_vllm_like,32000x1000_b16,676,pure_decode,0,8,8,0,8,8,8192,256,8,FULL:8,FULL,tp4dp2moetp1ep8,4,2,1,8,False,False,True
engine_dp:1:step:677,engine_core_dp_step,677,1,cb_sim_vllm_like,32000x1000_b16,677,pure_decode,0,8,8,0,8,8,8192,256,8,FULL:8,FULL,tp4dp2moetp1ep8,4,2,1,8,False,False,True
engine_dp:1:step:678,engine_core_dp_step,678,1,cb_sim_vllm_like,32000x1000_b16,678,pure_decode,0,8,8,0,8,8,8192,256,8,FULL:8,FULL,tp4dp2moetp1ep8,4,2,1,8,False,False,True
engine_dp:1:step:679,engine_core_dp_step,679,1,cb_sim_vllm_like,32000x1000_b16,679,pure_decode,0,8,8,0,8,8,8192,256,8,FULL:8,FULL,tp4dp2moetp1ep8,4,2,1,8,False,False,True
engine_dp:1:step:680,engine_core_dp_step,680,1,cb_sim_vllm_like,32000x1000_b16,680,pure_decode,0,8,8,0,8,8,8192,256,8,FULL:8,FULL,tp4dp2moetp1ep8,4,2,1,8,False,False,True
engine_dp:1:step:681,engine_core_dp_step,681,1,cb_sim_vllm_like,32000x1000_b16,681,pure_decode,0,8,8,0,8,8,8192,256,8,FULL:8,FULL,tp4dp2moetp1ep8,4,2,1,8,False,False,True
engine_dp:1:step:682,engine_core_dp_step,682,1,cb_sim_vllm_like,32000x1000_b16,682,pure_decode,0,8,8,0,8,8,8192,256,8,FULL:8,FULL,tp4dp2moetp1ep8,4,2,1,8,False,False,True
engine_dp:1:step:683,engine_core_dp_step,683,1,cb_sim_vllm_like,32000x1000_b16,683,pure_decode,0,8,8,0,8,8,8192,256,8,FULL:8,FULL,tp4dp2moetp1ep8,4,2,1,8,False,False,True
engine_dp:1:step:684,engine_core_dp_step,684,1,cb_sim_vllm_like,32000x1000_b16,684,pure_decode,0,8,8,0,8,8,8192,256,8,FULL:8,FULL,tp4dp2moetp1ep8,4,2,1,8,False,False,True
engine_dp:1:step:685,engine_core_dp_step,685,1,cb_sim_vllm_like,32000x1000_b16,685,pure_decode,0,8,8,0,8,8,8192,256,8,FULL:8,FULL,tp4dp2moetp1ep8,4,2,1,8,False,False,True
engine_dp:1:step:686,engine_core_dp_step,686,1,cb_sim_vllm_like,32000x1000_b16,686,pure_decode,0,8,8,0,8,8,8192,256,8,FULL:8,FULL,tp4dp2moetp1ep8,4,2,1,8,False,False,True
engine_dp:1:step:687,engine_core_dp_step,687,1,cb_sim_vllm_like,32000x1000_b16,687,pure_decode,0,8,8,0,8,8,8192,256,8,FULL:8,FULL,tp4dp2moetp1ep8,4,2,1,8,False,False,True
engine_dp:1:step:688,engine_core_dp_step,688,1,cb_sim_vllm_like,32000x1000_b16,688,pure_decode,0,8,8,0,8,8,8192,256,8,FULL:8,FULL,tp4dp2moetp1ep8,4,2,1,8,False,False,True
engine_dp:1:step:689,engine_core_dp_step,689,1,cb_sim_vllm_like,32000x1000_b16,689,pure_decode,0,8,8,0,8,8,8192,256,8,FULL:8,FULL,tp4dp2moetp1ep8,4,2,1,8,False,False,True
engine_dp:1:step:690,engine_core_dp_step,690,1,cb_sim_vllm_like,32000x1000_b16,690,pure_decode,0,8,8,0,8,8,8192,256,8,FULL:8,FULL,tp4dp2moetp1ep8,4,2,1,8,False,False,True
engine_dp:1:step:691,engine_core_dp_step,691,1,cb_sim_vllm_like,32000x1000_b16,691,pure_decode,0,8,8,0,8,8,8192,256,8,FULL:8,FULL,tp4dp2moetp1ep8,4,2,1,8,False,False,True
engine_dp:1:step:692,engine_core_dp_step,692,1,cb_sim_vllm_like,32000x1000_b16,692,pure_decode,0,8,8,0,8,8,8192,256,8,FULL:8,FULL,tp4dp2moetp1ep8,4,2,1,8,False,False,True
engine_dp:1:step:693,engine_core_dp_step,693,1,cb_sim_vllm_like,32000x1000_b16,693,pure_decode,0,8,8,0,8,8,8192,256,8,FULL:8,FULL,tp4dp2moetp1ep8,4,2,1,8,False,False,True
engine_dp:1:step:694,engine_core_dp_step,694,1,cb_sim_vllm_like,32000x1000_b16,694,pure_decode,0,8,8,0,8,8,8192,256,8,FULL:8,FULL,tp4dp2moetp1ep8,4,2,1,8,False,False,True
engine_dp:1:step:695,engine_core_dp_step,695,1,cb_sim_vllm_like,32000x1000_b16,695,pure_decode,0,8,8,0,8,8,8192,256,8,FULL:8,FULL,tp4dp2moetp1ep8,4,2,1,8,False,False,True
engine_dp:1:step:696,engine_core_dp_step,696,1,cb_sim_vllm_like,32000x1000_b16,696,pure_decode,0,8,8,0,8,8,8192,256,8,FULL:8,FULL,tp4dp2moetp1ep8,4,2,1,8,False,False,True
engine_dp:1:step:697,engine_core_dp_step,697,1,cb_sim_vllm_like,32000x1000_b16,697,pure_decode,0,8,8,0,8,8,8192,256,8,FULL:8,FULL,tp4dp2moetp1ep8,4,2,1,8,False,False,True
engine_dp:1:step:698,engine_core_dp_step,698,1,cb_sim_vllm_like,32000x1000_b16,698,pure_decode,0,8,8,0,8,8,8192,256,8,FULL:8,FULL,tp4dp2moetp1ep8,4,2,1,8,False,False,True
engine_dp:1:step:699,engine_core_dp_step,699,1,cb_sim_vllm_like,32000x1000_b16,699,pure_decode,0,8,8,0,8,8,8192,256,8,FULL:8,FULL,tp4dp2moetp1ep8,4,2,1,8,False,False,True
engine_dp:1:step:700,engine_core_dp_step,700,1,cb_sim_vllm_like,32000x1000_b16,700,pure_decode,0,8,8,0,8,8,8192,256,8,FULL:8,FULL,tp4dp2moetp1ep8,4,2,1,8,False,False,True
engine_dp:1:step:701,engine_core_dp_step,701,1,cb_sim_vllm_like,32000x1000_b16,701,pure_decode,0,8,8,0,8,8,8192,256,8,FULL:8,FULL,tp4dp2moetp1ep8,4,2,1,8,False,False,True
engine_dp:1:step:702,engine_core_dp_step,702,1,cb_sim_vllm_like,32000x1000_b16,702,pure_decode,0,8,8,0,8,8,8192,256,8,FULL:8,FULL,tp4dp2moetp1ep8,4,2,1,8,False,False,True
engine_dp:1:step:703,engine_core_dp_step,703,1,cb_sim_vllm_like,32000x1000_b16,703,pure_decode,0,8,8,0,8,8,8192,256,8,FULL:8,FULL,tp4dp2moetp1ep8,4,2,1,8,False,False,True
engine_dp:1:step:704,engine_core_dp_step,704,1,cb_sim_vllm_like,32000x1000_b16,704,pure_decode,0,8,8,0,8,8,8192,256,8,FULL:8,FULL,tp4dp2moetp1ep8,4,2,1,8,False,False,True
engine_dp:1:step:705,engine_core_dp_step,705,1,cb_sim_vllm_like,32000x1000_b16,705,pure_decode,0,8,8,0,8,8,8192,256,8,FULL:8,FULL,tp4dp2moetp1ep8,4,2,1,8,False,False,True
engine_dp:1:step:706,engine_core_dp_step,706,1,cb_sim_vllm_like,32000x1000_b16,706,pure_decode,0,8,8,0,8,8,8192,256,8,FULL:8,FULL,tp4dp2moetp1ep8,4,2,1,8,False,False,True
engine_dp:1:step:707,engine_core_dp_step,707,1,cb_sim_vllm_like,32000x1000_b16,707,pure_decode,0,8,8,0,8,8,8192,256,8,FULL:8,FULL,tp4dp2moetp1ep8,4,2,1,8,False,False,True
engine_dp:1:step:708,engine_core_dp_step,708,1,cb_sim_vllm_like,32000x1000_b16,708,pure_decode,0,8,8,0,8,8,8192,256,8,FULL:8,FULL,tp4dp2moetp1ep8,4,2,1,8,False,False,True
engine_dp:1:step:709,engine_core_dp_step,709,1,cb_sim_vllm_like,32000x1000_b16,709,pure_decode,0,8,8,0,8,8,8192,256,8,FULL:8,FULL,tp4dp2moetp1ep8,4,2,1,8,False,False,True
engine_dp:1:step:710,engine_core_dp_step,710,1,cb_sim_vllm_like,32000x1000_b16,710,pure_decode,0,8,8,0,8,8,8192,256,8,FULL:8,FULL,tp4dp2moetp1ep8,4,2,1,8,False,False,True
engine_dp:1:step:711,engine_core_dp_step,711,1,cb_sim_vllm_like,32000x1000_b16,711,pure_decode,0,8,8,0,8,8,8192,256,8,FULL:8,FULL,tp4dp2moetp1ep8,4,2,1,8,False,False,True
engine_dp:1:step:712,engine_core_dp_step,712,1,cb_sim_vllm_like,32000x1000_b16,712,pure_decode,0,8,8,0,8,8,8192,256,8,FULL:8,FULL,tp4dp2moetp1ep8,4,2,1,8,False,False,True
engine_dp:1:step:713,engine_core_dp_step,713,1,cb_sim_vllm_like,32000x1000_b16,713,pure_decode,0,8,8,0,8,8,8192,256,8,FULL:8,FULL,tp4dp2moetp1ep8,4,2,1,8,False,False,True
engine_dp:1:step:714,engine_core_dp_step,714,1,cb_sim_vllm_like,32000x1000_b16,714,pure_decode,0,8,8,0,8,8,8192,256,8,FULL:8,FULL,tp4dp2moetp1ep8,4,2,1,8,False,False,True
engine_dp:1:step:715,engine_core_dp_step,715,1,cb_sim_vllm_like,32000x1000_b16,715,pure_decode,0,8,8,0,8,8,8192,256,8,FULL:8,FULL,tp4dp2moetp1ep8,4,2,1,8,False,False,True
engine_dp:1:step:716,engine_core_dp_step,716,1,cb_sim_vllm_like,32000x1000_b16,716,pure_decode,0,8,8,0,8,8,8192,256,8,FULL:8,FULL,tp4dp2moetp1ep8,4,2,1,8,False,False,True
engine_dp:1:step:717,engine_core_dp_step,717,1,cb_sim_vllm_like,32000x1000_b16,717,pure_decode,0,8,8,0,8,8,8192,256,8,FULL:8,FULL,tp4dp2moetp1ep8,4,2,1,8,False,False,True
engine_dp:1:step:718,engine_core_dp_step,718,1,cb_sim_vllm_like,32000x1000_b16,718,pure_decode,0,8,8,0,8,8,8192,256,8,FULL:8,FULL,tp4dp2moetp1ep8,4,2,1,8,False,False,True
engine_dp:1:step:719,engine_core_dp_step,719,1,cb_sim_vllm_like,32000x1000_b16,719,pure_decode,0,8,8,0,8,8,8192,256,8,FULL:8,FULL,tp4dp2moetp1ep8,4,2,1,8,False,False,True
engine_dp:1:step:720,engine_core_dp_step,720,1,cb_sim_vllm_like,32000x1000_b16,720,pure_decode,0,8,8,0,8,8,8192,256,8,FULL:8,FULL,tp4dp2moetp1ep8,4,2,1,8,False,False,True
engine_dp:1:step:721,engine_core_dp_step,721,1,cb_sim_vllm_like,32000x1000_b16,721,pure_decode,0,8,8,0,8,8,8192,256,8,FULL:8,FULL,tp4dp2moetp1ep8,4,2,1,8,False,False,True
engine_dp:1:step:722,engine_core_dp_step,722,1,cb_sim_vllm_like,32000x1000_b16,722,pure_decode,0,8,8,0,8,8,8192,256,8,FULL:8,FULL,tp4dp2moetp1ep8,4,2,1,8,False,False,True
engine_dp:1:step:723,engine_core_dp_step,723,1,cb_sim_vllm_like,32000x1000_b16,723,pure_decode,0,8,8,0,8,8,8192,256,8,FULL:8,FULL,tp4dp2moetp1ep8,4,2,1,8,False,False,True
engine_dp:1:step:724,engine_core_dp_step,724,1,cb_sim_vllm_like,32000x1000_b16,724,pure_decode,0,8,8,0,8,8,8192,256,8,FULL:8,FULL,tp4dp2moetp1ep8,4,2,1,8,False,False,True
engine_dp:1:step:725,engine_core_dp_step,725,1,cb_sim_vllm_like,32000x1000_b16,725,pure_decode,0,8,8,0,8,8,8192,256,8,FULL:8,FULL,tp4dp2moetp1ep8,4,2,1,8,False,False,True
engine_dp:1:step:726,engine_core_dp_step,726,1,cb_sim_vllm_like,32000x1000_b16,726,pure_decode,0,8,8,0,8,8,8192,256,8,FULL:8,FULL,tp4dp2moetp1ep8,4,2,1,8,False,False,True
engine_dp:1:step:727,engine_core_dp_step,727,1,cb_sim_vllm_like,32000x1000_b16,727,pure_decode,0,8,8,0,8,8,8192,256,8,FULL:8,FULL,tp4dp2moetp1ep8,4,2,1,8,False,False,True
engine_dp:1:step:728,engine_core_dp_step,728,1,cb_sim_vllm_like,32000x1000_b16,728,pure_decode,0,8,8,0,8,8,8192,256,8,FULL:8,FULL,tp4dp2moetp1ep8,4,2,1,8,False,False,True
engine_dp:1:step:729,engine_core_dp_step,729,1,cb_sim_vllm_like,32000x1000_b16,729,pure_decode,0,8,8,0,8,8,8192,256,8,FULL:8,FULL,tp4dp2moetp1ep8,4,2,1,8,False,False,True
engine_dp:1:step:730,engine_core_dp_step,730,1,cb_sim_vllm_like,32000x1000_b16,730,pure_decode,0,8,8,0,8,8,8192,256,8,FULL:8,FULL,tp4dp2moetp1ep8,4,2,1,8,False,False,True
engine_dp:1:step:731,engine_core_dp_step,731,1,cb_sim_vllm_like,32000x1000_b16,731,pure_decode,0,8,8,0,8,8,8192,256,8,FULL:8,FULL,tp4dp2moetp1ep8,4,2,1,8,False,False,True
engine_dp:1:step:732,engine_core_dp_step,732,1,cb_sim_vllm_like,32000x1000_b16,732,pure_decode,0,8,8,0,8,8,8192,256,8,FULL:8,FULL,tp4dp2moetp1ep8,4,2,1,8,False,False,True
engine_dp:1:step:733,engine_core_dp_step,733,1,cb_sim_vllm_like,32000x1000_b16,733,pure_decode,0,8,8,0,8,8,8192,256,8,FULL:8,FULL,tp4dp2moetp1ep8,4,2,1,8,False,False,True
engine_dp:1:step:734,engine_core_dp_step,734,1,cb_sim_vllm_like,32000x1000_b16,734,pure_decode,0,8,8,0,8,8,8192,256,8,FULL:8,FULL,tp4dp2moetp1ep8,4,2,1,8,False,False,True
engine_dp:1:step:735,engine_core_dp_step,735,1,cb_sim_vllm_like,32000x1000_b16,735,pure_decode,0,8,8,0,8,8,8192,256,8,FULL:8,FULL,tp4dp2moetp1ep8,4,2,1,8,False,False,True
engine_dp:1:step:736,engine_core_dp_step,736,1,cb_sim_vllm_like,32000x1000_b16,736,pure_decode,0,8,8,0,8,8,8192,256,8,FULL:8,FULL,tp4dp2moetp1ep8,4,2,1,8,False,False,True
engine_dp:1:step:737,engine_core_dp_step,737,1,cb_sim_vllm_like,32000x1000_b16,737,pure_decode,0,8,8,0,8,8,8192,256,8,FULL:8,FULL,tp4dp2moetp1ep8,4,2,1,8,False,False,True
engine_dp:1:step:738,engine_core_dp_step,738,1,cb_sim_vllm_like,32000x1000_b16,738,pure_decode,0,8,8,0,8,8,8192,256,8,FULL:8,FULL,tp4dp2moetp1ep8,4,2,1,8,False,False,True
engine_dp:1:step:739,engine_core_dp_step,739,1,cb_sim_vllm_like,32000x1000_b16,739,pure_decode,0,8,8,0,8,8,8192,256,8,FULL:8,FULL,tp4dp2moetp1ep8,4,2,1,8,False,False,True
engine_dp:1:step:740,engine_core_dp_step,740,1,cb_sim_vllm_like,32000x1000_b16,740,pure_decode,0,8,8,0,8,8,8192,256,8,FULL:8,FULL,tp4dp2moetp1ep8,4,2,1,8,False,False,True
engine_dp:1:step:741,engine_core_dp_step,741,1,cb_sim_vllm_like,32000x1000_b16,741,pure_decode,0,8,8,0,8,8,8192,256,8,FULL:8,FULL,tp4dp2moetp1ep8,4,2,1,8,False,False,True
engine_dp:1:step:742,engine_core_dp_step,742,1,cb_sim_vllm_like,32000x1000_b16,742,pure_decode,0,8,8,0,8,8,8192,256,8,FULL:8,FULL,tp4dp2moetp1ep8,4,2,1,8,False,False,True
engine_dp:1:step:743,engine_core_dp_step,743,1,cb_sim_vllm_like,32000x1000_b16,743,pure_decode,0,8,8,0,8,8,8192,256,8,FULL:8,FULL,tp4dp2moetp1ep8,4,2,1,8,False,False,True
engine_dp:1:step:744,engine_core_dp_step,744,1,cb_sim_vllm_like,32000x1000_b16,744,pure_decode,0,8,8,0,8,8,8192,256,8,FULL:8,FULL,tp4dp2moetp1ep8,4,2,1,8,False,False,True
engine_dp:1:step:745,engine_core_dp_step,745,1,cb_sim_vllm_like,32000x1000_b16,745,pure_decode,0,8,8,0,8,8,8192,256,8,FULL:8,FULL,tp4dp2moetp1ep8,4,2,1,8,False,False,True
engine_dp:1:step:746,engine_core_dp_step,746,1,cb_sim_vllm_like,32000x1000_b16,746,pure_decode,0,8,8,0,8,8,8192,256,8,FULL:8,FULL,tp4dp2moetp1ep8,4,2,1,8,False,False,True
engine_dp:1:step:747,engine_core_dp_step,747,1,cb_sim_vllm_like,32000x1000_b16,747,pure_decode,0,8,8,0,8,8,8192,256,8,FULL:8,FULL,tp4dp2moetp1ep8,4,2,1,8,False,False,True
engine_dp:1:step:748,engine_core_dp_step,748,1,cb_sim_vllm_like,32000x1000_b16,748,pure_decode,0,8,8,0,8,8,8192,256,8,FULL:8,FULL,tp4dp2moetp1ep8,4,2,1,8,False,False,True
engine_dp:1:step:749,engine_core_dp_step,749,1,cb_sim_vllm_like,32000x1000_b16,749,pure_decode,0,8,8,0,8,8,8192,256,8,FULL:8,FULL,tp4dp2moetp1ep8,4,2,1,8,False,False,True
engine_dp:1:step:750,engine_core_dp_step,750,1,cb_sim_vllm_like,32000x1000_b16,750,pure_decode,0,8,8,0,8,8,8192,256,8,FULL:8,FULL,tp4dp2moetp1ep8,4,2,1,8,False,False,True
engine_dp:1:step:751,engine_core_dp_step,751,1,cb_sim_vllm_like,32000x1000_b16,751,pure_decode,0,8,8,0,8,8,8192,256,8,FULL:8,FULL,tp4dp2moetp1ep8,4,2,1,8,False,False,True
engine_dp:1:step:752,engine_core_dp_step,752,1,cb_sim_vllm_like,32000x1000_b16,752,pure_decode,0,8,8,0,8,8,8192,256,8,FULL:8,FULL,tp4dp2moetp1ep8,4,2,1,8,False,False,True
engine_dp:1:step:753,engine_core_dp_step,753,1,cb_sim_vllm_like,32000x1000_b16,753,pure_decode,0,8,8,0,8,8,8192,256,8,FULL:8,FULL,tp4dp2moetp1ep8,4,2,1,8,False,False,True
engine_dp:1:step:754,engine_core_dp_step,754,1,cb_sim_vllm_like,32000x1000_b16,754,pure_decode,0,8,8,0,8,8,8192,256,8,FULL:8,FULL,tp4dp2moetp1ep8,4,2,1,8,False,False,True
engine_dp:1:step:755,engine_core_dp_step,755,1,cb_sim_vllm_like,32000x1000_b16,755,pure_decode,0,8,8,0,8,8,8192,256,8,FULL:8,FULL,tp4dp2moetp1ep8,4,2,1,8,False,False,True
engine_dp:1:step:756,engine_core_dp_step,756,1,cb_sim_vllm_like,32000x1000_b16,756,pure_decode,0,8,8,0,8,8,8192,256,8,FULL:8,FULL,tp4dp2moetp1ep8,4,2,1,8,False,False,True
engine_dp:1:step:757,engine_core_dp_step,757,1,cb_sim_vllm_like,32000x1000_b16,757,pure_decode,0,8,8,0,8,8,8192,256,8,FULL:8,FULL,tp4dp2moetp1ep8,4,2,1,8,False,False,True
engine_dp:1:step:758,engine_core_dp_step,758,1,cb_sim_vllm_like,32000x1000_b16,758,pure_decode,0,8,8,0,8,8,8192,256,8,FULL:8,FULL,tp4dp2moetp1ep8,4,2,1,8,False,False,True
engine_dp:1:step:759,engine_core_dp_step,759,1,cb_sim_vllm_like,32000x1000_b16,759,pure_decode,0,8,8,0,8,8,8192,256,8,FULL:8,FULL,tp4dp2moetp1ep8,4,2,1,8,False,False,True
engine_dp:1:step:760,engine_core_dp_step,760,1,cb_sim_vllm_like,32000x1000_b16,760,pure_decode,0,8,8,0,8,8,8192,256,8,FULL:8,FULL,tp4dp2moetp1ep8,4,2,1,8,False,False,True
engine_dp:1:step:761,engine_core_dp_step,761,1,cb_sim_vllm_like,32000x1000_b16,761,pure_decode,0,8,8,0,8,8,8192,256,8,FULL:8,FULL,tp4dp2moetp1ep8,4,2,1,8,False,False,True
engine_dp:1:step:762,engine_core_dp_step,762,1,cb_sim_vllm_like,32000x1000_b16,762,pure_decode,0,8,8,0,8,8,8192,256,8,FULL:8,FULL,tp4dp2moetp1ep8,4,2,1,8,False,False,True
engine_dp:1:step:763,engine_core_dp_step,763,1,cb_sim_vllm_like,32000x1000_b16,763,pure_decode,0,8,8,0,8,8,8192,256,8,FULL:8,FULL,tp4dp2moetp1ep8,4,2,1,8,False,False,True
engine_dp:1:step:764,engine_core_dp_step,764,1,cb_sim_vllm_like,32000x1000_b16,764,pure_decode,0,8,8,0,8,8,8192,256,8,FULL:8,FULL,tp4dp2moetp1ep8,4,2,1,8,False,False,True
engine_dp:1:step:765,engine_core_dp_step,765,1,cb_sim_vllm_like,32000x1000_b16,765,pure_decode,0,8,8,0,8,8,8192,256,8,FULL:8,FULL,tp4dp2moetp1ep8,4,2,1,8,False,False,True
engine_dp:1:step:766,engine_core_dp_step,766,1,cb_sim_vllm_like,32000x1000_b16,766,pure_decode,0,8,8,0,8,8,8192,256,8,FULL:8,FULL,tp4dp2moetp1ep8,4,2,1,8,False,False,True
engine_dp:1:step:767,engine_core_dp_step,767,1,cb_sim_vllm_like,32000x1000_b16,767,pure_decode,0,8,8,0,8,8,8192,256,8,FULL:8,FULL,tp4dp2moetp1ep8,4,2,1,8,False,False,True
engine_dp:1:step:768,engine_core_dp_step,768,1,cb_sim_vllm_like,32000x1000_b16,768,pure_decode,0,8,8,0,8,8,8192,256,8,FULL:8,FULL,tp4dp2moetp1ep8,4,2,1,8,False,False,True
engine_dp:1:step:769,engine_core_dp_step,769,1,cb_sim_vllm_like,32000x1000_b16,769,pure_decode,0,8,8,0,8,8,8192,256,8,FULL:8,FULL,tp4dp2moetp1ep8,4,2,1,8,False,False,True
engine_dp:1:step:770,engine_core_dp_step,770,1,cb_sim_vllm_like,32000x1000_b16,770,pure_decode,0,8,8,0,8,8,8192,256,8,FULL:8,FULL,tp4dp2moetp1ep8,4,2,1,8,False,False,True
engine_dp:1:step:771,engine_core_dp_step,771,1,cb_sim_vllm_like,32000x1000_b16,771,pure_decode,0,8,8,0,8,8,8192,256,8,FULL:8,FULL,tp4dp2moetp1ep8,4,2,1,8,False,False,True
engine_dp:1:step:772,engine_core_dp_step,772,1,cb_sim_vllm_like,32000x1000_b16,772,pure_decode,0,8,8,0,8,8,8192,256,8,FULL:8,FULL,tp4dp2moetp1ep8,4,2,1,8,False,False,True
engine_dp:1:step:773,engine_core_dp_step,773,1,cb_sim_vllm_like,32000x1000_b16,773,pure_decode,0,8,8,0,8,8,8192,256,8,FULL:8,FULL,tp4dp2moetp1ep8,4,2,1,8,False,False,True
engine_dp:1:step:774,engine_core_dp_step,774,1,cb_sim_vllm_like,32000x1000_b16,774,pure_decode,0,8,8,0,8,8,8192,256,8,FULL:8,FULL,tp4dp2moetp1ep8,4,2,1,8,False,False,True
engine_dp:1:step:775,engine_core_dp_step,775,1,cb_sim_vllm_like,32000x1000_b16,775,pure_decode,0,8,8,0,8,8,8192,256,8,FULL:8,FULL,tp4dp2moetp1ep8,4,2,1,8,False,False,True
engine_dp:1:step:776,engine_core_dp_step,776,1,cb_sim_vllm_like,32000x1000_b16,776,pure_decode,0,8,8,0,8,8,8192,256,8,FULL:8,FULL,tp4dp2moetp1ep8,4,2,1,8,False,False,True
engine_dp:1:step:777,engine_core_dp_step,777,1,cb_sim_vllm_like,32000x1000_b16,777,pure_decode,0,8,8,0,8,8,8192,256,8,FULL:8,FULL,tp4dp2moetp1ep8,4,2,1,8,False,False,True
engine_dp:1:step:778,engine_core_dp_step,778,1,cb_sim_vllm_like,32000x1000_b16,778,pure_decode,0,8,8,0,8,8,8192,256,8,FULL:8,FULL,tp4dp2moetp1ep8,4,2,1,8,False,False,True
engine_dp:1:step:779,engine_core_dp_step,779,1,cb_sim_vllm_like,32000x1000_b16,779,pure_decode,0,8,8,0,8,8,8192,256,8,FULL:8,FULL,tp4dp2moetp1ep8,4,2,1,8,False,False,True
engine_dp:1:step:780,engine_core_dp_step,780,1,cb_sim_vllm_like,32000x1000_b16,780,pure_decode,0,8,8,0,8,8,8192,256,8,FULL:8,FULL,tp4dp2moetp1ep8,4,2,1,8,False,False,True
engine_dp:1:step:781,engine_core_dp_step,781,1,cb_sim_vllm_like,32000x1000_b16,781,pure_decode,0,8,8,0,8,8,8192,256,8,FULL:8,FULL,tp4dp2moetp1ep8,4,2,1,8,False,False,True
engine_dp:1:step:782,engine_core_dp_step,782,1,cb_sim_vllm_like,32000x1000_b16,782,pure_decode,0,8,8,0,8,8,8192,256,8,FULL:8,FULL,tp4dp2moetp1ep8,4,2,1,8,False,False,True
engine_dp:1:step:783,engine_core_dp_step,783,1,cb_sim_vllm_like,32000x1000_b16,783,pure_decode,0,8,8,0,8,8,8192,256,8,FULL:8,FULL,tp4dp2moetp1ep8,4,2,1,8,False,False,True
engine_dp:1:step:784,engine_core_dp_step,784,1,cb_sim_vllm_like,32000x1000_b16,784,pure_decode,0,8,8,0,8,8,8192,256,8,FULL:8,FULL,tp4dp2moetp1ep8,4,2,1,8,False,False,True
engine_dp:1:step:785,engine_core_dp_step,785,1,cb_sim_vllm_like,32000x1000_b16,785,pure_decode,0,8,8,0,8,8,8192,256,8,FULL:8,FULL,tp4dp2moetp1ep8,4,2,1,8,False,False,True
engine_dp:1:step:786,engine_core_dp_step,786,1,cb_sim_vllm_like,32000x1000_b16,786,pure_decode,0,8,8,0,8,8,8192,256,8,FULL:8,FULL,tp4dp2moetp1ep8,4,2,1,8,False,False,True
engine_dp:1:step:787,engine_core_dp_step,787,1,cb_sim_vllm_like,32000x1000_b16,787,pure_decode,0,8,8,0,8,8,8192,256,8,FULL:8,FULL,tp4dp2moetp1ep8,4,2,1,8,False,False,True
engine_dp:1:step:788,engine_core_dp_step,788,1,cb_sim_vllm_like,32000x1000_b16,788,pure_decode,0,8,8,0,8,8,8192,256,8,FULL:8,FULL,tp4dp2moetp1ep8,4,2,1,8,False,False,True
engine_dp:1:step:789,engine_core_dp_step,789,1,cb_sim_vllm_like,32000x1000_b16,789,pure_decode,0,8,8,0,8,8,8192,256,8,FULL:8,FULL,tp4dp2moetp1ep8,4,2,1,8,False,False,True
engine_dp:1:step:790,engine_core_dp_step,790,1,cb_sim_vllm_like,32000x1000_b16,790,pure_decode,0,8,8,0,8,8,8192,256,8,FULL:8,FULL,tp4dp2moetp1ep8,4,2,1,8,False,False,True
engine_dp:1:step:791,engine_core_dp_step,791,1,cb_sim_vllm_like,32000x1000_b16,791,pure_decode,0,8,8,0,8,8,8192,256,8,FULL:8,FULL,tp4dp2moetp1ep8,4,2,1,8,False,False,True
engine_dp:1:step:792,engine_core_dp_step,792,1,cb_sim_vllm_like,32000x1000_b16,792,pure_decode,0,8,8,0,8,8,8192,256,8,FULL:8,FULL,tp4dp2moetp1ep8,4,2,1,8,False,False,True
engine_dp:1:step:793,engine_core_dp_step,793,1,cb_sim_vllm_like,32000x1000_b16,793,pure_decode,0,8,8,0,8,8,8192,256,8,FULL:8,FULL,tp4dp2moetp1ep8,4,2,1,8,False,False,True
engine_dp:1:step:794,engine_core_dp_step,794,1,cb_sim_vllm_like,32000x1000_b16,794,pure_decode,0,8,8,0,8,8,8192,256,8,FULL:8,FULL,tp4dp2moetp1ep8,4,2,1,8,False,False,True
engine_dp:1:step:795,engine_core_dp_step,795,1,cb_sim_vllm_like,32000x1000_b16,795,pure_decode,0,8,8,0,8,8,8192,256,8,FULL:8,FULL,tp4dp2moetp1ep8,4,2,1,8,False,False,True
engine_dp:1:step:796,engine_core_dp_step,796,1,cb_sim_vllm_like,32000x1000_b16,796,pure_decode,0,8,8,0,8,8,8192,256,8,FULL:8,FULL,tp4dp2moetp1ep8,4,2,1,8,False,False,True
engine_dp:1:step:797,engine_core_dp_step,797,1,cb_sim_vllm_like,32000x1000_b16,797,pure_decode,0,8,8,0,8,8,8192,256,8,FULL:8,FULL,tp4dp2moetp1ep8,4,2,1,8,False,False,True
engine_dp:1:step:798,engine_core_dp_step,798,1,cb_sim_vllm_like,32000x1000_b16,798,pure_decode,0,8,8,0,8,8,8192,256,8,FULL:8,FULL,tp4dp2moetp1ep8,4,2,1,8,False,False,True
engine_dp:1:step:799,engine_core_dp_step,799,1,cb_sim_vllm_like,32000x1000_b16,799,pure_decode,0,8,8,0,8,8,8192,256,8,FULL:8,FULL,tp4dp2moetp1ep8,4,2,1,8,False,False,True
engine_dp:1:step:800,engine_core_dp_step,800,1,cb_sim_vllm_like,32000x1000_b16,800,pure_decode,0,8,8,0,8,8,8192,256,8,FULL:8,FULL,tp4dp2moetp1ep8,4,2,1,8,False,False,True
engine_dp:1:step:801,engine_core_dp_step,801,1,cb_sim_vllm_like,32000x1000_b16,801,pure_decode,0,8,8,0,8,8,8192,256,8,FULL:8,FULL,tp4dp2moetp1ep8,4,2,1,8,False,False,True
engine_dp:1:step:802,engine_core_dp_step,802,1,cb_sim_vllm_like,32000x1000_b16,802,pure_decode,0,8,8,0,8,8,8192,256,8,FULL:8,FULL,tp4dp2moetp1ep8,4,2,1,8,False,False,True
engine_dp:1:step:803,engine_core_dp_step,803,1,cb_sim_vllm_like,32000x1000_b16,803,pure_decode,0,8,8,0,8,8,8192,256,8,FULL:8,FULL,tp4dp2moetp1ep8,4,2,1,8,False,False,True
engine_dp:1:step:804,engine_core_dp_step,804,1,cb_sim_vllm_like,32000x1000_b16,804,pure_decode,0,8,8,0,8,8,8192,256,8,FULL:8,FULL,tp4dp2moetp1ep8,4,2,1,8,False,False,True
engine_dp:1:step:805,engine_core_dp_step,805,1,cb_sim_vllm_like,32000x1000_b16,805,pure_decode,0,8,8,0,8,8,8192,256,8,FULL:8,FULL,tp4dp2moetp1ep8,4,2,1,8,False,False,True
engine_dp:1:step:806,engine_core_dp_step,806,1,cb_sim_vllm_like,32000x1000_b16,806,pure_decode,0,8,8,0,8,8,8192,256,8,FULL:8,FULL,tp4dp2moetp1ep8,4,2,1,8,False,False,True
engine_dp:1:step:807,engine_core_dp_step,807,1,cb_sim_vllm_like,32000x1000_b16,807,pure_decode,0,8,8,0,8,8,8192,256,8,FULL:8,FULL,tp4dp2moetp1ep8,4,2,1,8,False,False,True
engine_dp:1:step:808,engine_core_dp_step,808,1,cb_sim_vllm_like,32000x1000_b16,808,pure_decode,0,8,8,0,8,8,8192,256,8,FULL:8,FULL,tp4dp2moetp1ep8,4,2,1,8,False,False,True
engine_dp:1:step:809,engine_core_dp_step,809,1,cb_sim_vllm_like,32000x1000_b16,809,pure_decode,0,8,8,0,8,8,8192,256,8,FULL:8,FULL,tp4dp2moetp1ep8,4,2,1,8,False,False,True
engine_dp:1:step:810,engine_core_dp_step,810,1,cb_sim_vllm_like,32000x1000_b16,810,pure_decode,0,8,8,0,8,8,8192,256,8,FULL:8,FULL,tp4dp2moetp1ep8,4,2,1,8,False,False,True
engine_dp:1:step:811,engine_core_dp_step,811,1,cb_sim_vllm_like,32000x1000_b16,811,pure_decode,0,8,8,0,8,8,8192,256,8,FULL:8,FULL,tp4dp2moetp1ep8,4,2,1,8,False,False,True
engine_dp:1:step:812,engine_core_dp_step,812,1,cb_sim_vllm_like,32000x1000_b16,812,pure_decode,0,8,8,0,8,8,8192,256,8,FULL:8,FULL,tp4dp2moetp1ep8,4,2,1,8,False,False,True
engine_dp:1:step:813,engine_core_dp_step,813,1,cb_sim_vllm_like,32000x1000_b16,813,pure_decode,0,8,8,0,8,8,8192,256,8,FULL:8,FULL,tp4dp2moetp1ep8,4,2,1,8,False,False,True
engine_dp:1:step:814,engine_core_dp_step,814,1,cb_sim_vllm_like,32000x1000_b16,814,pure_decode,0,8,8,0,8,8,8192,256,8,FULL:8,FULL,tp4dp2moetp1ep8,4,2,1,8,False,False,True
engine_dp:1:step:815,engine_core_dp_step,815,1,cb_sim_vllm_like,32000x1000_b16,815,pure_decode,0,8,8,0,8,8,8192,256,8,FULL:8,FULL,tp4dp2moetp1ep8,4,2,1,8,False,False,True
engine_dp:1:step:816,engine_core_dp_step,816,1,cb_sim_vllm_like,32000x1000_b16,816,pure_decode,0,8,8,0,8,8,8192,256,8,FULL:8,FULL,tp4dp2moetp1ep8,4,2,1,8,False,False,True
engine_dp:1:step:817,engine_core_dp_step,817,1,cb_sim_vllm_like,32000x1000_b16,817,pure_decode,0,8,8,0,8,8,8192,256,8,FULL:8,FULL,tp4dp2moetp1ep8,4,2,1,8,False,False,True
engine_dp:1:step:818,engine_core_dp_step,818,1,cb_sim_vllm_like,32000x1000_b16,818,pure_decode,0,8,8,0,8,8,8192,256,8,FULL:8,FULL,tp4dp2moetp1ep8,4,2,1,8,False,False,True
engine_dp:1:step:819,engine_core_dp_step,819,1,cb_sim_vllm_like,32000x1000_b16,819,pure_decode,0,8,8,0,8,8,8192,256,8,FULL:8,FULL,tp4dp2moetp1ep8,4,2,1,8,False,False,True
engine_dp:1:step:820,engine_core_dp_step,820,1,cb_sim_vllm_like,32000x1000_b16,820,pure_decode,0,8,8,0,8,8,8192,256,8,FULL:8,FULL,tp4dp2moetp1ep8,4,2,1,8,False,False,True
engine_dp:1:step:821,engine_core_dp_step,821,1,cb_sim_vllm_like,32000x1000_b16,821,pure_decode,0,8,8,0,8,8,8192,256,8,FULL:8,FULL,tp4dp2moetp1ep8,4,2,1,8,False,False,True
engine_dp:1:step:822,engine_core_dp_step,822,1,cb_sim_vllm_like,32000x1000_b16,822,pure_decode,0,8,8,0,8,8,8192,256,8,FULL:8,FULL,tp4dp2moetp1ep8,4,2,1,8,False,False,True
engine_dp:1:step:823,engine_core_dp_step,823,1,cb_sim_vllm_like,32000x1000_b16,823,pure_decode,0,8,8,0,8,8,8192,256,8,FULL:8,FULL,tp4dp2moetp1ep8,4,2,1,8,False,False,True
engine_dp:1:step:824,engine_core_dp_step,824,1,cb_sim_vllm_like,32000x1000_b16,824,pure_decode,0,8,8,0,8,8,8192,256,8,FULL:8,FULL,tp4dp2moetp1ep8,4,2,1,8,False,False,True
engine_dp:1:step:825,engine_core_dp_step,825,1,cb_sim_vllm_like,32000x1000_b16,825,pure_decode,0,8,8,0,8,8,8192,256,8,FULL:8,FULL,tp4dp2moetp1ep8,4,2,1,8,False,False,True
engine_dp:1:step:826,engine_core_dp_step,826,1,cb_sim_vllm_like,32000x1000_b16,826,pure_decode,0,8,8,0,8,8,8192,256,8,FULL:8,FULL,tp4dp2moetp1ep8,4,2,1,8,False,False,True
engine_dp:1:step:827,engine_core_dp_step,827,1,cb_sim_vllm_like,32000x1000_b16,827,pure_decode,0,8,8,0,8,8,8192,256,8,FULL:8,FULL,tp4dp2moetp1ep8,4,2,1,8,False,False,True
engine_dp:1:step:828,engine_core_dp_step,828,1,cb_sim_vllm_like,32000x1000_b16,828,pure_decode,0,8,8,0,8,8,8192,256,8,FULL:8,FULL,tp4dp2moetp1ep8,4,2,1,8,False,False,True
engine_dp:1:step:829,engine_core_dp_step,829,1,cb_sim_vllm_like,32000x1000_b16,829,pure_decode,0,8,8,0,8,8,8192,256,8,FULL:8,FULL,tp4dp2moetp1ep8,4,2,1,8,False,False,True
engine_dp:1:step:830,engine_core_dp_step,830,1,cb_sim_vllm_like,32000x1000_b16,830,pure_decode,0,8,8,0,8,8,8192,256,8,FULL:8,FULL,tp4dp2moetp1ep8,4,2,1,8,False,False,True
engine_dp:1:step:831,engine_core_dp_step,831,1,cb_sim_vllm_like,32000x1000_b16,831,pure_decode,0,8,8,0,8,8,8192,256,8,FULL:8,FULL,tp4dp2moetp1ep8,4,2,1,8,False,False,True
engine_dp:1:step:832,engine_core_dp_step,832,1,cb_sim_vllm_like,32000x1000_b16,832,pure_decode,0,8,8,0,8,8,8192,256,8,FULL:8,FULL,tp4dp2moetp1ep8,4,2,1,8,False,False,True
engine_dp:1:step:833,engine_core_dp_step,833,1,cb_sim_vllm_like,32000x1000_b16,833,pure_decode,0,8,8,0,8,8,8192,256,8,FULL:8,FULL,tp4dp2moetp1ep8,4,2,1,8,False,False,True
engine_dp:1:step:834,engine_core_dp_step,834,1,cb_sim_vllm_like,32000x1000_b16,834,pure_decode,0,8,8,0,8,8,8192,256,8,FULL:8,FULL,tp4dp2moetp1ep8,4,2,1,8,False,False,True
engine_dp:1:step:835,engine_core_dp_step,835,1,cb_sim_vllm_like,32000x1000_b16,835,pure_decode,0,8,8,0,8,8,8192,256,8,FULL:8,FULL,tp4dp2moetp1ep8,4,2,1,8,False,False,True
engine_dp:1:step:836,engine_core_dp_step,836,1,cb_sim_vllm_like,32000x1000_b16,836,pure_decode,0,8,8,0,8,8,8192,256,8,FULL:8,FULL,tp4dp2moetp1ep8,4,2,1,8,False,False,True
engine_dp:1:step:837,engine_core_dp_step,837,1,cb_sim_vllm_like,32000x1000_b16,837,pure_decode,0,8,8,0,8,8,8192,256,8,FULL:8,FULL,tp4dp2moetp1ep8,4,2,1,8,False,False,True
engine_dp:1:step:838,engine_core_dp_step,838,1,cb_sim_vllm_like,32000x1000_b16,838,pure_decode,0,8,8,0,8,8,8192,256,8,FULL:8,FULL,tp4dp2moetp1ep8,4,2,1,8,False,False,True
engine_dp:1:step:839,engine_core_dp_step,839,1,cb_sim_vllm_like,32000x1000_b16,839,pure_decode,0,8,8,0,8,8,8192,256,8,FULL:8,FULL,tp4dp2moetp1ep8,4,2,1,8,False,False,True
engine_dp:1:step:840,engine_core_dp_step,840,1,cb_sim_vllm_like,32000x1000_b16,840,pure_decode,0,8,8,0,8,8,8192,256,8,FULL:8,FULL,tp4dp2moetp1ep8,4,2,1,8,False,False,True
engine_dp:1:step:841,engine_core_dp_step,841,1,cb_sim_vllm_like,32000x1000_b16,841,pure_decode,0,8,8,0,8,8,8192,256,8,FULL:8,FULL,tp4dp2moetp1ep8,4,2,1,8,False,False,True
engine_dp:1:step:842,engine_core_dp_step,842,1,cb_sim_vllm_like,32000x1000_b16,842,pure_decode,0,8,8,0,8,8,8192,256,8,FULL:8,FULL,tp4dp2moetp1ep8,4,2,1,8,False,False,True
engine_dp:1:step:843,engine_core_dp_step,843,1,cb_sim_vllm_like,32000x1000_b16,843,pure_decode,0,8,8,0,8,8,8192,256,8,FULL:8,FULL,tp4dp2moetp1ep8,4,2,1,8,False,False,True
engine_dp:1:step:844,engine_core_dp_step,844,1,cb_sim_vllm_like,32000x1000_b16,844,pure_decode,0,8,8,0,8,8,8192,256,8,FULL:8,FULL,tp4dp2moetp1ep8,4,2,1,8,False,False,True
engine_dp:1:step:845,engine_core_dp_step,845,1,cb_sim_vllm_like,32000x1000_b16,845,pure_decode,0,8,8,0,8,8,8192,256,8,FULL:8,FULL,tp4dp2moetp1ep8,4,2,1,8,False,False,True
engine_dp:1:step:846,engine_core_dp_step,846,1,cb_sim_vllm_like,32000x1000_b16,846,pure_decode,0,8,8,0,8,8,8192,256,8,FULL:8,FULL,tp4dp2moetp1ep8,4,2,1,8,False,False,True
engine_dp:1:step:847,engine_core_dp_step,847,1,cb_sim_vllm_like,32000x1000_b16,847,pure_decode,0,8,8,0,8,8,8192,256,8,FULL:8,FULL,tp4dp2moetp1ep8,4,2,1,8,False,False,True
engine_dp:1:step:848,engine_core_dp_step,848,1,cb_sim_vllm_like,32000x1000_b16,848,pure_decode,0,8,8,0,8,8,8192,256,8,FULL:8,FULL,tp4dp2moetp1ep8,4,2,1,8,False,False,True
engine_dp:1:step:849,engine_core_dp_step,849,1,cb_sim_vllm_like,32000x1000_b16,849,pure_decode,0,8,8,0,8,8,8192,256,8,FULL:8,FULL,tp4dp2moetp1ep8,4,2,1,8,False,False,True
engine_dp:1:step:850,engine_core_dp_step,850,1,cb_sim_vllm_like,32000x1000_b16,850,pure_decode,0,8,8,0,8,8,8192,256,8,FULL:8,FULL,tp4dp2moetp1ep8,4,2,1,8,False,False,True
engine_dp:1:step:851,engine_core_dp_step,851,1,cb_sim_vllm_like,32000x1000_b16,851,pure_decode,0,8,8,0,8,8,8192,256,8,FULL:8,FULL,tp4dp2moetp1ep8,4,2,1,8,False,False,True
engine_dp:1:step:852,engine_core_dp_step,852,1,cb_sim_vllm_like,32000x1000_b16,852,pure_decode,0,8,8,0,8,8,8192,256,8,FULL:8,FULL,tp4dp2moetp1ep8,4,2,1,8,False,False,True
engine_dp:1:step:853,engine_core_dp_step,853,1,cb_sim_vllm_like,32000x1000_b16,853,pure_decode,0,8,8,0,8,8,8192,256,8,FULL:8,FULL,tp4dp2moetp1ep8,4,2,1,8,False,False,True
engine_dp:1:step:854,engine_core_dp_step,854,1,cb_sim_vllm_like,32000x1000_b16,854,pure_decode,0,8,8,0,8,8,8192,256,8,FULL:8,FULL,tp4dp2moetp1ep8,4,2,1,8,False,False,True
engine_dp:1:step:855,engine_core_dp_step,855,1,cb_sim_vllm_like,32000x1000_b16,855,pure_decode,0,8,8,0,8,8,8192,256,8,FULL:8,FULL,tp4dp2moetp1ep8,4,2,1,8,False,False,True
engine_dp:1:step:856,engine_core_dp_step,856,1,cb_sim_vllm_like,32000x1000_b16,856,pure_decode,0,8,8,0,8,8,8192,256,8,FULL:8,FULL,tp4dp2moetp1ep8,4,2,1,8,False,False,True
engine_dp:1:step:857,engine_core_dp_step,857,1,cb_sim_vllm_like,32000x1000_b16,857,pure_decode,0,8,8,0,8,8,8192,256,8,FULL:8,FULL,tp4dp2moetp1ep8,4,2,1,8,False,False,True
engine_dp:1:step:858,engine_core_dp_step,858,1,cb_sim_vllm_like,32000x1000_b16,858,pure_decode,0,8,8,0,8,8,8192,256,8,FULL:8,FULL,tp4dp2moetp1ep8,4,2,1,8,False,False,True
engine_dp:1:step:859,engine_core_dp_step,859,1,cb_sim_vllm_like,32000x1000_b16,859,pure_decode,0,8,8,0,8,8,8192,256,8,FULL:8,FULL,tp4dp2moetp1ep8,4,2,1,8,False,False,True
engine_dp:1:step:860,engine_core_dp_step,860,1,cb_sim_vllm_like,32000x1000_b16,860,pure_decode,0,8,8,0,8,8,8192,256,8,FULL:8,FULL,tp4dp2moetp1ep8,4,2,1,8,False,False,True
engine_dp:1:step:861,engine_core_dp_step,861,1,cb_sim_vllm_like,32000x1000_b16,861,pure_decode,0,8,8,0,8,8,8192,256,8,FULL:8,FULL,tp4dp2moetp1ep8,4,2,1,8,False,False,True
engine_dp:1:step:862,engine_core_dp_step,862,1,cb_sim_vllm_like,32000x1000_b16,862,pure_decode,0,8,8,0,8,8,8192,256,8,FULL:8,FULL,tp4dp2moetp1ep8,4,2,1,8,False,False,True
engine_dp:1:step:863,engine_core_dp_step,863,1,cb_sim_vllm_like,32000x1000_b16,863,pure_decode,0,8,8,0,8,8,8192,256,8,FULL:8,FULL,tp4dp2moetp1ep8,4,2,1,8,False,False,True
engine_dp:1:step:864,engine_core_dp_step,864,1,cb_sim_vllm_like,32000x1000_b16,864,pure_decode,0,8,8,0,8,8,8192,256,8,FULL:8,FULL,tp4dp2moetp1ep8,4,2,1,8,False,False,True
engine_dp:1:step:865,engine_core_dp_step,865,1,cb_sim_vllm_like,32000x1000_b16,865,pure_decode,0,8,8,0,8,8,8192,256,8,FULL:8,FULL,tp4dp2moetp1ep8,4,2,1,8,False,False,True
engine_dp:1:step:866,engine_core_dp_step,866,1,cb_sim_vllm_like,32000x1000_b16,866,pure_decode,0,8,8,0,8,8,8192,256,8,FULL:8,FULL,tp4dp2moetp1ep8,4,2,1,8,False,False,True
engine_dp:1:step:867,engine_core_dp_step,867,1,cb_sim_vllm_like,32000x1000_b16,867,pure_decode,0,8,8,0,8,8,8192,256,8,FULL:8,FULL,tp4dp2moetp1ep8,4,2,1,8,False,False,True
engine_dp:1:step:868,engine_core_dp_step,868,1,cb_sim_vllm_like,32000x1000_b16,868,pure_decode,0,8,8,0,8,8,8192,256,8,FULL:8,FULL,tp4dp2moetp1ep8,4,2,1,8,False,False,True
engine_dp:1:step:869,engine_core_dp_step,869,1,cb_sim_vllm_like,32000x1000_b16,869,pure_decode,0,8,8,0,8,8,8192,256,8,FULL:8,FULL,tp4dp2moetp1ep8,4,2,1,8,False,False,True
engine_dp:1:step:870,engine_core_dp_step,870,1,cb_sim_vllm_like,32000x1000_b16,870,pure_decode,0,8,8,0,8,8,8192,256,8,FULL:8,FULL,tp4dp2moetp1ep8,4,2,1,8,False,False,True
engine_dp:1:step:871,engine_core_dp_step,871,1,cb_sim_vllm_like,32000x1000_b16,871,pure_decode,0,8,8,0,8,8,8192,256,8,FULL:8,FULL,tp4dp2moetp1ep8,4,2,1,8,False,False,True
engine_dp:1:step:872,engine_core_dp_step,872,1,cb_sim_vllm_like,32000x1000_b16,872,pure_decode,0,8,8,0,8,8,8192,256,8,FULL:8,FULL,tp4dp2moetp1ep8,4,2,1,8,False,False,True
engine_dp:1:step:873,engine_core_dp_step,873,1,cb_sim_vllm_like,32000x1000_b16,873,pure_decode,0,8,8,0,8,8,8192,256,8,FULL:8,FULL,tp4dp2moetp1ep8,4,2,1,8,False,False,True
engine_dp:1:step:874,engine_core_dp_step,874,1,cb_sim_vllm_like,32000x1000_b16,874,pure_decode,0,8,8,0,8,8,8192,256,8,FULL:8,FULL,tp4dp2moetp1ep8,4,2,1,8,False,False,True
engine_dp:1:step:875,engine_core_dp_step,875,1,cb_sim_vllm_like,32000x1000_b16,875,pure_decode,0,8,8,0,8,8,8192,256,8,FULL:8,FULL,tp4dp2moetp1ep8,4,2,1,8,False,False,True
engine_dp:1:step:876,engine_core_dp_step,876,1,cb_sim_vllm_like,32000x1000_b16,876,pure_decode,0,8,8,0,8,8,8192,256,8,FULL:8,FULL,tp4dp2moetp1ep8,4,2,1,8,False,False,True
engine_dp:1:step:877,engine_core_dp_step,877,1,cb_sim_vllm_like,32000x1000_b16,877,pure_decode,0,8,8,0,8,8,8192,256,8,FULL:8,FULL,tp4dp2moetp1ep8,4,2,1,8,False,False,True
engine_dp:1:step:878,engine_core_dp_step,878,1,cb_sim_vllm_like,32000x1000_b16,878,pure_decode,0,8,8,0,8,8,8192,256,8,FULL:8,FULL,tp4dp2moetp1ep8,4,2,1,8,False,False,True
engine_dp:1:step:879,engine_core_dp_step,879,1,cb_sim_vllm_like,32000x1000_b16,879,pure_decode,0,8,8,0,8,8,8192,256,8,FULL:8,FULL,tp4dp2moetp1ep8,4,2,1,8,False,False,True
engine_dp:1:step:880,engine_core_dp_step,880,1,cb_sim_vllm_like,32000x1000_b16,880,pure_decode,0,8,8,0,8,8,8192,256,8,FULL:8,FULL,tp4dp2moetp1ep8,4,2,1,8,False,False,True
engine_dp:1:step:881,engine_core_dp_step,881,1,cb_sim_vllm_like,32000x1000_b16,881,pure_decode,0,8,8,0,8,8,8192,256,8,FULL:8,FULL,tp4dp2moetp1ep8,4,2,1,8,False,False,True
engine_dp:1:step:882,engine_core_dp_step,882,1,cb_sim_vllm_like,32000x1000_b16,882,pure_decode,0,8,8,0,8,8,8192,256,8,FULL:8,FULL,tp4dp2moetp1ep8,4,2,1,8,False,False,True
engine_dp:1:step:883,engine_core_dp_step,883,1,cb_sim_vllm_like,32000x1000_b16,883,pure_decode,0,8,8,0,8,8,8192,256,8,FULL:8,FULL,tp4dp2moetp1ep8,4,2,1,8,False,False,True
engine_dp:1:step:884,engine_core_dp_step,884,1,cb_sim_vllm_like,32000x1000_b16,884,pure_decode,0,8,8,0,8,8,8192,256,8,FULL:8,FULL,tp4dp2moetp1ep8,4,2,1,8,False,False,True
engine_dp:1:step:885,engine_core_dp_step,885,1,cb_sim_vllm_like,32000x1000_b16,885,pure_decode,0,8,8,0,8,8,8192,256,8,FULL:8,FULL,tp4dp2moetp1ep8,4,2,1,8,False,False,True
engine_dp:1:step:886,engine_core_dp_step,886,1,cb_sim_vllm_like,32000x1000_b16,886,pure_decode,0,8,8,0,8,8,8192,256,8,FULL:8,FULL,tp4dp2moetp1ep8,4,2,1,8,False,False,True
engine_dp:1:step:887,engine_core_dp_step,887,1,cb_sim_vllm_like,32000x1000_b16,887,pure_decode,0,8,8,0,8,8,8192,256,8,FULL:8,FULL,tp4dp2moetp1ep8,4,2,1,8,False,False,True
engine_dp:1:step:888,engine_core_dp_step,888,1,cb_sim_vllm_like,32000x1000_b16,888,pure_decode,0,8,8,0,8,8,8192,256,8,FULL:8,FULL,tp4dp2moetp1ep8,4,2,1,8,False,False,True
engine_dp:1:step:889,engine_core_dp_step,889,1,cb_sim_vllm_like,32000x1000_b16,889,pure_decode,0,8,8,0,8,8,8192,256,8,FULL:8,FULL,tp4dp2moetp1ep8,4,2,1,8,False,False,True
engine_dp:1:step:890,engine_core_dp_step,890,1,cb_sim_vllm_like,32000x1000_b16,890,pure_decode,0,8,8,0,8,8,8192,256,8,FULL:8,FULL,tp4dp2moetp1ep8,4,2,1,8,False,False,True
engine_dp:1:step:891,engine_core_dp_step,891,1,cb_sim_vllm_like,32000x1000_b16,891,pure_decode,0,8,8,0,8,8,8192,256,8,FULL:8,FULL,tp4dp2moetp1ep8,4,2,1,8,False,False,True
engine_dp:1:step:892,engine_core_dp_step,892,1,cb_sim_vllm_like,32000x1000_b16,892,pure_decode,0,8,8,0,8,8,8192,256,8,FULL:8,FULL,tp4dp2moetp1ep8,4,2,1,8,False,False,True
engine_dp:1:step:893,engine_core_dp_step,893,1,cb_sim_vllm_like,32000x1000_b16,893,pure_decode,0,8,8,0,8,8,8192,256,8,FULL:8,FULL,tp4dp2moetp1ep8,4,2,1,8,False,False,True
engine_dp:1:step:894,engine_core_dp_step,894,1,cb_sim_vllm_like,32000x1000_b16,894,pure_decode,0,8,8,0,8,8,8192,256,8,FULL:8,FULL,tp4dp2moetp1ep8,4,2,1,8,False,False,True
engine_dp:1:step:895,engine_core_dp_step,895,1,cb_sim_vllm_like,32000x1000_b16,895,pure_decode,0,8,8,0,8,8,8192,256,8,FULL:8,FULL,tp4dp2moetp1ep8,4,2,1,8,False,False,True
engine_dp:1:step:896,engine_core_dp_step,896,1,cb_sim_vllm_like,32000x1000_b16,896,pure_decode,0,8,8,0,8,8,8192,256,8,FULL:8,FULL,tp4dp2moetp1ep8,4,2,1,8,False,False,True
engine_dp:1:step:897,engine_core_dp_step,897,1,cb_sim_vllm_like,32000x1000_b16,897,pure_decode,0,8,8,0,8,8,8192,256,8,FULL:8,FULL,tp4dp2moetp1ep8,4,2,1,8,False,False,True
engine_dp:1:step:898,engine_core_dp_step,898,1,cb_sim_vllm_like,32000x1000_b16,898,pure_decode,0,8,8,0,8,8,8192,256,8,FULL:8,FULL,tp4dp2moetp1ep8,4,2,1,8,False,False,True
engine_dp:1:step:899,engine_core_dp_step,899,1,cb_sim_vllm_like,32000x1000_b16,899,pure_decode,0,8,8,0,8,8,8192,256,8,FULL:8,FULL,tp4dp2moetp1ep8,4,2,1,8,False,False,True
engine_dp:1:step:900,engine_core_dp_step,900,1,cb_sim_vllm_like,32000x1000_b16,900,pure_decode,0,8,8,0,8,8,8192,256,8,FULL:8,FULL,tp4dp2moetp1ep8,4,2,1,8,False,False,True
engine_dp:1:step:901,engine_core_dp_step,901,1,cb_sim_vllm_like,32000x1000_b16,901,pure_decode,0,8,8,0,8,8,8192,256,8,FULL:8,FULL,tp4dp2moetp1ep8,4,2,1,8,False,False,True
engine_dp:1:step:902,engine_core_dp_step,902,1,cb_sim_vllm_like,32000x1000_b16,902,pure_decode,0,8,8,0,8,8,8192,256,8,FULL:8,FULL,tp4dp2moetp1ep8,4,2,1,8,False,False,True
engine_dp:1:step:903,engine_core_dp_step,903,1,cb_sim_vllm_like,32000x1000_b16,903,pure_decode,0,8,8,0,8,8,8192,256,8,FULL:8,FULL,tp4dp2moetp1ep8,4,2,1,8,False,False,True
engine_dp:1:step:904,engine_core_dp_step,904,1,cb_sim_vllm_like,32000x1000_b16,904,pure_decode,0,8,8,0,8,8,8192,256,8,FULL:8,FULL,tp4dp2moetp1ep8,4,2,1,8,False,False,True
engine_dp:1:step:905,engine_core_dp_step,905,1,cb_sim_vllm_like,32000x1000_b16,905,pure_decode,0,8,8,0,8,8,8192,256,8,FULL:8,FULL,tp4dp2moetp1ep8,4,2,1,8,False,False,True
engine_dp:1:step:906,engine_core_dp_step,906,1,cb_sim_vllm_like,32000x1000_b16,906,pure_decode,0,8,8,0,8,8,8192,256,8,FULL:8,FULL,tp4dp2moetp1ep8,4,2,1,8,False,False,True
engine_dp:1:step:907,engine_core_dp_step,907,1,cb_sim_vllm_like,32000x1000_b16,907,pure_decode,0,8,8,0,8,8,8192,256,8,FULL:8,FULL,tp4dp2moetp1ep8,4,2,1,8,False,False,True
engine_dp:1:step:908,engine_core_dp_step,908,1,cb_sim_vllm_like,32000x1000_b16,908,pure_decode,0,8,8,0,8,8,8192,256,8,FULL:8,FULL,tp4dp2moetp1ep8,4,2,1,8,False,False,True
engine_dp:1:step:909,engine_core_dp_step,909,1,cb_sim_vllm_like,32000x1000_b16,909,pure_decode,0,8,8,0,8,8,8192,256,8,FULL:8,FULL,tp4dp2moetp1ep8,4,2,1,8,False,False,True
engine_dp:1:step:910,engine_core_dp_step,910,1,cb_sim_vllm_like,32000x1000_b16,910,pure_decode,0,8,8,0,8,8,8192,256,8,FULL:8,FULL,tp4dp2moetp1ep8,4,2,1,8,False,False,True
engine_dp:1:step:911,engine_core_dp_step,911,1,cb_sim_vllm_like,32000x1000_b16,911,pure_decode,0,8,8,0,8,8,8192,256,8,FULL:8,FULL,tp4dp2moetp1ep8,4,2,1,8,False,False,True
engine_dp:1:step:912,engine_core_dp_step,912,1,cb_sim_vllm_like,32000x1000_b16,912,pure_decode,0,8,8,0,8,8,8192,256,8,FULL:8,FULL,tp4dp2moetp1ep8,4,2,1,8,False,False,True
engine_dp:1:step:913,engine_core_dp_step,913,1,cb_sim_vllm_like,32000x1000_b16,913,pure_decode,0,8,8,0,8,8,8192,256,8,FULL:8,FULL,tp4dp2moetp1ep8,4,2,1,8,False,False,True
engine_dp:1:step:914,engine_core_dp_step,914,1,cb_sim_vllm_like,32000x1000_b16,914,pure_decode,0,8,8,0,8,8,8192,256,8,FULL:8,FULL,tp4dp2moetp1ep8,4,2,1,8,False,False,True
engine_dp:1:step:915,engine_core_dp_step,915,1,cb_sim_vllm_like,32000x1000_b16,915,pure_decode,0,8,8,0,8,8,8192,256,8,FULL:8,FULL,tp4dp2moetp1ep8,4,2,1,8,False,False,True
engine_dp:1:step:916,engine_core_dp_step,916,1,cb_sim_vllm_like,32000x1000_b16,916,pure_decode,0,8,8,0,8,8,8192,256,8,FULL:8,FULL,tp4dp2moetp1ep8,4,2,1,8,False,False,True
engine_dp:1:step:917,engine_core_dp_step,917,1,cb_sim_vllm_like,32000x1000_b16,917,pure_decode,0,8,8,0,8,8,8192,256,8,FULL:8,FULL,tp4dp2moetp1ep8,4,2,1,8,False,False,True
engine_dp:1:step:918,engine_core_dp_step,918,1,cb_sim_vllm_like,32000x1000_b16,918,pure_decode,0,8,8,0,8,8,8192,256,8,FULL:8,FULL,tp4dp2moetp1ep8,4,2,1,8,False,False,True
engine_dp:1:step:919,engine_core_dp_step,919,1,cb_sim_vllm_like,32000x1000_b16,919,pure_decode,0,8,8,0,8,8,8192,256,8,FULL:8,FULL,tp4dp2moetp1ep8,4,2,1,8,False,False,True
engine_dp:1:step:920,engine_core_dp_step,920,1,cb_sim_vllm_like,32000x1000_b16,920,pure_decode,0,8,8,0,8,8,8192,256,8,FULL:8,FULL,tp4dp2moetp1ep8,4,2,1,8,False,False,True
engine_dp:1:step:921,engine_core_dp_step,921,1,cb_sim_vllm_like,32000x1000_b16,921,pure_decode,0,8,8,0,8,8,8192,256,8,FULL:8,FULL,tp4dp2moetp1ep8,4,2,1,8,False,False,True
engine_dp:1:step:922,engine_core_dp_step,922,1,cb_sim_vllm_like,32000x1000_b16,922,pure_decode,0,8,8,0,8,8,8192,256,8,FULL:8,FULL,tp4dp2moetp1ep8,4,2,1,8,False,False,True
engine_dp:1:step:923,engine_core_dp_step,923,1,cb_sim_vllm_like,32000x1000_b16,923,pure_decode,0,8,8,0,8,8,8192,256,8,FULL:8,FULL,tp4dp2moetp1ep8,4,2,1,8,False,False,True
engine_dp:1:step:924,engine_core_dp_step,924,1,cb_sim_vllm_like,32000x1000_b16,924,pure_decode,0,8,8,0,8,8,8192,256,8,FULL:8,FULL,tp4dp2moetp1ep8,4,2,1,8,False,False,True
engine_dp:1:step:925,engine_core_dp_step,925,1,cb_sim_vllm_like,32000x1000_b16,925,pure_decode,0,8,8,0,8,8,8192,256,8,FULL:8,FULL,tp4dp2moetp1ep8,4,2,1,8,False,False,True
engine_dp:1:step:926,engine_core_dp_step,926,1,cb_sim_vllm_like,32000x1000_b16,926,pure_decode,0,8,8,0,8,8,8192,256,8,FULL:8,FULL,tp4dp2moetp1ep8,4,2,1,8,False,False,True
engine_dp:1:step:927,engine_core_dp_step,927,1,cb_sim_vllm_like,32000x1000_b16,927,pure_decode,0,8,8,0,8,8,8192,256,8,FULL:8,FULL,tp4dp2moetp1ep8,4,2,1,8,False,False,True
engine_dp:1:step:928,engine_core_dp_step,928,1,cb_sim_vllm_like,32000x1000_b16,928,pure_decode,0,8,8,0,8,8,8192,256,8,FULL:8,FULL,tp4dp2moetp1ep8,4,2,1,8,False,False,True
engine_dp:1:step:929,engine_core_dp_step,929,1,cb_sim_vllm_like,32000x1000_b16,929,pure_decode,0,8,8,0,8,8,8192,256,8,FULL:8,FULL,tp4dp2moetp1ep8,4,2,1,8,False,False,True
engine_dp:1:step:930,engine_core_dp_step,930,1,cb_sim_vllm_like,32000x1000_b16,930,pure_decode,0,8,8,0,8,8,8192,256,8,FULL:8,FULL,tp4dp2moetp1ep8,4,2,1,8,False,False,True
engine_dp:1:step:931,engine_core_dp_step,931,1,cb_sim_vllm_like,32000x1000_b16,931,pure_decode,0,8,8,0,8,8,8192,256,8,FULL:8,FULL,tp4dp2moetp1ep8,4,2,1,8,False,False,True
engine_dp:1:step:932,engine_core_dp_step,932,1,cb_sim_vllm_like,32000x1000_b16,932,pure_decode,0,8,8,0,8,8,8192,256,8,FULL:8,FULL,tp4dp2moetp1ep8,4,2,1,8,False,False,True
engine_dp:1:step:933,engine_core_dp_step,933,1,cb_sim_vllm_like,32000x1000_b16,933,pure_decode,0,8,8,0,8,8,8192,256,8,FULL:8,FULL,tp4dp2moetp1ep8,4,2,1,8,False,False,True
engine_dp:1:step:934,engine_core_dp_step,934,1,cb_sim_vllm_like,32000x1000_b16,934,pure_decode,0,8,8,0,8,8,8192,256,8,FULL:8,FULL,tp4dp2moetp1ep8,4,2,1,8,False,False,True
engine_dp:1:step:935,engine_core_dp_step,935,1,cb_sim_vllm_like,32000x1000_b16,935,pure_decode,0,8,8,0,8,8,8192,256,8,FULL:8,FULL,tp4dp2moetp1ep8,4,2,1,8,False,False,True
engine_dp:1:step:936,engine_core_dp_step,936,1,cb_sim_vllm_like,32000x1000_b16,936,pure_decode,0,8,8,0,8,8,8192,256,8,FULL:8,FULL,tp4dp2moetp1ep8,4,2,1,8,False,False,True
engine_dp:1:step:937,engine_core_dp_step,937,1,cb_sim_vllm_like,32000x1000_b16,937,pure_decode,0,8,8,0,8,8,8192,256,8,FULL:8,FULL,tp4dp2moetp1ep8,4,2,1,8,False,False,True
engine_dp:1:step:938,engine_core_dp_step,938,1,cb_sim_vllm_like,32000x1000_b16,938,pure_decode,0,8,8,0,8,8,8192,256,8,FULL:8,FULL,tp4dp2moetp1ep8,4,2,1,8,False,False,True
engine_dp:1:step:939,engine_core_dp_step,939,1,cb_sim_vllm_like,32000x1000_b16,939,pure_decode,0,8,8,0,8,8,8192,256,8,FULL:8,FULL,tp4dp2moetp1ep8,4,2,1,8,False,False,True
engine_dp:1:step:940,engine_core_dp_step,940,1,cb_sim_vllm_like,32000x1000_b16,940,pure_decode,0,8,8,0,8,8,8192,256,8,FULL:8,FULL,tp4dp2moetp1ep8,4,2,1,8,False,False,True
engine_dp:1:step:941,engine_core_dp_step,941,1,cb_sim_vllm_like,32000x1000_b16,941,pure_decode,0,8,8,0,8,8,8192,256,8,FULL:8,FULL,tp4dp2moetp1ep8,4,2,1,8,False,False,True
engine_dp:1:step:942,engine_core_dp_step,942,1,cb_sim_vllm_like,32000x1000_b16,942,pure_decode,0,8,8,0,8,8,8192,256,8,FULL:8,FULL,tp4dp2moetp1ep8,4,2,1,8,False,False,True
engine_dp:1:step:943,engine_core_dp_step,943,1,cb_sim_vllm_like,32000x1000_b16,943,pure_decode,0,8,8,0,8,8,8192,256,8,FULL:8,FULL,tp4dp2moetp1ep8,4,2,1,8,False,False,True
engine_dp:1:step:944,engine_core_dp_step,944,1,cb_sim_vllm_like,32000x1000_b16,944,pure_decode,0,8,8,0,8,8,8192,256,8,FULL:8,FULL,tp4dp2moetp1ep8,4,2,1,8,False,False,True
engine_dp:1:step:945,engine_core_dp_step,945,1,cb_sim_vllm_like,32000x1000_b16,945,pure_decode,0,8,8,0,8,8,8192,256,8,FULL:8,FULL,tp4dp2moetp1ep8,4,2,1,8,False,False,True
engine_dp:1:step:946,engine_core_dp_step,946,1,cb_sim_vllm_like,32000x1000_b16,946,pure_decode,0,8,8,0,8,8,8192,256,8,FULL:8,FULL,tp4dp2moetp1ep8,4,2,1,8,False,False,True
engine_dp:1:step:947,engine_core_dp_step,947,1,cb_sim_vllm_like,32000x1000_b16,947,pure_decode,0,8,8,0,8,8,8192,256,8,FULL:8,FULL,tp4dp2moetp1ep8,4,2,1,8,False,False,True
engine_dp:1:step:948,engine_core_dp_step,948,1,cb_sim_vllm_like,32000x1000_b16,948,pure_decode,0,8,8,0,8,8,8192,256,8,FULL:8,FULL,tp4dp2moetp1ep8,4,2,1,8,False,False,True
engine_dp:1:step:949,engine_core_dp_step,949,1,cb_sim_vllm_like,32000x1000_b16,949,pure_decode,0,8,8,0,8,8,8192,256,8,FULL:8,FULL,tp4dp2moetp1ep8,4,2,1,8,False,False,True
engine_dp:1:step:950,engine_core_dp_step,950,1,cb_sim_vllm_like,32000x1000_b16,950,pure_decode,0,8,8,0,8,8,8192,256,8,FULL:8,FULL,tp4dp2moetp1ep8,4,2,1,8,False,False,True
engine_dp:1:step:951,engine_core_dp_step,951,1,cb_sim_vllm_like,32000x1000_b16,951,pure_decode,0,8,8,0,8,8,8192,256,8,FULL:8,FULL,tp4dp2moetp1ep8,4,2,1,8,False,False,True
engine_dp:1:step:952,engine_core_dp_step,952,1,cb_sim_vllm_like,32000x1000_b16,952,pure_decode,0,8,8,0,8,8,8192,256,8,FULL:8,FULL,tp4dp2moetp1ep8,4,2,1,8,False,False,True
engine_dp:1:step:953,engine_core_dp_step,953,1,cb_sim_vllm_like,32000x1000_b16,953,pure_decode,0,8,8,0,8,8,8192,256,8,FULL:8,FULL,tp4dp2moetp1ep8,4,2,1,8,False,False,True
engine_dp:1:step:954,engine_core_dp_step,954,1,cb_sim_vllm_like,32000x1000_b16,954,pure_decode,0,8,8,0,8,8,8192,256,8,FULL:8,FULL,tp4dp2moetp1ep8,4,2,1,8,False,False,True
engine_dp:1:step:955,engine_core_dp_step,955,1,cb_sim_vllm_like,32000x1000_b16,955,pure_decode,0,8,8,0,8,8,8192,256,8,FULL:8,FULL,tp4dp2moetp1ep8,4,2,1,8,False,False,True
engine_dp:1:step:956,engine_core_dp_step,956,1,cb_sim_vllm_like,32000x1000_b16,956,pure_decode,0,8,8,0,8,8,8192,256,8,FULL:8,FULL,tp4dp2moetp1ep8,4,2,1,8,False,False,True
engine_dp:1:step:957,engine_core_dp_step,957,1,cb_sim_vllm_like,32000x1000_b16,957,pure_decode,0,8,8,0,8,8,8192,256,8,FULL:8,FULL,tp4dp2moetp1ep8,4,2,1,8,False,False,True
engine_dp:1:step:958,engine_core_dp_step,958,1,cb_sim_vllm_like,32000x1000_b16,958,pure_decode,0,8,8,0,8,8,8192,256,8,FULL:8,FULL,tp4dp2moetp1ep8,4,2,1,8,False,False,True
engine_dp:1:step:959,engine_core_dp_step,959,1,cb_sim_vllm_like,32000x1000_b16,959,pure_decode,0,8,8,0,8,8,8192,256,8,FULL:8,FULL,tp4dp2moetp1ep8,4,2,1,8,False,False,True
engine_dp:1:step:960,engine_core_dp_step,960,1,cb_sim_vllm_like,32000x1000_b16,960,pure_decode,0,8,8,0,8,8,8192,256,8,FULL:8,FULL,tp4dp2moetp1ep8,4,2,1,8,False,False,True
engine_dp:1:step:961,engine_core_dp_step,961,1,cb_sim_vllm_like,32000x1000_b16,961,pure_decode,0,8,8,0,8,8,8192,256,8,FULL:8,FULL,tp4dp2moetp1ep8,4,2,1,8,False,False,True
engine_dp:1:step:962,engine_core_dp_step,962,1,cb_sim_vllm_like,32000x1000_b16,962,pure_decode,0,8,8,0,8,8,8192,256,8,FULL:8,FULL,tp4dp2moetp1ep8,4,2,1,8,False,False,True
engine_dp:1:step:963,engine_core_dp_step,963,1,cb_sim_vllm_like,32000x1000_b16,963,pure_decode,0,8,8,0,8,8,8192,256,8,FULL:8,FULL,tp4dp2moetp1ep8,4,2,1,8,False,False,True
engine_dp:1:step:964,engine_core_dp_step,964,1,cb_sim_vllm_like,32000x1000_b16,964,pure_decode,0,8,8,0,8,8,8192,256,8,FULL:8,FULL,tp4dp2moetp1ep8,4,2,1,8,False,False,True
engine_dp:1:step:965,engine_core_dp_step,965,1,cb_sim_vllm_like,32000x1000_b16,965,pure_decode,0,8,8,0,8,8,8192,256,8,FULL:8,FULL,tp4dp2moetp1ep8,4,2,1,8,False,False,True
engine_dp:1:step:966,engine_core_dp_step,966,1,cb_sim_vllm_like,32000x1000_b16,966,pure_decode,0,8,8,0,8,8,8192,256,8,FULL:8,FULL,tp4dp2moetp1ep8,4,2,1,8,False,False,True
engine_dp:1:step:967,engine_core_dp_step,967,1,cb_sim_vllm_like,32000x1000_b16,967,pure_decode,0,8,8,0,8,8,8192,256,8,FULL:8,FULL,tp4dp2moetp1ep8,4,2,1,8,False,False,True
engine_dp:1:step:968,engine_core_dp_step,968,1,cb_sim_vllm_like,32000x1000_b16,968,pure_decode,0,8,8,0,8,8,8192,256,8,FULL:8,FULL,tp4dp2moetp1ep8,4,2,1,8,False,False,True
engine_dp:1:step:969,engine_core_dp_step,969,1,cb_sim_vllm_like,32000x1000_b16,969,pure_decode,0,8,8,0,8,8,8192,256,8,FULL:8,FULL,tp4dp2moetp1ep8,4,2,1,8,False,False,True
engine_dp:1:step:970,engine_core_dp_step,970,1,cb_sim_vllm_like,32000x1000_b16,970,pure_decode,0,8,8,0,8,8,8192,256,8,FULL:8,FULL,tp4dp2moetp1ep8,4,2,1,8,False,False,True
engine_dp:1:step:971,engine_core_dp_step,971,1,cb_sim_vllm_like,32000x1000_b16,971,pure_decode,0,8,8,0,8,8,8192,256,8,FULL:8,FULL,tp4dp2moetp1ep8,4,2,1,8,False,False,True
engine_dp:1:step:972,engine_core_dp_step,972,1,cb_sim_vllm_like,32000x1000_b16,972,pure_decode,0,8,8,0,8,8,8192,256,8,FULL:8,FULL,tp4dp2moetp1ep8,4,2,1,8,False,False,True
engine_dp:1:step:973,engine_core_dp_step,973,1,cb_sim_vllm_like,32000x1000_b16,973,pure_decode,0,8,8,0,8,8,8192,256,8,FULL:8,FULL,tp4dp2moetp1ep8,4,2,1,8,False,False,True
engine_dp:1:step:974,engine_core_dp_step,974,1,cb_sim_vllm_like,32000x1000_b16,974,pure_decode,0,8,8,0,8,8,8192,256,8,FULL:8,FULL,tp4dp2moetp1ep8,4,2,1,8,False,False,True
engine_dp:1:step:975,engine_core_dp_step,975,1,cb_sim_vllm_like,32000x1000_b16,975,pure_decode,0,8,8,0,8,8,8192,256,8,FULL:8,FULL,tp4dp2moetp1ep8,4,2,1,8,False,False,True
engine_dp:1:step:976,engine_core_dp_step,976,1,cb_sim_vllm_like,32000x1000_b16,976,pure_decode,0,8,8,0,8,8,8192,256,8,FULL:8,FULL,tp4dp2moetp1ep8,4,2,1,8,False,False,True
engine_dp:1:step:977,engine_core_dp_step,977,1,cb_sim_vllm_like,32000x1000_b16,977,pure_decode,0,8,8,0,8,8,8192,256,8,FULL:8,FULL,tp4dp2moetp1ep8,4,2,1,8,False,False,True
engine_dp:1:step:978,engine_core_dp_step,978,1,cb_sim_vllm_like,32000x1000_b16,978,pure_decode,0,8,8,0,8,8,8192,256,8,FULL:8,FULL,tp4dp2moetp1ep8,4,2,1,8,False,False,True
engine_dp:1:step:979,engine_core_dp_step,979,1,cb_sim_vllm_like,32000x1000_b16,979,pure_decode,0,8,8,0,8,8,8192,256,8,FULL:8,FULL,tp4dp2moetp1ep8,4,2,1,8,False,False,True
engine_dp:1:step:980,engine_core_dp_step,980,1,cb_sim_vllm_like,32000x1000_b16,980,pure_decode,0,8,8,0,8,8,8192,256,8,FULL:8,FULL,tp4dp2moetp1ep8,4,2,1,8,False,False,True
engine_dp:1:step:981,engine_core_dp_step,981,1,cb_sim_vllm_like,32000x1000_b16,981,pure_decode,0,8,8,0,8,8,8192,256,8,FULL:8,FULL,tp4dp2moetp1ep8,4,2,1,8,False,False,True
engine_dp:1:step:982,engine_core_dp_step,982,1,cb_sim_vllm_like,32000x1000_b16,982,pure_decode,0,8,8,0,8,8,8192,256,8,FULL:8,FULL,tp4dp2moetp1ep8,4,2,1,8,False,False,True
engine_dp:1:step:983,engine_core_dp_step,983,1,cb_sim_vllm_like,32000x1000_b16,983,pure_decode,0,8,8,0,8,8,8192,256,8,FULL:8,FULL,tp4dp2moetp1ep8,4,2,1,8,False,False,True
engine_dp:1:step:984,engine_core_dp_step,984,1,cb_sim_vllm_like,32000x1000_b16,984,pure_decode,0,8,8,0,8,8,8192,256,8,FULL:8,FULL,tp4dp2moetp1ep8,4,2,1,8,False,False,True
engine_dp:1:step:985,engine_core_dp_step,985,1,cb_sim_vllm_like,32000x1000_b16,985,pure_decode,0,8,8,0,8,8,8192,256,8,FULL:8,FULL,tp4dp2moetp1ep8,4,2,1,8,False,False,True
engine_dp:1:step:986,engine_core_dp_step,986,1,cb_sim_vllm_like,32000x1000_b16,986,pure_decode,0,8,8,0,8,8,8192,256,8,FULL:8,FULL,tp4dp2moetp1ep8,4,2,1,8,False,False,True
engine_dp:1:step:987,engine_core_dp_step,987,1,cb_sim_vllm_like,32000x1000_b16,987,pure_decode,0,8,8,0,8,8,8192,256,8,FULL:8,FULL,tp4dp2moetp1ep8,4,2,1,8,False,False,True
engine_dp:1:step:988,engine_core_dp_step,988,1,cb_sim_vllm_like,32000x1000_b16,988,pure_decode,0,8,8,0,8,8,8192,256,8,FULL:8,FULL,tp4dp2moetp1ep8,4,2,1,8,False,False,True
engine_dp:1:step:989,engine_core_dp_step,989,1,cb_sim_vllm_like,32000x1000_b16,989,pure_decode,0,8,8,0,8,8,8192,256,8,FULL:8,FULL,tp4dp2moetp1ep8,4,2,1,8,False,False,True
engine_dp:1:step:990,engine_core_dp_step,990,1,cb_sim_vllm_like,32000x1000_b16,990,pure_decode,0,8,8,0,8,8,8192,256,8,FULL:8,FULL,tp4dp2moetp1ep8,4,2,1,8,False,False,True
engine_dp:1:step:991,engine_core_dp_step,991,1,cb_sim_vllm_like,32000x1000_b16,991,pure_decode,0,8,8,0,8,8,8192,256,8,FULL:8,FULL,tp4dp2moetp1ep8,4,2,1,8,False,False,True
engine_dp:1:step:992,engine_core_dp_step,992,1,cb_sim_vllm_like,32000x1000_b16,992,pure_decode,0,8,8,0,8,8,8192,256,8,FULL:8,FULL,tp4dp2moetp1ep8,4,2,1,8,False,False,True
engine_dp:1:step:993,engine_core_dp_step,993,1,cb_sim_vllm_like,32000x1000_b16,993,pure_decode,0,8,8,0,8,8,8192,256,8,FULL:8,FULL,tp4dp2moetp1ep8,4,2,1,8,False,False,True
engine_dp:1:step:994,engine_core_dp_step,994,1,cb_sim_vllm_like,32000x1000_b16,994,pure_decode,0,8,8,0,8,8,8192,256,8,FULL:8,FULL,tp4dp2moetp1ep8,4,2,1,8,False,False,True
engine_dp:1:step:995,engine_core_dp_step,995,1,cb_sim_vllm_like,32000x1000_b16,995,pure_decode,0,8,8,0,8,8,8192,256,8,FULL:8,FULL,tp4dp2moetp1ep8,4,2,1,8,False,False,True
engine_dp:1:step:996,engine_core_dp_step,996,1,cb_sim_vllm_like,32000x1000_b16,996,pure_decode,0,8,8,0,8,8,8192,256,8,FULL:8,FULL,tp4dp2moetp1ep8,4,2,1,8,False,False,True
engine_dp:1:step:997,engine_core_dp_step,997,1,cb_sim_vllm_like,32000x1000_b16,997,pure_decode,0,8,8,0,8,8,8192,256,8,FULL:8,FULL,tp4dp2moetp1ep8,4,2,1,8,False,False,True
engine_dp:1:step:998,engine_core_dp_step,998,1,cb_sim_vllm_like,32000x1000_b16,998,pure_decode,0,8,8,0,8,8,8192,256,8,FULL:8,FULL,tp4dp2moetp1ep8,4,2,1,8,False,False,True
engine_dp:1:step:999,engine_core_dp_step,999,1,cb_sim_vllm_like,32000x1000_b16,999,pure_decode,0,8,8,0,8,8,8192,256,8,FULL:8,FULL,tp4dp2moetp1ep8,4,2,1,8,False,False,True
engine_dp:1:step:1000,engine_core_dp_step,1000,1,cb_sim_vllm_like,32000x1000_b16,1000,pure_decode,0,8,8,0,8,8,8192,256,8,FULL:8,FULL,tp4dp2moetp1ep8,4,2,1,8,False,False,True
engine_dp:1:step:1001,engine_core_dp_step,1001,1,cb_sim_vllm_like,32000x1000_b16,1001,pure_decode,0,8,8,0,8,8,8192,256,8,FULL:8,FULL,tp4dp2moetp1ep8,4,2,1,8,False,False,True
engine_dp:1:step:1002,engine_core_dp_step,1002,1,cb_sim_vllm_like,32000x1000_b16,1002,pure_decode,0,8,8,0,8,8,8192,256,8,FULL:8,FULL,tp4dp2moetp1ep8,4,2,1,8,False,False,True
