source,row_type,scenario,artifact_dir,window,trace_file,step_index,step_type,decode_batch,category,real_wall_ms_per_rank,real_cuda_ms_per_rank,bubble_ms_per_rank,bubble_share,sim_ms_per_step,real_sim_ratio,real_slope_ms_per_request,sim_slope_ms_per_request,real_sim_slope_ratio,phase426_steady_metric_penalty,phase426_prefill_share,phase426_decode_gap_share,phase426_peer_stall_share,phase428_reconstruction_error_pct,phase428_reconstruction_gate,prefill_step_count,decode_step_count,prefill_verdict,decode_verdict,mechanism_verdict,phase429_runtime_target,phase429_perfdb_target,phase405_penalty_read,gpu_allowed,ssh_allowed,runtime_modified,perf_database,valid_for_default,diagnostic_only,default_readiness
phase428_perstep_kernel_attrib,summary,K2.5-tp4ep8dp2-8k2k,docs/iter_gap_investigation/phase427_kernel_profile/K2.5-tp4ep8dp2-8k2k,,,,,,,,,,,,,,,,1.516977,0.595460,0.357492,0.047048,,blocked_prefill_not_captured,0,70,prefill_steps_not_captured,decode_batch_span_too_narrow_for_slope,phase427_trace_decode_only_prefill_recollect_required,recollect_true_mixed_prefill_window_before_runtime_change,recollect_decode_batch_sweep_then_reprofile_prefill,false,false,false,false,false,false,true,No-Go
phase428_perstep_kernel_attrib,step,K2.5-tp4ep8dp2-8k2k,docs/iter_gap_investigation/phase427_kernel_profile/K2.5-tp4ep8dp2-8k2k,decode,,0,decode_only,51,,34.738357,,0.020216,0.000582,,,,,,1.516977,0.595460,0.357492,0.047048,,blocked_prefill_not_captured,0,70,prefill_steps_not_captured,decode_batch_span_too_narrow_for_slope,phase427_trace_decode_only_prefill_recollect_required,recollect_true_mixed_prefill_window_before_runtime_change,recollect_decode_batch_sweep_then_reprofile_prefill,false,false,false,false,false,false,true,No-Go
phase428_perstep_kernel_attrib,step_category,K2.5-tp4ep8dp2-8k2k,docs/iter_gap_investigation/phase427_kernel_profile/K2.5-tp4ep8dp2-8k2k,decode,,0,decode_only,51,dense_gemm,34.738357,4.309431,0.020216,0.000582,,,,,,1.516977,0.595460,0.357492,0.047048,,blocked_prefill_not_captured,0,70,prefill_steps_not_captured,decode_batch_span_too_narrow_for_slope,phase427_trace_decode_only_prefill_recollect_required,recollect_true_mixed_prefill_window_before_runtime_change,recollect_decode_batch_sweep_then_reprofile_prefill,false,false,false,false,false,false,true,No-Go
phase428_perstep_kernel_attrib,step_category,K2.5-tp4ep8dp2-8k2k,docs/iter_gap_investigation/phase427_kernel_profile/K2.5-tp4ep8dp2-8k2k,decode,,0,decode_only,51,ep_a2a,34.738357,6.311978,0.020216,0.000582,,,,,,1.516977,0.595460,0.357492,0.047048,,blocked_prefill_not_captured,0,70,prefill_steps_not_captured,decode_batch_span_too_narrow_for_slope,phase427_trace_decode_only_prefill_recollect_required,recollect_true_mixed_prefill_window_before_runtime_change,recollect_decode_batch_sweep_then_reprofile_prefill,false,false,false,false,false,false,true,No-Go
phase428_perstep_kernel_attrib,step_category,K2.5-tp4ep8dp2-8k2k,docs/iter_gap_investigation/phase427_kernel_profile/K2.5-tp4ep8dp2-8k2k,decode,,0,decode_only,51,memcpy_memset,34.738357,0.170960,0.020216,0.000582,,,,,,1.516977,0.595460,0.357492,0.047048,,blocked_prefill_not_captured,0,70,prefill_steps_not_captured,decode_batch_span_too_narrow_for_slope,phase427_trace_decode_only_prefill_recollect_required,recollect_true_mixed_prefill_window_before_runtime_change,recollect_decode_batch_sweep_then_reprofile_prefill,false,false,false,false,false,false,true,No-Go
phase428_perstep_kernel_attrib,step_category,K2.5-tp4ep8dp2-8k2k,docs/iter_gap_investigation/phase427_kernel_profile/K2.5-tp4ep8dp2-8k2k,decode,,0,decode_only,51,mla_attention,34.738357,10.454801,0.020216,0.000582,,,,,,1.516977,0.595460,0.357492,0.047048,,blocked_prefill_not_captured,0,70,prefill_steps_not_captured,decode_batch_span_too_narrow_for_slope,phase427_trace_decode_only_prefill_recollect_required,recollect_true_mixed_prefill_window_before_runtime_change,recollect_decode_batch_sweep_then_reprofile_prefill,false,false,false,false,false,false,true,No-Go
phase428_perstep_kernel_attrib,step_category,K2.5-tp4ep8dp2-8k2k,docs/iter_gap_investigation/phase427_kernel_profile/K2.5-tp4ep8dp2-8k2k,decode,,0,decode_only,51,moe_gemm_or_aux,34.738357,10.851009,0.020216,0.000582,,,,,,1.516977,0.595460,0.357492,0.047048,,blocked_prefill_not_captured,0,70,prefill_steps_not_captured,decode_batch_span_too_narrow_for_slope,phase427_trace_decode_only_prefill_recollect_required,recollect_true_mixed_prefill_window_before_runtime_change,recollect_decode_batch_sweep_then_reprofile_prefill,false,false,false,false,false,false,true,No-Go
phase428_perstep_kernel_attrib,step_category,K2.5-tp4ep8dp2-8k2k,docs/iter_gap_investigation/phase427_kernel_profile/K2.5-tp4ep8dp2-8k2k,decode,,0,decode_only,51,other_cuda,34.738357,2.009334,0.020216,0.000582,,,,,,1.516977,0.595460,0.357492,0.047048,,blocked_prefill_not_captured,0,70,prefill_steps_not_captured,decode_batch_span_too_narrow_for_slope,phase427_trace_decode_only_prefill_recollect_required,recollect_true_mixed_prefill_window_before_runtime_change,recollect_decode_batch_sweep_then_reprofile_prefill,false,false,false,false,false,false,true,No-Go
phase428_perstep_kernel_attrib,step_category,K2.5-tp4ep8dp2-8k2k,docs/iter_gap_investigation/phase427_kernel_profile/K2.5-tp4ep8dp2-8k2k,decode,,0,decode_only,51,tp_or_dp_allreduce,34.738357,0.702693,0.020216,0.000582,,,,,,1.516977,0.595460,0.357492,0.047048,,blocked_prefill_not_captured,0,70,prefill_steps_not_captured,decode_batch_span_too_narrow_for_slope,phase427_trace_decode_only_prefill_recollect_required,recollect_true_mixed_prefill_window_before_runtime_change,recollect_decode_batch_sweep_then_reprofile_prefill,false,false,false,false,false,false,true,No-Go
phase428_perstep_kernel_attrib,step,K2.5-tp4ep8dp2-8k2k,docs/iter_gap_investigation/phase427_kernel_profile/K2.5-tp4ep8dp2-8k2k,decode,,1,decode_only,51,,39.638857,,0.002900,0.000073,,,,,,1.516977,0.595460,0.357492,0.047048,,blocked_prefill_not_captured,0,70,prefill_steps_not_captured,decode_batch_span_too_narrow_for_slope,phase427_trace_decode_only_prefill_recollect_required,recollect_true_mixed_prefill_window_before_runtime_change,recollect_decode_batch_sweep_then_reprofile_prefill,false,false,false,false,false,false,true,No-Go
phase428_perstep_kernel_attrib,step_category,K2.5-tp4ep8dp2-8k2k,docs/iter_gap_investigation/phase427_kernel_profile/K2.5-tp4ep8dp2-8k2k,decode,,1,decode_only,51,dense_gemm,39.638857,4.987057,0.002900,0.000073,,,,,,1.516977,0.595460,0.357492,0.047048,,blocked_prefill_not_captured,0,70,prefill_steps_not_captured,decode_batch_span_too_narrow_for_slope,phase427_trace_decode_only_prefill_recollect_required,recollect_true_mixed_prefill_window_before_runtime_change,recollect_decode_batch_sweep_then_reprofile_prefill,false,false,false,false,false,false,true,No-Go
phase428_perstep_kernel_attrib,step_category,K2.5-tp4ep8dp2-8k2k,docs/iter_gap_investigation/phase427_kernel_profile/K2.5-tp4ep8dp2-8k2k,decode,,1,decode_only,51,ep_a2a,39.638857,7.554044,0.002900,0.000073,,,,,,1.516977,0.595460,0.357492,0.047048,,blocked_prefill_not_captured,0,70,prefill_steps_not_captured,decode_batch_span_too_narrow_for_slope,phase427_trace_decode_only_prefill_recollect_required,recollect_true_mixed_prefill_window_before_runtime_change,recollect_decode_batch_sweep_then_reprofile_prefill,false,false,false,false,false,false,true,No-Go
phase428_perstep_kernel_attrib,step_category,K2.5-tp4ep8dp2-8k2k,docs/iter_gap_investigation/phase427_kernel_profile/K2.5-tp4ep8dp2-8k2k,decode,,1,decode_only,51,memcpy_memset,39.638857,0.168128,0.002900,0.000073,,,,,,1.516977,0.595460,0.357492,0.047048,,blocked_prefill_not_captured,0,70,prefill_steps_not_captured,decode_batch_span_too_narrow_for_slope,phase427_trace_decode_only_prefill_recollect_required,recollect_true_mixed_prefill_window_before_runtime_change,recollect_decode_batch_sweep_then_reprofile_prefill,false,false,false,false,false,false,true,No-Go
phase428_perstep_kernel_attrib,step_category,K2.5-tp4ep8dp2-8k2k,docs/iter_gap_investigation/phase427_kernel_profile/K2.5-tp4ep8dp2-8k2k,decode,,1,decode_only,51,mla_attention,39.638857,11.991003,0.002900,0.000073,,,,,,1.516977,0.595460,0.357492,0.047048,,blocked_prefill_not_captured,0,70,prefill_steps_not_captured,decode_batch_span_too_narrow_for_slope,phase427_trace_decode_only_prefill_recollect_required,recollect_true_mixed_prefill_window_before_runtime_change,recollect_decode_batch_sweep_then_reprofile_prefill,false,false,false,false,false,false,true,No-Go
phase428_perstep_kernel_attrib,step_category,K2.5-tp4ep8dp2-8k2k,docs/iter_gap_investigation/phase427_kernel_profile/K2.5-tp4ep8dp2-8k2k,decode,,1,decode_only,51,moe_gemm_or_aux,39.638857,11.843973,0.002900,0.000073,,,,,,1.516977,0.595460,0.357492,0.047048,,blocked_prefill_not_captured,0,70,prefill_steps_not_captured,decode_batch_span_too_narrow_for_slope,phase427_trace_decode_only_prefill_recollect_required,recollect_true_mixed_prefill_window_before_runtime_change,recollect_decode_batch_sweep_then_reprofile_prefill,false,false,false,false,false,false,true,No-Go
phase428_perstep_kernel_attrib,step_category,K2.5-tp4ep8dp2-8k2k,docs/iter_gap_investigation/phase427_kernel_profile/K2.5-tp4ep8dp2-8k2k,decode,,1,decode_only,51,other_cuda,39.638857,2.313729,0.002900,0.000073,,,,,,1.516977,0.595460,0.357492,0.047048,,blocked_prefill_not_captured,0,70,prefill_steps_not_captured,decode_batch_span_too_narrow_for_slope,phase427_trace_decode_only_prefill_recollect_required,recollect_true_mixed_prefill_window_before_runtime_change,recollect_decode_batch_sweep_then_reprofile_prefill,false,false,false,false,false,false,true,No-Go
phase428_perstep_kernel_attrib,step_category,K2.5-tp4ep8dp2-8k2k,docs/iter_gap_investigation/phase427_kernel_profile/K2.5-tp4ep8dp2-8k2k,decode,,1,decode_only,51,tp_or_dp_allreduce,39.638857,0.827138,0.002900,0.000073,,,,,,1.516977,0.595460,0.357492,0.047048,,blocked_prefill_not_captured,0,70,prefill_steps_not_captured,decode_batch_span_too_narrow_for_slope,phase427_trace_decode_only_prefill_recollect_required,recollect_true_mixed_prefill_window_before_runtime_change,recollect_decode_batch_sweep_then_reprofile_prefill,false,false,false,false,false,false,true,No-Go
phase428_perstep_kernel_attrib,step,K2.5-tp4ep8dp2-8k2k,docs/iter_gap_investigation/phase427_kernel_profile/K2.5-tp4ep8dp2-8k2k,decode,,2,decode_only,51,,39.901262,,0.000001,0.000000,,,,,,1.516977,0.595460,0.357492,0.047048,,blocked_prefill_not_captured,0,70,prefill_steps_not_captured,decode_batch_span_too_narrow_for_slope,phase427_trace_decode_only_prefill_recollect_required,recollect_true_mixed_prefill_window_before_runtime_change,recollect_decode_batch_sweep_then_reprofile_prefill,false,false,false,false,false,false,true,No-Go
phase428_perstep_kernel_attrib,step_category,K2.5-tp4ep8dp2-8k2k,docs/iter_gap_investigation/phase427_kernel_profile/K2.5-tp4ep8dp2-8k2k,decode,,2,decode_only,51,dense_gemm,39.901262,5.010899,0.000001,0.000000,,,,,,1.516977,0.595460,0.357492,0.047048,,blocked_prefill_not_captured,0,70,prefill_steps_not_captured,decode_batch_span_too_narrow_for_slope,phase427_trace_decode_only_prefill_recollect_required,recollect_true_mixed_prefill_window_before_runtime_change,recollect_decode_batch_sweep_then_reprofile_prefill,false,false,false,false,false,false,true,No-Go
phase428_perstep_kernel_attrib,step_category,K2.5-tp4ep8dp2-8k2k,docs/iter_gap_investigation/phase427_kernel_profile/K2.5-tp4ep8dp2-8k2k,decode,,2,decode_only,51,ep_a2a,39.901262,7.460180,0.000001,0.000000,,,,,,1.516977,0.595460,0.357492,0.047048,,blocked_prefill_not_captured,0,70,prefill_steps_not_captured,decode_batch_span_too_narrow_for_slope,phase427_trace_decode_only_prefill_recollect_required,recollect_true_mixed_prefill_window_before_runtime_change,recollect_decode_batch_sweep_then_reprofile_prefill,false,false,false,false,false,false,true,No-Go
phase428_perstep_kernel_attrib,step_category,K2.5-tp4ep8dp2-8k2k,docs/iter_gap_investigation/phase427_kernel_profile/K2.5-tp4ep8dp2-8k2k,decode,,2,decode_only,51,memcpy_memset,39.901262,0.169948,0.000001,0.000000,,,,,,1.516977,0.595460,0.357492,0.047048,,blocked_prefill_not_captured,0,70,prefill_steps_not_captured,decode_batch_span_too_narrow_for_slope,phase427_trace_decode_only_prefill_recollect_required,recollect_true_mixed_prefill_window_before_runtime_change,recollect_decode_batch_sweep_then_reprofile_prefill,false,false,false,false,false,false,true,No-Go
phase428_perstep_kernel_attrib,step_category,K2.5-tp4ep8dp2-8k2k,docs/iter_gap_investigation/phase427_kernel_profile/K2.5-tp4ep8dp2-8k2k,decode,,2,decode_only,51,mla_attention,39.901262,12.181273,0.000001,0.000000,,,,,,1.516977,0.595460,0.357492,0.047048,,blocked_prefill_not_captured,0,70,prefill_steps_not_captured,decode_batch_span_too_narrow_for_slope,phase427_trace_decode_only_prefill_recollect_required,recollect_true_mixed_prefill_window_before_runtime_change,recollect_decode_batch_sweep_then_reprofile_prefill,false,false,false,false,false,false,true,No-Go
phase428_perstep_kernel_attrib,step_category,K2.5-tp4ep8dp2-8k2k,docs/iter_gap_investigation/phase427_kernel_profile/K2.5-tp4ep8dp2-8k2k,decode,,2,decode_only,51,moe_gemm_or_aux,39.901262,12.012961,0.000001,0.000000,,,,,,1.516977,0.595460,0.357492,0.047048,,blocked_prefill_not_captured,0,70,prefill_steps_not_captured,decode_batch_span_too_narrow_for_slope,phase427_trace_decode_only_prefill_recollect_required,recollect_true_mixed_prefill_window_before_runtime_change,recollect_decode_batch_sweep_then_reprofile_prefill,false,false,false,false,false,false,true,No-Go
phase428_perstep_kernel_attrib,step_category,K2.5-tp4ep8dp2-8k2k,docs/iter_gap_investigation/phase427_kernel_profile/K2.5-tp4ep8dp2-8k2k,decode,,2,decode_only,51,other_cuda,39.901262,2.322555,0.000001,0.000000,,,,,,1.516977,0.595460,0.357492,0.047048,,blocked_prefill_not_captured,0,70,prefill_steps_not_captured,decode_batch_span_too_narrow_for_slope,phase427_trace_decode_only_prefill_recollect_required,recollect_true_mixed_prefill_window_before_runtime_change,recollect_decode_batch_sweep_then_reprofile_prefill,false,false,false,false,false,false,true,No-Go
phase428_perstep_kernel_attrib,step_category,K2.5-tp4ep8dp2-8k2k,docs/iter_gap_investigation/phase427_kernel_profile/K2.5-tp4ep8dp2-8k2k,decode,,2,decode_only,51,tp_or_dp_allreduce,39.901262,0.830049,0.000001,0.000000,,,,,,1.516977,0.595460,0.357492,0.047048,,blocked_prefill_not_captured,0,70,prefill_steps_not_captured,decode_batch_span_too_narrow_for_slope,phase427_trace_decode_only_prefill_recollect_required,recollect_true_mixed_prefill_window_before_runtime_change,recollect_decode_batch_sweep_then_reprofile_prefill,false,false,false,false,false,false,true,No-Go
phase428_perstep_kernel_attrib,step,K2.5-tp4ep8dp2-8k2k,docs/iter_gap_investigation/phase427_kernel_profile/K2.5-tp4ep8dp2-8k2k,decode,,3,decode_only,51,,39.661760,,0.000000,0.000000,,,,,,1.516977,0.595460,0.357492,0.047048,,blocked_prefill_not_captured,0,70,prefill_steps_not_captured,decode_batch_span_too_narrow_for_slope,phase427_trace_decode_only_prefill_recollect_required,recollect_true_mixed_prefill_window_before_runtime_change,recollect_decode_batch_sweep_then_reprofile_prefill,false,false,false,false,false,false,true,No-Go
phase428_perstep_kernel_attrib,step_category,K2.5-tp4ep8dp2-8k2k,docs/iter_gap_investigation/phase427_kernel_profile/K2.5-tp4ep8dp2-8k2k,decode,,3,decode_only,51,dense_gemm,39.661760,4.997523,0.000000,0.000000,,,,,,1.516977,0.595460,0.357492,0.047048,,blocked_prefill_not_captured,0,70,prefill_steps_not_captured,decode_batch_span_too_narrow_for_slope,phase427_trace_decode_only_prefill_recollect_required,recollect_true_mixed_prefill_window_before_runtime_change,recollect_decode_batch_sweep_then_reprofile_prefill,false,false,false,false,false,false,true,No-Go
phase428_perstep_kernel_attrib,step_category,K2.5-tp4ep8dp2-8k2k,docs/iter_gap_investigation/phase427_kernel_profile/K2.5-tp4ep8dp2-8k2k,decode,,3,decode_only,51,ep_a2a,39.661760,7.269537,0.000000,0.000000,,,,,,1.516977,0.595460,0.357492,0.047048,,blocked_prefill_not_captured,0,70,prefill_steps_not_captured,decode_batch_span_too_narrow_for_slope,phase427_trace_decode_only_prefill_recollect_required,recollect_true_mixed_prefill_window_before_runtime_change,recollect_decode_batch_sweep_then_reprofile_prefill,false,false,false,false,false,false,true,No-Go
phase428_perstep_kernel_attrib,step_category,K2.5-tp4ep8dp2-8k2k,docs/iter_gap_investigation/phase427_kernel_profile/K2.5-tp4ep8dp2-8k2k,decode,,3,decode_only,51,memcpy_memset,39.661760,0.167729,0.000000,0.000000,,,,,,1.516977,0.595460,0.357492,0.047048,,blocked_prefill_not_captured,0,70,prefill_steps_not_captured,decode_batch_span_too_narrow_for_slope,phase427_trace_decode_only_prefill_recollect_required,recollect_true_mixed_prefill_window_before_runtime_change,recollect_decode_batch_sweep_then_reprofile_prefill,false,false,false,false,false,false,true,No-Go
phase428_perstep_kernel_attrib,step_category,K2.5-tp4ep8dp2-8k2k,docs/iter_gap_investigation/phase427_kernel_profile/K2.5-tp4ep8dp2-8k2k,decode,,3,decode_only,51,mla_attention,39.661760,12.188124,0.000000,0.000000,,,,,,1.516977,0.595460,0.357492,0.047048,,blocked_prefill_not_captured,0,70,prefill_steps_not_captured,decode_batch_span_too_narrow_for_slope,phase427_trace_decode_only_prefill_recollect_required,recollect_true_mixed_prefill_window_before_runtime_change,recollect_decode_batch_sweep_then_reprofile_prefill,false,false,false,false,false,false,true,No-Go
phase428_perstep_kernel_attrib,step_category,K2.5-tp4ep8dp2-8k2k,docs/iter_gap_investigation/phase427_kernel_profile/K2.5-tp4ep8dp2-8k2k,decode,,3,decode_only,51,moe_gemm_or_aux,39.661760,12.015874,0.000000,0.000000,,,,,,1.516977,0.595460,0.357492,0.047048,,blocked_prefill_not_captured,0,70,prefill_steps_not_captured,decode_batch_span_too_narrow_for_slope,phase427_trace_decode_only_prefill_recollect_required,recollect_true_mixed_prefill_window_before_runtime_change,recollect_decode_batch_sweep_then_reprofile_prefill,false,false,false,false,false,false,true,No-Go
phase428_perstep_kernel_attrib,step_category,K2.5-tp4ep8dp2-8k2k,docs/iter_gap_investigation/phase427_kernel_profile/K2.5-tp4ep8dp2-8k2k,decode,,3,decode_only,51,other_cuda,39.661760,2.318737,0.000000,0.000000,,,,,,1.516977,0.595460,0.357492,0.047048,,blocked_prefill_not_captured,0,70,prefill_steps_not_captured,decode_batch_span_too_narrow_for_slope,phase427_trace_decode_only_prefill_recollect_required,recollect_true_mixed_prefill_window_before_runtime_change,recollect_decode_batch_sweep_then_reprofile_prefill,false,false,false,false,false,false,true,No-Go
phase428_perstep_kernel_attrib,step_category,K2.5-tp4ep8dp2-8k2k,docs/iter_gap_investigation/phase427_kernel_profile/K2.5-tp4ep8dp2-8k2k,decode,,3,decode_only,51,tp_or_dp_allreduce,39.661760,0.829427,0.000000,0.000000,,,,,,1.516977,0.595460,0.357492,0.047048,,blocked_prefill_not_captured,0,70,prefill_steps_not_captured,decode_batch_span_too_narrow_for_slope,phase427_trace_decode_only_prefill_recollect_required,recollect_true_mixed_prefill_window_before_runtime_change,recollect_decode_batch_sweep_then_reprofile_prefill,false,false,false,false,false,false,true,No-Go
phase428_perstep_kernel_attrib,step,K2.5-tp4ep8dp2-8k2k,docs/iter_gap_investigation/phase427_kernel_profile/K2.5-tp4ep8dp2-8k2k,decode,,4,decode_only,51,,40.164610,,0.000000,0.000000,,,,,,1.516977,0.595460,0.357492,0.047048,,blocked_prefill_not_captured,0,70,prefill_steps_not_captured,decode_batch_span_too_narrow_for_slope,phase427_trace_decode_only_prefill_recollect_required,recollect_true_mixed_prefill_window_before_runtime_change,recollect_decode_batch_sweep_then_reprofile_prefill,false,false,false,false,false,false,true,No-Go
phase428_perstep_kernel_attrib,step_category,K2.5-tp4ep8dp2-8k2k,docs/iter_gap_investigation/phase427_kernel_profile/K2.5-tp4ep8dp2-8k2k,decode,,4,decode_only,51,dense_gemm,40.164610,5.000564,0.000000,0.000000,,,,,,1.516977,0.595460,0.357492,0.047048,,blocked_prefill_not_captured,0,70,prefill_steps_not_captured,decode_batch_span_too_narrow_for_slope,phase427_trace_decode_only_prefill_recollect_required,recollect_true_mixed_prefill_window_before_runtime_change,recollect_decode_batch_sweep_then_reprofile_prefill,false,false,false,false,false,false,true,No-Go
phase428_perstep_kernel_attrib,step_category,K2.5-tp4ep8dp2-8k2k,docs/iter_gap_investigation/phase427_kernel_profile/K2.5-tp4ep8dp2-8k2k,decode,,4,decode_only,51,ep_a2a,40.164610,7.648324,0.000000,0.000000,,,,,,1.516977,0.595460,0.357492,0.047048,,blocked_prefill_not_captured,0,70,prefill_steps_not_captured,decode_batch_span_too_narrow_for_slope,phase427_trace_decode_only_prefill_recollect_required,recollect_true_mixed_prefill_window_before_runtime_change,recollect_decode_batch_sweep_then_reprofile_prefill,false,false,false,false,false,false,true,No-Go
phase428_perstep_kernel_attrib,step_category,K2.5-tp4ep8dp2-8k2k,docs/iter_gap_investigation/phase427_kernel_profile/K2.5-tp4ep8dp2-8k2k,decode,,4,decode_only,51,memcpy_memset,40.164610,0.167733,0.000000,0.000000,,,,,,1.516977,0.595460,0.357492,0.047048,,blocked_prefill_not_captured,0,70,prefill_steps_not_captured,decode_batch_span_too_narrow_for_slope,phase427_trace_decode_only_prefill_recollect_required,recollect_true_mixed_prefill_window_before_runtime_change,recollect_decode_batch_sweep_then_reprofile_prefill,false,false,false,false,false,false,true,No-Go
phase428_perstep_kernel_attrib,step_category,K2.5-tp4ep8dp2-8k2k,docs/iter_gap_investigation/phase427_kernel_profile/K2.5-tp4ep8dp2-8k2k,decode,,4,decode_only,51,mla_attention,40.164610,12.193254,0.000000,0.000000,,,,,,1.516977,0.595460,0.357492,0.047048,,blocked_prefill_not_captured,0,70,prefill_steps_not_captured,decode_batch_span_too_narrow_for_slope,phase427_trace_decode_only_prefill_recollect_required,recollect_true_mixed_prefill_window_before_runtime_change,recollect_decode_batch_sweep_then_reprofile_prefill,false,false,false,false,false,false,true,No-Go
phase428_perstep_kernel_attrib,step_category,K2.5-tp4ep8dp2-8k2k,docs/iter_gap_investigation/phase427_kernel_profile/K2.5-tp4ep8dp2-8k2k,decode,,4,decode_only,51,moe_gemm_or_aux,40.164610,12.135668,0.000000,0.000000,,,,,,1.516977,0.595460,0.357492,0.047048,,blocked_prefill_not_captured,0,70,prefill_steps_not_captured,decode_batch_span_too_narrow_for_slope,phase427_trace_decode_only_prefill_recollect_required,recollect_true_mixed_prefill_window_before_runtime_change,recollect_decode_batch_sweep_then_reprofile_prefill,false,false,false,false,false,false,true,No-Go
phase428_perstep_kernel_attrib,step_category,K2.5-tp4ep8dp2-8k2k,docs/iter_gap_investigation/phase427_kernel_profile/K2.5-tp4ep8dp2-8k2k,decode,,4,decode_only,51,other_cuda,40.164610,2.319003,0.000000,0.000000,,,,,,1.516977,0.595460,0.357492,0.047048,,blocked_prefill_not_captured,0,70,prefill_steps_not_captured,decode_batch_span_too_narrow_for_slope,phase427_trace_decode_only_prefill_recollect_required,recollect_true_mixed_prefill_window_before_runtime_change,recollect_decode_batch_sweep_then_reprofile_prefill,false,false,false,false,false,false,true,No-Go
phase428_perstep_kernel_attrib,step_category,K2.5-tp4ep8dp2-8k2k,docs/iter_gap_investigation/phase427_kernel_profile/K2.5-tp4ep8dp2-8k2k,decode,,4,decode_only,51,tp_or_dp_allreduce,40.164610,0.835279,0.000000,0.000000,,,,,,1.516977,0.595460,0.357492,0.047048,,blocked_prefill_not_captured,0,70,prefill_steps_not_captured,decode_batch_span_too_narrow_for_slope,phase427_trace_decode_only_prefill_recollect_required,recollect_true_mixed_prefill_window_before_runtime_change,recollect_decode_batch_sweep_then_reprofile_prefill,false,false,false,false,false,false,true,No-Go
phase428_perstep_kernel_attrib,step,K2.5-tp4ep8dp2-8k2k,docs/iter_gap_investigation/phase427_kernel_profile/K2.5-tp4ep8dp2-8k2k,decode,,5,decode_only,51,,39.815056,,0.000000,0.000000,,,,,,1.516977,0.595460,0.357492,0.047048,,blocked_prefill_not_captured,0,70,prefill_steps_not_captured,decode_batch_span_too_narrow_for_slope,phase427_trace_decode_only_prefill_recollect_required,recollect_true_mixed_prefill_window_before_runtime_change,recollect_decode_batch_sweep_then_reprofile_prefill,false,false,false,false,false,false,true,No-Go
phase428_perstep_kernel_attrib,step_category,K2.5-tp4ep8dp2-8k2k,docs/iter_gap_investigation/phase427_kernel_profile/K2.5-tp4ep8dp2-8k2k,decode,,5,decode_only,51,dense_gemm,39.815056,4.999193,0.000000,0.000000,,,,,,1.516977,0.595460,0.357492,0.047048,,blocked_prefill_not_captured,0,70,prefill_steps_not_captured,decode_batch_span_too_narrow_for_slope,phase427_trace_decode_only_prefill_recollect_required,recollect_true_mixed_prefill_window_before_runtime_change,recollect_decode_batch_sweep_then_reprofile_prefill,false,false,false,false,false,false,true,No-Go
phase428_perstep_kernel_attrib,step_category,K2.5-tp4ep8dp2-8k2k,docs/iter_gap_investigation/phase427_kernel_profile/K2.5-tp4ep8dp2-8k2k,decode,,5,decode_only,51,ep_a2a,39.815056,7.343827,0.000000,0.000000,,,,,,1.516977,0.595460,0.357492,0.047048,,blocked_prefill_not_captured,0,70,prefill_steps_not_captured,decode_batch_span_too_narrow_for_slope,phase427_trace_decode_only_prefill_recollect_required,recollect_true_mixed_prefill_window_before_runtime_change,recollect_decode_batch_sweep_then_reprofile_prefill,false,false,false,false,false,false,true,No-Go
phase428_perstep_kernel_attrib,step_category,K2.5-tp4ep8dp2-8k2k,docs/iter_gap_investigation/phase427_kernel_profile/K2.5-tp4ep8dp2-8k2k,decode,,5,decode_only,51,memcpy_memset,39.815056,0.167965,0.000000,0.000000,,,,,,1.516977,0.595460,0.357492,0.047048,,blocked_prefill_not_captured,0,70,prefill_steps_not_captured,decode_batch_span_too_narrow_for_slope,phase427_trace_decode_only_prefill_recollect_required,recollect_true_mixed_prefill_window_before_runtime_change,recollect_decode_batch_sweep_then_reprofile_prefill,false,false,false,false,false,false,true,No-Go
phase428_perstep_kernel_attrib,step_category,K2.5-tp4ep8dp2-8k2k,docs/iter_gap_investigation/phase427_kernel_profile/K2.5-tp4ep8dp2-8k2k,decode,,5,decode_only,51,mla_attention,39.815056,12.207134,0.000000,0.000000,,,,,,1.516977,0.595460,0.357492,0.047048,,blocked_prefill_not_captured,0,70,prefill_steps_not_captured,decode_batch_span_too_narrow_for_slope,phase427_trace_decode_only_prefill_recollect_required,recollect_true_mixed_prefill_window_before_runtime_change,recollect_decode_batch_sweep_then_reprofile_prefill,false,false,false,false,false,false,true,No-Go
phase428_perstep_kernel_attrib,step_category,K2.5-tp4ep8dp2-8k2k,docs/iter_gap_investigation/phase427_kernel_profile/K2.5-tp4ep8dp2-8k2k,decode,,5,decode_only,51,moe_gemm_or_aux,39.815056,12.054914,0.000000,0.000000,,,,,,1.516977,0.595460,0.357492,0.047048,,blocked_prefill_not_captured,0,70,prefill_steps_not_captured,decode_batch_span_too_narrow_for_slope,phase427_trace_decode_only_prefill_recollect_required,recollect_true_mixed_prefill_window_before_runtime_change,recollect_decode_batch_sweep_then_reprofile_prefill,false,false,false,false,false,false,true,No-Go
phase428_perstep_kernel_attrib,step_category,K2.5-tp4ep8dp2-8k2k,docs/iter_gap_investigation/phase427_kernel_profile/K2.5-tp4ep8dp2-8k2k,decode,,5,decode_only,51,other_cuda,39.815056,2.314894,0.000000,0.000000,,,,,,1.516977,0.595460,0.357492,0.047048,,blocked_prefill_not_captured,0,70,prefill_steps_not_captured,decode_batch_span_too_narrow_for_slope,phase427_trace_decode_only_prefill_recollect_required,recollect_true_mixed_prefill_window_before_runtime_change,recollect_decode_batch_sweep_then_reprofile_prefill,false,false,false,false,false,false,true,No-Go
phase428_perstep_kernel_attrib,step_category,K2.5-tp4ep8dp2-8k2k,docs/iter_gap_investigation/phase427_kernel_profile/K2.5-tp4ep8dp2-8k2k,decode,,5,decode_only,51,tp_or_dp_allreduce,39.815056,0.832924,0.000000,0.000000,,,,,,1.516977,0.595460,0.357492,0.047048,,blocked_prefill_not_captured,0,70,prefill_steps_not_captured,decode_batch_span_too_narrow_for_slope,phase427_trace_decode_only_prefill_recollect_required,recollect_true_mixed_prefill_window_before_runtime_change,recollect_decode_batch_sweep_then_reprofile_prefill,false,false,false,false,false,false,true,No-Go
phase428_perstep_kernel_attrib,step,K2.5-tp4ep8dp2-8k2k,docs/iter_gap_investigation/phase427_kernel_profile/K2.5-tp4ep8dp2-8k2k,decode,,6,decode_only,51,,40.006292,,0.000000,0.000000,,,,,,1.516977,0.595460,0.357492,0.047048,,blocked_prefill_not_captured,0,70,prefill_steps_not_captured,decode_batch_span_too_narrow_for_slope,phase427_trace_decode_only_prefill_recollect_required,recollect_true_mixed_prefill_window_before_runtime_change,recollect_decode_batch_sweep_then_reprofile_prefill,false,false,false,false,false,false,true,No-Go
phase428_perstep_kernel_attrib,step_category,K2.5-tp4ep8dp2-8k2k,docs/iter_gap_investigation/phase427_kernel_profile/K2.5-tp4ep8dp2-8k2k,decode,,6,decode_only,51,dense_gemm,40.006292,5.001709,0.000000,0.000000,,,,,,1.516977,0.595460,0.357492,0.047048,,blocked_prefill_not_captured,0,70,prefill_steps_not_captured,decode_batch_span_too_narrow_for_slope,phase427_trace_decode_only_prefill_recollect_required,recollect_true_mixed_prefill_window_before_runtime_change,recollect_decode_batch_sweep_then_reprofile_prefill,false,false,false,false,false,false,true,No-Go
phase428_perstep_kernel_attrib,step_category,K2.5-tp4ep8dp2-8k2k,docs/iter_gap_investigation/phase427_kernel_profile/K2.5-tp4ep8dp2-8k2k,decode,,6,decode_only,51,ep_a2a,40.006292,7.514674,0.000000,0.000000,,,,,,1.516977,0.595460,0.357492,0.047048,,blocked_prefill_not_captured,0,70,prefill_steps_not_captured,decode_batch_span_too_narrow_for_slope,phase427_trace_decode_only_prefill_recollect_required,recollect_true_mixed_prefill_window_before_runtime_change,recollect_decode_batch_sweep_then_reprofile_prefill,false,false,false,false,false,false,true,No-Go
phase428_perstep_kernel_attrib,step_category,K2.5-tp4ep8dp2-8k2k,docs/iter_gap_investigation/phase427_kernel_profile/K2.5-tp4ep8dp2-8k2k,decode,,6,decode_only,51,memcpy_memset,40.006292,0.168649,0.000000,0.000000,,,,,,1.516977,0.595460,0.357492,0.047048,,blocked_prefill_not_captured,0,70,prefill_steps_not_captured,decode_batch_span_too_narrow_for_slope,phase427_trace_decode_only_prefill_recollect_required,recollect_true_mixed_prefill_window_before_runtime_change,recollect_decode_batch_sweep_then_reprofile_prefill,false,false,false,false,false,false,true,No-Go
phase428_perstep_kernel_attrib,step_category,K2.5-tp4ep8dp2-8k2k,docs/iter_gap_investigation/phase427_kernel_profile/K2.5-tp4ep8dp2-8k2k,decode,,6,decode_only,51,mla_attention,40.006292,12.224922,0.000000,0.000000,,,,,,1.516977,0.595460,0.357492,0.047048,,blocked_prefill_not_captured,0,70,prefill_steps_not_captured,decode_batch_span_too_narrow_for_slope,phase427_trace_decode_only_prefill_recollect_required,recollect_true_mixed_prefill_window_before_runtime_change,recollect_decode_batch_sweep_then_reprofile_prefill,false,false,false,false,false,false,true,No-Go
phase428_perstep_kernel_attrib,step_category,K2.5-tp4ep8dp2-8k2k,docs/iter_gap_investigation/phase427_kernel_profile/K2.5-tp4ep8dp2-8k2k,decode,,6,decode_only,51,moe_gemm_or_aux,40.006292,12.073557,0.000000,0.000000,,,,,,1.516977,0.595460,0.357492,0.047048,,blocked_prefill_not_captured,0,70,prefill_steps_not_captured,decode_batch_span_too_narrow_for_slope,phase427_trace_decode_only_prefill_recollect_required,recollect_true_mixed_prefill_window_before_runtime_change,recollect_decode_batch_sweep_then_reprofile_prefill,false,false,false,false,false,false,true,No-Go
phase428_perstep_kernel_attrib,step_category,K2.5-tp4ep8dp2-8k2k,docs/iter_gap_investigation/phase427_kernel_profile/K2.5-tp4ep8dp2-8k2k,decode,,6,decode_only,51,other_cuda,40.006292,2.320302,0.000000,0.000000,,,,,,1.516977,0.595460,0.357492,0.047048,,blocked_prefill_not_captured,0,70,prefill_steps_not_captured,decode_batch_span_too_narrow_for_slope,phase427_trace_decode_only_prefill_recollect_required,recollect_true_mixed_prefill_window_before_runtime_change,recollect_decode_batch_sweep_then_reprofile_prefill,false,false,false,false,false,false,true,No-Go
phase428_perstep_kernel_attrib,step_category,K2.5-tp4ep8dp2-8k2k,docs/iter_gap_investigation/phase427_kernel_profile/K2.5-tp4ep8dp2-8k2k,decode,,6,decode_only,51,tp_or_dp_allreduce,40.006292,0.821504,0.000000,0.000000,,,,,,1.516977,0.595460,0.357492,0.047048,,blocked_prefill_not_captured,0,70,prefill_steps_not_captured,decode_batch_span_too_narrow_for_slope,phase427_trace_decode_only_prefill_recollect_required,recollect_true_mixed_prefill_window_before_runtime_change,recollect_decode_batch_sweep_then_reprofile_prefill,false,false,false,false,false,false,true,No-Go
phase428_perstep_kernel_attrib,step,K2.5-tp4ep8dp2-8k2k,docs/iter_gap_investigation/phase427_kernel_profile/K2.5-tp4ep8dp2-8k2k,decode,,7,decode_only,51,,40.117497,,0.001824,0.000045,,,,,,1.516977,0.595460,0.357492,0.047048,,blocked_prefill_not_captured,0,70,prefill_steps_not_captured,decode_batch_span_too_narrow_for_slope,phase427_trace_decode_only_prefill_recollect_required,recollect_true_mixed_prefill_window_before_runtime_change,recollect_decode_batch_sweep_then_reprofile_prefill,false,false,false,false,false,false,true,No-Go
phase428_perstep_kernel_attrib,step_category,K2.5-tp4ep8dp2-8k2k,docs/iter_gap_investigation/phase427_kernel_profile/K2.5-tp4ep8dp2-8k2k,decode,,7,decode_only,51,dense_gemm,40.117497,4.999324,0.001824,0.000045,,,,,,1.516977,0.595460,0.357492,0.047048,,blocked_prefill_not_captured,0,70,prefill_steps_not_captured,decode_batch_span_too_narrow_for_slope,phase427_trace_decode_only_prefill_recollect_required,recollect_true_mixed_prefill_window_before_runtime_change,recollect_decode_batch_sweep_then_reprofile_prefill,false,false,false,false,false,false,true,No-Go
phase428_perstep_kernel_attrib,step_category,K2.5-tp4ep8dp2-8k2k,docs/iter_gap_investigation/phase427_kernel_profile/K2.5-tp4ep8dp2-8k2k,decode,,7,decode_only,51,ep_a2a,40.117497,7.732143,0.001824,0.000045,,,,,,1.516977,0.595460,0.357492,0.047048,,blocked_prefill_not_captured,0,70,prefill_steps_not_captured,decode_batch_span_too_narrow_for_slope,phase427_trace_decode_only_prefill_recollect_required,recollect_true_mixed_prefill_window_before_runtime_change,recollect_decode_batch_sweep_then_reprofile_prefill,false,false,false,false,false,false,true,No-Go
phase428_perstep_kernel_attrib,step_category,K2.5-tp4ep8dp2-8k2k,docs/iter_gap_investigation/phase427_kernel_profile/K2.5-tp4ep8dp2-8k2k,decode,,7,decode_only,51,memcpy_memset,40.117497,0.165216,0.001824,0.000045,,,,,,1.516977,0.595460,0.357492,0.047048,,blocked_prefill_not_captured,0,70,prefill_steps_not_captured,decode_batch_span_too_narrow_for_slope,phase427_trace_decode_only_prefill_recollect_required,recollect_true_mixed_prefill_window_before_runtime_change,recollect_decode_batch_sweep_then_reprofile_prefill,false,false,false,false,false,false,true,No-Go
phase428_perstep_kernel_attrib,step_category,K2.5-tp4ep8dp2-8k2k,docs/iter_gap_investigation/phase427_kernel_profile/K2.5-tp4ep8dp2-8k2k,decode,,7,decode_only,51,mla_attention,40.117497,12.244543,0.001824,0.000045,,,,,,1.516977,0.595460,0.357492,0.047048,,blocked_prefill_not_captured,0,70,prefill_steps_not_captured,decode_batch_span_too_narrow_for_slope,phase427_trace_decode_only_prefill_recollect_required,recollect_true_mixed_prefill_window_before_runtime_change,recollect_decode_batch_sweep_then_reprofile_prefill,false,false,false,false,false,false,true,No-Go
phase428_perstep_kernel_attrib,step_category,K2.5-tp4ep8dp2-8k2k,docs/iter_gap_investigation/phase427_kernel_profile/K2.5-tp4ep8dp2-8k2k,decode,,7,decode_only,51,moe_gemm_or_aux,40.117497,11.935710,0.001824,0.000045,,,,,,1.516977,0.595460,0.357492,0.047048,,blocked_prefill_not_captured,0,70,prefill_steps_not_captured,decode_batch_span_too_narrow_for_slope,phase427_trace_decode_only_prefill_recollect_required,recollect_true_mixed_prefill_window_before_runtime_change,recollect_decode_batch_sweep_then_reprofile_prefill,false,false,false,false,false,false,true,No-Go
phase428_perstep_kernel_attrib,step_category,K2.5-tp4ep8dp2-8k2k,docs/iter_gap_investigation/phase427_kernel_profile/K2.5-tp4ep8dp2-8k2k,decode,,7,decode_only,51,other_cuda,40.117497,2.318145,0.001824,0.000045,,,,,,1.516977,0.595460,0.357492,0.047048,,blocked_prefill_not_captured,0,70,prefill_steps_not_captured,decode_batch_span_too_narrow_for_slope,phase427_trace_decode_only_prefill_recollect_required,recollect_true_mixed_prefill_window_before_runtime_change,recollect_decode_batch_sweep_then_reprofile_prefill,false,false,false,false,false,false,true,No-Go
phase428_perstep_kernel_attrib,step_category,K2.5-tp4ep8dp2-8k2k,docs/iter_gap_investigation/phase427_kernel_profile/K2.5-tp4ep8dp2-8k2k,decode,,7,decode_only,51,tp_or_dp_allreduce,40.117497,0.826498,0.001824,0.000045,,,,,,1.516977,0.595460,0.357492,0.047048,,blocked_prefill_not_captured,0,70,prefill_steps_not_captured,decode_batch_span_too_narrow_for_slope,phase427_trace_decode_only_prefill_recollect_required,recollect_true_mixed_prefill_window_before_runtime_change,recollect_decode_batch_sweep_then_reprofile_prefill,false,false,false,false,false,false,true,No-Go
phase428_perstep_kernel_attrib,step,K2.5-tp4ep8dp2-8k2k,docs/iter_gap_investigation/phase427_kernel_profile/K2.5-tp4ep8dp2-8k2k,decode,,8,decode_only,51,,40.322629,,0.000000,0.000000,,,,,,1.516977,0.595460,0.357492,0.047048,,blocked_prefill_not_captured,0,70,prefill_steps_not_captured,decode_batch_span_too_narrow_for_slope,phase427_trace_decode_only_prefill_recollect_required,recollect_true_mixed_prefill_window_before_runtime_change,recollect_decode_batch_sweep_then_reprofile_prefill,false,false,false,false,false,false,true,No-Go
phase428_perstep_kernel_attrib,step_category,K2.5-tp4ep8dp2-8k2k,docs/iter_gap_investigation/phase427_kernel_profile/K2.5-tp4ep8dp2-8k2k,decode,,8,decode_only,51,dense_gemm,40.322629,5.006640,0.000000,0.000000,,,,,,1.516977,0.595460,0.357492,0.047048,,blocked_prefill_not_captured,0,70,prefill_steps_not_captured,decode_batch_span_too_narrow_for_slope,phase427_trace_decode_only_prefill_recollect_required,recollect_true_mixed_prefill_window_before_runtime_change,recollect_decode_batch_sweep_then_reprofile_prefill,false,false,false,false,false,false,true,No-Go
phase428_perstep_kernel_attrib,step_category,K2.5-tp4ep8dp2-8k2k,docs/iter_gap_investigation/phase427_kernel_profile/K2.5-tp4ep8dp2-8k2k,decode,,8,decode_only,51,ep_a2a,40.322629,7.461647,0.000000,0.000000,,,,,,1.516977,0.595460,0.357492,0.047048,,blocked_prefill_not_captured,0,70,prefill_steps_not_captured,decode_batch_span_too_narrow_for_slope,phase427_trace_decode_only_prefill_recollect_required,recollect_true_mixed_prefill_window_before_runtime_change,recollect_decode_batch_sweep_then_reprofile_prefill,false,false,false,false,false,false,true,No-Go
phase428_perstep_kernel_attrib,step_category,K2.5-tp4ep8dp2-8k2k,docs/iter_gap_investigation/phase427_kernel_profile/K2.5-tp4ep8dp2-8k2k,decode,,8,decode_only,51,memcpy_memset,40.322629,0.170729,0.000000,0.000000,,,,,,1.516977,0.595460,0.357492,0.047048,,blocked_prefill_not_captured,0,70,prefill_steps_not_captured,decode_batch_span_too_narrow_for_slope,phase427_trace_decode_only_prefill_recollect_required,recollect_true_mixed_prefill_window_before_runtime_change,recollect_decode_batch_sweep_then_reprofile_prefill,false,false,false,false,false,false,true,No-Go
phase428_perstep_kernel_attrib,step_category,K2.5-tp4ep8dp2-8k2k,docs/iter_gap_investigation/phase427_kernel_profile/K2.5-tp4ep8dp2-8k2k,decode,,8,decode_only,51,mla_attention,40.322629,12.219480,0.000000,0.000000,,,,,,1.516977,0.595460,0.357492,0.047048,,blocked_prefill_not_captured,0,70,prefill_steps_not_captured,decode_batch_span_too_narrow_for_slope,phase427_trace_decode_only_prefill_recollect_required,recollect_true_mixed_prefill_window_before_runtime_change,recollect_decode_batch_sweep_then_reprofile_prefill,false,false,false,false,false,false,true,No-Go
phase428_perstep_kernel_attrib,step_category,K2.5-tp4ep8dp2-8k2k,docs/iter_gap_investigation/phase427_kernel_profile/K2.5-tp4ep8dp2-8k2k,decode,,8,decode_only,51,moe_gemm_or_aux,40.322629,12.409046,0.000000,0.000000,,,,,,1.516977,0.595460,0.357492,0.047048,,blocked_prefill_not_captured,0,70,prefill_steps_not_captured,decode_batch_span_too_narrow_for_slope,phase427_trace_decode_only_prefill_recollect_required,recollect_true_mixed_prefill_window_before_runtime_change,recollect_decode_batch_sweep_then_reprofile_prefill,false,false,false,false,false,false,true,No-Go
phase428_perstep_kernel_attrib,step_category,K2.5-tp4ep8dp2-8k2k,docs/iter_gap_investigation/phase427_kernel_profile/K2.5-tp4ep8dp2-8k2k,decode,,8,decode_only,51,other_cuda,40.322629,2.321266,0.000000,0.000000,,,,,,1.516977,0.595460,0.357492,0.047048,,blocked_prefill_not_captured,0,70,prefill_steps_not_captured,decode_batch_span_too_narrow_for_slope,phase427_trace_decode_only_prefill_recollect_required,recollect_true_mixed_prefill_window_before_runtime_change,recollect_decode_batch_sweep_then_reprofile_prefill,false,false,false,false,false,false,true,No-Go
phase428_perstep_kernel_attrib,step_category,K2.5-tp4ep8dp2-8k2k,docs/iter_gap_investigation/phase427_kernel_profile/K2.5-tp4ep8dp2-8k2k,decode,,8,decode_only,51,tp_or_dp_allreduce,40.322629,0.832846,0.000000,0.000000,,,,,,1.516977,0.595460,0.357492,0.047048,,blocked_prefill_not_captured,0,70,prefill_steps_not_captured,decode_batch_span_too_narrow_for_slope,phase427_trace_decode_only_prefill_recollect_required,recollect_true_mixed_prefill_window_before_runtime_change,recollect_decode_batch_sweep_then_reprofile_prefill,false,false,false,false,false,false,true,No-Go
phase428_perstep_kernel_attrib,step,K2.5-tp4ep8dp2-8k2k,docs/iter_gap_investigation/phase427_kernel_profile/K2.5-tp4ep8dp2-8k2k,decode,,9,decode_only,51,,40.057762,,0.003134,0.000078,,,,,,1.516977,0.595460,0.357492,0.047048,,blocked_prefill_not_captured,0,70,prefill_steps_not_captured,decode_batch_span_too_narrow_for_slope,phase427_trace_decode_only_prefill_recollect_required,recollect_true_mixed_prefill_window_before_runtime_change,recollect_decode_batch_sweep_then_reprofile_prefill,false,false,false,false,false,false,true,No-Go
phase428_perstep_kernel_attrib,step_category,K2.5-tp4ep8dp2-8k2k,docs/iter_gap_investigation/phase427_kernel_profile/K2.5-tp4ep8dp2-8k2k,decode,,9,decode_only,51,dense_gemm,40.057762,5.003267,0.003134,0.000078,,,,,,1.516977,0.595460,0.357492,0.047048,,blocked_prefill_not_captured,0,70,prefill_steps_not_captured,decode_batch_span_too_narrow_for_slope,phase427_trace_decode_only_prefill_recollect_required,recollect_true_mixed_prefill_window_before_runtime_change,recollect_decode_batch_sweep_then_reprofile_prefill,false,false,false,false,false,false,true,No-Go
phase428_perstep_kernel_attrib,step_category,K2.5-tp4ep8dp2-8k2k,docs/iter_gap_investigation/phase427_kernel_profile/K2.5-tp4ep8dp2-8k2k,decode,,9,decode_only,51,ep_a2a,40.057762,7.501519,0.003134,0.000078,,,,,,1.516977,0.595460,0.357492,0.047048,,blocked_prefill_not_captured,0,70,prefill_steps_not_captured,decode_batch_span_too_narrow_for_slope,phase427_trace_decode_only_prefill_recollect_required,recollect_true_mixed_prefill_window_before_runtime_change,recollect_decode_batch_sweep_then_reprofile_prefill,false,false,false,false,false,false,true,No-Go
phase428_perstep_kernel_attrib,step_category,K2.5-tp4ep8dp2-8k2k,docs/iter_gap_investigation/phase427_kernel_profile/K2.5-tp4ep8dp2-8k2k,decode,,9,decode_only,51,memcpy_memset,40.057762,0.168774,0.003134,0.000078,,,,,,1.516977,0.595460,0.357492,0.047048,,blocked_prefill_not_captured,0,70,prefill_steps_not_captured,decode_batch_span_too_narrow_for_slope,phase427_trace_decode_only_prefill_recollect_required,recollect_true_mixed_prefill_window_before_runtime_change,recollect_decode_batch_sweep_then_reprofile_prefill,false,false,false,false,false,false,true,No-Go
phase428_perstep_kernel_attrib,step_category,K2.5-tp4ep8dp2-8k2k,docs/iter_gap_investigation/phase427_kernel_profile/K2.5-tp4ep8dp2-8k2k,decode,,9,decode_only,51,mla_attention,40.057762,12.143145,0.003134,0.000078,,,,,,1.516977,0.595460,0.357492,0.047048,,blocked_prefill_not_captured,0,70,prefill_steps_not_captured,decode_batch_span_too_narrow_for_slope,phase427_trace_decode_only_prefill_recollect_required,recollect_true_mixed_prefill_window_before_runtime_change,recollect_decode_batch_sweep_then_reprofile_prefill,false,false,false,false,false,false,true,No-Go
phase428_perstep_kernel_attrib,step_category,K2.5-tp4ep8dp2-8k2k,docs/iter_gap_investigation/phase427_kernel_profile/K2.5-tp4ep8dp2-8k2k,decode,,9,decode_only,51,moe_gemm_or_aux,40.057762,12.161171,0.003134,0.000078,,,,,,1.516977,0.595460,0.357492,0.047048,,blocked_prefill_not_captured,0,70,prefill_steps_not_captured,decode_batch_span_too_narrow_for_slope,phase427_trace_decode_only_prefill_recollect_required,recollect_true_mixed_prefill_window_before_runtime_change,recollect_decode_batch_sweep_then_reprofile_prefill,false,false,false,false,false,false,true,No-Go
phase428_perstep_kernel_attrib,step_category,K2.5-tp4ep8dp2-8k2k,docs/iter_gap_investigation/phase427_kernel_profile/K2.5-tp4ep8dp2-8k2k,decode,,9,decode_only,51,other_cuda,40.057762,2.319082,0.003134,0.000078,,,,,,1.516977,0.595460,0.357492,0.047048,,blocked_prefill_not_captured,0,70,prefill_steps_not_captured,decode_batch_span_too_narrow_for_slope,phase427_trace_decode_only_prefill_recollect_required,recollect_true_mixed_prefill_window_before_runtime_change,recollect_decode_batch_sweep_then_reprofile_prefill,false,false,false,false,false,false,true,No-Go
phase428_perstep_kernel_attrib,step_category,K2.5-tp4ep8dp2-8k2k,docs/iter_gap_investigation/phase427_kernel_profile/K2.5-tp4ep8dp2-8k2k,decode,,9,decode_only,51,tp_or_dp_allreduce,40.057762,0.818082,0.003134,0.000078,,,,,,1.516977,0.595460,0.357492,0.047048,,blocked_prefill_not_captured,0,70,prefill_steps_not_captured,decode_batch_span_too_narrow_for_slope,phase427_trace_decode_only_prefill_recollect_required,recollect_true_mixed_prefill_window_before_runtime_change,recollect_decode_batch_sweep_then_reprofile_prefill,false,false,false,false,false,false,true,No-Go
phase428_perstep_kernel_attrib,step,K2.5-tp4ep8dp2-8k2k,docs/iter_gap_investigation/phase427_kernel_profile/K2.5-tp4ep8dp2-8k2k,decode,,10,decode_only,51,,40.284324,,0.000000,0.000000,,,,,,1.516977,0.595460,0.357492,0.047048,,blocked_prefill_not_captured,0,70,prefill_steps_not_captured,decode_batch_span_too_narrow_for_slope,phase427_trace_decode_only_prefill_recollect_required,recollect_true_mixed_prefill_window_before_runtime_change,recollect_decode_batch_sweep_then_reprofile_prefill,false,false,false,false,false,false,true,No-Go
phase428_perstep_kernel_attrib,step_category,K2.5-tp4ep8dp2-8k2k,docs/iter_gap_investigation/phase427_kernel_profile/K2.5-tp4ep8dp2-8k2k,decode,,10,decode_only,51,dense_gemm,40.284324,4.980938,0.000000,0.000000,,,,,,1.516977,0.595460,0.357492,0.047048,,blocked_prefill_not_captured,0,70,prefill_steps_not_captured,decode_batch_span_too_narrow_for_slope,phase427_trace_decode_only_prefill_recollect_required,recollect_true_mixed_prefill_window_before_runtime_change,recollect_decode_batch_sweep_then_reprofile_prefill,false,false,false,false,false,false,true,No-Go
phase428_perstep_kernel_attrib,step_category,K2.5-tp4ep8dp2-8k2k,docs/iter_gap_investigation/phase427_kernel_profile/K2.5-tp4ep8dp2-8k2k,decode,,10,decode_only,51,ep_a2a,40.284324,7.701444,0.000000,0.000000,,,,,,1.516977,0.595460,0.357492,0.047048,,blocked_prefill_not_captured,0,70,prefill_steps_not_captured,decode_batch_span_too_narrow_for_slope,phase427_trace_decode_only_prefill_recollect_required,recollect_true_mixed_prefill_window_before_runtime_change,recollect_decode_batch_sweep_then_reprofile_prefill,false,false,false,false,false,false,true,No-Go
phase428_perstep_kernel_attrib,step_category,K2.5-tp4ep8dp2-8k2k,docs/iter_gap_investigation/phase427_kernel_profile/K2.5-tp4ep8dp2-8k2k,decode,,10,decode_only,51,memcpy_memset,40.284324,0.168065,0.000000,0.000000,,,,,,1.516977,0.595460,0.357492,0.047048,,blocked_prefill_not_captured,0,70,prefill_steps_not_captured,decode_batch_span_too_narrow_for_slope,phase427_trace_decode_only_prefill_recollect_required,recollect_true_mixed_prefill_window_before_runtime_change,recollect_decode_batch_sweep_then_reprofile_prefill,false,false,false,false,false,false,true,No-Go
phase428_perstep_kernel_attrib,step_category,K2.5-tp4ep8dp2-8k2k,docs/iter_gap_investigation/phase427_kernel_profile/K2.5-tp4ep8dp2-8k2k,decode,,10,decode_only,51,mla_attention,40.284324,12.234083,0.000000,0.000000,,,,,,1.516977,0.595460,0.357492,0.047048,,blocked_prefill_not_captured,0,70,prefill_steps_not_captured,decode_batch_span_too_narrow_for_slope,phase427_trace_decode_only_prefill_recollect_required,recollect_true_mixed_prefill_window_before_runtime_change,recollect_decode_batch_sweep_then_reprofile_prefill,false,false,false,false,false,false,true,No-Go
phase428_perstep_kernel_attrib,step_category,K2.5-tp4ep8dp2-8k2k,docs/iter_gap_investigation/phase427_kernel_profile/K2.5-tp4ep8dp2-8k2k,decode,,10,decode_only,51,moe_gemm_or_aux,40.284324,12.195560,0.000000,0.000000,,,,,,1.516977,0.595460,0.357492,0.047048,,blocked_prefill_not_captured,0,70,prefill_steps_not_captured,decode_batch_span_too_narrow_for_slope,phase427_trace_decode_only_prefill_recollect_required,recollect_true_mixed_prefill_window_before_runtime_change,recollect_decode_batch_sweep_then_reprofile_prefill,false,false,false,false,false,false,true,No-Go
phase428_perstep_kernel_attrib,step_category,K2.5-tp4ep8dp2-8k2k,docs/iter_gap_investigation/phase427_kernel_profile/K2.5-tp4ep8dp2-8k2k,decode,,10,decode_only,51,other_cuda,40.284324,2.312919,0.000000,0.000000,,,,,,1.516977,0.595460,0.357492,0.047048,,blocked_prefill_not_captured,0,70,prefill_steps_not_captured,decode_batch_span_too_narrow_for_slope,phase427_trace_decode_only_prefill_recollect_required,recollect_true_mixed_prefill_window_before_runtime_change,recollect_decode_batch_sweep_then_reprofile_prefill,false,false,false,false,false,false,true,No-Go
phase428_perstep_kernel_attrib,step_category,K2.5-tp4ep8dp2-8k2k,docs/iter_gap_investigation/phase427_kernel_profile/K2.5-tp4ep8dp2-8k2k,decode,,10,decode_only,51,tp_or_dp_allreduce,40.284324,0.826407,0.000000,0.000000,,,,,,1.516977,0.595460,0.357492,0.047048,,blocked_prefill_not_captured,0,70,prefill_steps_not_captured,decode_batch_span_too_narrow_for_slope,phase427_trace_decode_only_prefill_recollect_required,recollect_true_mixed_prefill_window_before_runtime_change,recollect_decode_batch_sweep_then_reprofile_prefill,false,false,false,false,false,false,true,No-Go
phase428_perstep_kernel_attrib,step,K2.5-tp4ep8dp2-8k2k,docs/iter_gap_investigation/phase427_kernel_profile/K2.5-tp4ep8dp2-8k2k,decode,,11,decode_only,51,,39.869383,,0.000000,0.000000,,,,,,1.516977,0.595460,0.357492,0.047048,,blocked_prefill_not_captured,0,70,prefill_steps_not_captured,decode_batch_span_too_narrow_for_slope,phase427_trace_decode_only_prefill_recollect_required,recollect_true_mixed_prefill_window_before_runtime_change,recollect_decode_batch_sweep_then_reprofile_prefill,false,false,false,false,false,false,true,No-Go
phase428_perstep_kernel_attrib,step_category,K2.5-tp4ep8dp2-8k2k,docs/iter_gap_investigation/phase427_kernel_profile/K2.5-tp4ep8dp2-8k2k,decode,,11,decode_only,51,dense_gemm,39.869383,4.982090,0.000000,0.000000,,,,,,1.516977,0.595460,0.357492,0.047048,,blocked_prefill_not_captured,0,70,prefill_steps_not_captured,decode_batch_span_too_narrow_for_slope,phase427_trace_decode_only_prefill_recollect_required,recollect_true_mixed_prefill_window_before_runtime_change,recollect_decode_batch_sweep_then_reprofile_prefill,false,false,false,false,false,false,true,No-Go
phase428_perstep_kernel_attrib,step_category,K2.5-tp4ep8dp2-8k2k,docs/iter_gap_investigation/phase427_kernel_profile/K2.5-tp4ep8dp2-8k2k,decode,,11,decode_only,51,ep_a2a,39.869383,7.296876,0.000000,0.000000,,,,,,1.516977,0.595460,0.357492,0.047048,,blocked_prefill_not_captured,0,70,prefill_steps_not_captured,decode_batch_span_too_narrow_for_slope,phase427_trace_decode_only_prefill_recollect_required,recollect_true_mixed_prefill_window_before_runtime_change,recollect_decode_batch_sweep_then_reprofile_prefill,false,false,false,false,false,false,true,No-Go
phase428_perstep_kernel_attrib,step_category,K2.5-tp4ep8dp2-8k2k,docs/iter_gap_investigation/phase427_kernel_profile/K2.5-tp4ep8dp2-8k2k,decode,,11,decode_only,51,memcpy_memset,39.869383,0.167269,0.000000,0.000000,,,,,,1.516977,0.595460,0.357492,0.047048,,blocked_prefill_not_captured,0,70,prefill_steps_not_captured,decode_batch_span_too_narrow_for_slope,phase427_trace_decode_only_prefill_recollect_required,recollect_true_mixed_prefill_window_before_runtime_change,recollect_decode_batch_sweep_then_reprofile_prefill,false,false,false,false,false,false,true,No-Go
phase428_perstep_kernel_attrib,step_category,K2.5-tp4ep8dp2-8k2k,docs/iter_gap_investigation/phase427_kernel_profile/K2.5-tp4ep8dp2-8k2k,decode,,11,decode_only,51,mla_attention,39.869383,12.231091,0.000000,0.000000,,,,,,1.516977,0.595460,0.357492,0.047048,,blocked_prefill_not_captured,0,70,prefill_steps_not_captured,decode_batch_span_too_narrow_for_slope,phase427_trace_decode_only_prefill_recollect_required,recollect_true_mixed_prefill_window_before_runtime_change,recollect_decode_batch_sweep_then_reprofile_prefill,false,false,false,false,false,false,true,No-Go
phase428_perstep_kernel_attrib,step_category,K2.5-tp4ep8dp2-8k2k,docs/iter_gap_investigation/phase427_kernel_profile/K2.5-tp4ep8dp2-8k2k,decode,,11,decode_only,51,moe_gemm_or_aux,39.869383,12.168035,0.000000,0.000000,,,,,,1.516977,0.595460,0.357492,0.047048,,blocked_prefill_not_captured,0,70,prefill_steps_not_captured,decode_batch_span_too_narrow_for_slope,phase427_trace_decode_only_prefill_recollect_required,recollect_true_mixed_prefill_window_before_runtime_change,recollect_decode_batch_sweep_then_reprofile_prefill,false,false,false,false,false,false,true,No-Go
phase428_perstep_kernel_attrib,step_category,K2.5-tp4ep8dp2-8k2k,docs/iter_gap_investigation/phase427_kernel_profile/K2.5-tp4ep8dp2-8k2k,decode,,11,decode_only,51,other_cuda,39.869383,2.312517,0.000000,0.000000,,,,,,1.516977,0.595460,0.357492,0.047048,,blocked_prefill_not_captured,0,70,prefill_steps_not_captured,decode_batch_span_too_narrow_for_slope,phase427_trace_decode_only_prefill_recollect_required,recollect_true_mixed_prefill_window_before_runtime_change,recollect_decode_batch_sweep_then_reprofile_prefill,false,false,false,false,false,false,true,No-Go
phase428_perstep_kernel_attrib,step_category,K2.5-tp4ep8dp2-8k2k,docs/iter_gap_investigation/phase427_kernel_profile/K2.5-tp4ep8dp2-8k2k,decode,,11,decode_only,51,tp_or_dp_allreduce,39.869383,0.819405,0.000000,0.000000,,,,,,1.516977,0.595460,0.357492,0.047048,,blocked_prefill_not_captured,0,70,prefill_steps_not_captured,decode_batch_span_too_narrow_for_slope,phase427_trace_decode_only_prefill_recollect_required,recollect_true_mixed_prefill_window_before_runtime_change,recollect_decode_batch_sweep_then_reprofile_prefill,false,false,false,false,false,false,true,No-Go
phase428_perstep_kernel_attrib,step,K2.5-tp4ep8dp2-8k2k,docs/iter_gap_investigation/phase427_kernel_profile/K2.5-tp4ep8dp2-8k2k,decode,,12,decode_only,51,,39.727651,,0.000000,0.000000,,,,,,1.516977,0.595460,0.357492,0.047048,,blocked_prefill_not_captured,0,70,prefill_steps_not_captured,decode_batch_span_too_narrow_for_slope,phase427_trace_decode_only_prefill_recollect_required,recollect_true_mixed_prefill_window_before_runtime_change,recollect_decode_batch_sweep_then_reprofile_prefill,false,false,false,false,false,false,true,No-Go
phase428_perstep_kernel_attrib,step_category,K2.5-tp4ep8dp2-8k2k,docs/iter_gap_investigation/phase427_kernel_profile/K2.5-tp4ep8dp2-8k2k,decode,,12,decode_only,51,dense_gemm,39.727651,5.013084,0.000000,0.000000,,,,,,1.516977,0.595460,0.357492,0.047048,,blocked_prefill_not_captured,0,70,prefill_steps_not_captured,decode_batch_span_too_narrow_for_slope,phase427_trace_decode_only_prefill_recollect_required,recollect_true_mixed_prefill_window_before_runtime_change,recollect_decode_batch_sweep_then_reprofile_prefill,false,false,false,false,false,false,true,No-Go
phase428_perstep_kernel_attrib,step_category,K2.5-tp4ep8dp2-8k2k,docs/iter_gap_investigation/phase427_kernel_profile/K2.5-tp4ep8dp2-8k2k,decode,,12,decode_only,51,ep_a2a,39.727651,7.282590,0.000000,0.000000,,,,,,1.516977,0.595460,0.357492,0.047048,,blocked_prefill_not_captured,0,70,prefill_steps_not_captured,decode_batch_span_too_narrow_for_slope,phase427_trace_decode_only_prefill_recollect_required,recollect_true_mixed_prefill_window_before_runtime_change,recollect_decode_batch_sweep_then_reprofile_prefill,false,false,false,false,false,false,true,No-Go
phase428_perstep_kernel_attrib,step_category,K2.5-tp4ep8dp2-8k2k,docs/iter_gap_investigation/phase427_kernel_profile/K2.5-tp4ep8dp2-8k2k,decode,,12,decode_only,51,memcpy_memset,39.727651,0.168024,0.000000,0.000000,,,,,,1.516977,0.595460,0.357492,0.047048,,blocked_prefill_not_captured,0,70,prefill_steps_not_captured,decode_batch_span_too_narrow_for_slope,phase427_trace_decode_only_prefill_recollect_required,recollect_true_mixed_prefill_window_before_runtime_change,recollect_decode_batch_sweep_then_reprofile_prefill,false,false,false,false,false,false,true,No-Go
phase428_perstep_kernel_attrib,step_category,K2.5-tp4ep8dp2-8k2k,docs/iter_gap_investigation/phase427_kernel_profile/K2.5-tp4ep8dp2-8k2k,decode,,12,decode_only,51,mla_attention,39.727651,12.233494,0.000000,0.000000,,,,,,1.516977,0.595460,0.357492,0.047048,,blocked_prefill_not_captured,0,70,prefill_steps_not_captured,decode_batch_span_too_narrow_for_slope,phase427_trace_decode_only_prefill_recollect_required,recollect_true_mixed_prefill_window_before_runtime_change,recollect_decode_batch_sweep_then_reprofile_prefill,false,false,false,false,false,false,true,No-Go
phase428_perstep_kernel_attrib,step_category,K2.5-tp4ep8dp2-8k2k,docs/iter_gap_investigation/phase427_kernel_profile/K2.5-tp4ep8dp2-8k2k,decode,,12,decode_only,51,moe_gemm_or_aux,39.727651,11.993278,0.000000,0.000000,,,,,,1.516977,0.595460,0.357492,0.047048,,blocked_prefill_not_captured,0,70,prefill_steps_not_captured,decode_batch_span_too_narrow_for_slope,phase427_trace_decode_only_prefill_recollect_required,recollect_true_mixed_prefill_window_before_runtime_change,recollect_decode_batch_sweep_then_reprofile_prefill,false,false,false,false,false,false,true,No-Go
phase428_perstep_kernel_attrib,step_category,K2.5-tp4ep8dp2-8k2k,docs/iter_gap_investigation/phase427_kernel_profile/K2.5-tp4ep8dp2-8k2k,decode,,12,decode_only,51,other_cuda,39.727651,2.320433,0.000000,0.000000,,,,,,1.516977,0.595460,0.357492,0.047048,,blocked_prefill_not_captured,0,70,prefill_steps_not_captured,decode_batch_span_too_narrow_for_slope,phase427_trace_decode_only_prefill_recollect_required,recollect_true_mixed_prefill_window_before_runtime_change,recollect_decode_batch_sweep_then_reprofile_prefill,false,false,false,false,false,false,true,No-Go
phase428_perstep_kernel_attrib,step_category,K2.5-tp4ep8dp2-8k2k,docs/iter_gap_investigation/phase427_kernel_profile/K2.5-tp4ep8dp2-8k2k,decode,,12,decode_only,51,tp_or_dp_allreduce,39.727651,0.819113,0.000000,0.000000,,,,,,1.516977,0.595460,0.357492,0.047048,,blocked_prefill_not_captured,0,70,prefill_steps_not_captured,decode_batch_span_too_narrow_for_slope,phase427_trace_decode_only_prefill_recollect_required,recollect_true_mixed_prefill_window_before_runtime_change,recollect_decode_batch_sweep_then_reprofile_prefill,false,false,false,false,false,false,true,No-Go
phase428_perstep_kernel_attrib,step,K2.5-tp4ep8dp2-8k2k,docs/iter_gap_investigation/phase427_kernel_profile/K2.5-tp4ep8dp2-8k2k,decode,,13,decode_only,51,,40.138301,,0.000000,0.000000,,,,,,1.516977,0.595460,0.357492,0.047048,,blocked_prefill_not_captured,0,70,prefill_steps_not_captured,decode_batch_span_too_narrow_for_slope,phase427_trace_decode_only_prefill_recollect_required,recollect_true_mixed_prefill_window_before_runtime_change,recollect_decode_batch_sweep_then_reprofile_prefill,false,false,false,false,false,false,true,No-Go
phase428_perstep_kernel_attrib,step_category,K2.5-tp4ep8dp2-8k2k,docs/iter_gap_investigation/phase427_kernel_profile/K2.5-tp4ep8dp2-8k2k,decode,,13,decode_only,51,dense_gemm,40.138301,5.001899,0.000000,0.000000,,,,,,1.516977,0.595460,0.357492,0.047048,,blocked_prefill_not_captured,0,70,prefill_steps_not_captured,decode_batch_span_too_narrow_for_slope,phase427_trace_decode_only_prefill_recollect_required,recollect_true_mixed_prefill_window_before_runtime_change,recollect_decode_batch_sweep_then_reprofile_prefill,false,false,false,false,false,false,true,No-Go
phase428_perstep_kernel_attrib,step_category,K2.5-tp4ep8dp2-8k2k,docs/iter_gap_investigation/phase427_kernel_profile/K2.5-tp4ep8dp2-8k2k,decode,,13,decode_only,51,ep_a2a,40.138301,7.522407,0.000000,0.000000,,,,,,1.516977,0.595460,0.357492,0.047048,,blocked_prefill_not_captured,0,70,prefill_steps_not_captured,decode_batch_span_too_narrow_for_slope,phase427_trace_decode_only_prefill_recollect_required,recollect_true_mixed_prefill_window_before_runtime_change,recollect_decode_batch_sweep_then_reprofile_prefill,false,false,false,false,false,false,true,No-Go
phase428_perstep_kernel_attrib,step_category,K2.5-tp4ep8dp2-8k2k,docs/iter_gap_investigation/phase427_kernel_profile/K2.5-tp4ep8dp2-8k2k,decode,,13,decode_only,51,memcpy_memset,40.138301,0.165944,0.000000,0.000000,,,,,,1.516977,0.595460,0.357492,0.047048,,blocked_prefill_not_captured,0,70,prefill_steps_not_captured,decode_batch_span_too_narrow_for_slope,phase427_trace_decode_only_prefill_recollect_required,recollect_true_mixed_prefill_window_before_runtime_change,recollect_decode_batch_sweep_then_reprofile_prefill,false,false,false,false,false,false,true,No-Go
phase428_perstep_kernel_attrib,step_category,K2.5-tp4ep8dp2-8k2k,docs/iter_gap_investigation/phase427_kernel_profile/K2.5-tp4ep8dp2-8k2k,decode,,13,decode_only,51,mla_attention,40.138301,12.234418,0.000000,0.000000,,,,,,1.516977,0.595460,0.357492,0.047048,,blocked_prefill_not_captured,0,70,prefill_steps_not_captured,decode_batch_span_too_narrow_for_slope,phase427_trace_decode_only_prefill_recollect_required,recollect_true_mixed_prefill_window_before_runtime_change,recollect_decode_batch_sweep_then_reprofile_prefill,false,false,false,false,false,false,true,No-Go
phase428_perstep_kernel_attrib,step_category,K2.5-tp4ep8dp2-8k2k,docs/iter_gap_investigation/phase427_kernel_profile/K2.5-tp4ep8dp2-8k2k,decode,,13,decode_only,51,moe_gemm_or_aux,40.138301,12.176165,0.000000,0.000000,,,,,,1.516977,0.595460,0.357492,0.047048,,blocked_prefill_not_captured,0,70,prefill_steps_not_captured,decode_batch_span_too_narrow_for_slope,phase427_trace_decode_only_prefill_recollect_required,recollect_true_mixed_prefill_window_before_runtime_change,recollect_decode_batch_sweep_then_reprofile_prefill,false,false,false,false,false,false,true,No-Go
phase428_perstep_kernel_attrib,step_category,K2.5-tp4ep8dp2-8k2k,docs/iter_gap_investigation/phase427_kernel_profile/K2.5-tp4ep8dp2-8k2k,decode,,13,decode_only,51,other_cuda,40.138301,2.320072,0.000000,0.000000,,,,,,1.516977,0.595460,0.357492,0.047048,,blocked_prefill_not_captured,0,70,prefill_steps_not_captured,decode_batch_span_too_narrow_for_slope,phase427_trace_decode_only_prefill_recollect_required,recollect_true_mixed_prefill_window_before_runtime_change,recollect_decode_batch_sweep_then_reprofile_prefill,false,false,false,false,false,false,true,No-Go
phase428_perstep_kernel_attrib,step_category,K2.5-tp4ep8dp2-8k2k,docs/iter_gap_investigation/phase427_kernel_profile/K2.5-tp4ep8dp2-8k2k,decode,,13,decode_only,51,tp_or_dp_allreduce,40.138301,0.825008,0.000000,0.000000,,,,,,1.516977,0.595460,0.357492,0.047048,,blocked_prefill_not_captured,0,70,prefill_steps_not_captured,decode_batch_span_too_narrow_for_slope,phase427_trace_decode_only_prefill_recollect_required,recollect_true_mixed_prefill_window_before_runtime_change,recollect_decode_batch_sweep_then_reprofile_prefill,false,false,false,false,false,false,true,No-Go
phase428_perstep_kernel_attrib,step,K2.5-tp4ep8dp2-8k2k,docs/iter_gap_investigation/phase427_kernel_profile/K2.5-tp4ep8dp2-8k2k,decode,,14,decode_only,51,,40.515626,,0.000000,0.000000,,,,,,1.516977,0.595460,0.357492,0.047048,,blocked_prefill_not_captured,0,70,prefill_steps_not_captured,decode_batch_span_too_narrow_for_slope,phase427_trace_decode_only_prefill_recollect_required,recollect_true_mixed_prefill_window_before_runtime_change,recollect_decode_batch_sweep_then_reprofile_prefill,false,false,false,false,false,false,true,No-Go
phase428_perstep_kernel_attrib,step_category,K2.5-tp4ep8dp2-8k2k,docs/iter_gap_investigation/phase427_kernel_profile/K2.5-tp4ep8dp2-8k2k,decode,,14,decode_only,51,dense_gemm,40.515626,5.000186,0.000000,0.000000,,,,,,1.516977,0.595460,0.357492,0.047048,,blocked_prefill_not_captured,0,70,prefill_steps_not_captured,decode_batch_span_too_narrow_for_slope,phase427_trace_decode_only_prefill_recollect_required,recollect_true_mixed_prefill_window_before_runtime_change,recollect_decode_batch_sweep_then_reprofile_prefill,false,false,false,false,false,false,true,No-Go
phase428_perstep_kernel_attrib,step_category,K2.5-tp4ep8dp2-8k2k,docs/iter_gap_investigation/phase427_kernel_profile/K2.5-tp4ep8dp2-8k2k,decode,,14,decode_only,51,ep_a2a,40.515626,7.684489,0.000000,0.000000,,,,,,1.516977,0.595460,0.357492,0.047048,,blocked_prefill_not_captured,0,70,prefill_steps_not_captured,decode_batch_span_too_narrow_for_slope,phase427_trace_decode_only_prefill_recollect_required,recollect_true_mixed_prefill_window_before_runtime_change,recollect_decode_batch_sweep_then_reprofile_prefill,false,false,false,false,false,false,true,No-Go
phase428_perstep_kernel_attrib,step_category,K2.5-tp4ep8dp2-8k2k,docs/iter_gap_investigation/phase427_kernel_profile/K2.5-tp4ep8dp2-8k2k,decode,,14,decode_only,51,memcpy_memset,40.515626,0.167277,0.000000,0.000000,,,,,,1.516977,0.595460,0.357492,0.047048,,blocked_prefill_not_captured,0,70,prefill_steps_not_captured,decode_batch_span_too_narrow_for_slope,phase427_trace_decode_only_prefill_recollect_required,recollect_true_mixed_prefill_window_before_runtime_change,recollect_decode_batch_sweep_then_reprofile_prefill,false,false,false,false,false,false,true,No-Go
phase428_perstep_kernel_attrib,step_category,K2.5-tp4ep8dp2-8k2k,docs/iter_gap_investigation/phase427_kernel_profile/K2.5-tp4ep8dp2-8k2k,decode,,14,decode_only,51,mla_attention,40.515626,12.235656,0.000000,0.000000,,,,,,1.516977,0.595460,0.357492,0.047048,,blocked_prefill_not_captured,0,70,prefill_steps_not_captured,decode_batch_span_too_narrow_for_slope,phase427_trace_decode_only_prefill_recollect_required,recollect_true_mixed_prefill_window_before_runtime_change,recollect_decode_batch_sweep_then_reprofile_prefill,false,false,false,false,false,false,true,No-Go
phase428_perstep_kernel_attrib,step_category,K2.5-tp4ep8dp2-8k2k,docs/iter_gap_investigation/phase427_kernel_profile/K2.5-tp4ep8dp2-8k2k,decode,,14,decode_only,51,moe_gemm_or_aux,40.515626,12.394671,0.000000,0.000000,,,,,,1.516977,0.595460,0.357492,0.047048,,blocked_prefill_not_captured,0,70,prefill_steps_not_captured,decode_batch_span_too_narrow_for_slope,phase427_trace_decode_only_prefill_recollect_required,recollect_true_mixed_prefill_window_before_runtime_change,recollect_decode_batch_sweep_then_reprofile_prefill,false,false,false,false,false,false,true,No-Go
phase428_perstep_kernel_attrib,step_category,K2.5-tp4ep8dp2-8k2k,docs/iter_gap_investigation/phase427_kernel_profile/K2.5-tp4ep8dp2-8k2k,decode,,14,decode_only,51,other_cuda,40.515626,2.319474,0.000000,0.000000,,,,,,1.516977,0.595460,0.357492,0.047048,,blocked_prefill_not_captured,0,70,prefill_steps_not_captured,decode_batch_span_too_narrow_for_slope,phase427_trace_decode_only_prefill_recollect_required,recollect_true_mixed_prefill_window_before_runtime_change,recollect_decode_batch_sweep_then_reprofile_prefill,false,false,false,false,false,false,true,No-Go
phase428_perstep_kernel_attrib,step_category,K2.5-tp4ep8dp2-8k2k,docs/iter_gap_investigation/phase427_kernel_profile/K2.5-tp4ep8dp2-8k2k,decode,,14,decode_only,51,tp_or_dp_allreduce,40.515626,0.828737,0.000000,0.000000,,,,,,1.516977,0.595460,0.357492,0.047048,,blocked_prefill_not_captured,0,70,prefill_steps_not_captured,decode_batch_span_too_narrow_for_slope,phase427_trace_decode_only_prefill_recollect_required,recollect_true_mixed_prefill_window_before_runtime_change,recollect_decode_batch_sweep_then_reprofile_prefill,false,false,false,false,false,false,true,No-Go
phase428_perstep_kernel_attrib,step,K2.5-tp4ep8dp2-8k2k,docs/iter_gap_investigation/phase427_kernel_profile/K2.5-tp4ep8dp2-8k2k,decode,,15,decode_only,51,,39.755267,,0.000000,0.000000,,,,,,1.516977,0.595460,0.357492,0.047048,,blocked_prefill_not_captured,0,70,prefill_steps_not_captured,decode_batch_span_too_narrow_for_slope,phase427_trace_decode_only_prefill_recollect_required,recollect_true_mixed_prefill_window_before_runtime_change,recollect_decode_batch_sweep_then_reprofile_prefill,false,false,false,false,false,false,true,No-Go
phase428_perstep_kernel_attrib,step_category,K2.5-tp4ep8dp2-8k2k,docs/iter_gap_investigation/phase427_kernel_profile/K2.5-tp4ep8dp2-8k2k,decode,,15,decode_only,51,dense_gemm,39.755267,4.982501,0.000000,0.000000,,,,,,1.516977,0.595460,0.357492,0.047048,,blocked_prefill_not_captured,0,70,prefill_steps_not_captured,decode_batch_span_too_narrow_for_slope,phase427_trace_decode_only_prefill_recollect_required,recollect_true_mixed_prefill_window_before_runtime_change,recollect_decode_batch_sweep_then_reprofile_prefill,false,false,false,false,false,false,true,No-Go
phase428_perstep_kernel_attrib,step_category,K2.5-tp4ep8dp2-8k2k,docs/iter_gap_investigation/phase427_kernel_profile/K2.5-tp4ep8dp2-8k2k,decode,,15,decode_only,51,ep_a2a,39.755267,7.343430,0.000000,0.000000,,,,,,1.516977,0.595460,0.357492,0.047048,,blocked_prefill_not_captured,0,70,prefill_steps_not_captured,decode_batch_span_too_narrow_for_slope,phase427_trace_decode_only_prefill_recollect_required,recollect_true_mixed_prefill_window_before_runtime_change,recollect_decode_batch_sweep_then_reprofile_prefill,false,false,false,false,false,false,true,No-Go
phase428_perstep_kernel_attrib,step_category,K2.5-tp4ep8dp2-8k2k,docs/iter_gap_investigation/phase427_kernel_profile/K2.5-tp4ep8dp2-8k2k,decode,,15,decode_only,51,memcpy_memset,39.755267,0.165313,0.000000,0.000000,,,,,,1.516977,0.595460,0.357492,0.047048,,blocked_prefill_not_captured,0,70,prefill_steps_not_captured,decode_batch_span_too_narrow_for_slope,phase427_trace_decode_only_prefill_recollect_required,recollect_true_mixed_prefill_window_before_runtime_change,recollect_decode_batch_sweep_then_reprofile_prefill,false,false,false,false,false,false,true,No-Go
phase428_perstep_kernel_attrib,step_category,K2.5-tp4ep8dp2-8k2k,docs/iter_gap_investigation/phase427_kernel_profile/K2.5-tp4ep8dp2-8k2k,decode,,15,decode_only,51,mla_attention,39.755267,12.237763,0.000000,0.000000,,,,,,1.516977,0.595460,0.357492,0.047048,,blocked_prefill_not_captured,0,70,prefill_steps_not_captured,decode_batch_span_too_narrow_for_slope,phase427_trace_decode_only_prefill_recollect_required,recollect_true_mixed_prefill_window_before_runtime_change,recollect_decode_batch_sweep_then_reprofile_prefill,false,false,false,false,false,false,true,No-Go
phase428_perstep_kernel_attrib,step_category,K2.5-tp4ep8dp2-8k2k,docs/iter_gap_investigation/phase427_kernel_profile/K2.5-tp4ep8dp2-8k2k,decode,,15,decode_only,51,moe_gemm_or_aux,39.755267,12.004421,0.000000,0.000000,,,,,,1.516977,0.595460,0.357492,0.047048,,blocked_prefill_not_captured,0,70,prefill_steps_not_captured,decode_batch_span_too_narrow_for_slope,phase427_trace_decode_only_prefill_recollect_required,recollect_true_mixed_prefill_window_before_runtime_change,recollect_decode_batch_sweep_then_reprofile_prefill,false,false,false,false,false,false,true,No-Go
phase428_perstep_kernel_attrib,step_category,K2.5-tp4ep8dp2-8k2k,docs/iter_gap_investigation/phase427_kernel_profile/K2.5-tp4ep8dp2-8k2k,decode,,15,decode_only,51,other_cuda,39.755267,2.313293,0.000000,0.000000,,,,,,1.516977,0.595460,0.357492,0.047048,,blocked_prefill_not_captured,0,70,prefill_steps_not_captured,decode_batch_span_too_narrow_for_slope,phase427_trace_decode_only_prefill_recollect_required,recollect_true_mixed_prefill_window_before_runtime_change,recollect_decode_batch_sweep_then_reprofile_prefill,false,false,false,false,false,false,true,No-Go
phase428_perstep_kernel_attrib,step_category,K2.5-tp4ep8dp2-8k2k,docs/iter_gap_investigation/phase427_kernel_profile/K2.5-tp4ep8dp2-8k2k,decode,,15,decode_only,51,tp_or_dp_allreduce,39.755267,0.823616,0.000000,0.000000,,,,,,1.516977,0.595460,0.357492,0.047048,,blocked_prefill_not_captured,0,70,prefill_steps_not_captured,decode_batch_span_too_narrow_for_slope,phase427_trace_decode_only_prefill_recollect_required,recollect_true_mixed_prefill_window_before_runtime_change,recollect_decode_batch_sweep_then_reprofile_prefill,false,false,false,false,false,false,true,No-Go
phase428_perstep_kernel_attrib,step,K2.5-tp4ep8dp2-8k2k,docs/iter_gap_investigation/phase427_kernel_profile/K2.5-tp4ep8dp2-8k2k,decode,,16,decode_only,51,,40.435723,,0.000000,0.000000,,,,,,1.516977,0.595460,0.357492,0.047048,,blocked_prefill_not_captured,0,70,prefill_steps_not_captured,decode_batch_span_too_narrow_for_slope,phase427_trace_decode_only_prefill_recollect_required,recollect_true_mixed_prefill_window_before_runtime_change,recollect_decode_batch_sweep_then_reprofile_prefill,false,false,false,false,false,false,true,No-Go
phase428_perstep_kernel_attrib,step_category,K2.5-tp4ep8dp2-8k2k,docs/iter_gap_investigation/phase427_kernel_profile/K2.5-tp4ep8dp2-8k2k,decode,,16,decode_only,51,dense_gemm,40.435723,5.017255,0.000000,0.000000,,,,,,1.516977,0.595460,0.357492,0.047048,,blocked_prefill_not_captured,0,70,prefill_steps_not_captured,decode_batch_span_too_narrow_for_slope,phase427_trace_decode_only_prefill_recollect_required,recollect_true_mixed_prefill_window_before_runtime_change,recollect_decode_batch_sweep_then_reprofile_prefill,false,false,false,false,false,false,true,No-Go
phase428_perstep_kernel_attrib,step_category,K2.5-tp4ep8dp2-8k2k,docs/iter_gap_investigation/phase427_kernel_profile/K2.5-tp4ep8dp2-8k2k,decode,,16,decode_only,51,ep_a2a,40.435723,7.756978,0.000000,0.000000,,,,,,1.516977,0.595460,0.357492,0.047048,,blocked_prefill_not_captured,0,70,prefill_steps_not_captured,decode_batch_span_too_narrow_for_slope,phase427_trace_decode_only_prefill_recollect_required,recollect_true_mixed_prefill_window_before_runtime_change,recollect_decode_batch_sweep_then_reprofile_prefill,false,false,false,false,false,false,true,No-Go
phase428_perstep_kernel_attrib,step_category,K2.5-tp4ep8dp2-8k2k,docs/iter_gap_investigation/phase427_kernel_profile/K2.5-tp4ep8dp2-8k2k,decode,,16,decode_only,51,memcpy_memset,40.435723,0.168681,0.000000,0.000000,,,,,,1.516977,0.595460,0.357492,0.047048,,blocked_prefill_not_captured,0,70,prefill_steps_not_captured,decode_batch_span_too_narrow_for_slope,phase427_trace_decode_only_prefill_recollect_required,recollect_true_mixed_prefill_window_before_runtime_change,recollect_decode_batch_sweep_then_reprofile_prefill,false,false,false,false,false,false,true,No-Go
phase428_perstep_kernel_attrib,step_category,K2.5-tp4ep8dp2-8k2k,docs/iter_gap_investigation/phase427_kernel_profile/K2.5-tp4ep8dp2-8k2k,decode,,16,decode_only,51,mla_attention,40.435723,12.237380,0.000000,0.000000,,,,,,1.516977,0.595460,0.357492,0.047048,,blocked_prefill_not_captured,0,70,prefill_steps_not_captured,decode_batch_span_too_narrow_for_slope,phase427_trace_decode_only_prefill_recollect_required,recollect_true_mixed_prefill_window_before_runtime_change,recollect_decode_batch_sweep_then_reprofile_prefill,false,false,false,false,false,false,true,No-Go
phase428_perstep_kernel_attrib,step_category,K2.5-tp4ep8dp2-8k2k,docs/iter_gap_investigation/phase427_kernel_profile/K2.5-tp4ep8dp2-8k2k,decode,,16,decode_only,51,moe_gemm_or_aux,40.435723,12.190364,0.000000,0.000000,,,,,,1.516977,0.595460,0.357492,0.047048,,blocked_prefill_not_captured,0,70,prefill_steps_not_captured,decode_batch_span_too_narrow_for_slope,phase427_trace_decode_only_prefill_recollect_required,recollect_true_mixed_prefill_window_before_runtime_change,recollect_decode_batch_sweep_then_reprofile_prefill,false,false,false,false,false,false,true,No-Go
phase428_perstep_kernel_attrib,step_category,K2.5-tp4ep8dp2-8k2k,docs/iter_gap_investigation/phase427_kernel_profile/K2.5-tp4ep8dp2-8k2k,decode,,16,decode_only,51,other_cuda,40.435723,2.324432,0.000000,0.000000,,,,,,1.516977,0.595460,0.357492,0.047048,,blocked_prefill_not_captured,0,70,prefill_steps_not_captured,decode_batch_span_too_narrow_for_slope,phase427_trace_decode_only_prefill_recollect_required,recollect_true_mixed_prefill_window_before_runtime_change,recollect_decode_batch_sweep_then_reprofile_prefill,false,false,false,false,false,false,true,No-Go
phase428_perstep_kernel_attrib,step_category,K2.5-tp4ep8dp2-8k2k,docs/iter_gap_investigation/phase427_kernel_profile/K2.5-tp4ep8dp2-8k2k,decode,,16,decode_only,51,tp_or_dp_allreduce,40.435723,0.829560,0.000000,0.000000,,,,,,1.516977,0.595460,0.357492,0.047048,,blocked_prefill_not_captured,0,70,prefill_steps_not_captured,decode_batch_span_too_narrow_for_slope,phase427_trace_decode_only_prefill_recollect_required,recollect_true_mixed_prefill_window_before_runtime_change,recollect_decode_batch_sweep_then_reprofile_prefill,false,false,false,false,false,false,true,No-Go
phase428_perstep_kernel_attrib,step,K2.5-tp4ep8dp2-8k2k,docs/iter_gap_investigation/phase427_kernel_profile/K2.5-tp4ep8dp2-8k2k,decode,,17,decode_only,51,,40.422912,,0.000000,0.000000,,,,,,1.516977,0.595460,0.357492,0.047048,,blocked_prefill_not_captured,0,70,prefill_steps_not_captured,decode_batch_span_too_narrow_for_slope,phase427_trace_decode_only_prefill_recollect_required,recollect_true_mixed_prefill_window_before_runtime_change,recollect_decode_batch_sweep_then_reprofile_prefill,false,false,false,false,false,false,true,No-Go
phase428_perstep_kernel_attrib,step_category,K2.5-tp4ep8dp2-8k2k,docs/iter_gap_investigation/phase427_kernel_profile/K2.5-tp4ep8dp2-8k2k,decode,,17,decode_only,51,dense_gemm,40.422912,4.992363,0.000000,0.000000,,,,,,1.516977,0.595460,0.357492,0.047048,,blocked_prefill_not_captured,0,70,prefill_steps_not_captured,decode_batch_span_too_narrow_for_slope,phase427_trace_decode_only_prefill_recollect_required,recollect_true_mixed_prefill_window_before_runtime_change,recollect_decode_batch_sweep_then_reprofile_prefill,false,false,false,false,false,false,true,No-Go
phase428_perstep_kernel_attrib,step_category,K2.5-tp4ep8dp2-8k2k,docs/iter_gap_investigation/phase427_kernel_profile/K2.5-tp4ep8dp2-8k2k,decode,,17,decode_only,51,ep_a2a,40.422912,7.726180,0.000000,0.000000,,,,,,1.516977,0.595460,0.357492,0.047048,,blocked_prefill_not_captured,0,70,prefill_steps_not_captured,decode_batch_span_too_narrow_for_slope,phase427_trace_decode_only_prefill_recollect_required,recollect_true_mixed_prefill_window_before_runtime_change,recollect_decode_batch_sweep_then_reprofile_prefill,false,false,false,false,false,false,true,No-Go
phase428_perstep_kernel_attrib,step_category,K2.5-tp4ep8dp2-8k2k,docs/iter_gap_investigation/phase427_kernel_profile/K2.5-tp4ep8dp2-8k2k,decode,,17,decode_only,51,memcpy_memset,40.422912,0.167393,0.000000,0.000000,,,,,,1.516977,0.595460,0.357492,0.047048,,blocked_prefill_not_captured,0,70,prefill_steps_not_captured,decode_batch_span_too_narrow_for_slope,phase427_trace_decode_only_prefill_recollect_required,recollect_true_mixed_prefill_window_before_runtime_change,recollect_decode_batch_sweep_then_reprofile_prefill,false,false,false,false,false,false,true,No-Go
phase428_perstep_kernel_attrib,step_category,K2.5-tp4ep8dp2-8k2k,docs/iter_gap_investigation/phase427_kernel_profile/K2.5-tp4ep8dp2-8k2k,decode,,17,decode_only,51,mla_attention,40.422912,12.244712,0.000000,0.000000,,,,,,1.516977,0.595460,0.357492,0.047048,,blocked_prefill_not_captured,0,70,prefill_steps_not_captured,decode_batch_span_too_narrow_for_slope,phase427_trace_decode_only_prefill_recollect_required,recollect_true_mixed_prefill_window_before_runtime_change,recollect_decode_batch_sweep_then_reprofile_prefill,false,false,false,false,false,false,true,No-Go
phase428_perstep_kernel_attrib,step_category,K2.5-tp4ep8dp2-8k2k,docs/iter_gap_investigation/phase427_kernel_profile/K2.5-tp4ep8dp2-8k2k,decode,,17,decode_only,51,moe_gemm_or_aux,40.422912,12.302663,0.000000,0.000000,,,,,,1.516977,0.595460,0.357492,0.047048,,blocked_prefill_not_captured,0,70,prefill_steps_not_captured,decode_batch_span_too_narrow_for_slope,phase427_trace_decode_only_prefill_recollect_required,recollect_true_mixed_prefill_window_before_runtime_change,recollect_decode_batch_sweep_then_reprofile_prefill,false,false,false,false,false,false,true,No-Go
phase428_perstep_kernel_attrib,step_category,K2.5-tp4ep8dp2-8k2k,docs/iter_gap_investigation/phase427_kernel_profile/K2.5-tp4ep8dp2-8k2k,decode,,17,decode_only,51,other_cuda,40.422912,2.312838,0.000000,0.000000,,,,,,1.516977,0.595460,0.357492,0.047048,,blocked_prefill_not_captured,0,70,prefill_steps_not_captured,decode_batch_span_too_narrow_for_slope,phase427_trace_decode_only_prefill_recollect_required,recollect_true_mixed_prefill_window_before_runtime_change,recollect_decode_batch_sweep_then_reprofile_prefill,false,false,false,false,false,false,true,No-Go
phase428_perstep_kernel_attrib,step_category,K2.5-tp4ep8dp2-8k2k,docs/iter_gap_investigation/phase427_kernel_profile/K2.5-tp4ep8dp2-8k2k,decode,,17,decode_only,51,tp_or_dp_allreduce,40.422912,0.825806,0.000000,0.000000,,,,,,1.516977,0.595460,0.357492,0.047048,,blocked_prefill_not_captured,0,70,prefill_steps_not_captured,decode_batch_span_too_narrow_for_slope,phase427_trace_decode_only_prefill_recollect_required,recollect_true_mixed_prefill_window_before_runtime_change,recollect_decode_batch_sweep_then_reprofile_prefill,false,false,false,false,false,false,true,No-Go
phase428_perstep_kernel_attrib,step,K2.5-tp4ep8dp2-8k2k,docs/iter_gap_investigation/phase427_kernel_profile/K2.5-tp4ep8dp2-8k2k,decode,,18,decode_only,51,,40.097174,,0.006248,0.000156,,,,,,1.516977,0.595460,0.357492,0.047048,,blocked_prefill_not_captured,0,70,prefill_steps_not_captured,decode_batch_span_too_narrow_for_slope,phase427_trace_decode_only_prefill_recollect_required,recollect_true_mixed_prefill_window_before_runtime_change,recollect_decode_batch_sweep_then_reprofile_prefill,false,false,false,false,false,false,true,No-Go
phase428_perstep_kernel_attrib,step_category,K2.5-tp4ep8dp2-8k2k,docs/iter_gap_investigation/phase427_kernel_profile/K2.5-tp4ep8dp2-8k2k,decode,,18,decode_only,51,dense_gemm,40.097174,5.011767,0.006248,0.000156,,,,,,1.516977,0.595460,0.357492,0.047048,,blocked_prefill_not_captured,0,70,prefill_steps_not_captured,decode_batch_span_too_narrow_for_slope,phase427_trace_decode_only_prefill_recollect_required,recollect_true_mixed_prefill_window_before_runtime_change,recollect_decode_batch_sweep_then_reprofile_prefill,false,false,false,false,false,false,true,No-Go
phase428_perstep_kernel_attrib,step_category,K2.5-tp4ep8dp2-8k2k,docs/iter_gap_investigation/phase427_kernel_profile/K2.5-tp4ep8dp2-8k2k,decode,,18,decode_only,51,ep_a2a,40.097174,7.383926,0.006248,0.000156,,,,,,1.516977,0.595460,0.357492,0.047048,,blocked_prefill_not_captured,0,70,prefill_steps_not_captured,decode_batch_span_too_narrow_for_slope,phase427_trace_decode_only_prefill_recollect_required,recollect_true_mixed_prefill_window_before_runtime_change,recollect_decode_batch_sweep_then_reprofile_prefill,false,false,false,false,false,false,true,No-Go
phase428_perstep_kernel_attrib,step_category,K2.5-tp4ep8dp2-8k2k,docs/iter_gap_investigation/phase427_kernel_profile/K2.5-tp4ep8dp2-8k2k,decode,,18,decode_only,51,memcpy_memset,40.097174,0.170277,0.006248,0.000156,,,,,,1.516977,0.595460,0.357492,0.047048,,blocked_prefill_not_captured,0,70,prefill_steps_not_captured,decode_batch_span_too_narrow_for_slope,phase427_trace_decode_only_prefill_recollect_required,recollect_true_mixed_prefill_window_before_runtime_change,recollect_decode_batch_sweep_then_reprofile_prefill,false,false,false,false,false,false,true,No-Go
phase428_perstep_kernel_attrib,step_category,K2.5-tp4ep8dp2-8k2k,docs/iter_gap_investigation/phase427_kernel_profile/K2.5-tp4ep8dp2-8k2k,decode,,18,decode_only,51,mla_attention,40.097174,12.342467,0.006248,0.000156,,,,,,1.516977,0.595460,0.357492,0.047048,,blocked_prefill_not_captured,0,70,prefill_steps_not_captured,decode_batch_span_too_narrow_for_slope,phase427_trace_decode_only_prefill_recollect_required,recollect_true_mixed_prefill_window_before_runtime_change,recollect_decode_batch_sweep_then_reprofile_prefill,false,false,false,false,false,false,true,No-Go
phase428_perstep_kernel_attrib,step_category,K2.5-tp4ep8dp2-8k2k,docs/iter_gap_investigation/phase427_kernel_profile/K2.5-tp4ep8dp2-8k2k,decode,,18,decode_only,51,moe_gemm_or_aux,40.097174,12.155446,0.006248,0.000156,,,,,,1.516977,0.595460,0.357492,0.047048,,blocked_prefill_not_captured,0,70,prefill_steps_not_captured,decode_batch_span_too_narrow_for_slope,phase427_trace_decode_only_prefill_recollect_required,recollect_true_mixed_prefill_window_before_runtime_change,recollect_decode_batch_sweep_then_reprofile_prefill,false,false,false,false,false,false,true,No-Go
phase428_perstep_kernel_attrib,step_category,K2.5-tp4ep8dp2-8k2k,docs/iter_gap_investigation/phase427_kernel_profile/K2.5-tp4ep8dp2-8k2k,decode,,18,decode_only,51,other_cuda,40.097174,2.321157,0.006248,0.000156,,,,,,1.516977,0.595460,0.357492,0.047048,,blocked_prefill_not_captured,0,70,prefill_steps_not_captured,decode_batch_span_too_narrow_for_slope,phase427_trace_decode_only_prefill_recollect_required,recollect_true_mixed_prefill_window_before_runtime_change,recollect_decode_batch_sweep_then_reprofile_prefill,false,false,false,false,false,false,true,No-Go
phase428_perstep_kernel_attrib,step_category,K2.5-tp4ep8dp2-8k2k,docs/iter_gap_investigation/phase427_kernel_profile/K2.5-tp4ep8dp2-8k2k,decode,,18,decode_only,51,tp_or_dp_allreduce,40.097174,0.818975,0.006248,0.000156,,,,,,1.516977,0.595460,0.357492,0.047048,,blocked_prefill_not_captured,0,70,prefill_steps_not_captured,decode_batch_span_too_narrow_for_slope,phase427_trace_decode_only_prefill_recollect_required,recollect_true_mixed_prefill_window_before_runtime_change,recollect_decode_batch_sweep_then_reprofile_prefill,false,false,false,false,false,false,true,No-Go
phase428_perstep_kernel_attrib,step,K2.5-tp4ep8dp2-8k2k,docs/iter_gap_investigation/phase427_kernel_profile/K2.5-tp4ep8dp2-8k2k,decode,,19,decode_only,51,,39.821305,,0.004821,0.000121,,,,,,1.516977,0.595460,0.357492,0.047048,,blocked_prefill_not_captured,0,70,prefill_steps_not_captured,decode_batch_span_too_narrow_for_slope,phase427_trace_decode_only_prefill_recollect_required,recollect_true_mixed_prefill_window_before_runtime_change,recollect_decode_batch_sweep_then_reprofile_prefill,false,false,false,false,false,false,true,No-Go
phase428_perstep_kernel_attrib,step_category,K2.5-tp4ep8dp2-8k2k,docs/iter_gap_investigation/phase427_kernel_profile/K2.5-tp4ep8dp2-8k2k,decode,,19,decode_only,51,dense_gemm,39.821305,4.979936,0.004821,0.000121,,,,,,1.516977,0.595460,0.357492,0.047048,,blocked_prefill_not_captured,0,70,prefill_steps_not_captured,decode_batch_span_too_narrow_for_slope,phase427_trace_decode_only_prefill_recollect_required,recollect_true_mixed_prefill_window_before_runtime_change,recollect_decode_batch_sweep_then_reprofile_prefill,false,false,false,false,false,false,true,No-Go
phase428_perstep_kernel_attrib,step_category,K2.5-tp4ep8dp2-8k2k,docs/iter_gap_investigation/phase427_kernel_profile/K2.5-tp4ep8dp2-8k2k,decode,,19,decode_only,51,ep_a2a,39.821305,7.565850,0.004821,0.000121,,,,,,1.516977,0.595460,0.357492,0.047048,,blocked_prefill_not_captured,0,70,prefill_steps_not_captured,decode_batch_span_too_narrow_for_slope,phase427_trace_decode_only_prefill_recollect_required,recollect_true_mixed_prefill_window_before_runtime_change,recollect_decode_batch_sweep_then_reprofile_prefill,false,false,false,false,false,false,true,No-Go
phase428_perstep_kernel_attrib,step_category,K2.5-tp4ep8dp2-8k2k,docs/iter_gap_investigation/phase427_kernel_profile/K2.5-tp4ep8dp2-8k2k,decode,,19,decode_only,51,memcpy_memset,39.821305,0.170501,0.004821,0.000121,,,,,,1.516977,0.595460,0.357492,0.047048,,blocked_prefill_not_captured,0,70,prefill_steps_not_captured,decode_batch_span_too_narrow_for_slope,phase427_trace_decode_only_prefill_recollect_required,recollect_true_mixed_prefill_window_before_runtime_change,recollect_decode_batch_sweep_then_reprofile_prefill,false,false,false,false,false,false,true,No-Go
phase428_perstep_kernel_attrib,step_category,K2.5-tp4ep8dp2-8k2k,docs/iter_gap_investigation/phase427_kernel_profile/K2.5-tp4ep8dp2-8k2k,decode,,19,decode_only,51,mla_attention,39.821305,12.090754,0.004821,0.000121,,,,,,1.516977,0.595460,0.357492,0.047048,,blocked_prefill_not_captured,0,70,prefill_steps_not_captured,decode_batch_span_too_narrow_for_slope,phase427_trace_decode_only_prefill_recollect_required,recollect_true_mixed_prefill_window_before_runtime_change,recollect_decode_batch_sweep_then_reprofile_prefill,false,false,false,false,false,false,true,No-Go
phase428_perstep_kernel_attrib,step_category,K2.5-tp4ep8dp2-8k2k,docs/iter_gap_investigation/phase427_kernel_profile/K2.5-tp4ep8dp2-8k2k,decode,,19,decode_only,51,moe_gemm_or_aux,39.821305,11.974368,0.004821,0.000121,,,,,,1.516977,0.595460,0.357492,0.047048,,blocked_prefill_not_captured,0,70,prefill_steps_not_captured,decode_batch_span_too_narrow_for_slope,phase427_trace_decode_only_prefill_recollect_required,recollect_true_mixed_prefill_window_before_runtime_change,recollect_decode_batch_sweep_then_reprofile_prefill,false,false,false,false,false,false,true,No-Go
phase428_perstep_kernel_attrib,step_category,K2.5-tp4ep8dp2-8k2k,docs/iter_gap_investigation/phase427_kernel_profile/K2.5-tp4ep8dp2-8k2k,decode,,19,decode_only,51,other_cuda,39.821305,2.309865,0.004821,0.000121,,,,,,1.516977,0.595460,0.357492,0.047048,,blocked_prefill_not_captured,0,70,prefill_steps_not_captured,decode_batch_span_too_narrow_for_slope,phase427_trace_decode_only_prefill_recollect_required,recollect_true_mixed_prefill_window_before_runtime_change,recollect_decode_batch_sweep_then_reprofile_prefill,false,false,false,false,false,false,true,No-Go
phase428_perstep_kernel_attrib,step_category,K2.5-tp4ep8dp2-8k2k,docs/iter_gap_investigation/phase427_kernel_profile/K2.5-tp4ep8dp2-8k2k,decode,,19,decode_only,51,tp_or_dp_allreduce,39.821305,0.826767,0.004821,0.000121,,,,,,1.516977,0.595460,0.357492,0.047048,,blocked_prefill_not_captured,0,70,prefill_steps_not_captured,decode_batch_span_too_narrow_for_slope,phase427_trace_decode_only_prefill_recollect_required,recollect_true_mixed_prefill_window_before_runtime_change,recollect_decode_batch_sweep_then_reprofile_prefill,false,false,false,false,false,false,true,No-Go
phase428_perstep_kernel_attrib,step,K2.5-tp4ep8dp2-8k2k,docs/iter_gap_investigation/phase427_kernel_profile/K2.5-tp4ep8dp2-8k2k,decode,,20,decode_only,51,,40.343025,,0.000000,0.000000,,,,,,1.516977,0.595460,0.357492,0.047048,,blocked_prefill_not_captured,0,70,prefill_steps_not_captured,decode_batch_span_too_narrow_for_slope,phase427_trace_decode_only_prefill_recollect_required,recollect_true_mixed_prefill_window_before_runtime_change,recollect_decode_batch_sweep_then_reprofile_prefill,false,false,false,false,false,false,true,No-Go
phase428_perstep_kernel_attrib,step_category,K2.5-tp4ep8dp2-8k2k,docs/iter_gap_investigation/phase427_kernel_profile/K2.5-tp4ep8dp2-8k2k,decode,,20,decode_only,51,dense_gemm,40.343025,5.012489,0.000000,0.000000,,,,,,1.516977,0.595460,0.357492,0.047048,,blocked_prefill_not_captured,0,70,prefill_steps_not_captured,decode_batch_span_too_narrow_for_slope,phase427_trace_decode_only_prefill_recollect_required,recollect_true_mixed_prefill_window_before_runtime_change,recollect_decode_batch_sweep_then_reprofile_prefill,false,false,false,false,false,false,true,No-Go
phase428_perstep_kernel_attrib,step_category,K2.5-tp4ep8dp2-8k2k,docs/iter_gap_investigation/phase427_kernel_profile/K2.5-tp4ep8dp2-8k2k,decode,,20,decode_only,51,ep_a2a,40.343025,7.606770,0.000000,0.000000,,,,,,1.516977,0.595460,0.357492,0.047048,,blocked_prefill_not_captured,0,70,prefill_steps_not_captured,decode_batch_span_too_narrow_for_slope,phase427_trace_decode_only_prefill_recollect_required,recollect_true_mixed_prefill_window_before_runtime_change,recollect_decode_batch_sweep_then_reprofile_prefill,false,false,false,false,false,false,true,No-Go
phase428_perstep_kernel_attrib,step_category,K2.5-tp4ep8dp2-8k2k,docs/iter_gap_investigation/phase427_kernel_profile/K2.5-tp4ep8dp2-8k2k,decode,,20,decode_only,51,memcpy_memset,40.343025,0.170209,0.000000,0.000000,,,,,,1.516977,0.595460,0.357492,0.047048,,blocked_prefill_not_captured,0,70,prefill_steps_not_captured,decode_batch_span_too_narrow_for_slope,phase427_trace_decode_only_prefill_recollect_required,recollect_true_mixed_prefill_window_before_runtime_change,recollect_decode_batch_sweep_then_reprofile_prefill,false,false,false,false,false,false,true,No-Go
phase428_perstep_kernel_attrib,step_category,K2.5-tp4ep8dp2-8k2k,docs/iter_gap_investigation/phase427_kernel_profile/K2.5-tp4ep8dp2-8k2k,decode,,20,decode_only,51,mla_attention,40.343025,12.241151,0.000000,0.000000,,,,,,1.516977,0.595460,0.357492,0.047048,,blocked_prefill_not_captured,0,70,prefill_steps_not_captured,decode_batch_span_too_narrow_for_slope,phase427_trace_decode_only_prefill_recollect_required,recollect_true_mixed_prefill_window_before_runtime_change,recollect_decode_batch_sweep_then_reprofile_prefill,false,false,false,false,false,false,true,No-Go
phase428_perstep_kernel_attrib,step_category,K2.5-tp4ep8dp2-8k2k,docs/iter_gap_investigation/phase427_kernel_profile/K2.5-tp4ep8dp2-8k2k,decode,,20,decode_only,51,moe_gemm_or_aux,40.343025,12.251268,0.000000,0.000000,,,,,,1.516977,0.595460,0.357492,0.047048,,blocked_prefill_not_captured,0,70,prefill_steps_not_captured,decode_batch_span_too_narrow_for_slope,phase427_trace_decode_only_prefill_recollect_required,recollect_true_mixed_prefill_window_before_runtime_change,recollect_decode_batch_sweep_then_reprofile_prefill,false,false,false,false,false,false,true,No-Go
phase428_perstep_kernel_attrib,step_category,K2.5-tp4ep8dp2-8k2k,docs/iter_gap_investigation/phase427_kernel_profile/K2.5-tp4ep8dp2-8k2k,decode,,20,decode_only,51,other_cuda,40.343025,2.320656,0.000000,0.000000,,,,,,1.516977,0.595460,0.357492,0.047048,,blocked_prefill_not_captured,0,70,prefill_steps_not_captured,decode_batch_span_too_narrow_for_slope,phase427_trace_decode_only_prefill_recollect_required,recollect_true_mixed_prefill_window_before_runtime_change,recollect_decode_batch_sweep_then_reprofile_prefill,false,false,false,false,false,false,true,No-Go
phase428_perstep_kernel_attrib,step_category,K2.5-tp4ep8dp2-8k2k,docs/iter_gap_investigation/phase427_kernel_profile/K2.5-tp4ep8dp2-8k2k,decode,,20,decode_only,51,tp_or_dp_allreduce,40.343025,0.823124,0.000000,0.000000,,,,,,1.516977,0.595460,0.357492,0.047048,,blocked_prefill_not_captured,0,70,prefill_steps_not_captured,decode_batch_span_too_narrow_for_slope,phase427_trace_decode_only_prefill_recollect_required,recollect_true_mixed_prefill_window_before_runtime_change,recollect_decode_batch_sweep_then_reprofile_prefill,false,false,false,false,false,false,true,No-Go
phase428_perstep_kernel_attrib,step,K2.5-tp4ep8dp2-8k2k,docs/iter_gap_investigation/phase427_kernel_profile/K2.5-tp4ep8dp2-8k2k,decode,,21,decode_only,51,,39.803717,,0.000000,0.000000,,,,,,1.516977,0.595460,0.357492,0.047048,,blocked_prefill_not_captured,0,70,prefill_steps_not_captured,decode_batch_span_too_narrow_for_slope,phase427_trace_decode_only_prefill_recollect_required,recollect_true_mixed_prefill_window_before_runtime_change,recollect_decode_batch_sweep_then_reprofile_prefill,false,false,false,false,false,false,true,No-Go
phase428_perstep_kernel_attrib,step_category,K2.5-tp4ep8dp2-8k2k,docs/iter_gap_investigation/phase427_kernel_profile/K2.5-tp4ep8dp2-8k2k,decode,,21,decode_only,51,dense_gemm,39.803717,4.986191,0.000000,0.000000,,,,,,1.516977,0.595460,0.357492,0.047048,,blocked_prefill_not_captured,0,70,prefill_steps_not_captured,decode_batch_span_too_narrow_for_slope,phase427_trace_decode_only_prefill_recollect_required,recollect_true_mixed_prefill_window_before_runtime_change,recollect_decode_batch_sweep_then_reprofile_prefill,false,false,false,false,false,false,true,No-Go
phase428_perstep_kernel_attrib,step_category,K2.5-tp4ep8dp2-8k2k,docs/iter_gap_investigation/phase427_kernel_profile/K2.5-tp4ep8dp2-8k2k,decode,,21,decode_only,51,ep_a2a,39.803717,7.371257,0.000000,0.000000,,,,,,1.516977,0.595460,0.357492,0.047048,,blocked_prefill_not_captured,0,70,prefill_steps_not_captured,decode_batch_span_too_narrow_for_slope,phase427_trace_decode_only_prefill_recollect_required,recollect_true_mixed_prefill_window_before_runtime_change,recollect_decode_batch_sweep_then_reprofile_prefill,false,false,false,false,false,false,true,No-Go
phase428_perstep_kernel_attrib,step_category,K2.5-tp4ep8dp2-8k2k,docs/iter_gap_investigation/phase427_kernel_profile/K2.5-tp4ep8dp2-8k2k,decode,,21,decode_only,51,memcpy_memset,39.803717,0.169616,0.000000,0.000000,,,,,,1.516977,0.595460,0.357492,0.047048,,blocked_prefill_not_captured,0,70,prefill_steps_not_captured,decode_batch_span_too_narrow_for_slope,phase427_trace_decode_only_prefill_recollect_required,recollect_true_mixed_prefill_window_before_runtime_change,recollect_decode_batch_sweep_then_reprofile_prefill,false,false,false,false,false,false,true,No-Go
phase428_perstep_kernel_attrib,step_category,K2.5-tp4ep8dp2-8k2k,docs/iter_gap_investigation/phase427_kernel_profile/K2.5-tp4ep8dp2-8k2k,decode,,21,decode_only,51,mla_attention,39.803717,12.239320,0.000000,0.000000,,,,,,1.516977,0.595460,0.357492,0.047048,,blocked_prefill_not_captured,0,70,prefill_steps_not_captured,decode_batch_span_too_narrow_for_slope,phase427_trace_decode_only_prefill_recollect_required,recollect_true_mixed_prefill_window_before_runtime_change,recollect_decode_batch_sweep_then_reprofile_prefill,false,false,false,false,false,false,true,No-Go
phase428_perstep_kernel_attrib,step_category,K2.5-tp4ep8dp2-8k2k,docs/iter_gap_investigation/phase427_kernel_profile/K2.5-tp4ep8dp2-8k2k,decode,,21,decode_only,51,moe_gemm_or_aux,39.803717,12.010690,0.000000,0.000000,,,,,,1.516977,0.595460,0.357492,0.047048,,blocked_prefill_not_captured,0,70,prefill_steps_not_captured,decode_batch_span_too_narrow_for_slope,phase427_trace_decode_only_prefill_recollect_required,recollect_true_mixed_prefill_window_before_runtime_change,recollect_decode_batch_sweep_then_reprofile_prefill,false,false,false,false,false,false,true,No-Go
phase428_perstep_kernel_attrib,step_category,K2.5-tp4ep8dp2-8k2k,docs/iter_gap_investigation/phase427_kernel_profile/K2.5-tp4ep8dp2-8k2k,decode,,21,decode_only,51,other_cuda,39.803717,2.312596,0.000000,0.000000,,,,,,1.516977,0.595460,0.357492,0.047048,,blocked_prefill_not_captured,0,70,prefill_steps_not_captured,decode_batch_span_too_narrow_for_slope,phase427_trace_decode_only_prefill_recollect_required,recollect_true_mixed_prefill_window_before_runtime_change,recollect_decode_batch_sweep_then_reprofile_prefill,false,false,false,false,false,false,true,No-Go
phase428_perstep_kernel_attrib,step_category,K2.5-tp4ep8dp2-8k2k,docs/iter_gap_investigation/phase427_kernel_profile/K2.5-tp4ep8dp2-8k2k,decode,,21,decode_only,51,tp_or_dp_allreduce,39.803717,0.818902,0.000000,0.000000,,,,,,1.516977,0.595460,0.357492,0.047048,,blocked_prefill_not_captured,0,70,prefill_steps_not_captured,decode_batch_span_too_narrow_for_slope,phase427_trace_decode_only_prefill_recollect_required,recollect_true_mixed_prefill_window_before_runtime_change,recollect_decode_batch_sweep_then_reprofile_prefill,false,false,false,false,false,false,true,No-Go
phase428_perstep_kernel_attrib,step,K2.5-tp4ep8dp2-8k2k,docs/iter_gap_investigation/phase427_kernel_profile/K2.5-tp4ep8dp2-8k2k,decode,,22,decode_only,51,,39.867165,,0.000000,0.000000,,,,,,1.516977,0.595460,0.357492,0.047048,,blocked_prefill_not_captured,0,70,prefill_steps_not_captured,decode_batch_span_too_narrow_for_slope,phase427_trace_decode_only_prefill_recollect_required,recollect_true_mixed_prefill_window_before_runtime_change,recollect_decode_batch_sweep_then_reprofile_prefill,false,false,false,false,false,false,true,No-Go
phase428_perstep_kernel_attrib,step_category,K2.5-tp4ep8dp2-8k2k,docs/iter_gap_investigation/phase427_kernel_profile/K2.5-tp4ep8dp2-8k2k,decode,,22,decode_only,51,dense_gemm,39.867165,5.011896,0.000000,0.000000,,,,,,1.516977,0.595460,0.357492,0.047048,,blocked_prefill_not_captured,0,70,prefill_steps_not_captured,decode_batch_span_too_narrow_for_slope,phase427_trace_decode_only_prefill_recollect_required,recollect_true_mixed_prefill_window_before_runtime_change,recollect_decode_batch_sweep_then_reprofile_prefill,false,false,false,false,false,false,true,No-Go
phase428_perstep_kernel_attrib,step_category,K2.5-tp4ep8dp2-8k2k,docs/iter_gap_investigation/phase427_kernel_profile/K2.5-tp4ep8dp2-8k2k,decode,,22,decode_only,51,ep_a2a,39.867165,7.470613,0.000000,0.000000,,,,,,1.516977,0.595460,0.357492,0.047048,,blocked_prefill_not_captured,0,70,prefill_steps_not_captured,decode_batch_span_too_narrow_for_slope,phase427_trace_decode_only_prefill_recollect_required,recollect_true_mixed_prefill_window_before_runtime_change,recollect_decode_batch_sweep_then_reprofile_prefill,false,false,false,false,false,false,true,No-Go
phase428_perstep_kernel_attrib,step_category,K2.5-tp4ep8dp2-8k2k,docs/iter_gap_investigation/phase427_kernel_profile/K2.5-tp4ep8dp2-8k2k,decode,,22,decode_only,51,memcpy_memset,39.867165,0.169789,0.000000,0.000000,,,,,,1.516977,0.595460,0.357492,0.047048,,blocked_prefill_not_captured,0,70,prefill_steps_not_captured,decode_batch_span_too_narrow_for_slope,phase427_trace_decode_only_prefill_recollect_required,recollect_true_mixed_prefill_window_before_runtime_change,recollect_decode_batch_sweep_then_reprofile_prefill,false,false,false,false,false,false,true,No-Go
phase428_perstep_kernel_attrib,step_category,K2.5-tp4ep8dp2-8k2k,docs/iter_gap_investigation/phase427_kernel_profile/K2.5-tp4ep8dp2-8k2k,decode,,22,decode_only,51,mla_attention,39.867165,12.247668,0.000000,0.000000,,,,,,1.516977,0.595460,0.357492,0.047048,,blocked_prefill_not_captured,0,70,prefill_steps_not_captured,decode_batch_span_too_narrow_for_slope,phase427_trace_decode_only_prefill_recollect_required,recollect_true_mixed_prefill_window_before_runtime_change,recollect_decode_batch_sweep_then_reprofile_prefill,false,false,false,false,false,false,true,No-Go
phase428_perstep_kernel_attrib,step_category,K2.5-tp4ep8dp2-8k2k,docs/iter_gap_investigation/phase427_kernel_profile/K2.5-tp4ep8dp2-8k2k,decode,,22,decode_only,51,moe_gemm_or_aux,39.867165,11.906456,0.000000,0.000000,,,,,,1.516977,0.595460,0.357492,0.047048,,blocked_prefill_not_captured,0,70,prefill_steps_not_captured,decode_batch_span_too_narrow_for_slope,phase427_trace_decode_only_prefill_recollect_required,recollect_true_mixed_prefill_window_before_runtime_change,recollect_decode_batch_sweep_then_reprofile_prefill,false,false,false,false,false,false,true,No-Go
phase428_perstep_kernel_attrib,step_category,K2.5-tp4ep8dp2-8k2k,docs/iter_gap_investigation/phase427_kernel_profile/K2.5-tp4ep8dp2-8k2k,decode,,22,decode_only,51,other_cuda,39.867165,2.319722,0.000000,0.000000,,,,,,1.516977,0.595460,0.357492,0.047048,,blocked_prefill_not_captured,0,70,prefill_steps_not_captured,decode_batch_span_too_narrow_for_slope,phase427_trace_decode_only_prefill_recollect_required,recollect_true_mixed_prefill_window_before_runtime_change,recollect_decode_batch_sweep_then_reprofile_prefill,false,false,false,false,false,false,true,No-Go
phase428_perstep_kernel_attrib,step_category,K2.5-tp4ep8dp2-8k2k,docs/iter_gap_investigation/phase427_kernel_profile/K2.5-tp4ep8dp2-8k2k,decode,,22,decode_only,51,tp_or_dp_allreduce,39.867165,0.828204,0.000000,0.000000,,,,,,1.516977,0.595460,0.357492,0.047048,,blocked_prefill_not_captured,0,70,prefill_steps_not_captured,decode_batch_span_too_narrow_for_slope,phase427_trace_decode_only_prefill_recollect_required,recollect_true_mixed_prefill_window_before_runtime_change,recollect_decode_batch_sweep_then_reprofile_prefill,false,false,false,false,false,false,true,No-Go
phase428_perstep_kernel_attrib,step,K2.5-tp4ep8dp2-8k2k,docs/iter_gap_investigation/phase427_kernel_profile/K2.5-tp4ep8dp2-8k2k,decode,,23,decode_only,51,,40.240979,,0.000000,0.000000,,,,,,1.516977,0.595460,0.357492,0.047048,,blocked_prefill_not_captured,0,70,prefill_steps_not_captured,decode_batch_span_too_narrow_for_slope,phase427_trace_decode_only_prefill_recollect_required,recollect_true_mixed_prefill_window_before_runtime_change,recollect_decode_batch_sweep_then_reprofile_prefill,false,false,false,false,false,false,true,No-Go
phase428_perstep_kernel_attrib,step_category,K2.5-tp4ep8dp2-8k2k,docs/iter_gap_investigation/phase427_kernel_profile/K2.5-tp4ep8dp2-8k2k,decode,,23,decode_only,51,dense_gemm,40.240979,4.993657,0.000000,0.000000,,,,,,1.516977,0.595460,0.357492,0.047048,,blocked_prefill_not_captured,0,70,prefill_steps_not_captured,decode_batch_span_too_narrow_for_slope,phase427_trace_decode_only_prefill_recollect_required,recollect_true_mixed_prefill_window_before_runtime_change,recollect_decode_batch_sweep_then_reprofile_prefill,false,false,false,false,false,false,true,No-Go
phase428_perstep_kernel_attrib,step_category,K2.5-tp4ep8dp2-8k2k,docs/iter_gap_investigation/phase427_kernel_profile/K2.5-tp4ep8dp2-8k2k,decode,,23,decode_only,51,ep_a2a,40.240979,7.624688,0.000000,0.000000,,,,,,1.516977,0.595460,0.357492,0.047048,,blocked_prefill_not_captured,0,70,prefill_steps_not_captured,decode_batch_span_too_narrow_for_slope,phase427_trace_decode_only_prefill_recollect_required,recollect_true_mixed_prefill_window_before_runtime_change,recollect_decode_batch_sweep_then_reprofile_prefill,false,false,false,false,false,false,true,No-Go
phase428_perstep_kernel_attrib,step_category,K2.5-tp4ep8dp2-8k2k,docs/iter_gap_investigation/phase427_kernel_profile/K2.5-tp4ep8dp2-8k2k,decode,,23,decode_only,51,memcpy_memset,40.240979,0.166620,0.000000,0.000000,,,,,,1.516977,0.595460,0.357492,0.047048,,blocked_prefill_not_captured,0,70,prefill_steps_not_captured,decode_batch_span_too_narrow_for_slope,phase427_trace_decode_only_prefill_recollect_required,recollect_true_mixed_prefill_window_before_runtime_change,recollect_decode_batch_sweep_then_reprofile_prefill,false,false,false,false,false,false,true,No-Go
phase428_perstep_kernel_attrib,step_category,K2.5-tp4ep8dp2-8k2k,docs/iter_gap_investigation/phase427_kernel_profile/K2.5-tp4ep8dp2-8k2k,decode,,23,decode_only,51,mla_attention,40.240979,12.248326,0.000000,0.000000,,,,,,1.516977,0.595460,0.357492,0.047048,,blocked_prefill_not_captured,0,70,prefill_steps_not_captured,decode_batch_span_too_narrow_for_slope,phase427_trace_decode_only_prefill_recollect_required,recollect_true_mixed_prefill_window_before_runtime_change,recollect_decode_batch_sweep_then_reprofile_prefill,false,false,false,false,false,false,true,No-Go
phase428_perstep_kernel_attrib,step_category,K2.5-tp4ep8dp2-8k2k,docs/iter_gap_investigation/phase427_kernel_profile/K2.5-tp4ep8dp2-8k2k,decode,,23,decode_only,51,moe_gemm_or_aux,40.240979,12.196212,0.000000,0.000000,,,,,,1.516977,0.595460,0.357492,0.047048,,blocked_prefill_not_captured,0,70,prefill_steps_not_captured,decode_batch_span_too_narrow_for_slope,phase427_trace_decode_only_prefill_recollect_required,recollect_true_mixed_prefill_window_before_runtime_change,recollect_decode_batch_sweep_then_reprofile_prefill,false,false,false,false,false,false,true,No-Go
phase428_perstep_kernel_attrib,step_category,K2.5-tp4ep8dp2-8k2k,docs/iter_gap_investigation/phase427_kernel_profile/K2.5-tp4ep8dp2-8k2k,decode,,23,decode_only,51,other_cuda,40.240979,2.313646,0.000000,0.000000,,,,,,1.516977,0.595460,0.357492,0.047048,,blocked_prefill_not_captured,0,70,prefill_steps_not_captured,decode_batch_span_too_narrow_for_slope,phase427_trace_decode_only_prefill_recollect_required,recollect_true_mixed_prefill_window_before_runtime_change,recollect_decode_batch_sweep_then_reprofile_prefill,false,false,false,false,false,false,true,No-Go
phase428_perstep_kernel_attrib,step_category,K2.5-tp4ep8dp2-8k2k,docs/iter_gap_investigation/phase427_kernel_profile/K2.5-tp4ep8dp2-8k2k,decode,,23,decode_only,51,tp_or_dp_allreduce,40.240979,0.830932,0.000000,0.000000,,,,,,1.516977,0.595460,0.357492,0.047048,,blocked_prefill_not_captured,0,70,prefill_steps_not_captured,decode_batch_span_too_narrow_for_slope,phase427_trace_decode_only_prefill_recollect_required,recollect_true_mixed_prefill_window_before_runtime_change,recollect_decode_batch_sweep_then_reprofile_prefill,false,false,false,false,false,false,true,No-Go
phase428_perstep_kernel_attrib,step,K2.5-tp4ep8dp2-8k2k,docs/iter_gap_investigation/phase427_kernel_profile/K2.5-tp4ep8dp2-8k2k,decode,,24,decode_only,51,,39.697782,,0.000000,0.000000,,,,,,1.516977,0.595460,0.357492,0.047048,,blocked_prefill_not_captured,0,70,prefill_steps_not_captured,decode_batch_span_too_narrow_for_slope,phase427_trace_decode_only_prefill_recollect_required,recollect_true_mixed_prefill_window_before_runtime_change,recollect_decode_batch_sweep_then_reprofile_prefill,false,false,false,false,false,false,true,No-Go
phase428_perstep_kernel_attrib,step_category,K2.5-tp4ep8dp2-8k2k,docs/iter_gap_investigation/phase427_kernel_profile/K2.5-tp4ep8dp2-8k2k,decode,,24,decode_only,51,dense_gemm,39.697782,4.972708,0.000000,0.000000,,,,,,1.516977,0.595460,0.357492,0.047048,,blocked_prefill_not_captured,0,70,prefill_steps_not_captured,decode_batch_span_too_narrow_for_slope,phase427_trace_decode_only_prefill_recollect_required,recollect_true_mixed_prefill_window_before_runtime_change,recollect_decode_batch_sweep_then_reprofile_prefill,false,false,false,false,false,false,true,No-Go
phase428_perstep_kernel_attrib,step_category,K2.5-tp4ep8dp2-8k2k,docs/iter_gap_investigation/phase427_kernel_profile/K2.5-tp4ep8dp2-8k2k,decode,,24,decode_only,51,ep_a2a,39.697782,7.384694,0.000000,0.000000,,,,,,1.516977,0.595460,0.357492,0.047048,,blocked_prefill_not_captured,0,70,prefill_steps_not_captured,decode_batch_span_too_narrow_for_slope,phase427_trace_decode_only_prefill_recollect_required,recollect_true_mixed_prefill_window_before_runtime_change,recollect_decode_batch_sweep_then_reprofile_prefill,false,false,false,false,false,false,true,No-Go
phase428_perstep_kernel_attrib,step_category,K2.5-tp4ep8dp2-8k2k,docs/iter_gap_investigation/phase427_kernel_profile/K2.5-tp4ep8dp2-8k2k,decode,,24,decode_only,51,memcpy_memset,39.697782,0.170876,0.000000,0.000000,,,,,,1.516977,0.595460,0.357492,0.047048,,blocked_prefill_not_captured,0,70,prefill_steps_not_captured,decode_batch_span_too_narrow_for_slope,phase427_trace_decode_only_prefill_recollect_required,recollect_true_mixed_prefill_window_before_runtime_change,recollect_decode_batch_sweep_then_reprofile_prefill,false,false,false,false,false,false,true,No-Go
phase428_perstep_kernel_attrib,step_category,K2.5-tp4ep8dp2-8k2k,docs/iter_gap_investigation/phase427_kernel_profile/K2.5-tp4ep8dp2-8k2k,decode,,24,decode_only,51,mla_attention,39.697782,12.246810,0.000000,0.000000,,,,,,1.516977,0.595460,0.357492,0.047048,,blocked_prefill_not_captured,0,70,prefill_steps_not_captured,decode_batch_span_too_narrow_for_slope,phase427_trace_decode_only_prefill_recollect_required,recollect_true_mixed_prefill_window_before_runtime_change,recollect_decode_batch_sweep_then_reprofile_prefill,false,false,false,false,false,false,true,No-Go
phase428_perstep_kernel_attrib,step_category,K2.5-tp4ep8dp2-8k2k,docs/iter_gap_investigation/phase427_kernel_profile/K2.5-tp4ep8dp2-8k2k,decode,,24,decode_only,51,moe_gemm_or_aux,39.697782,11.912037,0.000000,0.000000,,,,,,1.516977,0.595460,0.357492,0.047048,,blocked_prefill_not_captured,0,70,prefill_steps_not_captured,decode_batch_span_too_narrow_for_slope,phase427_trace_decode_only_prefill_recollect_required,recollect_true_mixed_prefill_window_before_runtime_change,recollect_decode_batch_sweep_then_reprofile_prefill,false,false,false,false,false,false,true,No-Go
phase428_perstep_kernel_attrib,step_category,K2.5-tp4ep8dp2-8k2k,docs/iter_gap_investigation/phase427_kernel_profile/K2.5-tp4ep8dp2-8k2k,decode,,24,decode_only,51,other_cuda,39.697782,2.309049,0.000000,0.000000,,,,,,1.516977,0.595460,0.357492,0.047048,,blocked_prefill_not_captured,0,70,prefill_steps_not_captured,decode_batch_span_too_narrow_for_slope,phase427_trace_decode_only_prefill_recollect_required,recollect_true_mixed_prefill_window_before_runtime_change,recollect_decode_batch_sweep_then_reprofile_prefill,false,false,false,false,false,false,true,No-Go
phase428_perstep_kernel_attrib,step_category,K2.5-tp4ep8dp2-8k2k,docs/iter_gap_investigation/phase427_kernel_profile/K2.5-tp4ep8dp2-8k2k,decode,,24,decode_only,51,tp_or_dp_allreduce,39.697782,0.819765,0.000000,0.000000,,,,,,1.516977,0.595460,0.357492,0.047048,,blocked_prefill_not_captured,0,70,prefill_steps_not_captured,decode_batch_span_too_narrow_for_slope,phase427_trace_decode_only_prefill_recollect_required,recollect_true_mixed_prefill_window_before_runtime_change,recollect_decode_batch_sweep_then_reprofile_prefill,false,false,false,false,false,false,true,No-Go
phase428_perstep_kernel_attrib,step,K2.5-tp4ep8dp2-8k2k,docs/iter_gap_investigation/phase427_kernel_profile/K2.5-tp4ep8dp2-8k2k,decode,,25,decode_only,51,,40.048687,,0.000000,0.000000,,,,,,1.516977,0.595460,0.357492,0.047048,,blocked_prefill_not_captured,0,70,prefill_steps_not_captured,decode_batch_span_too_narrow_for_slope,phase427_trace_decode_only_prefill_recollect_required,recollect_true_mixed_prefill_window_before_runtime_change,recollect_decode_batch_sweep_then_reprofile_prefill,false,false,false,false,false,false,true,No-Go
phase428_perstep_kernel_attrib,step_category,K2.5-tp4ep8dp2-8k2k,docs/iter_gap_investigation/phase427_kernel_profile/K2.5-tp4ep8dp2-8k2k,decode,,25,decode_only,51,dense_gemm,40.048687,5.020163,0.000000,0.000000,,,,,,1.516977,0.595460,0.357492,0.047048,,blocked_prefill_not_captured,0,70,prefill_steps_not_captured,decode_batch_span_too_narrow_for_slope,phase427_trace_decode_only_prefill_recollect_required,recollect_true_mixed_prefill_window_before_runtime_change,recollect_decode_batch_sweep_then_reprofile_prefill,false,false,false,false,false,false,true,No-Go
phase428_perstep_kernel_attrib,step_category,K2.5-tp4ep8dp2-8k2k,docs/iter_gap_investigation/phase427_kernel_profile/K2.5-tp4ep8dp2-8k2k,decode,,25,decode_only,51,ep_a2a,40.048687,7.555322,0.000000,0.000000,,,,,,1.516977,0.595460,0.357492,0.047048,,blocked_prefill_not_captured,0,70,prefill_steps_not_captured,decode_batch_span_too_narrow_for_slope,phase427_trace_decode_only_prefill_recollect_required,recollect_true_mixed_prefill_window_before_runtime_change,recollect_decode_batch_sweep_then_reprofile_prefill,false,false,false,false,false,false,true,No-Go
phase428_perstep_kernel_attrib,step_category,K2.5-tp4ep8dp2-8k2k,docs/iter_gap_investigation/phase427_kernel_profile/K2.5-tp4ep8dp2-8k2k,decode,,25,decode_only,51,memcpy_memset,40.048687,0.170384,0.000000,0.000000,,,,,,1.516977,0.595460,0.357492,0.047048,,blocked_prefill_not_captured,0,70,prefill_steps_not_captured,decode_batch_span_too_narrow_for_slope,phase427_trace_decode_only_prefill_recollect_required,recollect_true_mixed_prefill_window_before_runtime_change,recollect_decode_batch_sweep_then_reprofile_prefill,false,false,false,false,false,false,true,No-Go
phase428_perstep_kernel_attrib,step_category,K2.5-tp4ep8dp2-8k2k,docs/iter_gap_investigation/phase427_kernel_profile/K2.5-tp4ep8dp2-8k2k,decode,,25,decode_only,51,mla_attention,40.048687,12.247604,0.000000,0.000000,,,,,,1.516977,0.595460,0.357492,0.047048,,blocked_prefill_not_captured,0,70,prefill_steps_not_captured,decode_batch_span_too_narrow_for_slope,phase427_trace_decode_only_prefill_recollect_required,recollect_true_mixed_prefill_window_before_runtime_change,recollect_decode_batch_sweep_then_reprofile_prefill,false,false,false,false,false,false,true,No-Go
phase428_perstep_kernel_attrib,step_category,K2.5-tp4ep8dp2-8k2k,docs/iter_gap_investigation/phase427_kernel_profile/K2.5-tp4ep8dp2-8k2k,decode,,25,decode_only,51,moe_gemm_or_aux,40.048687,11.989651,0.000000,0.000000,,,,,,1.516977,0.595460,0.357492,0.047048,,blocked_prefill_not_captured,0,70,prefill_steps_not_captured,decode_batch_span_too_narrow_for_slope,phase427_trace_decode_only_prefill_recollect_required,recollect_true_mixed_prefill_window_before_runtime_change,recollect_decode_batch_sweep_then_reprofile_prefill,false,false,false,false,false,false,true,No-Go
phase428_perstep_kernel_attrib,step_category,K2.5-tp4ep8dp2-8k2k,docs/iter_gap_investigation/phase427_kernel_profile/K2.5-tp4ep8dp2-8k2k,decode,,25,decode_only,51,other_cuda,40.048687,2.324536,0.000000,0.000000,,,,,,1.516977,0.595460,0.357492,0.047048,,blocked_prefill_not_captured,0,70,prefill_steps_not_captured,decode_batch_span_too_narrow_for_slope,phase427_trace_decode_only_prefill_recollect_required,recollect_true_mixed_prefill_window_before_runtime_change,recollect_decode_batch_sweep_then_reprofile_prefill,false,false,false,false,false,false,true,No-Go
phase428_perstep_kernel_attrib,step_category,K2.5-tp4ep8dp2-8k2k,docs/iter_gap_investigation/phase427_kernel_profile/K2.5-tp4ep8dp2-8k2k,decode,,25,decode_only,51,tp_or_dp_allreduce,40.048687,0.826828,0.000000,0.000000,,,,,,1.516977,0.595460,0.357492,0.047048,,blocked_prefill_not_captured,0,70,prefill_steps_not_captured,decode_batch_span_too_narrow_for_slope,phase427_trace_decode_only_prefill_recollect_required,recollect_true_mixed_prefill_window_before_runtime_change,recollect_decode_batch_sweep_then_reprofile_prefill,false,false,false,false,false,false,true,No-Go
phase428_perstep_kernel_attrib,step,K2.5-tp4ep8dp2-8k2k,docs/iter_gap_investigation/phase427_kernel_profile/K2.5-tp4ep8dp2-8k2k,decode,,26,decode_only,51,,40.089276,,0.000000,0.000000,,,,,,1.516977,0.595460,0.357492,0.047048,,blocked_prefill_not_captured,0,70,prefill_steps_not_captured,decode_batch_span_too_narrow_for_slope,phase427_trace_decode_only_prefill_recollect_required,recollect_true_mixed_prefill_window_before_runtime_change,recollect_decode_batch_sweep_then_reprofile_prefill,false,false,false,false,false,false,true,No-Go
phase428_perstep_kernel_attrib,step_category,K2.5-tp4ep8dp2-8k2k,docs/iter_gap_investigation/phase427_kernel_profile/K2.5-tp4ep8dp2-8k2k,decode,,26,decode_only,51,dense_gemm,40.089276,4.998715,0.000000,0.000000,,,,,,1.516977,0.595460,0.357492,0.047048,,blocked_prefill_not_captured,0,70,prefill_steps_not_captured,decode_batch_span_too_narrow_for_slope,phase427_trace_decode_only_prefill_recollect_required,recollect_true_mixed_prefill_window_before_runtime_change,recollect_decode_batch_sweep_then_reprofile_prefill,false,false,false,false,false,false,true,No-Go
phase428_perstep_kernel_attrib,step_category,K2.5-tp4ep8dp2-8k2k,docs/iter_gap_investigation/phase427_kernel_profile/K2.5-tp4ep8dp2-8k2k,decode,,26,decode_only,51,ep_a2a,40.089276,7.526364,0.000000,0.000000,,,,,,1.516977,0.595460,0.357492,0.047048,,blocked_prefill_not_captured,0,70,prefill_steps_not_captured,decode_batch_span_too_narrow_for_slope,phase427_trace_decode_only_prefill_recollect_required,recollect_true_mixed_prefill_window_before_runtime_change,recollect_decode_batch_sweep_then_reprofile_prefill,false,false,false,false,false,false,true,No-Go
phase428_perstep_kernel_attrib,step_category,K2.5-tp4ep8dp2-8k2k,docs/iter_gap_investigation/phase427_kernel_profile/K2.5-tp4ep8dp2-8k2k,decode,,26,decode_only,51,memcpy_memset,40.089276,0.169874,0.000000,0.000000,,,,,,1.516977,0.595460,0.357492,0.047048,,blocked_prefill_not_captured,0,70,prefill_steps_not_captured,decode_batch_span_too_narrow_for_slope,phase427_trace_decode_only_prefill_recollect_required,recollect_true_mixed_prefill_window_before_runtime_change,recollect_decode_batch_sweep_then_reprofile_prefill,false,false,false,false,false,false,true,No-Go
phase428_perstep_kernel_attrib,step_category,K2.5-tp4ep8dp2-8k2k,docs/iter_gap_investigation/phase427_kernel_profile/K2.5-tp4ep8dp2-8k2k,decode,,26,decode_only,51,mla_attention,40.089276,12.244976,0.000000,0.000000,,,,,,1.516977,0.595460,0.357492,0.047048,,blocked_prefill_not_captured,0,70,prefill_steps_not_captured,decode_batch_span_too_narrow_for_slope,phase427_trace_decode_only_prefill_recollect_required,recollect_true_mixed_prefill_window_before_runtime_change,recollect_decode_batch_sweep_then_reprofile_prefill,false,false,false,false,false,false,true,No-Go
phase428_perstep_kernel_attrib,step_category,K2.5-tp4ep8dp2-8k2k,docs/iter_gap_investigation/phase427_kernel_profile/K2.5-tp4ep8dp2-8k2k,decode,,26,decode_only,51,moe_gemm_or_aux,40.089276,12.095230,0.000000,0.000000,,,,,,1.516977,0.595460,0.357492,0.047048,,blocked_prefill_not_captured,0,70,prefill_steps_not_captured,decode_batch_span_too_narrow_for_slope,phase427_trace_decode_only_prefill_recollect_required,recollect_true_mixed_prefill_window_before_runtime_change,recollect_decode_batch_sweep_then_reprofile_prefill,false,false,false,false,false,false,true,No-Go
phase428_perstep_kernel_attrib,step_category,K2.5-tp4ep8dp2-8k2k,docs/iter_gap_investigation/phase427_kernel_profile/K2.5-tp4ep8dp2-8k2k,decode,,26,decode_only,51,other_cuda,40.089276,2.315599,0.000000,0.000000,,,,,,1.516977,0.595460,0.357492,0.047048,,blocked_prefill_not_captured,0,70,prefill_steps_not_captured,decode_batch_span_too_narrow_for_slope,phase427_trace_decode_only_prefill_recollect_required,recollect_true_mixed_prefill_window_before_runtime_change,recollect_decode_batch_sweep_then_reprofile_prefill,false,false,false,false,false,false,true,No-Go
phase428_perstep_kernel_attrib,step_category,K2.5-tp4ep8dp2-8k2k,docs/iter_gap_investigation/phase427_kernel_profile/K2.5-tp4ep8dp2-8k2k,decode,,26,decode_only,51,tp_or_dp_allreduce,40.089276,0.827375,0.000000,0.000000,,,,,,1.516977,0.595460,0.357492,0.047048,,blocked_prefill_not_captured,0,70,prefill_steps_not_captured,decode_batch_span_too_narrow_for_slope,phase427_trace_decode_only_prefill_recollect_required,recollect_true_mixed_prefill_window_before_runtime_change,recollect_decode_batch_sweep_then_reprofile_prefill,false,false,false,false,false,false,true,No-Go
phase428_perstep_kernel_attrib,step,K2.5-tp4ep8dp2-8k2k,docs/iter_gap_investigation/phase427_kernel_profile/K2.5-tp4ep8dp2-8k2k,decode,,27,decode_only,51,,39.723785,,0.000000,0.000000,,,,,,1.516977,0.595460,0.357492,0.047048,,blocked_prefill_not_captured,0,70,prefill_steps_not_captured,decode_batch_span_too_narrow_for_slope,phase427_trace_decode_only_prefill_recollect_required,recollect_true_mixed_prefill_window_before_runtime_change,recollect_decode_batch_sweep_then_reprofile_prefill,false,false,false,false,false,false,true,No-Go
phase428_perstep_kernel_attrib,step_category,K2.5-tp4ep8dp2-8k2k,docs/iter_gap_investigation/phase427_kernel_profile/K2.5-tp4ep8dp2-8k2k,decode,,27,decode_only,51,dense_gemm,39.723785,4.987533,0.000000,0.000000,,,,,,1.516977,0.595460,0.357492,0.047048,,blocked_prefill_not_captured,0,70,prefill_steps_not_captured,decode_batch_span_too_narrow_for_slope,phase427_trace_decode_only_prefill_recollect_required,recollect_true_mixed_prefill_window_before_runtime_change,recollect_decode_batch_sweep_then_reprofile_prefill,false,false,false,false,false,false,true,No-Go
phase428_perstep_kernel_attrib,step_category,K2.5-tp4ep8dp2-8k2k,docs/iter_gap_investigation/phase427_kernel_profile/K2.5-tp4ep8dp2-8k2k,decode,,27,decode_only,51,ep_a2a,39.723785,7.481554,0.000000,0.000000,,,,,,1.516977,0.595460,0.357492,0.047048,,blocked_prefill_not_captured,0,70,prefill_steps_not_captured,decode_batch_span_too_narrow_for_slope,phase427_trace_decode_only_prefill_recollect_required,recollect_true_mixed_prefill_window_before_runtime_change,recollect_decode_batch_sweep_then_reprofile_prefill,false,false,false,false,false,false,true,No-Go
phase428_perstep_kernel_attrib,step_category,K2.5-tp4ep8dp2-8k2k,docs/iter_gap_investigation/phase427_kernel_profile/K2.5-tp4ep8dp2-8k2k,decode,,27,decode_only,51,memcpy_memset,39.723785,0.171469,0.000000,0.000000,,,,,,1.516977,0.595460,0.357492,0.047048,,blocked_prefill_not_captured,0,70,prefill_steps_not_captured,decode_batch_span_too_narrow_for_slope,phase427_trace_decode_only_prefill_recollect_required,recollect_true_mixed_prefill_window_before_runtime_change,recollect_decode_batch_sweep_then_reprofile_prefill,false,false,false,false,false,false,true,No-Go
phase428_perstep_kernel_attrib,step_category,K2.5-tp4ep8dp2-8k2k,docs/iter_gap_investigation/phase427_kernel_profile/K2.5-tp4ep8dp2-8k2k,decode,,27,decode_only,51,mla_attention,39.723785,12.252080,0.000000,0.000000,,,,,,1.516977,0.595460,0.357492,0.047048,,blocked_prefill_not_captured,0,70,prefill_steps_not_captured,decode_batch_span_too_narrow_for_slope,phase427_trace_decode_only_prefill_recollect_required,recollect_true_mixed_prefill_window_before_runtime_change,recollect_decode_batch_sweep_then_reprofile_prefill,false,false,false,false,false,false,true,No-Go
phase428_perstep_kernel_attrib,step_category,K2.5-tp4ep8dp2-8k2k,docs/iter_gap_investigation/phase427_kernel_profile/K2.5-tp4ep8dp2-8k2k,decode,,27,decode_only,51,moe_gemm_or_aux,39.723785,11.808897,0.000000,0.000000,,,,,,1.516977,0.595460,0.357492,0.047048,,blocked_prefill_not_captured,0,70,prefill_steps_not_captured,decode_batch_span_too_narrow_for_slope,phase427_trace_decode_only_prefill_recollect_required,recollect_true_mixed_prefill_window_before_runtime_change,recollect_decode_batch_sweep_then_reprofile_prefill,false,false,false,false,false,false,true,No-Go
phase428_perstep_kernel_attrib,step_category,K2.5-tp4ep8dp2-8k2k,docs/iter_gap_investigation/phase427_kernel_profile/K2.5-tp4ep8dp2-8k2k,decode,,27,decode_only,51,other_cuda,39.723785,2.313253,0.000000,0.000000,,,,,,1.516977,0.595460,0.357492,0.047048,,blocked_prefill_not_captured,0,70,prefill_steps_not_captured,decode_batch_span_too_narrow_for_slope,phase427_trace_decode_only_prefill_recollect_required,recollect_true_mixed_prefill_window_before_runtime_change,recollect_decode_batch_sweep_then_reprofile_prefill,false,false,false,false,false,false,true,No-Go
phase428_perstep_kernel_attrib,step_category,K2.5-tp4ep8dp2-8k2k,docs/iter_gap_investigation/phase427_kernel_profile/K2.5-tp4ep8dp2-8k2k,decode,,27,decode_only,51,tp_or_dp_allreduce,39.723785,0.834810,0.000000,0.000000,,,,,,1.516977,0.595460,0.357492,0.047048,,blocked_prefill_not_captured,0,70,prefill_steps_not_captured,decode_batch_span_too_narrow_for_slope,phase427_trace_decode_only_prefill_recollect_required,recollect_true_mixed_prefill_window_before_runtime_change,recollect_decode_batch_sweep_then_reprofile_prefill,false,false,false,false,false,false,true,No-Go
phase428_perstep_kernel_attrib,step,K2.5-tp4ep8dp2-8k2k,docs/iter_gap_investigation/phase427_kernel_profile/K2.5-tp4ep8dp2-8k2k,decode,,28,decode_only,51,,40.598926,,0.005662,0.000139,,,,,,1.516977,0.595460,0.357492,0.047048,,blocked_prefill_not_captured,0,70,prefill_steps_not_captured,decode_batch_span_too_narrow_for_slope,phase427_trace_decode_only_prefill_recollect_required,recollect_true_mixed_prefill_window_before_runtime_change,recollect_decode_batch_sweep_then_reprofile_prefill,false,false,false,false,false,false,true,No-Go
phase428_perstep_kernel_attrib,step_category,K2.5-tp4ep8dp2-8k2k,docs/iter_gap_investigation/phase427_kernel_profile/K2.5-tp4ep8dp2-8k2k,decode,,28,decode_only,51,dense_gemm,40.598926,5.019204,0.005662,0.000139,,,,,,1.516977,0.595460,0.357492,0.047048,,blocked_prefill_not_captured,0,70,prefill_steps_not_captured,decode_batch_span_too_narrow_for_slope,phase427_trace_decode_only_prefill_recollect_required,recollect_true_mixed_prefill_window_before_runtime_change,recollect_decode_batch_sweep_then_reprofile_prefill,false,false,false,false,false,false,true,No-Go
phase428_perstep_kernel_attrib,step_category,K2.5-tp4ep8dp2-8k2k,docs/iter_gap_investigation/phase427_kernel_profile/K2.5-tp4ep8dp2-8k2k,decode,,28,decode_only,51,ep_a2a,40.598926,7.668717,0.005662,0.000139,,,,,,1.516977,0.595460,0.357492,0.047048,,blocked_prefill_not_captured,0,70,prefill_steps_not_captured,decode_batch_span_too_narrow_for_slope,phase427_trace_decode_only_prefill_recollect_required,recollect_true_mixed_prefill_window_before_runtime_change,recollect_decode_batch_sweep_then_reprofile_prefill,false,false,false,false,false,false,true,No-Go
phase428_perstep_kernel_attrib,step_category,K2.5-tp4ep8dp2-8k2k,docs/iter_gap_investigation/phase427_kernel_profile/K2.5-tp4ep8dp2-8k2k,decode,,28,decode_only,51,memcpy_memset,40.598926,0.175681,0.005662,0.000139,,,,,,1.516977,0.595460,0.357492,0.047048,,blocked_prefill_not_captured,0,70,prefill_steps_not_captured,decode_batch_span_too_narrow_for_slope,phase427_trace_decode_only_prefill_recollect_required,recollect_true_mixed_prefill_window_before_runtime_change,recollect_decode_batch_sweep_then_reprofile_prefill,false,false,false,false,false,false,true,No-Go
phase428_perstep_kernel_attrib,step_category,K2.5-tp4ep8dp2-8k2k,docs/iter_gap_investigation/phase427_kernel_profile/K2.5-tp4ep8dp2-8k2k,decode,,28,decode_only,51,mla_attention,40.598926,12.424558,0.005662,0.000139,,,,,,1.516977,0.595460,0.357492,0.047048,,blocked_prefill_not_captured,0,70,prefill_steps_not_captured,decode_batch_span_too_narrow_for_slope,phase427_trace_decode_only_prefill_recollect_required,recollect_true_mixed_prefill_window_before_runtime_change,recollect_decode_batch_sweep_then_reprofile_prefill,false,false,false,false,false,false,true,No-Go
phase428_perstep_kernel_attrib,step_category,K2.5-tp4ep8dp2-8k2k,docs/iter_gap_investigation/phase427_kernel_profile/K2.5-tp4ep8dp2-8k2k,decode,,28,decode_only,51,moe_gemm_or_aux,40.598926,12.305441,0.005662,0.000139,,,,,,1.516977,0.595460,0.357492,0.047048,,blocked_prefill_not_captured,0,70,prefill_steps_not_captured,decode_batch_span_too_narrow_for_slope,phase427_trace_decode_only_prefill_recollect_required,recollect_true_mixed_prefill_window_before_runtime_change,recollect_decode_batch_sweep_then_reprofile_prefill,false,false,false,false,false,false,true,No-Go
phase428_perstep_kernel_attrib,step_category,K2.5-tp4ep8dp2-8k2k,docs/iter_gap_investigation/phase427_kernel_profile/K2.5-tp4ep8dp2-8k2k,decode,,28,decode_only,51,other_cuda,40.598926,2.325323,0.005662,0.000139,,,,,,1.516977,0.595460,0.357492,0.047048,,blocked_prefill_not_captured,0,70,prefill_steps_not_captured,decode_batch_span_too_narrow_for_slope,phase427_trace_decode_only_prefill_recollect_required,recollect_true_mixed_prefill_window_before_runtime_change,recollect_decode_batch_sweep_then_reprofile_prefill,false,false,false,false,false,false,true,No-Go
phase428_perstep_kernel_attrib,step_category,K2.5-tp4ep8dp2-8k2k,docs/iter_gap_investigation/phase427_kernel_profile/K2.5-tp4ep8dp2-8k2k,decode,,28,decode_only,51,tp_or_dp_allreduce,40.598926,0.829294,0.005662,0.000139,,,,,,1.516977,0.595460,0.357492,0.047048,,blocked_prefill_not_captured,0,70,prefill_steps_not_captured,decode_batch_span_too_narrow_for_slope,phase427_trace_decode_only_prefill_recollect_required,recollect_true_mixed_prefill_window_before_runtime_change,recollect_decode_batch_sweep_then_reprofile_prefill,false,false,false,false,false,false,true,No-Go
phase428_perstep_kernel_attrib,step,K2.5-tp4ep8dp2-8k2k,docs/iter_gap_investigation/phase427_kernel_profile/K2.5-tp4ep8dp2-8k2k,decode,,29,decode_only,51,,40.136997,,0.006452,0.000161,,,,,,1.516977,0.595460,0.357492,0.047048,,blocked_prefill_not_captured,0,70,prefill_steps_not_captured,decode_batch_span_too_narrow_for_slope,phase427_trace_decode_only_prefill_recollect_required,recollect_true_mixed_prefill_window_before_runtime_change,recollect_decode_batch_sweep_then_reprofile_prefill,false,false,false,false,false,false,true,No-Go
phase428_perstep_kernel_attrib,step_category,K2.5-tp4ep8dp2-8k2k,docs/iter_gap_investigation/phase427_kernel_profile/K2.5-tp4ep8dp2-8k2k,decode,,29,decode_only,51,dense_gemm,40.136997,4.978229,0.006452,0.000161,,,,,,1.516977,0.595460,0.357492,0.047048,,blocked_prefill_not_captured,0,70,prefill_steps_not_captured,decode_batch_span_too_narrow_for_slope,phase427_trace_decode_only_prefill_recollect_required,recollect_true_mixed_prefill_window_before_runtime_change,recollect_decode_batch_sweep_then_reprofile_prefill,false,false,false,false,false,false,true,No-Go
phase428_perstep_kernel_attrib,step_category,K2.5-tp4ep8dp2-8k2k,docs/iter_gap_investigation/phase427_kernel_profile/K2.5-tp4ep8dp2-8k2k,decode,,29,decode_only,51,ep_a2a,40.136997,7.738492,0.006452,0.000161,,,,,,1.516977,0.595460,0.357492,0.047048,,blocked_prefill_not_captured,0,70,prefill_steps_not_captured,decode_batch_span_too_narrow_for_slope,phase427_trace_decode_only_prefill_recollect_required,recollect_true_mixed_prefill_window_before_runtime_change,recollect_decode_batch_sweep_then_reprofile_prefill,false,false,false,false,false,false,true,No-Go
phase428_perstep_kernel_attrib,step_category,K2.5-tp4ep8dp2-8k2k,docs/iter_gap_investigation/phase427_kernel_profile/K2.5-tp4ep8dp2-8k2k,decode,,29,decode_only,51,memcpy_memset,40.136997,0.171884,0.006452,0.000161,,,,,,1.516977,0.595460,0.357492,0.047048,,blocked_prefill_not_captured,0,70,prefill_steps_not_captured,decode_batch_span_too_narrow_for_slope,phase427_trace_decode_only_prefill_recollect_required,recollect_true_mixed_prefill_window_before_runtime_change,recollect_decode_batch_sweep_then_reprofile_prefill,false,false,false,false,false,false,true,No-Go
phase428_perstep_kernel_attrib,step_category,K2.5-tp4ep8dp2-8k2k,docs/iter_gap_investigation/phase427_kernel_profile/K2.5-tp4ep8dp2-8k2k,decode,,29,decode_only,51,mla_attention,40.136997,12.055648,0.006452,0.000161,,,,,,1.516977,0.595460,0.357492,0.047048,,blocked_prefill_not_captured,0,70,prefill_steps_not_captured,decode_batch_span_too_narrow_for_slope,phase427_trace_decode_only_prefill_recollect_required,recollect_true_mixed_prefill_window_before_runtime_change,recollect_decode_batch_sweep_then_reprofile_prefill,false,false,false,false,false,false,true,No-Go
phase428_perstep_kernel_attrib,step_category,K2.5-tp4ep8dp2-8k2k,docs/iter_gap_investigation/phase427_kernel_profile/K2.5-tp4ep8dp2-8k2k,decode,,29,decode_only,51,moe_gemm_or_aux,40.136997,12.094215,0.006452,0.000161,,,,,,1.516977,0.595460,0.357492,0.047048,,blocked_prefill_not_captured,0,70,prefill_steps_not_captured,decode_batch_span_too_narrow_for_slope,phase427_trace_decode_only_prefill_recollect_required,recollect_true_mixed_prefill_window_before_runtime_change,recollect_decode_batch_sweep_then_reprofile_prefill,false,false,false,false,false,false,true,No-Go
phase428_perstep_kernel_attrib,step_category,K2.5-tp4ep8dp2-8k2k,docs/iter_gap_investigation/phase427_kernel_profile/K2.5-tp4ep8dp2-8k2k,decode,,29,decode_only,51,other_cuda,40.136997,2.311483,0.006452,0.000161,,,,,,1.516977,0.595460,0.357492,0.047048,,blocked_prefill_not_captured,0,70,prefill_steps_not_captured,decode_batch_span_too_narrow_for_slope,phase427_trace_decode_only_prefill_recollect_required,recollect_true_mixed_prefill_window_before_runtime_change,recollect_decode_batch_sweep_then_reprofile_prefill,false,false,false,false,false,false,true,No-Go
phase428_perstep_kernel_attrib,step_category,K2.5-tp4ep8dp2-8k2k,docs/iter_gap_investigation/phase427_kernel_profile/K2.5-tp4ep8dp2-8k2k,decode,,29,decode_only,51,tp_or_dp_allreduce,40.136997,0.833560,0.006452,0.000161,,,,,,1.516977,0.595460,0.357492,0.047048,,blocked_prefill_not_captured,0,70,prefill_steps_not_captured,decode_batch_span_too_narrow_for_slope,phase427_trace_decode_only_prefill_recollect_required,recollect_true_mixed_prefill_window_before_runtime_change,recollect_decode_batch_sweep_then_reprofile_prefill,false,false,false,false,false,false,true,No-Go
phase428_perstep_kernel_attrib,step,K2.5-tp4ep8dp2-8k2k,docs/iter_gap_investigation/phase427_kernel_profile/K2.5-tp4ep8dp2-8k2k,decode,,30,decode_only,51,,40.172468,,0.000000,0.000000,,,,,,1.516977,0.595460,0.357492,0.047048,,blocked_prefill_not_captured,0,70,prefill_steps_not_captured,decode_batch_span_too_narrow_for_slope,phase427_trace_decode_only_prefill_recollect_required,recollect_true_mixed_prefill_window_before_runtime_change,recollect_decode_batch_sweep_then_reprofile_prefill,false,false,false,false,false,false,true,No-Go
phase428_perstep_kernel_attrib,step_category,K2.5-tp4ep8dp2-8k2k,docs/iter_gap_investigation/phase427_kernel_profile/K2.5-tp4ep8dp2-8k2k,decode,,30,decode_only,51,dense_gemm,40.172468,5.063312,0.000000,0.000000,,,,,,1.516977,0.595460,0.357492,0.047048,,blocked_prefill_not_captured,0,70,prefill_steps_not_captured,decode_batch_span_too_narrow_for_slope,phase427_trace_decode_only_prefill_recollect_required,recollect_true_mixed_prefill_window_before_runtime_change,recollect_decode_batch_sweep_then_reprofile_prefill,false,false,false,false,false,false,true,No-Go
phase428_perstep_kernel_attrib,step_category,K2.5-tp4ep8dp2-8k2k,docs/iter_gap_investigation/phase427_kernel_profile/K2.5-tp4ep8dp2-8k2k,decode,,30,decode_only,51,ep_a2a,40.172468,7.383143,0.000000,0.000000,,,,,,1.516977,0.595460,0.357492,0.047048,,blocked_prefill_not_captured,0,70,prefill_steps_not_captured,decode_batch_span_too_narrow_for_slope,phase427_trace_decode_only_prefill_recollect_required,recollect_true_mixed_prefill_window_before_runtime_change,recollect_decode_batch_sweep_then_reprofile_prefill,false,false,false,false,false,false,true,No-Go
phase428_perstep_kernel_attrib,step_category,K2.5-tp4ep8dp2-8k2k,docs/iter_gap_investigation/phase427_kernel_profile/K2.5-tp4ep8dp2-8k2k,decode,,30,decode_only,51,memcpy_memset,40.172468,0.168501,0.000000,0.000000,,,,,,1.516977,0.595460,0.357492,0.047048,,blocked_prefill_not_captured,0,70,prefill_steps_not_captured,decode_batch_span_too_narrow_for_slope,phase427_trace_decode_only_prefill_recollect_required,recollect_true_mixed_prefill_window_before_runtime_change,recollect_decode_batch_sweep_then_reprofile_prefill,false,false,false,false,false,false,true,No-Go
phase428_perstep_kernel_attrib,step_category,K2.5-tp4ep8dp2-8k2k,docs/iter_gap_investigation/phase427_kernel_profile/K2.5-tp4ep8dp2-8k2k,decode,,30,decode_only,51,mla_attention,40.172468,12.448737,0.000000,0.000000,,,,,,1.516977,0.595460,0.357492,0.047048,,blocked_prefill_not_captured,0,70,prefill_steps_not_captured,decode_batch_span_too_narrow_for_slope,phase427_trace_decode_only_prefill_recollect_required,recollect_true_mixed_prefill_window_before_runtime_change,recollect_decode_batch_sweep_then_reprofile_prefill,false,false,false,false,false,false,true,No-Go
phase428_perstep_kernel_attrib,step_category,K2.5-tp4ep8dp2-8k2k,docs/iter_gap_investigation/phase427_kernel_profile/K2.5-tp4ep8dp2-8k2k,decode,,30,decode_only,51,moe_gemm_or_aux,40.172468,12.071381,0.000000,0.000000,,,,,,1.516977,0.595460,0.357492,0.047048,,blocked_prefill_not_captured,0,70,prefill_steps_not_captured,decode_batch_span_too_narrow_for_slope,phase427_trace_decode_only_prefill_recollect_required,recollect_true_mixed_prefill_window_before_runtime_change,recollect_decode_batch_sweep_then_reprofile_prefill,false,false,false,false,false,false,true,No-Go
phase428_perstep_kernel_attrib,step_category,K2.5-tp4ep8dp2-8k2k,docs/iter_gap_investigation/phase427_kernel_profile/K2.5-tp4ep8dp2-8k2k,decode,,30,decode_only,51,other_cuda,40.172468,2.326767,0.000000,0.000000,,,,,,1.516977,0.595460,0.357492,0.047048,,blocked_prefill_not_captured,0,70,prefill_steps_not_captured,decode_batch_span_too_narrow_for_slope,phase427_trace_decode_only_prefill_recollect_required,recollect_true_mixed_prefill_window_before_runtime_change,recollect_decode_batch_sweep_then_reprofile_prefill,false,false,false,false,false,false,true,No-Go
phase428_perstep_kernel_attrib,step_category,K2.5-tp4ep8dp2-8k2k,docs/iter_gap_investigation/phase427_kernel_profile/K2.5-tp4ep8dp2-8k2k,decode,,30,decode_only,51,tp_or_dp_allreduce,40.172468,0.847927,0.000000,0.000000,,,,,,1.516977,0.595460,0.357492,0.047048,,blocked_prefill_not_captured,0,70,prefill_steps_not_captured,decode_batch_span_too_narrow_for_slope,phase427_trace_decode_only_prefill_recollect_required,recollect_true_mixed_prefill_window_before_runtime_change,recollect_decode_batch_sweep_then_reprofile_prefill,false,false,false,false,false,false,true,No-Go
phase428_perstep_kernel_attrib,step,K2.5-tp4ep8dp2-8k2k,docs/iter_gap_investigation/phase427_kernel_profile/K2.5-tp4ep8dp2-8k2k,decode,,31,decode_only,51,,39.416609,,0.005422,0.000138,,,,,,1.516977,0.595460,0.357492,0.047048,,blocked_prefill_not_captured,0,70,prefill_steps_not_captured,decode_batch_span_too_narrow_for_slope,phase427_trace_decode_only_prefill_recollect_required,recollect_true_mixed_prefill_window_before_runtime_change,recollect_decode_batch_sweep_then_reprofile_prefill,false,false,false,false,false,false,true,No-Go
phase428_perstep_kernel_attrib,step_category,K2.5-tp4ep8dp2-8k2k,docs/iter_gap_investigation/phase427_kernel_profile/K2.5-tp4ep8dp2-8k2k,decode,,31,decode_only,51,dense_gemm,39.416609,4.935248,0.005422,0.000138,,,,,,1.516977,0.595460,0.357492,0.047048,,blocked_prefill_not_captured,0,70,prefill_steps_not_captured,decode_batch_span_too_narrow_for_slope,phase427_trace_decode_only_prefill_recollect_required,recollect_true_mixed_prefill_window_before_runtime_change,recollect_decode_batch_sweep_then_reprofile_prefill,false,false,false,false,false,false,true,No-Go
phase428_perstep_kernel_attrib,step_category,K2.5-tp4ep8dp2-8k2k,docs/iter_gap_investigation/phase427_kernel_profile/K2.5-tp4ep8dp2-8k2k,decode,,31,decode_only,51,ep_a2a,39.416609,7.410232,0.005422,0.000138,,,,,,1.516977,0.595460,0.357492,0.047048,,blocked_prefill_not_captured,0,70,prefill_steps_not_captured,decode_batch_span_too_narrow_for_slope,phase427_trace_decode_only_prefill_recollect_required,recollect_true_mixed_prefill_window_before_runtime_change,recollect_decode_batch_sweep_then_reprofile_prefill,false,false,false,false,false,false,true,No-Go
phase428_perstep_kernel_attrib,step_category,K2.5-tp4ep8dp2-8k2k,docs/iter_gap_investigation/phase427_kernel_profile/K2.5-tp4ep8dp2-8k2k,decode,,31,decode_only,51,memcpy_memset,39.416609,0.170793,0.005422,0.000138,,,,,,1.516977,0.595460,0.357492,0.047048,,blocked_prefill_not_captured,0,70,prefill_steps_not_captured,decode_batch_span_too_narrow_for_slope,phase427_trace_decode_only_prefill_recollect_required,recollect_true_mixed_prefill_window_before_runtime_change,recollect_decode_batch_sweep_then_reprofile_prefill,false,false,false,false,false,false,true,No-Go
phase428_perstep_kernel_attrib,step_category,K2.5-tp4ep8dp2-8k2k,docs/iter_gap_investigation/phase427_kernel_profile/K2.5-tp4ep8dp2-8k2k,decode,,31,decode_only,51,mla_attention,39.416609,12.049595,0.005422,0.000138,,,,,,1.516977,0.595460,0.357492,0.047048,,blocked_prefill_not_captured,0,70,prefill_steps_not_captured,decode_batch_span_too_narrow_for_slope,phase427_trace_decode_only_prefill_recollect_required,recollect_true_mixed_prefill_window_before_runtime_change,recollect_decode_batch_sweep_then_reprofile_prefill,false,false,false,false,false,false,true,No-Go
phase428_perstep_kernel_attrib,step_category,K2.5-tp4ep8dp2-8k2k,docs/iter_gap_investigation/phase427_kernel_profile/K2.5-tp4ep8dp2-8k2k,decode,,31,decode_only,51,moe_gemm_or_aux,39.416609,11.762641,0.005422,0.000138,,,,,,1.516977,0.595460,0.357492,0.047048,,blocked_prefill_not_captured,0,70,prefill_steps_not_captured,decode_batch_span_too_narrow_for_slope,phase427_trace_decode_only_prefill_recollect_required,recollect_true_mixed_prefill_window_before_runtime_change,recollect_decode_batch_sweep_then_reprofile_prefill,false,false,false,false,false,false,true,No-Go
phase428_perstep_kernel_attrib,step_category,K2.5-tp4ep8dp2-8k2k,docs/iter_gap_investigation/phase427_kernel_profile/K2.5-tp4ep8dp2-8k2k,decode,,31,decode_only,51,other_cuda,39.416609,2.300766,0.005422,0.000138,,,,,,1.516977,0.595460,0.357492,0.047048,,blocked_prefill_not_captured,0,70,prefill_steps_not_captured,decode_batch_span_too_narrow_for_slope,phase427_trace_decode_only_prefill_recollect_required,recollect_true_mixed_prefill_window_before_runtime_change,recollect_decode_batch_sweep_then_reprofile_prefill,false,false,false,false,false,false,true,No-Go
phase428_perstep_kernel_attrib,step_category,K2.5-tp4ep8dp2-8k2k,docs/iter_gap_investigation/phase427_kernel_profile/K2.5-tp4ep8dp2-8k2k,decode,,31,decode_only,51,tp_or_dp_allreduce,39.416609,0.816373,0.005422,0.000138,,,,,,1.516977,0.595460,0.357492,0.047048,,blocked_prefill_not_captured,0,70,prefill_steps_not_captured,decode_batch_span_too_narrow_for_slope,phase427_trace_decode_only_prefill_recollect_required,recollect_true_mixed_prefill_window_before_runtime_change,recollect_decode_batch_sweep_then_reprofile_prefill,false,false,false,false,false,false,true,No-Go
phase428_perstep_kernel_attrib,step,K2.5-tp4ep8dp2-8k2k,docs/iter_gap_investigation/phase427_kernel_profile/K2.5-tp4ep8dp2-8k2k,decode,,32,decode_only,51,,39.828740,,0.000000,0.000000,,,,,,1.516977,0.595460,0.357492,0.047048,,blocked_prefill_not_captured,0,70,prefill_steps_not_captured,decode_batch_span_too_narrow_for_slope,phase427_trace_decode_only_prefill_recollect_required,recollect_true_mixed_prefill_window_before_runtime_change,recollect_decode_batch_sweep_then_reprofile_prefill,false,false,false,false,false,false,true,No-Go
phase428_perstep_kernel_attrib,step_category,K2.5-tp4ep8dp2-8k2k,docs/iter_gap_investigation/phase427_kernel_profile/K2.5-tp4ep8dp2-8k2k,decode,,32,decode_only,51,dense_gemm,39.828740,4.988347,0.000000,0.000000,,,,,,1.516977,0.595460,0.357492,0.047048,,blocked_prefill_not_captured,0,70,prefill_steps_not_captured,decode_batch_span_too_narrow_for_slope,phase427_trace_decode_only_prefill_recollect_required,recollect_true_mixed_prefill_window_before_runtime_change,recollect_decode_batch_sweep_then_reprofile_prefill,false,false,false,false,false,false,true,No-Go
phase428_perstep_kernel_attrib,step_category,K2.5-tp4ep8dp2-8k2k,docs/iter_gap_investigation/phase427_kernel_profile/K2.5-tp4ep8dp2-8k2k,decode,,32,decode_only,51,ep_a2a,39.828740,7.464778,0.000000,0.000000,,,,,,1.516977,0.595460,0.357492,0.047048,,blocked_prefill_not_captured,0,70,prefill_steps_not_captured,decode_batch_span_too_narrow_for_slope,phase427_trace_decode_only_prefill_recollect_required,recollect_true_mixed_prefill_window_before_runtime_change,recollect_decode_batch_sweep_then_reprofile_prefill,false,false,false,false,false,false,true,No-Go
phase428_perstep_kernel_attrib,step_category,K2.5-tp4ep8dp2-8k2k,docs/iter_gap_investigation/phase427_kernel_profile/K2.5-tp4ep8dp2-8k2k,decode,,32,decode_only,51,memcpy_memset,39.828740,0.169829,0.000000,0.000000,,,,,,1.516977,0.595460,0.357492,0.047048,,blocked_prefill_not_captured,0,70,prefill_steps_not_captured,decode_batch_span_too_narrow_for_slope,phase427_trace_decode_only_prefill_recollect_required,recollect_true_mixed_prefill_window_before_runtime_change,recollect_decode_batch_sweep_then_reprofile_prefill,false,false,false,false,false,false,true,No-Go
phase428_perstep_kernel_attrib,step_category,K2.5-tp4ep8dp2-8k2k,docs/iter_gap_investigation/phase427_kernel_profile/K2.5-tp4ep8dp2-8k2k,decode,,32,decode_only,51,mla_attention,39.828740,12.254322,0.000000,0.000000,,,,,,1.516977,0.595460,0.357492,0.047048,,blocked_prefill_not_captured,0,70,prefill_steps_not_captured,decode_batch_span_too_narrow_for_slope,phase427_trace_decode_only_prefill_recollect_required,recollect_true_mixed_prefill_window_before_runtime_change,recollect_decode_batch_sweep_then_reprofile_prefill,false,false,false,false,false,false,true,No-Go
phase428_perstep_kernel_attrib,step_category,K2.5-tp4ep8dp2-8k2k,docs/iter_gap_investigation/phase427_kernel_profile/K2.5-tp4ep8dp2-8k2k,decode,,32,decode_only,51,moe_gemm_or_aux,39.828740,11.944550,0.000000,0.000000,,,,,,1.516977,0.595460,0.357492,0.047048,,blocked_prefill_not_captured,0,70,prefill_steps_not_captured,decode_batch_span_too_narrow_for_slope,phase427_trace_decode_only_prefill_recollect_required,recollect_true_mixed_prefill_window_before_runtime_change,recollect_decode_batch_sweep_then_reprofile_prefill,false,false,false,false,false,false,true,No-Go
phase428_perstep_kernel_attrib,step_category,K2.5-tp4ep8dp2-8k2k,docs/iter_gap_investigation/phase427_kernel_profile/K2.5-tp4ep8dp2-8k2k,decode,,32,decode_only,51,other_cuda,39.828740,2.315465,0.000000,0.000000,,,,,,1.516977,0.595460,0.357492,0.047048,,blocked_prefill_not_captured,0,70,prefill_steps_not_captured,decode_batch_span_too_narrow_for_slope,phase427_trace_decode_only_prefill_recollect_required,recollect_true_mixed_prefill_window_before_runtime_change,recollect_decode_batch_sweep_then_reprofile_prefill,false,false,false,false,false,false,true,No-Go
phase428_perstep_kernel_attrib,step_category,K2.5-tp4ep8dp2-8k2k,docs/iter_gap_investigation/phase427_kernel_profile/K2.5-tp4ep8dp2-8k2k,decode,,32,decode_only,51,tp_or_dp_allreduce,39.828740,0.816311,0.000000,0.000000,,,,,,1.516977,0.595460,0.357492,0.047048,,blocked_prefill_not_captured,0,70,prefill_steps_not_captured,decode_batch_span_too_narrow_for_slope,phase427_trace_decode_only_prefill_recollect_required,recollect_true_mixed_prefill_window_before_runtime_change,recollect_decode_batch_sweep_then_reprofile_prefill,false,false,false,false,false,false,true,No-Go
phase428_perstep_kernel_attrib,step,K2.5-tp4ep8dp2-8k2k,docs/iter_gap_investigation/phase427_kernel_profile/K2.5-tp4ep8dp2-8k2k,decode,,33,decode_only,51,,39.970518,,0.000000,0.000000,,,,,,1.516977,0.595460,0.357492,0.047048,,blocked_prefill_not_captured,0,70,prefill_steps_not_captured,decode_batch_span_too_narrow_for_slope,phase427_trace_decode_only_prefill_recollect_required,recollect_true_mixed_prefill_window_before_runtime_change,recollect_decode_batch_sweep_then_reprofile_prefill,false,false,false,false,false,false,true,No-Go
phase428_perstep_kernel_attrib,step_category,K2.5-tp4ep8dp2-8k2k,docs/iter_gap_investigation/phase427_kernel_profile/K2.5-tp4ep8dp2-8k2k,decode,,33,decode_only,51,dense_gemm,39.970518,5.011272,0.000000,0.000000,,,,,,1.516977,0.595460,0.357492,0.047048,,blocked_prefill_not_captured,0,70,prefill_steps_not_captured,decode_batch_span_too_narrow_for_slope,phase427_trace_decode_only_prefill_recollect_required,recollect_true_mixed_prefill_window_before_runtime_change,recollect_decode_batch_sweep_then_reprofile_prefill,false,false,false,false,false,false,true,No-Go
phase428_perstep_kernel_attrib,step_category,K2.5-tp4ep8dp2-8k2k,docs/iter_gap_investigation/phase427_kernel_profile/K2.5-tp4ep8dp2-8k2k,decode,,33,decode_only,51,ep_a2a,39.970518,7.513340,0.000000,0.000000,,,,,,1.516977,0.595460,0.357492,0.047048,,blocked_prefill_not_captured,0,70,prefill_steps_not_captured,decode_batch_span_too_narrow_for_slope,phase427_trace_decode_only_prefill_recollect_required,recollect_true_mixed_prefill_window_before_runtime_change,recollect_decode_batch_sweep_then_reprofile_prefill,false,false,false,false,false,false,true,No-Go
phase428_perstep_kernel_attrib,step_category,K2.5-tp4ep8dp2-8k2k,docs/iter_gap_investigation/phase427_kernel_profile/K2.5-tp4ep8dp2-8k2k,decode,,33,decode_only,51,memcpy_memset,39.970518,0.170517,0.000000,0.000000,,,,,,1.516977,0.595460,0.357492,0.047048,,blocked_prefill_not_captured,0,70,prefill_steps_not_captured,decode_batch_span_too_narrow_for_slope,phase427_trace_decode_only_prefill_recollect_required,recollect_true_mixed_prefill_window_before_runtime_change,recollect_decode_batch_sweep_then_reprofile_prefill,false,false,false,false,false,false,true,No-Go
phase428_perstep_kernel_attrib,step_category,K2.5-tp4ep8dp2-8k2k,docs/iter_gap_investigation/phase427_kernel_profile/K2.5-tp4ep8dp2-8k2k,decode,,33,decode_only,51,mla_attention,39.970518,12.259537,0.000000,0.000000,,,,,,1.516977,0.595460,0.357492,0.047048,,blocked_prefill_not_captured,0,70,prefill_steps_not_captured,decode_batch_span_too_narrow_for_slope,phase427_trace_decode_only_prefill_recollect_required,recollect_true_mixed_prefill_window_before_runtime_change,recollect_decode_batch_sweep_then_reprofile_prefill,false,false,false,false,false,false,true,No-Go
phase428_perstep_kernel_attrib,step_category,K2.5-tp4ep8dp2-8k2k,docs/iter_gap_investigation/phase427_kernel_profile/K2.5-tp4ep8dp2-8k2k,decode,,33,decode_only,51,moe_gemm_or_aux,39.970518,11.950985,0.000000,0.000000,,,,,,1.516977,0.595460,0.357492,0.047048,,blocked_prefill_not_captured,0,70,prefill_steps_not_captured,decode_batch_span_too_narrow_for_slope,phase427_trace_decode_only_prefill_recollect_required,recollect_true_mixed_prefill_window_before_runtime_change,recollect_decode_batch_sweep_then_reprofile_prefill,false,false,false,false,false,false,true,No-Go
phase428_perstep_kernel_attrib,step_category,K2.5-tp4ep8dp2-8k2k,docs/iter_gap_investigation/phase427_kernel_profile/K2.5-tp4ep8dp2-8k2k,decode,,33,decode_only,51,other_cuda,39.970518,2.318541,0.000000,0.000000,,,,,,1.516977,0.595460,0.357492,0.047048,,blocked_prefill_not_captured,0,70,prefill_steps_not_captured,decode_batch_span_too_narrow_for_slope,phase427_trace_decode_only_prefill_recollect_required,recollect_true_mixed_prefill_window_before_runtime_change,recollect_decode_batch_sweep_then_reprofile_prefill,false,false,false,false,false,false,true,No-Go
phase428_perstep_kernel_attrib,step_category,K2.5-tp4ep8dp2-8k2k,docs/iter_gap_investigation/phase427_kernel_profile/K2.5-tp4ep8dp2-8k2k,decode,,33,decode_only,51,tp_or_dp_allreduce,39.970518,0.827658,0.000000,0.000000,,,,,,1.516977,0.595460,0.357492,0.047048,,blocked_prefill_not_captured,0,70,prefill_steps_not_captured,decode_batch_span_too_narrow_for_slope,phase427_trace_decode_only_prefill_recollect_required,recollect_true_mixed_prefill_window_before_runtime_change,recollect_decode_batch_sweep_then_reprofile_prefill,false,false,false,false,false,false,true,No-Go
phase428_perstep_kernel_attrib,step,K2.5-tp4ep8dp2-8k2k,docs/iter_gap_investigation/phase427_kernel_profile/K2.5-tp4ep8dp2-8k2k,decode,,34,decode_only,51,,39.846942,,0.000000,0.000000,,,,,,1.516977,0.595460,0.357492,0.047048,,blocked_prefill_not_captured,0,70,prefill_steps_not_captured,decode_batch_span_too_narrow_for_slope,phase427_trace_decode_only_prefill_recollect_required,recollect_true_mixed_prefill_window_before_runtime_change,recollect_decode_batch_sweep_then_reprofile_prefill,false,false,false,false,false,false,true,No-Go
phase428_perstep_kernel_attrib,step_category,K2.5-tp4ep8dp2-8k2k,docs/iter_gap_investigation/phase427_kernel_profile/K2.5-tp4ep8dp2-8k2k,decode,,34,decode_only,51,dense_gemm,39.846942,4.991207,0.000000,0.000000,,,,,,1.516977,0.595460,0.357492,0.047048,,blocked_prefill_not_captured,0,70,prefill_steps_not_captured,decode_batch_span_too_narrow_for_slope,phase427_trace_decode_only_prefill_recollect_required,recollect_true_mixed_prefill_window_before_runtime_change,recollect_decode_batch_sweep_then_reprofile_prefill,false,false,false,false,false,false,true,No-Go
phase428_perstep_kernel_attrib,step_category,K2.5-tp4ep8dp2-8k2k,docs/iter_gap_investigation/phase427_kernel_profile/K2.5-tp4ep8dp2-8k2k,decode,,34,decode_only,51,ep_a2a,39.846942,7.421740,0.000000,0.000000,,,,,,1.516977,0.595460,0.357492,0.047048,,blocked_prefill_not_captured,0,70,prefill_steps_not_captured,decode_batch_span_too_narrow_for_slope,phase427_trace_decode_only_prefill_recollect_required,recollect_true_mixed_prefill_window_before_runtime_change,recollect_decode_batch_sweep_then_reprofile_prefill,false,false,false,false,false,false,true,No-Go
phase428_perstep_kernel_attrib,step_category,K2.5-tp4ep8dp2-8k2k,docs/iter_gap_investigation/phase427_kernel_profile/K2.5-tp4ep8dp2-8k2k,decode,,34,decode_only,51,memcpy_memset,39.846942,0.168684,0.000000,0.000000,,,,,,1.516977,0.595460,0.357492,0.047048,,blocked_prefill_not_captured,0,70,prefill_steps_not_captured,decode_batch_span_too_narrow_for_slope,phase427_trace_decode_only_prefill_recollect_required,recollect_true_mixed_prefill_window_before_runtime_change,recollect_decode_batch_sweep_then_reprofile_prefill,false,false,false,false,false,false,true,No-Go
phase428_perstep_kernel_attrib,step_category,K2.5-tp4ep8dp2-8k2k,docs/iter_gap_investigation/phase427_kernel_profile/K2.5-tp4ep8dp2-8k2k,decode,,34,decode_only,51,mla_attention,39.846942,12.254896,0.000000,0.000000,,,,,,1.516977,0.595460,0.357492,0.047048,,blocked_prefill_not_captured,0,70,prefill_steps_not_captured,decode_batch_span_too_narrow_for_slope,phase427_trace_decode_only_prefill_recollect_required,recollect_true_mixed_prefill_window_before_runtime_change,recollect_decode_batch_sweep_then_reprofile_prefill,false,false,false,false,false,false,true,No-Go
phase428_perstep_kernel_attrib,step_category,K2.5-tp4ep8dp2-8k2k,docs/iter_gap_investigation/phase427_kernel_profile/K2.5-tp4ep8dp2-8k2k,decode,,34,decode_only,51,moe_gemm_or_aux,39.846942,11.959951,0.000000,0.000000,,,,,,1.516977,0.595460,0.357492,0.047048,,blocked_prefill_not_captured,0,70,prefill_steps_not_captured,decode_batch_span_too_narrow_for_slope,phase427_trace_decode_only_prefill_recollect_required,recollect_true_mixed_prefill_window_before_runtime_change,recollect_decode_batch_sweep_then_reprofile_prefill,false,false,false,false,false,false,true,No-Go
phase428_perstep_kernel_attrib,step_category,K2.5-tp4ep8dp2-8k2k,docs/iter_gap_investigation/phase427_kernel_profile/K2.5-tp4ep8dp2-8k2k,decode,,34,decode_only,51,other_cuda,39.846942,2.314437,0.000000,0.000000,,,,,,1.516977,0.595460,0.357492,0.047048,,blocked_prefill_not_captured,0,70,prefill_steps_not_captured,decode_batch_span_too_narrow_for_slope,phase427_trace_decode_only_prefill_recollect_required,recollect_true_mixed_prefill_window_before_runtime_change,recollect_decode_batch_sweep_then_reprofile_prefill,false,false,false,false,false,false,true,No-Go
phase428_perstep_kernel_attrib,step_category,K2.5-tp4ep8dp2-8k2k,docs/iter_gap_investigation/phase427_kernel_profile/K2.5-tp4ep8dp2-8k2k,decode,,34,decode_only,51,tp_or_dp_allreduce,39.846942,0.831269,0.000000,0.000000,,,,,,1.516977,0.595460,0.357492,0.047048,,blocked_prefill_not_captured,0,70,prefill_steps_not_captured,decode_batch_span_too_narrow_for_slope,phase427_trace_decode_only_prefill_recollect_required,recollect_true_mixed_prefill_window_before_runtime_change,recollect_decode_batch_sweep_then_reprofile_prefill,false,false,false,false,false,false,true,No-Go
phase428_perstep_kernel_attrib,step,K2.5-tp4ep8dp2-8k2k,docs/iter_gap_investigation/phase427_kernel_profile/K2.5-tp4ep8dp2-8k2k,mixed,,0,decode_only,56,,30.351525,,0.000000,0.000000,,,,,,1.516977,0.595460,0.357492,0.047048,,blocked_prefill_not_captured,0,70,prefill_steps_not_captured,decode_batch_span_too_narrow_for_slope,phase427_trace_decode_only_prefill_recollect_required,recollect_true_mixed_prefill_window_before_runtime_change,recollect_decode_batch_sweep_then_reprofile_prefill,false,false,false,false,false,false,true,No-Go
phase428_perstep_kernel_attrib,step_category,K2.5-tp4ep8dp2-8k2k,docs/iter_gap_investigation/phase427_kernel_profile/K2.5-tp4ep8dp2-8k2k,mixed,,0,decode_only,56,dense_gemm,30.351525,4.407730,0.000000,0.000000,,,,,,1.516977,0.595460,0.357492,0.047048,,blocked_prefill_not_captured,0,70,prefill_steps_not_captured,decode_batch_span_too_narrow_for_slope,phase427_trace_decode_only_prefill_recollect_required,recollect_true_mixed_prefill_window_before_runtime_change,recollect_decode_batch_sweep_then_reprofile_prefill,false,false,false,false,false,false,true,No-Go
phase428_perstep_kernel_attrib,step_category,K2.5-tp4ep8dp2-8k2k,docs/iter_gap_investigation/phase427_kernel_profile/K2.5-tp4ep8dp2-8k2k,mixed,,0,decode_only,56,ep_a2a,30.351525,6.320624,0.000000,0.000000,,,,,,1.516977,0.595460,0.357492,0.047048,,blocked_prefill_not_captured,0,70,prefill_steps_not_captured,decode_batch_span_too_narrow_for_slope,phase427_trace_decode_only_prefill_recollect_required,recollect_true_mixed_prefill_window_before_runtime_change,recollect_decode_batch_sweep_then_reprofile_prefill,false,false,false,false,false,false,true,No-Go
phase428_perstep_kernel_attrib,step_category,K2.5-tp4ep8dp2-8k2k,docs/iter_gap_investigation/phase427_kernel_profile/K2.5-tp4ep8dp2-8k2k,mixed,,0,decode_only,56,memcpy_memset,30.351525,0.162540,0.000000,0.000000,,,,,,1.516977,0.595460,0.357492,0.047048,,blocked_prefill_not_captured,0,70,prefill_steps_not_captured,decode_batch_span_too_narrow_for_slope,phase427_trace_decode_only_prefill_recollect_required,recollect_true_mixed_prefill_window_before_runtime_change,recollect_decode_batch_sweep_then_reprofile_prefill,false,false,false,false,false,false,true,No-Go
phase428_perstep_kernel_attrib,step_category,K2.5-tp4ep8dp2-8k2k,docs/iter_gap_investigation/phase427_kernel_profile/K2.5-tp4ep8dp2-8k2k,mixed,,0,decode_only,56,mla_attention,30.351525,10.139088,0.000000,0.000000,,,,,,1.516977,0.595460,0.357492,0.047048,,blocked_prefill_not_captured,0,70,prefill_steps_not_captured,decode_batch_span_too_narrow_for_slope,phase427_trace_decode_only_prefill_recollect_required,recollect_true_mixed_prefill_window_before_runtime_change,recollect_decode_batch_sweep_then_reprofile_prefill,false,false,false,false,false,false,true,No-Go
phase428_perstep_kernel_attrib,step_category,K2.5-tp4ep8dp2-8k2k,docs/iter_gap_investigation/phase427_kernel_profile/K2.5-tp4ep8dp2-8k2k,mixed,,0,decode_only,56,moe_gemm_or_aux,30.351525,6.674892,0.000000,0.000000,,,,,,1.516977,0.595460,0.357492,0.047048,,blocked_prefill_not_captured,0,70,prefill_steps_not_captured,decode_batch_span_too_narrow_for_slope,phase427_trace_decode_only_prefill_recollect_required,recollect_true_mixed_prefill_window_before_runtime_change,recollect_decode_batch_sweep_then_reprofile_prefill,false,false,false,false,false,false,true,No-Go
phase428_perstep_kernel_attrib,step_category,K2.5-tp4ep8dp2-8k2k,docs/iter_gap_investigation/phase427_kernel_profile/K2.5-tp4ep8dp2-8k2k,mixed,,0,decode_only,56,other_cuda,30.351525,2.040404,0.000000,0.000000,,,,,,1.516977,0.595460,0.357492,0.047048,,blocked_prefill_not_captured,0,70,prefill_steps_not_captured,decode_batch_span_too_narrow_for_slope,phase427_trace_decode_only_prefill_recollect_required,recollect_true_mixed_prefill_window_before_runtime_change,recollect_decode_batch_sweep_then_reprofile_prefill,false,false,false,false,false,false,true,No-Go
phase428_perstep_kernel_attrib,step_category,K2.5-tp4ep8dp2-8k2k,docs/iter_gap_investigation/phase427_kernel_profile/K2.5-tp4ep8dp2-8k2k,mixed,,0,decode_only,56,tp_or_dp_allreduce,30.351525,0.726690,0.000000,0.000000,,,,,,1.516977,0.595460,0.357492,0.047048,,blocked_prefill_not_captured,0,70,prefill_steps_not_captured,decode_batch_span_too_narrow_for_slope,phase427_trace_decode_only_prefill_recollect_required,recollect_true_mixed_prefill_window_before_runtime_change,recollect_decode_batch_sweep_then_reprofile_prefill,false,false,false,false,false,false,true,No-Go
phase428_perstep_kernel_attrib,step,K2.5-tp4ep8dp2-8k2k,docs/iter_gap_investigation/phase427_kernel_profile/K2.5-tp4ep8dp2-8k2k,mixed,,1,decode_only,56,,34.346414,,0.005566,0.000162,,,,,,1.516977,0.595460,0.357492,0.047048,,blocked_prefill_not_captured,0,70,prefill_steps_not_captured,decode_batch_span_too_narrow_for_slope,phase427_trace_decode_only_prefill_recollect_required,recollect_true_mixed_prefill_window_before_runtime_change,recollect_decode_batch_sweep_then_reprofile_prefill,false,false,false,false,false,false,true,No-Go
phase428_perstep_kernel_attrib,step_category,K2.5-tp4ep8dp2-8k2k,docs/iter_gap_investigation/phase427_kernel_profile/K2.5-tp4ep8dp2-8k2k,mixed,,1,decode_only,56,dense_gemm,34.346414,5.005028,0.005566,0.000162,,,,,,1.516977,0.595460,0.357492,0.047048,,blocked_prefill_not_captured,0,70,prefill_steps_not_captured,decode_batch_span_too_narrow_for_slope,phase427_trace_decode_only_prefill_recollect_required,recollect_true_mixed_prefill_window_before_runtime_change,recollect_decode_batch_sweep_then_reprofile_prefill,false,false,false,false,false,false,true,No-Go
phase428_perstep_kernel_attrib,step_category,K2.5-tp4ep8dp2-8k2k,docs/iter_gap_investigation/phase427_kernel_profile/K2.5-tp4ep8dp2-8k2k,mixed,,1,decode_only,56,ep_a2a,34.346414,7.499938,0.005566,0.000162,,,,,,1.516977,0.595460,0.357492,0.047048,,blocked_prefill_not_captured,0,70,prefill_steps_not_captured,decode_batch_span_too_narrow_for_slope,phase427_trace_decode_only_prefill_recollect_required,recollect_true_mixed_prefill_window_before_runtime_change,recollect_decode_batch_sweep_then_reprofile_prefill,false,false,false,false,false,false,true,No-Go
phase428_perstep_kernel_attrib,step_category,K2.5-tp4ep8dp2-8k2k,docs/iter_gap_investigation/phase427_kernel_profile/K2.5-tp4ep8dp2-8k2k,mixed,,1,decode_only,56,memcpy_memset,34.346414,0.160384,0.005566,0.000162,,,,,,1.516977,0.595460,0.357492,0.047048,,blocked_prefill_not_captured,0,70,prefill_steps_not_captured,decode_batch_span_too_narrow_for_slope,phase427_trace_decode_only_prefill_recollect_required,recollect_true_mixed_prefill_window_before_runtime_change,recollect_decode_batch_sweep_then_reprofile_prefill,false,false,false,false,false,false,true,No-Go
phase428_perstep_kernel_attrib,step_category,K2.5-tp4ep8dp2-8k2k,docs/iter_gap_investigation/phase427_kernel_profile/K2.5-tp4ep8dp2-8k2k,mixed,,1,decode_only,56,mla_attention,34.346414,11.281026,0.005566,0.000162,,,,,,1.516977,0.595460,0.357492,0.047048,,blocked_prefill_not_captured,0,70,prefill_steps_not_captured,decode_batch_span_too_narrow_for_slope,phase427_trace_decode_only_prefill_recollect_required,recollect_true_mixed_prefill_window_before_runtime_change,recollect_decode_batch_sweep_then_reprofile_prefill,false,false,false,false,false,false,true,No-Go
phase428_perstep_kernel_attrib,step_category,K2.5-tp4ep8dp2-8k2k,docs/iter_gap_investigation/phase427_kernel_profile/K2.5-tp4ep8dp2-8k2k,mixed,,1,decode_only,56,moe_gemm_or_aux,34.346414,7.311898,0.005566,0.000162,,,,,,1.516977,0.595460,0.357492,0.047048,,blocked_prefill_not_captured,0,70,prefill_steps_not_captured,decode_batch_span_too_narrow_for_slope,phase427_trace_decode_only_prefill_recollect_required,recollect_true_mixed_prefill_window_before_runtime_change,recollect_decode_batch_sweep_then_reprofile_prefill,false,false,false,false,false,false,true,No-Go
phase428_perstep_kernel_attrib,step_category,K2.5-tp4ep8dp2-8k2k,docs/iter_gap_investigation/phase427_kernel_profile/K2.5-tp4ep8dp2-8k2k,mixed,,1,decode_only,56,other_cuda,34.346414,2.305117,0.005566,0.000162,,,,,,1.516977,0.595460,0.357492,0.047048,,blocked_prefill_not_captured,0,70,prefill_steps_not_captured,decode_batch_span_too_narrow_for_slope,phase427_trace_decode_only_prefill_recollect_required,recollect_true_mixed_prefill_window_before_runtime_change,recollect_decode_batch_sweep_then_reprofile_prefill,false,false,false,false,false,false,true,No-Go
phase428_perstep_kernel_attrib,step_category,K2.5-tp4ep8dp2-8k2k,docs/iter_gap_investigation/phase427_kernel_profile/K2.5-tp4ep8dp2-8k2k,mixed,,1,decode_only,56,tp_or_dp_allreduce,34.346414,0.823431,0.005566,0.000162,,,,,,1.516977,0.595460,0.357492,0.047048,,blocked_prefill_not_captured,0,70,prefill_steps_not_captured,decode_batch_span_too_narrow_for_slope,phase427_trace_decode_only_prefill_recollect_required,recollect_true_mixed_prefill_window_before_runtime_change,recollect_decode_batch_sweep_then_reprofile_prefill,false,false,false,false,false,false,true,No-Go
phase428_perstep_kernel_attrib,step,K2.5-tp4ep8dp2-8k2k,docs/iter_gap_investigation/phase427_kernel_profile/K2.5-tp4ep8dp2-8k2k,mixed,,2,decode_only,56,,34.040909,,0.040732,0.001197,,,,,,1.516977,0.595460,0.357492,0.047048,,blocked_prefill_not_captured,0,70,prefill_steps_not_captured,decode_batch_span_too_narrow_for_slope,phase427_trace_decode_only_prefill_recollect_required,recollect_true_mixed_prefill_window_before_runtime_change,recollect_decode_batch_sweep_then_reprofile_prefill,false,false,false,false,false,false,true,No-Go
phase428_perstep_kernel_attrib,step_category,K2.5-tp4ep8dp2-8k2k,docs/iter_gap_investigation/phase427_kernel_profile/K2.5-tp4ep8dp2-8k2k,mixed,,2,decode_only,56,dense_gemm,34.040909,5.011888,0.040732,0.001197,,,,,,1.516977,0.595460,0.357492,0.047048,,blocked_prefill_not_captured,0,70,prefill_steps_not_captured,decode_batch_span_too_narrow_for_slope,phase427_trace_decode_only_prefill_recollect_required,recollect_true_mixed_prefill_window_before_runtime_change,recollect_decode_batch_sweep_then_reprofile_prefill,false,false,false,false,false,false,true,No-Go
phase428_perstep_kernel_attrib,step_category,K2.5-tp4ep8dp2-8k2k,docs/iter_gap_investigation/phase427_kernel_profile/K2.5-tp4ep8dp2-8k2k,mixed,,2,decode_only,56,ep_a2a,34.040909,7.365561,0.040732,0.001197,,,,,,1.516977,0.595460,0.357492,0.047048,,blocked_prefill_not_captured,0,70,prefill_steps_not_captured,decode_batch_span_too_narrow_for_slope,phase427_trace_decode_only_prefill_recollect_required,recollect_true_mixed_prefill_window_before_runtime_change,recollect_decode_batch_sweep_then_reprofile_prefill,false,false,false,false,false,false,true,No-Go
phase428_perstep_kernel_attrib,step_category,K2.5-tp4ep8dp2-8k2k,docs/iter_gap_investigation/phase427_kernel_profile/K2.5-tp4ep8dp2-8k2k,mixed,,2,decode_only,56,memcpy_memset,34.040909,0.160424,0.040732,0.001197,,,,,,1.516977,0.595460,0.357492,0.047048,,blocked_prefill_not_captured,0,70,prefill_steps_not_captured,decode_batch_span_too_narrow_for_slope,phase427_trace_decode_only_prefill_recollect_required,recollect_true_mixed_prefill_window_before_runtime_change,recollect_decode_batch_sweep_then_reprofile_prefill,false,false,false,false,false,false,true,No-Go
phase428_perstep_kernel_attrib,step_category,K2.5-tp4ep8dp2-8k2k,docs/iter_gap_investigation/phase427_kernel_profile/K2.5-tp4ep8dp2-8k2k,mixed,,2,decode_only,56,mla_attention,34.040909,11.359816,0.040732,0.001197,,,,,,1.516977,0.595460,0.357492,0.047048,,blocked_prefill_not_captured,0,70,prefill_steps_not_captured,decode_batch_span_too_narrow_for_slope,phase427_trace_decode_only_prefill_recollect_required,recollect_true_mixed_prefill_window_before_runtime_change,recollect_decode_batch_sweep_then_reprofile_prefill,false,false,false,false,false,false,true,No-Go
phase428_perstep_kernel_attrib,step_category,K2.5-tp4ep8dp2-8k2k,docs/iter_gap_investigation/phase427_kernel_profile/K2.5-tp4ep8dp2-8k2k,mixed,,2,decode_only,56,moe_gemm_or_aux,34.040909,7.046269,0.040732,0.001197,,,,,,1.516977,0.595460,0.357492,0.047048,,blocked_prefill_not_captured,0,70,prefill_steps_not_captured,decode_batch_span_too_narrow_for_slope,phase427_trace_decode_only_prefill_recollect_required,recollect_true_mixed_prefill_window_before_runtime_change,recollect_decode_batch_sweep_then_reprofile_prefill,false,false,false,false,false,false,true,No-Go
phase428_perstep_kernel_attrib,step_category,K2.5-tp4ep8dp2-8k2k,docs/iter_gap_investigation/phase427_kernel_profile/K2.5-tp4ep8dp2-8k2k,mixed,,2,decode_only,56,other_cuda,34.040909,2.306828,0.040732,0.001197,,,,,,1.516977,0.595460,0.357492,0.047048,,blocked_prefill_not_captured,0,70,prefill_steps_not_captured,decode_batch_span_too_narrow_for_slope,phase427_trace_decode_only_prefill_recollect_required,recollect_true_mixed_prefill_window_before_runtime_change,recollect_decode_batch_sweep_then_reprofile_prefill,false,false,false,false,false,false,true,No-Go
phase428_perstep_kernel_attrib,step_category,K2.5-tp4ep8dp2-8k2k,docs/iter_gap_investigation/phase427_kernel_profile/K2.5-tp4ep8dp2-8k2k,mixed,,2,decode_only,56,tp_or_dp_allreduce,34.040909,0.835656,0.040732,0.001197,,,,,,1.516977,0.595460,0.357492,0.047048,,blocked_prefill_not_captured,0,70,prefill_steps_not_captured,decode_batch_span_too_narrow_for_slope,phase427_trace_decode_only_prefill_recollect_required,recollect_true_mixed_prefill_window_before_runtime_change,recollect_decode_batch_sweep_then_reprofile_prefill,false,false,false,false,false,false,true,No-Go
phase428_perstep_kernel_attrib,step,K2.5-tp4ep8dp2-8k2k,docs/iter_gap_investigation/phase427_kernel_profile/K2.5-tp4ep8dp2-8k2k,mixed,,3,decode_only,56,,34.469957,,0.016216,0.000470,,,,,,1.516977,0.595460,0.357492,0.047048,,blocked_prefill_not_captured,0,70,prefill_steps_not_captured,decode_batch_span_too_narrow_for_slope,phase427_trace_decode_only_prefill_recollect_required,recollect_true_mixed_prefill_window_before_runtime_change,recollect_decode_batch_sweep_then_reprofile_prefill,false,false,false,false,false,false,true,No-Go
phase428_perstep_kernel_attrib,step_category,K2.5-tp4ep8dp2-8k2k,docs/iter_gap_investigation/phase427_kernel_profile/K2.5-tp4ep8dp2-8k2k,mixed,,3,decode_only,56,dense_gemm,34.469957,5.005498,0.016216,0.000470,,,,,,1.516977,0.595460,0.357492,0.047048,,blocked_prefill_not_captured,0,70,prefill_steps_not_captured,decode_batch_span_too_narrow_for_slope,phase427_trace_decode_only_prefill_recollect_required,recollect_true_mixed_prefill_window_before_runtime_change,recollect_decode_batch_sweep_then_reprofile_prefill,false,false,false,false,false,false,true,No-Go
phase428_perstep_kernel_attrib,step_category,K2.5-tp4ep8dp2-8k2k,docs/iter_gap_investigation/phase427_kernel_profile/K2.5-tp4ep8dp2-8k2k,mixed,,3,decode_only,56,ep_a2a,34.469957,7.409305,0.016216,0.000470,,,,,,1.516977,0.595460,0.357492,0.047048,,blocked_prefill_not_captured,0,70,prefill_steps_not_captured,decode_batch_span_too_narrow_for_slope,phase427_trace_decode_only_prefill_recollect_required,recollect_true_mixed_prefill_window_before_runtime_change,recollect_decode_batch_sweep_then_reprofile_prefill,false,false,false,false,false,false,true,No-Go
phase428_perstep_kernel_attrib,step_category,K2.5-tp4ep8dp2-8k2k,docs/iter_gap_investigation/phase427_kernel_profile/K2.5-tp4ep8dp2-8k2k,mixed,,3,decode_only,56,memcpy_memset,34.469957,0.159836,0.016216,0.000470,,,,,,1.516977,0.595460,0.357492,0.047048,,blocked_prefill_not_captured,0,70,prefill_steps_not_captured,decode_batch_span_too_narrow_for_slope,phase427_trace_decode_only_prefill_recollect_required,recollect_true_mixed_prefill_window_before_runtime_change,recollect_decode_batch_sweep_then_reprofile_prefill,false,false,false,false,false,false,true,No-Go
phase428_perstep_kernel_attrib,step_category,K2.5-tp4ep8dp2-8k2k,docs/iter_gap_investigation/phase427_kernel_profile/K2.5-tp4ep8dp2-8k2k,mixed,,3,decode_only,56,mla_attention,34.469957,11.426458,0.016216,0.000470,,,,,,1.516977,0.595460,0.357492,0.047048,,blocked_prefill_not_captured,0,70,prefill_steps_not_captured,decode_batch_span_too_narrow_for_slope,phase427_trace_decode_only_prefill_recollect_required,recollect_true_mixed_prefill_window_before_runtime_change,recollect_decode_batch_sweep_then_reprofile_prefill,false,false,false,false,false,false,true,No-Go
phase428_perstep_kernel_attrib,step_category,K2.5-tp4ep8dp2-8k2k,docs/iter_gap_investigation/phase427_kernel_profile/K2.5-tp4ep8dp2-8k2k,mixed,,3,decode_only,56,moe_gemm_or_aux,34.469957,7.459518,0.016216,0.000470,,,,,,1.516977,0.595460,0.357492,0.047048,,blocked_prefill_not_captured,0,70,prefill_steps_not_captured,decode_batch_span_too_narrow_for_slope,phase427_trace_decode_only_prefill_recollect_required,recollect_true_mixed_prefill_window_before_runtime_change,recollect_decode_batch_sweep_then_reprofile_prefill,false,false,false,false,false,false,true,No-Go
phase428_perstep_kernel_attrib,step_category,K2.5-tp4ep8dp2-8k2k,docs/iter_gap_investigation/phase427_kernel_profile/K2.5-tp4ep8dp2-8k2k,mixed,,3,decode_only,56,other_cuda,34.469957,2.308915,0.016216,0.000470,,,,,,1.516977,0.595460,0.357492,0.047048,,blocked_prefill_not_captured,0,70,prefill_steps_not_captured,decode_batch_span_too_narrow_for_slope,phase427_trace_decode_only_prefill_recollect_required,recollect_true_mixed_prefill_window_before_runtime_change,recollect_decode_batch_sweep_then_reprofile_prefill,false,false,false,false,false,false,true,No-Go
phase428_perstep_kernel_attrib,step_category,K2.5-tp4ep8dp2-8k2k,docs/iter_gap_investigation/phase427_kernel_profile/K2.5-tp4ep8dp2-8k2k,mixed,,3,decode_only,56,tp_or_dp_allreduce,34.469957,0.830015,0.016216,0.000470,,,,,,1.516977,0.595460,0.357492,0.047048,,blocked_prefill_not_captured,0,70,prefill_steps_not_captured,decode_batch_span_too_narrow_for_slope,phase427_trace_decode_only_prefill_recollect_required,recollect_true_mixed_prefill_window_before_runtime_change,recollect_decode_batch_sweep_then_reprofile_prefill,false,false,false,false,false,false,true,No-Go
phase428_perstep_kernel_attrib,step,K2.5-tp4ep8dp2-8k2k,docs/iter_gap_investigation/phase427_kernel_profile/K2.5-tp4ep8dp2-8k2k,mixed,,4,decode_only,56,,34.116365,,0.000000,0.000000,,,,,,1.516977,0.595460,0.357492,0.047048,,blocked_prefill_not_captured,0,70,prefill_steps_not_captured,decode_batch_span_too_narrow_for_slope,phase427_trace_decode_only_prefill_recollect_required,recollect_true_mixed_prefill_window_before_runtime_change,recollect_decode_batch_sweep_then_reprofile_prefill,false,false,false,false,false,false,true,No-Go
phase428_perstep_kernel_attrib,step_category,K2.5-tp4ep8dp2-8k2k,docs/iter_gap_investigation/phase427_kernel_profile/K2.5-tp4ep8dp2-8k2k,mixed,,4,decode_only,56,dense_gemm,34.116365,5.012921,0.000000,0.000000,,,,,,1.516977,0.595460,0.357492,0.047048,,blocked_prefill_not_captured,0,70,prefill_steps_not_captured,decode_batch_span_too_narrow_for_slope,phase427_trace_decode_only_prefill_recollect_required,recollect_true_mixed_prefill_window_before_runtime_change,recollect_decode_batch_sweep_then_reprofile_prefill,false,false,false,false,false,false,true,No-Go
phase428_perstep_kernel_attrib,step_category,K2.5-tp4ep8dp2-8k2k,docs/iter_gap_investigation/phase427_kernel_profile/K2.5-tp4ep8dp2-8k2k,mixed,,4,decode_only,56,ep_a2a,34.116365,7.189201,0.000000,0.000000,,,,,,1.516977,0.595460,0.357492,0.047048,,blocked_prefill_not_captured,0,70,prefill_steps_not_captured,decode_batch_span_too_narrow_for_slope,phase427_trace_decode_only_prefill_recollect_required,recollect_true_mixed_prefill_window_before_runtime_change,recollect_decode_batch_sweep_then_reprofile_prefill,false,false,false,false,false,false,true,No-Go
phase428_perstep_kernel_attrib,step_category,K2.5-tp4ep8dp2-8k2k,docs/iter_gap_investigation/phase427_kernel_profile/K2.5-tp4ep8dp2-8k2k,mixed,,4,decode_only,56,memcpy_memset,34.116365,0.163837,0.000000,0.000000,,,,,,1.516977,0.595460,0.357492,0.047048,,blocked_prefill_not_captured,0,70,prefill_steps_not_captured,decode_batch_span_too_narrow_for_slope,phase427_trace_decode_only_prefill_recollect_required,recollect_true_mixed_prefill_window_before_runtime_change,recollect_decode_batch_sweep_then_reprofile_prefill,false,false,false,false,false,false,true,No-Go
phase428_perstep_kernel_attrib,step_category,K2.5-tp4ep8dp2-8k2k,docs/iter_gap_investigation/phase427_kernel_profile/K2.5-tp4ep8dp2-8k2k,mixed,,4,decode_only,56,mla_attention,34.116365,11.486006,0.000000,0.000000,,,,,,1.516977,0.595460,0.357492,0.047048,,blocked_prefill_not_captured,0,70,prefill_steps_not_captured,decode_batch_span_too_narrow_for_slope,phase427_trace_decode_only_prefill_recollect_required,recollect_true_mixed_prefill_window_before_runtime_change,recollect_decode_batch_sweep_then_reprofile_prefill,false,false,false,false,false,false,true,No-Go
phase428_perstep_kernel_attrib,step_category,K2.5-tp4ep8dp2-8k2k,docs/iter_gap_investigation/phase427_kernel_profile/K2.5-tp4ep8dp2-8k2k,mixed,,4,decode_only,56,moe_gemm_or_aux,34.116365,7.249931,0.000000,0.000000,,,,,,1.516977,0.595460,0.357492,0.047048,,blocked_prefill_not_captured,0,70,prefill_steps_not_captured,decode_batch_span_too_narrow_for_slope,phase427_trace_decode_only_prefill_recollect_required,recollect_true_mixed_prefill_window_before_runtime_change,recollect_decode_batch_sweep_then_reprofile_prefill,false,false,false,false,false,false,true,No-Go
phase428_perstep_kernel_attrib,step_category,K2.5-tp4ep8dp2-8k2k,docs/iter_gap_investigation/phase427_kernel_profile/K2.5-tp4ep8dp2-8k2k,mixed,,4,decode_only,56,other_cuda,34.116365,2.310782,0.000000,0.000000,,,,,,1.516977,0.595460,0.357492,0.047048,,blocked_prefill_not_captured,0,70,prefill_steps_not_captured,decode_batch_span_too_narrow_for_slope,phase427_trace_decode_only_prefill_recollect_required,recollect_true_mixed_prefill_window_before_runtime_change,recollect_decode_batch_sweep_then_reprofile_prefill,false,false,false,false,false,false,true,No-Go
phase428_perstep_kernel_attrib,step_category,K2.5-tp4ep8dp2-8k2k,docs/iter_gap_investigation/phase427_kernel_profile/K2.5-tp4ep8dp2-8k2k,mixed,,4,decode_only,56,tp_or_dp_allreduce,34.116365,0.820586,0.000000,0.000000,,,,,,1.516977,0.595460,0.357492,0.047048,,blocked_prefill_not_captured,0,70,prefill_steps_not_captured,decode_batch_span_too_narrow_for_slope,phase427_trace_decode_only_prefill_recollect_required,recollect_true_mixed_prefill_window_before_runtime_change,recollect_decode_batch_sweep_then_reprofile_prefill,false,false,false,false,false,false,true,No-Go
phase428_perstep_kernel_attrib,step,K2.5-tp4ep8dp2-8k2k,docs/iter_gap_investigation/phase427_kernel_profile/K2.5-tp4ep8dp2-8k2k,mixed,,5,decode_only,56,,34.553706,,0.000000,0.000000,,,,,,1.516977,0.595460,0.357492,0.047048,,blocked_prefill_not_captured,0,70,prefill_steps_not_captured,decode_batch_span_too_narrow_for_slope,phase427_trace_decode_only_prefill_recollect_required,recollect_true_mixed_prefill_window_before_runtime_change,recollect_decode_batch_sweep_then_reprofile_prefill,false,false,false,false,false,false,true,No-Go
phase428_perstep_kernel_attrib,step_category,K2.5-tp4ep8dp2-8k2k,docs/iter_gap_investigation/phase427_kernel_profile/K2.5-tp4ep8dp2-8k2k,mixed,,5,decode_only,56,dense_gemm,34.553706,5.007717,0.000000,0.000000,,,,,,1.516977,0.595460,0.357492,0.047048,,blocked_prefill_not_captured,0,70,prefill_steps_not_captured,decode_batch_span_too_narrow_for_slope,phase427_trace_decode_only_prefill_recollect_required,recollect_true_mixed_prefill_window_before_runtime_change,recollect_decode_batch_sweep_then_reprofile_prefill,false,false,false,false,false,false,true,No-Go
phase428_perstep_kernel_attrib,step_category,K2.5-tp4ep8dp2-8k2k,docs/iter_gap_investigation/phase427_kernel_profile/K2.5-tp4ep8dp2-8k2k,mixed,,5,decode_only,56,ep_a2a,34.553706,7.501589,0.000000,0.000000,,,,,,1.516977,0.595460,0.357492,0.047048,,blocked_prefill_not_captured,0,70,prefill_steps_not_captured,decode_batch_span_too_narrow_for_slope,phase427_trace_decode_only_prefill_recollect_required,recollect_true_mixed_prefill_window_before_runtime_change,recollect_decode_batch_sweep_then_reprofile_prefill,false,false,false,false,false,false,true,No-Go
phase428_perstep_kernel_attrib,step_category,K2.5-tp4ep8dp2-8k2k,docs/iter_gap_investigation/phase427_kernel_profile/K2.5-tp4ep8dp2-8k2k,mixed,,5,decode_only,56,memcpy_memset,34.553706,0.161409,0.000000,0.000000,,,,,,1.516977,0.595460,0.357492,0.047048,,blocked_prefill_not_captured,0,70,prefill_steps_not_captured,decode_batch_span_too_narrow_for_slope,phase427_trace_decode_only_prefill_recollect_required,recollect_true_mixed_prefill_window_before_runtime_change,recollect_decode_batch_sweep_then_reprofile_prefill,false,false,false,false,false,false,true,No-Go
phase428_perstep_kernel_attrib,step_category,K2.5-tp4ep8dp2-8k2k,docs/iter_gap_investigation/phase427_kernel_profile/K2.5-tp4ep8dp2-8k2k,mixed,,5,decode_only,56,mla_attention,34.553706,11.482584,0.000000,0.000000,,,,,,1.516977,0.595460,0.357492,0.047048,,blocked_prefill_not_captured,0,70,prefill_steps_not_captured,decode_batch_span_too_narrow_for_slope,phase427_trace_decode_only_prefill_recollect_required,recollect_true_mixed_prefill_window_before_runtime_change,recollect_decode_batch_sweep_then_reprofile_prefill,false,false,false,false,false,false,true,No-Go
phase428_perstep_kernel_attrib,step_category,K2.5-tp4ep8dp2-8k2k,docs/iter_gap_investigation/phase427_kernel_profile/K2.5-tp4ep8dp2-8k2k,mixed,,5,decode_only,56,moe_gemm_or_aux,34.553706,7.407323,0.000000,0.000000,,,,,,1.516977,0.595460,0.357492,0.047048,,blocked_prefill_not_captured,0,70,prefill_steps_not_captured,decode_batch_span_too_narrow_for_slope,phase427_trace_decode_only_prefill_recollect_required,recollect_true_mixed_prefill_window_before_runtime_change,recollect_decode_batch_sweep_then_reprofile_prefill,false,false,false,false,false,false,true,No-Go
phase428_perstep_kernel_attrib,step_category,K2.5-tp4ep8dp2-8k2k,docs/iter_gap_investigation/phase427_kernel_profile/K2.5-tp4ep8dp2-8k2k,mixed,,5,decode_only,56,other_cuda,34.553706,2.312987,0.000000,0.000000,,,,,,1.516977,0.595460,0.357492,0.047048,,blocked_prefill_not_captured,0,70,prefill_steps_not_captured,decode_batch_span_too_narrow_for_slope,phase427_trace_decode_only_prefill_recollect_required,recollect_true_mixed_prefill_window_before_runtime_change,recollect_decode_batch_sweep_then_reprofile_prefill,false,false,false,false,false,false,true,No-Go
phase428_perstep_kernel_attrib,step_category,K2.5-tp4ep8dp2-8k2k,docs/iter_gap_investigation/phase427_kernel_profile/K2.5-tp4ep8dp2-8k2k,mixed,,5,decode_only,56,tp_or_dp_allreduce,34.553706,0.826570,0.000000,0.000000,,,,,,1.516977,0.595460,0.357492,0.047048,,blocked_prefill_not_captured,0,70,prefill_steps_not_captured,decode_batch_span_too_narrow_for_slope,phase427_trace_decode_only_prefill_recollect_required,recollect_true_mixed_prefill_window_before_runtime_change,recollect_decode_batch_sweep_then_reprofile_prefill,false,false,false,false,false,false,true,No-Go
phase428_perstep_kernel_attrib,step,K2.5-tp4ep8dp2-8k2k,docs/iter_gap_investigation/phase427_kernel_profile/K2.5-tp4ep8dp2-8k2k,mixed,,6,decode_only,56,,34.422843,,0.021586,0.000627,,,,,,1.516977,0.595460,0.357492,0.047048,,blocked_prefill_not_captured,0,70,prefill_steps_not_captured,decode_batch_span_too_narrow_for_slope,phase427_trace_decode_only_prefill_recollect_required,recollect_true_mixed_prefill_window_before_runtime_change,recollect_decode_batch_sweep_then_reprofile_prefill,false,false,false,false,false,false,true,No-Go
phase428_perstep_kernel_attrib,step_category,K2.5-tp4ep8dp2-8k2k,docs/iter_gap_investigation/phase427_kernel_profile/K2.5-tp4ep8dp2-8k2k,mixed,,6,decode_only,56,dense_gemm,34.422843,5.015716,0.021586,0.000627,,,,,,1.516977,0.595460,0.357492,0.047048,,blocked_prefill_not_captured,0,70,prefill_steps_not_captured,decode_batch_span_too_narrow_for_slope,phase427_trace_decode_only_prefill_recollect_required,recollect_true_mixed_prefill_window_before_runtime_change,recollect_decode_batch_sweep_then_reprofile_prefill,false,false,false,false,false,false,true,No-Go
phase428_perstep_kernel_attrib,step_category,K2.5-tp4ep8dp2-8k2k,docs/iter_gap_investigation/phase427_kernel_profile/K2.5-tp4ep8dp2-8k2k,mixed,,6,decode_only,56,ep_a2a,34.422843,7.464192,0.021586,0.000627,,,,,,1.516977,0.595460,0.357492,0.047048,,blocked_prefill_not_captured,0,70,prefill_steps_not_captured,decode_batch_span_too_narrow_for_slope,phase427_trace_decode_only_prefill_recollect_required,recollect_true_mixed_prefill_window_before_runtime_change,recollect_decode_batch_sweep_then_reprofile_prefill,false,false,false,false,false,false,true,No-Go
phase428_perstep_kernel_attrib,step_category,K2.5-tp4ep8dp2-8k2k,docs/iter_gap_investigation/phase427_kernel_profile/K2.5-tp4ep8dp2-8k2k,mixed,,6,decode_only,56,memcpy_memset,34.422843,0.161980,0.021586,0.000627,,,,,,1.516977,0.595460,0.357492,0.047048,,blocked_prefill_not_captured,0,70,prefill_steps_not_captured,decode_batch_span_too_narrow_for_slope,phase427_trace_decode_only_prefill_recollect_required,recollect_true_mixed_prefill_window_before_runtime_change,recollect_decode_batch_sweep_then_reprofile_prefill,false,false,false,false,false,false,true,No-Go
phase428_perstep_kernel_attrib,step_category,K2.5-tp4ep8dp2-8k2k,docs/iter_gap_investigation/phase427_kernel_profile/K2.5-tp4ep8dp2-8k2k,mixed,,6,decode_only,56,mla_attention,34.422843,11.396397,0.021586,0.000627,,,,,,1.516977,0.595460,0.357492,0.047048,,blocked_prefill_not_captured,0,70,prefill_steps_not_captured,decode_batch_span_too_narrow_for_slope,phase427_trace_decode_only_prefill_recollect_required,recollect_true_mixed_prefill_window_before_runtime_change,recollect_decode_batch_sweep_then_reprofile_prefill,false,false,false,false,false,false,true,No-Go
phase428_perstep_kernel_attrib,step_category,K2.5-tp4ep8dp2-8k2k,docs/iter_gap_investigation/phase427_kernel_profile/K2.5-tp4ep8dp2-8k2k,mixed,,6,decode_only,56,moe_gemm_or_aux,34.422843,7.297039,0.021586,0.000627,,,,,,1.516977,0.595460,0.357492,0.047048,,blocked_prefill_not_captured,0,70,prefill_steps_not_captured,decode_batch_span_too_narrow_for_slope,phase427_trace_decode_only_prefill_recollect_required,recollect_true_mixed_prefill_window_before_runtime_change,recollect_decode_batch_sweep_then_reprofile_prefill,false,false,false,false,false,false,true,No-Go
phase428_perstep_kernel_attrib,step_category,K2.5-tp4ep8dp2-8k2k,docs/iter_gap_investigation/phase427_kernel_profile/K2.5-tp4ep8dp2-8k2k,mixed,,6,decode_only,56,other_cuda,34.422843,2.309351,0.021586,0.000627,,,,,,1.516977,0.595460,0.357492,0.047048,,blocked_prefill_not_captured,0,70,prefill_steps_not_captured,decode_batch_span_too_narrow_for_slope,phase427_trace_decode_only_prefill_recollect_required,recollect_true_mixed_prefill_window_before_runtime_change,recollect_decode_batch_sweep_then_reprofile_prefill,false,false,false,false,false,false,true,No-Go
phase428_perstep_kernel_attrib,step_category,K2.5-tp4ep8dp2-8k2k,docs/iter_gap_investigation/phase427_kernel_profile/K2.5-tp4ep8dp2-8k2k,mixed,,6,decode_only,56,tp_or_dp_allreduce,34.422843,0.828229,0.021586,0.000627,,,,,,1.516977,0.595460,0.357492,0.047048,,blocked_prefill_not_captured,0,70,prefill_steps_not_captured,decode_batch_span_too_narrow_for_slope,phase427_trace_decode_only_prefill_recollect_required,recollect_true_mixed_prefill_window_before_runtime_change,recollect_decode_batch_sweep_then_reprofile_prefill,false,false,false,false,false,false,true,No-Go
phase428_perstep_kernel_attrib,step,K2.5-tp4ep8dp2-8k2k,docs/iter_gap_investigation/phase427_kernel_profile/K2.5-tp4ep8dp2-8k2k,mixed,,7,decode_only,56,,34.760784,,0.000000,0.000000,,,,,,1.516977,0.595460,0.357492,0.047048,,blocked_prefill_not_captured,0,70,prefill_steps_not_captured,decode_batch_span_too_narrow_for_slope,phase427_trace_decode_only_prefill_recollect_required,recollect_true_mixed_prefill_window_before_runtime_change,recollect_decode_batch_sweep_then_reprofile_prefill,false,false,false,false,false,false,true,No-Go
phase428_perstep_kernel_attrib,step_category,K2.5-tp4ep8dp2-8k2k,docs/iter_gap_investigation/phase427_kernel_profile/K2.5-tp4ep8dp2-8k2k,mixed,,7,decode_only,56,dense_gemm,34.760784,5.081085,0.000000,0.000000,,,,,,1.516977,0.595460,0.357492,0.047048,,blocked_prefill_not_captured,0,70,prefill_steps_not_captured,decode_batch_span_too_narrow_for_slope,phase427_trace_decode_only_prefill_recollect_required,recollect_true_mixed_prefill_window_before_runtime_change,recollect_decode_batch_sweep_then_reprofile_prefill,false,false,false,false,false,false,true,No-Go
phase428_perstep_kernel_attrib,step_category,K2.5-tp4ep8dp2-8k2k,docs/iter_gap_investigation/phase427_kernel_profile/K2.5-tp4ep8dp2-8k2k,mixed,,7,decode_only,56,ep_a2a,34.760784,7.485984,0.000000,0.000000,,,,,,1.516977,0.595460,0.357492,0.047048,,blocked_prefill_not_captured,0,70,prefill_steps_not_captured,decode_batch_span_too_narrow_for_slope,phase427_trace_decode_only_prefill_recollect_required,recollect_true_mixed_prefill_window_before_runtime_change,recollect_decode_batch_sweep_then_reprofile_prefill,false,false,false,false,false,false,true,No-Go
phase428_perstep_kernel_attrib,step_category,K2.5-tp4ep8dp2-8k2k,docs/iter_gap_investigation/phase427_kernel_profile/K2.5-tp4ep8dp2-8k2k,mixed,,7,decode_only,56,memcpy_memset,34.760784,0.160553,0.000000,0.000000,,,,,,1.516977,0.595460,0.357492,0.047048,,blocked_prefill_not_captured,0,70,prefill_steps_not_captured,decode_batch_span_too_narrow_for_slope,phase427_trace_decode_only_prefill_recollect_required,recollect_true_mixed_prefill_window_before_runtime_change,recollect_decode_batch_sweep_then_reprofile_prefill,false,false,false,false,false,false,true,No-Go
phase428_perstep_kernel_attrib,step_category,K2.5-tp4ep8dp2-8k2k,docs/iter_gap_investigation/phase427_kernel_profile/K2.5-tp4ep8dp2-8k2k,mixed,,7,decode_only,56,mla_attention,34.760784,11.582942,0.000000,0.000000,,,,,,1.516977,0.595460,0.357492,0.047048,,blocked_prefill_not_captured,0,70,prefill_steps_not_captured,decode_batch_span_too_narrow_for_slope,phase427_trace_decode_only_prefill_recollect_required,recollect_true_mixed_prefill_window_before_runtime_change,recollect_decode_batch_sweep_then_reprofile_prefill,false,false,false,false,false,false,true,No-Go
phase428_perstep_kernel_attrib,step_category,K2.5-tp4ep8dp2-8k2k,docs/iter_gap_investigation/phase427_kernel_profile/K2.5-tp4ep8dp2-8k2k,mixed,,7,decode_only,56,moe_gemm_or_aux,34.760784,7.351518,0.000000,0.000000,,,,,,1.516977,0.595460,0.357492,0.047048,,blocked_prefill_not_captured,0,70,prefill_steps_not_captured,decode_batch_span_too_narrow_for_slope,phase427_trace_decode_only_prefill_recollect_required,recollect_true_mixed_prefill_window_before_runtime_change,recollect_decode_batch_sweep_then_reprofile_prefill,false,false,false,false,false,false,true,No-Go
phase428_perstep_kernel_attrib,step_category,K2.5-tp4ep8dp2-8k2k,docs/iter_gap_investigation/phase427_kernel_profile/K2.5-tp4ep8dp2-8k2k,mixed,,7,decode_only,56,other_cuda,34.760784,2.342311,0.000000,0.000000,,,,,,1.516977,0.595460,0.357492,0.047048,,blocked_prefill_not_captured,0,70,prefill_steps_not_captured,decode_batch_span_too_narrow_for_slope,phase427_trace_decode_only_prefill_recollect_required,recollect_true_mixed_prefill_window_before_runtime_change,recollect_decode_batch_sweep_then_reprofile_prefill,false,false,false,false,false,false,true,No-Go
phase428_perstep_kernel_attrib,step_category,K2.5-tp4ep8dp2-8k2k,docs/iter_gap_investigation/phase427_kernel_profile/K2.5-tp4ep8dp2-8k2k,mixed,,7,decode_only,56,tp_or_dp_allreduce,34.760784,0.843283,0.000000,0.000000,,,,,,1.516977,0.595460,0.357492,0.047048,,blocked_prefill_not_captured,0,70,prefill_steps_not_captured,decode_batch_span_too_narrow_for_slope,phase427_trace_decode_only_prefill_recollect_required,recollect_true_mixed_prefill_window_before_runtime_change,recollect_decode_batch_sweep_then_reprofile_prefill,false,false,false,false,false,false,true,No-Go
phase428_perstep_kernel_attrib,step,K2.5-tp4ep8dp2-8k2k,docs/iter_gap_investigation/phase427_kernel_profile/K2.5-tp4ep8dp2-8k2k,mixed,,8,decode_only,56,,33.952396,,0.001995,0.000059,,,,,,1.516977,0.595460,0.357492,0.047048,,blocked_prefill_not_captured,0,70,prefill_steps_not_captured,decode_batch_span_too_narrow_for_slope,phase427_trace_decode_only_prefill_recollect_required,recollect_true_mixed_prefill_window_before_runtime_change,recollect_decode_batch_sweep_then_reprofile_prefill,false,false,false,false,false,false,true,No-Go
phase428_perstep_kernel_attrib,step_category,K2.5-tp4ep8dp2-8k2k,docs/iter_gap_investigation/phase427_kernel_profile/K2.5-tp4ep8dp2-8k2k,mixed,,8,decode_only,56,dense_gemm,33.952396,4.955431,0.001995,0.000059,,,,,,1.516977,0.595460,0.357492,0.047048,,blocked_prefill_not_captured,0,70,prefill_steps_not_captured,decode_batch_span_too_narrow_for_slope,phase427_trace_decode_only_prefill_recollect_required,recollect_true_mixed_prefill_window_before_runtime_change,recollect_decode_batch_sweep_then_reprofile_prefill,false,false,false,false,false,false,true,No-Go
phase428_perstep_kernel_attrib,step_category,K2.5-tp4ep8dp2-8k2k,docs/iter_gap_investigation/phase427_kernel_profile/K2.5-tp4ep8dp2-8k2k,mixed,,8,decode_only,56,ep_a2a,33.952396,7.247351,0.001995,0.000059,,,,,,1.516977,0.595460,0.357492,0.047048,,blocked_prefill_not_captured,0,70,prefill_steps_not_captured,decode_batch_span_too_narrow_for_slope,phase427_trace_decode_only_prefill_recollect_required,recollect_true_mixed_prefill_window_before_runtime_change,recollect_decode_batch_sweep_then_reprofile_prefill,false,false,false,false,false,false,true,No-Go
phase428_perstep_kernel_attrib,step_category,K2.5-tp4ep8dp2-8k2k,docs/iter_gap_investigation/phase427_kernel_profile/K2.5-tp4ep8dp2-8k2k,mixed,,8,decode_only,56,memcpy_memset,33.952396,0.166661,0.001995,0.000059,,,,,,1.516977,0.595460,0.357492,0.047048,,blocked_prefill_not_captured,0,70,prefill_steps_not_captured,decode_batch_span_too_narrow_for_slope,phase427_trace_decode_only_prefill_recollect_required,recollect_true_mixed_prefill_window_before_runtime_change,recollect_decode_batch_sweep_then_reprofile_prefill,false,false,false,false,false,false,true,No-Go
phase428_perstep_kernel_attrib,step_category,K2.5-tp4ep8dp2-8k2k,docs/iter_gap_investigation/phase427_kernel_profile/K2.5-tp4ep8dp2-8k2k,mixed,,8,decode_only,56,mla_attention,33.952396,11.343841,0.001995,0.000059,,,,,,1.516977,0.595460,0.357492,0.047048,,blocked_prefill_not_captured,0,70,prefill_steps_not_captured,decode_batch_span_too_narrow_for_slope,phase427_trace_decode_only_prefill_recollect_required,recollect_true_mixed_prefill_window_before_runtime_change,recollect_decode_batch_sweep_then_reprofile_prefill,false,false,false,false,false,false,true,No-Go
phase428_perstep_kernel_attrib,step_category,K2.5-tp4ep8dp2-8k2k,docs/iter_gap_investigation/phase427_kernel_profile/K2.5-tp4ep8dp2-8k2k,mixed,,8,decode_only,56,moe_gemm_or_aux,33.952396,7.180216,0.001995,0.000059,,,,,,1.516977,0.595460,0.357492,0.047048,,blocked_prefill_not_captured,0,70,prefill_steps_not_captured,decode_batch_span_too_narrow_for_slope,phase427_trace_decode_only_prefill_recollect_required,recollect_true_mixed_prefill_window_before_runtime_change,recollect_decode_batch_sweep_then_reprofile_prefill,false,false,false,false,false,false,true,No-Go
phase428_perstep_kernel_attrib,step_category,K2.5-tp4ep8dp2-8k2k,docs/iter_gap_investigation/phase427_kernel_profile/K2.5-tp4ep8dp2-8k2k,mixed,,8,decode_only,56,other_cuda,33.952396,2.282710,0.001995,0.000059,,,,,,1.516977,0.595460,0.357492,0.047048,,blocked_prefill_not_captured,0,70,prefill_steps_not_captured,decode_batch_span_too_narrow_for_slope,phase427_trace_decode_only_prefill_recollect_required,recollect_true_mixed_prefill_window_before_runtime_change,recollect_decode_batch_sweep_then_reprofile_prefill,false,false,false,false,false,false,true,No-Go
phase428_perstep_kernel_attrib,step_category,K2.5-tp4ep8dp2-8k2k,docs/iter_gap_investigation/phase427_kernel_profile/K2.5-tp4ep8dp2-8k2k,mixed,,8,decode_only,56,tp_or_dp_allreduce,33.952396,0.824139,0.001995,0.000059,,,,,,1.516977,0.595460,0.357492,0.047048,,blocked_prefill_not_captured,0,70,prefill_steps_not_captured,decode_batch_span_too_narrow_for_slope,phase427_trace_decode_only_prefill_recollect_required,recollect_true_mixed_prefill_window_before_runtime_change,recollect_decode_batch_sweep_then_reprofile_prefill,false,false,false,false,false,false,true,No-Go
phase428_perstep_kernel_attrib,step,K2.5-tp4ep8dp2-8k2k,docs/iter_gap_investigation/phase427_kernel_profile/K2.5-tp4ep8dp2-8k2k,mixed,,9,decode_only,56,,34.420501,,0.019262,0.000560,,,,,,1.516977,0.595460,0.357492,0.047048,,blocked_prefill_not_captured,0,70,prefill_steps_not_captured,decode_batch_span_too_narrow_for_slope,phase427_trace_decode_only_prefill_recollect_required,recollect_true_mixed_prefill_window_before_runtime_change,recollect_decode_batch_sweep_then_reprofile_prefill,false,false,false,false,false,false,true,No-Go
phase428_perstep_kernel_attrib,step_category,K2.5-tp4ep8dp2-8k2k,docs/iter_gap_investigation/phase427_kernel_profile/K2.5-tp4ep8dp2-8k2k,mixed,,9,decode_only,56,dense_gemm,34.420501,4.997472,0.019262,0.000560,,,,,,1.516977,0.595460,0.357492,0.047048,,blocked_prefill_not_captured,0,70,prefill_steps_not_captured,decode_batch_span_too_narrow_for_slope,phase427_trace_decode_only_prefill_recollect_required,recollect_true_mixed_prefill_window_before_runtime_change,recollect_decode_batch_sweep_then_reprofile_prefill,false,false,false,false,false,false,true,No-Go
phase428_perstep_kernel_attrib,step_category,K2.5-tp4ep8dp2-8k2k,docs/iter_gap_investigation/phase427_kernel_profile/K2.5-tp4ep8dp2-8k2k,mixed,,9,decode_only,56,ep_a2a,34.420501,7.418983,0.019262,0.000560,,,,,,1.516977,0.595460,0.357492,0.047048,,blocked_prefill_not_captured,0,70,prefill_steps_not_captured,decode_batch_span_too_narrow_for_slope,phase427_trace_decode_only_prefill_recollect_required,recollect_true_mixed_prefill_window_before_runtime_change,recollect_decode_batch_sweep_then_reprofile_prefill,false,false,false,false,false,false,true,No-Go
phase428_perstep_kernel_attrib,step_category,K2.5-tp4ep8dp2-8k2k,docs/iter_gap_investigation/phase427_kernel_profile/K2.5-tp4ep8dp2-8k2k,mixed,,9,decode_only,56,memcpy_memset,34.420501,0.160708,0.019262,0.000560,,,,,,1.516977,0.595460,0.357492,0.047048,,blocked_prefill_not_captured,0,70,prefill_steps_not_captured,decode_batch_span_too_narrow_for_slope,phase427_trace_decode_only_prefill_recollect_required,recollect_true_mixed_prefill_window_before_runtime_change,recollect_decode_batch_sweep_then_reprofile_prefill,false,false,false,false,false,false,true,No-Go
phase428_perstep_kernel_attrib,step_category,K2.5-tp4ep8dp2-8k2k,docs/iter_gap_investigation/phase427_kernel_profile/K2.5-tp4ep8dp2-8k2k,mixed,,9,decode_only,56,mla_attention,34.420501,11.304444,0.019262,0.000560,,,,,,1.516977,0.595460,0.357492,0.047048,,blocked_prefill_not_captured,0,70,prefill_steps_not_captured,decode_batch_span_too_narrow_for_slope,phase427_trace_decode_only_prefill_recollect_required,recollect_true_mixed_prefill_window_before_runtime_change,recollect_decode_batch_sweep_then_reprofile_prefill,false,false,false,false,false,false,true,No-Go
phase428_perstep_kernel_attrib,step_category,K2.5-tp4ep8dp2-8k2k,docs/iter_gap_investigation/phase427_kernel_profile/K2.5-tp4ep8dp2-8k2k,mixed,,9,decode_only,56,moe_gemm_or_aux,34.420501,7.425699,0.019262,0.000560,,,,,,1.516977,0.595460,0.357492,0.047048,,blocked_prefill_not_captured,0,70,prefill_steps_not_captured,decode_batch_span_too_narrow_for_slope,phase427_trace_decode_only_prefill_recollect_required,recollect_true_mixed_prefill_window_before_runtime_change,recollect_decode_batch_sweep_then_reprofile_prefill,false,false,false,false,false,false,true,No-Go
phase428_perstep_kernel_attrib,step_category,K2.5-tp4ep8dp2-8k2k,docs/iter_gap_investigation/phase427_kernel_profile/K2.5-tp4ep8dp2-8k2k,mixed,,9,decode_only,56,other_cuda,34.420501,2.309760,0.019262,0.000560,,,,,,1.516977,0.595460,0.357492,0.047048,,blocked_prefill_not_captured,0,70,prefill_steps_not_captured,decode_batch_span_too_narrow_for_slope,phase427_trace_decode_only_prefill_recollect_required,recollect_true_mixed_prefill_window_before_runtime_change,recollect_decode_batch_sweep_then_reprofile_prefill,false,false,false,false,false,false,true,No-Go
phase428_perstep_kernel_attrib,step_category,K2.5-tp4ep8dp2-8k2k,docs/iter_gap_investigation/phase427_kernel_profile/K2.5-tp4ep8dp2-8k2k,mixed,,9,decode_only,56,tp_or_dp_allreduce,34.420501,0.828946,0.019262,0.000560,,,,,,1.516977,0.595460,0.357492,0.047048,,blocked_prefill_not_captured,0,70,prefill_steps_not_captured,decode_batch_span_too_narrow_for_slope,phase427_trace_decode_only_prefill_recollect_required,recollect_true_mixed_prefill_window_before_runtime_change,recollect_decode_batch_sweep_then_reprofile_prefill,false,false,false,false,false,false,true,No-Go
phase428_perstep_kernel_attrib,step,K2.5-tp4ep8dp2-8k2k,docs/iter_gap_investigation/phase427_kernel_profile/K2.5-tp4ep8dp2-8k2k,mixed,,10,decode_only,56,,34.484066,,0.018824,0.000546,,,,,,1.516977,0.595460,0.357492,0.047048,,blocked_prefill_not_captured,0,70,prefill_steps_not_captured,decode_batch_span_too_narrow_for_slope,phase427_trace_decode_only_prefill_recollect_required,recollect_true_mixed_prefill_window_before_runtime_change,recollect_decode_batch_sweep_then_reprofile_prefill,false,false,false,false,false,false,true,No-Go
phase428_perstep_kernel_attrib,step_category,K2.5-tp4ep8dp2-8k2k,docs/iter_gap_investigation/phase427_kernel_profile/K2.5-tp4ep8dp2-8k2k,mixed,,10,decode_only,56,dense_gemm,34.484066,5.015436,0.018824,0.000546,,,,,,1.516977,0.595460,0.357492,0.047048,,blocked_prefill_not_captured,0,70,prefill_steps_not_captured,decode_batch_span_too_narrow_for_slope,phase427_trace_decode_only_prefill_recollect_required,recollect_true_mixed_prefill_window_before_runtime_change,recollect_decode_batch_sweep_then_reprofile_prefill,false,false,false,false,false,false,true,No-Go
phase428_perstep_kernel_attrib,step_category,K2.5-tp4ep8dp2-8k2k,docs/iter_gap_investigation/phase427_kernel_profile/K2.5-tp4ep8dp2-8k2k,mixed,,10,decode_only,56,ep_a2a,34.484066,7.460089,0.018824,0.000546,,,,,,1.516977,0.595460,0.357492,0.047048,,blocked_prefill_not_captured,0,70,prefill_steps_not_captured,decode_batch_span_too_narrow_for_slope,phase427_trace_decode_only_prefill_recollect_required,recollect_true_mixed_prefill_window_before_runtime_change,recollect_decode_batch_sweep_then_reprofile_prefill,false,false,false,false,false,false,true,No-Go
phase428_perstep_kernel_attrib,step_category,K2.5-tp4ep8dp2-8k2k,docs/iter_gap_investigation/phase427_kernel_profile/K2.5-tp4ep8dp2-8k2k,mixed,,10,decode_only,56,memcpy_memset,34.484066,0.163736,0.018824,0.000546,,,,,,1.516977,0.595460,0.357492,0.047048,,blocked_prefill_not_captured,0,70,prefill_steps_not_captured,decode_batch_span_too_narrow_for_slope,phase427_trace_decode_only_prefill_recollect_required,recollect_true_mixed_prefill_window_before_runtime_change,recollect_decode_batch_sweep_then_reprofile_prefill,false,false,false,false,false,false,true,No-Go
phase428_perstep_kernel_attrib,step_category,K2.5-tp4ep8dp2-8k2k,docs/iter_gap_investigation/phase427_kernel_profile/K2.5-tp4ep8dp2-8k2k,mixed,,10,decode_only,56,mla_attention,34.484066,11.403323,0.018824,0.000546,,,,,,1.516977,0.595460,0.357492,0.047048,,blocked_prefill_not_captured,0,70,prefill_steps_not_captured,decode_batch_span_too_narrow_for_slope,phase427_trace_decode_only_prefill_recollect_required,recollect_true_mixed_prefill_window_before_runtime_change,recollect_decode_batch_sweep_then_reprofile_prefill,false,false,false,false,false,false,true,No-Go
phase428_perstep_kernel_attrib,step_category,K2.5-tp4ep8dp2-8k2k,docs/iter_gap_investigation/phase427_kernel_profile/K2.5-tp4ep8dp2-8k2k,mixed,,10,decode_only,56,moe_gemm_or_aux,34.484066,7.398288,0.018824,0.000546,,,,,,1.516977,0.595460,0.357492,0.047048,,blocked_prefill_not_captured,0,70,prefill_steps_not_captured,decode_batch_span_too_narrow_for_slope,phase427_trace_decode_only_prefill_recollect_required,recollect_true_mixed_prefill_window_before_runtime_change,recollect_decode_batch_sweep_then_reprofile_prefill,false,false,false,false,false,false,true,No-Go
phase428_perstep_kernel_attrib,step_category,K2.5-tp4ep8dp2-8k2k,docs/iter_gap_investigation/phase427_kernel_profile/K2.5-tp4ep8dp2-8k2k,mixed,,10,decode_only,56,other_cuda,34.484066,2.310398,0.018824,0.000546,,,,,,1.516977,0.595460,0.357492,0.047048,,blocked_prefill_not_captured,0,70,prefill_steps_not_captured,decode_batch_span_too_narrow_for_slope,phase427_trace_decode_only_prefill_recollect_required,recollect_true_mixed_prefill_window_before_runtime_change,recollect_decode_batch_sweep_then_reprofile_prefill,false,false,false,false,false,false,true,No-Go
phase428_perstep_kernel_attrib,step_category,K2.5-tp4ep8dp2-8k2k,docs/iter_gap_investigation/phase427_kernel_profile/K2.5-tp4ep8dp2-8k2k,mixed,,10,decode_only,56,tp_or_dp_allreduce,34.484066,0.835829,0.018824,0.000546,,,,,,1.516977,0.595460,0.357492,0.047048,,blocked_prefill_not_captured,0,70,prefill_steps_not_captured,decode_batch_span_too_narrow_for_slope,phase427_trace_decode_only_prefill_recollect_required,recollect_true_mixed_prefill_window_before_runtime_change,recollect_decode_batch_sweep_then_reprofile_prefill,false,false,false,false,false,false,true,No-Go
phase428_perstep_kernel_attrib,step,K2.5-tp4ep8dp2-8k2k,docs/iter_gap_investigation/phase427_kernel_profile/K2.5-tp4ep8dp2-8k2k,mixed,,11,decode_only,56,,34.430455,,0.000000,0.000000,,,,,,1.516977,0.595460,0.357492,0.047048,,blocked_prefill_not_captured,0,70,prefill_steps_not_captured,decode_batch_span_too_narrow_for_slope,phase427_trace_decode_only_prefill_recollect_required,recollect_true_mixed_prefill_window_before_runtime_change,recollect_decode_batch_sweep_then_reprofile_prefill,false,false,false,false,false,false,true,No-Go
phase428_perstep_kernel_attrib,step_category,K2.5-tp4ep8dp2-8k2k,docs/iter_gap_investigation/phase427_kernel_profile/K2.5-tp4ep8dp2-8k2k,mixed,,11,decode_only,56,dense_gemm,34.430455,5.011749,0.000000,0.000000,,,,,,1.516977,0.595460,0.357492,0.047048,,blocked_prefill_not_captured,0,70,prefill_steps_not_captured,decode_batch_span_too_narrow_for_slope,phase427_trace_decode_only_prefill_recollect_required,recollect_true_mixed_prefill_window_before_runtime_change,recollect_decode_batch_sweep_then_reprofile_prefill,false,false,false,false,false,false,true,No-Go
phase428_perstep_kernel_attrib,step_category,K2.5-tp4ep8dp2-8k2k,docs/iter_gap_investigation/phase427_kernel_profile/K2.5-tp4ep8dp2-8k2k,mixed,,11,decode_only,56,ep_a2a,34.430455,7.308877,0.000000,0.000000,,,,,,1.516977,0.595460,0.357492,0.047048,,blocked_prefill_not_captured,0,70,prefill_steps_not_captured,decode_batch_span_too_narrow_for_slope,phase427_trace_decode_only_prefill_recollect_required,recollect_true_mixed_prefill_window_before_runtime_change,recollect_decode_batch_sweep_then_reprofile_prefill,false,false,false,false,false,false,true,No-Go
phase428_perstep_kernel_attrib,step_category,K2.5-tp4ep8dp2-8k2k,docs/iter_gap_investigation/phase427_kernel_profile/K2.5-tp4ep8dp2-8k2k,mixed,,11,decode_only,56,memcpy_memset,34.430455,0.161021,0.000000,0.000000,,,,,,1.516977,0.595460,0.357492,0.047048,,blocked_prefill_not_captured,0,70,prefill_steps_not_captured,decode_batch_span_too_narrow_for_slope,phase427_trace_decode_only_prefill_recollect_required,recollect_true_mixed_prefill_window_before_runtime_change,recollect_decode_batch_sweep_then_reprofile_prefill,false,false,false,false,false,false,true,No-Go
phase428_perstep_kernel_attrib,step_category,K2.5-tp4ep8dp2-8k2k,docs/iter_gap_investigation/phase427_kernel_profile/K2.5-tp4ep8dp2-8k2k,mixed,,11,decode_only,56,mla_attention,34.430455,11.467367,0.000000,0.000000,,,,,,1.516977,0.595460,0.357492,0.047048,,blocked_prefill_not_captured,0,70,prefill_steps_not_captured,decode_batch_span_too_narrow_for_slope,phase427_trace_decode_only_prefill_recollect_required,recollect_true_mixed_prefill_window_before_runtime_change,recollect_decode_batch_sweep_then_reprofile_prefill,false,false,false,false,false,false,true,No-Go
phase428_perstep_kernel_attrib,step_category,K2.5-tp4ep8dp2-8k2k,docs/iter_gap_investigation/phase427_kernel_profile/K2.5-tp4ep8dp2-8k2k,mixed,,11,decode_only,56,moe_gemm_or_aux,34.430455,7.434814,0.000000,0.000000,,,,,,1.516977,0.595460,0.357492,0.047048,,blocked_prefill_not_captured,0,70,prefill_steps_not_captured,decode_batch_span_too_narrow_for_slope,phase427_trace_decode_only_prefill_recollect_required,recollect_true_mixed_prefill_window_before_runtime_change,recollect_decode_batch_sweep_then_reprofile_prefill,false,false,false,false,false,false,true,No-Go
phase428_perstep_kernel_attrib,step_category,K2.5-tp4ep8dp2-8k2k,docs/iter_gap_investigation/phase427_kernel_profile/K2.5-tp4ep8dp2-8k2k,mixed,,11,decode_only,56,other_cuda,34.430455,2.309752,0.000000,0.000000,,,,,,1.516977,0.595460,0.357492,0.047048,,blocked_prefill_not_captured,0,70,prefill_steps_not_captured,decode_batch_span_too_narrow_for_slope,phase427_trace_decode_only_prefill_recollect_required,recollect_true_mixed_prefill_window_before_runtime_change,recollect_decode_batch_sweep_then_reprofile_prefill,false,false,false,false,false,false,true,No-Go
phase428_perstep_kernel_attrib,step_category,K2.5-tp4ep8dp2-8k2k,docs/iter_gap_investigation/phase427_kernel_profile/K2.5-tp4ep8dp2-8k2k,mixed,,11,decode_only,56,tp_or_dp_allreduce,34.430455,0.833775,0.000000,0.000000,,,,,,1.516977,0.595460,0.357492,0.047048,,blocked_prefill_not_captured,0,70,prefill_steps_not_captured,decode_batch_span_too_narrow_for_slope,phase427_trace_decode_only_prefill_recollect_required,recollect_true_mixed_prefill_window_before_runtime_change,recollect_decode_batch_sweep_then_reprofile_prefill,false,false,false,false,false,false,true,No-Go
phase428_perstep_kernel_attrib,step,K2.5-tp4ep8dp2-8k2k,docs/iter_gap_investigation/phase427_kernel_profile/K2.5-tp4ep8dp2-8k2k,mixed,,12,decode_only,56,,34.538381,,0.000000,0.000000,,,,,,1.516977,0.595460,0.357492,0.047048,,blocked_prefill_not_captured,0,70,prefill_steps_not_captured,decode_batch_span_too_narrow_for_slope,phase427_trace_decode_only_prefill_recollect_required,recollect_true_mixed_prefill_window_before_runtime_change,recollect_decode_batch_sweep_then_reprofile_prefill,false,false,false,false,false,false,true,No-Go
phase428_perstep_kernel_attrib,step_category,K2.5-tp4ep8dp2-8k2k,docs/iter_gap_investigation/phase427_kernel_profile/K2.5-tp4ep8dp2-8k2k,mixed,,12,decode_only,56,dense_gemm,34.538381,5.010701,0.000000,0.000000,,,,,,1.516977,0.595460,0.357492,0.047048,,blocked_prefill_not_captured,0,70,prefill_steps_not_captured,decode_batch_span_too_narrow_for_slope,phase427_trace_decode_only_prefill_recollect_required,recollect_true_mixed_prefill_window_before_runtime_change,recollect_decode_batch_sweep_then_reprofile_prefill,false,false,false,false,false,false,true,No-Go
phase428_perstep_kernel_attrib,step_category,K2.5-tp4ep8dp2-8k2k,docs/iter_gap_investigation/phase427_kernel_profile/K2.5-tp4ep8dp2-8k2k,mixed,,12,decode_only,56,ep_a2a,34.538381,7.411440,0.000000,0.000000,,,,,,1.516977,0.595460,0.357492,0.047048,,blocked_prefill_not_captured,0,70,prefill_steps_not_captured,decode_batch_span_too_narrow_for_slope,phase427_trace_decode_only_prefill_recollect_required,recollect_true_mixed_prefill_window_before_runtime_change,recollect_decode_batch_sweep_then_reprofile_prefill,false,false,false,false,false,false,true,No-Go
phase428_perstep_kernel_attrib,step_category,K2.5-tp4ep8dp2-8k2k,docs/iter_gap_investigation/phase427_kernel_profile/K2.5-tp4ep8dp2-8k2k,mixed,,12,decode_only,56,memcpy_memset,34.538381,0.160029,0.000000,0.000000,,,,,,1.516977,0.595460,0.357492,0.047048,,blocked_prefill_not_captured,0,70,prefill_steps_not_captured,decode_batch_span_too_narrow_for_slope,phase427_trace_decode_only_prefill_recollect_required,recollect_true_mixed_prefill_window_before_runtime_change,recollect_decode_batch_sweep_then_reprofile_prefill,false,false,false,false,false,false,true,No-Go
phase428_perstep_kernel_attrib,step_category,K2.5-tp4ep8dp2-8k2k,docs/iter_gap_investigation/phase427_kernel_profile/K2.5-tp4ep8dp2-8k2k,mixed,,12,decode_only,56,mla_attention,34.538381,11.466000,0.000000,0.000000,,,,,,1.516977,0.595460,0.357492,0.047048,,blocked_prefill_not_captured,0,70,prefill_steps_not_captured,decode_batch_span_too_narrow_for_slope,phase427_trace_decode_only_prefill_recollect_required,recollect_true_mixed_prefill_window_before_runtime_change,recollect_decode_batch_sweep_then_reprofile_prefill,false,false,false,false,false,false,true,No-Go
phase428_perstep_kernel_attrib,step_category,K2.5-tp4ep8dp2-8k2k,docs/iter_gap_investigation/phase427_kernel_profile/K2.5-tp4ep8dp2-8k2k,mixed,,12,decode_only,56,moe_gemm_or_aux,34.538381,7.452138,0.000000,0.000000,,,,,,1.516977,0.595460,0.357492,0.047048,,blocked_prefill_not_captured,0,70,prefill_steps_not_captured,decode_batch_span_too_narrow_for_slope,phase427_trace_decode_only_prefill_recollect_required,recollect_true_mixed_prefill_window_before_runtime_change,recollect_decode_batch_sweep_then_reprofile_prefill,false,false,false,false,false,false,true,No-Go
phase428_perstep_kernel_attrib,step_category,K2.5-tp4ep8dp2-8k2k,docs/iter_gap_investigation/phase427_kernel_profile/K2.5-tp4ep8dp2-8k2k,mixed,,12,decode_only,56,other_cuda,34.538381,2.308690,0.000000,0.000000,,,,,,1.516977,0.595460,0.357492,0.047048,,blocked_prefill_not_captured,0,70,prefill_steps_not_captured,decode_batch_span_too_narrow_for_slope,phase427_trace_decode_only_prefill_recollect_required,recollect_true_mixed_prefill_window_before_runtime_change,recollect_decode_batch_sweep_then_reprofile_prefill,false,false,false,false,false,false,true,No-Go
phase428_perstep_kernel_attrib,step_category,K2.5-tp4ep8dp2-8k2k,docs/iter_gap_investigation/phase427_kernel_profile/K2.5-tp4ep8dp2-8k2k,mixed,,12,decode_only,56,tp_or_dp_allreduce,34.538381,0.835180,0.000000,0.000000,,,,,,1.516977,0.595460,0.357492,0.047048,,blocked_prefill_not_captured,0,70,prefill_steps_not_captured,decode_batch_span_too_narrow_for_slope,phase427_trace_decode_only_prefill_recollect_required,recollect_true_mixed_prefill_window_before_runtime_change,recollect_decode_batch_sweep_then_reprofile_prefill,false,false,false,false,false,false,true,No-Go
phase428_perstep_kernel_attrib,step,K2.5-tp4ep8dp2-8k2k,docs/iter_gap_investigation/phase427_kernel_profile/K2.5-tp4ep8dp2-8k2k,mixed,,13,decode_only,56,,34.451691,,0.010172,0.000295,,,,,,1.516977,0.595460,0.357492,0.047048,,blocked_prefill_not_captured,0,70,prefill_steps_not_captured,decode_batch_span_too_narrow_for_slope,phase427_trace_decode_only_prefill_recollect_required,recollect_true_mixed_prefill_window_before_runtime_change,recollect_decode_batch_sweep_then_reprofile_prefill,false,false,false,false,false,false,true,No-Go
phase428_perstep_kernel_attrib,step_category,K2.5-tp4ep8dp2-8k2k,docs/iter_gap_investigation/phase427_kernel_profile/K2.5-tp4ep8dp2-8k2k,mixed,,13,decode_only,56,dense_gemm,34.451691,5.014106,0.010172,0.000295,,,,,,1.516977,0.595460,0.357492,0.047048,,blocked_prefill_not_captured,0,70,prefill_steps_not_captured,decode_batch_span_too_narrow_for_slope,phase427_trace_decode_only_prefill_recollect_required,recollect_true_mixed_prefill_window_before_runtime_change,recollect_decode_batch_sweep_then_reprofile_prefill,false,false,false,false,false,false,true,No-Go
phase428_perstep_kernel_attrib,step_category,K2.5-tp4ep8dp2-8k2k,docs/iter_gap_investigation/phase427_kernel_profile/K2.5-tp4ep8dp2-8k2k,mixed,,13,decode_only,56,ep_a2a,34.451691,7.394840,0.010172,0.000295,,,,,,1.516977,0.595460,0.357492,0.047048,,blocked_prefill_not_captured,0,70,prefill_steps_not_captured,decode_batch_span_too_narrow_for_slope,phase427_trace_decode_only_prefill_recollect_required,recollect_true_mixed_prefill_window_before_runtime_change,recollect_decode_batch_sweep_then_reprofile_prefill,false,false,false,false,false,false,true,No-Go
phase428_perstep_kernel_attrib,step_category,K2.5-tp4ep8dp2-8k2k,docs/iter_gap_investigation/phase427_kernel_profile/K2.5-tp4ep8dp2-8k2k,mixed,,13,decode_only,56,memcpy_memset,34.451691,0.162621,0.010172,0.000295,,,,,,1.516977,0.595460,0.357492,0.047048,,blocked_prefill_not_captured,0,70,prefill_steps_not_captured,decode_batch_span_too_narrow_for_slope,phase427_trace_decode_only_prefill_recollect_required,recollect_true_mixed_prefill_window_before_runtime_change,recollect_decode_batch_sweep_then_reprofile_prefill,false,false,false,false,false,false,true,No-Go
phase428_perstep_kernel_attrib,step_category,K2.5-tp4ep8dp2-8k2k,docs/iter_gap_investigation/phase427_kernel_profile/K2.5-tp4ep8dp2-8k2k,mixed,,13,decode_only,56,mla_attention,34.451691,11.443262,0.010172,0.000295,,,,,,1.516977,0.595460,0.357492,0.047048,,blocked_prefill_not_captured,0,70,prefill_steps_not_captured,decode_batch_span_too_narrow_for_slope,phase427_trace_decode_only_prefill_recollect_required,recollect_true_mixed_prefill_window_before_runtime_change,recollect_decode_batch_sweep_then_reprofile_prefill,false,false,false,false,false,false,true,No-Go
phase428_perstep_kernel_attrib,step_category,K2.5-tp4ep8dp2-8k2k,docs/iter_gap_investigation/phase427_kernel_profile/K2.5-tp4ep8dp2-8k2k,mixed,,13,decode_only,56,moe_gemm_or_aux,34.451691,7.411733,0.010172,0.000295,,,,,,1.516977,0.595460,0.357492,0.047048,,blocked_prefill_not_captured,0,70,prefill_steps_not_captured,decode_batch_span_too_narrow_for_slope,phase427_trace_decode_only_prefill_recollect_required,recollect_true_mixed_prefill_window_before_runtime_change,recollect_decode_batch_sweep_then_reprofile_prefill,false,false,false,false,false,false,true,No-Go
phase428_perstep_kernel_attrib,step_category,K2.5-tp4ep8dp2-8k2k,docs/iter_gap_investigation/phase427_kernel_profile/K2.5-tp4ep8dp2-8k2k,mixed,,13,decode_only,56,other_cuda,34.451691,2.311223,0.010172,0.000295,,,,,,1.516977,0.595460,0.357492,0.047048,,blocked_prefill_not_captured,0,70,prefill_steps_not_captured,decode_batch_span_too_narrow_for_slope,phase427_trace_decode_only_prefill_recollect_required,recollect_true_mixed_prefill_window_before_runtime_change,recollect_decode_batch_sweep_then_reprofile_prefill,false,false,false,false,false,false,true,No-Go
phase428_perstep_kernel_attrib,step_category,K2.5-tp4ep8dp2-8k2k,docs/iter_gap_investigation/phase427_kernel_profile/K2.5-tp4ep8dp2-8k2k,mixed,,13,decode_only,56,tp_or_dp_allreduce,34.451691,0.837306,0.010172,0.000295,,,,,,1.516977,0.595460,0.357492,0.047048,,blocked_prefill_not_captured,0,70,prefill_steps_not_captured,decode_batch_span_too_narrow_for_slope,phase427_trace_decode_only_prefill_recollect_required,recollect_true_mixed_prefill_window_before_runtime_change,recollect_decode_batch_sweep_then_reprofile_prefill,false,false,false,false,false,false,true,No-Go
phase428_perstep_kernel_attrib,step,K2.5-tp4ep8dp2-8k2k,docs/iter_gap_investigation/phase427_kernel_profile/K2.5-tp4ep8dp2-8k2k,mixed,,14,decode_only,56,,34.377223,,0.016215,0.000472,,,,,,1.516977,0.595460,0.357492,0.047048,,blocked_prefill_not_captured,0,70,prefill_steps_not_captured,decode_batch_span_too_narrow_for_slope,phase427_trace_decode_only_prefill_recollect_required,recollect_true_mixed_prefill_window_before_runtime_change,recollect_decode_batch_sweep_then_reprofile_prefill,false,false,false,false,false,false,true,No-Go
phase428_perstep_kernel_attrib,step_category,K2.5-tp4ep8dp2-8k2k,docs/iter_gap_investigation/phase427_kernel_profile/K2.5-tp4ep8dp2-8k2k,mixed,,14,decode_only,56,dense_gemm,34.377223,5.011374,0.016215,0.000472,,,,,,1.516977,0.595460,0.357492,0.047048,,blocked_prefill_not_captured,0,70,prefill_steps_not_captured,decode_batch_span_too_narrow_for_slope,phase427_trace_decode_only_prefill_recollect_required,recollect_true_mixed_prefill_window_before_runtime_change,recollect_decode_batch_sweep_then_reprofile_prefill,false,false,false,false,false,false,true,No-Go
phase428_perstep_kernel_attrib,step_category,K2.5-tp4ep8dp2-8k2k,docs/iter_gap_investigation/phase427_kernel_profile/K2.5-tp4ep8dp2-8k2k,mixed,,14,decode_only,56,ep_a2a,34.377223,7.372983,0.016215,0.000472,,,,,,1.516977,0.595460,0.357492,0.047048,,blocked_prefill_not_captured,0,70,prefill_steps_not_captured,decode_batch_span_too_narrow_for_slope,phase427_trace_decode_only_prefill_recollect_required,recollect_true_mixed_prefill_window_before_runtime_change,recollect_decode_batch_sweep_then_reprofile_prefill,false,false,false,false,false,false,true,No-Go
phase428_perstep_kernel_attrib,step_category,K2.5-tp4ep8dp2-8k2k,docs/iter_gap_investigation/phase427_kernel_profile/K2.5-tp4ep8dp2-8k2k,mixed,,14,decode_only,56,memcpy_memset,34.377223,0.161765,0.016215,0.000472,,,,,,1.516977,0.595460,0.357492,0.047048,,blocked_prefill_not_captured,0,70,prefill_steps_not_captured,decode_batch_span_too_narrow_for_slope,phase427_trace_decode_only_prefill_recollect_required,recollect_true_mixed_prefill_window_before_runtime_change,recollect_decode_batch_sweep_then_reprofile_prefill,false,false,false,false,false,false,true,No-Go
phase428_perstep_kernel_attrib,step_category,K2.5-tp4ep8dp2-8k2k,docs/iter_gap_investigation/phase427_kernel_profile/K2.5-tp4ep8dp2-8k2k,mixed,,14,decode_only,56,mla_attention,34.377223,11.444456,0.016215,0.000472,,,,,,1.516977,0.595460,0.357492,0.047048,,blocked_prefill_not_captured,0,70,prefill_steps_not_captured,decode_batch_span_too_narrow_for_slope,phase427_trace_decode_only_prefill_recollect_required,recollect_true_mixed_prefill_window_before_runtime_change,recollect_decode_batch_sweep_then_reprofile_prefill,false,false,false,false,false,false,true,No-Go
phase428_perstep_kernel_attrib,step_category,K2.5-tp4ep8dp2-8k2k,docs/iter_gap_investigation/phase427_kernel_profile/K2.5-tp4ep8dp2-8k2k,mixed,,14,decode_only,56,moe_gemm_or_aux,34.377223,7.334925,0.016215,0.000472,,,,,,1.516977,0.595460,0.357492,0.047048,,blocked_prefill_not_captured,0,70,prefill_steps_not_captured,decode_batch_span_too_narrow_for_slope,phase427_trace_decode_only_prefill_recollect_required,recollect_true_mixed_prefill_window_before_runtime_change,recollect_decode_batch_sweep_then_reprofile_prefill,false,false,false,false,false,false,true,No-Go
phase428_perstep_kernel_attrib,step_category,K2.5-tp4ep8dp2-8k2k,docs/iter_gap_investigation/phase427_kernel_profile/K2.5-tp4ep8dp2-8k2k,mixed,,14,decode_only,56,other_cuda,34.377223,2.312303,0.016215,0.000472,,,,,,1.516977,0.595460,0.357492,0.047048,,blocked_prefill_not_captured,0,70,prefill_steps_not_captured,decode_batch_span_too_narrow_for_slope,phase427_trace_decode_only_prefill_recollect_required,recollect_true_mixed_prefill_window_before_runtime_change,recollect_decode_batch_sweep_then_reprofile_prefill,false,false,false,false,false,false,true,No-Go
phase428_perstep_kernel_attrib,step_category,K2.5-tp4ep8dp2-8k2k,docs/iter_gap_investigation/phase427_kernel_profile/K2.5-tp4ep8dp2-8k2k,mixed,,14,decode_only,56,tp_or_dp_allreduce,34.377223,0.833380,0.016215,0.000472,,,,,,1.516977,0.595460,0.357492,0.047048,,blocked_prefill_not_captured,0,70,prefill_steps_not_captured,decode_batch_span_too_narrow_for_slope,phase427_trace_decode_only_prefill_recollect_required,recollect_true_mixed_prefill_window_before_runtime_change,recollect_decode_batch_sweep_then_reprofile_prefill,false,false,false,false,false,false,true,No-Go
phase428_perstep_kernel_attrib,step,K2.5-tp4ep8dp2-8k2k,docs/iter_gap_investigation/phase427_kernel_profile/K2.5-tp4ep8dp2-8k2k,mixed,,15,decode_only,56,,34.506372,,0.012670,0.000367,,,,,,1.516977,0.595460,0.357492,0.047048,,blocked_prefill_not_captured,0,70,prefill_steps_not_captured,decode_batch_span_too_narrow_for_slope,phase427_trace_decode_only_prefill_recollect_required,recollect_true_mixed_prefill_window_before_runtime_change,recollect_decode_batch_sweep_then_reprofile_prefill,false,false,false,false,false,false,true,No-Go
phase428_perstep_kernel_attrib,step_category,K2.5-tp4ep8dp2-8k2k,docs/iter_gap_investigation/phase427_kernel_profile/K2.5-tp4ep8dp2-8k2k,mixed,,15,decode_only,56,dense_gemm,34.506372,5.014901,0.012670,0.000367,,,,,,1.516977,0.595460,0.357492,0.047048,,blocked_prefill_not_captured,0,70,prefill_steps_not_captured,decode_batch_span_too_narrow_for_slope,phase427_trace_decode_only_prefill_recollect_required,recollect_true_mixed_prefill_window_before_runtime_change,recollect_decode_batch_sweep_then_reprofile_prefill,false,false,false,false,false,false,true,No-Go
phase428_perstep_kernel_attrib,step_category,K2.5-tp4ep8dp2-8k2k,docs/iter_gap_investigation/phase427_kernel_profile/K2.5-tp4ep8dp2-8k2k,mixed,,15,decode_only,56,ep_a2a,34.506372,7.410395,0.012670,0.000367,,,,,,1.516977,0.595460,0.357492,0.047048,,blocked_prefill_not_captured,0,70,prefill_steps_not_captured,decode_batch_span_too_narrow_for_slope,phase427_trace_decode_only_prefill_recollect_required,recollect_true_mixed_prefill_window_before_runtime_change,recollect_decode_batch_sweep_then_reprofile_prefill,false,false,false,false,false,false,true,No-Go
phase428_perstep_kernel_attrib,step_category,K2.5-tp4ep8dp2-8k2k,docs/iter_gap_investigation/phase427_kernel_profile/K2.5-tp4ep8dp2-8k2k,mixed,,15,decode_only,56,memcpy_memset,34.506372,0.161025,0.012670,0.000367,,,,,,1.516977,0.595460,0.357492,0.047048,,blocked_prefill_not_captured,0,70,prefill_steps_not_captured,decode_batch_span_too_narrow_for_slope,phase427_trace_decode_only_prefill_recollect_required,recollect_true_mixed_prefill_window_before_runtime_change,recollect_decode_batch_sweep_then_reprofile_prefill,false,false,false,false,false,false,true,No-Go
phase428_perstep_kernel_attrib,step_category,K2.5-tp4ep8dp2-8k2k,docs/iter_gap_investigation/phase427_kernel_profile/K2.5-tp4ep8dp2-8k2k,mixed,,15,decode_only,56,mla_attention,34.506372,11.447121,0.012670,0.000367,,,,,,1.516977,0.595460,0.357492,0.047048,,blocked_prefill_not_captured,0,70,prefill_steps_not_captured,decode_batch_span_too_narrow_for_slope,phase427_trace_decode_only_prefill_recollect_required,recollect_true_mixed_prefill_window_before_runtime_change,recollect_decode_batch_sweep_then_reprofile_prefill,false,false,false,false,false,false,true,No-Go
phase428_perstep_kernel_attrib,step_category,K2.5-tp4ep8dp2-8k2k,docs/iter_gap_investigation/phase427_kernel_profile/K2.5-tp4ep8dp2-8k2k,mixed,,15,decode_only,56,moe_gemm_or_aux,34.506372,7.412119,0.012670,0.000367,,,,,,1.516977,0.595460,0.357492,0.047048,,blocked_prefill_not_captured,0,70,prefill_steps_not_captured,decode_batch_span_too_narrow_for_slope,phase427_trace_decode_only_prefill_recollect_required,recollect_true_mixed_prefill_window_before_runtime_change,recollect_decode_batch_sweep_then_reprofile_prefill,false,false,false,false,false,false,true,No-Go
phase428_perstep_kernel_attrib,step_category,K2.5-tp4ep8dp2-8k2k,docs/iter_gap_investigation/phase427_kernel_profile/K2.5-tp4ep8dp2-8k2k,mixed,,15,decode_only,56,other_cuda,34.506372,2.310645,0.012670,0.000367,,,,,,1.516977,0.595460,0.357492,0.047048,,blocked_prefill_not_captured,0,70,prefill_steps_not_captured,decode_batch_span_too_narrow_for_slope,phase427_trace_decode_only_prefill_recollect_required,recollect_true_mixed_prefill_window_before_runtime_change,recollect_decode_batch_sweep_then_reprofile_prefill,false,false,false,false,false,false,true,No-Go
phase428_perstep_kernel_attrib,step_category,K2.5-tp4ep8dp2-8k2k,docs/iter_gap_investigation/phase427_kernel_profile/K2.5-tp4ep8dp2-8k2k,mixed,,15,decode_only,56,tp_or_dp_allreduce,34.506372,0.834420,0.012670,0.000367,,,,,,1.516977,0.595460,0.357492,0.047048,,blocked_prefill_not_captured,0,70,prefill_steps_not_captured,decode_batch_span_too_narrow_for_slope,phase427_trace_decode_only_prefill_recollect_required,recollect_true_mixed_prefill_window_before_runtime_change,recollect_decode_batch_sweep_then_reprofile_prefill,false,false,false,false,false,false,true,No-Go
phase428_perstep_kernel_attrib,step,K2.5-tp4ep8dp2-8k2k,docs/iter_gap_investigation/phase427_kernel_profile/K2.5-tp4ep8dp2-8k2k,mixed,,16,decode_only,56,,34.893377,,0.011999,0.000344,,,,,,1.516977,0.595460,0.357492,0.047048,,blocked_prefill_not_captured,0,70,prefill_steps_not_captured,decode_batch_span_too_narrow_for_slope,phase427_trace_decode_only_prefill_recollect_required,recollect_true_mixed_prefill_window_before_runtime_change,recollect_decode_batch_sweep_then_reprofile_prefill,false,false,false,false,false,false,true,No-Go
phase428_perstep_kernel_attrib,step_category,K2.5-tp4ep8dp2-8k2k,docs/iter_gap_investigation/phase427_kernel_profile/K2.5-tp4ep8dp2-8k2k,mixed,,16,decode_only,56,dense_gemm,34.893377,5.009957,0.011999,0.000344,,,,,,1.516977,0.595460,0.357492,0.047048,,blocked_prefill_not_captured,0,70,prefill_steps_not_captured,decode_batch_span_too_narrow_for_slope,phase427_trace_decode_only_prefill_recollect_required,recollect_true_mixed_prefill_window_before_runtime_change,recollect_decode_batch_sweep_then_reprofile_prefill,false,false,false,false,false,false,true,No-Go
phase428_perstep_kernel_attrib,step_category,K2.5-tp4ep8dp2-8k2k,docs/iter_gap_investigation/phase427_kernel_profile/K2.5-tp4ep8dp2-8k2k,mixed,,16,decode_only,56,ep_a2a,34.893377,7.657813,0.011999,0.000344,,,,,,1.516977,0.595460,0.357492,0.047048,,blocked_prefill_not_captured,0,70,prefill_steps_not_captured,decode_batch_span_too_narrow_for_slope,phase427_trace_decode_only_prefill_recollect_required,recollect_true_mixed_prefill_window_before_runtime_change,recollect_decode_batch_sweep_then_reprofile_prefill,false,false,false,false,false,false,true,No-Go
phase428_perstep_kernel_attrib,step_category,K2.5-tp4ep8dp2-8k2k,docs/iter_gap_investigation/phase427_kernel_profile/K2.5-tp4ep8dp2-8k2k,mixed,,16,decode_only,56,memcpy_memset,34.893377,0.163748,0.011999,0.000344,,,,,,1.516977,0.595460,0.357492,0.047048,,blocked_prefill_not_captured,0,70,prefill_steps_not_captured,decode_batch_span_too_narrow_for_slope,phase427_trace_decode_only_prefill_recollect_required,recollect_true_mixed_prefill_window_before_runtime_change,recollect_decode_batch_sweep_then_reprofile_prefill,false,false,false,false,false,false,true,No-Go
phase428_perstep_kernel_attrib,step_category,K2.5-tp4ep8dp2-8k2k,docs/iter_gap_investigation/phase427_kernel_profile/K2.5-tp4ep8dp2-8k2k,mixed,,16,decode_only,56,mla_attention,34.893377,11.446563,0.011999,0.000344,,,,,,1.516977,0.595460,0.357492,0.047048,,blocked_prefill_not_captured,0,70,prefill_steps_not_captured,decode_batch_span_too_narrow_for_slope,phase427_trace_decode_only_prefill_recollect_required,recollect_true_mixed_prefill_window_before_runtime_change,recollect_decode_batch_sweep_then_reprofile_prefill,false,false,false,false,false,false,true,No-Go
phase428_perstep_kernel_attrib,step_category,K2.5-tp4ep8dp2-8k2k,docs/iter_gap_investigation/phase427_kernel_profile/K2.5-tp4ep8dp2-8k2k,mixed,,16,decode_only,56,moe_gemm_or_aux,34.893377,7.583199,0.011999,0.000344,,,,,,1.516977,0.595460,0.357492,0.047048,,blocked_prefill_not_captured,0,70,prefill_steps_not_captured,decode_batch_span_too_narrow_for_slope,phase427_trace_decode_only_prefill_recollect_required,recollect_true_mixed_prefill_window_before_runtime_change,recollect_decode_batch_sweep_then_reprofile_prefill,false,false,false,false,false,false,true,No-Go
phase428_perstep_kernel_attrib,step_category,K2.5-tp4ep8dp2-8k2k,docs/iter_gap_investigation/phase427_kernel_profile/K2.5-tp4ep8dp2-8k2k,mixed,,16,decode_only,56,other_cuda,34.893377,2.309642,0.011999,0.000344,,,,,,1.516977,0.595460,0.357492,0.047048,,blocked_prefill_not_captured,0,70,prefill_steps_not_captured,decode_batch_span_too_narrow_for_slope,phase427_trace_decode_only_prefill_recollect_required,recollect_true_mixed_prefill_window_before_runtime_change,recollect_decode_batch_sweep_then_reprofile_prefill,false,false,false,false,false,false,true,No-Go
phase428_perstep_kernel_attrib,step_category,K2.5-tp4ep8dp2-8k2k,docs/iter_gap_investigation/phase427_kernel_profile/K2.5-tp4ep8dp2-8k2k,mixed,,16,decode_only,56,tp_or_dp_allreduce,34.893377,0.829599,0.011999,0.000344,,,,,,1.516977,0.595460,0.357492,0.047048,,blocked_prefill_not_captured,0,70,prefill_steps_not_captured,decode_batch_span_too_narrow_for_slope,phase427_trace_decode_only_prefill_recollect_required,recollect_true_mixed_prefill_window_before_runtime_change,recollect_decode_batch_sweep_then_reprofile_prefill,false,false,false,false,false,false,true,No-Go
phase428_perstep_kernel_attrib,step,K2.5-tp4ep8dp2-8k2k,docs/iter_gap_investigation/phase427_kernel_profile/K2.5-tp4ep8dp2-8k2k,mixed,,17,decode_only,56,,34.376677,,0.000000,0.000000,,,,,,1.516977,0.595460,0.357492,0.047048,,blocked_prefill_not_captured,0,70,prefill_steps_not_captured,decode_batch_span_too_narrow_for_slope,phase427_trace_decode_only_prefill_recollect_required,recollect_true_mixed_prefill_window_before_runtime_change,recollect_decode_batch_sweep_then_reprofile_prefill,false,false,false,false,false,false,true,No-Go
phase428_perstep_kernel_attrib,step_category,K2.5-tp4ep8dp2-8k2k,docs/iter_gap_investigation/phase427_kernel_profile/K2.5-tp4ep8dp2-8k2k,mixed,,17,decode_only,56,dense_gemm,34.376677,5.010427,0.000000,0.000000,,,,,,1.516977,0.595460,0.357492,0.047048,,blocked_prefill_not_captured,0,70,prefill_steps_not_captured,decode_batch_span_too_narrow_for_slope,phase427_trace_decode_only_prefill_recollect_required,recollect_true_mixed_prefill_window_before_runtime_change,recollect_decode_batch_sweep_then_reprofile_prefill,false,false,false,false,false,false,true,No-Go
phase428_perstep_kernel_attrib,step_category,K2.5-tp4ep8dp2-8k2k,docs/iter_gap_investigation/phase427_kernel_profile/K2.5-tp4ep8dp2-8k2k,mixed,,17,decode_only,56,ep_a2a,34.376677,7.226263,0.000000,0.000000,,,,,,1.516977,0.595460,0.357492,0.047048,,blocked_prefill_not_captured,0,70,prefill_steps_not_captured,decode_batch_span_too_narrow_for_slope,phase427_trace_decode_only_prefill_recollect_required,recollect_true_mixed_prefill_window_before_runtime_change,recollect_decode_batch_sweep_then_reprofile_prefill,false,false,false,false,false,false,true,No-Go
phase428_perstep_kernel_attrib,step_category,K2.5-tp4ep8dp2-8k2k,docs/iter_gap_investigation/phase427_kernel_profile/K2.5-tp4ep8dp2-8k2k,mixed,,17,decode_only,56,memcpy_memset,34.376677,0.162760,0.000000,0.000000,,,,,,1.516977,0.595460,0.357492,0.047048,,blocked_prefill_not_captured,0,70,prefill_steps_not_captured,decode_batch_span_too_narrow_for_slope,phase427_trace_decode_only_prefill_recollect_required,recollect_true_mixed_prefill_window_before_runtime_change,recollect_decode_batch_sweep_then_reprofile_prefill,false,false,false,false,false,false,true,No-Go
phase428_perstep_kernel_attrib,step_category,K2.5-tp4ep8dp2-8k2k,docs/iter_gap_investigation/phase427_kernel_profile/K2.5-tp4ep8dp2-8k2k,mixed,,17,decode_only,56,mla_attention,34.376677,11.469190,0.000000,0.000000,,,,,,1.516977,0.595460,0.357492,0.047048,,blocked_prefill_not_captured,0,70,prefill_steps_not_captured,decode_batch_span_too_narrow_for_slope,phase427_trace_decode_only_prefill_recollect_required,recollect_true_mixed_prefill_window_before_runtime_change,recollect_decode_batch_sweep_then_reprofile_prefill,false,false,false,false,false,false,true,No-Go
phase428_perstep_kernel_attrib,step_category,K2.5-tp4ep8dp2-8k2k,docs/iter_gap_investigation/phase427_kernel_profile/K2.5-tp4ep8dp2-8k2k,mixed,,17,decode_only,56,moe_gemm_or_aux,34.376677,7.428039,0.000000,0.000000,,,,,,1.516977,0.595460,0.357492,0.047048,,blocked_prefill_not_captured,0,70,prefill_steps_not_captured,decode_batch_span_too_narrow_for_slope,phase427_trace_decode_only_prefill_recollect_required,recollect_true_mixed_prefill_window_before_runtime_change,recollect_decode_batch_sweep_then_reprofile_prefill,false,false,false,false,false,false,true,No-Go
phase428_perstep_kernel_attrib,step_category,K2.5-tp4ep8dp2-8k2k,docs/iter_gap_investigation/phase427_kernel_profile/K2.5-tp4ep8dp2-8k2k,mixed,,17,decode_only,56,other_cuda,34.376677,2.311066,0.000000,0.000000,,,,,,1.516977,0.595460,0.357492,0.047048,,blocked_prefill_not_captured,0,70,prefill_steps_not_captured,decode_batch_span_too_narrow_for_slope,phase427_trace_decode_only_prefill_recollect_required,recollect_true_mixed_prefill_window_before_runtime_change,recollect_decode_batch_sweep_then_reprofile_prefill,false,false,false,false,false,false,true,No-Go
phase428_perstep_kernel_attrib,step_category,K2.5-tp4ep8dp2-8k2k,docs/iter_gap_investigation/phase427_kernel_profile/K2.5-tp4ep8dp2-8k2k,mixed,,17,decode_only,56,tp_or_dp_allreduce,34.376677,0.832565,0.000000,0.000000,,,,,,1.516977,0.595460,0.357492,0.047048,,blocked_prefill_not_captured,0,70,prefill_steps_not_captured,decode_batch_span_too_narrow_for_slope,phase427_trace_decode_only_prefill_recollect_required,recollect_true_mixed_prefill_window_before_runtime_change,recollect_decode_batch_sweep_then_reprofile_prefill,false,false,false,false,false,false,true,No-Go
phase428_perstep_kernel_attrib,step,K2.5-tp4ep8dp2-8k2k,docs/iter_gap_investigation/phase427_kernel_profile/K2.5-tp4ep8dp2-8k2k,mixed,,18,decode_only,56,,34.595056,,0.008611,0.000249,,,,,,1.516977,0.595460,0.357492,0.047048,,blocked_prefill_not_captured,0,70,prefill_steps_not_captured,decode_batch_span_too_narrow_for_slope,phase427_trace_decode_only_prefill_recollect_required,recollect_true_mixed_prefill_window_before_runtime_change,recollect_decode_batch_sweep_then_reprofile_prefill,false,false,false,false,false,false,true,No-Go
phase428_perstep_kernel_attrib,step_category,K2.5-tp4ep8dp2-8k2k,docs/iter_gap_investigation/phase427_kernel_profile/K2.5-tp4ep8dp2-8k2k,mixed,,18,decode_only,56,dense_gemm,34.595056,5.011871,0.008611,0.000249,,,,,,1.516977,0.595460,0.357492,0.047048,,blocked_prefill_not_captured,0,70,prefill_steps_not_captured,decode_batch_span_too_narrow_for_slope,phase427_trace_decode_only_prefill_recollect_required,recollect_true_mixed_prefill_window_before_runtime_change,recollect_decode_batch_sweep_then_reprofile_prefill,false,false,false,false,false,false,true,No-Go
phase428_perstep_kernel_attrib,step_category,K2.5-tp4ep8dp2-8k2k,docs/iter_gap_investigation/phase427_kernel_profile/K2.5-tp4ep8dp2-8k2k,mixed,,18,decode_only,56,ep_a2a,34.595056,7.471764,0.008611,0.000249,,,,,,1.516977,0.595460,0.357492,0.047048,,blocked_prefill_not_captured,0,70,prefill_steps_not_captured,decode_batch_span_too_narrow_for_slope,phase427_trace_decode_only_prefill_recollect_required,recollect_true_mixed_prefill_window_before_runtime_change,recollect_decode_batch_sweep_then_reprofile_prefill,false,false,false,false,false,false,true,No-Go
phase428_perstep_kernel_attrib,step_category,K2.5-tp4ep8dp2-8k2k,docs/iter_gap_investigation/phase427_kernel_profile/K2.5-tp4ep8dp2-8k2k,mixed,,18,decode_only,56,memcpy_memset,34.595056,0.164884,0.008611,0.000249,,,,,,1.516977,0.595460,0.357492,0.047048,,blocked_prefill_not_captured,0,70,prefill_steps_not_captured,decode_batch_span_too_narrow_for_slope,phase427_trace_decode_only_prefill_recollect_required,recollect_true_mixed_prefill_window_before_runtime_change,recollect_decode_batch_sweep_then_reprofile_prefill,false,false,false,false,false,false,true,No-Go
phase428_perstep_kernel_attrib,step_category,K2.5-tp4ep8dp2-8k2k,docs/iter_gap_investigation/phase427_kernel_profile/K2.5-tp4ep8dp2-8k2k,mixed,,18,decode_only,56,mla_attention,34.595056,11.633670,0.008611,0.000249,,,,,,1.516977,0.595460,0.357492,0.047048,,blocked_prefill_not_captured,0,70,prefill_steps_not_captured,decode_batch_span_too_narrow_for_slope,phase427_trace_decode_only_prefill_recollect_required,recollect_true_mixed_prefill_window_before_runtime_change,recollect_decode_batch_sweep_then_reprofile_prefill,false,false,false,false,false,false,true,No-Go
phase428_perstep_kernel_attrib,step_category,K2.5-tp4ep8dp2-8k2k,docs/iter_gap_investigation/phase427_kernel_profile/K2.5-tp4ep8dp2-8k2k,mixed,,18,decode_only,56,moe_gemm_or_aux,34.595056,7.347111,0.008611,0.000249,,,,,,1.516977,0.595460,0.357492,0.047048,,blocked_prefill_not_captured,0,70,prefill_steps_not_captured,decode_batch_span_too_narrow_for_slope,phase427_trace_decode_only_prefill_recollect_required,recollect_true_mixed_prefill_window_before_runtime_change,recollect_decode_batch_sweep_then_reprofile_prefill,false,false,false,false,false,false,true,No-Go
phase428_perstep_kernel_attrib,step_category,K2.5-tp4ep8dp2-8k2k,docs/iter_gap_investigation/phase427_kernel_profile/K2.5-tp4ep8dp2-8k2k,mixed,,18,decode_only,56,other_cuda,34.595056,2.311108,0.008611,0.000249,,,,,,1.516977,0.595460,0.357492,0.047048,,blocked_prefill_not_captured,0,70,prefill_steps_not_captured,decode_batch_span_too_narrow_for_slope,phase427_trace_decode_only_prefill_recollect_required,recollect_true_mixed_prefill_window_before_runtime_change,recollect_decode_batch_sweep_then_reprofile_prefill,false,false,false,false,false,false,true,No-Go
phase428_perstep_kernel_attrib,step_category,K2.5-tp4ep8dp2-8k2k,docs/iter_gap_investigation/phase427_kernel_profile/K2.5-tp4ep8dp2-8k2k,mixed,,18,decode_only,56,tp_or_dp_allreduce,34.595056,0.833057,0.008611,0.000249,,,,,,1.516977,0.595460,0.357492,0.047048,,blocked_prefill_not_captured,0,70,prefill_steps_not_captured,decode_batch_span_too_narrow_for_slope,phase427_trace_decode_only_prefill_recollect_required,recollect_true_mixed_prefill_window_before_runtime_change,recollect_decode_batch_sweep_then_reprofile_prefill,false,false,false,false,false,false,true,No-Go
phase428_perstep_kernel_attrib,step,K2.5-tp4ep8dp2-8k2k,docs/iter_gap_investigation/phase427_kernel_profile/K2.5-tp4ep8dp2-8k2k,mixed,,19,decode_only,56,,34.431225,,0.009986,0.000290,,,,,,1.516977,0.595460,0.357492,0.047048,,blocked_prefill_not_captured,0,70,prefill_steps_not_captured,decode_batch_span_too_narrow_for_slope,phase427_trace_decode_only_prefill_recollect_required,recollect_true_mixed_prefill_window_before_runtime_change,recollect_decode_batch_sweep_then_reprofile_prefill,false,false,false,false,false,false,true,No-Go
phase428_perstep_kernel_attrib,step_category,K2.5-tp4ep8dp2-8k2k,docs/iter_gap_investigation/phase427_kernel_profile/K2.5-tp4ep8dp2-8k2k,mixed,,19,decode_only,56,dense_gemm,34.431225,5.009074,0.009986,0.000290,,,,,,1.516977,0.595460,0.357492,0.047048,,blocked_prefill_not_captured,0,70,prefill_steps_not_captured,decode_batch_span_too_narrow_for_slope,phase427_trace_decode_only_prefill_recollect_required,recollect_true_mixed_prefill_window_before_runtime_change,recollect_decode_batch_sweep_then_reprofile_prefill,false,false,false,false,false,false,true,No-Go
phase428_perstep_kernel_attrib,step_category,K2.5-tp4ep8dp2-8k2k,docs/iter_gap_investigation/phase427_kernel_profile/K2.5-tp4ep8dp2-8k2k,mixed,,19,decode_only,56,ep_a2a,34.431225,7.434403,0.009986,0.000290,,,,,,1.516977,0.595460,0.357492,0.047048,,blocked_prefill_not_captured,0,70,prefill_steps_not_captured,decode_batch_span_too_narrow_for_slope,phase427_trace_decode_only_prefill_recollect_required,recollect_true_mixed_prefill_window_before_runtime_change,recollect_decode_batch_sweep_then_reprofile_prefill,false,false,false,false,false,false,true,No-Go
phase428_perstep_kernel_attrib,step_category,K2.5-tp4ep8dp2-8k2k,docs/iter_gap_investigation/phase427_kernel_profile/K2.5-tp4ep8dp2-8k2k,mixed,,19,decode_only,56,memcpy_memset,34.431225,0.161097,0.009986,0.000290,,,,,,1.516977,0.595460,0.357492,0.047048,,blocked_prefill_not_captured,0,70,prefill_steps_not_captured,decode_batch_span_too_narrow_for_slope,phase427_trace_decode_only_prefill_recollect_required,recollect_true_mixed_prefill_window_before_runtime_change,recollect_decode_batch_sweep_then_reprofile_prefill,false,false,false,false,false,false,true,No-Go
phase428_perstep_kernel_attrib,step_category,K2.5-tp4ep8dp2-8k2k,docs/iter_gap_investigation/phase427_kernel_profile/K2.5-tp4ep8dp2-8k2k,mixed,,19,decode_only,56,mla_attention,34.431225,11.295792,0.009986,0.000290,,,,,,1.516977,0.595460,0.357492,0.047048,,blocked_prefill_not_captured,0,70,prefill_steps_not_captured,decode_batch_span_too_narrow_for_slope,phase427_trace_decode_only_prefill_recollect_required,recollect_true_mixed_prefill_window_before_runtime_change,recollect_decode_batch_sweep_then_reprofile_prefill,false,false,false,false,false,false,true,No-Go
phase428_perstep_kernel_attrib,step_category,K2.5-tp4ep8dp2-8k2k,docs/iter_gap_investigation/phase427_kernel_profile/K2.5-tp4ep8dp2-8k2k,mixed,,19,decode_only,56,moe_gemm_or_aux,34.431225,7.439685,0.009986,0.000290,,,,,,1.516977,0.595460,0.357492,0.047048,,blocked_prefill_not_captured,0,70,prefill_steps_not_captured,decode_batch_span_too_narrow_for_slope,phase427_trace_decode_only_prefill_recollect_required,recollect_true_mixed_prefill_window_before_runtime_change,recollect_decode_batch_sweep_then_reprofile_prefill,false,false,false,false,false,false,true,No-Go
phase428_perstep_kernel_attrib,step_category,K2.5-tp4ep8dp2-8k2k,docs/iter_gap_investigation/phase427_kernel_profile/K2.5-tp4ep8dp2-8k2k,mixed,,19,decode_only,56,other_cuda,34.431225,2.311941,0.009986,0.000290,,,,,,1.516977,0.595460,0.357492,0.047048,,blocked_prefill_not_captured,0,70,prefill_steps_not_captured,decode_batch_span_too_narrow_for_slope,phase427_trace_decode_only_prefill_recollect_required,recollect_true_mixed_prefill_window_before_runtime_change,recollect_decode_batch_sweep_then_reprofile_prefill,false,false,false,false,false,false,true,No-Go
phase428_perstep_kernel_attrib,step_category,K2.5-tp4ep8dp2-8k2k,docs/iter_gap_investigation/phase427_kernel_profile/K2.5-tp4ep8dp2-8k2k,mixed,,19,decode_only,56,tp_or_dp_allreduce,34.431225,0.825772,0.009986,0.000290,,,,,,1.516977,0.595460,0.357492,0.047048,,blocked_prefill_not_captured,0,70,prefill_steps_not_captured,decode_batch_span_too_narrow_for_slope,phase427_trace_decode_only_prefill_recollect_required,recollect_true_mixed_prefill_window_before_runtime_change,recollect_decode_batch_sweep_then_reprofile_prefill,false,false,false,false,false,false,true,No-Go
phase428_perstep_kernel_attrib,step,K2.5-tp4ep8dp2-8k2k,docs/iter_gap_investigation/phase427_kernel_profile/K2.5-tp4ep8dp2-8k2k,mixed,,20,decode_only,56,,34.492685,,0.011420,0.000331,,,,,,1.516977,0.595460,0.357492,0.047048,,blocked_prefill_not_captured,0,70,prefill_steps_not_captured,decode_batch_span_too_narrow_for_slope,phase427_trace_decode_only_prefill_recollect_required,recollect_true_mixed_prefill_window_before_runtime_change,recollect_decode_batch_sweep_then_reprofile_prefill,false,false,false,false,false,false,true,No-Go
phase428_perstep_kernel_attrib,step_category,K2.5-tp4ep8dp2-8k2k,docs/iter_gap_investigation/phase427_kernel_profile/K2.5-tp4ep8dp2-8k2k,mixed,,20,decode_only,56,dense_gemm,34.492685,5.006117,0.011420,0.000331,,,,,,1.516977,0.595460,0.357492,0.047048,,blocked_prefill_not_captured,0,70,prefill_steps_not_captured,decode_batch_span_too_narrow_for_slope,phase427_trace_decode_only_prefill_recollect_required,recollect_true_mixed_prefill_window_before_runtime_change,recollect_decode_batch_sweep_then_reprofile_prefill,false,false,false,false,false,false,true,No-Go
phase428_perstep_kernel_attrib,step_category,K2.5-tp4ep8dp2-8k2k,docs/iter_gap_investigation/phase427_kernel_profile/K2.5-tp4ep8dp2-8k2k,mixed,,20,decode_only,56,ep_a2a,34.492685,7.409565,0.011420,0.000331,,,,,,1.516977,0.595460,0.357492,0.047048,,blocked_prefill_not_captured,0,70,prefill_steps_not_captured,decode_batch_span_too_narrow_for_slope,phase427_trace_decode_only_prefill_recollect_required,recollect_true_mixed_prefill_window_before_runtime_change,recollect_decode_batch_sweep_then_reprofile_prefill,false,false,false,false,false,false,true,No-Go
phase428_perstep_kernel_attrib,step_category,K2.5-tp4ep8dp2-8k2k,docs/iter_gap_investigation/phase427_kernel_profile/K2.5-tp4ep8dp2-8k2k,mixed,,20,decode_only,56,memcpy_memset,34.492685,0.159337,0.011420,0.000331,,,,,,1.516977,0.595460,0.357492,0.047048,,blocked_prefill_not_captured,0,70,prefill_steps_not_captured,decode_batch_span_too_narrow_for_slope,phase427_trace_decode_only_prefill_recollect_required,recollect_true_mixed_prefill_window_before_runtime_change,recollect_decode_batch_sweep_then_reprofile_prefill,false,false,false,false,false,false,true,No-Go
phase428_perstep_kernel_attrib,step_category,K2.5-tp4ep8dp2-8k2k,docs/iter_gap_investigation/phase427_kernel_profile/K2.5-tp4ep8dp2-8k2k,mixed,,20,decode_only,56,mla_attention,34.492685,11.460597,0.011420,0.000331,,,,,,1.516977,0.595460,0.357492,0.047048,,blocked_prefill_not_captured,0,70,prefill_steps_not_captured,decode_batch_span_too_narrow_for_slope,phase427_trace_decode_only_prefill_recollect_required,recollect_true_mixed_prefill_window_before_runtime_change,recollect_decode_batch_sweep_then_reprofile_prefill,false,false,false,false,false,false,true,No-Go
phase428_perstep_kernel_attrib,step_category,K2.5-tp4ep8dp2-8k2k,docs/iter_gap_investigation/phase427_kernel_profile/K2.5-tp4ep8dp2-8k2k,mixed,,20,decode_only,56,moe_gemm_or_aux,34.492685,7.438931,0.011420,0.000331,,,,,,1.516977,0.595460,0.357492,0.047048,,blocked_prefill_not_captured,0,70,prefill_steps_not_captured,decode_batch_span_too_narrow_for_slope,phase427_trace_decode_only_prefill_recollect_required,recollect_true_mixed_prefill_window_before_runtime_change,recollect_decode_batch_sweep_then_reprofile_prefill,false,false,false,false,false,false,true,No-Go
phase428_perstep_kernel_attrib,step_category,K2.5-tp4ep8dp2-8k2k,docs/iter_gap_investigation/phase427_kernel_profile/K2.5-tp4ep8dp2-8k2k,mixed,,20,decode_only,56,other_cuda,34.492685,2.308979,0.011420,0.000331,,,,,,1.516977,0.595460,0.357492,0.047048,,blocked_prefill_not_captured,0,70,prefill_steps_not_captured,decode_batch_span_too_narrow_for_slope,phase427_trace_decode_only_prefill_recollect_required,recollect_true_mixed_prefill_window_before_runtime_change,recollect_decode_batch_sweep_then_reprofile_prefill,false,false,false,false,false,false,true,No-Go
phase428_perstep_kernel_attrib,step_category,K2.5-tp4ep8dp2-8k2k,docs/iter_gap_investigation/phase427_kernel_profile/K2.5-tp4ep8dp2-8k2k,mixed,,20,decode_only,56,tp_or_dp_allreduce,34.492685,0.830355,0.011420,0.000331,,,,,,1.516977,0.595460,0.357492,0.047048,,blocked_prefill_not_captured,0,70,prefill_steps_not_captured,decode_batch_span_too_narrow_for_slope,phase427_trace_decode_only_prefill_recollect_required,recollect_true_mixed_prefill_window_before_runtime_change,recollect_decode_batch_sweep_then_reprofile_prefill,false,false,false,false,false,false,true,No-Go
phase428_perstep_kernel_attrib,step,K2.5-tp4ep8dp2-8k2k,docs/iter_gap_investigation/phase427_kernel_profile/K2.5-tp4ep8dp2-8k2k,mixed,,21,decode_only,56,,34.737404,,0.000000,0.000000,,,,,,1.516977,0.595460,0.357492,0.047048,,blocked_prefill_not_captured,0,70,prefill_steps_not_captured,decode_batch_span_too_narrow_for_slope,phase427_trace_decode_only_prefill_recollect_required,recollect_true_mixed_prefill_window_before_runtime_change,recollect_decode_batch_sweep_then_reprofile_prefill,false,false,false,false,false,false,true,No-Go
phase428_perstep_kernel_attrib,step_category,K2.5-tp4ep8dp2-8k2k,docs/iter_gap_investigation/phase427_kernel_profile/K2.5-tp4ep8dp2-8k2k,mixed,,21,decode_only,56,dense_gemm,34.737404,5.009269,0.000000,0.000000,,,,,,1.516977,0.595460,0.357492,0.047048,,blocked_prefill_not_captured,0,70,prefill_steps_not_captured,decode_batch_span_too_narrow_for_slope,phase427_trace_decode_only_prefill_recollect_required,recollect_true_mixed_prefill_window_before_runtime_change,recollect_decode_batch_sweep_then_reprofile_prefill,false,false,false,false,false,false,true,No-Go
phase428_perstep_kernel_attrib,step_category,K2.5-tp4ep8dp2-8k2k,docs/iter_gap_investigation/phase427_kernel_profile/K2.5-tp4ep8dp2-8k2k,mixed,,21,decode_only,56,ep_a2a,34.737404,7.501876,0.000000,0.000000,,,,,,1.516977,0.595460,0.357492,0.047048,,blocked_prefill_not_captured,0,70,prefill_steps_not_captured,decode_batch_span_too_narrow_for_slope,phase427_trace_decode_only_prefill_recollect_required,recollect_true_mixed_prefill_window_before_runtime_change,recollect_decode_batch_sweep_then_reprofile_prefill,false,false,false,false,false,false,true,No-Go
phase428_perstep_kernel_attrib,step_category,K2.5-tp4ep8dp2-8k2k,docs/iter_gap_investigation/phase427_kernel_profile/K2.5-tp4ep8dp2-8k2k,mixed,,21,decode_only,56,memcpy_memset,34.737404,0.155972,0.000000,0.000000,,,,,,1.516977,0.595460,0.357492,0.047048,,blocked_prefill_not_captured,0,70,prefill_steps_not_captured,decode_batch_span_too_narrow_for_slope,phase427_trace_decode_only_prefill_recollect_required,recollect_true_mixed_prefill_window_before_runtime_change,recollect_decode_batch_sweep_then_reprofile_prefill,false,false,false,false,false,false,true,No-Go
phase428_perstep_kernel_attrib,step_category,K2.5-tp4ep8dp2-8k2k,docs/iter_gap_investigation/phase427_kernel_profile/K2.5-tp4ep8dp2-8k2k,mixed,,21,decode_only,56,mla_attention,34.737404,11.485435,0.000000,0.000000,,,,,,1.516977,0.595460,0.357492,0.047048,,blocked_prefill_not_captured,0,70,prefill_steps_not_captured,decode_batch_span_too_narrow_for_slope,phase427_trace_decode_only_prefill_recollect_required,recollect_true_mixed_prefill_window_before_runtime_change,recollect_decode_batch_sweep_then_reprofile_prefill,false,false,false,false,false,false,true,No-Go
phase428_perstep_kernel_attrib,step_category,K2.5-tp4ep8dp2-8k2k,docs/iter_gap_investigation/phase427_kernel_profile/K2.5-tp4ep8dp2-8k2k,mixed,,21,decode_only,56,moe_gemm_or_aux,34.737404,7.553803,0.000000,0.000000,,,,,,1.516977,0.595460,0.357492,0.047048,,blocked_prefill_not_captured,0,70,prefill_steps_not_captured,decode_batch_span_too_narrow_for_slope,phase427_trace_decode_only_prefill_recollect_required,recollect_true_mixed_prefill_window_before_runtime_change,recollect_decode_batch_sweep_then_reprofile_prefill,false,false,false,false,false,false,true,No-Go
phase428_perstep_kernel_attrib,step_category,K2.5-tp4ep8dp2-8k2k,docs/iter_gap_investigation/phase427_kernel_profile/K2.5-tp4ep8dp2-8k2k,mixed,,21,decode_only,56,other_cuda,34.737404,2.311535,0.000000,0.000000,,,,,,1.516977,0.595460,0.357492,0.047048,,blocked_prefill_not_captured,0,70,prefill_steps_not_captured,decode_batch_span_too_narrow_for_slope,phase427_trace_decode_only_prefill_recollect_required,recollect_true_mixed_prefill_window_before_runtime_change,recollect_decode_batch_sweep_then_reprofile_prefill,false,false,false,false,false,false,true,No-Go
phase428_perstep_kernel_attrib,step_category,K2.5-tp4ep8dp2-8k2k,docs/iter_gap_investigation/phase427_kernel_profile/K2.5-tp4ep8dp2-8k2k,mixed,,21,decode_only,56,tp_or_dp_allreduce,34.737404,0.834402,0.000000,0.000000,,,,,,1.516977,0.595460,0.357492,0.047048,,blocked_prefill_not_captured,0,70,prefill_steps_not_captured,decode_batch_span_too_narrow_for_slope,phase427_trace_decode_only_prefill_recollect_required,recollect_true_mixed_prefill_window_before_runtime_change,recollect_decode_batch_sweep_then_reprofile_prefill,false,false,false,false,false,false,true,No-Go
phase428_perstep_kernel_attrib,step,K2.5-tp4ep8dp2-8k2k,docs/iter_gap_investigation/phase427_kernel_profile/K2.5-tp4ep8dp2-8k2k,mixed,,22,decode_only,56,,34.337244,,0.002668,0.000078,,,,,,1.516977,0.595460,0.357492,0.047048,,blocked_prefill_not_captured,0,70,prefill_steps_not_captured,decode_batch_span_too_narrow_for_slope,phase427_trace_decode_only_prefill_recollect_required,recollect_true_mixed_prefill_window_before_runtime_change,recollect_decode_batch_sweep_then_reprofile_prefill,false,false,false,false,false,false,true,No-Go
phase428_perstep_kernel_attrib,step_category,K2.5-tp4ep8dp2-8k2k,docs/iter_gap_investigation/phase427_kernel_profile/K2.5-tp4ep8dp2-8k2k,mixed,,22,decode_only,56,dense_gemm,34.337244,5.018163,0.002668,0.000078,,,,,,1.516977,0.595460,0.357492,0.047048,,blocked_prefill_not_captured,0,70,prefill_steps_not_captured,decode_batch_span_too_narrow_for_slope,phase427_trace_decode_only_prefill_recollect_required,recollect_true_mixed_prefill_window_before_runtime_change,recollect_decode_batch_sweep_then_reprofile_prefill,false,false,false,false,false,false,true,No-Go
phase428_perstep_kernel_attrib,step_category,K2.5-tp4ep8dp2-8k2k,docs/iter_gap_investigation/phase427_kernel_profile/K2.5-tp4ep8dp2-8k2k,mixed,,22,decode_only,56,ep_a2a,34.337244,7.288489,0.002668,0.000078,,,,,,1.516977,0.595460,0.357492,0.047048,,blocked_prefill_not_captured,0,70,prefill_steps_not_captured,decode_batch_span_too_narrow_for_slope,phase427_trace_decode_only_prefill_recollect_required,recollect_true_mixed_prefill_window_before_runtime_change,recollect_decode_batch_sweep_then_reprofile_prefill,false,false,false,false,false,false,true,No-Go
phase428_perstep_kernel_attrib,step_category,K2.5-tp4ep8dp2-8k2k,docs/iter_gap_investigation/phase427_kernel_profile/K2.5-tp4ep8dp2-8k2k,mixed,,22,decode_only,56,memcpy_memset,34.337244,0.157740,0.002668,0.000078,,,,,,1.516977,0.595460,0.357492,0.047048,,blocked_prefill_not_captured,0,70,prefill_steps_not_captured,decode_batch_span_too_narrow_for_slope,phase427_trace_decode_only_prefill_recollect_required,recollect_true_mixed_prefill_window_before_runtime_change,recollect_decode_batch_sweep_then_reprofile_prefill,false,false,false,false,false,false,true,No-Go
phase428_perstep_kernel_attrib,step_category,K2.5-tp4ep8dp2-8k2k,docs/iter_gap_investigation/phase427_kernel_profile/K2.5-tp4ep8dp2-8k2k,mixed,,22,decode_only,56,mla_attention,34.337244,11.494303,0.002668,0.000078,,,,,,1.516977,0.595460,0.357492,0.047048,,blocked_prefill_not_captured,0,70,prefill_steps_not_captured,decode_batch_span_too_narrow_for_slope,phase427_trace_decode_only_prefill_recollect_required,recollect_true_mixed_prefill_window_before_runtime_change,recollect_decode_batch_sweep_then_reprofile_prefill,false,false,false,false,false,false,true,No-Go
phase428_perstep_kernel_attrib,step_category,K2.5-tp4ep8dp2-8k2k,docs/iter_gap_investigation/phase427_kernel_profile/K2.5-tp4ep8dp2-8k2k,mixed,,22,decode_only,56,moe_gemm_or_aux,34.337244,7.319418,0.002668,0.000078,,,,,,1.516977,0.595460,0.357492,0.047048,,blocked_prefill_not_captured,0,70,prefill_steps_not_captured,decode_batch_span_too_narrow_for_slope,phase427_trace_decode_only_prefill_recollect_required,recollect_true_mixed_prefill_window_before_runtime_change,recollect_decode_batch_sweep_then_reprofile_prefill,false,false,false,false,false,false,true,No-Go
phase428_perstep_kernel_attrib,step_category,K2.5-tp4ep8dp2-8k2k,docs/iter_gap_investigation/phase427_kernel_profile/K2.5-tp4ep8dp2-8k2k,mixed,,22,decode_only,56,other_cuda,34.337244,2.312190,0.002668,0.000078,,,,,,1.516977,0.595460,0.357492,0.047048,,blocked_prefill_not_captured,0,70,prefill_steps_not_captured,decode_batch_span_too_narrow_for_slope,phase427_trace_decode_only_prefill_recollect_required,recollect_true_mixed_prefill_window_before_runtime_change,recollect_decode_batch_sweep_then_reprofile_prefill,false,false,false,false,false,false,true,No-Go
phase428_perstep_kernel_attrib,step_category,K2.5-tp4ep8dp2-8k2k,docs/iter_gap_investigation/phase427_kernel_profile/K2.5-tp4ep8dp2-8k2k,mixed,,22,decode_only,56,tp_or_dp_allreduce,34.337244,0.829228,0.002668,0.000078,,,,,,1.516977,0.595460,0.357492,0.047048,,blocked_prefill_not_captured,0,70,prefill_steps_not_captured,decode_batch_span_too_narrow_for_slope,phase427_trace_decode_only_prefill_recollect_required,recollect_true_mixed_prefill_window_before_runtime_change,recollect_decode_batch_sweep_then_reprofile_prefill,false,false,false,false,false,false,true,No-Go
phase428_perstep_kernel_attrib,step,K2.5-tp4ep8dp2-8k2k,docs/iter_gap_investigation/phase427_kernel_profile/K2.5-tp4ep8dp2-8k2k,mixed,,23,decode_only,56,,34.402612,,0.002428,0.000071,,,,,,1.516977,0.595460,0.357492,0.047048,,blocked_prefill_not_captured,0,70,prefill_steps_not_captured,decode_batch_span_too_narrow_for_slope,phase427_trace_decode_only_prefill_recollect_required,recollect_true_mixed_prefill_window_before_runtime_change,recollect_decode_batch_sweep_then_reprofile_prefill,false,false,false,false,false,false,true,No-Go
phase428_perstep_kernel_attrib,step_category,K2.5-tp4ep8dp2-8k2k,docs/iter_gap_investigation/phase427_kernel_profile/K2.5-tp4ep8dp2-8k2k,mixed,,23,decode_only,56,dense_gemm,34.402612,5.011913,0.002428,0.000071,,,,,,1.516977,0.595460,0.357492,0.047048,,blocked_prefill_not_captured,0,70,prefill_steps_not_captured,decode_batch_span_too_narrow_for_slope,phase427_trace_decode_only_prefill_recollect_required,recollect_true_mixed_prefill_window_before_runtime_change,recollect_decode_batch_sweep_then_reprofile_prefill,false,false,false,false,false,false,true,No-Go
phase428_perstep_kernel_attrib,step_category,K2.5-tp4ep8dp2-8k2k,docs/iter_gap_investigation/phase427_kernel_profile/K2.5-tp4ep8dp2-8k2k,mixed,,23,decode_only,56,ep_a2a,34.402612,7.409950,0.002428,0.000071,,,,,,1.516977,0.595460,0.357492,0.047048,,blocked_prefill_not_captured,0,70,prefill_steps_not_captured,decode_batch_span_too_narrow_for_slope,phase427_trace_decode_only_prefill_recollect_required,recollect_true_mixed_prefill_window_before_runtime_change,recollect_decode_batch_sweep_then_reprofile_prefill,false,false,false,false,false,false,true,No-Go
phase428_perstep_kernel_attrib,step_category,K2.5-tp4ep8dp2-8k2k,docs/iter_gap_investigation/phase427_kernel_profile/K2.5-tp4ep8dp2-8k2k,mixed,,23,decode_only,56,memcpy_memset,34.402612,0.157833,0.002428,0.000071,,,,,,1.516977,0.595460,0.357492,0.047048,,blocked_prefill_not_captured,0,70,prefill_steps_not_captured,decode_batch_span_too_narrow_for_slope,phase427_trace_decode_only_prefill_recollect_required,recollect_true_mixed_prefill_window_before_runtime_change,recollect_decode_batch_sweep_then_reprofile_prefill,false,false,false,false,false,false,true,No-Go
phase428_perstep_kernel_attrib,step_category,K2.5-tp4ep8dp2-8k2k,docs/iter_gap_investigation/phase427_kernel_profile/K2.5-tp4ep8dp2-8k2k,mixed,,23,decode_only,56,mla_attention,34.402612,11.537935,0.002428,0.000071,,,,,,1.516977,0.595460,0.357492,0.047048,,blocked_prefill_not_captured,0,70,prefill_steps_not_captured,decode_batch_span_too_narrow_for_slope,phase427_trace_decode_only_prefill_recollect_required,recollect_true_mixed_prefill_window_before_runtime_change,recollect_decode_batch_sweep_then_reprofile_prefill,false,false,false,false,false,false,true,No-Go
phase428_perstep_kernel_attrib,step_category,K2.5-tp4ep8dp2-8k2k,docs/iter_gap_investigation/phase427_kernel_profile/K2.5-tp4ep8dp2-8k2k,mixed,,23,decode_only,56,moe_gemm_or_aux,34.402612,7.314906,0.002428,0.000071,,,,,,1.516977,0.595460,0.357492,0.047048,,blocked_prefill_not_captured,0,70,prefill_steps_not_captured,decode_batch_span_too_narrow_for_slope,phase427_trace_decode_only_prefill_recollect_required,recollect_true_mixed_prefill_window_before_runtime_change,recollect_decode_batch_sweep_then_reprofile_prefill,false,false,false,false,false,false,true,No-Go
phase428_perstep_kernel_attrib,step_category,K2.5-tp4ep8dp2-8k2k,docs/iter_gap_investigation/phase427_kernel_profile/K2.5-tp4ep8dp2-8k2k,mixed,,23,decode_only,56,other_cuda,34.402612,2.312523,0.002428,0.000071,,,,,,1.516977,0.595460,0.357492,0.047048,,blocked_prefill_not_captured,0,70,prefill_steps_not_captured,decode_batch_span_too_narrow_for_slope,phase427_trace_decode_only_prefill_recollect_required,recollect_true_mixed_prefill_window_before_runtime_change,recollect_decode_batch_sweep_then_reprofile_prefill,false,false,false,false,false,false,true,No-Go
phase428_perstep_kernel_attrib,step_category,K2.5-tp4ep8dp2-8k2k,docs/iter_gap_investigation/phase427_kernel_profile/K2.5-tp4ep8dp2-8k2k,mixed,,23,decode_only,56,tp_or_dp_allreduce,34.402612,0.830287,0.002428,0.000071,,,,,,1.516977,0.595460,0.357492,0.047048,,blocked_prefill_not_captured,0,70,prefill_steps_not_captured,decode_batch_span_too_narrow_for_slope,phase427_trace_decode_only_prefill_recollect_required,recollect_true_mixed_prefill_window_before_runtime_change,recollect_decode_batch_sweep_then_reprofile_prefill,false,false,false,false,false,false,true,No-Go
phase428_perstep_kernel_attrib,step,K2.5-tp4ep8dp2-8k2k,docs/iter_gap_investigation/phase427_kernel_profile/K2.5-tp4ep8dp2-8k2k,mixed,,24,decode_only,56,,34.241941,,0.005131,0.000150,,,,,,1.516977,0.595460,0.357492,0.047048,,blocked_prefill_not_captured,0,70,prefill_steps_not_captured,decode_batch_span_too_narrow_for_slope,phase427_trace_decode_only_prefill_recollect_required,recollect_true_mixed_prefill_window_before_runtime_change,recollect_decode_batch_sweep_then_reprofile_prefill,false,false,false,false,false,false,true,No-Go
phase428_perstep_kernel_attrib,step_category,K2.5-tp4ep8dp2-8k2k,docs/iter_gap_investigation/phase427_kernel_profile/K2.5-tp4ep8dp2-8k2k,mixed,,24,decode_only,56,dense_gemm,34.241941,5.010772,0.005131,0.000150,,,,,,1.516977,0.595460,0.357492,0.047048,,blocked_prefill_not_captured,0,70,prefill_steps_not_captured,decode_batch_span_too_narrow_for_slope,phase427_trace_decode_only_prefill_recollect_required,recollect_true_mixed_prefill_window_before_runtime_change,recollect_decode_batch_sweep_then_reprofile_prefill,false,false,false,false,false,false,true,No-Go
phase428_perstep_kernel_attrib,step_category,K2.5-tp4ep8dp2-8k2k,docs/iter_gap_investigation/phase427_kernel_profile/K2.5-tp4ep8dp2-8k2k,mixed,,24,decode_only,56,ep_a2a,34.241941,7.267425,0.005131,0.000150,,,,,,1.516977,0.595460,0.357492,0.047048,,blocked_prefill_not_captured,0,70,prefill_steps_not_captured,decode_batch_span_too_narrow_for_slope,phase427_trace_decode_only_prefill_recollect_required,recollect_true_mixed_prefill_window_before_runtime_change,recollect_decode_batch_sweep_then_reprofile_prefill,false,false,false,false,false,false,true,No-Go
phase428_perstep_kernel_attrib,step_category,K2.5-tp4ep8dp2-8k2k,docs/iter_gap_investigation/phase427_kernel_profile/K2.5-tp4ep8dp2-8k2k,mixed,,24,decode_only,56,memcpy_memset,34.241941,0.159321,0.005131,0.000150,,,,,,1.516977,0.595460,0.357492,0.047048,,blocked_prefill_not_captured,0,70,prefill_steps_not_captured,decode_batch_span_too_narrow_for_slope,phase427_trace_decode_only_prefill_recollect_required,recollect_true_mixed_prefill_window_before_runtime_change,recollect_decode_batch_sweep_then_reprofile_prefill,false,false,false,false,false,false,true,No-Go
phase428_perstep_kernel_attrib,step_category,K2.5-tp4ep8dp2-8k2k,docs/iter_gap_investigation/phase427_kernel_profile/K2.5-tp4ep8dp2-8k2k,mixed,,24,decode_only,56,mla_attention,34.241941,11.398871,0.005131,0.000150,,,,,,1.516977,0.595460,0.357492,0.047048,,blocked_prefill_not_captured,0,70,prefill_steps_not_captured,decode_batch_span_too_narrow_for_slope,phase427_trace_decode_only_prefill_recollect_required,recollect_true_mixed_prefill_window_before_runtime_change,recollect_decode_batch_sweep_then_reprofile_prefill,false,false,false,false,false,false,true,No-Go
phase428_perstep_kernel_attrib,step_category,K2.5-tp4ep8dp2-8k2k,docs/iter_gap_investigation/phase427_kernel_profile/K2.5-tp4ep8dp2-8k2k,mixed,,24,decode_only,56,moe_gemm_or_aux,34.241941,7.347937,0.005131,0.000150,,,,,,1.516977,0.595460,0.357492,0.047048,,blocked_prefill_not_captured,0,70,prefill_steps_not_captured,decode_batch_span_too_narrow_for_slope,phase427_trace_decode_only_prefill_recollect_required,recollect_true_mixed_prefill_window_before_runtime_change,recollect_decode_batch_sweep_then_reprofile_prefill,false,false,false,false,false,false,true,No-Go
phase428_perstep_kernel_attrib,step_category,K2.5-tp4ep8dp2-8k2k,docs/iter_gap_investigation/phase427_kernel_profile/K2.5-tp4ep8dp2-8k2k,mixed,,24,decode_only,56,other_cuda,34.241941,2.312485,0.005131,0.000150,,,,,,1.516977,0.595460,0.357492,0.047048,,blocked_prefill_not_captured,0,70,prefill_steps_not_captured,decode_batch_span_too_narrow_for_slope,phase427_trace_decode_only_prefill_recollect_required,recollect_true_mixed_prefill_window_before_runtime_change,recollect_decode_batch_sweep_then_reprofile_prefill,false,false,false,false,false,false,true,No-Go
phase428_perstep_kernel_attrib,step_category,K2.5-tp4ep8dp2-8k2k,docs/iter_gap_investigation/phase427_kernel_profile/K2.5-tp4ep8dp2-8k2k,mixed,,24,decode_only,56,tp_or_dp_allreduce,34.241941,0.817045,0.005131,0.000150,,,,,,1.516977,0.595460,0.357492,0.047048,,blocked_prefill_not_captured,0,70,prefill_steps_not_captured,decode_batch_span_too_narrow_for_slope,phase427_trace_decode_only_prefill_recollect_required,recollect_true_mixed_prefill_window_before_runtime_change,recollect_decode_batch_sweep_then_reprofile_prefill,false,false,false,false,false,false,true,No-Go
phase428_perstep_kernel_attrib,step,K2.5-tp4ep8dp2-8k2k,docs/iter_gap_investigation/phase427_kernel_profile/K2.5-tp4ep8dp2-8k2k,mixed,,25,decode_only,56,,34.307707,,0.000000,0.000000,,,,,,1.516977,0.595460,0.357492,0.047048,,blocked_prefill_not_captured,0,70,prefill_steps_not_captured,decode_batch_span_too_narrow_for_slope,phase427_trace_decode_only_prefill_recollect_required,recollect_true_mixed_prefill_window_before_runtime_change,recollect_decode_batch_sweep_then_reprofile_prefill,false,false,false,false,false,false,true,No-Go
phase428_perstep_kernel_attrib,step_category,K2.5-tp4ep8dp2-8k2k,docs/iter_gap_investigation/phase427_kernel_profile/K2.5-tp4ep8dp2-8k2k,mixed,,25,decode_only,56,dense_gemm,34.307707,5.016079,0.000000,0.000000,,,,,,1.516977,0.595460,0.357492,0.047048,,blocked_prefill_not_captured,0,70,prefill_steps_not_captured,decode_batch_span_too_narrow_for_slope,phase427_trace_decode_only_prefill_recollect_required,recollect_true_mixed_prefill_window_before_runtime_change,recollect_decode_batch_sweep_then_reprofile_prefill,false,false,false,false,false,false,true,No-Go
phase428_perstep_kernel_attrib,step_category,K2.5-tp4ep8dp2-8k2k,docs/iter_gap_investigation/phase427_kernel_profile/K2.5-tp4ep8dp2-8k2k,mixed,,25,decode_only,56,ep_a2a,34.307707,7.228017,0.000000,0.000000,,,,,,1.516977,0.595460,0.357492,0.047048,,blocked_prefill_not_captured,0,70,prefill_steps_not_captured,decode_batch_span_too_narrow_for_slope,phase427_trace_decode_only_prefill_recollect_required,recollect_true_mixed_prefill_window_before_runtime_change,recollect_decode_batch_sweep_then_reprofile_prefill,false,false,false,false,false,false,true,No-Go
phase428_perstep_kernel_attrib,step_category,K2.5-tp4ep8dp2-8k2k,docs/iter_gap_investigation/phase427_kernel_profile/K2.5-tp4ep8dp2-8k2k,mixed,,25,decode_only,56,memcpy_memset,34.307707,0.158514,0.000000,0.000000,,,,,,1.516977,0.595460,0.357492,0.047048,,blocked_prefill_not_captured,0,70,prefill_steps_not_captured,decode_batch_span_too_narrow_for_slope,phase427_trace_decode_only_prefill_recollect_required,recollect_true_mixed_prefill_window_before_runtime_change,recollect_decode_batch_sweep_then_reprofile_prefill,false,false,false,false,false,false,true,No-Go
phase428_perstep_kernel_attrib,step_category,K2.5-tp4ep8dp2-8k2k,docs/iter_gap_investigation/phase427_kernel_profile/K2.5-tp4ep8dp2-8k2k,mixed,,25,decode_only,56,mla_attention,34.307707,11.494813,0.000000,0.000000,,,,,,1.516977,0.595460,0.357492,0.047048,,blocked_prefill_not_captured,0,70,prefill_steps_not_captured,decode_batch_span_too_narrow_for_slope,phase427_trace_decode_only_prefill_recollect_required,recollect_true_mixed_prefill_window_before_runtime_change,recollect_decode_batch_sweep_then_reprofile_prefill,false,false,false,false,false,false,true,No-Go
phase428_perstep_kernel_attrib,step_category,K2.5-tp4ep8dp2-8k2k,docs/iter_gap_investigation/phase427_kernel_profile/K2.5-tp4ep8dp2-8k2k,mixed,,25,decode_only,56,moe_gemm_or_aux,34.307707,7.376556,0.000000,0.000000,,,,,,1.516977,0.595460,0.357492,0.047048,,blocked_prefill_not_captured,0,70,prefill_steps_not_captured,decode_batch_span_too_narrow_for_slope,phase427_trace_decode_only_prefill_recollect_required,recollect_true_mixed_prefill_window_before_runtime_change,recollect_decode_batch_sweep_then_reprofile_prefill,false,false,false,false,false,false,true,No-Go
phase428_perstep_kernel_attrib,step_category,K2.5-tp4ep8dp2-8k2k,docs/iter_gap_investigation/phase427_kernel_profile/K2.5-tp4ep8dp2-8k2k,mixed,,25,decode_only,56,other_cuda,34.307707,2.313757,0.000000,0.000000,,,,,,1.516977,0.595460,0.357492,0.047048,,blocked_prefill_not_captured,0,70,prefill_steps_not_captured,decode_batch_span_too_narrow_for_slope,phase427_trace_decode_only_prefill_recollect_required,recollect_true_mixed_prefill_window_before_runtime_change,recollect_decode_batch_sweep_then_reprofile_prefill,false,false,false,false,false,false,true,No-Go
phase428_perstep_kernel_attrib,step_category,K2.5-tp4ep8dp2-8k2k,docs/iter_gap_investigation/phase427_kernel_profile/K2.5-tp4ep8dp2-8k2k,mixed,,25,decode_only,56,tp_or_dp_allreduce,34.307707,0.822187,0.000000,0.000000,,,,,,1.516977,0.595460,0.357492,0.047048,,blocked_prefill_not_captured,0,70,prefill_steps_not_captured,decode_batch_span_too_narrow_for_slope,phase427_trace_decode_only_prefill_recollect_required,recollect_true_mixed_prefill_window_before_runtime_change,recollect_decode_batch_sweep_then_reprofile_prefill,false,false,false,false,false,false,true,No-Go
phase428_perstep_kernel_attrib,step,K2.5-tp4ep8dp2-8k2k,docs/iter_gap_investigation/phase427_kernel_profile/K2.5-tp4ep8dp2-8k2k,mixed,,26,decode_only,56,,34.445918,,0.011135,0.000323,,,,,,1.516977,0.595460,0.357492,0.047048,,blocked_prefill_not_captured,0,70,prefill_steps_not_captured,decode_batch_span_too_narrow_for_slope,phase427_trace_decode_only_prefill_recollect_required,recollect_true_mixed_prefill_window_before_runtime_change,recollect_decode_batch_sweep_then_reprofile_prefill,false,false,false,false,false,false,true,No-Go
phase428_perstep_kernel_attrib,step_category,K2.5-tp4ep8dp2-8k2k,docs/iter_gap_investigation/phase427_kernel_profile/K2.5-tp4ep8dp2-8k2k,mixed,,26,decode_only,56,dense_gemm,34.445918,5.011829,0.011135,0.000323,,,,,,1.516977,0.595460,0.357492,0.047048,,blocked_prefill_not_captured,0,70,prefill_steps_not_captured,decode_batch_span_too_narrow_for_slope,phase427_trace_decode_only_prefill_recollect_required,recollect_true_mixed_prefill_window_before_runtime_change,recollect_decode_batch_sweep_then_reprofile_prefill,false,false,false,false,false,false,true,No-Go
phase428_perstep_kernel_attrib,step_category,K2.5-tp4ep8dp2-8k2k,docs/iter_gap_investigation/phase427_kernel_profile/K2.5-tp4ep8dp2-8k2k,mixed,,26,decode_only,56,ep_a2a,34.445918,7.435140,0.011135,0.000323,,,,,,1.516977,0.595460,0.357492,0.047048,,blocked_prefill_not_captured,0,70,prefill_steps_not_captured,decode_batch_span_too_narrow_for_slope,phase427_trace_decode_only_prefill_recollect_required,recollect_true_mixed_prefill_window_before_runtime_change,recollect_decode_batch_sweep_then_reprofile_prefill,false,false,false,false,false,false,true,No-Go
phase428_perstep_kernel_attrib,step_category,K2.5-tp4ep8dp2-8k2k,docs/iter_gap_investigation/phase427_kernel_profile/K2.5-tp4ep8dp2-8k2k,mixed,,26,decode_only,56,memcpy_memset,34.445918,0.159172,0.011135,0.000323,,,,,,1.516977,0.595460,0.357492,0.047048,,blocked_prefill_not_captured,0,70,prefill_steps_not_captured,decode_batch_span_too_narrow_for_slope,phase427_trace_decode_only_prefill_recollect_required,recollect_true_mixed_prefill_window_before_runtime_change,recollect_decode_batch_sweep_then_reprofile_prefill,false,false,false,false,false,false,true,No-Go
phase428_perstep_kernel_attrib,step_category,K2.5-tp4ep8dp2-8k2k,docs/iter_gap_investigation/phase427_kernel_profile/K2.5-tp4ep8dp2-8k2k,mixed,,26,decode_only,56,mla_attention,34.445918,11.433110,0.011135,0.000323,,,,,,1.516977,0.595460,0.357492,0.047048,,blocked_prefill_not_captured,0,70,prefill_steps_not_captured,decode_batch_span_too_narrow_for_slope,phase427_trace_decode_only_prefill_recollect_required,recollect_true_mixed_prefill_window_before_runtime_change,recollect_decode_batch_sweep_then_reprofile_prefill,false,false,false,false,false,false,true,No-Go
phase428_perstep_kernel_attrib,step_category,K2.5-tp4ep8dp2-8k2k,docs/iter_gap_investigation/phase427_kernel_profile/K2.5-tp4ep8dp2-8k2k,mixed,,26,decode_only,56,moe_gemm_or_aux,34.445918,7.343344,0.011135,0.000323,,,,,,1.516977,0.595460,0.357492,0.047048,,blocked_prefill_not_captured,0,70,prefill_steps_not_captured,decode_batch_span_too_narrow_for_slope,phase427_trace_decode_only_prefill_recollect_required,recollect_true_mixed_prefill_window_before_runtime_change,recollect_decode_batch_sweep_then_reprofile_prefill,false,false,false,false,false,false,true,No-Go
phase428_perstep_kernel_attrib,step_category,K2.5-tp4ep8dp2-8k2k,docs/iter_gap_investigation/phase427_kernel_profile/K2.5-tp4ep8dp2-8k2k,mixed,,26,decode_only,56,other_cuda,34.445918,2.312070,0.011135,0.000323,,,,,,1.516977,0.595460,0.357492,0.047048,,blocked_prefill_not_captured,0,70,prefill_steps_not_captured,decode_batch_span_too_narrow_for_slope,phase427_trace_decode_only_prefill_recollect_required,recollect_true_mixed_prefill_window_before_runtime_change,recollect_decode_batch_sweep_then_reprofile_prefill,false,false,false,false,false,false,true,No-Go
phase428_perstep_kernel_attrib,step_category,K2.5-tp4ep8dp2-8k2k,docs/iter_gap_investigation/phase427_kernel_profile/K2.5-tp4ep8dp2-8k2k,mixed,,26,decode_only,56,tp_or_dp_allreduce,34.445918,0.833601,0.011135,0.000323,,,,,,1.516977,0.595460,0.357492,0.047048,,blocked_prefill_not_captured,0,70,prefill_steps_not_captured,decode_batch_span_too_narrow_for_slope,phase427_trace_decode_only_prefill_recollect_required,recollect_true_mixed_prefill_window_before_runtime_change,recollect_decode_batch_sweep_then_reprofile_prefill,false,false,false,false,false,false,true,No-Go
phase428_perstep_kernel_attrib,step,K2.5-tp4ep8dp2-8k2k,docs/iter_gap_investigation/phase427_kernel_profile/K2.5-tp4ep8dp2-8k2k,mixed,,27,decode_only,56,,34.611376,,0.000000,0.000000,,,,,,1.516977,0.595460,0.357492,0.047048,,blocked_prefill_not_captured,0,70,prefill_steps_not_captured,decode_batch_span_too_narrow_for_slope,phase427_trace_decode_only_prefill_recollect_required,recollect_true_mixed_prefill_window_before_runtime_change,recollect_decode_batch_sweep_then_reprofile_prefill,false,false,false,false,false,false,true,No-Go
phase428_perstep_kernel_attrib,step_category,K2.5-tp4ep8dp2-8k2k,docs/iter_gap_investigation/phase427_kernel_profile/K2.5-tp4ep8dp2-8k2k,mixed,,27,decode_only,56,dense_gemm,34.611376,5.015536,0.000000,0.000000,,,,,,1.516977,0.595460,0.357492,0.047048,,blocked_prefill_not_captured,0,70,prefill_steps_not_captured,decode_batch_span_too_narrow_for_slope,phase427_trace_decode_only_prefill_recollect_required,recollect_true_mixed_prefill_window_before_runtime_change,recollect_decode_batch_sweep_then_reprofile_prefill,false,false,false,false,false,false,true,No-Go
phase428_perstep_kernel_attrib,step_category,K2.5-tp4ep8dp2-8k2k,docs/iter_gap_investigation/phase427_kernel_profile/K2.5-tp4ep8dp2-8k2k,mixed,,27,decode_only,56,ep_a2a,34.611376,7.489013,0.000000,0.000000,,,,,,1.516977,0.595460,0.357492,0.047048,,blocked_prefill_not_captured,0,70,prefill_steps_not_captured,decode_batch_span_too_narrow_for_slope,phase427_trace_decode_only_prefill_recollect_required,recollect_true_mixed_prefill_window_before_runtime_change,recollect_decode_batch_sweep_then_reprofile_prefill,false,false,false,false,false,false,true,No-Go
phase428_perstep_kernel_attrib,step_category,K2.5-tp4ep8dp2-8k2k,docs/iter_gap_investigation/phase427_kernel_profile/K2.5-tp4ep8dp2-8k2k,mixed,,27,decode_only,56,memcpy_memset,34.611376,0.158316,0.000000,0.000000,,,,,,1.516977,0.595460,0.357492,0.047048,,blocked_prefill_not_captured,0,70,prefill_steps_not_captured,decode_batch_span_too_narrow_for_slope,phase427_trace_decode_only_prefill_recollect_required,recollect_true_mixed_prefill_window_before_runtime_change,recollect_decode_batch_sweep_then_reprofile_prefill,false,false,false,false,false,false,true,No-Go
phase428_perstep_kernel_attrib,step_category,K2.5-tp4ep8dp2-8k2k,docs/iter_gap_investigation/phase427_kernel_profile/K2.5-tp4ep8dp2-8k2k,mixed,,27,decode_only,56,mla_attention,34.611376,11.528932,0.000000,0.000000,,,,,,1.516977,0.595460,0.357492,0.047048,,blocked_prefill_not_captured,0,70,prefill_steps_not_captured,decode_batch_span_too_narrow_for_slope,phase427_trace_decode_only_prefill_recollect_required,recollect_true_mixed_prefill_window_before_runtime_change,recollect_decode_batch_sweep_then_reprofile_prefill,false,false,false,false,false,false,true,No-Go
phase428_perstep_kernel_attrib,step_category,K2.5-tp4ep8dp2-8k2k,docs/iter_gap_investigation/phase427_kernel_profile/K2.5-tp4ep8dp2-8k2k,mixed,,27,decode_only,56,moe_gemm_or_aux,34.611376,7.424734,0.000000,0.000000,,,,,,1.516977,0.595460,0.357492,0.047048,,blocked_prefill_not_captured,0,70,prefill_steps_not_captured,decode_batch_span_too_narrow_for_slope,phase427_trace_decode_only_prefill_recollect_required,recollect_true_mixed_prefill_window_before_runtime_change,recollect_decode_batch_sweep_then_reprofile_prefill,false,false,false,false,false,false,true,No-Go
phase428_perstep_kernel_attrib,step_category,K2.5-tp4ep8dp2-8k2k,docs/iter_gap_investigation/phase427_kernel_profile/K2.5-tp4ep8dp2-8k2k,mixed,,27,decode_only,56,other_cuda,34.611376,2.311950,0.000000,0.000000,,,,,,1.516977,0.595460,0.357492,0.047048,,blocked_prefill_not_captured,0,70,prefill_steps_not_captured,decode_batch_span_too_narrow_for_slope,phase427_trace_decode_only_prefill_recollect_required,recollect_true_mixed_prefill_window_before_runtime_change,recollect_decode_batch_sweep_then_reprofile_prefill,false,false,false,false,false,false,true,No-Go
phase428_perstep_kernel_attrib,step_category,K2.5-tp4ep8dp2-8k2k,docs/iter_gap_investigation/phase427_kernel_profile/K2.5-tp4ep8dp2-8k2k,mixed,,27,decode_only,56,tp_or_dp_allreduce,34.611376,0.827115,0.000000,0.000000,,,,,,1.516977,0.595460,0.357492,0.047048,,blocked_prefill_not_captured,0,70,prefill_steps_not_captured,decode_batch_span_too_narrow_for_slope,phase427_trace_decode_only_prefill_recollect_required,recollect_true_mixed_prefill_window_before_runtime_change,recollect_decode_batch_sweep_then_reprofile_prefill,false,false,false,false,false,false,true,No-Go
phase428_perstep_kernel_attrib,step,K2.5-tp4ep8dp2-8k2k,docs/iter_gap_investigation/phase427_kernel_profile/K2.5-tp4ep8dp2-8k2k,mixed,,28,decode_only,56,,34.537453,,0.006139,0.000178,,,,,,1.516977,0.595460,0.357492,0.047048,,blocked_prefill_not_captured,0,70,prefill_steps_not_captured,decode_batch_span_too_narrow_for_slope,phase427_trace_decode_only_prefill_recollect_required,recollect_true_mixed_prefill_window_before_runtime_change,recollect_decode_batch_sweep_then_reprofile_prefill,false,false,false,false,false,false,true,No-Go
phase428_perstep_kernel_attrib,step_category,K2.5-tp4ep8dp2-8k2k,docs/iter_gap_investigation/phase427_kernel_profile/K2.5-tp4ep8dp2-8k2k,mixed,,28,decode_only,56,dense_gemm,34.537453,5.026277,0.006139,0.000178,,,,,,1.516977,0.595460,0.357492,0.047048,,blocked_prefill_not_captured,0,70,prefill_steps_not_captured,decode_batch_span_too_narrow_for_slope,phase427_trace_decode_only_prefill_recollect_required,recollect_true_mixed_prefill_window_before_runtime_change,recollect_decode_batch_sweep_then_reprofile_prefill,false,false,false,false,false,false,true,No-Go
phase428_perstep_kernel_attrib,step_category,K2.5-tp4ep8dp2-8k2k,docs/iter_gap_investigation/phase427_kernel_profile/K2.5-tp4ep8dp2-8k2k,mixed,,28,decode_only,56,ep_a2a,34.537453,7.316898,0.006139,0.000178,,,,,,1.516977,0.595460,0.357492,0.047048,,blocked_prefill_not_captured,0,70,prefill_steps_not_captured,decode_batch_span_too_narrow_for_slope,phase427_trace_decode_only_prefill_recollect_required,recollect_true_mixed_prefill_window_before_runtime_change,recollect_decode_batch_sweep_then_reprofile_prefill,false,false,false,false,false,false,true,No-Go
phase428_perstep_kernel_attrib,step_category,K2.5-tp4ep8dp2-8k2k,docs/iter_gap_investigation/phase427_kernel_profile/K2.5-tp4ep8dp2-8k2k,mixed,,28,decode_only,56,memcpy_memset,34.537453,0.160993,0.006139,0.000178,,,,,,1.516977,0.595460,0.357492,0.047048,,blocked_prefill_not_captured,0,70,prefill_steps_not_captured,decode_batch_span_too_narrow_for_slope,phase427_trace_decode_only_prefill_recollect_required,recollect_true_mixed_prefill_window_before_runtime_change,recollect_decode_batch_sweep_then_reprofile_prefill,false,false,false,false,false,false,true,No-Go
phase428_perstep_kernel_attrib,step_category,K2.5-tp4ep8dp2-8k2k,docs/iter_gap_investigation/phase427_kernel_profile/K2.5-tp4ep8dp2-8k2k,mixed,,28,decode_only,56,mla_attention,34.537453,11.602021,0.006139,0.000178,,,,,,1.516977,0.595460,0.357492,0.047048,,blocked_prefill_not_captured,0,70,prefill_steps_not_captured,decode_batch_span_too_narrow_for_slope,phase427_trace_decode_only_prefill_recollect_required,recollect_true_mixed_prefill_window_before_runtime_change,recollect_decode_batch_sweep_then_reprofile_prefill,false,false,false,false,false,false,true,No-Go
phase428_perstep_kernel_attrib,step_category,K2.5-tp4ep8dp2-8k2k,docs/iter_gap_investigation/phase427_kernel_profile/K2.5-tp4ep8dp2-8k2k,mixed,,28,decode_only,56,moe_gemm_or_aux,34.537453,7.410876,0.006139,0.000178,,,,,,1.516977,0.595460,0.357492,0.047048,,blocked_prefill_not_captured,0,70,prefill_steps_not_captured,decode_batch_span_too_narrow_for_slope,phase427_trace_decode_only_prefill_recollect_required,recollect_true_mixed_prefill_window_before_runtime_change,recollect_decode_batch_sweep_then_reprofile_prefill,false,false,false,false,false,false,true,No-Go
phase428_perstep_kernel_attrib,step_category,K2.5-tp4ep8dp2-8k2k,docs/iter_gap_investigation/phase427_kernel_profile/K2.5-tp4ep8dp2-8k2k,mixed,,28,decode_only,56,other_cuda,34.537453,2.312917,0.006139,0.000178,,,,,,1.516977,0.595460,0.357492,0.047048,,blocked_prefill_not_captured,0,70,prefill_steps_not_captured,decode_batch_span_too_narrow_for_slope,phase427_trace_decode_only_prefill_recollect_required,recollect_true_mixed_prefill_window_before_runtime_change,recollect_decode_batch_sweep_then_reprofile_prefill,false,false,false,false,false,false,true,No-Go
phase428_perstep_kernel_attrib,step_category,K2.5-tp4ep8dp2-8k2k,docs/iter_gap_investigation/phase427_kernel_profile/K2.5-tp4ep8dp2-8k2k,mixed,,28,decode_only,56,tp_or_dp_allreduce,34.537453,0.834450,0.006139,0.000178,,,,,,1.516977,0.595460,0.357492,0.047048,,blocked_prefill_not_captured,0,70,prefill_steps_not_captured,decode_batch_span_too_narrow_for_slope,phase427_trace_decode_only_prefill_recollect_required,recollect_true_mixed_prefill_window_before_runtime_change,recollect_decode_batch_sweep_then_reprofile_prefill,false,false,false,false,false,false,true,No-Go
phase428_perstep_kernel_attrib,step,K2.5-tp4ep8dp2-8k2k,docs/iter_gap_investigation/phase427_kernel_profile/K2.5-tp4ep8dp2-8k2k,mixed,,29,decode_only,56,,34.237648,,0.000000,0.000000,,,,,,1.516977,0.595460,0.357492,0.047048,,blocked_prefill_not_captured,0,70,prefill_steps_not_captured,decode_batch_span_too_narrow_for_slope,phase427_trace_decode_only_prefill_recollect_required,recollect_true_mixed_prefill_window_before_runtime_change,recollect_decode_batch_sweep_then_reprofile_prefill,false,false,false,false,false,false,true,No-Go
phase428_perstep_kernel_attrib,step_category,K2.5-tp4ep8dp2-8k2k,docs/iter_gap_investigation/phase427_kernel_profile/K2.5-tp4ep8dp2-8k2k,mixed,,29,decode_only,56,dense_gemm,34.237648,4.992907,0.000000,0.000000,,,,,,1.516977,0.595460,0.357492,0.047048,,blocked_prefill_not_captured,0,70,prefill_steps_not_captured,decode_batch_span_too_narrow_for_slope,phase427_trace_decode_only_prefill_recollect_required,recollect_true_mixed_prefill_window_before_runtime_change,recollect_decode_batch_sweep_then_reprofile_prefill,false,false,false,false,false,false,true,No-Go
phase428_perstep_kernel_attrib,step_category,K2.5-tp4ep8dp2-8k2k,docs/iter_gap_investigation/phase427_kernel_profile/K2.5-tp4ep8dp2-8k2k,mixed,,29,decode_only,56,ep_a2a,34.237648,7.205906,0.000000,0.000000,,,,,,1.516977,0.595460,0.357492,0.047048,,blocked_prefill_not_captured,0,70,prefill_steps_not_captured,decode_batch_span_too_narrow_for_slope,phase427_trace_decode_only_prefill_recollect_required,recollect_true_mixed_prefill_window_before_runtime_change,recollect_decode_batch_sweep_then_reprofile_prefill,false,false,false,false,false,false,true,No-Go
phase428_perstep_kernel_attrib,step_category,K2.5-tp4ep8dp2-8k2k,docs/iter_gap_investigation/phase427_kernel_profile/K2.5-tp4ep8dp2-8k2k,mixed,,29,decode_only,56,memcpy_memset,34.237648,0.159865,0.000000,0.000000,,,,,,1.516977,0.595460,0.357492,0.047048,,blocked_prefill_not_captured,0,70,prefill_steps_not_captured,decode_batch_span_too_narrow_for_slope,phase427_trace_decode_only_prefill_recollect_required,recollect_true_mixed_prefill_window_before_runtime_change,recollect_decode_batch_sweep_then_reprofile_prefill,false,false,false,false,false,false,true,No-Go
phase428_perstep_kernel_attrib,step_category,K2.5-tp4ep8dp2-8k2k,docs/iter_gap_investigation/phase427_kernel_profile/K2.5-tp4ep8dp2-8k2k,mixed,,29,decode_only,56,mla_attention,34.237648,11.413656,0.000000,0.000000,,,,,,1.516977,0.595460,0.357492,0.047048,,blocked_prefill_not_captured,0,70,prefill_steps_not_captured,decode_batch_span_too_narrow_for_slope,phase427_trace_decode_only_prefill_recollect_required,recollect_true_mixed_prefill_window_before_runtime_change,recollect_decode_batch_sweep_then_reprofile_prefill,false,false,false,false,false,false,true,No-Go
phase428_perstep_kernel_attrib,step_category,K2.5-tp4ep8dp2-8k2k,docs/iter_gap_investigation/phase427_kernel_profile/K2.5-tp4ep8dp2-8k2k,mixed,,29,decode_only,56,moe_gemm_or_aux,34.237648,7.453236,0.000000,0.000000,,,,,,1.516977,0.595460,0.357492,0.047048,,blocked_prefill_not_captured,0,70,prefill_steps_not_captured,decode_batch_span_too_narrow_for_slope,phase427_trace_decode_only_prefill_recollect_required,recollect_true_mixed_prefill_window_before_runtime_change,recollect_decode_batch_sweep_then_reprofile_prefill,false,false,false,false,false,false,true,No-Go
phase428_perstep_kernel_attrib,step_category,K2.5-tp4ep8dp2-8k2k,docs/iter_gap_investigation/phase427_kernel_profile/K2.5-tp4ep8dp2-8k2k,mixed,,29,decode_only,56,other_cuda,34.237648,2.307647,0.000000,0.000000,,,,,,1.516977,0.595460,0.357492,0.047048,,blocked_prefill_not_captured,0,70,prefill_steps_not_captured,decode_batch_span_too_narrow_for_slope,phase427_trace_decode_only_prefill_recollect_required,recollect_true_mixed_prefill_window_before_runtime_change,recollect_decode_batch_sweep_then_reprofile_prefill,false,false,false,false,false,false,true,No-Go
phase428_perstep_kernel_attrib,step_category,K2.5-tp4ep8dp2-8k2k,docs/iter_gap_investigation/phase427_kernel_profile/K2.5-tp4ep8dp2-8k2k,mixed,,29,decode_only,56,tp_or_dp_allreduce,34.237648,0.811235,0.000000,0.000000,,,,,,1.516977,0.595460,0.357492,0.047048,,blocked_prefill_not_captured,0,70,prefill_steps_not_captured,decode_batch_span_too_narrow_for_slope,phase427_trace_decode_only_prefill_recollect_required,recollect_true_mixed_prefill_window_before_runtime_change,recollect_decode_batch_sweep_then_reprofile_prefill,false,false,false,false,false,false,true,No-Go
phase428_perstep_kernel_attrib,step,K2.5-tp4ep8dp2-8k2k,docs/iter_gap_investigation/phase427_kernel_profile/K2.5-tp4ep8dp2-8k2k,mixed,,30,decode_only,56,,34.404024,,0.004593,0.000133,,,,,,1.516977,0.595460,0.357492,0.047048,,blocked_prefill_not_captured,0,70,prefill_steps_not_captured,decode_batch_span_too_narrow_for_slope,phase427_trace_decode_only_prefill_recollect_required,recollect_true_mixed_prefill_window_before_runtime_change,recollect_decode_batch_sweep_then_reprofile_prefill,false,false,false,false,false,false,true,No-Go
phase428_perstep_kernel_attrib,step_category,K2.5-tp4ep8dp2-8k2k,docs/iter_gap_investigation/phase427_kernel_profile/K2.5-tp4ep8dp2-8k2k,mixed,,30,decode_only,56,dense_gemm,34.404024,5.012990,0.004593,0.000133,,,,,,1.516977,0.595460,0.357492,0.047048,,blocked_prefill_not_captured,0,70,prefill_steps_not_captured,decode_batch_span_too_narrow_for_slope,phase427_trace_decode_only_prefill_recollect_required,recollect_true_mixed_prefill_window_before_runtime_change,recollect_decode_batch_sweep_then_reprofile_prefill,false,false,false,false,false,false,true,No-Go
phase428_perstep_kernel_attrib,step_category,K2.5-tp4ep8dp2-8k2k,docs/iter_gap_investigation/phase427_kernel_profile/K2.5-tp4ep8dp2-8k2k,mixed,,30,decode_only,56,ep_a2a,34.404024,7.398653,0.004593,0.000133,,,,,,1.516977,0.595460,0.357492,0.047048,,blocked_prefill_not_captured,0,70,prefill_steps_not_captured,decode_batch_span_too_narrow_for_slope,phase427_trace_decode_only_prefill_recollect_required,recollect_true_mixed_prefill_window_before_runtime_change,recollect_decode_batch_sweep_then_reprofile_prefill,false,false,false,false,false,false,true,No-Go
phase428_perstep_kernel_attrib,step_category,K2.5-tp4ep8dp2-8k2k,docs/iter_gap_investigation/phase427_kernel_profile/K2.5-tp4ep8dp2-8k2k,mixed,,30,decode_only,56,memcpy_memset,34.404024,0.160441,0.004593,0.000133,,,,,,1.516977,0.595460,0.357492,0.047048,,blocked_prefill_not_captured,0,70,prefill_steps_not_captured,decode_batch_span_too_narrow_for_slope,phase427_trace_decode_only_prefill_recollect_required,recollect_true_mixed_prefill_window_before_runtime_change,recollect_decode_batch_sweep_then_reprofile_prefill,false,false,false,false,false,false,true,No-Go
phase428_perstep_kernel_attrib,step_category,K2.5-tp4ep8dp2-8k2k,docs/iter_gap_investigation/phase427_kernel_profile/K2.5-tp4ep8dp2-8k2k,mixed,,30,decode_only,56,mla_attention,34.404024,11.440415,0.004593,0.000133,,,,,,1.516977,0.595460,0.357492,0.047048,,blocked_prefill_not_captured,0,70,prefill_steps_not_captured,decode_batch_span_too_narrow_for_slope,phase427_trace_decode_only_prefill_recollect_required,recollect_true_mixed_prefill_window_before_runtime_change,recollect_decode_batch_sweep_then_reprofile_prefill,false,false,false,false,false,false,true,No-Go
phase428_perstep_kernel_attrib,step_category,K2.5-tp4ep8dp2-8k2k,docs/iter_gap_investigation/phase427_kernel_profile/K2.5-tp4ep8dp2-8k2k,mixed,,30,decode_only,56,moe_gemm_or_aux,34.404024,7.346639,0.004593,0.000133,,,,,,1.516977,0.595460,0.357492,0.047048,,blocked_prefill_not_captured,0,70,prefill_steps_not_captured,decode_batch_span_too_narrow_for_slope,phase427_trace_decode_only_prefill_recollect_required,recollect_true_mixed_prefill_window_before_runtime_change,recollect_decode_batch_sweep_then_reprofile_prefill,false,false,false,false,false,false,true,No-Go
phase428_perstep_kernel_attrib,step_category,K2.5-tp4ep8dp2-8k2k,docs/iter_gap_investigation/phase427_kernel_profile/K2.5-tp4ep8dp2-8k2k,mixed,,30,decode_only,56,other_cuda,34.404024,2.315190,0.004593,0.000133,,,,,,1.516977,0.595460,0.357492,0.047048,,blocked_prefill_not_captured,0,70,prefill_steps_not_captured,decode_batch_span_too_narrow_for_slope,phase427_trace_decode_only_prefill_recollect_required,recollect_true_mixed_prefill_window_before_runtime_change,recollect_decode_batch_sweep_then_reprofile_prefill,false,false,false,false,false,false,true,No-Go
phase428_perstep_kernel_attrib,step_category,K2.5-tp4ep8dp2-8k2k,docs/iter_gap_investigation/phase427_kernel_profile/K2.5-tp4ep8dp2-8k2k,mixed,,30,decode_only,56,tp_or_dp_allreduce,34.404024,0.817962,0.004593,0.000133,,,,,,1.516977,0.595460,0.357492,0.047048,,blocked_prefill_not_captured,0,70,prefill_steps_not_captured,decode_batch_span_too_narrow_for_slope,phase427_trace_decode_only_prefill_recollect_required,recollect_true_mixed_prefill_window_before_runtime_change,recollect_decode_batch_sweep_then_reprofile_prefill,false,false,false,false,false,false,true,No-Go
phase428_perstep_kernel_attrib,step,K2.5-tp4ep8dp2-8k2k,docs/iter_gap_investigation/phase427_kernel_profile/K2.5-tp4ep8dp2-8k2k,mixed,,31,decode_only,56,,34.397174,,0.013395,0.000389,,,,,,1.516977,0.595460,0.357492,0.047048,,blocked_prefill_not_captured,0,70,prefill_steps_not_captured,decode_batch_span_too_narrow_for_slope,phase427_trace_decode_only_prefill_recollect_required,recollect_true_mixed_prefill_window_before_runtime_change,recollect_decode_batch_sweep_then_reprofile_prefill,false,false,false,false,false,false,true,No-Go
phase428_perstep_kernel_attrib,step_category,K2.5-tp4ep8dp2-8k2k,docs/iter_gap_investigation/phase427_kernel_profile/K2.5-tp4ep8dp2-8k2k,mixed,,31,decode_only,56,dense_gemm,34.397174,5.005498,0.013395,0.000389,,,,,,1.516977,0.595460,0.357492,0.047048,,blocked_prefill_not_captured,0,70,prefill_steps_not_captured,decode_batch_span_too_narrow_for_slope,phase427_trace_decode_only_prefill_recollect_required,recollect_true_mixed_prefill_window_before_runtime_change,recollect_decode_batch_sweep_then_reprofile_prefill,false,false,false,false,false,false,true,No-Go
phase428_perstep_kernel_attrib,step_category,K2.5-tp4ep8dp2-8k2k,docs/iter_gap_investigation/phase427_kernel_profile/K2.5-tp4ep8dp2-8k2k,mixed,,31,decode_only,56,ep_a2a,34.397174,7.358058,0.013395,0.000389,,,,,,1.516977,0.595460,0.357492,0.047048,,blocked_prefill_not_captured,0,70,prefill_steps_not_captured,decode_batch_span_too_narrow_for_slope,phase427_trace_decode_only_prefill_recollect_required,recollect_true_mixed_prefill_window_before_runtime_change,recollect_decode_batch_sweep_then_reprofile_prefill,false,false,false,false,false,false,true,No-Go
phase428_perstep_kernel_attrib,step_category,K2.5-tp4ep8dp2-8k2k,docs/iter_gap_investigation/phase427_kernel_profile/K2.5-tp4ep8dp2-8k2k,mixed,,31,decode_only,56,memcpy_memset,34.397174,0.159317,0.013395,0.000389,,,,,,1.516977,0.595460,0.357492,0.047048,,blocked_prefill_not_captured,0,70,prefill_steps_not_captured,decode_batch_span_too_narrow_for_slope,phase427_trace_decode_only_prefill_recollect_required,recollect_true_mixed_prefill_window_before_runtime_change,recollect_decode_batch_sweep_then_reprofile_prefill,false,false,false,false,false,false,true,No-Go
phase428_perstep_kernel_attrib,step_category,K2.5-tp4ep8dp2-8k2k,docs/iter_gap_investigation/phase427_kernel_profile/K2.5-tp4ep8dp2-8k2k,mixed,,31,decode_only,56,mla_attention,34.397174,11.441491,0.013395,0.000389,,,,,,1.516977,0.595460,0.357492,0.047048,,blocked_prefill_not_captured,0,70,prefill_steps_not_captured,decode_batch_span_too_narrow_for_slope,phase427_trace_decode_only_prefill_recollect_required,recollect_true_mixed_prefill_window_before_runtime_change,recollect_decode_batch_sweep_then_reprofile_prefill,false,false,false,false,false,false,true,No-Go
phase428_perstep_kernel_attrib,step_category,K2.5-tp4ep8dp2-8k2k,docs/iter_gap_investigation/phase427_kernel_profile/K2.5-tp4ep8dp2-8k2k,mixed,,31,decode_only,56,moe_gemm_or_aux,34.397174,7.401232,0.013395,0.000389,,,,,,1.516977,0.595460,0.357492,0.047048,,blocked_prefill_not_captured,0,70,prefill_steps_not_captured,decode_batch_span_too_narrow_for_slope,phase427_trace_decode_only_prefill_recollect_required,recollect_true_mixed_prefill_window_before_runtime_change,recollect_decode_batch_sweep_then_reprofile_prefill,false,false,false,false,false,false,true,No-Go
phase428_perstep_kernel_attrib,step_category,K2.5-tp4ep8dp2-8k2k,docs/iter_gap_investigation/phase427_kernel_profile/K2.5-tp4ep8dp2-8k2k,mixed,,31,decode_only,56,other_cuda,34.397174,2.309467,0.013395,0.000389,,,,,,1.516977,0.595460,0.357492,0.047048,,blocked_prefill_not_captured,0,70,prefill_steps_not_captured,decode_batch_span_too_narrow_for_slope,phase427_trace_decode_only_prefill_recollect_required,recollect_true_mixed_prefill_window_before_runtime_change,recollect_decode_batch_sweep_then_reprofile_prefill,false,false,false,false,false,false,true,No-Go
phase428_perstep_kernel_attrib,step_category,K2.5-tp4ep8dp2-8k2k,docs/iter_gap_investigation/phase427_kernel_profile/K2.5-tp4ep8dp2-8k2k,mixed,,31,decode_only,56,tp_or_dp_allreduce,34.397174,0.830277,0.013395,0.000389,,,,,,1.516977,0.595460,0.357492,0.047048,,blocked_prefill_not_captured,0,70,prefill_steps_not_captured,decode_batch_span_too_narrow_for_slope,phase427_trace_decode_only_prefill_recollect_required,recollect_true_mixed_prefill_window_before_runtime_change,recollect_decode_batch_sweep_then_reprofile_prefill,false,false,false,false,false,false,true,No-Go
phase428_perstep_kernel_attrib,step,K2.5-tp4ep8dp2-8k2k,docs/iter_gap_investigation/phase427_kernel_profile/K2.5-tp4ep8dp2-8k2k,mixed,,32,decode_only,56,,34.671919,,0.006926,0.000200,,,,,,1.516977,0.595460,0.357492,0.047048,,blocked_prefill_not_captured,0,70,prefill_steps_not_captured,decode_batch_span_too_narrow_for_slope,phase427_trace_decode_only_prefill_recollect_required,recollect_true_mixed_prefill_window_before_runtime_change,recollect_decode_batch_sweep_then_reprofile_prefill,false,false,false,false,false,false,true,No-Go
phase428_perstep_kernel_attrib,step_category,K2.5-tp4ep8dp2-8k2k,docs/iter_gap_investigation/phase427_kernel_profile/K2.5-tp4ep8dp2-8k2k,mixed,,32,decode_only,56,dense_gemm,34.671919,5.006779,0.006926,0.000200,,,,,,1.516977,0.595460,0.357492,0.047048,,blocked_prefill_not_captured,0,70,prefill_steps_not_captured,decode_batch_span_too_narrow_for_slope,phase427_trace_decode_only_prefill_recollect_required,recollect_true_mixed_prefill_window_before_runtime_change,recollect_decode_batch_sweep_then_reprofile_prefill,false,false,false,false,false,false,true,No-Go
phase428_perstep_kernel_attrib,step_category,K2.5-tp4ep8dp2-8k2k,docs/iter_gap_investigation/phase427_kernel_profile/K2.5-tp4ep8dp2-8k2k,mixed,,32,decode_only,56,ep_a2a,34.671919,7.427409,0.006926,0.000200,,,,,,1.516977,0.595460,0.357492,0.047048,,blocked_prefill_not_captured,0,70,prefill_steps_not_captured,decode_batch_span_too_narrow_for_slope,phase427_trace_decode_only_prefill_recollect_required,recollect_true_mixed_prefill_window_before_runtime_change,recollect_decode_batch_sweep_then_reprofile_prefill,false,false,false,false,false,false,true,No-Go
phase428_perstep_kernel_attrib,step_category,K2.5-tp4ep8dp2-8k2k,docs/iter_gap_investigation/phase427_kernel_profile/K2.5-tp4ep8dp2-8k2k,mixed,,32,decode_only,56,memcpy_memset,34.671919,0.154625,0.006926,0.000200,,,,,,1.516977,0.595460,0.357492,0.047048,,blocked_prefill_not_captured,0,70,prefill_steps_not_captured,decode_batch_span_too_narrow_for_slope,phase427_trace_decode_only_prefill_recollect_required,recollect_true_mixed_prefill_window_before_runtime_change,recollect_decode_batch_sweep_then_reprofile_prefill,false,false,false,false,false,false,true,No-Go
phase428_perstep_kernel_attrib,step_category,K2.5-tp4ep8dp2-8k2k,docs/iter_gap_investigation/phase427_kernel_profile/K2.5-tp4ep8dp2-8k2k,mixed,,32,decode_only,56,mla_attention,34.671919,11.485948,0.006926,0.000200,,,,,,1.516977,0.595460,0.357492,0.047048,,blocked_prefill_not_captured,0,70,prefill_steps_not_captured,decode_batch_span_too_narrow_for_slope,phase427_trace_decode_only_prefill_recollect_required,recollect_true_mixed_prefill_window_before_runtime_change,recollect_decode_batch_sweep_then_reprofile_prefill,false,false,false,false,false,false,true,No-Go
phase428_perstep_kernel_attrib,step_category,K2.5-tp4ep8dp2-8k2k,docs/iter_gap_investigation/phase427_kernel_profile/K2.5-tp4ep8dp2-8k2k,mixed,,32,decode_only,56,moe_gemm_or_aux,34.671919,7.571047,0.006926,0.000200,,,,,,1.516977,0.595460,0.357492,0.047048,,blocked_prefill_not_captured,0,70,prefill_steps_not_captured,decode_batch_span_too_narrow_for_slope,phase427_trace_decode_only_prefill_recollect_required,recollect_true_mixed_prefill_window_before_runtime_change,recollect_decode_batch_sweep_then_reprofile_prefill,false,false,false,false,false,false,true,No-Go
phase428_perstep_kernel_attrib,step_category,K2.5-tp4ep8dp2-8k2k,docs/iter_gap_investigation/phase427_kernel_profile/K2.5-tp4ep8dp2-8k2k,mixed,,32,decode_only,56,other_cuda,34.671919,2.310783,0.006926,0.000200,,,,,,1.516977,0.595460,0.357492,0.047048,,blocked_prefill_not_captured,0,70,prefill_steps_not_captured,decode_batch_span_too_narrow_for_slope,phase427_trace_decode_only_prefill_recollect_required,recollect_true_mixed_prefill_window_before_runtime_change,recollect_decode_batch_sweep_then_reprofile_prefill,false,false,false,false,false,false,true,No-Go
phase428_perstep_kernel_attrib,step_category,K2.5-tp4ep8dp2-8k2k,docs/iter_gap_investigation/phase427_kernel_profile/K2.5-tp4ep8dp2-8k2k,mixed,,32,decode_only,56,tp_or_dp_allreduce,34.671919,0.829475,0.006926,0.000200,,,,,,1.516977,0.595460,0.357492,0.047048,,blocked_prefill_not_captured,0,70,prefill_steps_not_captured,decode_batch_span_too_narrow_for_slope,phase427_trace_decode_only_prefill_recollect_required,recollect_true_mixed_prefill_window_before_runtime_change,recollect_decode_batch_sweep_then_reprofile_prefill,false,false,false,false,false,false,true,No-Go
phase428_perstep_kernel_attrib,step,K2.5-tp4ep8dp2-8k2k,docs/iter_gap_investigation/phase427_kernel_profile/K2.5-tp4ep8dp2-8k2k,mixed,,33,decode_only,56,,34.603403,,0.000000,0.000000,,,,,,1.516977,0.595460,0.357492,0.047048,,blocked_prefill_not_captured,0,70,prefill_steps_not_captured,decode_batch_span_too_narrow_for_slope,phase427_trace_decode_only_prefill_recollect_required,recollect_true_mixed_prefill_window_before_runtime_change,recollect_decode_batch_sweep_then_reprofile_prefill,false,false,false,false,false,false,true,No-Go
phase428_perstep_kernel_attrib,step_category,K2.5-tp4ep8dp2-8k2k,docs/iter_gap_investigation/phase427_kernel_profile/K2.5-tp4ep8dp2-8k2k,mixed,,33,decode_only,56,dense_gemm,34.603403,5.012452,0.000000,0.000000,,,,,,1.516977,0.595460,0.357492,0.047048,,blocked_prefill_not_captured,0,70,prefill_steps_not_captured,decode_batch_span_too_narrow_for_slope,phase427_trace_decode_only_prefill_recollect_required,recollect_true_mixed_prefill_window_before_runtime_change,recollect_decode_batch_sweep_then_reprofile_prefill,false,false,false,false,false,false,true,No-Go
phase428_perstep_kernel_attrib,step_category,K2.5-tp4ep8dp2-8k2k,docs/iter_gap_investigation/phase427_kernel_profile/K2.5-tp4ep8dp2-8k2k,mixed,,33,decode_only,56,ep_a2a,34.603403,7.353800,0.000000,0.000000,,,,,,1.516977,0.595460,0.357492,0.047048,,blocked_prefill_not_captured,0,70,prefill_steps_not_captured,decode_batch_span_too_narrow_for_slope,phase427_trace_decode_only_prefill_recollect_required,recollect_true_mixed_prefill_window_before_runtime_change,recollect_decode_batch_sweep_then_reprofile_prefill,false,false,false,false,false,false,true,No-Go
phase428_perstep_kernel_attrib,step_category,K2.5-tp4ep8dp2-8k2k,docs/iter_gap_investigation/phase427_kernel_profile/K2.5-tp4ep8dp2-8k2k,mixed,,33,decode_only,56,memcpy_memset,34.603403,0.155209,0.000000,0.000000,,,,,,1.516977,0.595460,0.357492,0.047048,,blocked_prefill_not_captured,0,70,prefill_steps_not_captured,decode_batch_span_too_narrow_for_slope,phase427_trace_decode_only_prefill_recollect_required,recollect_true_mixed_prefill_window_before_runtime_change,recollect_decode_batch_sweep_then_reprofile_prefill,false,false,false,false,false,false,true,No-Go
phase428_perstep_kernel_attrib,step_category,K2.5-tp4ep8dp2-8k2k,docs/iter_gap_investigation/phase427_kernel_profile/K2.5-tp4ep8dp2-8k2k,mixed,,33,decode_only,56,mla_attention,34.603403,11.512853,0.000000,0.000000,,,,,,1.516977,0.595460,0.357492,0.047048,,blocked_prefill_not_captured,0,70,prefill_steps_not_captured,decode_batch_span_too_narrow_for_slope,phase427_trace_decode_only_prefill_recollect_required,recollect_true_mixed_prefill_window_before_runtime_change,recollect_decode_batch_sweep_then_reprofile_prefill,false,false,false,false,false,false,true,No-Go
phase428_perstep_kernel_attrib,step_category,K2.5-tp4ep8dp2-8k2k,docs/iter_gap_investigation/phase427_kernel_profile/K2.5-tp4ep8dp2-8k2k,mixed,,33,decode_only,56,moe_gemm_or_aux,34.603403,7.542072,0.000000,0.000000,,,,,,1.516977,0.595460,0.357492,0.047048,,blocked_prefill_not_captured,0,70,prefill_steps_not_captured,decode_batch_span_too_narrow_for_slope,phase427_trace_decode_only_prefill_recollect_required,recollect_true_mixed_prefill_window_before_runtime_change,recollect_decode_batch_sweep_then_reprofile_prefill,false,false,false,false,false,false,true,No-Go
phase428_perstep_kernel_attrib,step_category,K2.5-tp4ep8dp2-8k2k,docs/iter_gap_investigation/phase427_kernel_profile/K2.5-tp4ep8dp2-8k2k,mixed,,33,decode_only,56,other_cuda,34.603403,2.309907,0.000000,0.000000,,,,,,1.516977,0.595460,0.357492,0.047048,,blocked_prefill_not_captured,0,70,prefill_steps_not_captured,decode_batch_span_too_narrow_for_slope,phase427_trace_decode_only_prefill_recollect_required,recollect_true_mixed_prefill_window_before_runtime_change,recollect_decode_batch_sweep_then_reprofile_prefill,false,false,false,false,false,false,true,No-Go
phase428_perstep_kernel_attrib,step_category,K2.5-tp4ep8dp2-8k2k,docs/iter_gap_investigation/phase427_kernel_profile/K2.5-tp4ep8dp2-8k2k,mixed,,33,decode_only,56,tp_or_dp_allreduce,34.603403,0.823790,0.000000,0.000000,,,,,,1.516977,0.595460,0.357492,0.047048,,blocked_prefill_not_captured,0,70,prefill_steps_not_captured,decode_batch_span_too_narrow_for_slope,phase427_trace_decode_only_prefill_recollect_required,recollect_true_mixed_prefill_window_before_runtime_change,recollect_decode_batch_sweep_then_reprofile_prefill,false,false,false,false,false,false,true,No-Go
phase428_perstep_kernel_attrib,step,K2.5-tp4ep8dp2-8k2k,docs/iter_gap_investigation/phase427_kernel_profile/K2.5-tp4ep8dp2-8k2k,mixed,,34,decode_only,56,,34.720064,,0.000000,0.000000,,,,,,1.516977,0.595460,0.357492,0.047048,,blocked_prefill_not_captured,0,70,prefill_steps_not_captured,decode_batch_span_too_narrow_for_slope,phase427_trace_decode_only_prefill_recollect_required,recollect_true_mixed_prefill_window_before_runtime_change,recollect_decode_batch_sweep_then_reprofile_prefill,false,false,false,false,false,false,true,No-Go
phase428_perstep_kernel_attrib,step_category,K2.5-tp4ep8dp2-8k2k,docs/iter_gap_investigation/phase427_kernel_profile/K2.5-tp4ep8dp2-8k2k,mixed,,34,decode_only,56,dense_gemm,34.720064,5.011717,0.000000,0.000000,,,,,,1.516977,0.595460,0.357492,0.047048,,blocked_prefill_not_captured,0,70,prefill_steps_not_captured,decode_batch_span_too_narrow_for_slope,phase427_trace_decode_only_prefill_recollect_required,recollect_true_mixed_prefill_window_before_runtime_change,recollect_decode_batch_sweep_then_reprofile_prefill,false,false,false,false,false,false,true,No-Go
phase428_perstep_kernel_attrib,step_category,K2.5-tp4ep8dp2-8k2k,docs/iter_gap_investigation/phase427_kernel_profile/K2.5-tp4ep8dp2-8k2k,mixed,,34,decode_only,56,ep_a2a,34.720064,7.491299,0.000000,0.000000,,,,,,1.516977,0.595460,0.357492,0.047048,,blocked_prefill_not_captured,0,70,prefill_steps_not_captured,decode_batch_span_too_narrow_for_slope,phase427_trace_decode_only_prefill_recollect_required,recollect_true_mixed_prefill_window_before_runtime_change,recollect_decode_batch_sweep_then_reprofile_prefill,false,false,false,false,false,false,true,No-Go
phase428_perstep_kernel_attrib,step_category,K2.5-tp4ep8dp2-8k2k,docs/iter_gap_investigation/phase427_kernel_profile/K2.5-tp4ep8dp2-8k2k,mixed,,34,decode_only,56,memcpy_memset,34.720064,0.157595,0.000000,0.000000,,,,,,1.516977,0.595460,0.357492,0.047048,,blocked_prefill_not_captured,0,70,prefill_steps_not_captured,decode_batch_span_too_narrow_for_slope,phase427_trace_decode_only_prefill_recollect_required,recollect_true_mixed_prefill_window_before_runtime_change,recollect_decode_batch_sweep_then_reprofile_prefill,false,false,false,false,false,false,true,No-Go
phase428_perstep_kernel_attrib,step_category,K2.5-tp4ep8dp2-8k2k,docs/iter_gap_investigation/phase427_kernel_profile/K2.5-tp4ep8dp2-8k2k,mixed,,34,decode_only,56,mla_attention,34.720064,11.511285,0.000000,0.000000,,,,,,1.516977,0.595460,0.357492,0.047048,,blocked_prefill_not_captured,0,70,prefill_steps_not_captured,decode_batch_span_too_narrow_for_slope,phase427_trace_decode_only_prefill_recollect_required,recollect_true_mixed_prefill_window_before_runtime_change,recollect_decode_batch_sweep_then_reprofile_prefill,false,false,false,false,false,false,true,No-Go
phase428_perstep_kernel_attrib,step_category,K2.5-tp4ep8dp2-8k2k,docs/iter_gap_investigation/phase427_kernel_profile/K2.5-tp4ep8dp2-8k2k,mixed,,34,decode_only,56,moe_gemm_or_aux,34.720064,7.556828,0.000000,0.000000,,,,,,1.516977,0.595460,0.357492,0.047048,,blocked_prefill_not_captured,0,70,prefill_steps_not_captured,decode_batch_span_too_narrow_for_slope,phase427_trace_decode_only_prefill_recollect_required,recollect_true_mixed_prefill_window_before_runtime_change,recollect_decode_batch_sweep_then_reprofile_prefill,false,false,false,false,false,false,true,No-Go
phase428_perstep_kernel_attrib,step_category,K2.5-tp4ep8dp2-8k2k,docs/iter_gap_investigation/phase427_kernel_profile/K2.5-tp4ep8dp2-8k2k,mixed,,34,decode_only,56,other_cuda,34.720064,2.308428,0.000000,0.000000,,,,,,1.516977,0.595460,0.357492,0.047048,,blocked_prefill_not_captured,0,70,prefill_steps_not_captured,decode_batch_span_too_narrow_for_slope,phase427_trace_decode_only_prefill_recollect_required,recollect_true_mixed_prefill_window_before_runtime_change,recollect_decode_batch_sweep_then_reprofile_prefill,false,false,false,false,false,false,true,No-Go
phase428_perstep_kernel_attrib,step_category,K2.5-tp4ep8dp2-8k2k,docs/iter_gap_investigation/phase427_kernel_profile/K2.5-tp4ep8dp2-8k2k,mixed,,34,decode_only,56,tp_or_dp_allreduce,34.720064,0.829195,0.000000,0.000000,,,,,,1.516977,0.595460,0.357492,0.047048,,blocked_prefill_not_captured,0,70,prefill_steps_not_captured,decode_batch_span_too_narrow_for_slope,phase427_trace_decode_only_prefill_recollect_required,recollect_true_mixed_prefill_window_before_runtime_change,recollect_decode_batch_sweep_then_reprofile_prefill,false,false,false,false,false,false,true,No-Go
phase428_perstep_kernel_attrib,decode_slope,K2.5-tp4ep8dp2-8k2k,docs/iter_gap_investigation/phase427_kernel_profile/K2.5-tp4ep8dp2-8k2k,,,,,,moe_gemm_or_aux,,9.705091,,,,,-0.932917,,,1.516977,0.595460,0.357492,0.047048,,blocked_prefill_not_captured,0,70,prefill_steps_not_captured,decode_batch_span_too_narrow_for_slope,phase427_trace_decode_only_prefill_recollect_required,recollect_true_mixed_prefill_window_before_runtime_change,recollect_decode_batch_sweep_then_reprofile_prefill,false,false,false,false,false,false,true,No-Go
phase428_perstep_kernel_attrib,decode_slope,K2.5-tp4ep8dp2-8k2k,docs/iter_gap_investigation/phase427_kernel_profile/K2.5-tp4ep8dp2-8k2k,,,,,,mla_attention,,11.794939,,,,,-0.151564,,,1.516977,0.595460,0.357492,0.047048,,blocked_prefill_not_captured,0,70,prefill_steps_not_captured,decode_batch_span_too_narrow_for_slope,phase427_trace_decode_only_prefill_recollect_required,recollect_true_mixed_prefill_window_before_runtime_change,recollect_decode_batch_sweep_then_reprofile_prefill,false,false,false,false,false,false,true,No-Go
phase428_perstep_kernel_attrib,decode_slope,K2.5-tp4ep8dp2-8k2k,docs/iter_gap_investigation/phase427_kernel_profile/K2.5-tp4ep8dp2-8k2k,,,,,,ep_a2a,,7.418812,,,,,-0.023147,,,1.516977,0.595460,0.357492,0.047048,,blocked_prefill_not_captured,0,70,prefill_steps_not_captured,decode_batch_span_too_narrow_for_slope,phase427_trace_decode_only_prefill_recollect_required,recollect_true_mixed_prefill_window_before_runtime_change,recollect_decode_batch_sweep_then_reprofile_prefill,false,false,false,false,false,false,true,No-Go
phase428_perstep_kernel_attrib,decode_slope,K2.5-tp4ep8dp2-8k2k,docs/iter_gap_investigation/phase427_kernel_profile/K2.5-tp4ep8dp2-8k2k,,,,,,dense_gemm,,4.986231,,,,,0.003089,,,1.516977,0.595460,0.357492,0.047048,,blocked_prefill_not_captured,0,70,prefill_steps_not_captured,decode_batch_span_too_narrow_for_slope,phase427_trace_decode_only_prefill_recollect_required,recollect_true_mixed_prefill_window_before_runtime_change,recollect_decode_batch_sweep_then_reprofile_prefill,false,false,false,false,false,false,true,No-Go
phase428_perstep_kernel_attrib,decode_slope,K2.5-tp4ep8dp2-8k2k,docs/iter_gap_investigation/phase427_kernel_profile/K2.5-tp4ep8dp2-8k2k,,,,,,memcpy_memset,,0.164780,,,,,-0.001737,,,1.516977,0.595460,0.357492,0.047048,,blocked_prefill_not_captured,0,70,prefill_steps_not_captured,decode_batch_span_too_narrow_for_slope,phase427_trace_decode_only_prefill_recollect_required,recollect_true_mixed_prefill_window_before_runtime_change,recollect_decode_batch_sweep_then_reprofile_prefill,false,false,false,false,false,false,true,No-Go
phase428_perstep_kernel_attrib,decode_slope,K2.5-tp4ep8dp2-8k2k,docs/iter_gap_investigation/phase427_kernel_profile/K2.5-tp4ep8dp2-8k2k,,,,,,other_cuda,,2.305595,,,,,-0.001029,,,1.516977,0.595460,0.357492,0.047048,,blocked_prefill_not_captured,0,70,prefill_steps_not_captured,decode_batch_span_too_narrow_for_slope,phase427_trace_decode_only_prefill_recollect_required,recollect_true_mixed_prefill_window_before_runtime_change,recollect_decode_batch_sweep_then_reprofile_prefill,false,false,false,false,false,false,true,No-Go
phase428_perstep_kernel_attrib,decode_slope,K2.5-tp4ep8dp2-8k2k,docs/iter_gap_investigation/phase427_kernel_profile/K2.5-tp4ep8dp2-8k2k,,,,,,tp_or_dp_allreduce,,0.824731,,,,,0.000611,,,1.516977,0.595460,0.357492,0.047048,,blocked_prefill_not_captured,0,70,prefill_steps_not_captured,decode_batch_span_too_narrow_for_slope,phase427_trace_decode_only_prefill_recollect_required,recollect_true_mixed_prefill_window_before_runtime_change,recollect_decode_batch_sweep_then_reprofile_prefill,false,false,false,false,false,false,true,No-Go
