source,row_type,scenario,artifact_dir,window,rank,category,kernel_name,cuda_total_ms,cuda_time_avg_us,calls,category_cuda_ms,category_share_of_self_cuda,profiler_step_wall_ms,self_cuda_total_ms,unattributed_or_bubble_ms,phase426_steady_metric_penalty,phase426_prefill_share,phase426_decode_gap_share,phase426_peer_stall_share,phase415_decode_ep_dispatch_combine_ms,reconstruction_error_pct,reconstruction_gate,prefill_verdict,decode_verdict,mechanism_verdict,phase428_target,phase405_penalty_read,gpu_allowed,ssh_allowed,runtime_modified,perf_database,valid_for_default,diagnostic_only,default_readiness
phase427_kernel_profile,summary,K2.5-tp4ep8dp2-8k2k,docs/iter_gap_investigation/phase427_kernel_profile/K2.5-tp4ep8dp2-8k2k,,,,,,,,,,,,,1.516977,0.595460,0.357492,0.047048,0.031093,0.000000,passed,mixed_mla_attention_dominates,decode_mla_attention_dominates,kernel_profile_collected_prefill_and_decode,classify_prefill_execution_and_decode_slope_from_kernel_profile,false,true,true,false,false,false,true,No-Go
phase427_kernel_profile,kernel_category,K2.5-tp4ep8dp2-8k2k,docs/iter_gap_investigation/phase427_kernel_profile/K2.5-tp4ep8dp2-8k2k,mixed,,dense_gemm,,,,,1480.100000,0.149143,146.075000,9924.000000,0.000000,1.516977,0.595460,0.357492,0.047048,0.031093,0.000000,passed,mixed_mla_attention_dominates,,kernel_profile_collected_prefill_and_decode,classify_prefill_execution_and_decode_slope_from_kernel_profile,false,true,true,false,false,false,true,No-Go
phase427_kernel_profile,kernel_category,K2.5-tp4ep8dp2-8k2k,docs/iter_gap_investigation/phase427_kernel_profile/K2.5-tp4ep8dp2-8k2k,mixed,,ep_a2a,,,,,2141.367000,0.215777,146.075000,9924.000000,0.000000,1.516977,0.595460,0.357492,0.047048,0.031093,0.000000,passed,mixed_mla_attention_dominates,,kernel_profile_collected_prefill_and_decode,classify_prefill_execution_and_decode_slope_from_kernel_profile,false,true,true,false,false,false,true,No-Go
phase427_kernel_profile,kernel_category,K2.5-tp4ep8dp2-8k2k,docs/iter_gap_investigation/phase427_kernel_profile/K2.5-tp4ep8dp2-8k2k,mixed,,memcpy_memset,,,,,44.953137,0.004530,146.075000,9924.000000,0.000000,1.516977,0.595460,0.357492,0.047048,0.031093,0.000000,passed,mixed_mla_attention_dominates,,kernel_profile_collected_prefill_and_decode,classify_prefill_execution_and_decode_slope_from_kernel_profile,false,true,true,false,false,false,true,No-Go
phase427_kernel_profile,kernel_category,K2.5-tp4ep8dp2-8k2k,docs/iter_gap_investigation/phase427_kernel_profile/K2.5-tp4ep8dp2-8k2k,mixed,,mla_attention,,,,,3293.870530,0.331910,146.075000,9924.000000,0.000000,1.516977,0.595460,0.357492,0.047048,0.031093,0.000000,passed,mixed_mla_attention_dominates,,kernel_profile_collected_prefill_and_decode,classify_prefill_execution_and_decode_slope_from_kernel_profile,false,true,true,false,false,false,true,No-Go
phase427_kernel_profile,kernel_category,K2.5-tp4ep8dp2-8k2k,docs/iter_gap_investigation/phase427_kernel_profile/K2.5-tp4ep8dp2-8k2k,mixed,,moe_gemm_or_aux,,,,,2123.602000,0.213986,146.075000,9924.000000,0.000000,1.516977,0.595460,0.357492,0.047048,0.031093,0.000000,passed,mixed_mla_attention_dominates,,kernel_profile_collected_prefill_and_decode,classify_prefill_execution_and_decode_slope_from_kernel_profile,false,true,true,false,false,false,true,No-Go
phase427_kernel_profile,kernel_category,K2.5-tp4ep8dp2-8k2k,docs/iter_gap_investigation/phase427_kernel_profile/K2.5-tp4ep8dp2-8k2k,mixed,,other_cuda,,,,,772.484674,0.077840,146.075000,9924.000000,0.000000,1.516977,0.595460,0.357492,0.047048,0.031093,0.000000,passed,mixed_mla_attention_dominates,,kernel_profile_collected_prefill_and_decode,classify_prefill_execution_and_decode_slope_from_kernel_profile,false,true,true,false,false,false,true,No-Go
phase427_kernel_profile,kernel_category,K2.5-tp4ep8dp2-8k2k,docs/iter_gap_investigation/phase427_kernel_profile/K2.5-tp4ep8dp2-8k2k,mixed,,tp_or_dp_allreduce,,,,,245.376372,0.024726,146.075000,9924.000000,0.000000,1.516977,0.595460,0.357492,0.047048,0.031093,0.000000,passed,mixed_mla_attention_dominates,,kernel_profile_collected_prefill_and_decode,classify_prefill_execution_and_decode_slope_from_kernel_profile,false,true,true,false,false,false,true,No-Go
phase427_kernel_profile,kernel,K2.5-tp4ep8dp2-8k2k,docs/iter_gap_investigation/phase427_kernel_profile/K2.5-tp4ep8dp2-8k2k,mixed,0,cuda_graph_envelope,execute_context_0(0)_generation_56(56),3467.000000,550.346000,6300,,,146.075000,9924.000000,0.000000,1.516977,0.595460,0.357492,0.047048,0.031093,0.000000,passed,mixed_mla_attention_dominates,,kernel_profile_collected_prefill_and_decode,classify_prefill_execution_and_decode_slope_from_kernel_profile,false,true,true,false,false,false,true,No-Go
phase427_kernel_profile,kernel,K2.5-tp4ep8dp2-8k2k,docs/iter_gap_investigation/phase427_kernel_profile/K2.5-tp4ep8dp2-8k2k,mixed,0,mla_attention,void cutlass::device_kernel<flash::enable_sm90_or_la...,394.578000,180.420000,2187,,,146.075000,9924.000000,0.000000,1.516977,0.595460,0.357492,0.047048,0.031093,0.000000,passed,mixed_mla_attention_dominates,,kernel_profile_collected_prefill_and_decode,classify_prefill_execution_and_decode_slope_from_kernel_profile,false,true,true,false,false,false,true,No-Go
phase427_kernel_profile,kernel,K2.5-tp4ep8dp2-8k2k,docs/iter_gap_investigation/phase427_kernel_profile/K2.5-tp4ep8dp2-8k2k,mixed,0,moe_gemm_or_aux,"void marlin_moe_wna16::Marlin<1125899906909960l, 112...",260.246000,60.438000,4306,,,146.075000,9924.000000,0.000000,1.516977,0.595460,0.357492,0.047048,0.031093,0.000000,passed,mixed_mla_attention_dominates,,kernel_profile_collected_prefill_and_decode,classify_prefill_execution_and_decode_slope_from_kernel_profile,false,true,true,false,false,false,true,No-Go
phase427_kernel_profile,kernel,K2.5-tp4ep8dp2-8k2k,docs/iter_gap_investigation/phase427_kernel_profile/K2.5-tp4ep8dp2-8k2k,mixed,0,ep_a2a,ncclDevKernel_ReduceScatter_Sum_bf16_RING_LL(ncclDev...,146.861000,68.212000,2153,,,146.075000,9924.000000,0.000000,1.516977,0.595460,0.357492,0.047048,0.031093,0.000000,passed,mixed_mla_attention_dominates,,kernel_profile_collected_prefill_and_decode,classify_prefill_execution_and_decode_slope_from_kernel_profile,false,true,true,false,false,false,true,No-Go
phase427_kernel_profile,kernel,K2.5-tp4ep8dp2-8k2k,docs/iter_gap_investigation/phase427_kernel_profile/K2.5-tp4ep8dp2-8k2k,mixed,0,ep_a2a,ncclDevKernel_AllGather_RING_LL(ncclDevKernelArgsSto...,101.843000,23.455000,4342,,,146.075000,9924.000000,0.000000,1.516977,0.595460,0.357492,0.047048,0.031093,0.000000,passed,mixed_mla_attention_dominates,,kernel_profile_collected_prefill_and_decode,classify_prefill_execution_and_decode_slope_from_kernel_profile,false,true,true,false,false,false,true,No-Go
phase427_kernel_profile,kernel,K2.5-tp4ep8dp2-8k2k,docs/iter_gap_investigation/phase427_kernel_profile/K2.5-tp4ep8dp2-8k2k,mixed,0,dense_gemm,nvjet_tst_64x16_64x16_2x1_v_bz_splitK_TNT,39.681000,18.430000,2153,,,146.075000,9924.000000,0.000000,1.516977,0.595460,0.357492,0.047048,0.031093,0.000000,passed,mixed_mla_attention_dominates,,kernel_profile_collected_prefill_and_decode,classify_prefill_execution_and_decode_slope_from_kernel_profile,false,true,true,false,false,false,true,No-Go
phase427_kernel_profile,kernel,K2.5-tp4ep8dp2-8k2k,docs/iter_gap_investigation/phase427_kernel_profile/K2.5-tp4ep8dp2-8k2k,mixed,0,tp_or_dp_allreduce,"void vllm::cross_device_reduce_2stage<__nv_bfloat16,...",29.079000,12.884000,2257,,,146.075000,9924.000000,0.000000,1.516977,0.595460,0.357492,0.047048,0.031093,0.000000,passed,mixed_mla_attention_dominates,,kernel_profile_collected_prefill_and_decode,classify_prefill_execution_and_decode_slope_from_kernel_profile,false,true,true,false,false,false,true,No-Go
phase427_kernel_profile,kernel,K2.5-tp4ep8dp2-8k2k,docs/iter_gap_investigation/phase427_kernel_profile/K2.5-tp4ep8dp2-8k2k,mixed,0,dense_gemm,nvjet_tst_64x16_64x16_4x1_v_bz_TNT,27.624000,12.830000,2153,,,146.075000,9924.000000,0.000000,1.516977,0.595460,0.357492,0.047048,0.031093,0.000000,passed,mixed_mla_attention_dominates,,kernel_profile_collected_prefill_and_decode,classify_prefill_execution_and_decode_slope_from_kernel_profile,false,true,true,false,false,false,true,No-Go
phase427_kernel_profile,kernel,K2.5-tp4ep8dp2-8k2k,docs/iter_gap_investigation/phase427_kernel_profile/K2.5-tp4ep8dp2-8k2k,mixed,0,dense_gemm,nvjet_tst_64x56_64x14_4x1_v_bz_splitK_TNT,26.202000,11.981000,2187,,,146.075000,9924.000000,0.000000,1.516977,0.595460,0.357492,0.047048,0.031093,0.000000,passed,mixed_mla_attention_dominates,,kernel_profile_collected_prefill_and_decode,classify_prefill_execution_and_decode_slope_from_kernel_profile,false,true,true,false,false,false,true,No-Go
phase427_kernel_profile,kernel,K2.5-tp4ep8dp2-8k2k,docs/iter_gap_investigation/phase427_kernel_profile/K2.5-tp4ep8dp2-8k2k,mixed,0,dense_gemm,nvjet_tst_64x56_64x14_4x1_v_bz_TNT,23.271000,10.473000,2222,,,146.075000,9924.000000,0.000000,1.516977,0.595460,0.357492,0.047048,0.031093,0.000000,passed,mixed_mla_attention_dominates,,kernel_profile_collected_prefill_and_decode,classify_prefill_execution_and_decode_slope_from_kernel_profile,false,true,true,false,false,false,true,No-Go
phase427_kernel_profile,kernel,K2.5-tp4ep8dp2-8k2k,docs/iter_gap_investigation/phase427_kernel_profile/K2.5-tp4ep8dp2-8k2k,mixed,0,other_cuda,"void at::native::reduce_kernel<128, 4, at::native::R...",21.122000,9.810000,2153,,,146.075000,9924.000000,0.000000,1.516977,0.595460,0.357492,0.047048,0.031093,0.000000,passed,mixed_mla_attention_dominates,,kernel_profile_collected_prefill_and_decode,classify_prefill_execution_and_decode_slope_from_kernel_profile,false,true,true,false,false,false,true,No-Go
phase427_kernel_profile,kernel,K2.5-tp4ep8dp2-8k2k,docs/iter_gap_investigation/phase427_kernel_profile/K2.5-tp4ep8dp2-8k2k,mixed,0,dense_gemm,"void router_gemm_kernel_bf16_output<__nv_bfloat16, 1...",16.373000,7.605000,2153,,,146.075000,9924.000000,0.000000,1.516977,0.595460,0.357492,0.047048,0.031093,0.000000,passed,mixed_mla_attention_dominates,,kernel_profile_collected_prefill_and_decode,classify_prefill_execution_and_decode_slope_from_kernel_profile,false,true,true,false,false,false,true,No-Go
phase427_kernel_profile,kernel,K2.5-tp4ep8dp2-8k2k,docs/iter_gap_investigation/phase427_kernel_profile/K2.5-tp4ep8dp2-8k2k,mixed,0,other_cuda,"void vllm::act_and_mul_kernel<c10::BFloat16, __nv_bf...",14.418000,6.697000,2153,,,146.075000,9924.000000,0.000000,1.516977,0.595460,0.357492,0.047048,0.031093,0.000000,passed,mixed_mla_attention_dominates,,kernel_profile_collected_prefill_and_decode,classify_prefill_execution_and_decode_slope_from_kernel_profile,false,true,true,false,false,false,true,No-Go
phase427_kernel_profile,kernel,K2.5-tp4ep8dp2-8k2k,docs/iter_gap_investigation/phase427_kernel_profile/K2.5-tp4ep8dp2-8k2k,mixed,0,dense_gemm,nvjet_tst_64x32_64x16_4x2_h_bz_TNT,13.541000,6.192000,2187,,,146.075000,9924.000000,0.000000,1.516977,0.595460,0.357492,0.047048,0.031093,0.000000,passed,mixed_mla_attention_dominates,,kernel_profile_collected_prefill_and_decode,classify_prefill_execution_and_decode_slope_from_kernel_profile,false,true,true,false,false,false,true,No-Go
phase427_kernel_profile,kernel,K2.5-tp4ep8dp2-8k2k,docs/iter_gap_investigation/phase427_kernel_profile/K2.5-tp4ep8dp2-8k2k,mixed,0,mla_attention,void cutlass::device_kernel<flash::FlashAttnFwdCombi...,11.999000,5.486000,2187,,,146.075000,9924.000000,0.000000,1.516977,0.595460,0.357492,0.047048,0.031093,0.000000,passed,mixed_mla_attention_dominates,,kernel_profile_collected_prefill_and_decode,classify_prefill_execution_and_decode_slope_from_kernel_profile,false,true,true,false,false,false,true,No-Go
phase427_kernel_profile,kernel,K2.5-tp4ep8dp2-8k2k,docs/iter_gap_investigation/phase427_kernel_profile/K2.5-tp4ep8dp2-8k2k,mixed,0,dense_gemm,"void cublasLt::splitKreduce_kernel<32, 16, int, floa...",9.862000,2.272000,4340,,,146.075000,9924.000000,0.000000,1.516977,0.595460,0.357492,0.047048,0.031093,0.000000,passed,mixed_mla_attention_dominates,,kernel_profile_collected_prefill_and_decode,classify_prefill_execution_and_decode_slope_from_kernel_profile,false,true,true,false,false,false,true,No-Go
phase427_kernel_profile,kernel,K2.5-tp4ep8dp2-8k2k,docs/iter_gap_investigation/phase427_kernel_profile/K2.5-tp4ep8dp2-8k2k,mixed,0,moe_gemm_or_aux,void vllm::moe::grouped_topk_fused_small_expert_coun...,9.857000,4.578000,2153,,,146.075000,9924.000000,0.000000,1.516977,0.595460,0.357492,0.047048,0.031093,0.000000,passed,mixed_mla_attention_dominates,,kernel_profile_collected_prefill_and_decode,classify_prefill_execution_and_decode_slope_from_kernel_profile,false,true,true,false,false,false,true,No-Go
phase427_kernel_profile,kernel,K2.5-tp4ep8dp2-8k2k,docs/iter_gap_investigation/phase427_kernel_profile/K2.5-tp4ep8dp2-8k2k,mixed,0,other_cuda,"void at::native::vectorized_elementwise_kernel<8, at...",9.821000,4.562000,2153,,,146.075000,9924.000000,0.000000,1.516977,0.595460,0.357492,0.047048,0.031093,0.000000,passed,mixed_mla_attention_dominates,,kernel_profile_collected_prefill_and_decode,classify_prefill_execution_and_decode_slope_from_kernel_profile,false,true,true,false,false,false,true,No-Go
phase427_kernel_profile,kernel,K2.5-tp4ep8dp2-8k2k,docs/iter_gap_investigation/phase427_kernel_profile/K2.5-tp4ep8dp2-8k2k,mixed,0,other_cuda,triton_red_fused__to_copy_add_mean_min_latency_fused...,8.506000,4.018000,2117,,,146.075000,9924.000000,0.000000,1.516977,0.595460,0.357492,0.047048,0.031093,0.000000,passed,mixed_mla_attention_dominates,,kernel_profile_collected_prefill_and_decode,classify_prefill_execution_and_decode_slope_from_kernel_profile,false,true,true,false,false,false,true,No-Go
phase427_kernel_profile,kernel,K2.5-tp4ep8dp2-8k2k,docs/iter_gap_investigation/phase427_kernel_profile/K2.5-tp4ep8dp2-8k2k,mixed,0,dense_gemm,nvjet_tst_64x24_64x16_2x1_v_bz_TNT,8.309000,3.799000,2187,,,146.075000,9924.000000,0.000000,1.516977,0.595460,0.357492,0.047048,0.031093,0.000000,passed,mixed_mla_attention_dominates,,kernel_profile_collected_prefill_and_decode,classify_prefill_execution_and_decode_slope_from_kernel_profile,false,true,true,false,false,false,true,No-Go
phase427_kernel_profile,kernel,K2.5-tp4ep8dp2-8k2k,docs/iter_gap_investigation/phase427_kernel_profile/K2.5-tp4ep8dp2-8k2k,mixed,0,other_cuda,aten::copy_,8.238000,8.406000,980,,,146.075000,9924.000000,0.000000,1.516977,0.595460,0.357492,0.047048,0.031093,0.000000,passed,mixed_mla_attention_dominates,,kernel_profile_collected_prefill_and_decode,classify_prefill_execution_and_decode_slope_from_kernel_profile,false,true,true,false,false,false,true,No-Go
phase427_kernel_profile,kernel,K2.5-tp4ep8dp2-8k2k,docs/iter_gap_investigation/phase427_kernel_profile/K2.5-tp4ep8dp2-8k2k,mixed,0,dense_gemm,nvjet_tst_64x56_64x14_2x1_v_bz_NNT,8.198000,3.749000,2187,,,146.075000,9924.000000,0.000000,1.516977,0.595460,0.357492,0.047048,0.031093,0.000000,passed,mixed_mla_attention_dominates,,kernel_profile_collected_prefill_and_decode,classify_prefill_execution_and_decode_slope_from_kernel_profile,false,true,true,false,false,false,true,No-Go
phase427_kernel_profile,kernel,K2.5-tp4ep8dp2-8k2k,docs/iter_gap_investigation/phase427_kernel_profile/K2.5-tp4ep8dp2-8k2k,mixed,0,moe_gemm_or_aux,void vllm::moe::moe_align_block_size_kernel<int>(int...,7.539000,3.502000,2153,,,146.075000,9924.000000,0.000000,1.516977,0.595460,0.357492,0.047048,0.031093,0.000000,passed,mixed_mla_attention_dominates,,kernel_profile_collected_prefill_and_decode,classify_prefill_execution_and_decode_slope_from_kernel_profile,false,true,true,false,false,false,true,No-Go
phase427_kernel_profile,kernel,K2.5-tp4ep8dp2-8k2k,docs/iter_gap_investigation/phase427_kernel_profile/K2.5-tp4ep8dp2-8k2k,mixed,0,other_cuda,triton_red_fused__to_copy_add_mean_mul_pow_rsqrt_seq...,6.021000,2.797000,2153,,,146.075000,9924.000000,0.000000,1.516977,0.595460,0.357492,0.047048,0.031093,0.000000,passed,mixed_mla_attention_dominates,,kernel_profile_collected_prefill_and_decode,classify_prefill_execution_and_decode_slope_from_kernel_profile,false,true,true,false,false,false,true,No-Go
phase427_kernel_profile,kernel,K2.5-tp4ep8dp2-8k2k,docs/iter_gap_investigation/phase427_kernel_profile/K2.5-tp4ep8dp2-8k2k,mixed,0,memcpy_memset,Memcpy HtoD (Pinned -> Device),5.879000,20.998000,280,,,146.075000,9924.000000,0.000000,1.516977,0.595460,0.357492,0.047048,0.031093,0.000000,passed,mixed_mla_attention_dominates,,kernel_profile_collected_prefill_and_decode,classify_prefill_execution_and_decode_slope_from_kernel_profile,false,true,true,false,false,false,true,No-Go
phase427_kernel_profile,kernel,K2.5-tp4ep8dp2-8k2k,docs/iter_gap_investigation/phase427_kernel_profile/K2.5-tp4ep8dp2-8k2k,mixed,0,dense_gemm,nvjet_tst_320x64_64x4_2x1_v_bz_TNT,5.348000,148.546000,36,,,146.075000,9924.000000,0.000000,1.516977,0.595460,0.357492,0.047048,0.031093,0.000000,passed,mixed_mla_attention_dominates,,kernel_profile_collected_prefill_and_decode,classify_prefill_execution_and_decode_slope_from_kernel_profile,false,true,true,false,false,false,true,No-Go
phase427_kernel_profile,kernel,K2.5-tp4ep8dp2-8k2k,docs/iter_gap_investigation/phase427_kernel_profile/K2.5-tp4ep8dp2-8k2k,mixed,0,dense_gemm,aten::mm,5.198000,148.512000,35,,,146.075000,9924.000000,0.000000,1.516977,0.595460,0.357492,0.047048,0.031093,0.000000,passed,mixed_mla_attention_dominates,,kernel_profile_collected_prefill_and_decode,classify_prefill_execution_and_decode_slope_from_kernel_profile,false,true,true,false,false,false,true,No-Go
phase427_kernel_profile,kernel,K2.5-tp4ep8dp2-8k2k,docs/iter_gap_investigation/phase427_kernel_profile/K2.5-tp4ep8dp2-8k2k,mixed,0,other_cuda,triton_poi_fused_add_clone_copy_expand_index_mul_neg...,4.504000,2.093000,2152,,,146.075000,9924.000000,0.000000,1.516977,0.595460,0.357492,0.047048,0.031093,0.000000,passed,mixed_mla_attention_dominates,,kernel_profile_collected_prefill_and_decode,classify_prefill_execution_and_decode_slope_from_kernel_profile,false,true,true,false,false,false,true,No-Go
phase427_kernel_profile,kernel,K2.5-tp4ep8dp2-8k2k,docs/iter_gap_investigation/phase427_kernel_profile/K2.5-tp4ep8dp2-8k2k,mixed,0,mla_attention,void vllm::concat_and_cache_mla_kernel<__nv_bfloat16...,4.328000,1.979000,2187,,,146.075000,9924.000000,0.000000,1.516977,0.595460,0.357492,0.047048,0.031093,0.000000,passed,mixed_mla_attention_dominates,,kernel_profile_collected_prefill_and_decode,classify_prefill_execution_and_decode_slope_from_kernel_profile,false,true,true,false,false,false,true,No-Go
phase427_kernel_profile,kernel,K2.5-tp4ep8dp2-8k2k,docs/iter_gap_investigation/phase427_kernel_profile/K2.5-tp4ep8dp2-8k2k,mixed,0,other_cuda,triton_red_fused_4,4.224000,1.963000,2152,,,146.075000,9924.000000,0.000000,1.516977,0.595460,0.357492,0.047048,0.031093,0.000000,passed,mixed_mla_attention_dominates,,kernel_profile_collected_prefill_and_decode,classify_prefill_execution_and_decode_slope_from_kernel_profile,false,true,true,false,false,false,true,No-Go
phase427_kernel_profile,kernel,K2.5-tp4ep8dp2-8k2k,docs/iter_gap_investigation/phase427_kernel_profile/K2.5-tp4ep8dp2-8k2k,mixed,0,other_cuda,triton_poi_fused_3,3.475000,1.615000,2152,,,146.075000,9924.000000,0.000000,1.516977,0.595460,0.357492,0.047048,0.031093,0.000000,passed,mixed_mla_attention_dominates,,kernel_profile_collected_prefill_and_decode,classify_prefill_execution_and_decode_slope_from_kernel_profile,false,true,true,false,false,false,true,No-Go
phase427_kernel_profile,kernel,K2.5-tp4ep8dp2-8k2k,docs/iter_gap_investigation/phase427_kernel_profile/K2.5-tp4ep8dp2-8k2k,mixed,0,other_cuda,triton_poi_fused_add_all_gather_mul_1,3.301000,1.533000,2153,,,146.075000,9924.000000,0.000000,1.516977,0.595460,0.357492,0.047048,0.031093,0.000000,passed,mixed_mla_attention_dominates,,kernel_profile_collected_prefill_and_decode,classify_prefill_execution_and_decode_slope_from_kernel_profile,false,true,true,false,false,false,true,No-Go
phase427_kernel_profile,kernel,K2.5-tp4ep8dp2-8k2k,docs/iter_gap_investigation/phase427_kernel_profile/K2.5-tp4ep8dp2-8k2k,mixed,0,moe_gemm_or_aux,void vllm::moe::count_and_sort_expert_tokens_kernel<...,3.245000,1.507000,2153,,,146.075000,9924.000000,0.000000,1.516977,0.595460,0.357492,0.047048,0.031093,0.000000,passed,mixed_mla_attention_dominates,,kernel_profile_collected_prefill_and_decode,classify_prefill_execution_and_decode_slope_from_kernel_profile,false,true,true,false,false,false,true,No-Go
phase427_kernel_profile,kernel,K2.5-tp4ep8dp2-8k2k,docs/iter_gap_investigation/phase427_kernel_profile/K2.5-tp4ep8dp2-8k2k,mixed,0,other_cuda,triton_poi_fused_mul_silu_slice_0,3.111000,1.445000,2153,,,146.075000,9924.000000,0.000000,1.516977,0.595460,0.357492,0.047048,0.031093,0.000000,passed,mixed_mla_attention_dominates,,kernel_profile_collected_prefill_and_decode,classify_prefill_execution_and_decode_slope_from_kernel_profile,false,true,true,false,false,false,true,No-Go
phase427_kernel_profile,kernel,K2.5-tp4ep8dp2-8k2k,docs/iter_gap_investigation/phase427_kernel_profile/K2.5-tp4ep8dp2-8k2k,mixed,0,other_cuda,record_param_comms,2.489000,71.103000,35,,,146.075000,9924.000000,0.000000,1.516977,0.595460,0.357492,0.047048,0.031093,0.000000,passed,mixed_mla_attention_dominates,,kernel_profile_collected_prefill_and_decode,classify_prefill_execution_and_decode_slope_from_kernel_profile,false,true,true,false,false,false,true,No-Go
phase427_kernel_profile,kernel,K2.5-tp4ep8dp2-8k2k,docs/iter_gap_investigation/phase427_kernel_profile/K2.5-tp4ep8dp2-8k2k,mixed,0,ep_a2a,nccl:_all_gather_base,2.489000,71.103000,35,,,146.075000,9924.000000,0.000000,1.516977,0.595460,0.357492,0.047048,0.031093,0.000000,passed,mixed_mla_attention_dominates,,kernel_profile_collected_prefill_and_decode,classify_prefill_execution_and_decode_slope_from_kernel_profile,false,true,true,false,false,false,true,No-Go
phase427_kernel_profile,kernel,K2.5-tp4ep8dp2-8k2k,docs/iter_gap_investigation/phase427_kernel_profile/K2.5-tp4ep8dp2-8k2k,mixed,0,dense_gemm,nvjet_tst_80x64_64x11_4x1_v_bz_TNN,1.227000,35.064000,35,,,146.075000,9924.000000,0.000000,1.516977,0.595460,0.357492,0.047048,0.031093,0.000000,passed,mixed_mla_attention_dominates,,kernel_profile_collected_prefill_and_decode,classify_prefill_execution_and_decode_slope_from_kernel_profile,false,true,true,false,false,false,true,No-Go
phase427_kernel_profile,kernel,K2.5-tp4ep8dp2-8k2k,docs/iter_gap_investigation/phase427_kernel_profile/K2.5-tp4ep8dp2-8k2k,mixed,0,other_cuda,void at::native::unrolled_elementwise_kernel<at::nat...,0.906881,25.191000,36,,,146.075000,9924.000000,0.000000,1.516977,0.595460,0.357492,0.047048,0.031093,0.000000,passed,mixed_mla_attention_dominates,,kernel_profile_collected_prefill_and_decode,classify_prefill_execution_and_decode_slope_from_kernel_profile,false,true,true,false,false,false,true,No-Go
phase427_kernel_profile,kernel,K2.5-tp4ep8dp2-8k2k,docs/iter_gap_investigation/phase427_kernel_profile/K2.5-tp4ep8dp2-8k2k,mixed,0,other_cuda,aten::argmax,0.852992,24.371000,35,,,146.075000,9924.000000,0.000000,1.516977,0.595460,0.357492,0.047048,0.031093,0.000000,passed,mixed_mla_attention_dominates,,kernel_profile_collected_prefill_and_decode,classify_prefill_execution_and_decode_slope_from_kernel_profile,false,true,true,false,false,false,true,No-Go
phase427_kernel_profile,kernel,K2.5-tp4ep8dp2-8k2k,docs/iter_gap_investigation/phase427_kernel_profile/K2.5-tp4ep8dp2-8k2k,mixed,0,other_cuda,"void at::native::elementwise_kernel<128, 4, at::nati...",0.833312,23.148000,36,,,146.075000,9924.000000,0.000000,1.516977,0.595460,0.357492,0.047048,0.031093,0.000000,passed,mixed_mla_attention_dominates,,kernel_profile_collected_prefill_and_decode,classify_prefill_execution_and_decode_slope_from_kernel_profile,false,true,true,false,false,false,true,No-Go
phase427_kernel_profile,kernel,K2.5-tp4ep8dp2-8k2k,docs/iter_gap_investigation/phase427_kernel_profile/K2.5-tp4ep8dp2-8k2k,mixed,0,other_cuda,"void at::native::reduce_kernel<512, 1, at::native::R...",0.815711,22.659000,36,,,146.075000,9924.000000,0.000000,1.516977,0.595460,0.357492,0.047048,0.031093,0.000000,passed,mixed_mla_attention_dominates,,kernel_profile_collected_prefill_and_decode,classify_prefill_execution_and_decode_slope_from_kernel_profile,false,true,true,false,false,false,true,No-Go
phase427_kernel_profile,kernel,K2.5-tp4ep8dp2-8k2k,docs/iter_gap_investigation/phase427_kernel_profile/K2.5-tp4ep8dp2-8k2k,mixed,0,tp_or_dp_allreduce,_C_custom_ar::all_reduce,0.562400,16.069000,35,,,146.075000,9924.000000,0.000000,1.516977,0.595460,0.357492,0.047048,0.031093,0.000000,passed,mixed_mla_attention_dominates,,kernel_profile_collected_prefill_and_decode,classify_prefill_execution_and_decode_slope_from_kernel_profile,false,true,true,false,false,false,true,No-Go
phase427_kernel_profile,kernel,K2.5-tp4ep8dp2-8k2k,docs/iter_gap_investigation/phase427_kernel_profile/K2.5-tp4ep8dp2-8k2k,mixed,0,memcpy_memset,Memcpy DtoD (Device -> Device),0.272183,1.296000,210,,,146.075000,9924.000000,0.000000,1.516977,0.595460,0.357492,0.047048,0.031093,0.000000,passed,mixed_mla_attention_dominates,,kernel_profile_collected_prefill_and_decode,classify_prefill_execution_and_decode_slope_from_kernel_profile,false,true,true,false,false,false,true,No-Go
phase427_kernel_profile,kernel,K2.5-tp4ep8dp2-8k2k,docs/iter_gap_investigation/phase427_kernel_profile/K2.5-tp4ep8dp2-8k2k,mixed,0,other_cuda,void at::native::unrolled_elementwise_kernel<at::nat...,0.267458,1.870000,143,,,146.075000,9924.000000,0.000000,1.516977,0.595460,0.357492,0.047048,0.031093,0.000000,passed,mixed_mla_attention_dominates,,kernel_profile_collected_prefill_and_decode,classify_prefill_execution_and_decode_slope_from_kernel_profile,false,true,true,false,false,false,true,No-Go
phase427_kernel_profile,kernel,K2.5-tp4ep8dp2-8k2k,docs/iter_gap_investigation/phase427_kernel_profile/K2.5-tp4ep8dp2-8k2k,mixed,0,other_cuda,cudaEventRecordWithFlags,0.168959,1.609000,105,,,146.075000,9924.000000,0.000000,1.516977,0.595460,0.357492,0.047048,0.031093,0.000000,passed,mixed_mla_attention_dominates,,kernel_profile_collected_prefill_and_decode,classify_prefill_execution_and_decode_slope_from_kernel_profile,false,true,true,false,false,false,true,No-Go
phase427_kernel_profile,kernel,K2.5-tp4ep8dp2-8k2k,docs/iter_gap_investigation/phase427_kernel_profile/K2.5-tp4ep8dp2-8k2k,mixed,0,other_cuda,aten::index,0.243296,3.476000,70,,,146.075000,9924.000000,0.000000,1.516977,0.595460,0.357492,0.047048,0.031093,0.000000,passed,mixed_mla_attention_dominates,,kernel_profile_collected_prefill_and_decode,classify_prefill_execution_and_decode_slope_from_kernel_profile,false,true,true,false,false,false,true,No-Go
phase427_kernel_profile,kernel,K2.5-tp4ep8dp2-8k2k,docs/iter_gap_investigation/phase427_kernel_profile/K2.5-tp4ep8dp2-8k2k,mixed,0,other_cuda,triton_red_fused__to_copy_add_mean_mul_pow_rsqrt_sli...,0.165600,4.600000,36,,,146.075000,9924.000000,0.000000,1.516977,0.595460,0.357492,0.047048,0.031093,0.000000,passed,mixed_mla_attention_dominates,,kernel_profile_collected_prefill_and_decode,classify_prefill_execution_and_decode_slope_from_kernel_profile,false,true,true,false,false,false,true,No-Go
phase427_kernel_profile,kernel,K2.5-tp4ep8dp2-8k2k,docs/iter_gap_investigation/phase427_kernel_profile/K2.5-tp4ep8dp2-8k2k,mixed,0,other_cuda,triton_red_fused__to_copy_add_mean_min_latency_fused...,0.147682,4.219000,35,,,146.075000,9924.000000,0.000000,1.516977,0.595460,0.357492,0.047048,0.031093,0.000000,passed,mixed_mla_attention_dominates,,kernel_profile_collected_prefill_and_decode,classify_prefill_execution_and_decode_slope_from_kernel_profile,false,true,true,false,false,false,true,No-Go
phase427_kernel_profile,kernel,K2.5-tp4ep8dp2-8k2k,docs/iter_gap_investigation/phase427_kernel_profile/K2.5-tp4ep8dp2-8k2k,mixed,0,other_cuda,"void at::native::vectorized_gather_kernel<16, long>(...",0.147552,2.078000,71,,,146.075000,9924.000000,0.000000,1.516977,0.595460,0.357492,0.047048,0.031093,0.000000,passed,mixed_mla_attention_dominates,,kernel_profile_collected_prefill_and_decode,classify_prefill_execution_and_decode_slope_from_kernel_profile,false,true,true,false,false,false,true,No-Go
phase427_kernel_profile,kernel,K2.5-tp4ep8dp2-8k2k,docs/iter_gap_investigation/phase427_kernel_profile/K2.5-tp4ep8dp2-8k2k,mixed,0,memcpy_memset,Memcpy DtoH (Device -> Pinned),0.142209,3.950000,36,,,146.075000,9924.000000,0.000000,1.516977,0.595460,0.357492,0.047048,0.031093,0.000000,passed,mixed_mla_attention_dominates,,kernel_profile_collected_prefill_and_decode,classify_prefill_execution_and_decode_slope_from_kernel_profile,false,true,true,false,false,false,true,No-Go
phase427_kernel_profile,kernel,K2.5-tp4ep8dp2-8k2k,docs/iter_gap_investigation/phase427_kernel_profile/K2.5-tp4ep8dp2-8k2k,mixed,0,other_cuda,aten::fill_,0.118044,0.281000,420,,,146.075000,9924.000000,0.000000,1.516977,0.595460,0.357492,0.047048,0.031093,0.000000,passed,mixed_mla_attention_dominates,,kernel_profile_collected_prefill_and_decode,classify_prefill_execution_and_decode_slope_from_kernel_profile,false,true,true,false,false,false,true,No-Go
phase427_kernel_profile,kernel,K2.5-tp4ep8dp2-8k2k,docs/iter_gap_investigation/phase427_kernel_profile/K2.5-tp4ep8dp2-8k2k,mixed,0,other_cuda,aten::masked_fill_,0.117919,3.369000,35,,,146.075000,9924.000000,0.000000,1.516977,0.595460,0.357492,0.047048,0.031093,0.000000,passed,mixed_mla_attention_dominates,,kernel_profile_collected_prefill_and_decode,classify_prefill_execution_and_decode_slope_from_kernel_profile,false,true,true,false,false,false,true,No-Go
phase427_kernel_profile,kernel,K2.5-tp4ep8dp2-8k2k,docs/iter_gap_investigation/phase427_kernel_profile/K2.5-tp4ep8dp2-8k2k,mixed,0,other_cuda,"void at::native::elementwise_kernel<128, 4, at::nati...",0.117919,3.369000,35,,,146.075000,9924.000000,0.000000,1.516977,0.595460,0.357492,0.047048,0.031093,0.000000,passed,mixed_mla_attention_dominates,,kernel_profile_collected_prefill_and_decode,classify_prefill_execution_and_decode_slope_from_kernel_profile,false,true,true,false,false,false,true,No-Go
phase427_kernel_profile,kernel,K2.5-tp4ep8dp2-8k2k,docs/iter_gap_investigation/phase427_kernel_profile/K2.5-tp4ep8dp2-8k2k,mixed,0,other_cuda,_compute_slot_mapping_kernel,0.112572,3.216000,35,,,146.075000,9924.000000,0.000000,1.516977,0.595460,0.357492,0.047048,0.031093,0.000000,passed,mixed_mla_attention_dominates,,kernel_profile_collected_prefill_and_decode,classify_prefill_execution_and_decode_slope_from_kernel_profile,false,true,true,false,false,false,true,No-Go
phase427_kernel_profile,kernel,K2.5-tp4ep8dp2-8k2k,docs/iter_gap_investigation/phase427_kernel_profile/K2.5-tp4ep8dp2-8k2k,mixed,0,other_cuda,"void at::native::index_elementwise_kernel<128, 4, at...",0.105375,2.927000,36,,,146.075000,9924.000000,0.000000,1.516977,0.595460,0.357492,0.047048,0.031093,0.000000,passed,mixed_mla_attention_dominates,,kernel_profile_collected_prefill_and_decode,classify_prefill_execution_and_decode_slope_from_kernel_profile,false,true,true,false,false,false,true,No-Go
phase427_kernel_profile,kernel,K2.5-tp4ep8dp2-8k2k,docs/iter_gap_investigation/phase427_kernel_profile/K2.5-tp4ep8dp2-8k2k,mixed,0,other_cuda,triton_red_fused__to_copy_add_clone_mean_min_latency...,0.105086,3.002000,35,,,146.075000,9924.000000,0.000000,1.516977,0.595460,0.357492,0.047048,0.031093,0.000000,passed,mixed_mla_attention_dominates,,kernel_profile_collected_prefill_and_decode,classify_prefill_execution_and_decode_slope_from_kernel_profile,false,true,true,false,false,false,true,No-Go
phase427_kernel_profile,kernel,K2.5-tp4ep8dp2-8k2k,docs/iter_gap_investigation/phase427_kernel_profile/K2.5-tp4ep8dp2-8k2k,mixed,0,other_cuda,aten::_index_put_impl_,0.231422,6.612000,35,,,146.075000,9924.000000,0.000000,1.516977,0.595460,0.357492,0.047048,0.031093,0.000000,passed,mixed_mla_attention_dominates,,kernel_profile_collected_prefill_and_decode,classify_prefill_execution_and_decode_slope_from_kernel_profile,false,true,true,false,false,false,true,No-Go
phase427_kernel_profile,kernel,K2.5-tp4ep8dp2-8k2k,docs/iter_gap_investigation/phase427_kernel_profile/K2.5-tp4ep8dp2-8k2k,mixed,0,other_cuda,triton_red_fused__to_copy_add_mean_mul_pow_rsqrt_0,0.098819,2.823000,35,,,146.075000,9924.000000,0.000000,1.516977,0.595460,0.357492,0.047048,0.031093,0.000000,passed,mixed_mla_attention_dominates,,kernel_profile_collected_prefill_and_decode,classify_prefill_execution_and_decode_slope_from_kernel_profile,false,true,true,false,false,false,true,No-Go
phase427_kernel_profile,kernel,K2.5-tp4ep8dp2-8k2k,docs/iter_gap_investigation/phase427_kernel_profile/K2.5-tp4ep8dp2-8k2k,mixed,0,other_cuda,"void at::native::index_elementwise_kernel<128, 4, at...",0.093313,2.666000,35,,,146.075000,9924.000000,0.000000,1.516977,0.595460,0.357492,0.047048,0.031093,0.000000,passed,mixed_mla_attention_dominates,,kernel_profile_collected_prefill_and_decode,classify_prefill_execution_and_decode_slope_from_kernel_profile,false,true,true,false,false,false,true,No-Go
phase427_kernel_profile,kernel,K2.5-tp4ep8dp2-8k2k,docs/iter_gap_investigation/phase427_kernel_profile/K2.5-tp4ep8dp2-8k2k,mixed,0,other_cuda,aten::add,0.091619,0.873000,105,,,146.075000,9924.000000,0.000000,1.516977,0.595460,0.357492,0.047048,0.031093,0.000000,passed,mixed_mla_attention_dominates,,kernel_profile_collected_prefill_and_decode,classify_prefill_execution_and_decode_slope_from_kernel_profile,false,true,true,false,false,false,true,No-Go
phase427_kernel_profile,kernel,K2.5-tp4ep8dp2-8k2k,docs/iter_gap_investigation/phase427_kernel_profile/K2.5-tp4ep8dp2-8k2k,mixed,0,other_cuda,"void at::native::vectorized_elementwise_kernel<4, at...",0.083006,1.186000,70,,,146.075000,9924.000000,0.000000,1.516977,0.595460,0.357492,0.047048,0.031093,0.000000,passed,mixed_mla_attention_dominates,,kernel_profile_collected_prefill_and_decode,classify_prefill_execution_and_decode_slope_from_kernel_profile,false,true,true,false,false,false,true,No-Go
phase427_kernel_profile,kernel,K2.5-tp4ep8dp2-8k2k,docs/iter_gap_investigation/phase427_kernel_profile/K2.5-tp4ep8dp2-8k2k,mixed,0,other_cuda,triton_poi_fused_add_clone_copy_expand_index_mul_neg...,0.073344,2.096000,35,,,146.075000,9924.000000,0.000000,1.516977,0.595460,0.357492,0.047048,0.031093,0.000000,passed,mixed_mla_attention_dominates,,kernel_profile_collected_prefill_and_decode,classify_prefill_execution_and_decode_slope_from_kernel_profile,false,true,true,false,false,false,true,No-Go
phase427_kernel_profile,kernel,K2.5-tp4ep8dp2-8k2k,docs/iter_gap_investigation/phase427_kernel_profile/K2.5-tp4ep8dp2-8k2k,mixed,0,other_cuda,aten::gather,0.072864,2.082000,35,,,146.075000,9924.000000,0.000000,1.516977,0.595460,0.357492,0.047048,0.031093,0.000000,passed,mixed_mla_attention_dominates,,kernel_profile_collected_prefill_and_decode,classify_prefill_execution_and_decode_slope_from_kernel_profile,false,true,true,false,false,false,true,No-Go
phase427_kernel_profile,kernel,K2.5-tp4ep8dp2-8k2k,docs/iter_gap_investigation/phase427_kernel_profile/K2.5-tp4ep8dp2-8k2k,mixed,0,other_cuda,triton_red_fused_2,0.070749,2.021000,35,,,146.075000,9924.000000,0.000000,1.516977,0.595460,0.357492,0.047048,0.031093,0.000000,passed,mixed_mla_attention_dominates,,kernel_profile_collected_prefill_and_decode,classify_prefill_execution_and_decode_slope_from_kernel_profile,false,true,true,false,false,false,true,No-Go
phase427_kernel_profile,kernel,K2.5-tp4ep8dp2-8k2k,docs/iter_gap_investigation/phase427_kernel_profile/K2.5-tp4ep8dp2-8k2k,mixed,0,mla_attention,_vllm_fa3_C::get_scheduler_metadata,0.070303,2.009000,35,,,146.075000,9924.000000,0.000000,1.516977,0.595460,0.357492,0.047048,0.031093,0.000000,passed,mixed_mla_attention_dominates,,kernel_profile_collected_prefill_and_decode,classify_prefill_execution_and_decode_slope_from_kernel_profile,false,true,true,false,false,false,true,No-Go
phase427_kernel_profile,kernel,K2.5-tp4ep8dp2-8k2k,docs/iter_gap_investigation/phase427_kernel_profile/K2.5-tp4ep8dp2-8k2k,mixed,0,mla_attention,"void flash::prepare_varlen_num_blocks_kernel<2, fals...",0.070303,2.009000,35,,,146.075000,9924.000000,0.000000,1.516977,0.595460,0.357492,0.047048,0.031093,0.000000,passed,mixed_mla_attention_dominates,,kernel_profile_collected_prefill_and_decode,classify_prefill_execution_and_decode_slope_from_kernel_profile,false,true,true,false,false,false,true,No-Go
phase427_kernel_profile,kernel,K2.5-tp4ep8dp2-8k2k,docs/iter_gap_investigation/phase427_kernel_profile/K2.5-tp4ep8dp2-8k2k,mixed,0,memcpy_memset,Memset (Device),0.060705,1.686000,36,,,146.075000,9924.000000,0.000000,1.516977,0.595460,0.357492,0.047048,0.031093,0.000000,passed,mixed_mla_attention_dominates,,kernel_profile_collected_prefill_and_decode,classify_prefill_execution_and_decode_slope_from_kernel_profile,false,true,true,false,false,false,true,No-Go
phase427_kernel_profile,kernel,K2.5-tp4ep8dp2-8k2k,docs/iter_gap_investigation/phase427_kernel_profile/K2.5-tp4ep8dp2-8k2k,mixed,0,other_cuda,cudaEventSynchronize,0.059554,0.839000,71,,,146.075000,9924.000000,0.000000,1.516977,0.595460,0.357492,0.047048,0.031093,0.000000,passed,mixed_mla_attention_dominates,,kernel_profile_collected_prefill_and_decode,classify_prefill_execution_and_decode_slope_from_kernel_profile,false,true,true,false,false,false,true,No-Go
phase427_kernel_profile,kernel,K2.5-tp4ep8dp2-8k2k,docs/iter_gap_investigation/phase427_kernel_profile/K2.5-tp4ep8dp2-8k2k,mixed,0,other_cuda,triton_poi_fused_1,0.057474,1.642000,35,,,146.075000,9924.000000,0.000000,1.516977,0.595460,0.357492,0.047048,0.031093,0.000000,passed,mixed_mla_attention_dominates,,kernel_profile_collected_prefill_and_decode,classify_prefill_execution_and_decode_slope_from_kernel_profile,false,true,true,false,false,false,true,No-Go
phase427_kernel_profile,kernel,K2.5-tp4ep8dp2-8k2k,docs/iter_gap_investigation/phase427_kernel_profile/K2.5-tp4ep8dp2-8k2k,mixed,0,other_cuda,void at::native::unrolled_elementwise_kernel<at::nat...,0.053633,1.490000,36,,,146.075000,9924.000000,0.000000,1.516977,0.595460,0.357492,0.047048,0.031093,0.000000,passed,mixed_mla_attention_dominates,,kernel_profile_collected_prefill_and_decode,classify_prefill_execution_and_decode_slope_from_kernel_profile,false,true,true,false,false,false,true,No-Go
phase427_kernel_profile,kernel,K2.5-tp4ep8dp2-8k2k,docs/iter_gap_investigation/phase427_kernel_profile/K2.5-tp4ep8dp2-8k2k,mixed,0,other_cuda,triton_poi_fused_mul_silu_slice_1,0.051104,1.460000,35,,,146.075000,9924.000000,0.000000,1.516977,0.595460,0.357492,0.047048,0.031093,0.000000,passed,mixed_mla_attention_dominates,,kernel_profile_collected_prefill_and_decode,classify_prefill_execution_and_decode_slope_from_kernel_profile,false,true,true,false,false,false,true,No-Go
phase427_kernel_profile,kernel,K2.5-tp4ep8dp2-8k2k,docs/iter_gap_investigation/phase427_kernel_profile/K2.5-tp4ep8dp2-8k2k,mixed,0,other_cuda,"void at::native::vectorized_elementwise_kernel<2, at...",0.049824,1.424000,35,,,146.075000,9924.000000,0.000000,1.516977,0.595460,0.357492,0.047048,0.031093,0.000000,passed,mixed_mla_attention_dominates,,kernel_profile_collected_prefill_and_decode,classify_prefill_execution_and_decode_slope_from_kernel_profile,false,true,true,false,false,false,true,No-Go
phase427_kernel_profile,kernel,K2.5-tp4ep8dp2-8k2k,docs/iter_gap_investigation/phase427_kernel_profile/K2.5-tp4ep8dp2-8k2k,mixed,0,other_cuda,"void at::native::vectorized_elementwise_kernel<4, at...",0.041795,1.194000,35,,,146.075000,9924.000000,0.000000,1.516977,0.595460,0.357492,0.047048,0.031093,0.000000,passed,mixed_mla_attention_dominates,,kernel_profile_collected_prefill_and_decode,classify_prefill_execution_and_decode_slope_from_kernel_profile,false,true,true,false,false,false,true,No-Go
phase427_kernel_profile,kernel,K2.5-tp4ep8dp2-8k2k,docs/iter_gap_investigation/phase427_kernel_profile/K2.5-tp4ep8dp2-8k2k,mixed,0,other_cuda,triton_poi_fused_add_bitwise_and_bitwise_not_bitwise...,0.041728,1.192000,35,,,146.075000,9924.000000,0.000000,1.516977,0.595460,0.357492,0.047048,0.031093,0.000000,passed,mixed_mla_attention_dominates,,kernel_profile_collected_prefill_and_decode,classify_prefill_execution_and_decode_slope_from_kernel_profile,false,true,true,false,false,false,true,No-Go
phase427_kernel_profile,kernel,K2.5-tp4ep8dp2-8k2k,docs/iter_gap_investigation/phase427_kernel_profile/K2.5-tp4ep8dp2-8k2k,mixed,0,other_cuda,triton_poi_fused_add_bitwise_and_bitwise_not_bitwise...,0.041728,1.192000,35,,,146.075000,9924.000000,0.000000,1.516977,0.595460,0.357492,0.047048,0.031093,0.000000,passed,mixed_mla_attention_dominates,,kernel_profile_collected_prefill_and_decode,classify_prefill_execution_and_decode_slope_from_kernel_profile,false,true,true,false,false,false,true,No-Go
phase427_kernel_profile,kernel,K2.5-tp4ep8dp2-8k2k,docs/iter_gap_investigation/phase427_kernel_profile/K2.5-tp4ep8dp2-8k2k,mixed,0,other_cuda,## Call CompiledFxGraph fjmk7j3b5h6esrzstgad7fwnyglv...,0.041728,1.192000,35,,,146.075000,9924.000000,0.000000,1.516977,0.595460,0.357492,0.047048,0.031093,0.000000,passed,mixed_mla_attention_dominates,,kernel_profile_collected_prefill_and_decode,classify_prefill_execution_and_decode_slope_from_kernel_profile,false,true,true,false,false,false,true,No-Go
phase427_kernel_profile,kernel,K2.5-tp4ep8dp2-8k2k,docs/iter_gap_investigation/phase427_kernel_profile/K2.5-tp4ep8dp2-8k2k,mixed,0,other_cuda,aten::sub,0.040221,0.575000,70,,,146.075000,9924.000000,0.000000,1.516977,0.595460,0.357492,0.047048,0.031093,0.000000,passed,mixed_mla_attention_dominates,,kernel_profile_collected_prefill_and_decode,classify_prefill_execution_and_decode_slope_from_kernel_profile,false,true,true,false,false,false,true,No-Go
phase427_kernel_profile,kernel,K2.5-tp4ep8dp2-8k2k,docs/iter_gap_investigation/phase427_kernel_profile/K2.5-tp4ep8dp2-8k2k,mixed,0,other_cuda,void at::native::unrolled_elementwise_kernel<at::nat...,0.040221,1.149000,35,,,146.075000,9924.000000,0.000000,1.516977,0.595460,0.357492,0.047048,0.031093,0.000000,passed,mixed_mla_attention_dominates,,kernel_profile_collected_prefill_and_decode,classify_prefill_execution_and_decode_slope_from_kernel_profile,false,true,true,false,false,false,true,No-Go
phase427_kernel_profile,kernel,K2.5-tp4ep8dp2-8k2k,docs/iter_gap_investigation/phase427_kernel_profile/K2.5-tp4ep8dp2-8k2k,mixed,0,other_cuda,void at::native::unrolled_elementwise_kernel<at::nat...,0.035038,1.001000,35,,,146.075000,9924.000000,0.000000,1.516977,0.595460,0.357492,0.047048,0.031093,0.000000,passed,mixed_mla_attention_dominates,,kernel_profile_collected_prefill_and_decode,classify_prefill_execution_and_decode_slope_from_kernel_profile,false,true,true,false,false,false,true,No-Go
phase427_kernel_profile,kernel,K2.5-tp4ep8dp2-8k2k,docs/iter_gap_investigation/phase427_kernel_profile/K2.5-tp4ep8dp2-8k2k,mixed,0,other_cuda,cudaThreadExchangeStreamCaptureMode,0.018207,0.169000,108,,,146.075000,9924.000000,0.000000,1.516977,0.595460,0.357492,0.047048,0.031093,0.000000,passed,mixed_mla_attention_dominates,,kernel_profile_collected_prefill_and_decode,classify_prefill_execution_and_decode_slope_from_kernel_profile,false,true,true,false,false,false,true,No-Go
phase427_kernel_profile,kernel,K2.5-tp4ep8dp2-8k2k,docs/iter_gap_investigation/phase427_kernel_profile/K2.5-tp4ep8dp2-8k2k,mixed,0,other_cuda,cudaDriverGetVersion,0.013184,0.377000,35,,,146.075000,9924.000000,0.000000,1.516977,0.595460,0.357492,0.047048,0.031093,0.000000,passed,mixed_mla_attention_dominates,,kernel_profile_collected_prefill_and_decode,classify_prefill_execution_and_decode_slope_from_kernel_profile,false,true,true,false,false,false,true,No-Go
phase427_kernel_profile,kernel,K2.5-tp4ep8dp2-8k2k,docs/iter_gap_investigation/phase427_kernel_profile/K2.5-tp4ep8dp2-8k2k,mixed,0,other_cuda,cudaStreamWaitEvent,0.009536,0.068000,140,,,146.075000,9924.000000,0.000000,1.516977,0.595460,0.357492,0.047048,0.031093,0.000000,passed,mixed_mla_attention_dominates,,kernel_profile_collected_prefill_and_decode,classify_prefill_execution_and_decode_slope_from_kernel_profile,false,true,true,false,false,false,true,No-Go
phase427_kernel_profile,kernel,K2.5-tp4ep8dp2-8k2k,docs/iter_gap_investigation/phase427_kernel_profile/K2.5-tp4ep8dp2-8k2k,mixed,0,other_cuda,cudaStreamIsCapturing,0.009472,0.039000,245,,,146.075000,9924.000000,0.000000,1.516977,0.595460,0.357492,0.047048,0.031093,0.000000,passed,mixed_mla_attention_dominates,,kernel_profile_collected_prefill_and_decode,classify_prefill_execution_and_decode_slope_from_kernel_profile,false,true,true,false,false,false,true,No-Go
phase427_kernel_profile,kernel,K2.5-tp4ep8dp2-8k2k,docs/iter_gap_investigation/phase427_kernel_profile/K2.5-tp4ep8dp2-8k2k,mixed,0,other_cuda,cudaEventRecord,0.009471,0.045000,210,,,146.075000,9924.000000,0.000000,1.516977,0.595460,0.357492,0.047048,0.031093,0.000000,passed,mixed_mla_attention_dominates,,kernel_profile_collected_prefill_and_decode,classify_prefill_execution_and_decode_slope_from_kernel_profile,false,true,true,false,false,false,true,No-Go
phase427_kernel_profile,kernel,K2.5-tp4ep8dp2-8k2k,docs/iter_gap_investigation/phase427_kernel_profile/K2.5-tp4ep8dp2-8k2k,mixed,0,other_cuda,cudaEventQuery,0.005792,0.030000,190,,,146.075000,9924.000000,0.000000,1.516977,0.595460,0.357492,0.047048,0.031093,0.000000,passed,mixed_mla_attention_dominates,,kernel_profile_collected_prefill_and_decode,classify_prefill_execution_and_decode_slope_from_kernel_profile,false,true,true,false,false,false,true,No-Go
phase427_kernel_profile,kernel,K2.5-tp4ep8dp2-8k2k,docs/iter_gap_investigation/phase427_kernel_profile/K2.5-tp4ep8dp2-8k2k,mixed,0,other_cuda,cudaGraphLaunch,0.001632,0.047000,35,,,146.075000,9924.000000,0.000000,1.516977,0.595460,0.357492,0.047048,0.031093,0.000000,passed,mixed_mla_attention_dominates,,kernel_profile_collected_prefill_and_decode,classify_prefill_execution_and_decode_slope_from_kernel_profile,false,true,true,false,false,false,true,No-Go
phase427_kernel_profile,kernel,K2.5-tp4ep8dp2-8k2k,docs/iter_gap_investigation/phase427_kernel_profile/K2.5-tp4ep8dp2-8k2k,mixed,0,cuda_graph_envelope,execute_context_0(0)_generation_56(56),16.042000,458.333000,35,,,146.075000,9924.000000,0.000000,1.516977,0.595460,0.357492,0.047048,0.031093,0.000000,passed,mixed_mla_attention_dominates,,kernel_profile_collected_prefill_and_decode,classify_prefill_execution_and_decode_slope_from_kernel_profile,false,true,true,false,false,false,true,No-Go
phase427_kernel_profile,kernel,K2.5-tp4ep8dp2-8k2k,docs/iter_gap_investigation/phase427_kernel_profile/K2.5-tp4ep8dp2-8k2k,mixed,0,other_cuda,aten::slice,0.000000,0.000000,1925,,,146.075000,9924.000000,0.000000,1.516977,0.595460,0.357492,0.047048,0.031093,0.000000,passed,mixed_mla_attention_dominates,,kernel_profile_collected_prefill_and_decode,classify_prefill_execution_and_decode_slope_from_kernel_profile,false,true,true,false,false,false,true,No-Go
phase427_kernel_profile,kernel,K2.5-tp4ep8dp2-8k2k,docs/iter_gap_investigation/phase427_kernel_profile/K2.5-tp4ep8dp2-8k2k,mixed,0,other_cuda,aten::as_strided,0.000000,0.000000,2940,,,146.075000,9924.000000,0.000000,1.516977,0.595460,0.357492,0.047048,0.031093,0.000000,passed,mixed_mla_attention_dominates,,kernel_profile_collected_prefill_and_decode,classify_prefill_execution_and_decode_slope_from_kernel_profile,false,true,true,false,false,false,true,No-Go
phase427_kernel_profile,kernel,K2.5-tp4ep8dp2-8k2k,docs/iter_gap_investigation/phase427_kernel_profile/K2.5-tp4ep8dp2-8k2k,mixed,0,memcpy_memset,cudaMemcpyAsync,0.000000,0.000000,525,,,146.075000,9924.000000,0.000000,1.516977,0.595460,0.357492,0.047048,0.031093,0.000000,passed,mixed_mla_attention_dominates,,kernel_profile_collected_prefill_and_decode,classify_prefill_execution_and_decode_slope_from_kernel_profile,false,true,true,false,false,false,true,No-Go
phase427_kernel_profile,kernel,K2.5-tp4ep8dp2-8k2k,docs/iter_gap_investigation/phase427_kernel_profile/K2.5-tp4ep8dp2-8k2k,mixed,0,other_cuda,aten::lift_fresh,0.000000,0.000000,315,,,146.075000,9924.000000,0.000000,1.516977,0.595460,0.357492,0.047048,0.031093,0.000000,passed,mixed_mla_attention_dominates,,kernel_profile_collected_prefill_and_decode,classify_prefill_execution_and_decode_slope_from_kernel_profile,false,true,true,false,false,false,true,No-Go
phase427_kernel_profile,kernel,K2.5-tp4ep8dp2-8k2k,docs/iter_gap_investigation/phase427_kernel_profile/K2.5-tp4ep8dp2-8k2k,mixed,0,other_cuda,aten::flatten,0.000000,0.000000,35,,,146.075000,9924.000000,0.000000,1.516977,0.595460,0.357492,0.047048,0.031093,0.000000,passed,mixed_mla_attention_dominates,,kernel_profile_collected_prefill_and_decode,classify_prefill_execution_and_decode_slope_from_kernel_profile,false,true,true,false,false,false,true,No-Go
phase427_kernel_profile,kernel,K2.5-tp4ep8dp2-8k2k,docs/iter_gap_investigation/phase427_kernel_profile/K2.5-tp4ep8dp2-8k2k,mixed,0,other_cuda,aten::view,0.000000,0.000000,280,,,146.075000,9924.000000,0.000000,1.516977,0.595460,0.357492,0.047048,0.031093,0.000000,passed,mixed_mla_attention_dominates,,kernel_profile_collected_prefill_and_decode,classify_prefill_execution_and_decode_slope_from_kernel_profile,false,true,true,false,false,false,true,No-Go
phase427_kernel_profile,kernel,K2.5-tp4ep8dp2-8k2k,docs/iter_gap_investigation/phase427_kernel_profile/K2.5-tp4ep8dp2-8k2k,mixed,0,other_cuda,aten::index_select,0.072864,1.041000,70,,,146.075000,9924.000000,0.000000,1.516977,0.595460,0.357492,0.047048,0.031093,0.000000,passed,mixed_mla_attention_dominates,,kernel_profile_collected_prefill_and_decode,classify_prefill_execution_and_decode_slope_from_kernel_profile,false,true,true,false,false,false,true,No-Go
phase427_kernel_profile,kernel,K2.5-tp4ep8dp2-8k2k,docs/iter_gap_investigation/phase427_kernel_profile/K2.5-tp4ep8dp2-8k2k,mixed,0,other_cuda,aten::detach,0.000000,0.000000,70,,,146.075000,9924.000000,0.000000,1.516977,0.595460,0.357492,0.047048,0.031093,0.000000,passed,mixed_mla_attention_dominates,,kernel_profile_collected_prefill_and_decode,classify_prefill_execution_and_decode_slope_from_kernel_profile,false,true,true,false,false,false,true,No-Go
phase427_kernel_profile,kernel,K2.5-tp4ep8dp2-8k2k,docs/iter_gap_investigation/phase427_kernel_profile/K2.5-tp4ep8dp2-8k2k,mixed,0,other_cuda,aten::to,1.336000,2.726000,490,,,146.075000,9924.000000,0.000000,1.516977,0.595460,0.357492,0.047048,0.031093,0.000000,passed,mixed_mla_attention_dominates,,kernel_profile_collected_prefill_and_decode,classify_prefill_execution_and_decode_slope_from_kernel_profile,false,true,true,false,false,false,true,No-Go
phase427_kernel_profile,kernel,K2.5-tp4ep8dp2-8k2k,docs/iter_gap_investigation/phase427_kernel_profile/K2.5-tp4ep8dp2-8k2k,mixed,0,other_cuda,aten::resolve_conj,0.000000,0.000000,70,,,146.075000,9924.000000,0.000000,1.516977,0.595460,0.357492,0.047048,0.031093,0.000000,passed,mixed_mla_attention_dominates,,kernel_profile_collected_prefill_and_decode,classify_prefill_execution_and_decode_slope_from_kernel_profile,false,true,true,false,false,false,true,No-Go
phase427_kernel_profile,kernel,K2.5-tp4ep8dp2-8k2k,docs/iter_gap_investigation/phase427_kernel_profile/K2.5-tp4ep8dp2-8k2k,mixed,0,other_cuda,aten::resolve_neg,0.000000,0.000000,70,,,146.075000,9924.000000,0.000000,1.516977,0.595460,0.357492,0.047048,0.031093,0.000000,passed,mixed_mla_attention_dominates,,kernel_profile_collected_prefill_and_decode,classify_prefill_execution_and_decode_slope_from_kernel_profile,false,true,true,false,false,false,true,No-Go
phase427_kernel_profile,kernel,K2.5-tp4ep8dp2-8k2k,docs/iter_gap_investigation/phase427_kernel_profile/K2.5-tp4ep8dp2-8k2k,mixed,1,cuda_graph_envelope,execute_context_0(0)_generation_56(56),3468.000000,550.538000,6300,,,146.075000,9924.000000,0.000000,1.516977,0.595460,0.357492,0.047048,0.031093,0.000000,passed,mixed_mla_attention_dominates,,kernel_profile_collected_prefill_and_decode,classify_prefill_execution_and_decode_slope_from_kernel_profile,false,true,true,false,false,false,true,No-Go
phase427_kernel_profile,kernel,K2.5-tp4ep8dp2-8k2k,docs/iter_gap_investigation/phase427_kernel_profile/K2.5-tp4ep8dp2-8k2k,mixed,1,mla_attention,void cutlass::device_kernel<flash::enable_sm90_or_la...,394.845000,180.542000,2187,,,146.075000,9924.000000,0.000000,1.516977,0.595460,0.357492,0.047048,0.031093,0.000000,passed,mixed_mla_attention_dominates,,kernel_profile_collected_prefill_and_decode,classify_prefill_execution_and_decode_slope_from_kernel_profile,false,true,true,false,false,false,true,No-Go
phase427_kernel_profile,kernel,K2.5-tp4ep8dp2-8k2k,docs/iter_gap_investigation/phase427_kernel_profile/K2.5-tp4ep8dp2-8k2k,mixed,1,moe_gemm_or_aux,"void marlin_moe_wna16::Marlin<1125899906909960l, 112...",234.303000,54.413000,4306,,,146.075000,9924.000000,0.000000,1.516977,0.595460,0.357492,0.047048,0.031093,0.000000,passed,mixed_mla_attention_dominates,,kernel_profile_collected_prefill_and_decode,classify_prefill_execution_and_decode_slope_from_kernel_profile,false,true,true,false,false,false,true,No-Go
phase427_kernel_profile,kernel,K2.5-tp4ep8dp2-8k2k,docs/iter_gap_investigation/phase427_kernel_profile/K2.5-tp4ep8dp2-8k2k,mixed,1,ep_a2a,ncclDevKernel_ReduceScatter_Sum_bf16_RING_LL(ncclDev...,173.236000,80.463000,2153,,,146.075000,9924.000000,0.000000,1.516977,0.595460,0.357492,0.047048,0.031093,0.000000,passed,mixed_mla_attention_dominates,,kernel_profile_collected_prefill_and_decode,classify_prefill_execution_and_decode_slope_from_kernel_profile,false,true,true,false,false,false,true,No-Go
phase427_kernel_profile,kernel,K2.5-tp4ep8dp2-8k2k,docs/iter_gap_investigation/phase427_kernel_profile/K2.5-tp4ep8dp2-8k2k,mixed,1,ep_a2a,ncclDevKernel_AllGather_RING_LL(ncclDevKernelArgsSto...,102.418000,23.588000,4342,,,146.075000,9924.000000,0.000000,1.516977,0.595460,0.357492,0.047048,0.031093,0.000000,passed,mixed_mla_attention_dominates,,kernel_profile_collected_prefill_and_decode,classify_prefill_execution_and_decode_slope_from_kernel_profile,false,true,true,false,false,false,true,No-Go
phase427_kernel_profile,kernel,K2.5-tp4ep8dp2-8k2k,docs/iter_gap_investigation/phase427_kernel_profile/K2.5-tp4ep8dp2-8k2k,mixed,1,dense_gemm,nvjet_tst_64x16_64x16_2x1_v_bz_splitK_TNT,39.454000,18.325000,2153,,,146.075000,9924.000000,0.000000,1.516977,0.595460,0.357492,0.047048,0.031093,0.000000,passed,mixed_mla_attention_dominates,,kernel_profile_collected_prefill_and_decode,classify_prefill_execution_and_decode_slope_from_kernel_profile,false,true,true,false,false,false,true,No-Go
phase427_kernel_profile,kernel,K2.5-tp4ep8dp2-8k2k,docs/iter_gap_investigation/phase427_kernel_profile/K2.5-tp4ep8dp2-8k2k,mixed,1,tp_or_dp_allreduce,"void vllm::cross_device_reduce_2stage<__nv_bfloat16,...",29.053000,12.867000,2258,,,146.075000,9924.000000,0.000000,1.516977,0.595460,0.357492,0.047048,0.031093,0.000000,passed,mixed_mla_attention_dominates,,kernel_profile_collected_prefill_and_decode,classify_prefill_execution_and_decode_slope_from_kernel_profile,false,true,true,false,false,false,true,No-Go
phase427_kernel_profile,kernel,K2.5-tp4ep8dp2-8k2k,docs/iter_gap_investigation/phase427_kernel_profile/K2.5-tp4ep8dp2-8k2k,mixed,1,dense_gemm,nvjet_tst_64x16_64x16_4x1_v_bz_TNT,27.487000,12.767000,2153,,,146.075000,9924.000000,0.000000,1.516977,0.595460,0.357492,0.047048,0.031093,0.000000,passed,mixed_mla_attention_dominates,,kernel_profile_collected_prefill_and_decode,classify_prefill_execution_and_decode_slope_from_kernel_profile,false,true,true,false,false,false,true,No-Go
phase427_kernel_profile,kernel,K2.5-tp4ep8dp2-8k2k,docs/iter_gap_investigation/phase427_kernel_profile/K2.5-tp4ep8dp2-8k2k,mixed,1,dense_gemm,nvjet_tst_64x56_64x14_4x1_v_bz_splitK_TNT,26.383000,12.063000,2187,,,146.075000,9924.000000,0.000000,1.516977,0.595460,0.357492,0.047048,0.031093,0.000000,passed,mixed_mla_attention_dominates,,kernel_profile_collected_prefill_and_decode,classify_prefill_execution_and_decode_slope_from_kernel_profile,false,true,true,false,false,false,true,No-Go
phase427_kernel_profile,kernel,K2.5-tp4ep8dp2-8k2k,docs/iter_gap_investigation/phase427_kernel_profile/K2.5-tp4ep8dp2-8k2k,mixed,1,dense_gemm,nvjet_tst_64x56_64x14_4x1_v_bz_TNT,23.474000,10.560000,2223,,,146.075000,9924.000000,0.000000,1.516977,0.595460,0.357492,0.047048,0.031093,0.000000,passed,mixed_mla_attention_dominates,,kernel_profile_collected_prefill_and_decode,classify_prefill_execution_and_decode_slope_from_kernel_profile,false,true,true,false,false,false,true,No-Go
phase427_kernel_profile,kernel,K2.5-tp4ep8dp2-8k2k,docs/iter_gap_investigation/phase427_kernel_profile/K2.5-tp4ep8dp2-8k2k,mixed,1,other_cuda,"void at::native::reduce_kernel<128, 4, at::native::R...",21.053000,9.778000,2153,,,146.075000,9924.000000,0.000000,1.516977,0.595460,0.357492,0.047048,0.031093,0.000000,passed,mixed_mla_attention_dominates,,kernel_profile_collected_prefill_and_decode,classify_prefill_execution_and_decode_slope_from_kernel_profile,false,true,true,false,false,false,true,No-Go
phase427_kernel_profile,kernel,K2.5-tp4ep8dp2-8k2k,docs/iter_gap_investigation/phase427_kernel_profile/K2.5-tp4ep8dp2-8k2k,mixed,1,dense_gemm,"void router_gemm_kernel_bf16_output<__nv_bfloat16, 1...",16.304000,7.573000,2153,,,146.075000,9924.000000,0.000000,1.516977,0.595460,0.357492,0.047048,0.031093,0.000000,passed,mixed_mla_attention_dominates,,kernel_profile_collected_prefill_and_decode,classify_prefill_execution_and_decode_slope_from_kernel_profile,false,true,true,false,false,false,true,No-Go
phase427_kernel_profile,kernel,K2.5-tp4ep8dp2-8k2k,docs/iter_gap_investigation/phase427_kernel_profile/K2.5-tp4ep8dp2-8k2k,mixed,1,other_cuda,"void vllm::act_and_mul_kernel<c10::BFloat16, __nv_bf...",14.490000,6.730000,2153,,,146.075000,9924.000000,0.000000,1.516977,0.595460,0.357492,0.047048,0.031093,0.000000,passed,mixed_mla_attention_dominates,,kernel_profile_collected_prefill_and_decode,classify_prefill_execution_and_decode_slope_from_kernel_profile,false,true,true,false,false,false,true,No-Go
phase427_kernel_profile,kernel,K2.5-tp4ep8dp2-8k2k,docs/iter_gap_investigation/phase427_kernel_profile/K2.5-tp4ep8dp2-8k2k,mixed,1,dense_gemm,nvjet_tst_64x32_64x16_4x2_h_bz_TNT,13.577000,6.208000,2187,,,146.075000,9924.000000,0.000000,1.516977,0.595460,0.357492,0.047048,0.031093,0.000000,passed,mixed_mla_attention_dominates,,kernel_profile_collected_prefill_and_decode,classify_prefill_execution_and_decode_slope_from_kernel_profile,false,true,true,false,false,false,true,No-Go
phase427_kernel_profile,kernel,K2.5-tp4ep8dp2-8k2k,docs/iter_gap_investigation/phase427_kernel_profile/K2.5-tp4ep8dp2-8k2k,mixed,1,mla_attention,void cutlass::device_kernel<flash::FlashAttnFwdCombi...,11.980000,5.475000,2188,,,146.075000,9924.000000,0.000000,1.516977,0.595460,0.357492,0.047048,0.031093,0.000000,passed,mixed_mla_attention_dominates,,kernel_profile_collected_prefill_and_decode,classify_prefill_execution_and_decode_slope_from_kernel_profile,false,true,true,false,false,false,true,No-Go
phase427_kernel_profile,kernel,K2.5-tp4ep8dp2-8k2k,docs/iter_gap_investigation/phase427_kernel_profile/K2.5-tp4ep8dp2-8k2k,mixed,1,dense_gemm,"void cublasLt::splitKreduce_kernel<32, 16, int, floa...",9.888000,2.278000,4340,,,146.075000,9924.000000,0.000000,1.516977,0.595460,0.357492,0.047048,0.031093,0.000000,passed,mixed_mla_attention_dominates,,kernel_profile_collected_prefill_and_decode,classify_prefill_execution_and_decode_slope_from_kernel_profile,false,true,true,false,false,false,true,No-Go
phase427_kernel_profile,kernel,K2.5-tp4ep8dp2-8k2k,docs/iter_gap_investigation/phase427_kernel_profile/K2.5-tp4ep8dp2-8k2k,mixed,1,moe_gemm_or_aux,void vllm::moe::grouped_topk_fused_small_expert_coun...,9.800000,4.552000,2153,,,146.075000,9924.000000,0.000000,1.516977,0.595460,0.357492,0.047048,0.031093,0.000000,passed,mixed_mla_attention_dominates,,kernel_profile_collected_prefill_and_decode,classify_prefill_execution_and_decode_slope_from_kernel_profile,false,true,true,false,false,false,true,No-Go
phase427_kernel_profile,kernel,K2.5-tp4ep8dp2-8k2k,docs/iter_gap_investigation/phase427_kernel_profile/K2.5-tp4ep8dp2-8k2k,mixed,1,other_cuda,"void at::native::vectorized_elementwise_kernel<8, at...",9.760000,4.533000,2153,,,146.075000,9924.000000,0.000000,1.516977,0.595460,0.357492,0.047048,0.031093,0.000000,passed,mixed_mla_attention_dominates,,kernel_profile_collected_prefill_and_decode,classify_prefill_execution_and_decode_slope_from_kernel_profile,false,true,true,false,false,false,true,No-Go
phase427_kernel_profile,kernel,K2.5-tp4ep8dp2-8k2k,docs/iter_gap_investigation/phase427_kernel_profile/K2.5-tp4ep8dp2-8k2k,mixed,1,other_cuda,triton_red_fused__to_copy_add_mean_min_latency_fused...,8.445000,3.989000,2117,,,146.075000,9924.000000,0.000000,1.516977,0.595460,0.357492,0.047048,0.031093,0.000000,passed,mixed_mla_attention_dominates,,kernel_profile_collected_prefill_and_decode,classify_prefill_execution_and_decode_slope_from_kernel_profile,false,true,true,false,false,false,true,No-Go
phase427_kernel_profile,kernel,K2.5-tp4ep8dp2-8k2k,docs/iter_gap_investigation/phase427_kernel_profile/K2.5-tp4ep8dp2-8k2k,mixed,1,dense_gemm,nvjet_tst_64x56_64x14_2x1_v_bz_NNT,8.186000,3.743000,2187,,,146.075000,9924.000000,0.000000,1.516977,0.595460,0.357492,0.047048,0.031093,0.000000,passed,mixed_mla_attention_dominates,,kernel_profile_collected_prefill_and_decode,classify_prefill_execution_and_decode_slope_from_kernel_profile,false,true,true,false,false,false,true,No-Go
phase427_kernel_profile,kernel,K2.5-tp4ep8dp2-8k2k,docs/iter_gap_investigation/phase427_kernel_profile/K2.5-tp4ep8dp2-8k2k,mixed,1,dense_gemm,nvjet_tst_64x24_64x16_2x1_v_bz_TNT,8.097000,3.701000,2188,,,146.075000,9924.000000,0.000000,1.516977,0.595460,0.357492,0.047048,0.031093,0.000000,passed,mixed_mla_attention_dominates,,kernel_profile_collected_prefill_and_decode,classify_prefill_execution_and_decode_slope_from_kernel_profile,false,true,true,false,false,false,true,No-Go
phase427_kernel_profile,kernel,K2.5-tp4ep8dp2-8k2k,docs/iter_gap_investigation/phase427_kernel_profile/K2.5-tp4ep8dp2-8k2k,mixed,1,other_cuda,aten::copy_,8.085000,8.250000,980,,,146.075000,9924.000000,0.000000,1.516977,0.595460,0.357492,0.047048,0.031093,0.000000,passed,mixed_mla_attention_dominates,,kernel_profile_collected_prefill_and_decode,classify_prefill_execution_and_decode_slope_from_kernel_profile,false,true,true,false,false,false,true,No-Go
phase427_kernel_profile,kernel,K2.5-tp4ep8dp2-8k2k,docs/iter_gap_investigation/phase427_kernel_profile/K2.5-tp4ep8dp2-8k2k,mixed,1,moe_gemm_or_aux,void vllm::moe::moe_align_block_size_kernel<int>(int...,7.586000,3.523000,2153,,,146.075000,9924.000000,0.000000,1.516977,0.595460,0.357492,0.047048,0.031093,0.000000,passed,mixed_mla_attention_dominates,,kernel_profile_collected_prefill_and_decode,classify_prefill_execution_and_decode_slope_from_kernel_profile,false,true,true,false,false,false,true,No-Go
phase427_kernel_profile,kernel,K2.5-tp4ep8dp2-8k2k,docs/iter_gap_investigation/phase427_kernel_profile/K2.5-tp4ep8dp2-8k2k,mixed,1,other_cuda,triton_red_fused__to_copy_add_mean_mul_pow_rsqrt_seq...,5.994000,2.784000,2153,,,146.075000,9924.000000,0.000000,1.516977,0.595460,0.357492,0.047048,0.031093,0.000000,passed,mixed_mla_attention_dominates,,kernel_profile_collected_prefill_and_decode,classify_prefill_execution_and_decode_slope_from_kernel_profile,false,true,true,false,false,false,true,No-Go
phase427_kernel_profile,kernel,K2.5-tp4ep8dp2-8k2k,docs/iter_gap_investigation/phase427_kernel_profile/K2.5-tp4ep8dp2-8k2k,mixed,1,memcpy_memset,Memcpy HtoD (Pinned -> Device),5.718000,20.420000,280,,,146.075000,9924.000000,0.000000,1.516977,0.595460,0.357492,0.047048,0.031093,0.000000,passed,mixed_mla_attention_dominates,,kernel_profile_collected_prefill_and_decode,classify_prefill_execution_and_decode_slope_from_kernel_profile,false,true,true,false,false,false,true,No-Go
phase427_kernel_profile,kernel,K2.5-tp4ep8dp2-8k2k,docs/iter_gap_investigation/phase427_kernel_profile/K2.5-tp4ep8dp2-8k2k,mixed,1,dense_gemm,nvjet_tst_320x64_64x4_2x1_v_bz_TNT,5.428000,150.786000,36,,,146.075000,9924.000000,0.000000,1.516977,0.595460,0.357492,0.047048,0.031093,0.000000,passed,mixed_mla_attention_dominates,,kernel_profile_collected_prefill_and_decode,classify_prefill_execution_and_decode_slope_from_kernel_profile,false,true,true,false,false,false,true,No-Go
phase427_kernel_profile,kernel,K2.5-tp4ep8dp2-8k2k,docs/iter_gap_investigation/phase427_kernel_profile/K2.5-tp4ep8dp2-8k2k,mixed,1,dense_gemm,aten::mm,5.275000,150.725000,35,,,146.075000,9924.000000,0.000000,1.516977,0.595460,0.357492,0.047048,0.031093,0.000000,passed,mixed_mla_attention_dominates,,kernel_profile_collected_prefill_and_decode,classify_prefill_execution_and_decode_slope_from_kernel_profile,false,true,true,false,false,false,true,No-Go
phase427_kernel_profile,kernel,K2.5-tp4ep8dp2-8k2k,docs/iter_gap_investigation/phase427_kernel_profile/K2.5-tp4ep8dp2-8k2k,mixed,1,mla_attention,void vllm::concat_and_cache_mla_kernel<__nv_bfloat16...,4.427000,2.024000,2187,,,146.075000,9924.000000,0.000000,1.516977,0.595460,0.357492,0.047048,0.031093,0.000000,passed,mixed_mla_attention_dominates,,kernel_profile_collected_prefill_and_decode,classify_prefill_execution_and_decode_slope_from_kernel_profile,false,true,true,false,false,false,true,No-Go
phase427_kernel_profile,kernel,K2.5-tp4ep8dp2-8k2k,docs/iter_gap_investigation/phase427_kernel_profile/K2.5-tp4ep8dp2-8k2k,mixed,1,other_cuda,triton_poi_fused_add_clone_copy_expand_index_mul_neg...,4.320000,2.008000,2152,,,146.075000,9924.000000,0.000000,1.516977,0.595460,0.357492,0.047048,0.031093,0.000000,passed,mixed_mla_attention_dominates,,kernel_profile_collected_prefill_and_decode,classify_prefill_execution_and_decode_slope_from_kernel_profile,false,true,true,false,false,false,true,No-Go
phase427_kernel_profile,kernel,K2.5-tp4ep8dp2-8k2k,docs/iter_gap_investigation/phase427_kernel_profile/K2.5-tp4ep8dp2-8k2k,mixed,1,other_cuda,triton_red_fused_4,4.207000,1.955000,2152,,,146.075000,9924.000000,0.000000,1.516977,0.595460,0.357492,0.047048,0.031093,0.000000,passed,mixed_mla_attention_dominates,,kernel_profile_collected_prefill_and_decode,classify_prefill_execution_and_decode_slope_from_kernel_profile,false,true,true,false,false,false,true,No-Go
phase427_kernel_profile,kernel,K2.5-tp4ep8dp2-8k2k,docs/iter_gap_investigation/phase427_kernel_profile/K2.5-tp4ep8dp2-8k2k,mixed,1,other_cuda,triton_poi_fused_3,3.624000,1.684000,2152,,,146.075000,9924.000000,0.000000,1.516977,0.595460,0.357492,0.047048,0.031093,0.000000,passed,mixed_mla_attention_dominates,,kernel_profile_collected_prefill_and_decode,classify_prefill_execution_and_decode_slope_from_kernel_profile,false,true,true,false,false,false,true,No-Go
phase427_kernel_profile,kernel,K2.5-tp4ep8dp2-8k2k,docs/iter_gap_investigation/phase427_kernel_profile/K2.5-tp4ep8dp2-8k2k,mixed,1,moe_gemm_or_aux,void vllm::moe::count_and_sort_expert_tokens_kernel<...,3.410000,1.584000,2153,,,146.075000,9924.000000,0.000000,1.516977,0.595460,0.357492,0.047048,0.031093,0.000000,passed,mixed_mla_attention_dominates,,kernel_profile_collected_prefill_and_decode,classify_prefill_execution_and_decode_slope_from_kernel_profile,false,true,true,false,false,false,true,No-Go
phase427_kernel_profile,kernel,K2.5-tp4ep8dp2-8k2k,docs/iter_gap_investigation/phase427_kernel_profile/K2.5-tp4ep8dp2-8k2k,mixed,1,other_cuda,triton_poi_fused_add_all_gather_mul_1,3.297000,1.531000,2153,,,146.075000,9924.000000,0.000000,1.516977,0.595460,0.357492,0.047048,0.031093,0.000000,passed,mixed_mla_attention_dominates,,kernel_profile_collected_prefill_and_decode,classify_prefill_execution_and_decode_slope_from_kernel_profile,false,true,true,false,false,false,true,No-Go
phase427_kernel_profile,kernel,K2.5-tp4ep8dp2-8k2k,docs/iter_gap_investigation/phase427_kernel_profile/K2.5-tp4ep8dp2-8k2k,mixed,1,other_cuda,triton_poi_fused_mul_silu_slice_0,3.089000,1.435000,2153,,,146.075000,9924.000000,0.000000,1.516977,0.595460,0.357492,0.047048,0.031093,0.000000,passed,mixed_mla_attention_dominates,,kernel_profile_collected_prefill_and_decode,classify_prefill_execution_and_decode_slope_from_kernel_profile,false,true,true,false,false,false,true,No-Go
phase427_kernel_profile,kernel,K2.5-tp4ep8dp2-8k2k,docs/iter_gap_investigation/phase427_kernel_profile/K2.5-tp4ep8dp2-8k2k,mixed,1,other_cuda,record_param_comms,2.423000,69.215000,35,,,146.075000,9924.000000,0.000000,1.516977,0.595460,0.357492,0.047048,0.031093,0.000000,passed,mixed_mla_attention_dominates,,kernel_profile_collected_prefill_and_decode,classify_prefill_execution_and_decode_slope_from_kernel_profile,false,true,true,false,false,false,true,No-Go
phase427_kernel_profile,kernel,K2.5-tp4ep8dp2-8k2k,docs/iter_gap_investigation/phase427_kernel_profile/K2.5-tp4ep8dp2-8k2k,mixed,1,ep_a2a,nccl:_all_gather_base,2.423000,69.215000,35,,,146.075000,9924.000000,0.000000,1.516977,0.595460,0.357492,0.047048,0.031093,0.000000,passed,mixed_mla_attention_dominates,,kernel_profile_collected_prefill_and_decode,classify_prefill_execution_and_decode_slope_from_kernel_profile,false,true,true,false,false,false,true,No-Go
phase427_kernel_profile,kernel,K2.5-tp4ep8dp2-8k2k,docs/iter_gap_investigation/phase427_kernel_profile/K2.5-tp4ep8dp2-8k2k,mixed,1,dense_gemm,nvjet_tst_80x64_64x11_4x1_v_bz_TNN,1.267000,36.196000,35,,,146.075000,9924.000000,0.000000,1.516977,0.595460,0.357492,0.047048,0.031093,0.000000,passed,mixed_mla_attention_dominates,,kernel_profile_collected_prefill_and_decode,classify_prefill_execution_and_decode_slope_from_kernel_profile,false,true,true,false,false,false,true,No-Go
phase427_kernel_profile,kernel,K2.5-tp4ep8dp2-8k2k,docs/iter_gap_investigation/phase427_kernel_profile/K2.5-tp4ep8dp2-8k2k,mixed,1,other_cuda,void at::native::unrolled_elementwise_kernel<at::nat...,0.911715,25.325000,36,,,146.075000,9924.000000,0.000000,1.516977,0.595460,0.357492,0.047048,0.031093,0.000000,passed,mixed_mla_attention_dominates,,kernel_profile_collected_prefill_and_decode,classify_prefill_execution_and_decode_slope_from_kernel_profile,false,true,true,false,false,false,true,No-Go
phase427_kernel_profile,kernel,K2.5-tp4ep8dp2-8k2k,docs/iter_gap_investigation/phase427_kernel_profile/K2.5-tp4ep8dp2-8k2k,mixed,1,tp_or_dp_allreduce,_C_custom_ar::all_reduce,0.898851,25.681000,35,,,146.075000,9924.000000,0.000000,1.516977,0.595460,0.357492,0.047048,0.031093,0.000000,passed,mixed_mla_attention_dominates,,kernel_profile_collected_prefill_and_decode,classify_prefill_execution_and_decode_slope_from_kernel_profile,false,true,true,false,false,false,true,No-Go
phase427_kernel_profile,kernel,K2.5-tp4ep8dp2-8k2k,docs/iter_gap_investigation/phase427_kernel_profile/K2.5-tp4ep8dp2-8k2k,mixed,1,other_cuda,aten::argmax,0.841543,24.044000,35,,,146.075000,9924.000000,0.000000,1.516977,0.595460,0.357492,0.047048,0.031093,0.000000,passed,mixed_mla_attention_dominates,,kernel_profile_collected_prefill_and_decode,classify_prefill_execution_and_decode_slope_from_kernel_profile,false,true,true,false,false,false,true,No-Go
phase427_kernel_profile,kernel,K2.5-tp4ep8dp2-8k2k,docs/iter_gap_investigation/phase427_kernel_profile/K2.5-tp4ep8dp2-8k2k,mixed,1,other_cuda,"void at::native::elementwise_kernel<128, 4, at::nati...",0.829054,23.029000,36,,,146.075000,9924.000000,0.000000,1.516977,0.595460,0.357492,0.047048,0.031093,0.000000,passed,mixed_mla_attention_dominates,,kernel_profile_collected_prefill_and_decode,classify_prefill_execution_and_decode_slope_from_kernel_profile,false,true,true,false,false,false,true,No-Go
phase427_kernel_profile,kernel,K2.5-tp4ep8dp2-8k2k,docs/iter_gap_investigation/phase427_kernel_profile/K2.5-tp4ep8dp2-8k2k,mixed,1,other_cuda,"void at::native::reduce_kernel<512, 1, at::native::R...",0.812295,22.564000,36,,,146.075000,9924.000000,0.000000,1.516977,0.595460,0.357492,0.047048,0.031093,0.000000,passed,mixed_mla_attention_dominates,,kernel_profile_collected_prefill_and_decode,classify_prefill_execution_and_decode_slope_from_kernel_profile,false,true,true,false,false,false,true,No-Go
phase427_kernel_profile,kernel,K2.5-tp4ep8dp2-8k2k,docs/iter_gap_investigation/phase427_kernel_profile/K2.5-tp4ep8dp2-8k2k,mixed,1,memcpy_memset,Memcpy DtoD (Device -> Device),0.279781,1.332000,210,,,146.075000,9924.000000,0.000000,1.516977,0.595460,0.357492,0.047048,0.031093,0.000000,passed,mixed_mla_attention_dominates,,kernel_profile_collected_prefill_and_decode,classify_prefill_execution_and_decode_slope_from_kernel_profile,false,true,true,false,false,false,true,No-Go
phase427_kernel_profile,kernel,K2.5-tp4ep8dp2-8k2k,docs/iter_gap_investigation/phase427_kernel_profile/K2.5-tp4ep8dp2-8k2k,mixed,1,other_cuda,void at::native::unrolled_elementwise_kernel<at::nat...,0.271332,1.897000,143,,,146.075000,9924.000000,0.000000,1.516977,0.595460,0.357492,0.047048,0.031093,0.000000,passed,mixed_mla_attention_dominates,,kernel_profile_collected_prefill_and_decode,classify_prefill_execution_and_decode_slope_from_kernel_profile,false,true,true,false,false,false,true,No-Go
phase427_kernel_profile,kernel,K2.5-tp4ep8dp2-8k2k,docs/iter_gap_investigation/phase427_kernel_profile/K2.5-tp4ep8dp2-8k2k,mixed,1,other_cuda,cudaStreamIsCapturing,0.190593,0.778000,245,,,146.075000,9924.000000,0.000000,1.516977,0.595460,0.357492,0.047048,0.031093,0.000000,passed,mixed_mla_attention_dominates,,kernel_profile_collected_prefill_and_decode,classify_prefill_execution_and_decode_slope_from_kernel_profile,false,true,true,false,false,false,true,No-Go
phase427_kernel_profile,kernel,K2.5-tp4ep8dp2-8k2k,docs/iter_gap_investigation/phase427_kernel_profile/K2.5-tp4ep8dp2-8k2k,mixed,1,other_cuda,aten::index,0.235010,3.357000,70,,,146.075000,9924.000000,0.000000,1.516977,0.595460,0.357492,0.047048,0.031093,0.000000,passed,mixed_mla_attention_dominates,,kernel_profile_collected_prefill_and_decode,classify_prefill_execution_and_decode_slope_from_kernel_profile,false,true,true,false,false,false,true,No-Go
phase427_kernel_profile,kernel,K2.5-tp4ep8dp2-8k2k,docs/iter_gap_investigation/phase427_kernel_profile/K2.5-tp4ep8dp2-8k2k,mixed,1,other_cuda,cuLaunchKernelEx,0.157279,1.498000,105,,,146.075000,9924.000000,0.000000,1.516977,0.595460,0.357492,0.047048,0.031093,0.000000,passed,mixed_mla_attention_dominates,,kernel_profile_collected_prefill_and_decode,classify_prefill_execution_and_decode_slope_from_kernel_profile,false,true,true,false,false,false,true,No-Go
phase427_kernel_profile,kernel,K2.5-tp4ep8dp2-8k2k,docs/iter_gap_investigation/phase427_kernel_profile/K2.5-tp4ep8dp2-8k2k,mixed,1,other_cuda,triton_red_fused__to_copy_add_mean_mul_pow_rsqrt_sli...,0.155744,4.326000,36,,,146.075000,9924.000000,0.000000,1.516977,0.595460,0.357492,0.047048,0.031093,0.000000,passed,mixed_mla_attention_dominates,,kernel_profile_collected_prefill_and_decode,classify_prefill_execution_and_decode_slope_from_kernel_profile,false,true,true,false,false,false,true,No-Go
phase427_kernel_profile,kernel,K2.5-tp4ep8dp2-8k2k,docs/iter_gap_investigation/phase427_kernel_profile/K2.5-tp4ep8dp2-8k2k,mixed,1,other_cuda,triton_red_fused__to_copy_add_mean_min_latency_fused...,0.145952,4.170000,35,,,146.075000,9924.000000,0.000000,1.516977,0.595460,0.357492,0.047048,0.031093,0.000000,passed,mixed_mla_attention_dominates,,kernel_profile_collected_prefill_and_decode,classify_prefill_execution_and_decode_slope_from_kernel_profile,false,true,true,false,false,false,true,No-Go
phase427_kernel_profile,kernel,K2.5-tp4ep8dp2-8k2k,docs/iter_gap_investigation/phase427_kernel_profile/K2.5-tp4ep8dp2-8k2k,mixed,1,other_cuda,"void at::native::vectorized_gather_kernel<16, long>(...",0.141954,1.999000,71,,,146.075000,9924.000000,0.000000,1.516977,0.595460,0.357492,0.047048,0.031093,0.000000,passed,mixed_mla_attention_dominates,,kernel_profile_collected_prefill_and_decode,classify_prefill_execution_and_decode_slope_from_kernel_profile,false,true,true,false,false,false,true,No-Go
phase427_kernel_profile,kernel,K2.5-tp4ep8dp2-8k2k,docs/iter_gap_investigation/phase427_kernel_profile/K2.5-tp4ep8dp2-8k2k,mixed,1,memcpy_memset,Memcpy DtoH (Device -> Pinned),0.134434,3.734000,36,,,146.075000,9924.000000,0.000000,1.516977,0.595460,0.357492,0.047048,0.031093,0.000000,passed,mixed_mla_attention_dominates,,kernel_profile_collected_prefill_and_decode,classify_prefill_execution_and_decode_slope_from_kernel_profile,false,true,true,false,false,false,true,No-Go
phase427_kernel_profile,kernel,K2.5-tp4ep8dp2-8k2k,docs/iter_gap_investigation/phase427_kernel_profile/K2.5-tp4ep8dp2-8k2k,mixed,1,other_cuda,cudaThreadExchangeStreamCaptureMode,0.131936,1.137000,116,,,146.075000,9924.000000,0.000000,1.516977,0.595460,0.357492,0.047048,0.031093,0.000000,passed,mixed_mla_attention_dominates,,kernel_profile_collected_prefill_and_decode,classify_prefill_execution_and_decode_slope_from_kernel_profile,false,true,true,false,false,false,true,No-Go
phase427_kernel_profile,kernel,K2.5-tp4ep8dp2-8k2k,docs/iter_gap_investigation/phase427_kernel_profile/K2.5-tp4ep8dp2-8k2k,mixed,1,other_cuda,aten::fill_,0.122712,0.292000,420,,,146.075000,9924.000000,0.000000,1.516977,0.595460,0.357492,0.047048,0.031093,0.000000,passed,mixed_mla_attention_dominates,,kernel_profile_collected_prefill_and_decode,classify_prefill_execution_and_decode_slope_from_kernel_profile,false,true,true,false,false,false,true,No-Go
phase427_kernel_profile,kernel,K2.5-tp4ep8dp2-8k2k,docs/iter_gap_investigation/phase427_kernel_profile/K2.5-tp4ep8dp2-8k2k,mixed,1,other_cuda,_compute_slot_mapping_kernel,0.111003,3.172000,35,,,146.075000,9924.000000,0.000000,1.516977,0.595460,0.357492,0.047048,0.031093,0.000000,passed,mixed_mla_attention_dominates,,kernel_profile_collected_prefill_and_decode,classify_prefill_execution_and_decode_slope_from_kernel_profile,false,true,true,false,false,false,true,No-Go
phase427_kernel_profile,kernel,K2.5-tp4ep8dp2-8k2k,docs/iter_gap_investigation/phase427_kernel_profile/K2.5-tp4ep8dp2-8k2k,mixed,1,other_cuda,"void at::native::index_elementwise_kernel<128, 4, at...",0.109214,3.034000,36,,,146.075000,9924.000000,0.000000,1.516977,0.595460,0.357492,0.047048,0.031093,0.000000,passed,mixed_mla_attention_dominates,,kernel_profile_collected_prefill_and_decode,classify_prefill_execution_and_decode_slope_from_kernel_profile,false,true,true,false,false,false,true,No-Go
phase427_kernel_profile,kernel,K2.5-tp4ep8dp2-8k2k,docs/iter_gap_investigation/phase427_kernel_profile/K2.5-tp4ep8dp2-8k2k,mixed,1,other_cuda,aten::masked_fill_,0.107650,3.076000,35,,,146.075000,9924.000000,0.000000,1.516977,0.595460,0.357492,0.047048,0.031093,0.000000,passed,mixed_mla_attention_dominates,,kernel_profile_collected_prefill_and_decode,classify_prefill_execution_and_decode_slope_from_kernel_profile,false,true,true,false,false,false,true,No-Go
phase427_kernel_profile,kernel,K2.5-tp4ep8dp2-8k2k,docs/iter_gap_investigation/phase427_kernel_profile/K2.5-tp4ep8dp2-8k2k,mixed,1,other_cuda,"void at::native::elementwise_kernel<128, 4, at::nati...",0.107650,3.076000,35,,,146.075000,9924.000000,0.000000,1.516977,0.595460,0.357492,0.047048,0.031093,0.000000,passed,mixed_mla_attention_dominates,,kernel_profile_collected_prefill_and_decode,classify_prefill_execution_and_decode_slope_from_kernel_profile,false,true,true,false,false,false,true,No-Go
phase427_kernel_profile,kernel,K2.5-tp4ep8dp2-8k2k,docs/iter_gap_investigation/phase427_kernel_profile/K2.5-tp4ep8dp2-8k2k,mixed,1,other_cuda,aten::_index_put_impl_,0.240161,6.862000,35,,,146.075000,9924.000000,0.000000,1.516977,0.595460,0.357492,0.047048,0.031093,0.000000,passed,mixed_mla_attention_dominates,,kernel_profile_collected_prefill_and_decode,classify_prefill_execution_and_decode_slope_from_kernel_profile,false,true,true,false,false,false,true,No-Go
phase427_kernel_profile,kernel,K2.5-tp4ep8dp2-8k2k,docs/iter_gap_investigation/phase427_kernel_profile/K2.5-tp4ep8dp2-8k2k,mixed,1,other_cuda,triton_red_fused__to_copy_add_clone_mean_min_latency...,0.103324,2.952000,35,,,146.075000,9924.000000,0.000000,1.516977,0.595460,0.357492,0.047048,0.031093,0.000000,passed,mixed_mla_attention_dominates,,kernel_profile_collected_prefill_and_decode,classify_prefill_execution_and_decode_slope_from_kernel_profile,false,true,true,false,false,false,true,No-Go
phase427_kernel_profile,kernel,K2.5-tp4ep8dp2-8k2k,docs/iter_gap_investigation/phase427_kernel_profile/K2.5-tp4ep8dp2-8k2k,mixed,1,other_cuda,aten::add,0.101594,0.968000,105,,,146.075000,9924.000000,0.000000,1.516977,0.595460,0.357492,0.047048,0.031093,0.000000,passed,mixed_mla_attention_dominates,,kernel_profile_collected_prefill_and_decode,classify_prefill_execution_and_decode_slope_from_kernel_profile,false,true,true,false,false,false,true,No-Go
phase427_kernel_profile,kernel,K2.5-tp4ep8dp2-8k2k,docs/iter_gap_investigation/phase427_kernel_profile/K2.5-tp4ep8dp2-8k2k,mixed,1,other_cuda,triton_red_fused__to_copy_add_mean_mul_pow_rsqrt_0,0.098818,2.823000,35,,,146.075000,9924.000000,0.000000,1.516977,0.595460,0.357492,0.047048,0.031093,0.000000,passed,mixed_mla_attention_dominates,,kernel_profile_collected_prefill_and_decode,classify_prefill_execution_and_decode_slope_from_kernel_profile,false,true,true,false,false,false,true,No-Go
phase427_kernel_profile,kernel,K2.5-tp4ep8dp2-8k2k,docs/iter_gap_investigation/phase427_kernel_profile/K2.5-tp4ep8dp2-8k2k,mixed,1,other_cuda,"void at::native::index_elementwise_kernel<128, 4, at...",0.089859,2.567000,35,,,146.075000,9924.000000,0.000000,1.516977,0.595460,0.357492,0.047048,0.031093,0.000000,passed,mixed_mla_attention_dominates,,kernel_profile_collected_prefill_and_decode,classify_prefill_execution_and_decode_slope_from_kernel_profile,false,true,true,false,false,false,true,No-Go
phase427_kernel_profile,kernel,K2.5-tp4ep8dp2-8k2k,docs/iter_gap_investigation/phase427_kernel_profile/K2.5-tp4ep8dp2-8k2k,mixed,1,other_cuda,"void at::native::vectorized_elementwise_kernel<4, at...",0.083579,1.194000,70,,,146.075000,9924.000000,0.000000,1.516977,0.595460,0.357492,0.047048,0.031093,0.000000,passed,mixed_mla_attention_dominates,,kernel_profile_collected_prefill_and_decode,classify_prefill_execution_and_decode_slope_from_kernel_profile,false,true,true,false,false,false,true,No-Go
phase427_kernel_profile,kernel,K2.5-tp4ep8dp2-8k2k,docs/iter_gap_investigation/phase427_kernel_profile/K2.5-tp4ep8dp2-8k2k,mixed,1,mla_attention,_vllm_fa3_C::get_scheduler_metadata,0.071324,2.038000,35,,,146.075000,9924.000000,0.000000,1.516977,0.595460,0.357492,0.047048,0.031093,0.000000,passed,mixed_mla_attention_dominates,,kernel_profile_collected_prefill_and_decode,classify_prefill_execution_and_decode_slope_from_kernel_profile,false,true,true,false,false,false,true,No-Go
phase427_kernel_profile,kernel,K2.5-tp4ep8dp2-8k2k,docs/iter_gap_investigation/phase427_kernel_profile/K2.5-tp4ep8dp2-8k2k,mixed,1,mla_attention,"void flash::prepare_varlen_num_blocks_kernel<2, fals...",0.071324,2.038000,35,,,146.075000,9924.000000,0.000000,1.516977,0.595460,0.357492,0.047048,0.031093,0.000000,passed,mixed_mla_attention_dominates,,kernel_profile_collected_prefill_and_decode,classify_prefill_execution_and_decode_slope_from_kernel_profile,false,true,true,false,false,false,true,No-Go
phase427_kernel_profile,kernel,K2.5-tp4ep8dp2-8k2k,docs/iter_gap_investigation/phase427_kernel_profile/K2.5-tp4ep8dp2-8k2k,mixed,1,other_cuda,triton_poi_fused_add_clone_copy_expand_index_mul_neg...,0.070722,2.021000,35,,,146.075000,9924.000000,0.000000,1.516977,0.595460,0.357492,0.047048,0.031093,0.000000,passed,mixed_mla_attention_dominates,,kernel_profile_collected_prefill_and_decode,classify_prefill_execution_and_decode_slope_from_kernel_profile,false,true,true,false,false,false,true,No-Go
phase427_kernel_profile,kernel,K2.5-tp4ep8dp2-8k2k,docs/iter_gap_investigation/phase427_kernel_profile/K2.5-tp4ep8dp2-8k2k,mixed,1,other_cuda,triton_red_fused_2,0.069374,1.982000,35,,,146.075000,9924.000000,0.000000,1.516977,0.595460,0.357492,0.047048,0.031093,0.000000,passed,mixed_mla_attention_dominates,,kernel_profile_collected_prefill_and_decode,classify_prefill_execution_and_decode_slope_from_kernel_profile,false,true,true,false,false,false,true,No-Go
phase427_kernel_profile,kernel,K2.5-tp4ep8dp2-8k2k,docs/iter_gap_investigation/phase427_kernel_profile/K2.5-tp4ep8dp2-8k2k,mixed,1,other_cuda,aten::gather,0.068320,1.952000,35,,,146.075000,9924.000000,0.000000,1.516977,0.595460,0.357492,0.047048,0.031093,0.000000,passed,mixed_mla_attention_dominates,,kernel_profile_collected_prefill_and_decode,classify_prefill_execution_and_decode_slope_from_kernel_profile,false,true,true,false,false,false,true,No-Go
phase427_kernel_profile,kernel,K2.5-tp4ep8dp2-8k2k,docs/iter_gap_investigation/phase427_kernel_profile/K2.5-tp4ep8dp2-8k2k,mixed,1,other_cuda,triton_poi_fused_1,0.057727,1.649000,35,,,146.075000,9924.000000,0.000000,1.516977,0.595460,0.357492,0.047048,0.031093,0.000000,passed,mixed_mla_attention_dominates,,kernel_profile_collected_prefill_and_decode,classify_prefill_execution_and_decode_slope_from_kernel_profile,false,true,true,false,false,false,true,No-Go
phase427_kernel_profile,kernel,K2.5-tp4ep8dp2-8k2k,docs/iter_gap_investigation/phase427_kernel_profile/K2.5-tp4ep8dp2-8k2k,mixed,1,other_cuda,void at::native::unrolled_elementwise_kernel<at::nat...,0.056478,1.569000,36,,,146.075000,9924.000000,0.000000,1.516977,0.595460,0.357492,0.047048,0.031093,0.000000,passed,mixed_mla_attention_dominates,,kernel_profile_collected_prefill_and_decode,classify_prefill_execution_and_decode_slope_from_kernel_profile,false,true,true,false,false,false,true,No-Go
phase427_kernel_profile,kernel,K2.5-tp4ep8dp2-8k2k,docs/iter_gap_investigation/phase427_kernel_profile/K2.5-tp4ep8dp2-8k2k,mixed,1,memcpy_memset,Memset (Device),0.055424,1.540000,36,,,146.075000,9924.000000,0.000000,1.516977,0.595460,0.357492,0.047048,0.031093,0.000000,passed,mixed_mla_attention_dominates,,kernel_profile_collected_prefill_and_decode,classify_prefill_execution_and_decode_slope_from_kernel_profile,false,true,true,false,false,false,true,No-Go
phase427_kernel_profile,kernel,K2.5-tp4ep8dp2-8k2k,docs/iter_gap_investigation/phase427_kernel_profile/K2.5-tp4ep8dp2-8k2k,mixed,1,other_cuda,"void at::native::vectorized_elementwise_kernel<4, at...",0.052445,1.498000,35,,,146.075000,9924.000000,0.000000,1.516977,0.595460,0.357492,0.047048,0.031093,0.000000,passed,mixed_mla_attention_dominates,,kernel_profile_collected_prefill_and_decode,classify_prefill_execution_and_decode_slope_from_kernel_profile,false,true,true,false,false,false,true,No-Go
phase427_kernel_profile,kernel,K2.5-tp4ep8dp2-8k2k,docs/iter_gap_investigation/phase427_kernel_profile/K2.5-tp4ep8dp2-8k2k,mixed,1,other_cuda,triton_poi_fused_mul_silu_slice_1,0.050816,1.452000,35,,,146.075000,9924.000000,0.000000,1.516977,0.595460,0.357492,0.047048,0.031093,0.000000,passed,mixed_mla_attention_dominates,,kernel_profile_collected_prefill_and_decode,classify_prefill_execution_and_decode_slope_from_kernel_profile,false,true,true,false,false,false,true,No-Go
phase427_kernel_profile,kernel,K2.5-tp4ep8dp2-8k2k,docs/iter_gap_investigation/phase427_kernel_profile/K2.5-tp4ep8dp2-8k2k,mixed,1,other_cuda,"void at::native::vectorized_elementwise_kernel<2, at...",0.049149,1.404000,35,,,146.075000,9924.000000,0.000000,1.516977,0.595460,0.357492,0.047048,0.031093,0.000000,passed,mixed_mla_attention_dominates,,kernel_profile_collected_prefill_and_decode,classify_prefill_execution_and_decode_slope_from_kernel_profile,false,true,true,false,false,false,true,No-Go
phase427_kernel_profile,kernel,K2.5-tp4ep8dp2-8k2k,docs/iter_gap_investigation/phase427_kernel_profile/K2.5-tp4ep8dp2-8k2k,mixed,1,other_cuda,triton_poi_fused_add_bitwise_and_bitwise_not_bitwise...,0.044123,1.261000,35,,,146.075000,9924.000000,0.000000,1.516977,0.595460,0.357492,0.047048,0.031093,0.000000,passed,mixed_mla_attention_dominates,,kernel_profile_collected_prefill_and_decode,classify_prefill_execution_and_decode_slope_from_kernel_profile,false,true,true,false,false,false,true,No-Go
phase427_kernel_profile,kernel,K2.5-tp4ep8dp2-8k2k,docs/iter_gap_investigation/phase427_kernel_profile/K2.5-tp4ep8dp2-8k2k,mixed,1,other_cuda,triton_poi_fused_add_bitwise_and_bitwise_not_bitwise...,0.044123,1.261000,35,,,146.075000,9924.000000,0.000000,1.516977,0.595460,0.357492,0.047048,0.031093,0.000000,passed,mixed_mla_attention_dominates,,kernel_profile_collected_prefill_and_decode,classify_prefill_execution_and_decode_slope_from_kernel_profile,false,true,true,false,false,false,true,No-Go
phase427_kernel_profile,kernel,K2.5-tp4ep8dp2-8k2k,docs/iter_gap_investigation/phase427_kernel_profile/K2.5-tp4ep8dp2-8k2k,mixed,1,other_cuda,## Call CompiledFxGraph fjikc4pwyjcqqebmne5wol4kzyyo...,0.044123,1.261000,35,,,146.075000,9924.000000,0.000000,1.516977,0.595460,0.357492,0.047048,0.031093,0.000000,passed,mixed_mla_attention_dominates,,kernel_profile_collected_prefill_and_decode,classify_prefill_execution_and_decode_slope_from_kernel_profile,false,true,true,false,false,false,true,No-Go
phase427_kernel_profile,kernel,K2.5-tp4ep8dp2-8k2k,docs/iter_gap_investigation/phase427_kernel_profile/K2.5-tp4ep8dp2-8k2k,mixed,1,other_cuda,aten::sub,0.040508,0.579000,70,,,146.075000,9924.000000,0.000000,1.516977,0.595460,0.357492,0.047048,0.031093,0.000000,passed,mixed_mla_attention_dominates,,kernel_profile_collected_prefill_and_decode,classify_prefill_execution_and_decode_slope_from_kernel_profile,false,true,true,false,false,false,true,No-Go
phase427_kernel_profile,kernel,K2.5-tp4ep8dp2-8k2k,docs/iter_gap_investigation/phase427_kernel_profile/K2.5-tp4ep8dp2-8k2k,mixed,1,other_cuda,void at::native::unrolled_elementwise_kernel<at::nat...,0.040508,1.157000,35,,,146.075000,9924.000000,0.000000,1.516977,0.595460,0.357492,0.047048,0.031093,0.000000,passed,mixed_mla_attention_dominates,,kernel_profile_collected_prefill_and_decode,classify_prefill_execution_and_decode_slope_from_kernel_profile,false,true,true,false,false,false,true,No-Go
phase427_kernel_profile,kernel,K2.5-tp4ep8dp2-8k2k,docs/iter_gap_investigation/phase427_kernel_profile/K2.5-tp4ep8dp2-8k2k,mixed,1,other_cuda,cudaEventRecordWithFlags,0.039744,0.379000,105,,,146.075000,9924.000000,0.000000,1.516977,0.595460,0.357492,0.047048,0.031093,0.000000,passed,mixed_mla_attention_dominates,,kernel_profile_collected_prefill_and_decode,classify_prefill_execution_and_decode_slope_from_kernel_profile,false,true,true,false,false,false,true,No-Go
phase427_kernel_profile,kernel,K2.5-tp4ep8dp2-8k2k,docs/iter_gap_investigation/phase427_kernel_profile/K2.5-tp4ep8dp2-8k2k,mixed,1,other_cuda,void at::native::unrolled_elementwise_kernel<at::nat...,0.039133,1.118000,35,,,146.075000,9924.000000,0.000000,1.516977,0.595460,0.357492,0.047048,0.031093,0.000000,passed,mixed_mla_attention_dominates,,kernel_profile_collected_prefill_and_decode,classify_prefill_execution_and_decode_slope_from_kernel_profile,false,true,true,false,false,false,true,No-Go
phase427_kernel_profile,kernel,K2.5-tp4ep8dp2-8k2k,docs/iter_gap_investigation/phase427_kernel_profile/K2.5-tp4ep8dp2-8k2k,mixed,1,other_cuda,cudaEventRecord,0.009375,0.045000,210,,,146.075000,9924.000000,0.000000,1.516977,0.595460,0.357492,0.047048,0.031093,0.000000,passed,mixed_mla_attention_dominates,,kernel_profile_collected_prefill_and_decode,classify_prefill_execution_and_decode_slope_from_kernel_profile,false,true,true,false,false,false,true,No-Go
phase427_kernel_profile,kernel,K2.5-tp4ep8dp2-8k2k,docs/iter_gap_investigation/phase427_kernel_profile/K2.5-tp4ep8dp2-8k2k,mixed,1,other_cuda,cudaStreamWaitEvent,0.004352,0.031000,140,,,146.075000,9924.000000,0.000000,1.516977,0.595460,0.357492,0.047048,0.031093,0.000000,passed,mixed_mla_attention_dominates,,kernel_profile_collected_prefill_and_decode,classify_prefill_execution_and_decode_slope_from_kernel_profile,false,true,true,false,false,false,true,No-Go
phase427_kernel_profile,kernel,K2.5-tp4ep8dp2-8k2k,docs/iter_gap_investigation/phase427_kernel_profile/K2.5-tp4ep8dp2-8k2k,mixed,1,other_cuda,cudaEventSynchronize,0.004129,0.118000,35,,,146.075000,9924.000000,0.000000,1.516977,0.595460,0.357492,0.047048,0.031093,0.000000,passed,mixed_mla_attention_dominates,,kernel_profile_collected_prefill_and_decode,classify_prefill_execution_and_decode_slope_from_kernel_profile,false,true,true,false,false,false,true,No-Go
phase427_kernel_profile,kernel,K2.5-tp4ep8dp2-8k2k,docs/iter_gap_investigation/phase427_kernel_profile/K2.5-tp4ep8dp2-8k2k,mixed,1,other_cuda,cudaDriverGetVersion,0.003840,0.110000,35,,,146.075000,9924.000000,0.000000,1.516977,0.595460,0.357492,0.047048,0.031093,0.000000,passed,mixed_mla_attention_dominates,,kernel_profile_collected_prefill_and_decode,classify_prefill_execution_and_decode_slope_from_kernel_profile,false,true,true,false,false,false,true,No-Go
phase427_kernel_profile,kernel,K2.5-tp4ep8dp2-8k2k,docs/iter_gap_investigation/phase427_kernel_profile/K2.5-tp4ep8dp2-8k2k,mixed,1,other_cuda,cudaEventQuery,0.002272,0.012000,197,,,146.075000,9924.000000,0.000000,1.516977,0.595460,0.357492,0.047048,0.031093,0.000000,passed,mixed_mla_attention_dominates,,kernel_profile_collected_prefill_and_decode,classify_prefill_execution_and_decode_slope_from_kernel_profile,false,true,true,false,false,false,true,No-Go
phase427_kernel_profile,kernel,K2.5-tp4ep8dp2-8k2k,docs/iter_gap_investigation/phase427_kernel_profile/K2.5-tp4ep8dp2-8k2k,mixed,1,other_cuda,Activity Buffer Request,0.002144,0.715000,3,,,146.075000,9924.000000,0.000000,1.516977,0.595460,0.357492,0.047048,0.031093,0.000000,passed,mixed_mla_attention_dominates,,kernel_profile_collected_prefill_and_decode,classify_prefill_execution_and_decode_slope_from_kernel_profile,false,true,true,false,false,false,true,No-Go
phase427_kernel_profile,kernel,K2.5-tp4ep8dp2-8k2k,docs/iter_gap_investigation/phase427_kernel_profile/K2.5-tp4ep8dp2-8k2k,mixed,1,cuda_graph_envelope,execute_context_0(0)_generation_56(56),16.390000,468.299000,35,,,146.075000,9924.000000,0.000000,1.516977,0.595460,0.357492,0.047048,0.031093,0.000000,passed,mixed_mla_attention_dominates,,kernel_profile_collected_prefill_and_decode,classify_prefill_execution_and_decode_slope_from_kernel_profile,false,true,true,false,false,false,true,No-Go
phase427_kernel_profile,kernel,K2.5-tp4ep8dp2-8k2k,docs/iter_gap_investigation/phase427_kernel_profile/K2.5-tp4ep8dp2-8k2k,mixed,1,other_cuda,aten::slice,0.000000,0.000000,1925,,,146.075000,9924.000000,0.000000,1.516977,0.595460,0.357492,0.047048,0.031093,0.000000,passed,mixed_mla_attention_dominates,,kernel_profile_collected_prefill_and_decode,classify_prefill_execution_and_decode_slope_from_kernel_profile,false,true,true,false,false,false,true,No-Go
phase427_kernel_profile,kernel,K2.5-tp4ep8dp2-8k2k,docs/iter_gap_investigation/phase427_kernel_profile/K2.5-tp4ep8dp2-8k2k,mixed,1,other_cuda,aten::as_strided,0.000000,0.000000,2940,,,146.075000,9924.000000,0.000000,1.516977,0.595460,0.357492,0.047048,0.031093,0.000000,passed,mixed_mla_attention_dominates,,kernel_profile_collected_prefill_and_decode,classify_prefill_execution_and_decode_slope_from_kernel_profile,false,true,true,false,false,false,true,No-Go
phase427_kernel_profile,kernel,K2.5-tp4ep8dp2-8k2k,docs/iter_gap_investigation/phase427_kernel_profile/K2.5-tp4ep8dp2-8k2k,mixed,1,memcpy_memset,cudaMemcpyAsync,0.000000,0.000000,525,,,146.075000,9924.000000,0.000000,1.516977,0.595460,0.357492,0.047048,0.031093,0.000000,passed,mixed_mla_attention_dominates,,kernel_profile_collected_prefill_and_decode,classify_prefill_execution_and_decode_slope_from_kernel_profile,false,true,true,false,false,false,true,No-Go
phase427_kernel_profile,kernel,K2.5-tp4ep8dp2-8k2k,docs/iter_gap_investigation/phase427_kernel_profile/K2.5-tp4ep8dp2-8k2k,mixed,1,other_cuda,aten::lift_fresh,0.000000,0.000000,315,,,146.075000,9924.000000,0.000000,1.516977,0.595460,0.357492,0.047048,0.031093,0.000000,passed,mixed_mla_attention_dominates,,kernel_profile_collected_prefill_and_decode,classify_prefill_execution_and_decode_slope_from_kernel_profile,false,true,true,false,false,false,true,No-Go
phase427_kernel_profile,kernel,K2.5-tp4ep8dp2-8k2k,docs/iter_gap_investigation/phase427_kernel_profile/K2.5-tp4ep8dp2-8k2k,mixed,1,other_cuda,aten::flatten,0.000000,0.000000,35,,,146.075000,9924.000000,0.000000,1.516977,0.595460,0.357492,0.047048,0.031093,0.000000,passed,mixed_mla_attention_dominates,,kernel_profile_collected_prefill_and_decode,classify_prefill_execution_and_decode_slope_from_kernel_profile,false,true,true,false,false,false,true,No-Go
phase427_kernel_profile,kernel,K2.5-tp4ep8dp2-8k2k,docs/iter_gap_investigation/phase427_kernel_profile/K2.5-tp4ep8dp2-8k2k,mixed,1,other_cuda,aten::view,0.000000,0.000000,280,,,146.075000,9924.000000,0.000000,1.516977,0.595460,0.357492,0.047048,0.031093,0.000000,passed,mixed_mla_attention_dominates,,kernel_profile_collected_prefill_and_decode,classify_prefill_execution_and_decode_slope_from_kernel_profile,false,true,true,false,false,false,true,No-Go
phase427_kernel_profile,kernel,K2.5-tp4ep8dp2-8k2k,docs/iter_gap_investigation/phase427_kernel_profile/K2.5-tp4ep8dp2-8k2k,mixed,1,other_cuda,aten::index_select,0.068320,0.976000,70,,,146.075000,9924.000000,0.000000,1.516977,0.595460,0.357492,0.047048,0.031093,0.000000,passed,mixed_mla_attention_dominates,,kernel_profile_collected_prefill_and_decode,classify_prefill_execution_and_decode_slope_from_kernel_profile,false,true,true,false,false,false,true,No-Go
phase427_kernel_profile,kernel,K2.5-tp4ep8dp2-8k2k,docs/iter_gap_investigation/phase427_kernel_profile/K2.5-tp4ep8dp2-8k2k,mixed,1,other_cuda,aten::detach,0.000000,0.000000,70,,,146.075000,9924.000000,0.000000,1.516977,0.595460,0.357492,0.047048,0.031093,0.000000,passed,mixed_mla_attention_dominates,,kernel_profile_collected_prefill_and_decode,classify_prefill_execution_and_decode_slope_from_kernel_profile,false,true,true,false,false,false,true,No-Go
phase427_kernel_profile,kernel,K2.5-tp4ep8dp2-8k2k,docs/iter_gap_investigation/phase427_kernel_profile/K2.5-tp4ep8dp2-8k2k,mixed,1,other_cuda,aten::to,1.340000,2.735000,490,,,146.075000,9924.000000,0.000000,1.516977,0.595460,0.357492,0.047048,0.031093,0.000000,passed,mixed_mla_attention_dominates,,kernel_profile_collected_prefill_and_decode,classify_prefill_execution_and_decode_slope_from_kernel_profile,false,true,true,false,false,false,true,No-Go
phase427_kernel_profile,kernel,K2.5-tp4ep8dp2-8k2k,docs/iter_gap_investigation/phase427_kernel_profile/K2.5-tp4ep8dp2-8k2k,mixed,1,other_cuda,aten::resolve_conj,0.000000,0.000000,70,,,146.075000,9924.000000,0.000000,1.516977,0.595460,0.357492,0.047048,0.031093,0.000000,passed,mixed_mla_attention_dominates,,kernel_profile_collected_prefill_and_decode,classify_prefill_execution_and_decode_slope_from_kernel_profile,false,true,true,false,false,false,true,No-Go
phase427_kernel_profile,kernel,K2.5-tp4ep8dp2-8k2k,docs/iter_gap_investigation/phase427_kernel_profile/K2.5-tp4ep8dp2-8k2k,mixed,2,cuda_graph_envelope,execute_context_0(0)_generation_56(56),3470.000000,550.731000,6300,,,146.075000,9924.000000,0.000000,1.516977,0.595460,0.357492,0.047048,0.031093,0.000000,passed,mixed_mla_attention_dominates,,kernel_profile_collected_prefill_and_decode,classify_prefill_execution_and_decode_slope_from_kernel_profile,false,true,true,false,false,false,true,No-Go
phase427_kernel_profile,kernel,K2.5-tp4ep8dp2-8k2k,docs/iter_gap_investigation/phase427_kernel_profile/K2.5-tp4ep8dp2-8k2k,mixed,2,mla_attention,void cutlass::device_kernel<flash::enable_sm90_or_la...,394.343000,180.147000,2189,,,146.075000,9924.000000,0.000000,1.516977,0.595460,0.357492,0.047048,0.031093,0.000000,passed,mixed_mla_attention_dominates,,kernel_profile_collected_prefill_and_decode,classify_prefill_execution_and_decode_slope_from_kernel_profile,false,true,true,false,false,false,true,No-Go
phase427_kernel_profile,kernel,K2.5-tp4ep8dp2-8k2k,docs/iter_gap_investigation/phase427_kernel_profile/K2.5-tp4ep8dp2-8k2k,mixed,2,moe_gemm_or_aux,"void marlin_moe_wna16::Marlin<1125899906909960l, 112...",252.568000,58.628000,4308,,,146.075000,9924.000000,0.000000,1.516977,0.595460,0.357492,0.047048,0.031093,0.000000,passed,mixed_mla_attention_dominates,,kernel_profile_collected_prefill_and_decode,classify_prefill_execution_and_decode_slope_from_kernel_profile,false,true,true,false,false,false,true,No-Go
phase427_kernel_profile,kernel,K2.5-tp4ep8dp2-8k2k,docs/iter_gap_investigation/phase427_kernel_profile/K2.5-tp4ep8dp2-8k2k,mixed,2,ep_a2a,ncclDevKernel_ReduceScatter_Sum_bf16_RING_LL(ncclDev...,156.106000,72.473000,2154,,,146.075000,9924.000000,0.000000,1.516977,0.595460,0.357492,0.047048,0.031093,0.000000,passed,mixed_mla_attention_dominates,,kernel_profile_collected_prefill_and_decode,classify_prefill_execution_and_decode_slope_from_kernel_profile,false,true,true,false,false,false,true,No-Go
phase427_kernel_profile,kernel,K2.5-tp4ep8dp2-8k2k,docs/iter_gap_investigation/phase427_kernel_profile/K2.5-tp4ep8dp2-8k2k,mixed,2,ep_a2a,ncclDevKernel_AllGather_RING_LL(ncclDevKernelArgsSto...,101.836000,23.438000,4345,,,146.075000,9924.000000,0.000000,1.516977,0.595460,0.357492,0.047048,0.031093,0.000000,passed,mixed_mla_attention_dominates,,kernel_profile_collected_prefill_and_decode,classify_prefill_execution_and_decode_slope_from_kernel_profile,false,true,true,false,false,false,true,No-Go
phase427_kernel_profile,kernel,K2.5-tp4ep8dp2-8k2k,docs/iter_gap_investigation/phase427_kernel_profile/K2.5-tp4ep8dp2-8k2k,mixed,2,dense_gemm,nvjet_tst_64x16_64x16_2x1_v_bz_splitK_TNT,39.616000,18.392000,2154,,,146.075000,9924.000000,0.000000,1.516977,0.595460,0.357492,0.047048,0.031093,0.000000,passed,mixed_mla_attention_dominates,,kernel_profile_collected_prefill_and_decode,classify_prefill_execution_and_decode_slope_from_kernel_profile,false,true,true,false,false,false,true,No-Go
phase427_kernel_profile,kernel,K2.5-tp4ep8dp2-8k2k,docs/iter_gap_investigation/phase427_kernel_profile/K2.5-tp4ep8dp2-8k2k,mixed,2,tp_or_dp_allreduce,"void vllm::cross_device_reduce_2stage<__nv_bfloat16,...",32.133000,14.224000,2259,,,146.075000,9924.000000,0.000000,1.516977,0.595460,0.357492,0.047048,0.031093,0.000000,passed,mixed_mla_attention_dominates,,kernel_profile_collected_prefill_and_decode,classify_prefill_execution_and_decode_slope_from_kernel_profile,false,true,true,false,false,false,true,No-Go
phase427_kernel_profile,kernel,K2.5-tp4ep8dp2-8k2k,docs/iter_gap_investigation/phase427_kernel_profile/K2.5-tp4ep8dp2-8k2k,mixed,2,dense_gemm,nvjet_tst_64x16_64x16_4x1_v_bz_TNT,27.723000,12.871000,2154,,,146.075000,9924.000000,0.000000,1.516977,0.595460,0.357492,0.047048,0.031093,0.000000,passed,mixed_mla_attention_dominates,,kernel_profile_collected_prefill_and_decode,classify_prefill_execution_and_decode_slope_from_kernel_profile,false,true,true,false,false,false,true,No-Go
phase427_kernel_profile,kernel,K2.5-tp4ep8dp2-8k2k,docs/iter_gap_investigation/phase427_kernel_profile/K2.5-tp4ep8dp2-8k2k,mixed,2,dense_gemm,nvjet_tst_64x56_64x14_4x1_v_bz_splitK_TNT,26.268000,12.000000,2189,,,146.075000,9924.000000,0.000000,1.516977,0.595460,0.357492,0.047048,0.031093,0.000000,passed,mixed_mla_attention_dominates,,kernel_profile_collected_prefill_and_decode,classify_prefill_execution_and_decode_slope_from_kernel_profile,false,true,true,false,false,false,true,No-Go
phase427_kernel_profile,kernel,K2.5-tp4ep8dp2-8k2k,docs/iter_gap_investigation/phase427_kernel_profile/K2.5-tp4ep8dp2-8k2k,mixed,2,dense_gemm,nvjet_tst_64x56_64x14_4x1_v_bz_TNT,23.315000,10.483000,2224,,,146.075000,9924.000000,0.000000,1.516977,0.595460,0.357492,0.047048,0.031093,0.000000,passed,mixed_mla_attention_dominates,,kernel_profile_collected_prefill_and_decode,classify_prefill_execution_and_decode_slope_from_kernel_profile,false,true,true,false,false,false,true,No-Go
phase427_kernel_profile,kernel,K2.5-tp4ep8dp2-8k2k,docs/iter_gap_investigation/phase427_kernel_profile/K2.5-tp4ep8dp2-8k2k,mixed,2,other_cuda,"void at::native::reduce_kernel<128, 4, at::native::R...",21.069000,9.781000,2154,,,146.075000,9924.000000,0.000000,1.516977,0.595460,0.357492,0.047048,0.031093,0.000000,passed,mixed_mla_attention_dominates,,kernel_profile_collected_prefill_and_decode,classify_prefill_execution_and_decode_slope_from_kernel_profile,false,true,true,false,false,false,true,No-Go
phase427_kernel_profile,kernel,K2.5-tp4ep8dp2-8k2k,docs/iter_gap_investigation/phase427_kernel_profile/K2.5-tp4ep8dp2-8k2k,mixed,2,dense_gemm,"void router_gemm_kernel_bf16_output<__nv_bfloat16, 1...",16.357000,7.594000,2154,,,146.075000,9924.000000,0.000000,1.516977,0.595460,0.357492,0.047048,0.031093,0.000000,passed,mixed_mla_attention_dominates,,kernel_profile_collected_prefill_and_decode,classify_prefill_execution_and_decode_slope_from_kernel_profile,false,true,true,false,false,false,true,No-Go
phase427_kernel_profile,kernel,K2.5-tp4ep8dp2-8k2k,docs/iter_gap_investigation/phase427_kernel_profile/K2.5-tp4ep8dp2-8k2k,mixed,2,other_cuda,"void vllm::act_and_mul_kernel<c10::BFloat16, __nv_bf...",14.496000,6.730000,2154,,,146.075000,9924.000000,0.000000,1.516977,0.595460,0.357492,0.047048,0.031093,0.000000,passed,mixed_mla_attention_dominates,,kernel_profile_collected_prefill_and_decode,classify_prefill_execution_and_decode_slope_from_kernel_profile,false,true,true,false,false,false,true,No-Go
phase427_kernel_profile,kernel,K2.5-tp4ep8dp2-8k2k,docs/iter_gap_investigation/phase427_kernel_profile/K2.5-tp4ep8dp2-8k2k,mixed,2,dense_gemm,nvjet_tst_64x32_64x16_4x2_h_bz_TNT,13.607000,6.216000,2189,,,146.075000,9924.000000,0.000000,1.516977,0.595460,0.357492,0.047048,0.031093,0.000000,passed,mixed_mla_attention_dominates,,kernel_profile_collected_prefill_and_decode,classify_prefill_execution_and_decode_slope_from_kernel_profile,false,true,true,false,false,false,true,No-Go
phase427_kernel_profile,kernel,K2.5-tp4ep8dp2-8k2k,docs/iter_gap_investigation/phase427_kernel_profile/K2.5-tp4ep8dp2-8k2k,mixed,2,mla_attention,void cutlass::device_kernel<flash::FlashAttnFwdCombi...,11.989000,5.477000,2189,,,146.075000,9924.000000,0.000000,1.516977,0.595460,0.357492,0.047048,0.031093,0.000000,passed,mixed_mla_attention_dominates,,kernel_profile_collected_prefill_and_decode,classify_prefill_execution_and_decode_slope_from_kernel_profile,false,true,true,false,false,false,true,No-Go
phase427_kernel_profile,kernel,K2.5-tp4ep8dp2-8k2k,docs/iter_gap_investigation/phase427_kernel_profile/K2.5-tp4ep8dp2-8k2k,mixed,2,dense_gemm,"void cublasLt::splitKreduce_kernel<32, 16, int, floa...",9.888000,2.277000,4343,,,146.075000,9924.000000,0.000000,1.516977,0.595460,0.357492,0.047048,0.031093,0.000000,passed,mixed_mla_attention_dominates,,kernel_profile_collected_prefill_and_decode,classify_prefill_execution_and_decode_slope_from_kernel_profile,false,true,true,false,false,false,true,No-Go
phase427_kernel_profile,kernel,K2.5-tp4ep8dp2-8k2k,docs/iter_gap_investigation/phase427_kernel_profile/K2.5-tp4ep8dp2-8k2k,mixed,2,moe_gemm_or_aux,void vllm::moe::grouped_topk_fused_small_expert_coun...,9.862000,4.579000,2154,,,146.075000,9924.000000,0.000000,1.516977,0.595460,0.357492,0.047048,0.031093,0.000000,passed,mixed_mla_attention_dominates,,kernel_profile_collected_prefill_and_decode,classify_prefill_execution_and_decode_slope_from_kernel_profile,false,true,true,false,false,false,true,No-Go
phase427_kernel_profile,kernel,K2.5-tp4ep8dp2-8k2k,docs/iter_gap_investigation/phase427_kernel_profile/K2.5-tp4ep8dp2-8k2k,mixed,2,other_cuda,"void at::native::vectorized_elementwise_kernel<8, at...",9.820000,4.559000,2154,,,146.075000,9924.000000,0.000000,1.516977,0.595460,0.357492,0.047048,0.031093,0.000000,passed,mixed_mla_attention_dominates,,kernel_profile_collected_prefill_and_decode,classify_prefill_execution_and_decode_slope_from_kernel_profile,false,true,true,false,false,false,true,No-Go
phase427_kernel_profile,kernel,K2.5-tp4ep8dp2-8k2k,docs/iter_gap_investigation/phase427_kernel_profile/K2.5-tp4ep8dp2-8k2k,mixed,2,other_cuda,triton_red_fused__to_copy_add_mean_min_latency_fused...,8.497000,4.010000,2119,,,146.075000,9924.000000,0.000000,1.516977,0.595460,0.357492,0.047048,0.031093,0.000000,passed,mixed_mla_attention_dominates,,kernel_profile_collected_prefill_and_decode,classify_prefill_execution_and_decode_slope_from_kernel_profile,false,true,true,false,false,false,true,No-Go
phase427_kernel_profile,kernel,K2.5-tp4ep8dp2-8k2k,docs/iter_gap_investigation/phase427_kernel_profile/K2.5-tp4ep8dp2-8k2k,mixed,2,dense_gemm,nvjet_tst_64x24_64x16_2x1_v_bz_TNT,8.311000,3.797000,2189,,,146.075000,9924.000000,0.000000,1.516977,0.595460,0.357492,0.047048,0.031093,0.000000,passed,mixed_mla_attention_dominates,,kernel_profile_collected_prefill_and_decode,classify_prefill_execution_and_decode_slope_from_kernel_profile,false,true,true,false,false,false,true,No-Go
phase427_kernel_profile,kernel,K2.5-tp4ep8dp2-8k2k,docs/iter_gap_investigation/phase427_kernel_profile/K2.5-tp4ep8dp2-8k2k,mixed,2,dense_gemm,nvjet_tst_64x56_64x14_2x1_v_bz_NNT,8.230000,3.760000,2189,,,146.075000,9924.000000,0.000000,1.516977,0.595460,0.357492,0.047048,0.031093,0.000000,passed,mixed_mla_attention_dominates,,kernel_profile_collected_prefill_and_decode,classify_prefill_execution_and_decode_slope_from_kernel_profile,false,true,true,false,false,false,true,No-Go
phase427_kernel_profile,kernel,K2.5-tp4ep8dp2-8k2k,docs/iter_gap_investigation/phase427_kernel_profile/K2.5-tp4ep8dp2-8k2k,mixed,2,moe_gemm_or_aux,void vllm::moe::moe_align_block_size_kernel<int>(int...,7.523000,3.492000,2154,,,146.075000,9924.000000,0.000000,1.516977,0.595460,0.357492,0.047048,0.031093,0.000000,passed,mixed_mla_attention_dominates,,kernel_profile_collected_prefill_and_decode,classify_prefill_execution_and_decode_slope_from_kernel_profile,false,true,true,false,false,false,true,No-Go
phase427_kernel_profile,kernel,K2.5-tp4ep8dp2-8k2k,docs/iter_gap_investigation/phase427_kernel_profile/K2.5-tp4ep8dp2-8k2k,mixed,2,other_cuda,aten::copy_,6.680000,6.817000,980,,,146.075000,9924.000000,0.000000,1.516977,0.595460,0.357492,0.047048,0.031093,0.000000,passed,mixed_mla_attention_dominates,,kernel_profile_collected_prefill_and_decode,classify_prefill_execution_and_decode_slope_from_kernel_profile,false,true,true,false,false,false,true,No-Go
phase427_kernel_profile,kernel,K2.5-tp4ep8dp2-8k2k,docs/iter_gap_investigation/phase427_kernel_profile/K2.5-tp4ep8dp2-8k2k,mixed,2,other_cuda,triton_red_fused__to_copy_add_mean_mul_pow_rsqrt_seq...,6.005000,2.788000,2154,,,146.075000,9924.000000,0.000000,1.516977,0.595460,0.357492,0.047048,0.031093,0.000000,passed,mixed_mla_attention_dominates,,kernel_profile_collected_prefill_and_decode,classify_prefill_execution_and_decode_slope_from_kernel_profile,false,true,true,false,false,false,true,No-Go
phase427_kernel_profile,kernel,K2.5-tp4ep8dp2-8k2k,docs/iter_gap_investigation/phase427_kernel_profile/K2.5-tp4ep8dp2-8k2k,mixed,2,dense_gemm,nvjet_tst_320x64_64x4_2x1_v_bz_TNT,5.359000,148.864000,36,,,146.075000,9924.000000,0.000000,1.516977,0.595460,0.357492,0.047048,0.031093,0.000000,passed,mixed_mla_attention_dominates,,kernel_profile_collected_prefill_and_decode,classify_prefill_execution_and_decode_slope_from_kernel_profile,false,true,true,false,false,false,true,No-Go
phase427_kernel_profile,kernel,K2.5-tp4ep8dp2-8k2k,docs/iter_gap_investigation/phase427_kernel_profile/K2.5-tp4ep8dp2-8k2k,mixed,2,dense_gemm,aten::mm,5.211000,148.872000,35,,,146.075000,9924.000000,0.000000,1.516977,0.595460,0.357492,0.047048,0.031093,0.000000,passed,mixed_mla_attention_dominates,,kernel_profile_collected_prefill_and_decode,classify_prefill_execution_and_decode_slope_from_kernel_profile,false,true,true,false,false,false,true,No-Go
phase427_kernel_profile,kernel,K2.5-tp4ep8dp2-8k2k,docs/iter_gap_investigation/phase427_kernel_profile/K2.5-tp4ep8dp2-8k2k,mixed,2,other_cuda,triton_poi_fused_add_clone_copy_expand_index_mul_neg...,4.517000,2.097000,2154,,,146.075000,9924.000000,0.000000,1.516977,0.595460,0.357492,0.047048,0.031093,0.000000,passed,mixed_mla_attention_dominates,,kernel_profile_collected_prefill_and_decode,classify_prefill_execution_and_decode_slope_from_kernel_profile,false,true,true,false,false,false,true,No-Go
phase427_kernel_profile,kernel,K2.5-tp4ep8dp2-8k2k,docs/iter_gap_investigation/phase427_kernel_profile/K2.5-tp4ep8dp2-8k2k,mixed,2,memcpy_memset,Memcpy HtoD (Pinned -> Device),4.355000,15.552000,280,,,146.075000,9924.000000,0.000000,1.516977,0.595460,0.357492,0.047048,0.031093,0.000000,passed,mixed_mla_attention_dominates,,kernel_profile_collected_prefill_and_decode,classify_prefill_execution_and_decode_slope_from_kernel_profile,false,true,true,false,false,false,true,No-Go
phase427_kernel_profile,kernel,K2.5-tp4ep8dp2-8k2k,docs/iter_gap_investigation/phase427_kernel_profile/K2.5-tp4ep8dp2-8k2k,mixed,2,mla_attention,void vllm::concat_and_cache_mla_kernel<__nv_bfloat16...,4.344000,1.984000,2189,,,146.075000,9924.000000,0.000000,1.516977,0.595460,0.357492,0.047048,0.031093,0.000000,passed,mixed_mla_attention_dominates,,kernel_profile_collected_prefill_and_decode,classify_prefill_execution_and_decode_slope_from_kernel_profile,false,true,true,false,false,false,true,No-Go
phase427_kernel_profile,kernel,K2.5-tp4ep8dp2-8k2k,docs/iter_gap_investigation/phase427_kernel_profile/K2.5-tp4ep8dp2-8k2k,mixed,2,other_cuda,triton_red_fused_4,4.233000,1.965000,2154,,,146.075000,9924.000000,0.000000,1.516977,0.595460,0.357492,0.047048,0.031093,0.000000,passed,mixed_mla_attention_dominates,,kernel_profile_collected_prefill_and_decode,classify_prefill_execution_and_decode_slope_from_kernel_profile,false,true,true,false,false,false,true,No-Go
phase427_kernel_profile,kernel,K2.5-tp4ep8dp2-8k2k,docs/iter_gap_investigation/phase427_kernel_profile/K2.5-tp4ep8dp2-8k2k,mixed,2,other_cuda,triton_poi_fused_3,3.491000,1.621000,2154,,,146.075000,9924.000000,0.000000,1.516977,0.595460,0.357492,0.047048,0.031093,0.000000,passed,mixed_mla_attention_dominates,,kernel_profile_collected_prefill_and_decode,classify_prefill_execution_and_decode_slope_from_kernel_profile,false,true,true,false,false,false,true,No-Go
phase427_kernel_profile,kernel,K2.5-tp4ep8dp2-8k2k,docs/iter_gap_investigation/phase427_kernel_profile/K2.5-tp4ep8dp2-8k2k,mixed,2,other_cuda,triton_poi_fused_add_all_gather_mul_1,3.305000,1.533000,2155,,,146.075000,9924.000000,0.000000,1.516977,0.595460,0.357492,0.047048,0.031093,0.000000,passed,mixed_mla_attention_dominates,,kernel_profile_collected_prefill_and_decode,classify_prefill_execution_and_decode_slope_from_kernel_profile,false,true,true,false,false,false,true,No-Go
phase427_kernel_profile,kernel,K2.5-tp4ep8dp2-8k2k,docs/iter_gap_investigation/phase427_kernel_profile/K2.5-tp4ep8dp2-8k2k,mixed,2,moe_gemm_or_aux,void vllm::moe::count_and_sort_expert_tokens_kernel<...,3.238000,1.503000,2154,,,146.075000,9924.000000,0.000000,1.516977,0.595460,0.357492,0.047048,0.031093,0.000000,passed,mixed_mla_attention_dominates,,kernel_profile_collected_prefill_and_decode,classify_prefill_execution_and_decode_slope_from_kernel_profile,false,true,true,false,false,false,true,No-Go
phase427_kernel_profile,kernel,K2.5-tp4ep8dp2-8k2k,docs/iter_gap_investigation/phase427_kernel_profile/K2.5-tp4ep8dp2-8k2k,mixed,2,other_cuda,triton_poi_fused_mul_silu_slice_0,3.102000,1.440000,2154,,,146.075000,9924.000000,0.000000,1.516977,0.595460,0.357492,0.047048,0.031093,0.000000,passed,mixed_mla_attention_dominates,,kernel_profile_collected_prefill_and_decode,classify_prefill_execution_and_decode_slope_from_kernel_profile,false,true,true,false,false,false,true,No-Go
phase427_kernel_profile,kernel,K2.5-tp4ep8dp2-8k2k,docs/iter_gap_investigation/phase427_kernel_profile/K2.5-tp4ep8dp2-8k2k,mixed,2,other_cuda,record_param_comms,2.523000,72.090000,35,,,146.075000,9924.000000,0.000000,1.516977,0.595460,0.357492,0.047048,0.031093,0.000000,passed,mixed_mla_attention_dominates,,kernel_profile_collected_prefill_and_decode,classify_prefill_execution_and_decode_slope_from_kernel_profile,false,true,true,false,false,false,true,No-Go
phase427_kernel_profile,kernel,K2.5-tp4ep8dp2-8k2k,docs/iter_gap_investigation/phase427_kernel_profile/K2.5-tp4ep8dp2-8k2k,mixed,2,ep_a2a,nccl:_all_gather_base,2.523000,72.090000,35,,,146.075000,9924.000000,0.000000,1.516977,0.595460,0.357492,0.047048,0.031093,0.000000,passed,mixed_mla_attention_dominates,,kernel_profile_collected_prefill_and_decode,classify_prefill_execution_and_decode_slope_from_kernel_profile,false,true,true,false,false,false,true,No-Go
phase427_kernel_profile,kernel,K2.5-tp4ep8dp2-8k2k,docs/iter_gap_investigation/phase427_kernel_profile/K2.5-tp4ep8dp2-8k2k,mixed,2,tp_or_dp_allreduce,_C_custom_ar::all_reduce,2.385000,68.129000,35,,,146.075000,9924.000000,0.000000,1.516977,0.595460,0.357492,0.047048,0.031093,0.000000,passed,mixed_mla_attention_dominates,,kernel_profile_collected_prefill_and_decode,classify_prefill_execution_and_decode_slope_from_kernel_profile,false,true,true,false,false,false,true,No-Go
phase427_kernel_profile,kernel,K2.5-tp4ep8dp2-8k2k,docs/iter_gap_investigation/phase427_kernel_profile/K2.5-tp4ep8dp2-8k2k,mixed,2,dense_gemm,nvjet_tst_80x64_64x11_4x1_v_bz_TNN,1.227000,35.067000,35,,,146.075000,9924.000000,0.000000,1.516977,0.595460,0.357492,0.047048,0.031093,0.000000,passed,mixed_mla_attention_dominates,,kernel_profile_collected_prefill_and_decode,classify_prefill_execution_and_decode_slope_from_kernel_profile,false,true,true,false,false,false,true,No-Go
phase427_kernel_profile,kernel,K2.5-tp4ep8dp2-8k2k,docs/iter_gap_investigation/phase427_kernel_profile/K2.5-tp4ep8dp2-8k2k,mixed,2,other_cuda,void at::native::unrolled_elementwise_kernel<at::nat...,0.909315,25.259000,36,,,146.075000,9924.000000,0.000000,1.516977,0.595460,0.357492,0.047048,0.031093,0.000000,passed,mixed_mla_attention_dominates,,kernel_profile_collected_prefill_and_decode,classify_prefill_execution_and_decode_slope_from_kernel_profile,false,true,true,false,false,false,true,No-Go
phase427_kernel_profile,kernel,K2.5-tp4ep8dp2-8k2k,docs/iter_gap_investigation/phase427_kernel_profile/K2.5-tp4ep8dp2-8k2k,mixed,2,other_cuda,aten::argmax,0.840255,24.007000,35,,,146.075000,9924.000000,0.000000,1.516977,0.595460,0.357492,0.047048,0.031093,0.000000,passed,mixed_mla_attention_dominates,,kernel_profile_collected_prefill_and_decode,classify_prefill_execution_and_decode_slope_from_kernel_profile,false,true,true,false,false,false,true,No-Go
phase427_kernel_profile,kernel,K2.5-tp4ep8dp2-8k2k,docs/iter_gap_investigation/phase427_kernel_profile/K2.5-tp4ep8dp2-8k2k,mixed,2,other_cuda,"void at::native::elementwise_kernel<128, 4, at::nati...",0.827490,22.986000,36,,,146.075000,9924.000000,0.000000,1.516977,0.595460,0.357492,0.047048,0.031093,0.000000,passed,mixed_mla_attention_dominates,,kernel_profile_collected_prefill_and_decode,classify_prefill_execution_and_decode_slope_from_kernel_profile,false,true,true,false,false,false,true,No-Go
phase427_kernel_profile,kernel,K2.5-tp4ep8dp2-8k2k,docs/iter_gap_investigation/phase427_kernel_profile/K2.5-tp4ep8dp2-8k2k,mixed,2,other_cuda,"void at::native::reduce_kernel<512, 1, at::native::R...",0.806270,22.396000,36,,,146.075000,9924.000000,0.000000,1.516977,0.595460,0.357492,0.047048,0.031093,0.000000,passed,mixed_mla_attention_dominates,,kernel_profile_collected_prefill_and_decode,classify_prefill_execution_and_decode_slope_from_kernel_profile,false,true,true,false,false,false,true,No-Go
phase427_kernel_profile,kernel,K2.5-tp4ep8dp2-8k2k,docs/iter_gap_investigation/phase427_kernel_profile/K2.5-tp4ep8dp2-8k2k,mixed,2,memcpy_memset,Memcpy DtoD (Device -> Device),0.273154,1.301000,210,,,146.075000,9924.000000,0.000000,1.516977,0.595460,0.357492,0.047048,0.031093,0.000000,passed,mixed_mla_attention_dominates,,kernel_profile_collected_prefill_and_decode,classify_prefill_execution_and_decode_slope_from_kernel_profile,false,true,true,false,false,false,true,No-Go
phase427_kernel_profile,kernel,K2.5-tp4ep8dp2-8k2k,docs/iter_gap_investigation/phase427_kernel_profile/K2.5-tp4ep8dp2-8k2k,mixed,2,other_cuda,void at::native::unrolled_elementwise_kernel<at::nat...,0.258298,1.806000,143,,,146.075000,9924.000000,0.000000,1.516977,0.595460,0.357492,0.047048,0.031093,0.000000,passed,mixed_mla_attention_dominates,,kernel_profile_collected_prefill_and_decode,classify_prefill_execution_and_decode_slope_from_kernel_profile,false,true,true,false,false,false,true,No-Go
phase427_kernel_profile,kernel,K2.5-tp4ep8dp2-8k2k,docs/iter_gap_investigation/phase427_kernel_profile/K2.5-tp4ep8dp2-8k2k,mixed,2,other_cuda,aten::index,0.233921,3.342000,70,,,146.075000,9924.000000,0.000000,1.516977,0.595460,0.357492,0.047048,0.031093,0.000000,passed,mixed_mla_attention_dominates,,kernel_profile_collected_prefill_and_decode,classify_prefill_execution_and_decode_slope_from_kernel_profile,false,true,true,false,false,false,true,No-Go
phase427_kernel_profile,kernel,K2.5-tp4ep8dp2-8k2k,docs/iter_gap_investigation/phase427_kernel_profile/K2.5-tp4ep8dp2-8k2k,mixed,2,other_cuda,triton_red_fused__to_copy_add_mean_mul_pow_rsqrt_sli...,0.159168,4.421000,36,,,146.075000,9924.000000,0.000000,1.516977,0.595460,0.357492,0.047048,0.031093,0.000000,passed,mixed_mla_attention_dominates,,kernel_profile_collected_prefill_and_decode,classify_prefill_execution_and_decode_slope_from_kernel_profile,false,true,true,false,false,false,true,No-Go
phase427_kernel_profile,kernel,K2.5-tp4ep8dp2-8k2k,docs/iter_gap_investigation/phase427_kernel_profile/K2.5-tp4ep8dp2-8k2k,mixed,2,other_cuda,cudaEventSynchronize,0.155009,4.429000,35,,,146.075000,9924.000000,0.000000,1.516977,0.595460,0.357492,0.047048,0.031093,0.000000,passed,mixed_mla_attention_dominates,,kernel_profile_collected_prefill_and_decode,classify_prefill_execution_and_decode_slope_from_kernel_profile,false,true,true,false,false,false,true,No-Go
phase427_kernel_profile,kernel,K2.5-tp4ep8dp2-8k2k,docs/iter_gap_investigation/phase427_kernel_profile/K2.5-tp4ep8dp2-8k2k,mixed,2,other_cuda,triton_red_fused__to_copy_add_mean_min_latency_fused...,0.146015,4.172000,35,,,146.075000,9924.000000,0.000000,1.516977,0.595460,0.357492,0.047048,0.031093,0.000000,passed,mixed_mla_attention_dominates,,kernel_profile_collected_prefill_and_decode,classify_prefill_execution_and_decode_slope_from_kernel_profile,false,true,true,false,false,false,true,No-Go
phase427_kernel_profile,kernel,K2.5-tp4ep8dp2-8k2k,docs/iter_gap_investigation/phase427_kernel_profile/K2.5-tp4ep8dp2-8k2k,mixed,2,other_cuda,"void at::native::vectorized_gather_kernel<16, long>(...",0.144742,2.039000,71,,,146.075000,9924.000000,0.000000,1.516977,0.595460,0.357492,0.047048,0.031093,0.000000,passed,mixed_mla_attention_dominates,,kernel_profile_collected_prefill_and_decode,classify_prefill_execution_and_decode_slope_from_kernel_profile,false,true,true,false,false,false,true,No-Go
phase427_kernel_profile,kernel,K2.5-tp4ep8dp2-8k2k,docs/iter_gap_investigation/phase427_kernel_profile/K2.5-tp4ep8dp2-8k2k,mixed,2,other_cuda,cudaThreadExchangeStreamCaptureMode,0.125087,1.137000,110,,,146.075000,9924.000000,0.000000,1.516977,0.595460,0.357492,0.047048,0.031093,0.000000,passed,mixed_mla_attention_dominates,,kernel_profile_collected_prefill_and_decode,classify_prefill_execution_and_decode_slope_from_kernel_profile,false,true,true,false,false,false,true,No-Go
phase427_kernel_profile,kernel,K2.5-tp4ep8dp2-8k2k,docs/iter_gap_investigation/phase427_kernel_profile/K2.5-tp4ep8dp2-8k2k,mixed,2,other_cuda,cudaEventRecord,0.124736,0.594000,210,,,146.075000,9924.000000,0.000000,1.516977,0.595460,0.357492,0.047048,0.031093,0.000000,passed,mixed_mla_attention_dominates,,kernel_profile_collected_prefill_and_decode,classify_prefill_execution_and_decode_slope_from_kernel_profile,false,true,true,false,false,false,true,No-Go
phase427_kernel_profile,kernel,K2.5-tp4ep8dp2-8k2k,docs/iter_gap_investigation/phase427_kernel_profile/K2.5-tp4ep8dp2-8k2k,mixed,2,memcpy_memset,Memcpy DtoH (Device -> Pinned),0.121761,3.382000,36,,,146.075000,9924.000000,0.000000,1.516977,0.595460,0.357492,0.047048,0.031093,0.000000,passed,mixed_mla_attention_dominates,,kernel_profile_collected_prefill_and_decode,classify_prefill_execution_and_decode_slope_from_kernel_profile,false,true,true,false,false,false,true,No-Go
phase427_kernel_profile,kernel,K2.5-tp4ep8dp2-8k2k,docs/iter_gap_investigation/phase427_kernel_profile/K2.5-tp4ep8dp2-8k2k,mixed,2,other_cuda,aten::fill_,0.117656,0.280000,420,,,146.075000,9924.000000,0.000000,1.516977,0.595460,0.357492,0.047048,0.031093,0.000000,passed,mixed_mla_attention_dominates,,kernel_profile_collected_prefill_and_decode,classify_prefill_execution_and_decode_slope_from_kernel_profile,false,true,true,false,false,false,true,No-Go
phase427_kernel_profile,kernel,K2.5-tp4ep8dp2-8k2k,docs/iter_gap_investigation/phase427_kernel_profile/K2.5-tp4ep8dp2-8k2k,mixed,2,other_cuda,_compute_slot_mapping_kernel,0.111617,3.189000,35,,,146.075000,9924.000000,0.000000,1.516977,0.595460,0.357492,0.047048,0.031093,0.000000,passed,mixed_mla_attention_dominates,,kernel_profile_collected_prefill_and_decode,classify_prefill_execution_and_decode_slope_from_kernel_profile,false,true,true,false,false,false,true,No-Go
phase427_kernel_profile,kernel,K2.5-tp4ep8dp2-8k2k,docs/iter_gap_investigation/phase427_kernel_profile/K2.5-tp4ep8dp2-8k2k,mixed,2,other_cuda,aten::masked_fill_,0.110050,3.144000,35,,,146.075000,9924.000000,0.000000,1.516977,0.595460,0.357492,0.047048,0.031093,0.000000,passed,mixed_mla_attention_dominates,,kernel_profile_collected_prefill_and_decode,classify_prefill_execution_and_decode_slope_from_kernel_profile,false,true,true,false,false,false,true,No-Go
phase427_kernel_profile,kernel,K2.5-tp4ep8dp2-8k2k,docs/iter_gap_investigation/phase427_kernel_profile/K2.5-tp4ep8dp2-8k2k,mixed,2,other_cuda,"void at::native::elementwise_kernel<128, 4, at::nati...",0.110050,3.144000,35,,,146.075000,9924.000000,0.000000,1.516977,0.595460,0.357492,0.047048,0.031093,0.000000,passed,mixed_mla_attention_dominates,,kernel_profile_collected_prefill_and_decode,classify_prefill_execution_and_decode_slope_from_kernel_profile,false,true,true,false,false,false,true,No-Go
phase427_kernel_profile,kernel,K2.5-tp4ep8dp2-8k2k,docs/iter_gap_investigation/phase427_kernel_profile/K2.5-tp4ep8dp2-8k2k,mixed,2,other_cuda,"void at::native::index_elementwise_kernel<128, 4, at...",0.103806,2.884000,36,,,146.075000,9924.000000,0.000000,1.516977,0.595460,0.357492,0.047048,0.031093,0.000000,passed,mixed_mla_attention_dominates,,kernel_profile_collected_prefill_and_decode,classify_prefill_execution_and_decode_slope_from_kernel_profile,false,true,true,false,false,false,true,No-Go
phase427_kernel_profile,kernel,K2.5-tp4ep8dp2-8k2k,docs/iter_gap_investigation/phase427_kernel_profile/K2.5-tp4ep8dp2-8k2k,mixed,2,other_cuda,aten::_index_put_impl_,0.229915,6.569000,35,,,146.075000,9924.000000,0.000000,1.516977,0.595460,0.357492,0.047048,0.031093,0.000000,passed,mixed_mla_attention_dominates,,kernel_profile_collected_prefill_and_decode,classify_prefill_execution_and_decode_slope_from_kernel_profile,false,true,true,false,false,false,true,No-Go
phase427_kernel_profile,kernel,K2.5-tp4ep8dp2-8k2k,docs/iter_gap_investigation/phase427_kernel_profile/K2.5-tp4ep8dp2-8k2k,mixed,2,other_cuda,triton_red_fused__to_copy_add_mean_mul_pow_rsqrt_0,0.098207,2.806000,35,,,146.075000,9924.000000,0.000000,1.516977,0.595460,0.357492,0.047048,0.031093,0.000000,passed,mixed_mla_attention_dominates,,kernel_profile_collected_prefill_and_decode,classify_prefill_execution_and_decode_slope_from_kernel_profile,false,true,true,false,false,false,true,No-Go
phase427_kernel_profile,kernel,K2.5-tp4ep8dp2-8k2k,docs/iter_gap_investigation/phase427_kernel_profile/K2.5-tp4ep8dp2-8k2k,mixed,2,other_cuda,"void at::native::index_elementwise_kernel<128, 4, at...",0.093056,2.659000,35,,,146.075000,9924.000000,0.000000,1.516977,0.595460,0.357492,0.047048,0.031093,0.000000,passed,mixed_mla_attention_dominates,,kernel_profile_collected_prefill_and_decode,classify_prefill_execution_and_decode_slope_from_kernel_profile,false,true,true,false,false,false,true,No-Go
phase427_kernel_profile,kernel,K2.5-tp4ep8dp2-8k2k,docs/iter_gap_investigation/phase427_kernel_profile/K2.5-tp4ep8dp2-8k2k,mixed,2,other_cuda,aten::add,0.091842,0.875000,105,,,146.075000,9924.000000,0.000000,1.516977,0.595460,0.357492,0.047048,0.031093,0.000000,passed,mixed_mla_attention_dominates,,kernel_profile_collected_prefill_and_decode,classify_prefill_execution_and_decode_slope_from_kernel_profile,false,true,true,false,false,false,true,No-Go
phase427_kernel_profile,kernel,K2.5-tp4ep8dp2-8k2k,docs/iter_gap_investigation/phase427_kernel_profile/K2.5-tp4ep8dp2-8k2k,mixed,2,other_cuda,triton_red_fused__to_copy_add_clone_mean_min_latency...,0.086496,2.471000,35,,,146.075000,9924.000000,0.000000,1.516977,0.595460,0.357492,0.047048,0.031093,0.000000,passed,mixed_mla_attention_dominates,,kernel_profile_collected_prefill_and_decode,classify_prefill_execution_and_decode_slope_from_kernel_profile,false,true,true,false,false,false,true,No-Go
phase427_kernel_profile,kernel,K2.5-tp4ep8dp2-8k2k,docs/iter_gap_investigation/phase427_kernel_profile/K2.5-tp4ep8dp2-8k2k,mixed,2,other_cuda,"void at::native::vectorized_elementwise_kernel<4, at...",0.082808,1.183000,70,,,146.075000,9924.000000,0.000000,1.516977,0.595460,0.357492,0.047048,0.031093,0.000000,passed,mixed_mla_attention_dominates,,kernel_profile_collected_prefill_and_decode,classify_prefill_execution_and_decode_slope_from_kernel_profile,false,true,true,false,false,false,true,No-Go
phase427_kernel_profile,kernel,K2.5-tp4ep8dp2-8k2k,docs/iter_gap_investigation/phase427_kernel_profile/K2.5-tp4ep8dp2-8k2k,mixed,2,other_cuda,triton_poi_fused_add_clone_copy_expand_index_mul_neg...,0.072798,2.080000,35,,,146.075000,9924.000000,0.000000,1.516977,0.595460,0.357492,0.047048,0.031093,0.000000,passed,mixed_mla_attention_dominates,,kernel_profile_collected_prefill_and_decode,classify_prefill_execution_and_decode_slope_from_kernel_profile,false,true,true,false,false,false,true,No-Go
phase427_kernel_profile,kernel,K2.5-tp4ep8dp2-8k2k,docs/iter_gap_investigation/phase427_kernel_profile/K2.5-tp4ep8dp2-8k2k,mixed,2,other_cuda,triton_red_fused_2,0.071167,2.033000,35,,,146.075000,9924.000000,0.000000,1.516977,0.595460,0.357492,0.047048,0.031093,0.000000,passed,mixed_mla_attention_dominates,,kernel_profile_collected_prefill_and_decode,classify_prefill_execution_and_decode_slope_from_kernel_profile,false,true,true,false,false,false,true,No-Go
phase427_kernel_profile,kernel,K2.5-tp4ep8dp2-8k2k,docs/iter_gap_investigation/phase427_kernel_profile/K2.5-tp4ep8dp2-8k2k,mixed,2,mla_attention,_vllm_fa3_C::get_scheduler_metadata,0.070430,2.012000,35,,,146.075000,9924.000000,0.000000,1.516977,0.595460,0.357492,0.047048,0.031093,0.000000,passed,mixed_mla_attention_dominates,,kernel_profile_collected_prefill_and_decode,classify_prefill_execution_and_decode_slope_from_kernel_profile,false,true,true,false,false,false,true,No-Go
phase427_kernel_profile,kernel,K2.5-tp4ep8dp2-8k2k,docs/iter_gap_investigation/phase427_kernel_profile/K2.5-tp4ep8dp2-8k2k,mixed,2,mla_attention,"void flash::prepare_varlen_num_blocks_kernel<2, fals...",0.070430,2.012000,35,,,146.075000,9924.000000,0.000000,1.516977,0.595460,0.357492,0.047048,0.031093,0.000000,passed,mixed_mla_attention_dominates,,kernel_profile_collected_prefill_and_decode,classify_prefill_execution_and_decode_slope_from_kernel_profile,false,true,true,false,false,false,true,No-Go
phase427_kernel_profile,kernel,K2.5-tp4ep8dp2-8k2k,docs/iter_gap_investigation/phase427_kernel_profile/K2.5-tp4ep8dp2-8k2k,mixed,2,other_cuda,aten::gather,0.070018,2.001000,35,,,146.075000,9924.000000,0.000000,1.516977,0.595460,0.357492,0.047048,0.031093,0.000000,passed,mixed_mla_attention_dominates,,kernel_profile_collected_prefill_and_decode,classify_prefill_execution_and_decode_slope_from_kernel_profile,false,true,true,false,false,false,true,No-Go
phase427_kernel_profile,kernel,K2.5-tp4ep8dp2-8k2k,docs/iter_gap_investigation/phase427_kernel_profile/K2.5-tp4ep8dp2-8k2k,mixed,2,memcpy_memset,Memset (Device),0.057441,1.596000,36,,,146.075000,9924.000000,0.000000,1.516977,0.595460,0.357492,0.047048,0.031093,0.000000,passed,mixed_mla_attention_dominates,,kernel_profile_collected_prefill_and_decode,classify_prefill_execution_and_decode_slope_from_kernel_profile,false,true,true,false,false,false,true,No-Go
phase427_kernel_profile,kernel,K2.5-tp4ep8dp2-8k2k,docs/iter_gap_investigation/phase427_kernel_profile/K2.5-tp4ep8dp2-8k2k,mixed,2,other_cuda,triton_poi_fused_1,0.056829,1.624000,35,,,146.075000,9924.000000,0.000000,1.516977,0.595460,0.357492,0.047048,0.031093,0.000000,passed,mixed_mla_attention_dominates,,kernel_profile_collected_prefill_and_decode,classify_prefill_execution_and_decode_slope_from_kernel_profile,false,true,true,false,false,false,true,No-Go
phase427_kernel_profile,kernel,K2.5-tp4ep8dp2-8k2k,docs/iter_gap_investigation/phase427_kernel_profile/K2.5-tp4ep8dp2-8k2k,mixed,2,other_cuda,void at::native::unrolled_elementwise_kernel<at::nat...,0.053886,1.497000,36,,,146.075000,9924.000000,0.000000,1.516977,0.595460,0.357492,0.047048,0.031093,0.000000,passed,mixed_mla_attention_dominates,,kernel_profile_collected_prefill_and_decode,classify_prefill_execution_and_decode_slope_from_kernel_profile,false,true,true,false,false,false,true,No-Go
phase427_kernel_profile,kernel,K2.5-tp4ep8dp2-8k2k,docs/iter_gap_investigation/phase427_kernel_profile/K2.5-tp4ep8dp2-8k2k,mixed,2,other_cuda,triton_poi_fused_mul_silu_slice_1,0.051231,1.464000,35,,,146.075000,9924.000000,0.000000,1.516977,0.595460,0.357492,0.047048,0.031093,0.000000,passed,mixed_mla_attention_dominates,,kernel_profile_collected_prefill_and_decode,classify_prefill_execution_and_decode_slope_from_kernel_profile,false,true,true,false,false,false,true,No-Go
phase427_kernel_profile,kernel,K2.5-tp4ep8dp2-8k2k,docs/iter_gap_investigation/phase427_kernel_profile/K2.5-tp4ep8dp2-8k2k,mixed,2,other_cuda,"void at::native::vectorized_elementwise_kernel<2, at...",0.049826,1.424000,35,,,146.075000,9924.000000,0.000000,1.516977,0.595460,0.357492,0.047048,0.031093,0.000000,passed,mixed_mla_attention_dominates,,kernel_profile_collected_prefill_and_decode,classify_prefill_execution_and_decode_slope_from_kernel_profile,false,true,true,false,false,false,true,No-Go
phase427_kernel_profile,kernel,K2.5-tp4ep8dp2-8k2k,docs/iter_gap_investigation/phase427_kernel_profile/K2.5-tp4ep8dp2-8k2k,mixed,2,other_cuda,"void at::native::vectorized_elementwise_kernel<4, at...",0.042016,1.200000,35,,,146.075000,9924.000000,0.000000,1.516977,0.595460,0.357492,0.047048,0.031093,0.000000,passed,mixed_mla_attention_dominates,,kernel_profile_collected_prefill_and_decode,classify_prefill_execution_and_decode_slope_from_kernel_profile,false,true,true,false,false,false,true,No-Go
phase427_kernel_profile,kernel,K2.5-tp4ep8dp2-8k2k,docs/iter_gap_investigation/phase427_kernel_profile/K2.5-tp4ep8dp2-8k2k,mixed,2,other_cuda,triton_poi_fused_add_bitwise_and_bitwise_not_bitwise...,0.041728,1.192000,35,,,146.075000,9924.000000,0.000000,1.516977,0.595460,0.357492,0.047048,0.031093,0.000000,passed,mixed_mla_attention_dominates,,kernel_profile_collected_prefill_and_decode,classify_prefill_execution_and_decode_slope_from_kernel_profile,false,true,true,false,false,false,true,No-Go
phase427_kernel_profile,kernel,K2.5-tp4ep8dp2-8k2k,docs/iter_gap_investigation/phase427_kernel_profile/K2.5-tp4ep8dp2-8k2k,mixed,2,other_cuda,triton_poi_fused_add_bitwise_and_bitwise_not_bitwise...,0.041728,1.192000,35,,,146.075000,9924.000000,0.000000,1.516977,0.595460,0.357492,0.047048,0.031093,0.000000,passed,mixed_mla_attention_dominates,,kernel_profile_collected_prefill_and_decode,classify_prefill_execution_and_decode_slope_from_kernel_profile,false,true,true,false,false,false,true,No-Go
phase427_kernel_profile,kernel,K2.5-tp4ep8dp2-8k2k,docs/iter_gap_investigation/phase427_kernel_profile/K2.5-tp4ep8dp2-8k2k,mixed,2,other_cuda,## Call CompiledFxGraph fjzavahpaevvtzflxa6djfwdaa7v...,0.041728,1.192000,35,,,146.075000,9924.000000,0.000000,1.516977,0.595460,0.357492,0.047048,0.031093,0.000000,passed,mixed_mla_attention_dominates,,kernel_profile_collected_prefill_and_decode,classify_prefill_execution_and_decode_slope_from_kernel_profile,false,true,true,false,false,false,true,No-Go
phase427_kernel_profile,kernel,K2.5-tp4ep8dp2-8k2k,docs/iter_gap_investigation/phase427_kernel_profile/K2.5-tp4ep8dp2-8k2k,mixed,2,other_cuda,aten::sub,0.040062,0.572000,70,,,146.075000,9924.000000,0.000000,1.516977,0.595460,0.357492,0.047048,0.031093,0.000000,passed,mixed_mla_attention_dominates,,kernel_profile_collected_prefill_and_decode,classify_prefill_execution_and_decode_slope_from_kernel_profile,false,true,true,false,false,false,true,No-Go
phase427_kernel_profile,kernel,K2.5-tp4ep8dp2-8k2k,docs/iter_gap_investigation/phase427_kernel_profile/K2.5-tp4ep8dp2-8k2k,mixed,2,other_cuda,void at::native::unrolled_elementwise_kernel<at::nat...,0.040062,1.145000,35,,,146.075000,9924.000000,0.000000,1.516977,0.595460,0.357492,0.047048,0.031093,0.000000,passed,mixed_mla_attention_dominates,,kernel_profile_collected_prefill_and_decode,classify_prefill_execution_and_decode_slope_from_kernel_profile,false,true,true,false,false,false,true,No-Go
phase427_kernel_profile,kernel,K2.5-tp4ep8dp2-8k2k,docs/iter_gap_investigation/phase427_kernel_profile/K2.5-tp4ep8dp2-8k2k,mixed,2,other_cuda,void at::native::unrolled_elementwise_kernel<at::nat...,0.034848,0.996000,35,,,146.075000,9924.000000,0.000000,1.516977,0.595460,0.357492,0.047048,0.031093,0.000000,passed,mixed_mla_attention_dominates,,kernel_profile_collected_prefill_and_decode,classify_prefill_execution_and_decode_slope_from_kernel_profile,false,true,true,false,false,false,true,No-Go
phase427_kernel_profile,kernel,K2.5-tp4ep8dp2-8k2k,docs/iter_gap_investigation/phase427_kernel_profile/K2.5-tp4ep8dp2-8k2k,mixed,2,other_cuda,cudaEventRecordWithFlags,0.029823,0.284000,105,,,146.075000,9924.000000,0.000000,1.516977,0.595460,0.357492,0.047048,0.031093,0.000000,passed,mixed_mla_attention_dominates,,kernel_profile_collected_prefill_and_decode,classify_prefill_execution_and_decode_slope_from_kernel_profile,false,true,true,false,false,false,true,No-Go
phase427_kernel_profile,kernel,K2.5-tp4ep8dp2-8k2k,docs/iter_gap_investigation/phase427_kernel_profile/K2.5-tp4ep8dp2-8k2k,mixed,2,other_cuda,cudaStreamWaitEvent,0.026465,0.189000,140,,,146.075000,9924.000000,0.000000,1.516977,0.595460,0.357492,0.047048,0.031093,0.000000,passed,mixed_mla_attention_dominates,,kernel_profile_collected_prefill_and_decode,classify_prefill_execution_and_decode_slope_from_kernel_profile,false,true,true,false,false,false,true,No-Go
phase427_kernel_profile,kernel,K2.5-tp4ep8dp2-8k2k,docs/iter_gap_investigation/phase427_kernel_profile/K2.5-tp4ep8dp2-8k2k,mixed,2,other_cuda,cudaStreamIsCapturing,0.014591,0.060000,245,,,146.075000,9924.000000,0.000000,1.516977,0.595460,0.357492,0.047048,0.031093,0.000000,passed,mixed_mla_attention_dominates,,kernel_profile_collected_prefill_and_decode,classify_prefill_execution_and_decode_slope_from_kernel_profile,false,true,true,false,false,false,true,No-Go
phase427_kernel_profile,kernel,K2.5-tp4ep8dp2-8k2k,docs/iter_gap_investigation/phase427_kernel_profile/K2.5-tp4ep8dp2-8k2k,mixed,2,other_cuda,cudaEventQuery,0.010336,0.054000,192,,,146.075000,9924.000000,0.000000,1.516977,0.595460,0.357492,0.047048,0.031093,0.000000,passed,mixed_mla_attention_dominates,,kernel_profile_collected_prefill_and_decode,classify_prefill_execution_and_decode_slope_from_kernel_profile,false,true,true,false,false,false,true,No-Go
phase427_kernel_profile,kernel,K2.5-tp4ep8dp2-8k2k,docs/iter_gap_investigation/phase427_kernel_profile/K2.5-tp4ep8dp2-8k2k,mixed,2,other_cuda,cuLaunchKernelEx,0.008446,0.080000,105,,,146.075000,9924.000000,0.000000,1.516977,0.595460,0.357492,0.047048,0.031093,0.000000,passed,mixed_mla_attention_dominates,,kernel_profile_collected_prefill_and_decode,classify_prefill_execution_and_decode_slope_from_kernel_profile,false,true,true,false,false,false,true,No-Go
phase427_kernel_profile,kernel,K2.5-tp4ep8dp2-8k2k,docs/iter_gap_investigation/phase427_kernel_profile/K2.5-tp4ep8dp2-8k2k,mixed,2,other_cuda,cudaGraphLaunch,0.002783,0.080000,35,,,146.075000,9924.000000,0.000000,1.516977,0.595460,0.357492,0.047048,0.031093,0.000000,passed,mixed_mla_attention_dominates,,kernel_profile_collected_prefill_and_decode,classify_prefill_execution_and_decode_slope_from_kernel_profile,false,true,true,false,false,false,true,No-Go
phase427_kernel_profile,kernel,K2.5-tp4ep8dp2-8k2k,docs/iter_gap_investigation/phase427_kernel_profile/K2.5-tp4ep8dp2-8k2k,mixed,2,cuda_graph_envelope,execute_context_0(0)_generation_56(56),16.519000,471.983000,35,,,146.075000,9924.000000,0.000000,1.516977,0.595460,0.357492,0.047048,0.031093,0.000000,passed,mixed_mla_attention_dominates,,kernel_profile_collected_prefill_and_decode,classify_prefill_execution_and_decode_slope_from_kernel_profile,false,true,true,false,false,false,true,No-Go
phase427_kernel_profile,kernel,K2.5-tp4ep8dp2-8k2k,docs/iter_gap_investigation/phase427_kernel_profile/K2.5-tp4ep8dp2-8k2k,mixed,2,other_cuda,aten::slice,0.000000,0.000000,1925,,,146.075000,9924.000000,0.000000,1.516977,0.595460,0.357492,0.047048,0.031093,0.000000,passed,mixed_mla_attention_dominates,,kernel_profile_collected_prefill_and_decode,classify_prefill_execution_and_decode_slope_from_kernel_profile,false,true,true,false,false,false,true,No-Go
phase427_kernel_profile,kernel,K2.5-tp4ep8dp2-8k2k,docs/iter_gap_investigation/phase427_kernel_profile/K2.5-tp4ep8dp2-8k2k,mixed,2,other_cuda,aten::as_strided,0.000000,0.000000,2940,,,146.075000,9924.000000,0.000000,1.516977,0.595460,0.357492,0.047048,0.031093,0.000000,passed,mixed_mla_attention_dominates,,kernel_profile_collected_prefill_and_decode,classify_prefill_execution_and_decode_slope_from_kernel_profile,false,true,true,false,false,false,true,No-Go
phase427_kernel_profile,kernel,K2.5-tp4ep8dp2-8k2k,docs/iter_gap_investigation/phase427_kernel_profile/K2.5-tp4ep8dp2-8k2k,mixed,2,memcpy_memset,cudaMemcpyAsync,0.000000,0.000000,525,,,146.075000,9924.000000,0.000000,1.516977,0.595460,0.357492,0.047048,0.031093,0.000000,passed,mixed_mla_attention_dominates,,kernel_profile_collected_prefill_and_decode,classify_prefill_execution_and_decode_slope_from_kernel_profile,false,true,true,false,false,false,true,No-Go
phase427_kernel_profile,kernel,K2.5-tp4ep8dp2-8k2k,docs/iter_gap_investigation/phase427_kernel_profile/K2.5-tp4ep8dp2-8k2k,mixed,2,other_cuda,aten::lift_fresh,0.000000,0.000000,315,,,146.075000,9924.000000,0.000000,1.516977,0.595460,0.357492,0.047048,0.031093,0.000000,passed,mixed_mla_attention_dominates,,kernel_profile_collected_prefill_and_decode,classify_prefill_execution_and_decode_slope_from_kernel_profile,false,true,true,false,false,false,true,No-Go
phase427_kernel_profile,kernel,K2.5-tp4ep8dp2-8k2k,docs/iter_gap_investigation/phase427_kernel_profile/K2.5-tp4ep8dp2-8k2k,mixed,2,other_cuda,aten::flatten,0.000000,0.000000,35,,,146.075000,9924.000000,0.000000,1.516977,0.595460,0.357492,0.047048,0.031093,0.000000,passed,mixed_mla_attention_dominates,,kernel_profile_collected_prefill_and_decode,classify_prefill_execution_and_decode_slope_from_kernel_profile,false,true,true,false,false,false,true,No-Go
phase427_kernel_profile,kernel,K2.5-tp4ep8dp2-8k2k,docs/iter_gap_investigation/phase427_kernel_profile/K2.5-tp4ep8dp2-8k2k,mixed,2,other_cuda,aten::view,0.000000,0.000000,280,,,146.075000,9924.000000,0.000000,1.516977,0.595460,0.357492,0.047048,0.031093,0.000000,passed,mixed_mla_attention_dominates,,kernel_profile_collected_prefill_and_decode,classify_prefill_execution_and_decode_slope_from_kernel_profile,false,true,true,false,false,false,true,No-Go
phase427_kernel_profile,kernel,K2.5-tp4ep8dp2-8k2k,docs/iter_gap_investigation/phase427_kernel_profile/K2.5-tp4ep8dp2-8k2k,mixed,2,other_cuda,aten::index_select,0.070018,1.000000,70,,,146.075000,9924.000000,0.000000,1.516977,0.595460,0.357492,0.047048,0.031093,0.000000,passed,mixed_mla_attention_dominates,,kernel_profile_collected_prefill_and_decode,classify_prefill_execution_and_decode_slope_from_kernel_profile,false,true,true,false,false,false,true,No-Go
phase427_kernel_profile,kernel,K2.5-tp4ep8dp2-8k2k,docs/iter_gap_investigation/phase427_kernel_profile/K2.5-tp4ep8dp2-8k2k,mixed,2,other_cuda,aten::detach,0.000000,0.000000,70,,,146.075000,9924.000000,0.000000,1.516977,0.595460,0.357492,0.047048,0.031093,0.000000,passed,mixed_mla_attention_dominates,,kernel_profile_collected_prefill_and_decode,classify_prefill_execution_and_decode_slope_from_kernel_profile,false,true,true,false,false,false,true,No-Go
phase427_kernel_profile,kernel,K2.5-tp4ep8dp2-8k2k,docs/iter_gap_investigation/phase427_kernel_profile/K2.5-tp4ep8dp2-8k2k,mixed,2,other_cuda,aten::to,1.307000,2.668000,490,,,146.075000,9924.000000,0.000000,1.516977,0.595460,0.357492,0.047048,0.031093,0.000000,passed,mixed_mla_attention_dominates,,kernel_profile_collected_prefill_and_decode,classify_prefill_execution_and_decode_slope_from_kernel_profile,false,true,true,false,false,false,true,No-Go
phase427_kernel_profile,kernel,K2.5-tp4ep8dp2-8k2k,docs/iter_gap_investigation/phase427_kernel_profile/K2.5-tp4ep8dp2-8k2k,mixed,2,other_cuda,aten::resolve_conj,0.000000,0.000000,70,,,146.075000,9924.000000,0.000000,1.516977,0.595460,0.357492,0.047048,0.031093,0.000000,passed,mixed_mla_attention_dominates,,kernel_profile_collected_prefill_and_decode,classify_prefill_execution_and_decode_slope_from_kernel_profile,false,true,true,false,false,false,true,No-Go
phase427_kernel_profile,kernel,K2.5-tp4ep8dp2-8k2k,docs/iter_gap_investigation/phase427_kernel_profile/K2.5-tp4ep8dp2-8k2k,mixed,2,other_cuda,aten::resolve_neg,0.000000,0.000000,70,,,146.075000,9924.000000,0.000000,1.516977,0.595460,0.357492,0.047048,0.031093,0.000000,passed,mixed_mla_attention_dominates,,kernel_profile_collected_prefill_and_decode,classify_prefill_execution_and_decode_slope_from_kernel_profile,false,true,true,false,false,false,true,No-Go
phase427_kernel_profile,kernel,K2.5-tp4ep8dp2-8k2k,docs/iter_gap_investigation/phase427_kernel_profile/K2.5-tp4ep8dp2-8k2k,mixed,3,cuda_graph_envelope,execute_context_0(0)_generation_56(56),3464.000000,549.898000,6300,,,146.075000,9924.000000,0.000000,1.516977,0.595460,0.357492,0.047048,0.031093,0.000000,passed,mixed_mla_attention_dominates,,kernel_profile_collected_prefill_and_decode,classify_prefill_execution_and_decode_slope_from_kernel_profile,false,true,true,false,false,false,true,No-Go
phase427_kernel_profile,kernel,K2.5-tp4ep8dp2-8k2k,docs/iter_gap_investigation/phase427_kernel_profile/K2.5-tp4ep8dp2-8k2k,mixed,3,mla_attention,void cutlass::device_kernel<flash::enable_sm90_or_la...,394.422000,180.349000,2187,,,146.075000,9924.000000,0.000000,1.516977,0.595460,0.357492,0.047048,0.031093,0.000000,passed,mixed_mla_attention_dominates,,kernel_profile_collected_prefill_and_decode,classify_prefill_execution_and_decode_slope_from_kernel_profile,false,true,true,false,false,false,true,No-Go
phase427_kernel_profile,kernel,K2.5-tp4ep8dp2-8k2k,docs/iter_gap_investigation/phase427_kernel_profile/K2.5-tp4ep8dp2-8k2k,mixed,3,moe_gemm_or_aux,"void marlin_moe_wna16::Marlin<1125899906909960l, 112...",234.852000,54.541000,4306,,,146.075000,9924.000000,0.000000,1.516977,0.595460,0.357492,0.047048,0.031093,0.000000,passed,mixed_mla_attention_dominates,,kernel_profile_collected_prefill_and_decode,classify_prefill_execution_and_decode_slope_from_kernel_profile,false,true,true,false,false,false,true,No-Go
phase427_kernel_profile,kernel,K2.5-tp4ep8dp2-8k2k,docs/iter_gap_investigation/phase427_kernel_profile/K2.5-tp4ep8dp2-8k2k,mixed,3,ep_a2a,ncclDevKernel_ReduceScatter_Sum_bf16_RING_LL(ncclDev...,172.380000,80.065000,2153,,,146.075000,9924.000000,0.000000,1.516977,0.595460,0.357492,0.047048,0.031093,0.000000,passed,mixed_mla_attention_dominates,,kernel_profile_collected_prefill_and_decode,classify_prefill_execution_and_decode_slope_from_kernel_profile,false,true,true,false,false,false,true,No-Go
phase427_kernel_profile,kernel,K2.5-tp4ep8dp2-8k2k,docs/iter_gap_investigation/phase427_kernel_profile/K2.5-tp4ep8dp2-8k2k,mixed,3,ep_a2a,ncclDevKernel_AllGather_RING_LL(ncclDevKernelArgsSto...,101.240000,23.316000,4342,,,146.075000,9924.000000,0.000000,1.516977,0.595460,0.357492,0.047048,0.031093,0.000000,passed,mixed_mla_attention_dominates,,kernel_profile_collected_prefill_and_decode,classify_prefill_execution_and_decode_slope_from_kernel_profile,false,true,true,false,false,false,true,No-Go
phase427_kernel_profile,kernel,K2.5-tp4ep8dp2-8k2k,docs/iter_gap_investigation/phase427_kernel_profile/K2.5-tp4ep8dp2-8k2k,mixed,3,dense_gemm,nvjet_tst_64x16_64x16_2x1_v_bz_splitK_TNT,39.705000,18.442000,2153,,,146.075000,9924.000000,0.000000,1.516977,0.595460,0.357492,0.047048,0.031093,0.000000,passed,mixed_mla_attention_dominates,,kernel_profile_collected_prefill_and_decode,classify_prefill_execution_and_decode_slope_from_kernel_profile,false,true,true,false,false,false,true,No-Go
phase427_kernel_profile,kernel,K2.5-tp4ep8dp2-8k2k,docs/iter_gap_investigation/phase427_kernel_profile/K2.5-tp4ep8dp2-8k2k,mixed,3,tp_or_dp_allreduce,"void vllm::cross_device_reduce_2stage<__nv_bfloat16,...",29.800000,13.198000,2258,,,146.075000,9924.000000,0.000000,1.516977,0.595460,0.357492,0.047048,0.031093,0.000000,passed,mixed_mla_attention_dominates,,kernel_profile_collected_prefill_and_decode,classify_prefill_execution_and_decode_slope_from_kernel_profile,false,true,true,false,false,false,true,No-Go
phase427_kernel_profile,kernel,K2.5-tp4ep8dp2-8k2k,docs/iter_gap_investigation/phase427_kernel_profile/K2.5-tp4ep8dp2-8k2k,mixed,3,dense_gemm,nvjet_tst_64x16_64x16_4x1_v_bz_TNT,27.727000,12.878000,2153,,,146.075000,9924.000000,0.000000,1.516977,0.595460,0.357492,0.047048,0.031093,0.000000,passed,mixed_mla_attention_dominates,,kernel_profile_collected_prefill_and_decode,classify_prefill_execution_and_decode_slope_from_kernel_profile,false,true,true,false,false,false,true,No-Go
phase427_kernel_profile,kernel,K2.5-tp4ep8dp2-8k2k,docs/iter_gap_investigation/phase427_kernel_profile/K2.5-tp4ep8dp2-8k2k,mixed,3,dense_gemm,nvjet_tst_64x56_64x14_4x1_v_bz_splitK_TNT,26.296000,12.024000,2187,,,146.075000,9924.000000,0.000000,1.516977,0.595460,0.357492,0.047048,0.031093,0.000000,passed,mixed_mla_attention_dominates,,kernel_profile_collected_prefill_and_decode,classify_prefill_execution_and_decode_slope_from_kernel_profile,false,true,true,false,false,false,true,No-Go
phase427_kernel_profile,kernel,K2.5-tp4ep8dp2-8k2k,docs/iter_gap_investigation/phase427_kernel_profile/K2.5-tp4ep8dp2-8k2k,mixed,3,dense_gemm,nvjet_tst_64x56_64x14_4x1_v_bz_TNT,23.318000,10.489000,2223,,,146.075000,9924.000000,0.000000,1.516977,0.595460,0.357492,0.047048,0.031093,0.000000,passed,mixed_mla_attention_dominates,,kernel_profile_collected_prefill_and_decode,classify_prefill_execution_and_decode_slope_from_kernel_profile,false,true,true,false,false,false,true,No-Go
phase427_kernel_profile,kernel,K2.5-tp4ep8dp2-8k2k,docs/iter_gap_investigation/phase427_kernel_profile/K2.5-tp4ep8dp2-8k2k,mixed,3,other_cuda,"void at::native::reduce_kernel<128, 4, at::native::R...",21.092000,9.797000,2153,,,146.075000,9924.000000,0.000000,1.516977,0.595460,0.357492,0.047048,0.031093,0.000000,passed,mixed_mla_attention_dominates,,kernel_profile_collected_prefill_and_decode,classify_prefill_execution_and_decode_slope_from_kernel_profile,false,true,true,false,false,false,true,No-Go
phase427_kernel_profile,kernel,K2.5-tp4ep8dp2-8k2k,docs/iter_gap_investigation/phase427_kernel_profile/K2.5-tp4ep8dp2-8k2k,mixed,3,dense_gemm,"void router_gemm_kernel_bf16_output<__nv_bfloat16, 1...",16.358000,7.598000,2153,,,146.075000,9924.000000,0.000000,1.516977,0.595460,0.357492,0.047048,0.031093,0.000000,passed,mixed_mla_attention_dominates,,kernel_profile_collected_prefill_and_decode,classify_prefill_execution_and_decode_slope_from_kernel_profile,false,true,true,false,false,false,true,No-Go
phase427_kernel_profile,kernel,K2.5-tp4ep8dp2-8k2k,docs/iter_gap_investigation/phase427_kernel_profile/K2.5-tp4ep8dp2-8k2k,mixed,3,other_cuda,"void vllm::act_and_mul_kernel<c10::BFloat16, __nv_bf...",14.460000,6.716000,2153,,,146.075000,9924.000000,0.000000,1.516977,0.595460,0.357492,0.047048,0.031093,0.000000,passed,mixed_mla_attention_dominates,,kernel_profile_collected_prefill_and_decode,classify_prefill_execution_and_decode_slope_from_kernel_profile,false,true,true,false,false,false,true,No-Go
phase427_kernel_profile,kernel,K2.5-tp4ep8dp2-8k2k,docs/iter_gap_investigation/phase427_kernel_profile/K2.5-tp4ep8dp2-8k2k,mixed,3,dense_gemm,nvjet_tst_64x32_64x16_4x2_h_bz_TNT,13.553000,6.197000,2187,,,146.075000,9924.000000,0.000000,1.516977,0.595460,0.357492,0.047048,0.031093,0.000000,passed,mixed_mla_attention_dominates,,kernel_profile_collected_prefill_and_decode,classify_prefill_execution_and_decode_slope_from_kernel_profile,false,true,true,false,false,false,true,No-Go
phase427_kernel_profile,kernel,K2.5-tp4ep8dp2-8k2k,docs/iter_gap_investigation/phase427_kernel_profile/K2.5-tp4ep8dp2-8k2k,mixed,3,mla_attention,void cutlass::device_kernel<flash::FlashAttnFwdCombi...,12.020000,5.494000,2188,,,146.075000,9924.000000,0.000000,1.516977,0.595460,0.357492,0.047048,0.031093,0.000000,passed,mixed_mla_attention_dominates,,kernel_profile_collected_prefill_and_decode,classify_prefill_execution_and_decode_slope_from_kernel_profile,false,true,true,false,false,false,true,No-Go
phase427_kernel_profile,kernel,K2.5-tp4ep8dp2-8k2k,docs/iter_gap_investigation/phase427_kernel_profile/K2.5-tp4ep8dp2-8k2k,mixed,3,dense_gemm,"void cublasLt::splitKreduce_kernel<32, 16, int, floa...",9.855000,2.271000,4340,,,146.075000,9924.000000,0.000000,1.516977,0.595460,0.357492,0.047048,0.031093,0.000000,passed,mixed_mla_attention_dominates,,kernel_profile_collected_prefill_and_decode,classify_prefill_execution_and_decode_slope_from_kernel_profile,false,true,true,false,false,false,true,No-Go
phase427_kernel_profile,kernel,K2.5-tp4ep8dp2-8k2k,docs/iter_gap_investigation/phase427_kernel_profile/K2.5-tp4ep8dp2-8k2k,mixed,3,moe_gemm_or_aux,void vllm::moe::grouped_topk_fused_small_expert_coun...,9.853000,4.576000,2153,,,146.075000,9924.000000,0.000000,1.516977,0.595460,0.357492,0.047048,0.031093,0.000000,passed,mixed_mla_attention_dominates,,kernel_profile_collected_prefill_and_decode,classify_prefill_execution_and_decode_slope_from_kernel_profile,false,true,true,false,false,false,true,No-Go
phase427_kernel_profile,kernel,K2.5-tp4ep8dp2-8k2k,docs/iter_gap_investigation/phase427_kernel_profile/K2.5-tp4ep8dp2-8k2k,mixed,3,other_cuda,"void at::native::vectorized_elementwise_kernel<8, at...",9.827000,4.564000,2153,,,146.075000,9924.000000,0.000000,1.516977,0.595460,0.357492,0.047048,0.031093,0.000000,passed,mixed_mla_attention_dominates,,kernel_profile_collected_prefill_and_decode,classify_prefill_execution_and_decode_slope_from_kernel_profile,false,true,true,false,false,false,true,No-Go
phase427_kernel_profile,kernel,K2.5-tp4ep8dp2-8k2k,docs/iter_gap_investigation/phase427_kernel_profile/K2.5-tp4ep8dp2-8k2k,mixed,3,other_cuda,triton_red_fused__to_copy_add_mean_min_latency_fused...,8.496000,4.013000,2117,,,146.075000,9924.000000,0.000000,1.516977,0.595460,0.357492,0.047048,0.031093,0.000000,passed,mixed_mla_attention_dominates,,kernel_profile_collected_prefill_and_decode,classify_prefill_execution_and_decode_slope_from_kernel_profile,false,true,true,false,false,false,true,No-Go
phase427_kernel_profile,kernel,K2.5-tp4ep8dp2-8k2k,docs/iter_gap_investigation/phase427_kernel_profile/K2.5-tp4ep8dp2-8k2k,mixed,3,dense_gemm,nvjet_tst_64x24_64x16_2x1_v_bz_TNT,8.314000,3.800000,2188,,,146.075000,9924.000000,0.000000,1.516977,0.595460,0.357492,0.047048,0.031093,0.000000,passed,mixed_mla_attention_dominates,,kernel_profile_collected_prefill_and_decode,classify_prefill_execution_and_decode_slope_from_kernel_profile,false,true,true,false,false,false,true,No-Go
phase427_kernel_profile,kernel,K2.5-tp4ep8dp2-8k2k,docs/iter_gap_investigation/phase427_kernel_profile/K2.5-tp4ep8dp2-8k2k,mixed,3,other_cuda,aten::copy_,8.233000,8.401000,980,,,146.075000,9924.000000,0.000000,1.516977,0.595460,0.357492,0.047048,0.031093,0.000000,passed,mixed_mla_attention_dominates,,kernel_profile_collected_prefill_and_decode,classify_prefill_execution_and_decode_slope_from_kernel_profile,false,true,true,false,false,false,true,No-Go
phase427_kernel_profile,kernel,K2.5-tp4ep8dp2-8k2k,docs/iter_gap_investigation/phase427_kernel_profile/K2.5-tp4ep8dp2-8k2k,mixed,3,dense_gemm,nvjet_tst_64x56_64x14_2x1_v_bz_NNT,8.223000,3.760000,2187,,,146.075000,9924.000000,0.000000,1.516977,0.595460,0.357492,0.047048,0.031093,0.000000,passed,mixed_mla_attention_dominates,,kernel_profile_collected_prefill_and_decode,classify_prefill_execution_and_decode_slope_from_kernel_profile,false,true,true,false,false,false,true,No-Go
phase427_kernel_profile,kernel,K2.5-tp4ep8dp2-8k2k,docs/iter_gap_investigation/phase427_kernel_profile/K2.5-tp4ep8dp2-8k2k,mixed,3,moe_gemm_or_aux,void vllm::moe::moe_align_block_size_kernel<int>(int...,7.512000,3.489000,2153,,,146.075000,9924.000000,0.000000,1.516977,0.595460,0.357492,0.047048,0.031093,0.000000,passed,mixed_mla_attention_dominates,,kernel_profile_collected_prefill_and_decode,classify_prefill_execution_and_decode_slope_from_kernel_profile,false,true,true,false,false,false,true,No-Go
phase427_kernel_profile,kernel,K2.5-tp4ep8dp2-8k2k,docs/iter_gap_investigation/phase427_kernel_profile/K2.5-tp4ep8dp2-8k2k,mixed,3,other_cuda,triton_red_fused__to_copy_add_mean_mul_pow_rsqrt_seq...,5.993000,2.783000,2153,,,146.075000,9924.000000,0.000000,1.516977,0.595460,0.357492,0.047048,0.031093,0.000000,passed,mixed_mla_attention_dominates,,kernel_profile_collected_prefill_and_decode,classify_prefill_execution_and_decode_slope_from_kernel_profile,false,true,true,false,false,false,true,No-Go
phase427_kernel_profile,kernel,K2.5-tp4ep8dp2-8k2k,docs/iter_gap_investigation/phase427_kernel_profile/K2.5-tp4ep8dp2-8k2k,mixed,3,memcpy_memset,Memcpy HtoD (Pinned -> Device),5.869000,20.962000,280,,,146.075000,9924.000000,0.000000,1.516977,0.595460,0.357492,0.047048,0.031093,0.000000,passed,mixed_mla_attention_dominates,,kernel_profile_collected_prefill_and_decode,classify_prefill_execution_and_decode_slope_from_kernel_profile,false,true,true,false,false,false,true,No-Go
phase427_kernel_profile,kernel,K2.5-tp4ep8dp2-8k2k,docs/iter_gap_investigation/phase427_kernel_profile/K2.5-tp4ep8dp2-8k2k,mixed,3,dense_gemm,nvjet_tst_320x64_64x4_2x1_v_bz_TNT,5.365000,149.025000,36,,,146.075000,9924.000000,0.000000,1.516977,0.595460,0.357492,0.047048,0.031093,0.000000,passed,mixed_mla_attention_dominates,,kernel_profile_collected_prefill_and_decode,classify_prefill_execution_and_decode_slope_from_kernel_profile,false,true,true,false,false,false,true,No-Go
phase427_kernel_profile,kernel,K2.5-tp4ep8dp2-8k2k,docs/iter_gap_investigation/phase427_kernel_profile/K2.5-tp4ep8dp2-8k2k,mixed,3,dense_gemm,aten::mm,5.215000,148.993000,35,,,146.075000,9924.000000,0.000000,1.516977,0.595460,0.357492,0.047048,0.031093,0.000000,passed,mixed_mla_attention_dominates,,kernel_profile_collected_prefill_and_decode,classify_prefill_execution_and_decode_slope_from_kernel_profile,false,true,true,false,false,false,true,No-Go
phase427_kernel_profile,kernel,K2.5-tp4ep8dp2-8k2k,docs/iter_gap_investigation/phase427_kernel_profile/K2.5-tp4ep8dp2-8k2k,mixed,3,other_cuda,triton_poi_fused_add_clone_copy_expand_index_mul_neg...,4.527000,2.104000,2152,,,146.075000,9924.000000,0.000000,1.516977,0.595460,0.357492,0.047048,0.031093,0.000000,passed,mixed_mla_attention_dominates,,kernel_profile_collected_prefill_and_decode,classify_prefill_execution_and_decode_slope_from_kernel_profile,false,true,true,false,false,false,true,No-Go
phase427_kernel_profile,kernel,K2.5-tp4ep8dp2-8k2k,docs/iter_gap_investigation/phase427_kernel_profile/K2.5-tp4ep8dp2-8k2k,mixed,3,mla_attention,void vllm::concat_and_cache_mla_kernel<__nv_bfloat16...,4.313000,1.972000,2187,,,146.075000,9924.000000,0.000000,1.516977,0.595460,0.357492,0.047048,0.031093,0.000000,passed,mixed_mla_attention_dominates,,kernel_profile_collected_prefill_and_decode,classify_prefill_execution_and_decode_slope_from_kernel_profile,false,true,true,false,false,false,true,No-Go
phase427_kernel_profile,kernel,K2.5-tp4ep8dp2-8k2k,docs/iter_gap_investigation/phase427_kernel_profile/K2.5-tp4ep8dp2-8k2k,mixed,3,other_cuda,triton_red_fused_4,4.225000,1.963000,2152,,,146.075000,9924.000000,0.000000,1.516977,0.595460,0.357492,0.047048,0.031093,0.000000,passed,mixed_mla_attention_dominates,,kernel_profile_collected_prefill_and_decode,classify_prefill_execution_and_decode_slope_from_kernel_profile,false,true,true,false,false,false,true,No-Go
phase427_kernel_profile,kernel,K2.5-tp4ep8dp2-8k2k,docs/iter_gap_investigation/phase427_kernel_profile/K2.5-tp4ep8dp2-8k2k,mixed,3,other_cuda,triton_poi_fused_3,3.469000,1.612000,2152,,,146.075000,9924.000000,0.000000,1.516977,0.595460,0.357492,0.047048,0.031093,0.000000,passed,mixed_mla_attention_dominates,,kernel_profile_collected_prefill_and_decode,classify_prefill_execution_and_decode_slope_from_kernel_profile,false,true,true,false,false,false,true,No-Go
phase427_kernel_profile,kernel,K2.5-tp4ep8dp2-8k2k,docs/iter_gap_investigation/phase427_kernel_profile/K2.5-tp4ep8dp2-8k2k,mixed,3,other_cuda,triton_poi_fused_add_all_gather_mul_1,3.305000,1.535000,2153,,,146.075000,9924.000000,0.000000,1.516977,0.595460,0.357492,0.047048,0.031093,0.000000,passed,mixed_mla_attention_dominates,,kernel_profile_collected_prefill_and_decode,classify_prefill_execution_and_decode_slope_from_kernel_profile,false,true,true,false,false,false,true,No-Go
phase427_kernel_profile,kernel,K2.5-tp4ep8dp2-8k2k,docs/iter_gap_investigation/phase427_kernel_profile/K2.5-tp4ep8dp2-8k2k,mixed,3,moe_gemm_or_aux,void vllm::moe::count_and_sort_expert_tokens_kernel<...,3.240000,1.505000,2153,,,146.075000,9924.000000,0.000000,1.516977,0.595460,0.357492,0.047048,0.031093,0.000000,passed,mixed_mla_attention_dominates,,kernel_profile_collected_prefill_and_decode,classify_prefill_execution_and_decode_slope_from_kernel_profile,false,true,true,false,false,false,true,No-Go
phase427_kernel_profile,kernel,K2.5-tp4ep8dp2-8k2k,docs/iter_gap_investigation/phase427_kernel_profile/K2.5-tp4ep8dp2-8k2k,mixed,3,other_cuda,triton_poi_fused_mul_silu_slice_0,3.108000,1.444000,2153,,,146.075000,9924.000000,0.000000,1.516977,0.595460,0.357492,0.047048,0.031093,0.000000,passed,mixed_mla_attention_dominates,,kernel_profile_collected_prefill_and_decode,classify_prefill_execution_and_decode_slope_from_kernel_profile,false,true,true,false,false,false,true,No-Go
phase427_kernel_profile,kernel,K2.5-tp4ep8dp2-8k2k,docs/iter_gap_investigation/phase427_kernel_profile/K2.5-tp4ep8dp2-8k2k,mixed,3,other_cuda,record_param_comms,2.481000,70.879000,35,,,146.075000,9924.000000,0.000000,1.516977,0.595460,0.357492,0.047048,0.031093,0.000000,passed,mixed_mla_attention_dominates,,kernel_profile_collected_prefill_and_decode,classify_prefill_execution_and_decode_slope_from_kernel_profile,false,true,true,false,false,false,true,No-Go
phase427_kernel_profile,kernel,K2.5-tp4ep8dp2-8k2k,docs/iter_gap_investigation/phase427_kernel_profile/K2.5-tp4ep8dp2-8k2k,mixed,3,ep_a2a,nccl:_all_gather_base,2.481000,70.879000,35,,,146.075000,9924.000000,0.000000,1.516977,0.595460,0.357492,0.047048,0.031093,0.000000,passed,mixed_mla_attention_dominates,,kernel_profile_collected_prefill_and_decode,classify_prefill_execution_and_decode_slope_from_kernel_profile,false,true,true,false,false,false,true,No-Go
phase427_kernel_profile,kernel,K2.5-tp4ep8dp2-8k2k,docs/iter_gap_investigation/phase427_kernel_profile/K2.5-tp4ep8dp2-8k2k,mixed,3,dense_gemm,nvjet_tst_80x64_64x11_4x1_v_bz_TNN,1.235000,35.295000,35,,,146.075000,9924.000000,0.000000,1.516977,0.595460,0.357492,0.047048,0.031093,0.000000,passed,mixed_mla_attention_dominates,,kernel_profile_collected_prefill_and_decode,classify_prefill_execution_and_decode_slope_from_kernel_profile,false,true,true,false,false,false,true,No-Go
phase427_kernel_profile,kernel,K2.5-tp4ep8dp2-8k2k,docs/iter_gap_investigation/phase427_kernel_profile/K2.5-tp4ep8dp2-8k2k,mixed,3,other_cuda,void at::native::unrolled_elementwise_kernel<at::nat...,0.908967,25.249000,36,,,146.075000,9924.000000,0.000000,1.516977,0.595460,0.357492,0.047048,0.031093,0.000000,passed,mixed_mla_attention_dominates,,kernel_profile_collected_prefill_and_decode,classify_prefill_execution_and_decode_slope_from_kernel_profile,false,true,true,false,false,false,true,No-Go
phase427_kernel_profile,kernel,K2.5-tp4ep8dp2-8k2k,docs/iter_gap_investigation/phase427_kernel_profile/K2.5-tp4ep8dp2-8k2k,mixed,3,other_cuda,aten::argmax,0.850152,24.290000,35,,,146.075000,9924.000000,0.000000,1.516977,0.595460,0.357492,0.047048,0.031093,0.000000,passed,mixed_mla_attention_dominates,,kernel_profile_collected_prefill_and_decode,classify_prefill_execution_and_decode_slope_from_kernel_profile,false,true,true,false,false,false,true,No-Go
phase427_kernel_profile,kernel,K2.5-tp4ep8dp2-8k2k,docs/iter_gap_investigation/phase427_kernel_profile/K2.5-tp4ep8dp2-8k2k,mixed,3,other_cuda,"void at::native::elementwise_kernel<128, 4, at::nati...",0.832229,23.117000,36,,,146.075000,9924.000000,0.000000,1.516977,0.595460,0.357492,0.047048,0.031093,0.000000,passed,mixed_mla_attention_dominates,,kernel_profile_collected_prefill_and_decode,classify_prefill_execution_and_decode_slope_from_kernel_profile,false,true,true,false,false,false,true,No-Go
phase427_kernel_profile,kernel,K2.5-tp4ep8dp2-8k2k,docs/iter_gap_investigation/phase427_kernel_profile/K2.5-tp4ep8dp2-8k2k,mixed,3,other_cuda,"void at::native::reduce_kernel<512, 1, at::native::R...",0.812775,22.577000,36,,,146.075000,9924.000000,0.000000,1.516977,0.595460,0.357492,0.047048,0.031093,0.000000,passed,mixed_mla_attention_dominates,,kernel_profile_collected_prefill_and_decode,classify_prefill_execution_and_decode_slope_from_kernel_profile,false,true,true,false,false,false,true,No-Go
phase427_kernel_profile,kernel,K2.5-tp4ep8dp2-8k2k,docs/iter_gap_investigation/phase427_kernel_profile/K2.5-tp4ep8dp2-8k2k,mixed,3,tp_or_dp_allreduce,_C_custom_ar::all_reduce,0.714182,20.405000,35,,,146.075000,9924.000000,0.000000,1.516977,0.595460,0.357492,0.047048,0.031093,0.000000,passed,mixed_mla_attention_dominates,,kernel_profile_collected_prefill_and_decode,classify_prefill_execution_and_decode_slope_from_kernel_profile,false,true,true,false,false,false,true,No-Go
phase427_kernel_profile,kernel,K2.5-tp4ep8dp2-8k2k,docs/iter_gap_investigation/phase427_kernel_profile/K2.5-tp4ep8dp2-8k2k,mixed,3,memcpy_memset,Memcpy DtoD (Device -> Device),0.273420,1.302000,210,,,146.075000,9924.000000,0.000000,1.516977,0.595460,0.357492,0.047048,0.031093,0.000000,passed,mixed_mla_attention_dominates,,kernel_profile_collected_prefill_and_decode,classify_prefill_execution_and_decode_slope_from_kernel_profile,false,true,true,false,false,false,true,No-Go
phase427_kernel_profile,kernel,K2.5-tp4ep8dp2-8k2k,docs/iter_gap_investigation/phase427_kernel_profile/K2.5-tp4ep8dp2-8k2k,mixed,3,other_cuda,void at::native::unrolled_elementwise_kernel<at::nat...,0.262493,1.836000,143,,,146.075000,9924.000000,0.000000,1.516977,0.595460,0.357492,0.047048,0.031093,0.000000,passed,mixed_mla_attention_dominates,,kernel_profile_collected_prefill_and_decode,classify_prefill_execution_and_decode_slope_from_kernel_profile,false,true,true,false,false,false,true,No-Go
phase427_kernel_profile,kernel,K2.5-tp4ep8dp2-8k2k,docs/iter_gap_investigation/phase427_kernel_profile/K2.5-tp4ep8dp2-8k2k,mixed,3,other_cuda,cudaStreamIsCapturing,0.188929,0.771000,245,,,146.075000,9924.000000,0.000000,1.516977,0.595460,0.357492,0.047048,0.031093,0.000000,passed,mixed_mla_attention_dominates,,kernel_profile_collected_prefill_and_decode,classify_prefill_execution_and_decode_slope_from_kernel_profile,false,true,true,false,false,false,true,No-Go
phase427_kernel_profile,kernel,K2.5-tp4ep8dp2-8k2k,docs/iter_gap_investigation/phase427_kernel_profile/K2.5-tp4ep8dp2-8k2k,mixed,3,other_cuda,triton_red_fused__to_copy_add_mean_mul_pow_rsqrt_sli...,0.171136,4.754000,36,,,146.075000,9924.000000,0.000000,1.516977,0.595460,0.357492,0.047048,0.031093,0.000000,passed,mixed_mla_attention_dominates,,kernel_profile_collected_prefill_and_decode,classify_prefill_execution_and_decode_slope_from_kernel_profile,false,true,true,false,false,false,true,No-Go
phase427_kernel_profile,kernel,K2.5-tp4ep8dp2-8k2k,docs/iter_gap_investigation/phase427_kernel_profile/K2.5-tp4ep8dp2-8k2k,mixed,3,other_cuda,aten::index,0.239455,3.421000,70,,,146.075000,9924.000000,0.000000,1.516977,0.595460,0.357492,0.047048,0.031093,0.000000,passed,mixed_mla_attention_dominates,,kernel_profile_collected_prefill_and_decode,classify_prefill_execution_and_decode_slope_from_kernel_profile,false,true,true,false,false,false,true,No-Go
phase427_kernel_profile,kernel,K2.5-tp4ep8dp2-8k2k,docs/iter_gap_investigation/phase427_kernel_profile/K2.5-tp4ep8dp2-8k2k,mixed,3,other_cuda,cuLaunchKernelEx,0.153408,1.461000,105,,,146.075000,9924.000000,0.000000,1.516977,0.595460,0.357492,0.047048,0.031093,0.000000,passed,mixed_mla_attention_dominates,,kernel_profile_collected_prefill_and_decode,classify_prefill_execution_and_decode_slope_from_kernel_profile,false,true,true,false,false,false,true,No-Go
phase427_kernel_profile,kernel,K2.5-tp4ep8dp2-8k2k,docs/iter_gap_investigation/phase427_kernel_profile/K2.5-tp4ep8dp2-8k2k,mixed,3,memcpy_memset,Memcpy DtoH (Device -> Pinned),0.149921,4.164000,36,,,146.075000,9924.000000,0.000000,1.516977,0.595460,0.357492,0.047048,0.031093,0.000000,passed,mixed_mla_attention_dominates,,kernel_profile_collected_prefill_and_decode,classify_prefill_execution_and_decode_slope_from_kernel_profile,false,true,true,false,false,false,true,No-Go
phase427_kernel_profile,kernel,K2.5-tp4ep8dp2-8k2k,docs/iter_gap_investigation/phase427_kernel_profile/K2.5-tp4ep8dp2-8k2k,mixed,3,other_cuda,triton_red_fused__to_copy_add_mean_min_latency_fused...,0.145533,4.158000,35,,,146.075000,9924.000000,0.000000,1.516977,0.595460,0.357492,0.047048,0.031093,0.000000,passed,mixed_mla_attention_dominates,,kernel_profile_collected_prefill_and_decode,classify_prefill_execution_and_decode_slope_from_kernel_profile,false,true,true,false,false,false,true,No-Go
phase427_kernel_profile,kernel,K2.5-tp4ep8dp2-8k2k,docs/iter_gap_investigation/phase427_kernel_profile/K2.5-tp4ep8dp2-8k2k,mixed,3,other_cuda,"void at::native::vectorized_gather_kernel<16, long>(...",0.144703,2.038000,71,,,146.075000,9924.000000,0.000000,1.516977,0.595460,0.357492,0.047048,0.031093,0.000000,passed,mixed_mla_attention_dominates,,kernel_profile_collected_prefill_and_decode,classify_prefill_execution_and_decode_slope_from_kernel_profile,false,true,true,false,false,false,true,No-Go
phase427_kernel_profile,kernel,K2.5-tp4ep8dp2-8k2k,docs/iter_gap_investigation/phase427_kernel_profile/K2.5-tp4ep8dp2-8k2k,mixed,3,other_cuda,aten::fill_,0.119005,0.283000,420,,,146.075000,9924.000000,0.000000,1.516977,0.595460,0.357492,0.047048,0.031093,0.000000,passed,mixed_mla_attention_dominates,,kernel_profile_collected_prefill_and_decode,classify_prefill_execution_and_decode_slope_from_kernel_profile,false,true,true,false,false,false,true,No-Go
phase427_kernel_profile,kernel,K2.5-tp4ep8dp2-8k2k,docs/iter_gap_investigation/phase427_kernel_profile/K2.5-tp4ep8dp2-8k2k,mixed,3,other_cuda,aten::masked_fill_,0.112155,3.204000,35,,,146.075000,9924.000000,0.000000,1.516977,0.595460,0.357492,0.047048,0.031093,0.000000,passed,mixed_mla_attention_dominates,,kernel_profile_collected_prefill_and_decode,classify_prefill_execution_and_decode_slope_from_kernel_profile,false,true,true,false,false,false,true,No-Go
phase427_kernel_profile,kernel,K2.5-tp4ep8dp2-8k2k,docs/iter_gap_investigation/phase427_kernel_profile/K2.5-tp4ep8dp2-8k2k,mixed,3,other_cuda,"void at::native::elementwise_kernel<128, 4, at::nati...",0.112155,3.204000,35,,,146.075000,9924.000000,0.000000,1.516977,0.595460,0.357492,0.047048,0.031093,0.000000,passed,mixed_mla_attention_dominates,,kernel_profile_collected_prefill_and_decode,classify_prefill_execution_and_decode_slope_from_kernel_profile,false,true,true,false,false,false,true,No-Go
phase427_kernel_profile,kernel,K2.5-tp4ep8dp2-8k2k,docs/iter_gap_investigation/phase427_kernel_profile/K2.5-tp4ep8dp2-8k2k,mixed,3,other_cuda,_compute_slot_mapping_kernel,0.111969,3.199000,35,,,146.075000,9924.000000,0.000000,1.516977,0.595460,0.357492,0.047048,0.031093,0.000000,passed,mixed_mla_attention_dominates,,kernel_profile_collected_prefill_and_decode,classify_prefill_execution_and_decode_slope_from_kernel_profile,false,true,true,false,false,false,true,No-Go
phase427_kernel_profile,kernel,K2.5-tp4ep8dp2-8k2k,docs/iter_gap_investigation/phase427_kernel_profile/K2.5-tp4ep8dp2-8k2k,mixed,3,other_cuda,triton_red_fused__to_copy_add_clone_mean_min_latency...,0.105761,3.022000,35,,,146.075000,9924.000000,0.000000,1.516977,0.595460,0.357492,0.047048,0.031093,0.000000,passed,mixed_mla_attention_dominates,,kernel_profile_collected_prefill_and_decode,classify_prefill_execution_and_decode_slope_from_kernel_profile,false,true,true,false,false,false,true,No-Go
phase427_kernel_profile,kernel,K2.5-tp4ep8dp2-8k2k,docs/iter_gap_investigation/phase427_kernel_profile/K2.5-tp4ep8dp2-8k2k,mixed,3,other_cuda,"void at::native::index_elementwise_kernel<128, 4, at...",0.104318,2.898000,36,,,146.075000,9924.000000,0.000000,1.516977,0.595460,0.357492,0.047048,0.031093,0.000000,passed,mixed_mla_attention_dominates,,kernel_profile_collected_prefill_and_decode,classify_prefill_execution_and_decode_slope_from_kernel_profile,false,true,true,false,false,false,true,No-Go
phase427_kernel_profile,kernel,K2.5-tp4ep8dp2-8k2k,docs/iter_gap_investigation/phase427_kernel_profile/K2.5-tp4ep8dp2-8k2k,mixed,3,other_cuda,aten::_index_put_impl_,0.231644,6.618000,35,,,146.075000,9924.000000,0.000000,1.516977,0.595460,0.357492,0.047048,0.031093,0.000000,passed,mixed_mla_attention_dominates,,kernel_profile_collected_prefill_and_decode,classify_prefill_execution_and_decode_slope_from_kernel_profile,false,true,true,false,false,false,true,No-Go
phase427_kernel_profile,kernel,K2.5-tp4ep8dp2-8k2k,docs/iter_gap_investigation/phase427_kernel_profile/K2.5-tp4ep8dp2-8k2k,mixed,3,other_cuda,triton_red_fused__to_copy_add_mean_mul_pow_rsqrt_0,0.100191,2.863000,35,,,146.075000,9924.000000,0.000000,1.516977,0.595460,0.357492,0.047048,0.031093,0.000000,passed,mixed_mla_attention_dominates,,kernel_profile_collected_prefill_and_decode,classify_prefill_execution_and_decode_slope_from_kernel_profile,false,true,true,false,false,false,true,No-Go
phase427_kernel_profile,kernel,K2.5-tp4ep8dp2-8k2k,docs/iter_gap_investigation/phase427_kernel_profile/K2.5-tp4ep8dp2-8k2k,mixed,3,other_cuda,"void at::native::index_elementwise_kernel<128, 4, at...",0.095072,2.716000,35,,,146.075000,9924.000000,0.000000,1.516977,0.595460,0.357492,0.047048,0.031093,0.000000,passed,mixed_mla_attention_dominates,,kernel_profile_collected_prefill_and_decode,classify_prefill_execution_and_decode_slope_from_kernel_profile,false,true,true,false,false,false,true,No-Go
phase427_kernel_profile,kernel,K2.5-tp4ep8dp2-8k2k,docs/iter_gap_investigation/phase427_kernel_profile/K2.5-tp4ep8dp2-8k2k,mixed,3,other_cuda,aten::add,0.092703,0.883000,105,,,146.075000,9924.000000,0.000000,1.516977,0.595460,0.357492,0.047048,0.031093,0.000000,passed,mixed_mla_attention_dominates,,kernel_profile_collected_prefill_and_decode,classify_prefill_execution_and_decode_slope_from_kernel_profile,false,true,true,false,false,false,true,No-Go
phase427_kernel_profile,kernel,K2.5-tp4ep8dp2-8k2k,docs/iter_gap_investigation/phase427_kernel_profile/K2.5-tp4ep8dp2-8k2k,mixed,3,other_cuda,"void at::native::vectorized_elementwise_kernel<4, at...",0.083707,1.196000,70,,,146.075000,9924.000000,0.000000,1.516977,0.595460,0.357492,0.047048,0.031093,0.000000,passed,mixed_mla_attention_dominates,,kernel_profile_collected_prefill_and_decode,classify_prefill_execution_and_decode_slope_from_kernel_profile,false,true,true,false,false,false,true,No-Go
phase427_kernel_profile,kernel,K2.5-tp4ep8dp2-8k2k,docs/iter_gap_investigation/phase427_kernel_profile/K2.5-tp4ep8dp2-8k2k,mixed,3,other_cuda,triton_poi_fused_add_clone_copy_expand_index_mul_neg...,0.073249,2.093000,35,,,146.075000,9924.000000,0.000000,1.516977,0.595460,0.357492,0.047048,0.031093,0.000000,passed,mixed_mla_attention_dominates,,kernel_profile_collected_prefill_and_decode,classify_prefill_execution_and_decode_slope_from_kernel_profile,false,true,true,false,false,false,true,No-Go
phase427_kernel_profile,kernel,K2.5-tp4ep8dp2-8k2k,docs/iter_gap_investigation/phase427_kernel_profile/K2.5-tp4ep8dp2-8k2k,mixed,3,mla_attention,_vllm_fa3_C::get_scheduler_metadata,0.070241,2.007000,35,,,146.075000,9924.000000,0.000000,1.516977,0.595460,0.357492,0.047048,0.031093,0.000000,passed,mixed_mla_attention_dominates,,kernel_profile_collected_prefill_and_decode,classify_prefill_execution_and_decode_slope_from_kernel_profile,false,true,true,false,false,false,true,No-Go
phase427_kernel_profile,kernel,K2.5-tp4ep8dp2-8k2k,docs/iter_gap_investigation/phase427_kernel_profile/K2.5-tp4ep8dp2-8k2k,mixed,3,mla_attention,"void flash::prepare_varlen_num_blocks_kernel<2, fals...",0.070241,2.007000,35,,,146.075000,9924.000000,0.000000,1.516977,0.595460,0.357492,0.047048,0.031093,0.000000,passed,mixed_mla_attention_dominates,,kernel_profile_collected_prefill_and_decode,classify_prefill_execution_and_decode_slope_from_kernel_profile,false,true,true,false,false,false,true,No-Go
phase427_kernel_profile,kernel,K2.5-tp4ep8dp2-8k2k,docs/iter_gap_investigation/phase427_kernel_profile/K2.5-tp4ep8dp2-8k2k,mixed,3,other_cuda,aten::gather,0.069565,1.988000,35,,,146.075000,9924.000000,0.000000,1.516977,0.595460,0.357492,0.047048,0.031093,0.000000,passed,mixed_mla_attention_dominates,,kernel_profile_collected_prefill_and_decode,classify_prefill_execution_and_decode_slope_from_kernel_profile,false,true,true,false,false,false,true,No-Go
phase427_kernel_profile,kernel,K2.5-tp4ep8dp2-8k2k,docs/iter_gap_investigation/phase427_kernel_profile/K2.5-tp4ep8dp2-8k2k,mixed,3,other_cuda,triton_red_fused_2,0.069312,1.980000,35,,,146.075000,9924.000000,0.000000,1.516977,0.595460,0.357492,0.047048,0.031093,0.000000,passed,mixed_mla_attention_dominates,,kernel_profile_collected_prefill_and_decode,classify_prefill_execution_and_decode_slope_from_kernel_profile,false,true,true,false,false,false,true,No-Go
phase427_kernel_profile,kernel,K2.5-tp4ep8dp2-8k2k,docs/iter_gap_investigation/phase427_kernel_profile/K2.5-tp4ep8dp2-8k2k,mixed,3,memcpy_memset,Memset (Device),0.060609,1.684000,36,,,146.075000,9924.000000,0.000000,1.516977,0.595460,0.357492,0.047048,0.031093,0.000000,passed,mixed_mla_attention_dominates,,kernel_profile_collected_prefill_and_decode,classify_prefill_execution_and_decode_slope_from_kernel_profile,false,true,true,false,false,false,true,No-Go
phase427_kernel_profile,kernel,K2.5-tp4ep8dp2-8k2k,docs/iter_gap_investigation/phase427_kernel_profile/K2.5-tp4ep8dp2-8k2k,mixed,3,other_cuda,triton_poi_fused_1,0.058206,1.663000,35,,,146.075000,9924.000000,0.000000,1.516977,0.595460,0.357492,0.047048,0.031093,0.000000,passed,mixed_mla_attention_dominates,,kernel_profile_collected_prefill_and_decode,classify_prefill_execution_and_decode_slope_from_kernel_profile,false,true,true,false,false,false,true,No-Go
phase427_kernel_profile,kernel,K2.5-tp4ep8dp2-8k2k,docs/iter_gap_investigation/phase427_kernel_profile/K2.5-tp4ep8dp2-8k2k,mixed,3,other_cuda,void at::native::unrolled_elementwise_kernel<at::nat...,0.053026,1.473000,36,,,146.075000,9924.000000,0.000000,1.516977,0.595460,0.357492,0.047048,0.031093,0.000000,passed,mixed_mla_attention_dominates,,kernel_profile_collected_prefill_and_decode,classify_prefill_execution_and_decode_slope_from_kernel_profile,false,true,true,false,false,false,true,No-Go
phase427_kernel_profile,kernel,K2.5-tp4ep8dp2-8k2k,docs/iter_gap_investigation/phase427_kernel_profile/K2.5-tp4ep8dp2-8k2k,mixed,3,other_cuda,triton_poi_fused_mul_silu_slice_1,0.051040,1.458000,35,,,146.075000,9924.000000,0.000000,1.516977,0.595460,0.357492,0.047048,0.031093,0.000000,passed,mixed_mla_attention_dominates,,kernel_profile_collected_prefill_and_decode,classify_prefill_execution_and_decode_slope_from_kernel_profile,false,true,true,false,false,false,true,No-Go
phase427_kernel_profile,kernel,K2.5-tp4ep8dp2-8k2k,docs/iter_gap_investigation/phase427_kernel_profile/K2.5-tp4ep8dp2-8k2k,mixed,3,other_cuda,"void at::native::vectorized_elementwise_kernel<2, at...",0.050367,1.439000,35,,,146.075000,9924.000000,0.000000,1.516977,0.595460,0.357492,0.047048,0.031093,0.000000,passed,mixed_mla_attention_dominates,,kernel_profile_collected_prefill_and_decode,classify_prefill_execution_and_decode_slope_from_kernel_profile,false,true,true,false,false,false,true,No-Go
phase427_kernel_profile,kernel,K2.5-tp4ep8dp2-8k2k,docs/iter_gap_investigation/phase427_kernel_profile/K2.5-tp4ep8dp2-8k2k,mixed,3,other_cuda,"void at::native::vectorized_elementwise_kernel<4, at...",0.042336,1.210000,35,,,146.075000,9924.000000,0.000000,1.516977,0.595460,0.357492,0.047048,0.031093,0.000000,passed,mixed_mla_attention_dominates,,kernel_profile_collected_prefill_and_decode,classify_prefill_execution_and_decode_slope_from_kernel_profile,false,true,true,false,false,false,true,No-Go
phase427_kernel_profile,kernel,K2.5-tp4ep8dp2-8k2k,docs/iter_gap_investigation/phase427_kernel_profile/K2.5-tp4ep8dp2-8k2k,mixed,3,other_cuda,triton_poi_fused_add_bitwise_and_bitwise_not_bitwise...,0.041344,1.181000,35,,,146.075000,9924.000000,0.000000,1.516977,0.595460,0.357492,0.047048,0.031093,0.000000,passed,mixed_mla_attention_dominates,,kernel_profile_collected_prefill_and_decode,classify_prefill_execution_and_decode_slope_from_kernel_profile,false,true,true,false,false,false,true,No-Go
phase427_kernel_profile,kernel,K2.5-tp4ep8dp2-8k2k,docs/iter_gap_investigation/phase427_kernel_profile/K2.5-tp4ep8dp2-8k2k,mixed,3,other_cuda,triton_poi_fused_add_bitwise_and_bitwise_not_bitwise...,0.041344,1.181000,35,,,146.075000,9924.000000,0.000000,1.516977,0.595460,0.357492,0.047048,0.031093,0.000000,passed,mixed_mla_attention_dominates,,kernel_profile_collected_prefill_and_decode,classify_prefill_execution_and_decode_slope_from_kernel_profile,false,true,true,false,false,false,true,No-Go
phase427_kernel_profile,kernel,K2.5-tp4ep8dp2-8k2k,docs/iter_gap_investigation/phase427_kernel_profile/K2.5-tp4ep8dp2-8k2k,mixed,3,other_cuda,## Call CompiledFxGraph fyjfar6iid5i7ocjv2yg2qxco47m...,0.041344,1.181000,35,,,146.075000,9924.000000,0.000000,1.516977,0.595460,0.357492,0.047048,0.031093,0.000000,passed,mixed_mla_attention_dominates,,kernel_profile_collected_prefill_and_decode,classify_prefill_execution_and_decode_slope_from_kernel_profile,false,true,true,false,false,false,true,No-Go
phase427_kernel_profile,kernel,K2.5-tp4ep8dp2-8k2k,docs/iter_gap_investigation/phase427_kernel_profile/K2.5-tp4ep8dp2-8k2k,mixed,3,other_cuda,aten::sub,0.040035,0.572000,70,,,146.075000,9924.000000,0.000000,1.516977,0.595460,0.357492,0.047048,0.031093,0.000000,passed,mixed_mla_attention_dominates,,kernel_profile_collected_prefill_and_decode,classify_prefill_execution_and_decode_slope_from_kernel_profile,false,true,true,false,false,false,true,No-Go
phase427_kernel_profile,kernel,K2.5-tp4ep8dp2-8k2k,docs/iter_gap_investigation/phase427_kernel_profile/K2.5-tp4ep8dp2-8k2k,mixed,3,other_cuda,void at::native::unrolled_elementwise_kernel<at::nat...,0.040035,1.144000,35,,,146.075000,9924.000000,0.000000,1.516977,0.595460,0.357492,0.047048,0.031093,0.000000,passed,mixed_mla_attention_dominates,,kernel_profile_collected_prefill_and_decode,classify_prefill_execution_and_decode_slope_from_kernel_profile,false,true,true,false,false,false,true,No-Go
phase427_kernel_profile,kernel,K2.5-tp4ep8dp2-8k2k,docs/iter_gap_investigation/phase427_kernel_profile/K2.5-tp4ep8dp2-8k2k,mixed,3,other_cuda,void at::native::unrolled_elementwise_kernel<at::nat...,0.035298,1.009000,35,,,146.075000,9924.000000,0.000000,1.516977,0.595460,0.357492,0.047048,0.031093,0.000000,passed,mixed_mla_attention_dominates,,kernel_profile_collected_prefill_and_decode,classify_prefill_execution_and_decode_slope_from_kernel_profile,false,true,true,false,false,false,true,No-Go
phase427_kernel_profile,kernel,K2.5-tp4ep8dp2-8k2k,docs/iter_gap_investigation/phase427_kernel_profile/K2.5-tp4ep8dp2-8k2k,mixed,3,other_cuda,cudaEventRecordWithFlags,0.026529,0.253000,105,,,146.075000,9924.000000,0.000000,1.516977,0.595460,0.357492,0.047048,0.031093,0.000000,passed,mixed_mla_attention_dominates,,kernel_profile_collected_prefill_and_decode,classify_prefill_execution_and_decode_slope_from_kernel_profile,false,true,true,false,false,false,true,No-Go
phase427_kernel_profile,kernel,K2.5-tp4ep8dp2-8k2k,docs/iter_gap_investigation/phase427_kernel_profile/K2.5-tp4ep8dp2-8k2k,mixed,3,other_cuda,cudaThreadExchangeStreamCaptureMode,0.019614,0.166000,118,,,146.075000,9924.000000,0.000000,1.516977,0.595460,0.357492,0.047048,0.031093,0.000000,passed,mixed_mla_attention_dominates,,kernel_profile_collected_prefill_and_decode,classify_prefill_execution_and_decode_slope_from_kernel_profile,false,true,true,false,false,false,true,No-Go
phase427_kernel_profile,kernel,K2.5-tp4ep8dp2-8k2k,docs/iter_gap_investigation/phase427_kernel_profile/K2.5-tp4ep8dp2-8k2k,mixed,3,other_cuda,cudaEventRecord,0.009280,0.044000,210,,,146.075000,9924.000000,0.000000,1.516977,0.595460,0.357492,0.047048,0.031093,0.000000,passed,mixed_mla_attention_dominates,,kernel_profile_collected_prefill_and_decode,classify_prefill_execution_and_decode_slope_from_kernel_profile,false,true,true,false,false,false,true,No-Go
phase427_kernel_profile,kernel,K2.5-tp4ep8dp2-8k2k,docs/iter_gap_investigation/phase427_kernel_profile/K2.5-tp4ep8dp2-8k2k,mixed,3,other_cuda,cudaEventQuery,0.007168,0.036000,198,,,146.075000,9924.000000,0.000000,1.516977,0.595460,0.357492,0.047048,0.031093,0.000000,passed,mixed_mla_attention_dominates,,kernel_profile_collected_prefill_and_decode,classify_prefill_execution_and_decode_slope_from_kernel_profile,false,true,true,false,false,false,true,No-Go
phase427_kernel_profile,kernel,K2.5-tp4ep8dp2-8k2k,docs/iter_gap_investigation/phase427_kernel_profile/K2.5-tp4ep8dp2-8k2k,mixed,3,other_cuda,cudaDriverGetVersion,0.003936,0.112000,35,,,146.075000,9924.000000,0.000000,1.516977,0.595460,0.357492,0.047048,0.031093,0.000000,passed,mixed_mla_attention_dominates,,kernel_profile_collected_prefill_and_decode,classify_prefill_execution_and_decode_slope_from_kernel_profile,false,true,true,false,false,false,true,No-Go
phase427_kernel_profile,kernel,K2.5-tp4ep8dp2-8k2k,docs/iter_gap_investigation/phase427_kernel_profile/K2.5-tp4ep8dp2-8k2k,mixed,3,other_cuda,Activity Buffer Request,0.002944,0.981000,3,,,146.075000,9924.000000,0.000000,1.516977,0.595460,0.357492,0.047048,0.031093,0.000000,passed,mixed_mla_attention_dominates,,kernel_profile_collected_prefill_and_decode,classify_prefill_execution_and_decode_slope_from_kernel_profile,false,true,true,false,false,false,true,No-Go
phase427_kernel_profile,kernel,K2.5-tp4ep8dp2-8k2k,docs/iter_gap_investigation/phase427_kernel_profile/K2.5-tp4ep8dp2-8k2k,mixed,3,other_cuda,cudaGraphLaunch,0.002624,0.075000,35,,,146.075000,9924.000000,0.000000,1.516977,0.595460,0.357492,0.047048,0.031093,0.000000,passed,mixed_mla_attention_dominates,,kernel_profile_collected_prefill_and_decode,classify_prefill_execution_and_decode_slope_from_kernel_profile,false,true,true,false,false,false,true,No-Go
phase427_kernel_profile,kernel,K2.5-tp4ep8dp2-8k2k,docs/iter_gap_investigation/phase427_kernel_profile/K2.5-tp4ep8dp2-8k2k,mixed,3,other_cuda,cudaStreamWaitEvent,0.002144,0.015000,140,,,146.075000,9924.000000,0.000000,1.516977,0.595460,0.357492,0.047048,0.031093,0.000000,passed,mixed_mla_attention_dominates,,kernel_profile_collected_prefill_and_decode,classify_prefill_execution_and_decode_slope_from_kernel_profile,false,true,true,false,false,false,true,No-Go
phase427_kernel_profile,kernel,K2.5-tp4ep8dp2-8k2k,docs/iter_gap_investigation/phase427_kernel_profile/K2.5-tp4ep8dp2-8k2k,mixed,3,other_cuda,cudaEventSynchronize,0.001312,0.037000,35,,,146.075000,9924.000000,0.000000,1.516977,0.595460,0.357492,0.047048,0.031093,0.000000,passed,mixed_mla_attention_dominates,,kernel_profile_collected_prefill_and_decode,classify_prefill_execution_and_decode_slope_from_kernel_profile,false,true,true,false,false,false,true,No-Go
phase427_kernel_profile,kernel,K2.5-tp4ep8dp2-8k2k,docs/iter_gap_investigation/phase427_kernel_profile/K2.5-tp4ep8dp2-8k2k,mixed,3,cuda_graph_envelope,execute_context_0(0)_generation_56(56),16.344000,466.985000,35,,,146.075000,9924.000000,0.000000,1.516977,0.595460,0.357492,0.047048,0.031093,0.000000,passed,mixed_mla_attention_dominates,,kernel_profile_collected_prefill_and_decode,classify_prefill_execution_and_decode_slope_from_kernel_profile,false,true,true,false,false,false,true,No-Go
phase427_kernel_profile,kernel,K2.5-tp4ep8dp2-8k2k,docs/iter_gap_investigation/phase427_kernel_profile/K2.5-tp4ep8dp2-8k2k,mixed,3,other_cuda,aten::slice,0.000000,0.000000,1925,,,146.075000,9924.000000,0.000000,1.516977,0.595460,0.357492,0.047048,0.031093,0.000000,passed,mixed_mla_attention_dominates,,kernel_profile_collected_prefill_and_decode,classify_prefill_execution_and_decode_slope_from_kernel_profile,false,true,true,false,false,false,true,No-Go
phase427_kernel_profile,kernel,K2.5-tp4ep8dp2-8k2k,docs/iter_gap_investigation/phase427_kernel_profile/K2.5-tp4ep8dp2-8k2k,mixed,3,other_cuda,aten::as_strided,0.000000,0.000000,2940,,,146.075000,9924.000000,0.000000,1.516977,0.595460,0.357492,0.047048,0.031093,0.000000,passed,mixed_mla_attention_dominates,,kernel_profile_collected_prefill_and_decode,classify_prefill_execution_and_decode_slope_from_kernel_profile,false,true,true,false,false,false,true,No-Go
phase427_kernel_profile,kernel,K2.5-tp4ep8dp2-8k2k,docs/iter_gap_investigation/phase427_kernel_profile/K2.5-tp4ep8dp2-8k2k,mixed,3,memcpy_memset,cudaMemcpyAsync,0.000000,0.000000,525,,,146.075000,9924.000000,0.000000,1.516977,0.595460,0.357492,0.047048,0.031093,0.000000,passed,mixed_mla_attention_dominates,,kernel_profile_collected_prefill_and_decode,classify_prefill_execution_and_decode_slope_from_kernel_profile,false,true,true,false,false,false,true,No-Go
phase427_kernel_profile,kernel,K2.5-tp4ep8dp2-8k2k,docs/iter_gap_investigation/phase427_kernel_profile/K2.5-tp4ep8dp2-8k2k,mixed,3,other_cuda,aten::lift_fresh,0.000000,0.000000,315,,,146.075000,9924.000000,0.000000,1.516977,0.595460,0.357492,0.047048,0.031093,0.000000,passed,mixed_mla_attention_dominates,,kernel_profile_collected_prefill_and_decode,classify_prefill_execution_and_decode_slope_from_kernel_profile,false,true,true,false,false,false,true,No-Go
phase427_kernel_profile,kernel,K2.5-tp4ep8dp2-8k2k,docs/iter_gap_investigation/phase427_kernel_profile/K2.5-tp4ep8dp2-8k2k,mixed,3,other_cuda,aten::flatten,0.000000,0.000000,35,,,146.075000,9924.000000,0.000000,1.516977,0.595460,0.357492,0.047048,0.031093,0.000000,passed,mixed_mla_attention_dominates,,kernel_profile_collected_prefill_and_decode,classify_prefill_execution_and_decode_slope_from_kernel_profile,false,true,true,false,false,false,true,No-Go
phase427_kernel_profile,kernel,K2.5-tp4ep8dp2-8k2k,docs/iter_gap_investigation/phase427_kernel_profile/K2.5-tp4ep8dp2-8k2k,mixed,3,other_cuda,aten::view,0.000000,0.000000,280,,,146.075000,9924.000000,0.000000,1.516977,0.595460,0.357492,0.047048,0.031093,0.000000,passed,mixed_mla_attention_dominates,,kernel_profile_collected_prefill_and_decode,classify_prefill_execution_and_decode_slope_from_kernel_profile,false,true,true,false,false,false,true,No-Go
phase427_kernel_profile,kernel,K2.5-tp4ep8dp2-8k2k,docs/iter_gap_investigation/phase427_kernel_profile/K2.5-tp4ep8dp2-8k2k,mixed,3,other_cuda,aten::index_select,0.069565,0.994000,70,,,146.075000,9924.000000,0.000000,1.516977,0.595460,0.357492,0.047048,0.031093,0.000000,passed,mixed_mla_attention_dominates,,kernel_profile_collected_prefill_and_decode,classify_prefill_execution_and_decode_slope_from_kernel_profile,false,true,true,false,false,false,true,No-Go
phase427_kernel_profile,kernel,K2.5-tp4ep8dp2-8k2k,docs/iter_gap_investigation/phase427_kernel_profile/K2.5-tp4ep8dp2-8k2k,mixed,3,other_cuda,aten::detach,0.000000,0.000000,70,,,146.075000,9924.000000,0.000000,1.516977,0.595460,0.357492,0.047048,0.031093,0.000000,passed,mixed_mla_attention_dominates,,kernel_profile_collected_prefill_and_decode,classify_prefill_execution_and_decode_slope_from_kernel_profile,false,true,true,false,false,false,true,No-Go
phase427_kernel_profile,kernel,K2.5-tp4ep8dp2-8k2k,docs/iter_gap_investigation/phase427_kernel_profile/K2.5-tp4ep8dp2-8k2k,mixed,3,other_cuda,aten::to,1.341000,2.736000,490,,,146.075000,9924.000000,0.000000,1.516977,0.595460,0.357492,0.047048,0.031093,0.000000,passed,mixed_mla_attention_dominates,,kernel_profile_collected_prefill_and_decode,classify_prefill_execution_and_decode_slope_from_kernel_profile,false,true,true,false,false,false,true,No-Go
phase427_kernel_profile,kernel,K2.5-tp4ep8dp2-8k2k,docs/iter_gap_investigation/phase427_kernel_profile/K2.5-tp4ep8dp2-8k2k,mixed,4,cuda_graph_envelope,execute_context_0(0)_generation_56(56),3471.000000,551.025000,6300,,,146.075000,9924.000000,0.000000,1.516977,0.595460,0.357492,0.047048,0.031093,0.000000,passed,mixed_mla_attention_dominates,,kernel_profile_collected_prefill_and_decode,classify_prefill_execution_and_decode_slope_from_kernel_profile,false,true,true,false,false,false,true,No-Go
phase427_kernel_profile,kernel,K2.5-tp4ep8dp2-8k2k,docs/iter_gap_investigation/phase427_kernel_profile/K2.5-tp4ep8dp2-8k2k,mixed,4,mla_attention,void cutlass::device_kernel<flash::enable_sm90_or_la...,394.857000,180.547000,2187,,,146.075000,9924.000000,0.000000,1.516977,0.595460,0.357492,0.047048,0.031093,0.000000,passed,mixed_mla_attention_dominates,,kernel_profile_collected_prefill_and_decode,classify_prefill_execution_and_decode_slope_from_kernel_profile,false,true,true,false,false,false,true,No-Go
phase427_kernel_profile,kernel,K2.5-tp4ep8dp2-8k2k,docs/iter_gap_investigation/phase427_kernel_profile/K2.5-tp4ep8dp2-8k2k,mixed,4,moe_gemm_or_aux,"void marlin_moe_wna16::Marlin<1125899906909960l, 112...",238.621000,55.416000,4306,,,146.075000,9924.000000,0.000000,1.516977,0.595460,0.357492,0.047048,0.031093,0.000000,passed,mixed_mla_attention_dominates,,kernel_profile_collected_prefill_and_decode,classify_prefill_execution_and_decode_slope_from_kernel_profile,false,true,true,false,false,false,true,No-Go
phase427_kernel_profile,kernel,K2.5-tp4ep8dp2-8k2k,docs/iter_gap_investigation/phase427_kernel_profile/K2.5-tp4ep8dp2-8k2k,mixed,4,ep_a2a,ncclDevKernel_ReduceScatter_Sum_bf16_RING_LL(ncclDev...,168.914000,78.455000,2153,,,146.075000,9924.000000,0.000000,1.516977,0.595460,0.357492,0.047048,0.031093,0.000000,passed,mixed_mla_attention_dominates,,kernel_profile_collected_prefill_and_decode,classify_prefill_execution_and_decode_slope_from_kernel_profile,false,true,true,false,false,false,true,No-Go
phase427_kernel_profile,kernel,K2.5-tp4ep8dp2-8k2k,docs/iter_gap_investigation/phase427_kernel_profile/K2.5-tp4ep8dp2-8k2k,mixed,4,ep_a2a,ncclDevKernel_AllGather_RING_LL(ncclDevKernelArgsSto...,102.518000,23.611000,4342,,,146.075000,9924.000000,0.000000,1.516977,0.595460,0.357492,0.047048,0.031093,0.000000,passed,mixed_mla_attention_dominates,,kernel_profile_collected_prefill_and_decode,classify_prefill_execution_and_decode_slope_from_kernel_profile,false,true,true,false,false,false,true,No-Go
phase427_kernel_profile,kernel,K2.5-tp4ep8dp2-8k2k,docs/iter_gap_investigation/phase427_kernel_profile/K2.5-tp4ep8dp2-8k2k,mixed,4,dense_gemm,nvjet_tst_64x16_64x16_2x1_v_bz_splitK_TNT,39.609000,18.397000,2153,,,146.075000,9924.000000,0.000000,1.516977,0.595460,0.357492,0.047048,0.031093,0.000000,passed,mixed_mla_attention_dominates,,kernel_profile_collected_prefill_and_decode,classify_prefill_execution_and_decode_slope_from_kernel_profile,false,true,true,false,false,false,true,No-Go
phase427_kernel_profile,kernel,K2.5-tp4ep8dp2-8k2k,docs/iter_gap_investigation/phase427_kernel_profile/K2.5-tp4ep8dp2-8k2k,mixed,4,tp_or_dp_allreduce,"void vllm::cross_device_reduce_2stage<__nv_bfloat16,...",29.473000,13.053000,2258,,,146.075000,9924.000000,0.000000,1.516977,0.595460,0.357492,0.047048,0.031093,0.000000,passed,mixed_mla_attention_dominates,,kernel_profile_collected_prefill_and_decode,classify_prefill_execution_and_decode_slope_from_kernel_profile,false,true,true,false,false,false,true,No-Go
phase427_kernel_profile,kernel,K2.5-tp4ep8dp2-8k2k,docs/iter_gap_investigation/phase427_kernel_profile/K2.5-tp4ep8dp2-8k2k,mixed,4,dense_gemm,nvjet_tst_64x16_64x16_4x1_v_bz_TNT,27.653000,12.844000,2153,,,146.075000,9924.000000,0.000000,1.516977,0.595460,0.357492,0.047048,0.031093,0.000000,passed,mixed_mla_attention_dominates,,kernel_profile_collected_prefill_and_decode,classify_prefill_execution_and_decode_slope_from_kernel_profile,false,true,true,false,false,false,true,No-Go
phase427_kernel_profile,kernel,K2.5-tp4ep8dp2-8k2k,docs/iter_gap_investigation/phase427_kernel_profile/K2.5-tp4ep8dp2-8k2k,mixed,4,dense_gemm,nvjet_tst_64x56_64x14_4x1_v_bz_splitK_TNT,26.356000,12.051000,2187,,,146.075000,9924.000000,0.000000,1.516977,0.595460,0.357492,0.047048,0.031093,0.000000,passed,mixed_mla_attention_dominates,,kernel_profile_collected_prefill_and_decode,classify_prefill_execution_and_decode_slope_from_kernel_profile,false,true,true,false,false,false,true,No-Go
phase427_kernel_profile,kernel,K2.5-tp4ep8dp2-8k2k,docs/iter_gap_investigation/phase427_kernel_profile/K2.5-tp4ep8dp2-8k2k,mixed,4,dense_gemm,nvjet_tst_64x56_64x14_4x1_v_bz_TNT,23.304000,10.488000,2222,,,146.075000,9924.000000,0.000000,1.516977,0.595460,0.357492,0.047048,0.031093,0.000000,passed,mixed_mla_attention_dominates,,kernel_profile_collected_prefill_and_decode,classify_prefill_execution_and_decode_slope_from_kernel_profile,false,true,true,false,false,false,true,No-Go
phase427_kernel_profile,kernel,K2.5-tp4ep8dp2-8k2k,docs/iter_gap_investigation/phase427_kernel_profile/K2.5-tp4ep8dp2-8k2k,mixed,4,other_cuda,"void at::native::reduce_kernel<128, 4, at::native::R...",21.182000,9.838000,2153,,,146.075000,9924.000000,0.000000,1.516977,0.595460,0.357492,0.047048,0.031093,0.000000,passed,mixed_mla_attention_dominates,,kernel_profile_collected_prefill_and_decode,classify_prefill_execution_and_decode_slope_from_kernel_profile,false,true,true,false,false,false,true,No-Go
phase427_kernel_profile,kernel,K2.5-tp4ep8dp2-8k2k,docs/iter_gap_investigation/phase427_kernel_profile/K2.5-tp4ep8dp2-8k2k,mixed,4,dense_gemm,"void router_gemm_kernel_bf16_output<__nv_bfloat16, 1...",16.344000,7.591000,2153,,,146.075000,9924.000000,0.000000,1.516977,0.595460,0.357492,0.047048,0.031093,0.000000,passed,mixed_mla_attention_dominates,,kernel_profile_collected_prefill_and_decode,classify_prefill_execution_and_decode_slope_from_kernel_profile,false,true,true,false,false,false,true,No-Go
phase427_kernel_profile,kernel,K2.5-tp4ep8dp2-8k2k,docs/iter_gap_investigation/phase427_kernel_profile/K2.5-tp4ep8dp2-8k2k,mixed,4,other_cuda,"void vllm::act_and_mul_kernel<c10::BFloat16, __nv_bf...",14.361000,6.670000,2153,,,146.075000,9924.000000,0.000000,1.516977,0.595460,0.357492,0.047048,0.031093,0.000000,passed,mixed_mla_attention_dominates,,kernel_profile_collected_prefill_and_decode,classify_prefill_execution_and_decode_slope_from_kernel_profile,false,true,true,false,false,false,true,No-Go
phase427_kernel_profile,kernel,K2.5-tp4ep8dp2-8k2k,docs/iter_gap_investigation/phase427_kernel_profile/K2.5-tp4ep8dp2-8k2k,mixed,4,dense_gemm,nvjet_tst_64x32_64x16_4x2_h_bz_TNT,13.534000,6.188000,2187,,,146.075000,9924.000000,0.000000,1.516977,0.595460,0.357492,0.047048,0.031093,0.000000,passed,mixed_mla_attention_dominates,,kernel_profile_collected_prefill_and_decode,classify_prefill_execution_and_decode_slope_from_kernel_profile,false,true,true,false,false,false,true,No-Go
phase427_kernel_profile,kernel,K2.5-tp4ep8dp2-8k2k,docs/iter_gap_investigation/phase427_kernel_profile/K2.5-tp4ep8dp2-8k2k,mixed,4,mla_attention,void cutlass::device_kernel<flash::FlashAttnFwdCombi...,11.928000,5.454000,2187,,,146.075000,9924.000000,0.000000,1.516977,0.595460,0.357492,0.047048,0.031093,0.000000,passed,mixed_mla_attention_dominates,,kernel_profile_collected_prefill_and_decode,classify_prefill_execution_and_decode_slope_from_kernel_profile,false,true,true,false,false,false,true,No-Go
phase427_kernel_profile,kernel,K2.5-tp4ep8dp2-8k2k,docs/iter_gap_investigation/phase427_kernel_profile/K2.5-tp4ep8dp2-8k2k,mixed,4,dense_gemm,"void cublasLt::splitKreduce_kernel<32, 16, int, floa...",9.913000,2.284000,4340,,,146.075000,9924.000000,0.000000,1.516977,0.595460,0.357492,0.047048,0.031093,0.000000,passed,mixed_mla_attention_dominates,,kernel_profile_collected_prefill_and_decode,classify_prefill_execution_and_decode_slope_from_kernel_profile,false,true,true,false,false,false,true,No-Go
phase427_kernel_profile,kernel,K2.5-tp4ep8dp2-8k2k,docs/iter_gap_investigation/phase427_kernel_profile/K2.5-tp4ep8dp2-8k2k,mixed,4,other_cuda,"void at::native::vectorized_elementwise_kernel<8, at...",9.813000,4.558000,2153,,,146.075000,9924.000000,0.000000,1.516977,0.595460,0.357492,0.047048,0.031093,0.000000,passed,mixed_mla_attention_dominates,,kernel_profile_collected_prefill_and_decode,classify_prefill_execution_and_decode_slope_from_kernel_profile,false,true,true,false,false,false,true,No-Go
phase427_kernel_profile,kernel,K2.5-tp4ep8dp2-8k2k,docs/iter_gap_investigation/phase427_kernel_profile/K2.5-tp4ep8dp2-8k2k,mixed,4,moe_gemm_or_aux,void vllm::moe::grouped_topk_fused_small_expert_coun...,9.783000,4.544000,2153,,,146.075000,9924.000000,0.000000,1.516977,0.595460,0.357492,0.047048,0.031093,0.000000,passed,mixed_mla_attention_dominates,,kernel_profile_collected_prefill_and_decode,classify_prefill_execution_and_decode_slope_from_kernel_profile,false,true,true,false,false,false,true,No-Go
phase427_kernel_profile,kernel,K2.5-tp4ep8dp2-8k2k,docs/iter_gap_investigation/phase427_kernel_profile/K2.5-tp4ep8dp2-8k2k,mixed,4,other_cuda,triton_red_fused__to_copy_add_mean_min_latency_fused...,8.481000,4.006000,2117,,,146.075000,9924.000000,0.000000,1.516977,0.595460,0.357492,0.047048,0.031093,0.000000,passed,mixed_mla_attention_dominates,,kernel_profile_collected_prefill_and_decode,classify_prefill_execution_and_decode_slope_from_kernel_profile,false,true,true,false,false,false,true,No-Go
phase427_kernel_profile,kernel,K2.5-tp4ep8dp2-8k2k,docs/iter_gap_investigation/phase427_kernel_profile/K2.5-tp4ep8dp2-8k2k,mixed,4,dense_gemm,nvjet_tst_64x24_64x16_2x1_v_bz_TNT,8.367000,3.826000,2187,,,146.075000,9924.000000,0.000000,1.516977,0.595460,0.357492,0.047048,0.031093,0.000000,passed,mixed_mla_attention_dominates,,kernel_profile_collected_prefill_and_decode,classify_prefill_execution_and_decode_slope_from_kernel_profile,false,true,true,false,false,false,true,No-Go
phase427_kernel_profile,kernel,K2.5-tp4ep8dp2-8k2k,docs/iter_gap_investigation/phase427_kernel_profile/K2.5-tp4ep8dp2-8k2k,mixed,4,dense_gemm,nvjet_tst_64x56_64x14_2x1_v_bz_NNT,8.224000,3.760000,2187,,,146.075000,9924.000000,0.000000,1.516977,0.595460,0.357492,0.047048,0.031093,0.000000,passed,mixed_mla_attention_dominates,,kernel_profile_collected_prefill_and_decode,classify_prefill_execution_and_decode_slope_from_kernel_profile,false,true,true,false,false,false,true,No-Go
phase427_kernel_profile,kernel,K2.5-tp4ep8dp2-8k2k,docs/iter_gap_investigation/phase427_kernel_profile/K2.5-tp4ep8dp2-8k2k,mixed,4,moe_gemm_or_aux,void vllm::moe::moe_align_block_size_kernel<int>(int...,7.442000,3.456000,2153,,,146.075000,9924.000000,0.000000,1.516977,0.595460,0.357492,0.047048,0.031093,0.000000,passed,mixed_mla_attention_dominates,,kernel_profile_collected_prefill_and_decode,classify_prefill_execution_and_decode_slope_from_kernel_profile,false,true,true,false,false,false,true,No-Go
phase427_kernel_profile,kernel,K2.5-tp4ep8dp2-8k2k,docs/iter_gap_investigation/phase427_kernel_profile/K2.5-tp4ep8dp2-8k2k,mixed,4,other_cuda,aten::copy_,7.246000,7.394000,980,,,146.075000,9924.000000,0.000000,1.516977,0.595460,0.357492,0.047048,0.031093,0.000000,passed,mixed_mla_attention_dominates,,kernel_profile_collected_prefill_and_decode,classify_prefill_execution_and_decode_slope_from_kernel_profile,false,true,true,false,false,false,true,No-Go
phase427_kernel_profile,kernel,K2.5-tp4ep8dp2-8k2k,docs/iter_gap_investigation/phase427_kernel_profile/K2.5-tp4ep8dp2-8k2k,mixed,4,other_cuda,triton_red_fused__to_copy_add_mean_mul_pow_rsqrt_seq...,6.014000,2.793000,2153,,,146.075000,9924.000000,0.000000,1.516977,0.595460,0.357492,0.047048,0.031093,0.000000,passed,mixed_mla_attention_dominates,,kernel_profile_collected_prefill_and_decode,classify_prefill_execution_and_decode_slope_from_kernel_profile,false,true,true,false,false,false,true,No-Go
phase427_kernel_profile,kernel,K2.5-tp4ep8dp2-8k2k,docs/iter_gap_investigation/phase427_kernel_profile/K2.5-tp4ep8dp2-8k2k,mixed,4,dense_gemm,nvjet_tst_320x64_64x4_2x1_v_bz_TNT,5.358000,148.837000,36,,,146.075000,9924.000000,0.000000,1.516977,0.595460,0.357492,0.047048,0.031093,0.000000,passed,mixed_mla_attention_dominates,,kernel_profile_collected_prefill_and_decode,classify_prefill_execution_and_decode_slope_from_kernel_profile,false,true,true,false,false,false,true,No-Go
phase427_kernel_profile,kernel,K2.5-tp4ep8dp2-8k2k,docs/iter_gap_investigation/phase427_kernel_profile/K2.5-tp4ep8dp2-8k2k,mixed,4,dense_gemm,aten::mm,5.210000,148.846000,35,,,146.075000,9924.000000,0.000000,1.516977,0.595460,0.357492,0.047048,0.031093,0.000000,passed,mixed_mla_attention_dominates,,kernel_profile_collected_prefill_and_decode,classify_prefill_execution_and_decode_slope_from_kernel_profile,false,true,true,false,false,false,true,No-Go
phase427_kernel_profile,kernel,K2.5-tp4ep8dp2-8k2k,docs/iter_gap_investigation/phase427_kernel_profile/K2.5-tp4ep8dp2-8k2k,mixed,4,memcpy_memset,Memcpy HtoD (Pinned -> Device),4.900000,17.500000,280,,,146.075000,9924.000000,0.000000,1.516977,0.595460,0.357492,0.047048,0.031093,0.000000,passed,mixed_mla_attention_dominates,,kernel_profile_collected_prefill_and_decode,classify_prefill_execution_and_decode_slope_from_kernel_profile,false,true,true,false,false,false,true,No-Go
phase427_kernel_profile,kernel,K2.5-tp4ep8dp2-8k2k,docs/iter_gap_investigation/phase427_kernel_profile/K2.5-tp4ep8dp2-8k2k,mixed,4,other_cuda,triton_poi_fused_add_clone_copy_expand_index_mul_neg...,4.487000,2.085000,2152,,,146.075000,9924.000000,0.000000,1.516977,0.595460,0.357492,0.047048,0.031093,0.000000,passed,mixed_mla_attention_dominates,,kernel_profile_collected_prefill_and_decode,classify_prefill_execution_and_decode_slope_from_kernel_profile,false,true,true,false,false,false,true,No-Go
phase427_kernel_profile,kernel,K2.5-tp4ep8dp2-8k2k,docs/iter_gap_investigation/phase427_kernel_profile/K2.5-tp4ep8dp2-8k2k,mixed,4,mla_attention,void vllm::concat_and_cache_mla_kernel<__nv_bfloat16...,4.342000,1.986000,2187,,,146.075000,9924.000000,0.000000,1.516977,0.595460,0.357492,0.047048,0.031093,0.000000,passed,mixed_mla_attention_dominates,,kernel_profile_collected_prefill_and_decode,classify_prefill_execution_and_decode_slope_from_kernel_profile,false,true,true,false,false,false,true,No-Go
phase427_kernel_profile,kernel,K2.5-tp4ep8dp2-8k2k,docs/iter_gap_investigation/phase427_kernel_profile/K2.5-tp4ep8dp2-8k2k,mixed,4,other_cuda,triton_red_fused_4,4.208000,1.955000,2152,,,146.075000,9924.000000,0.000000,1.516977,0.595460,0.357492,0.047048,0.031093,0.000000,passed,mixed_mla_attention_dominates,,kernel_profile_collected_prefill_and_decode,classify_prefill_execution_and_decode_slope_from_kernel_profile,false,true,true,false,false,false,true,No-Go
phase427_kernel_profile,kernel,K2.5-tp4ep8dp2-8k2k,docs/iter_gap_investigation/phase427_kernel_profile/K2.5-tp4ep8dp2-8k2k,mixed,4,other_cuda,triton_poi_fused_3,3.521000,1.636000,2152,,,146.075000,9924.000000,0.000000,1.516977,0.595460,0.357492,0.047048,0.031093,0.000000,passed,mixed_mla_attention_dominates,,kernel_profile_collected_prefill_and_decode,classify_prefill_execution_and_decode_slope_from_kernel_profile,false,true,true,false,false,false,true,No-Go
phase427_kernel_profile,kernel,K2.5-tp4ep8dp2-8k2k,docs/iter_gap_investigation/phase427_kernel_profile/K2.5-tp4ep8dp2-8k2k,mixed,4,other_cuda,triton_poi_fused_add_all_gather_mul_1,3.331000,1.547000,2153,,,146.075000,9924.000000,0.000000,1.516977,0.595460,0.357492,0.047048,0.031093,0.000000,passed,mixed_mla_attention_dominates,,kernel_profile_collected_prefill_and_decode,classify_prefill_execution_and_decode_slope_from_kernel_profile,false,true,true,false,false,false,true,No-Go
phase427_kernel_profile,kernel,K2.5-tp4ep8dp2-8k2k,docs/iter_gap_investigation/phase427_kernel_profile/K2.5-tp4ep8dp2-8k2k,mixed,4,moe_gemm_or_aux,void vllm::moe::count_and_sort_expert_tokens_kernel<...,3.257000,1.513000,2153,,,146.075000,9924.000000,0.000000,1.516977,0.595460,0.357492,0.047048,0.031093,0.000000,passed,mixed_mla_attention_dominates,,kernel_profile_collected_prefill_and_decode,classify_prefill_execution_and_decode_slope_from_kernel_profile,false,true,true,false,false,false,true,No-Go
phase427_kernel_profile,kernel,K2.5-tp4ep8dp2-8k2k,docs/iter_gap_investigation/phase427_kernel_profile/K2.5-tp4ep8dp2-8k2k,mixed,4,other_cuda,triton_poi_fused_mul_silu_slice_0,3.114000,1.446000,2153,,,146.075000,9924.000000,0.000000,1.516977,0.595460,0.357492,0.047048,0.031093,0.000000,passed,mixed_mla_attention_dominates,,kernel_profile_collected_prefill_and_decode,classify_prefill_execution_and_decode_slope_from_kernel_profile,false,true,true,false,false,false,true,No-Go
phase427_kernel_profile,kernel,K2.5-tp4ep8dp2-8k2k,docs/iter_gap_investigation/phase427_kernel_profile/K2.5-tp4ep8dp2-8k2k,mixed,4,other_cuda,record_param_comms,2.581000,73.742000,35,,,146.075000,9924.000000,0.000000,1.516977,0.595460,0.357492,0.047048,0.031093,0.000000,passed,mixed_mla_attention_dominates,,kernel_profile_collected_prefill_and_decode,classify_prefill_execution_and_decode_slope_from_kernel_profile,false,true,true,false,false,false,true,No-Go
phase427_kernel_profile,kernel,K2.5-tp4ep8dp2-8k2k,docs/iter_gap_investigation/phase427_kernel_profile/K2.5-tp4ep8dp2-8k2k,mixed,4,ep_a2a,nccl:_all_gather_base,2.504000,71.547000,35,,,146.075000,9924.000000,0.000000,1.516977,0.595460,0.357492,0.047048,0.031093,0.000000,passed,mixed_mla_attention_dominates,,kernel_profile_collected_prefill_and_decode,classify_prefill_execution_and_decode_slope_from_kernel_profile,false,true,true,false,false,false,true,No-Go
phase427_kernel_profile,kernel,K2.5-tp4ep8dp2-8k2k,docs/iter_gap_investigation/phase427_kernel_profile/K2.5-tp4ep8dp2-8k2k,mixed,4,dense_gemm,nvjet_tst_80x64_64x11_4x1_v_bz_TNN,1.273000,36.374000,35,,,146.075000,9924.000000,0.000000,1.516977,0.595460,0.357492,0.047048,0.031093,0.000000,passed,mixed_mla_attention_dominates,,kernel_profile_collected_prefill_and_decode,classify_prefill_execution_and_decode_slope_from_kernel_profile,false,true,true,false,false,false,true,No-Go
phase427_kernel_profile,kernel,K2.5-tp4ep8dp2-8k2k,docs/iter_gap_investigation/phase427_kernel_profile/K2.5-tp4ep8dp2-8k2k,mixed,4,other_cuda,void at::native::unrolled_elementwise_kernel<at::nat...,0.908901,25.247000,36,,,146.075000,9924.000000,0.000000,1.516977,0.595460,0.357492,0.047048,0.031093,0.000000,passed,mixed_mla_attention_dominates,,kernel_profile_collected_prefill_and_decode,classify_prefill_execution_and_decode_slope_from_kernel_profile,false,true,true,false,false,false,true,No-Go
phase427_kernel_profile,kernel,K2.5-tp4ep8dp2-8k2k,docs/iter_gap_investigation/phase427_kernel_profile/K2.5-tp4ep8dp2-8k2k,mixed,4,other_cuda,aten::argmax,0.838782,23.965000,35,,,146.075000,9924.000000,0.000000,1.516977,0.595460,0.357492,0.047048,0.031093,0.000000,passed,mixed_mla_attention_dominates,,kernel_profile_collected_prefill_and_decode,classify_prefill_execution_and_decode_slope_from_kernel_profile,false,true,true,false,false,false,true,No-Go
phase427_kernel_profile,kernel,K2.5-tp4ep8dp2-8k2k,docs/iter_gap_investigation/phase427_kernel_profile/K2.5-tp4ep8dp2-8k2k,mixed,4,other_cuda,"void at::native::elementwise_kernel<128, 4, at::nati...",0.832870,23.135000,36,,,146.075000,9924.000000,0.000000,1.516977,0.595460,0.357492,0.047048,0.031093,0.000000,passed,mixed_mla_attention_dominates,,kernel_profile_collected_prefill_and_decode,classify_prefill_execution_and_decode_slope_from_kernel_profile,false,true,true,false,false,false,true,No-Go
phase427_kernel_profile,kernel,K2.5-tp4ep8dp2-8k2k,docs/iter_gap_investigation/phase427_kernel_profile/K2.5-tp4ep8dp2-8k2k,mixed,4,other_cuda,"void at::native::reduce_kernel<512, 1, at::native::R...",0.803618,22.323000,36,,,146.075000,9924.000000,0.000000,1.516977,0.595460,0.357492,0.047048,0.031093,0.000000,passed,mixed_mla_attention_dominates,,kernel_profile_collected_prefill_and_decode,classify_prefill_execution_and_decode_slope_from_kernel_profile,false,true,true,false,false,false,true,No-Go
phase427_kernel_profile,kernel,K2.5-tp4ep8dp2-8k2k,docs/iter_gap_investigation/phase427_kernel_profile/K2.5-tp4ep8dp2-8k2k,mixed,4,tp_or_dp_allreduce,_C_custom_ar::all_reduce,0.631933,18.055000,35,,,146.075000,9924.000000,0.000000,1.516977,0.595460,0.357492,0.047048,0.031093,0.000000,passed,mixed_mla_attention_dominates,,kernel_profile_collected_prefill_and_decode,classify_prefill_execution_and_decode_slope_from_kernel_profile,false,true,true,false,false,false,true,No-Go
phase427_kernel_profile,kernel,K2.5-tp4ep8dp2-8k2k,docs/iter_gap_investigation/phase427_kernel_profile/K2.5-tp4ep8dp2-8k2k,mixed,4,memcpy_memset,Memcpy DtoD (Device -> Device),0.272799,1.299000,210,,,146.075000,9924.000000,0.000000,1.516977,0.595460,0.357492,0.047048,0.031093,0.000000,passed,mixed_mla_attention_dominates,,kernel_profile_collected_prefill_and_decode,classify_prefill_execution_and_decode_slope_from_kernel_profile,false,true,true,false,false,false,true,No-Go
phase427_kernel_profile,kernel,K2.5-tp4ep8dp2-8k2k,docs/iter_gap_investigation/phase427_kernel_profile/K2.5-tp4ep8dp2-8k2k,mixed,4,other_cuda,void at::native::unrolled_elementwise_kernel<at::nat...,0.260352,1.821000,143,,,146.075000,9924.000000,0.000000,1.516977,0.595460,0.357492,0.047048,0.031093,0.000000,passed,mixed_mla_attention_dominates,,kernel_profile_collected_prefill_and_decode,classify_prefill_execution_and_decode_slope_from_kernel_profile,false,true,true,false,false,false,true,No-Go
phase427_kernel_profile,kernel,K2.5-tp4ep8dp2-8k2k,docs/iter_gap_investigation/phase427_kernel_profile/K2.5-tp4ep8dp2-8k2k,mixed,4,other_cuda,triton_red_fused__to_copy_add_mean_mul_pow_rsqrt_sli...,0.168544,4.682000,36,,,146.075000,9924.000000,0.000000,1.516977,0.595460,0.357492,0.047048,0.031093,0.000000,passed,mixed_mla_attention_dominates,,kernel_profile_collected_prefill_and_decode,classify_prefill_execution_and_decode_slope_from_kernel_profile,false,true,true,false,false,false,true,No-Go
phase427_kernel_profile,kernel,K2.5-tp4ep8dp2-8k2k,docs/iter_gap_investigation/phase427_kernel_profile/K2.5-tp4ep8dp2-8k2k,mixed,4,other_cuda,aten::index,0.239304,3.419000,70,,,146.075000,9924.000000,0.000000,1.516977,0.595460,0.357492,0.047048,0.031093,0.000000,passed,mixed_mla_attention_dominates,,kernel_profile_collected_prefill_and_decode,classify_prefill_execution_and_decode_slope_from_kernel_profile,false,true,true,false,false,false,true,No-Go
phase427_kernel_profile,kernel,K2.5-tp4ep8dp2-8k2k,docs/iter_gap_investigation/phase427_kernel_profile/K2.5-tp4ep8dp2-8k2k,mixed,4,other_cuda,cudaEventRecordWithFlags,0.153057,1.458000,105,,,146.075000,9924.000000,0.000000,1.516977,0.595460,0.357492,0.047048,0.031093,0.000000,passed,mixed_mla_attention_dominates,,kernel_profile_collected_prefill_and_decode,classify_prefill_execution_and_decode_slope_from_kernel_profile,false,true,true,false,false,false,true,No-Go
phase427_kernel_profile,kernel,K2.5-tp4ep8dp2-8k2k,docs/iter_gap_investigation/phase427_kernel_profile/K2.5-tp4ep8dp2-8k2k,mixed,4,other_cuda,"void at::native::vectorized_gather_kernel<16, long>(...",0.151842,2.139000,71,,,146.075000,9924.000000,0.000000,1.516977,0.595460,0.357492,0.047048,0.031093,0.000000,passed,mixed_mla_attention_dominates,,kernel_profile_collected_prefill_and_decode,classify_prefill_execution_and_decode_slope_from_kernel_profile,false,true,true,false,false,false,true,No-Go
phase427_kernel_profile,kernel,K2.5-tp4ep8dp2-8k2k,docs/iter_gap_investigation/phase427_kernel_profile/K2.5-tp4ep8dp2-8k2k,mixed,4,other_cuda,triton_red_fused__to_copy_add_mean_min_latency_fused...,0.145154,4.147000,35,,,146.075000,9924.000000,0.000000,1.516977,0.595460,0.357492,0.047048,0.031093,0.000000,passed,mixed_mla_attention_dominates,,kernel_profile_collected_prefill_and_decode,classify_prefill_execution_and_decode_slope_from_kernel_profile,false,true,true,false,false,false,true,No-Go
phase427_kernel_profile,kernel,K2.5-tp4ep8dp2-8k2k,docs/iter_gap_investigation/phase427_kernel_profile/K2.5-tp4ep8dp2-8k2k,mixed,4,memcpy_memset,Memcpy DtoH (Device -> Pinned),0.131910,3.664000,36,,,146.075000,9924.000000,0.000000,1.516977,0.595460,0.357492,0.047048,0.031093,0.000000,passed,mixed_mla_attention_dominates,,kernel_profile_collected_prefill_and_decode,classify_prefill_execution_and_decode_slope_from_kernel_profile,false,true,true,false,false,false,true,No-Go
phase427_kernel_profile,kernel,K2.5-tp4ep8dp2-8k2k,docs/iter_gap_investigation/phase427_kernel_profile/K2.5-tp4ep8dp2-8k2k,mixed,4,other_cuda,aten::masked_fill_,0.118338,3.381000,35,,,146.075000,9924.000000,0.000000,1.516977,0.595460,0.357492,0.047048,0.031093,0.000000,passed,mixed_mla_attention_dominates,,kernel_profile_collected_prefill_and_decode,classify_prefill_execution_and_decode_slope_from_kernel_profile,false,true,true,false,false,false,true,No-Go
phase427_kernel_profile,kernel,K2.5-tp4ep8dp2-8k2k,docs/iter_gap_investigation/phase427_kernel_profile/K2.5-tp4ep8dp2-8k2k,mixed,4,other_cuda,"void at::native::elementwise_kernel<128, 4, at::nati...",0.118338,3.381000,35,,,146.075000,9924.000000,0.000000,1.516977,0.595460,0.357492,0.047048,0.031093,0.000000,passed,mixed_mla_attention_dominates,,kernel_profile_collected_prefill_and_decode,classify_prefill_execution_and_decode_slope_from_kernel_profile,false,true,true,false,false,false,true,No-Go
phase427_kernel_profile,kernel,K2.5-tp4ep8dp2-8k2k,docs/iter_gap_investigation/phase427_kernel_profile/K2.5-tp4ep8dp2-8k2k,mixed,4,other_cuda,aten::fill_,0.118276,0.282000,420,,,146.075000,9924.000000,0.000000,1.516977,0.595460,0.357492,0.047048,0.031093,0.000000,passed,mixed_mla_attention_dominates,,kernel_profile_collected_prefill_and_decode,classify_prefill_execution_and_decode_slope_from_kernel_profile,false,true,true,false,false,false,true,No-Go
phase427_kernel_profile,kernel,K2.5-tp4ep8dp2-8k2k,docs/iter_gap_investigation/phase427_kernel_profile/K2.5-tp4ep8dp2-8k2k,mixed,4,other_cuda,_compute_slot_mapping_kernel,0.111077,3.174000,35,,,146.075000,9924.000000,0.000000,1.516977,0.595460,0.357492,0.047048,0.031093,0.000000,passed,mixed_mla_attention_dominates,,kernel_profile_collected_prefill_and_decode,classify_prefill_execution_and_decode_slope_from_kernel_profile,false,true,true,false,false,false,true,No-Go
phase427_kernel_profile,kernel,K2.5-tp4ep8dp2-8k2k,docs/iter_gap_investigation/phase427_kernel_profile/K2.5-tp4ep8dp2-8k2k,mixed,4,other_cuda,triton_red_fused__to_copy_add_clone_mean_min_latency...,0.104354,2.982000,35,,,146.075000,9924.000000,0.000000,1.516977,0.595460,0.357492,0.047048,0.031093,0.000000,passed,mixed_mla_attention_dominates,,kernel_profile_collected_prefill_and_decode,classify_prefill_execution_and_decode_slope_from_kernel_profile,false,true,true,false,false,false,true,No-Go
phase427_kernel_profile,kernel,K2.5-tp4ep8dp2-8k2k,docs/iter_gap_investigation/phase427_kernel_profile/K2.5-tp4ep8dp2-8k2k,mixed,4,other_cuda,"void at::native::index_elementwise_kernel<128, 4, at...",0.103394,2.872000,36,,,146.075000,9924.000000,0.000000,1.516977,0.595460,0.357492,0.047048,0.031093,0.000000,passed,mixed_mla_attention_dominates,,kernel_profile_collected_prefill_and_decode,classify_prefill_execution_and_decode_slope_from_kernel_profile,false,true,true,false,false,false,true,No-Go
phase427_kernel_profile,kernel,K2.5-tp4ep8dp2-8k2k,docs/iter_gap_investigation/phase427_kernel_profile/K2.5-tp4ep8dp2-8k2k,mixed,4,other_cuda,aten::_index_put_impl_,0.225123,6.432000,35,,,146.075000,9924.000000,0.000000,1.516977,0.595460,0.357492,0.047048,0.031093,0.000000,passed,mixed_mla_attention_dominates,,kernel_profile_collected_prefill_and_decode,classify_prefill_execution_and_decode_slope_from_kernel_profile,false,true,true,false,false,false,true,No-Go
phase427_kernel_profile,kernel,K2.5-tp4ep8dp2-8k2k,docs/iter_gap_investigation/phase427_kernel_profile/K2.5-tp4ep8dp2-8k2k,mixed,4,other_cuda,triton_red_fused__to_copy_add_mean_mul_pow_rsqrt_0,0.099518,2.843000,35,,,146.075000,9924.000000,0.000000,1.516977,0.595460,0.357492,0.047048,0.031093,0.000000,passed,mixed_mla_attention_dominates,,kernel_profile_collected_prefill_and_decode,classify_prefill_execution_and_decode_slope_from_kernel_profile,false,true,true,false,false,false,true,No-Go
phase427_kernel_profile,kernel,K2.5-tp4ep8dp2-8k2k,docs/iter_gap_investigation/phase427_kernel_profile/K2.5-tp4ep8dp2-8k2k,mixed,4,other_cuda,cudaEventSynchronize,0.092897,1.308000,71,,,146.075000,9924.000000,0.000000,1.516977,0.595460,0.357492,0.047048,0.031093,0.000000,passed,mixed_mla_attention_dominates,,kernel_profile_collected_prefill_and_decode,classify_prefill_execution_and_decode_slope_from_kernel_profile,false,true,true,false,false,false,true,No-Go
phase427_kernel_profile,kernel,K2.5-tp4ep8dp2-8k2k,docs/iter_gap_investigation/phase427_kernel_profile/K2.5-tp4ep8dp2-8k2k,mixed,4,other_cuda,"void at::native::index_elementwise_kernel<128, 4, at...",0.092034,2.630000,35,,,146.075000,9924.000000,0.000000,1.516977,0.595460,0.357492,0.047048,0.031093,0.000000,passed,mixed_mla_attention_dominates,,kernel_profile_collected_prefill_and_decode,classify_prefill_execution_and_decode_slope_from_kernel_profile,false,true,true,false,false,false,true,No-Go
phase427_kernel_profile,kernel,K2.5-tp4ep8dp2-8k2k,docs/iter_gap_investigation/phase427_kernel_profile/K2.5-tp4ep8dp2-8k2k,mixed,4,other_cuda,aten::add,0.090083,0.858000,105,,,146.075000,9924.000000,0.000000,1.516977,0.595460,0.357492,0.047048,0.031093,0.000000,passed,mixed_mla_attention_dominates,,kernel_profile_collected_prefill_and_decode,classify_prefill_execution_and_decode_slope_from_kernel_profile,false,true,true,false,false,false,true,No-Go
phase427_kernel_profile,kernel,K2.5-tp4ep8dp2-8k2k,docs/iter_gap_investigation/phase427_kernel_profile/K2.5-tp4ep8dp2-8k2k,mixed,4,other_cuda,"void at::native::vectorized_elementwise_kernel<4, at...",0.082689,1.181000,70,,,146.075000,9924.000000,0.000000,1.516977,0.595460,0.357492,0.047048,0.031093,0.000000,passed,mixed_mla_attention_dominates,,kernel_profile_collected_prefill_and_decode,classify_prefill_execution_and_decode_slope_from_kernel_profile,false,true,true,false,false,false,true,No-Go
phase427_kernel_profile,kernel,K2.5-tp4ep8dp2-8k2k,docs/iter_gap_investigation/phase427_kernel_profile/K2.5-tp4ep8dp2-8k2k,mixed,4,other_cuda,aten::gather,0.078076,2.231000,35,,,146.075000,9924.000000,0.000000,1.516977,0.595460,0.357492,0.047048,0.031093,0.000000,passed,mixed_mla_attention_dominates,,kernel_profile_collected_prefill_and_decode,classify_prefill_execution_and_decode_slope_from_kernel_profile,false,true,true,false,false,false,true,No-Go
phase427_kernel_profile,kernel,K2.5-tp4ep8dp2-8k2k,docs/iter_gap_investigation/phase427_kernel_profile/K2.5-tp4ep8dp2-8k2k,mixed,4,other_cuda,Activity Buffer Request,0.076833,25.611000,3,,,146.075000,9924.000000,0.000000,1.516977,0.595460,0.357492,0.047048,0.031093,0.000000,passed,mixed_mla_attention_dominates,,kernel_profile_collected_prefill_and_decode,classify_prefill_execution_and_decode_slope_from_kernel_profile,false,true,true,false,false,false,true,No-Go
phase427_kernel_profile,kernel,K2.5-tp4ep8dp2-8k2k,docs/iter_gap_investigation/phase427_kernel_profile/K2.5-tp4ep8dp2-8k2k,mixed,4,other_cuda,cudaEventRecord,0.074913,0.357000,210,,,146.075000,9924.000000,0.000000,1.516977,0.595460,0.357492,0.047048,0.031093,0.000000,passed,mixed_mla_attention_dominates,,kernel_profile_collected_prefill_and_decode,classify_prefill_execution_and_decode_slope_from_kernel_profile,false,true,true,false,false,false,true,No-Go
phase427_kernel_profile,kernel,K2.5-tp4ep8dp2-8k2k,docs/iter_gap_investigation/phase427_kernel_profile/K2.5-tp4ep8dp2-8k2k,mixed,4,other_cuda,triton_poi_fused_add_clone_copy_expand_index_mul_neg...,0.072606,2.074000,35,,,146.075000,9924.000000,0.000000,1.516977,0.595460,0.357492,0.047048,0.031093,0.000000,passed,mixed_mla_attention_dominates,,kernel_profile_collected_prefill_and_decode,classify_prefill_execution_and_decode_slope_from_kernel_profile,false,true,true,false,false,false,true,No-Go
phase427_kernel_profile,kernel,K2.5-tp4ep8dp2-8k2k,docs/iter_gap_investigation/phase427_kernel_profile/K2.5-tp4ep8dp2-8k2k,mixed,4,mla_attention,_vllm_fa3_C::get_scheduler_metadata,0.069376,1.982000,35,,,146.075000,9924.000000,0.000000,1.516977,0.595460,0.357492,0.047048,0.031093,0.000000,passed,mixed_mla_attention_dominates,,kernel_profile_collected_prefill_and_decode,classify_prefill_execution_and_decode_slope_from_kernel_profile,false,true,true,false,false,false,true,No-Go
phase427_kernel_profile,kernel,K2.5-tp4ep8dp2-8k2k,docs/iter_gap_investigation/phase427_kernel_profile/K2.5-tp4ep8dp2-8k2k,mixed,4,mla_attention,"void flash::prepare_varlen_num_blocks_kernel<2, fals...",0.069376,1.982000,35,,,146.075000,9924.000000,0.000000,1.516977,0.595460,0.357492,0.047048,0.031093,0.000000,passed,mixed_mla_attention_dominates,,kernel_profile_collected_prefill_and_decode,classify_prefill_execution_and_decode_slope_from_kernel_profile,false,true,true,false,false,false,true,No-Go
phase427_kernel_profile,kernel,K2.5-tp4ep8dp2-8k2k,docs/iter_gap_investigation/phase427_kernel_profile/K2.5-tp4ep8dp2-8k2k,mixed,4,other_cuda,triton_red_fused_2,0.068794,1.966000,35,,,146.075000,9924.000000,0.000000,1.516977,0.595460,0.357492,0.047048,0.031093,0.000000,passed,mixed_mla_attention_dominates,,kernel_profile_collected_prefill_and_decode,classify_prefill_execution_and_decode_slope_from_kernel_profile,false,true,true,false,false,false,true,No-Go
phase427_kernel_profile,kernel,K2.5-tp4ep8dp2-8k2k,docs/iter_gap_investigation/phase427_kernel_profile/K2.5-tp4ep8dp2-8k2k,mixed,4,memcpy_memset,Memset (Device),0.058110,1.614000,36,,,146.075000,9924.000000,0.000000,1.516977,0.595460,0.357492,0.047048,0.031093,0.000000,passed,mixed_mla_attention_dominates,,kernel_profile_collected_prefill_and_decode,classify_prefill_execution_and_decode_slope_from_kernel_profile,false,true,true,false,false,false,true,No-Go
phase427_kernel_profile,kernel,K2.5-tp4ep8dp2-8k2k,docs/iter_gap_investigation/phase427_kernel_profile/K2.5-tp4ep8dp2-8k2k,mixed,4,other_cuda,triton_poi_fused_1,0.057666,1.648000,35,,,146.075000,9924.000000,0.000000,1.516977,0.595460,0.357492,0.047048,0.031093,0.000000,passed,mixed_mla_attention_dominates,,kernel_profile_collected_prefill_and_decode,classify_prefill_execution_and_decode_slope_from_kernel_profile,false,true,true,false,false,false,true,No-Go
phase427_kernel_profile,kernel,K2.5-tp4ep8dp2-8k2k,docs/iter_gap_investigation/phase427_kernel_profile/K2.5-tp4ep8dp2-8k2k,mixed,4,other_cuda,cudaEventQuery,0.053025,0.272000,195,,,146.075000,9924.000000,0.000000,1.516977,0.595460,0.357492,0.047048,0.031093,0.000000,passed,mixed_mla_attention_dominates,,kernel_profile_collected_prefill_and_decode,classify_prefill_execution_and_decode_slope_from_kernel_profile,false,true,true,false,false,false,true,No-Go
phase427_kernel_profile,kernel,K2.5-tp4ep8dp2-8k2k,docs/iter_gap_investigation/phase427_kernel_profile/K2.5-tp4ep8dp2-8k2k,mixed,4,other_cuda,void at::native::unrolled_elementwise_kernel<at::nat...,0.052928,1.470000,36,,,146.075000,9924.000000,0.000000,1.516977,0.595460,0.357492,0.047048,0.031093,0.000000,passed,mixed_mla_attention_dominates,,kernel_profile_collected_prefill_and_decode,classify_prefill_execution_and_decode_slope_from_kernel_profile,false,true,true,false,false,false,true,No-Go
phase427_kernel_profile,kernel,K2.5-tp4ep8dp2-8k2k,docs/iter_gap_investigation/phase427_kernel_profile/K2.5-tp4ep8dp2-8k2k,mixed,4,other_cuda,triton_poi_fused_mul_silu_slice_1,0.052095,1.488000,35,,,146.075000,9924.000000,0.000000,1.516977,0.595460,0.357492,0.047048,0.031093,0.000000,passed,mixed_mla_attention_dominates,,kernel_profile_collected_prefill_and_decode,classify_prefill_execution_and_decode_slope_from_kernel_profile,false,true,true,false,false,false,true,No-Go
phase427_kernel_profile,kernel,K2.5-tp4ep8dp2-8k2k,docs/iter_gap_investigation/phase427_kernel_profile/K2.5-tp4ep8dp2-8k2k,mixed,4,other_cuda,"void at::native::vectorized_elementwise_kernel<2, at...",0.049025,1.401000,35,,,146.075000,9924.000000,0.000000,1.516977,0.595460,0.357492,0.047048,0.031093,0.000000,passed,mixed_mla_attention_dominates,,kernel_profile_collected_prefill_and_decode,classify_prefill_execution_and_decode_slope_from_kernel_profile,false,true,true,false,false,false,true,No-Go
phase427_kernel_profile,kernel,K2.5-tp4ep8dp2-8k2k,docs/iter_gap_investigation/phase427_kernel_profile/K2.5-tp4ep8dp2-8k2k,mixed,4,other_cuda,triton_poi_fused_add_bitwise_and_bitwise_not_bitwise...,0.041123,1.175000,35,,,146.075000,9924.000000,0.000000,1.516977,0.595460,0.357492,0.047048,0.031093,0.000000,passed,mixed_mla_attention_dominates,,kernel_profile_collected_prefill_and_decode,classify_prefill_execution_and_decode_slope_from_kernel_profile,false,true,true,false,false,false,true,No-Go
phase427_kernel_profile,kernel,K2.5-tp4ep8dp2-8k2k,docs/iter_gap_investigation/phase427_kernel_profile/K2.5-tp4ep8dp2-8k2k,mixed,4,other_cuda,triton_poi_fused_add_bitwise_and_bitwise_not_bitwise...,0.041123,1.175000,35,,,146.075000,9924.000000,0.000000,1.516977,0.595460,0.357492,0.047048,0.031093,0.000000,passed,mixed_mla_attention_dominates,,kernel_profile_collected_prefill_and_decode,classify_prefill_execution_and_decode_slope_from_kernel_profile,false,true,true,false,false,false,true,No-Go
phase427_kernel_profile,kernel,K2.5-tp4ep8dp2-8k2k,docs/iter_gap_investigation/phase427_kernel_profile/K2.5-tp4ep8dp2-8k2k,mixed,4,other_cuda,## Call CompiledFxGraph fearurqhjfodlldpvoyyggholi2o...,0.041123,1.175000,35,,,146.075000,9924.000000,0.000000,1.516977,0.595460,0.357492,0.047048,0.031093,0.000000,passed,mixed_mla_attention_dominates,,kernel_profile_collected_prefill_and_decode,classify_prefill_execution_and_decode_slope_from_kernel_profile,false,true,true,false,false,false,true,No-Go
phase427_kernel_profile,kernel,K2.5-tp4ep8dp2-8k2k,docs/iter_gap_investigation/phase427_kernel_profile/K2.5-tp4ep8dp2-8k2k,mixed,4,other_cuda,"void at::native::vectorized_elementwise_kernel<4, at...",0.041058,1.173000,35,,,146.075000,9924.000000,0.000000,1.516977,0.595460,0.357492,0.047048,0.031093,0.000000,passed,mixed_mla_attention_dominates,,kernel_profile_collected_prefill_and_decode,classify_prefill_execution_and_decode_slope_from_kernel_profile,false,true,true,false,false,false,true,No-Go
phase427_kernel_profile,kernel,K2.5-tp4ep8dp2-8k2k,docs/iter_gap_investigation/phase427_kernel_profile/K2.5-tp4ep8dp2-8k2k,mixed,4,other_cuda,aten::sub,0.039425,0.563000,70,,,146.075000,9924.000000,0.000000,1.516977,0.595460,0.357492,0.047048,0.031093,0.000000,passed,mixed_mla_attention_dominates,,kernel_profile_collected_prefill_and_decode,classify_prefill_execution_and_decode_slope_from_kernel_profile,false,true,true,false,false,false,true,No-Go
phase427_kernel_profile,kernel,K2.5-tp4ep8dp2-8k2k,docs/iter_gap_investigation/phase427_kernel_profile/K2.5-tp4ep8dp2-8k2k,mixed,4,other_cuda,void at::native::unrolled_elementwise_kernel<at::nat...,0.039425,1.126000,35,,,146.075000,9924.000000,0.000000,1.516977,0.595460,0.357492,0.047048,0.031093,0.000000,passed,mixed_mla_attention_dominates,,kernel_profile_collected_prefill_and_decode,classify_prefill_execution_and_decode_slope_from_kernel_profile,false,true,true,false,false,false,true,No-Go
phase427_kernel_profile,kernel,K2.5-tp4ep8dp2-8k2k,docs/iter_gap_investigation/phase427_kernel_profile/K2.5-tp4ep8dp2-8k2k,mixed,4,other_cuda,void at::native::unrolled_elementwise_kernel<at::nat...,0.035587,1.017000,35,,,146.075000,9924.000000,0.000000,1.516977,0.595460,0.357492,0.047048,0.031093,0.000000,passed,mixed_mla_attention_dominates,,kernel_profile_collected_prefill_and_decode,classify_prefill_execution_and_decode_slope_from_kernel_profile,false,true,true,false,false,false,true,No-Go
phase427_kernel_profile,kernel,K2.5-tp4ep8dp2-8k2k,docs/iter_gap_investigation/phase427_kernel_profile/K2.5-tp4ep8dp2-8k2k,mixed,4,other_cuda,cudaStreamIsCapturing,0.031359,0.128000,245,,,146.075000,9924.000000,0.000000,1.516977,0.595460,0.357492,0.047048,0.031093,0.000000,passed,mixed_mla_attention_dominates,,kernel_profile_collected_prefill_and_decode,classify_prefill_execution_and_decode_slope_from_kernel_profile,false,true,true,false,false,false,true,No-Go
phase427_kernel_profile,kernel,K2.5-tp4ep8dp2-8k2k,docs/iter_gap_investigation/phase427_kernel_profile/K2.5-tp4ep8dp2-8k2k,mixed,4,other_cuda,cudaDriverGetVersion,0.031329,0.895000,35,,,146.075000,9924.000000,0.000000,1.516977,0.595460,0.357492,0.047048,0.031093,0.000000,passed,mixed_mla_attention_dominates,,kernel_profile_collected_prefill_and_decode,classify_prefill_execution_and_decode_slope_from_kernel_profile,false,true,true,false,false,false,true,No-Go
phase427_kernel_profile,kernel,K2.5-tp4ep8dp2-8k2k,docs/iter_gap_investigation/phase427_kernel_profile/K2.5-tp4ep8dp2-8k2k,mixed,4,other_cuda,cudaThreadExchangeStreamCaptureMode,0.013632,0.120000,114,,,146.075000,9924.000000,0.000000,1.516977,0.595460,0.357492,0.047048,0.031093,0.000000,passed,mixed_mla_attention_dominates,,kernel_profile_collected_prefill_and_decode,classify_prefill_execution_and_decode_slope_from_kernel_profile,false,true,true,false,false,false,true,No-Go
phase427_kernel_profile,kernel,K2.5-tp4ep8dp2-8k2k,docs/iter_gap_investigation/phase427_kernel_profile/K2.5-tp4ep8dp2-8k2k,mixed,4,other_cuda,cudaStreamWaitEvent,0.011394,0.081000,140,,,146.075000,9924.000000,0.000000,1.516977,0.595460,0.357492,0.047048,0.031093,0.000000,passed,mixed_mla_attention_dominates,,kernel_profile_collected_prefill_and_decode,classify_prefill_execution_and_decode_slope_from_kernel_profile,false,true,true,false,false,false,true,No-Go
phase427_kernel_profile,kernel,K2.5-tp4ep8dp2-8k2k,docs/iter_gap_investigation/phase427_kernel_profile/K2.5-tp4ep8dp2-8k2k,mixed,4,other_cuda,cudaGraphLaunch,0.005055,0.144000,35,,,146.075000,9924.000000,0.000000,1.516977,0.595460,0.357492,0.047048,0.031093,0.000000,passed,mixed_mla_attention_dominates,,kernel_profile_collected_prefill_and_decode,classify_prefill_execution_and_decode_slope_from_kernel_profile,false,true,true,false,false,false,true,No-Go
phase427_kernel_profile,kernel,K2.5-tp4ep8dp2-8k2k,docs/iter_gap_investigation/phase427_kernel_profile/K2.5-tp4ep8dp2-8k2k,mixed,4,other_cuda,cuLaunchKernelEx,0.003392,0.032000,105,,,146.075000,9924.000000,0.000000,1.516977,0.595460,0.357492,0.047048,0.031093,0.000000,passed,mixed_mla_attention_dominates,,kernel_profile_collected_prefill_and_decode,classify_prefill_execution_and_decode_slope_from_kernel_profile,false,true,true,false,false,false,true,No-Go
phase427_kernel_profile,kernel,K2.5-tp4ep8dp2-8k2k,docs/iter_gap_investigation/phase427_kernel_profile/K2.5-tp4ep8dp2-8k2k,mixed,4,cuda_graph_envelope,execute_context_0(0)_generation_56(56),15.343000,438.367000,35,,,146.075000,9924.000000,0.000000,1.516977,0.595460,0.357492,0.047048,0.031093,0.000000,passed,mixed_mla_attention_dominates,,kernel_profile_collected_prefill_and_decode,classify_prefill_execution_and_decode_slope_from_kernel_profile,false,true,true,false,false,false,true,No-Go
phase427_kernel_profile,kernel,K2.5-tp4ep8dp2-8k2k,docs/iter_gap_investigation/phase427_kernel_profile/K2.5-tp4ep8dp2-8k2k,mixed,4,other_cuda,aten::slice,0.000000,0.000000,1925,,,146.075000,9924.000000,0.000000,1.516977,0.595460,0.357492,0.047048,0.031093,0.000000,passed,mixed_mla_attention_dominates,,kernel_profile_collected_prefill_and_decode,classify_prefill_execution_and_decode_slope_from_kernel_profile,false,true,true,false,false,false,true,No-Go
phase427_kernel_profile,kernel,K2.5-tp4ep8dp2-8k2k,docs/iter_gap_investigation/phase427_kernel_profile/K2.5-tp4ep8dp2-8k2k,mixed,4,other_cuda,aten::as_strided,0.000000,0.000000,2940,,,146.075000,9924.000000,0.000000,1.516977,0.595460,0.357492,0.047048,0.031093,0.000000,passed,mixed_mla_attention_dominates,,kernel_profile_collected_prefill_and_decode,classify_prefill_execution_and_decode_slope_from_kernel_profile,false,true,true,false,false,false,true,No-Go
phase427_kernel_profile,kernel,K2.5-tp4ep8dp2-8k2k,docs/iter_gap_investigation/phase427_kernel_profile/K2.5-tp4ep8dp2-8k2k,mixed,4,memcpy_memset,cudaMemcpyAsync,0.003328,0.006000,525,,,146.075000,9924.000000,0.000000,1.516977,0.595460,0.357492,0.047048,0.031093,0.000000,passed,mixed_mla_attention_dominates,,kernel_profile_collected_prefill_and_decode,classify_prefill_execution_and_decode_slope_from_kernel_profile,false,true,true,false,false,false,true,No-Go
phase427_kernel_profile,kernel,K2.5-tp4ep8dp2-8k2k,docs/iter_gap_investigation/phase427_kernel_profile/K2.5-tp4ep8dp2-8k2k,mixed,4,other_cuda,aten::lift_fresh,0.000000,0.000000,315,,,146.075000,9924.000000,0.000000,1.516977,0.595460,0.357492,0.047048,0.031093,0.000000,passed,mixed_mla_attention_dominates,,kernel_profile_collected_prefill_and_decode,classify_prefill_execution_and_decode_slope_from_kernel_profile,false,true,true,false,false,false,true,No-Go
phase427_kernel_profile,kernel,K2.5-tp4ep8dp2-8k2k,docs/iter_gap_investigation/phase427_kernel_profile/K2.5-tp4ep8dp2-8k2k,mixed,4,other_cuda,aten::flatten,0.000000,0.000000,35,,,146.075000,9924.000000,0.000000,1.516977,0.595460,0.357492,0.047048,0.031093,0.000000,passed,mixed_mla_attention_dominates,,kernel_profile_collected_prefill_and_decode,classify_prefill_execution_and_decode_slope_from_kernel_profile,false,true,true,false,false,false,true,No-Go
phase427_kernel_profile,kernel,K2.5-tp4ep8dp2-8k2k,docs/iter_gap_investigation/phase427_kernel_profile/K2.5-tp4ep8dp2-8k2k,mixed,4,other_cuda,aten::view,0.000000,0.000000,280,,,146.075000,9924.000000,0.000000,1.516977,0.595460,0.357492,0.047048,0.031093,0.000000,passed,mixed_mla_attention_dominates,,kernel_profile_collected_prefill_and_decode,classify_prefill_execution_and_decode_slope_from_kernel_profile,false,true,true,false,false,false,true,No-Go
phase427_kernel_profile,kernel,K2.5-tp4ep8dp2-8k2k,docs/iter_gap_investigation/phase427_kernel_profile/K2.5-tp4ep8dp2-8k2k,mixed,4,other_cuda,aten::index_select,0.078076,1.115000,70,,,146.075000,9924.000000,0.000000,1.516977,0.595460,0.357492,0.047048,0.031093,0.000000,passed,mixed_mla_attention_dominates,,kernel_profile_collected_prefill_and_decode,classify_prefill_execution_and_decode_slope_from_kernel_profile,false,true,true,false,false,false,true,No-Go
phase427_kernel_profile,kernel,K2.5-tp4ep8dp2-8k2k,docs/iter_gap_investigation/phase427_kernel_profile/K2.5-tp4ep8dp2-8k2k,mixed,4,other_cuda,aten::detach,0.000000,0.000000,70,,,146.075000,9924.000000,0.000000,1.516977,0.595460,0.357492,0.047048,0.031093,0.000000,passed,mixed_mla_attention_dominates,,kernel_profile_collected_prefill_and_decode,classify_prefill_execution_and_decode_slope_from_kernel_profile,false,true,true,false,false,false,true,No-Go
phase427_kernel_profile,kernel,K2.5-tp4ep8dp2-8k2k,docs/iter_gap_investigation/phase427_kernel_profile/K2.5-tp4ep8dp2-8k2k,mixed,4,other_cuda,aten::to,1.320000,2.694000,490,,,146.075000,9924.000000,0.000000,1.516977,0.595460,0.357492,0.047048,0.031093,0.000000,passed,mixed_mla_attention_dominates,,kernel_profile_collected_prefill_and_decode,classify_prefill_execution_and_decode_slope_from_kernel_profile,false,true,true,false,false,false,true,No-Go
phase427_kernel_profile,kernel,K2.5-tp4ep8dp2-8k2k,docs/iter_gap_investigation/phase427_kernel_profile/K2.5-tp4ep8dp2-8k2k,mixed,5,cuda_graph_envelope,execute_context_0(0)_generation_56(56),3472.000000,551.172000,6300,,,146.075000,9924.000000,0.000000,1.516977,0.595460,0.357492,0.047048,0.031093,0.000000,passed,mixed_mla_attention_dominates,,kernel_profile_collected_prefill_and_decode,classify_prefill_execution_and_decode_slope_from_kernel_profile,false,true,true,false,false,false,true,No-Go
phase427_kernel_profile,kernel,K2.5-tp4ep8dp2-8k2k,docs/iter_gap_investigation/phase427_kernel_profile/K2.5-tp4ep8dp2-8k2k,mixed,5,mla_attention,void cutlass::device_kernel<flash::enable_sm90_or_la...,395.842000,180.998000,2187,,,146.075000,9924.000000,0.000000,1.516977,0.595460,0.357492,0.047048,0.031093,0.000000,passed,mixed_mla_attention_dominates,,kernel_profile_collected_prefill_and_decode,classify_prefill_execution_and_decode_slope_from_kernel_profile,false,true,true,false,false,false,true,No-Go
phase427_kernel_profile,kernel,K2.5-tp4ep8dp2-8k2k,docs/iter_gap_investigation/phase427_kernel_profile/K2.5-tp4ep8dp2-8k2k,mixed,5,moe_gemm_or_aux,"void marlin_moe_wna16::Marlin<1125899906909960l, 112...",246.733000,57.300000,4306,,,146.075000,9924.000000,0.000000,1.516977,0.595460,0.357492,0.047048,0.031093,0.000000,passed,mixed_mla_attention_dominates,,kernel_profile_collected_prefill_and_decode,classify_prefill_execution_and_decode_slope_from_kernel_profile,false,true,true,false,false,false,true,No-Go
phase427_kernel_profile,kernel,K2.5-tp4ep8dp2-8k2k,docs/iter_gap_investigation/phase427_kernel_profile/K2.5-tp4ep8dp2-8k2k,mixed,5,ep_a2a,ncclDevKernel_ReduceScatter_Sum_bf16_RING_LL(ncclDev...,161.815000,75.158000,2153,,,146.075000,9924.000000,0.000000,1.516977,0.595460,0.357492,0.047048,0.031093,0.000000,passed,mixed_mla_attention_dominates,,kernel_profile_collected_prefill_and_decode,classify_prefill_execution_and_decode_slope_from_kernel_profile,false,true,true,false,false,false,true,No-Go
phase427_kernel_profile,kernel,K2.5-tp4ep8dp2-8k2k,docs/iter_gap_investigation/phase427_kernel_profile/K2.5-tp4ep8dp2-8k2k,mixed,5,ep_a2a,ncclDevKernel_AllGather_RING_LL(ncclDevKernelArgsSto...,102.948000,23.710000,4342,,,146.075000,9924.000000,0.000000,1.516977,0.595460,0.357492,0.047048,0.031093,0.000000,passed,mixed_mla_attention_dominates,,kernel_profile_collected_prefill_and_decode,classify_prefill_execution_and_decode_slope_from_kernel_profile,false,true,true,false,false,false,true,No-Go
phase427_kernel_profile,kernel,K2.5-tp4ep8dp2-8k2k,docs/iter_gap_investigation/phase427_kernel_profile/K2.5-tp4ep8dp2-8k2k,mixed,5,dense_gemm,nvjet_tst_64x16_64x16_2x1_v_bz_splitK_TNT,39.647000,18.415000,2153,,,146.075000,9924.000000,0.000000,1.516977,0.595460,0.357492,0.047048,0.031093,0.000000,passed,mixed_mla_attention_dominates,,kernel_profile_collected_prefill_and_decode,classify_prefill_execution_and_decode_slope_from_kernel_profile,false,true,true,false,false,false,true,No-Go
phase427_kernel_profile,kernel,K2.5-tp4ep8dp2-8k2k,docs/iter_gap_investigation/phase427_kernel_profile/K2.5-tp4ep8dp2-8k2k,mixed,5,tp_or_dp_allreduce,"void vllm::cross_device_reduce_2stage<__nv_bfloat16,...",29.293000,12.973000,2258,,,146.075000,9924.000000,0.000000,1.516977,0.595460,0.357492,0.047048,0.031093,0.000000,passed,mixed_mla_attention_dominates,,kernel_profile_collected_prefill_and_decode,classify_prefill_execution_and_decode_slope_from_kernel_profile,false,true,true,false,false,false,true,No-Go
phase427_kernel_profile,kernel,K2.5-tp4ep8dp2-8k2k,docs/iter_gap_investigation/phase427_kernel_profile/K2.5-tp4ep8dp2-8k2k,mixed,5,dense_gemm,nvjet_tst_64x16_64x16_4x1_v_bz_TNT,27.695000,12.863000,2153,,,146.075000,9924.000000,0.000000,1.516977,0.595460,0.357492,0.047048,0.031093,0.000000,passed,mixed_mla_attention_dominates,,kernel_profile_collected_prefill_and_decode,classify_prefill_execution_and_decode_slope_from_kernel_profile,false,true,true,false,false,false,true,No-Go
phase427_kernel_profile,kernel,K2.5-tp4ep8dp2-8k2k,docs/iter_gap_investigation/phase427_kernel_profile/K2.5-tp4ep8dp2-8k2k,mixed,5,dense_gemm,nvjet_tst_64x56_64x14_4x1_v_bz_splitK_TNT,26.262000,12.008000,2187,,,146.075000,9924.000000,0.000000,1.516977,0.595460,0.357492,0.047048,0.031093,0.000000,passed,mixed_mla_attention_dominates,,kernel_profile_collected_prefill_and_decode,classify_prefill_execution_and_decode_slope_from_kernel_profile,false,true,true,false,false,false,true,No-Go
phase427_kernel_profile,kernel,K2.5-tp4ep8dp2-8k2k,docs/iter_gap_investigation/phase427_kernel_profile/K2.5-tp4ep8dp2-8k2k,mixed,5,dense_gemm,nvjet_tst_64x56_64x14_4x1_v_bz_TNT,23.271000,10.468000,2223,,,146.075000,9924.000000,0.000000,1.516977,0.595460,0.357492,0.047048,0.031093,0.000000,passed,mixed_mla_attention_dominates,,kernel_profile_collected_prefill_and_decode,classify_prefill_execution_and_decode_slope_from_kernel_profile,false,true,true,false,false,false,true,No-Go
phase427_kernel_profile,kernel,K2.5-tp4ep8dp2-8k2k,docs/iter_gap_investigation/phase427_kernel_profile/K2.5-tp4ep8dp2-8k2k,mixed,5,other_cuda,"void at::native::reduce_kernel<128, 4, at::native::R...",20.896000,9.706000,2153,,,146.075000,9924.000000,0.000000,1.516977,0.595460,0.357492,0.047048,0.031093,0.000000,passed,mixed_mla_attention_dominates,,kernel_profile_collected_prefill_and_decode,classify_prefill_execution_and_decode_slope_from_kernel_profile,false,true,true,false,false,false,true,No-Go
phase427_kernel_profile,kernel,K2.5-tp4ep8dp2-8k2k,docs/iter_gap_investigation/phase427_kernel_profile/K2.5-tp4ep8dp2-8k2k,mixed,5,dense_gemm,"void router_gemm_kernel_bf16_output<__nv_bfloat16, 1...",16.324000,7.582000,2153,,,146.075000,9924.000000,0.000000,1.516977,0.595460,0.357492,0.047048,0.031093,0.000000,passed,mixed_mla_attention_dominates,,kernel_profile_collected_prefill_and_decode,classify_prefill_execution_and_decode_slope_from_kernel_profile,false,true,true,false,false,false,true,No-Go
phase427_kernel_profile,kernel,K2.5-tp4ep8dp2-8k2k,docs/iter_gap_investigation/phase427_kernel_profile/K2.5-tp4ep8dp2-8k2k,mixed,5,other_cuda,"void vllm::act_and_mul_kernel<c10::BFloat16, __nv_bf...",14.405000,6.691000,2153,,,146.075000,9924.000000,0.000000,1.516977,0.595460,0.357492,0.047048,0.031093,0.000000,passed,mixed_mla_attention_dominates,,kernel_profile_collected_prefill_and_decode,classify_prefill_execution_and_decode_slope_from_kernel_profile,false,true,true,false,false,false,true,No-Go
phase427_kernel_profile,kernel,K2.5-tp4ep8dp2-8k2k,docs/iter_gap_investigation/phase427_kernel_profile/K2.5-tp4ep8dp2-8k2k,mixed,5,dense_gemm,nvjet_tst_64x32_64x16_4x2_h_bz_TNT,13.592000,6.215000,2187,,,146.075000,9924.000000,0.000000,1.516977,0.595460,0.357492,0.047048,0.031093,0.000000,passed,mixed_mla_attention_dominates,,kernel_profile_collected_prefill_and_decode,classify_prefill_execution_and_decode_slope_from_kernel_profile,false,true,true,false,false,false,true,No-Go
phase427_kernel_profile,kernel,K2.5-tp4ep8dp2-8k2k,docs/iter_gap_investigation/phase427_kernel_profile/K2.5-tp4ep8dp2-8k2k,mixed,5,mla_attention,void cutlass::device_kernel<flash::FlashAttnFwdCombi...,11.959000,5.466000,2188,,,146.075000,9924.000000,0.000000,1.516977,0.595460,0.357492,0.047048,0.031093,0.000000,passed,mixed_mla_attention_dominates,,kernel_profile_collected_prefill_and_decode,classify_prefill_execution_and_decode_slope_from_kernel_profile,false,true,true,false,false,false,true,No-Go
phase427_kernel_profile,kernel,K2.5-tp4ep8dp2-8k2k,docs/iter_gap_investigation/phase427_kernel_profile/K2.5-tp4ep8dp2-8k2k,mixed,5,dense_gemm,"void cublasLt::splitKreduce_kernel<32, 16, int, floa...",9.866000,2.273000,4340,,,146.075000,9924.000000,0.000000,1.516977,0.595460,0.357492,0.047048,0.031093,0.000000,passed,mixed_mla_attention_dominates,,kernel_profile_collected_prefill_and_decode,classify_prefill_execution_and_decode_slope_from_kernel_profile,false,true,true,false,false,false,true,No-Go
phase427_kernel_profile,kernel,K2.5-tp4ep8dp2-8k2k,docs/iter_gap_investigation/phase427_kernel_profile/K2.5-tp4ep8dp2-8k2k,mixed,5,moe_gemm_or_aux,void vllm::moe::grouped_topk_fused_small_expert_coun...,9.846000,4.573000,2153,,,146.075000,9924.000000,0.000000,1.516977,0.595460,0.357492,0.047048,0.031093,0.000000,passed,mixed_mla_attention_dominates,,kernel_profile_collected_prefill_and_decode,classify_prefill_execution_and_decode_slope_from_kernel_profile,false,true,true,false,false,false,true,No-Go
phase427_kernel_profile,kernel,K2.5-tp4ep8dp2-8k2k,docs/iter_gap_investigation/phase427_kernel_profile/K2.5-tp4ep8dp2-8k2k,mixed,5,other_cuda,"void at::native::vectorized_elementwise_kernel<8, at...",9.815000,4.559000,2153,,,146.075000,9924.000000,0.000000,1.516977,0.595460,0.357492,0.047048,0.031093,0.000000,passed,mixed_mla_attention_dominates,,kernel_profile_collected_prefill_and_decode,classify_prefill_execution_and_decode_slope_from_kernel_profile,false,true,true,false,false,false,true,No-Go
phase427_kernel_profile,kernel,K2.5-tp4ep8dp2-8k2k,docs/iter_gap_investigation/phase427_kernel_profile/K2.5-tp4ep8dp2-8k2k,mixed,5,other_cuda,triton_red_fused__to_copy_add_mean_min_latency_fused...,8.491000,4.011000,2117,,,146.075000,9924.000000,0.000000,1.516977,0.595460,0.357492,0.047048,0.031093,0.000000,passed,mixed_mla_attention_dominates,,kernel_profile_collected_prefill_and_decode,classify_prefill_execution_and_decode_slope_from_kernel_profile,false,true,true,false,false,false,true,No-Go
phase427_kernel_profile,kernel,K2.5-tp4ep8dp2-8k2k,docs/iter_gap_investigation/phase427_kernel_profile/K2.5-tp4ep8dp2-8k2k,mixed,5,dense_gemm,nvjet_tst_64x24_64x16_2x1_v_bz_TNT,8.304000,3.795000,2188,,,146.075000,9924.000000,0.000000,1.516977,0.595460,0.357492,0.047048,0.031093,0.000000,passed,mixed_mla_attention_dominates,,kernel_profile_collected_prefill_and_decode,classify_prefill_execution_and_decode_slope_from_kernel_profile,false,true,true,false,false,false,true,No-Go
phase427_kernel_profile,kernel,K2.5-tp4ep8dp2-8k2k,docs/iter_gap_investigation/phase427_kernel_profile/K2.5-tp4ep8dp2-8k2k,mixed,5,dense_gemm,nvjet_tst_64x56_64x14_2x1_v_bz_NNT,8.240000,3.768000,2187,,,146.075000,9924.000000,0.000000,1.516977,0.595460,0.357492,0.047048,0.031093,0.000000,passed,mixed_mla_attention_dominates,,kernel_profile_collected_prefill_and_decode,classify_prefill_execution_and_decode_slope_from_kernel_profile,false,true,true,false,false,false,true,No-Go
phase427_kernel_profile,kernel,K2.5-tp4ep8dp2-8k2k,docs/iter_gap_investigation/phase427_kernel_profile/K2.5-tp4ep8dp2-8k2k,mixed,5,moe_gemm_or_aux,void vllm::moe::moe_align_block_size_kernel<int>(int...,7.526000,3.495000,2153,,,146.075000,9924.000000,0.000000,1.516977,0.595460,0.357492,0.047048,0.031093,0.000000,passed,mixed_mla_attention_dominates,,kernel_profile_collected_prefill_and_decode,classify_prefill_execution_and_decode_slope_from_kernel_profile,false,true,true,false,false,false,true,No-Go
phase427_kernel_profile,kernel,K2.5-tp4ep8dp2-8k2k,docs/iter_gap_investigation/phase427_kernel_profile/K2.5-tp4ep8dp2-8k2k,mixed,5,other_cuda,aten::copy_,7.239000,7.387000,980,,,146.075000,9924.000000,0.000000,1.516977,0.595460,0.357492,0.047048,0.031093,0.000000,passed,mixed_mla_attention_dominates,,kernel_profile_collected_prefill_and_decode,classify_prefill_execution_and_decode_slope_from_kernel_profile,false,true,true,false,false,false,true,No-Go
phase427_kernel_profile,kernel,K2.5-tp4ep8dp2-8k2k,docs/iter_gap_investigation/phase427_kernel_profile/K2.5-tp4ep8dp2-8k2k,mixed,5,other_cuda,triton_red_fused__to_copy_add_mean_mul_pow_rsqrt_seq...,5.998000,2.786000,2153,,,146.075000,9924.000000,0.000000,1.516977,0.595460,0.357492,0.047048,0.031093,0.000000,passed,mixed_mla_attention_dominates,,kernel_profile_collected_prefill_and_decode,classify_prefill_execution_and_decode_slope_from_kernel_profile,false,true,true,false,false,false,true,No-Go
phase427_kernel_profile,kernel,K2.5-tp4ep8dp2-8k2k,docs/iter_gap_investigation/phase427_kernel_profile/K2.5-tp4ep8dp2-8k2k,mixed,5,dense_gemm,nvjet_tst_320x64_64x4_2x1_v_bz_TNT,5.369000,149.137000,36,,,146.075000,9924.000000,0.000000,1.516977,0.595460,0.357492,0.047048,0.031093,0.000000,passed,mixed_mla_attention_dominates,,kernel_profile_collected_prefill_and_decode,classify_prefill_execution_and_decode_slope_from_kernel_profile,false,true,true,false,false,false,true,No-Go
phase427_kernel_profile,kernel,K2.5-tp4ep8dp2-8k2k,docs/iter_gap_investigation/phase427_kernel_profile/K2.5-tp4ep8dp2-8k2k,mixed,5,dense_gemm,aten::mm,5.220000,149.133000,35,,,146.075000,9924.000000,0.000000,1.516977,0.595460,0.357492,0.047048,0.031093,0.000000,passed,mixed_mla_attention_dominates,,kernel_profile_collected_prefill_and_decode,classify_prefill_execution_and_decode_slope_from_kernel_profile,false,true,true,false,false,false,true,No-Go
phase427_kernel_profile,kernel,K2.5-tp4ep8dp2-8k2k,docs/iter_gap_investigation/phase427_kernel_profile/K2.5-tp4ep8dp2-8k2k,mixed,5,memcpy_memset,Memcpy HtoD (Pinned -> Device),4.916000,17.559000,280,,,146.075000,9924.000000,0.000000,1.516977,0.595460,0.357492,0.047048,0.031093,0.000000,passed,mixed_mla_attention_dominates,,kernel_profile_collected_prefill_and_decode,classify_prefill_execution_and_decode_slope_from_kernel_profile,false,true,true,false,false,false,true,No-Go
phase427_kernel_profile,kernel,K2.5-tp4ep8dp2-8k2k,docs/iter_gap_investigation/phase427_kernel_profile/K2.5-tp4ep8dp2-8k2k,mixed,5,other_cuda,triton_poi_fused_add_clone_copy_expand_index_mul_neg...,4.511000,2.096000,2152,,,146.075000,9924.000000,0.000000,1.516977,0.595460,0.357492,0.047048,0.031093,0.000000,passed,mixed_mla_attention_dominates,,kernel_profile_collected_prefill_and_decode,classify_prefill_execution_and_decode_slope_from_kernel_profile,false,true,true,false,false,false,true,No-Go
phase427_kernel_profile,kernel,K2.5-tp4ep8dp2-8k2k,docs/iter_gap_investigation/phase427_kernel_profile/K2.5-tp4ep8dp2-8k2k,mixed,5,mla_attention,void vllm::concat_and_cache_mla_kernel<__nv_bfloat16...,4.337000,1.983000,2187,,,146.075000,9924.000000,0.000000,1.516977,0.595460,0.357492,0.047048,0.031093,0.000000,passed,mixed_mla_attention_dominates,,kernel_profile_collected_prefill_and_decode,classify_prefill_execution_and_decode_slope_from_kernel_profile,false,true,true,false,false,false,true,No-Go
phase427_kernel_profile,kernel,K2.5-tp4ep8dp2-8k2k,docs/iter_gap_investigation/phase427_kernel_profile/K2.5-tp4ep8dp2-8k2k,mixed,5,other_cuda,triton_red_fused_4,4.229000,1.965000,2152,,,146.075000,9924.000000,0.000000,1.516977,0.595460,0.357492,0.047048,0.031093,0.000000,passed,mixed_mla_attention_dominates,,kernel_profile_collected_prefill_and_decode,classify_prefill_execution_and_decode_slope_from_kernel_profile,false,true,true,false,false,false,true,No-Go
phase427_kernel_profile,kernel,K2.5-tp4ep8dp2-8k2k,docs/iter_gap_investigation/phase427_kernel_profile/K2.5-tp4ep8dp2-8k2k,mixed,5,other_cuda,triton_poi_fused_3,3.479000,1.616000,2152,,,146.075000,9924.000000,0.000000,1.516977,0.595460,0.357492,0.047048,0.031093,0.000000,passed,mixed_mla_attention_dominates,,kernel_profile_collected_prefill_and_decode,classify_prefill_execution_and_decode_slope_from_kernel_profile,false,true,true,false,false,false,true,No-Go
phase427_kernel_profile,kernel,K2.5-tp4ep8dp2-8k2k,docs/iter_gap_investigation/phase427_kernel_profile/K2.5-tp4ep8dp2-8k2k,mixed,5,other_cuda,triton_poi_fused_add_all_gather_mul_1,3.296000,1.531000,2153,,,146.075000,9924.000000,0.000000,1.516977,0.595460,0.357492,0.047048,0.031093,0.000000,passed,mixed_mla_attention_dominates,,kernel_profile_collected_prefill_and_decode,classify_prefill_execution_and_decode_slope_from_kernel_profile,false,true,true,false,false,false,true,No-Go
phase427_kernel_profile,kernel,K2.5-tp4ep8dp2-8k2k,docs/iter_gap_investigation/phase427_kernel_profile/K2.5-tp4ep8dp2-8k2k,mixed,5,moe_gemm_or_aux,void vllm::moe::count_and_sort_expert_tokens_kernel<...,3.237000,1.504000,2153,,,146.075000,9924.000000,0.000000,1.516977,0.595460,0.357492,0.047048,0.031093,0.000000,passed,mixed_mla_attention_dominates,,kernel_profile_collected_prefill_and_decode,classify_prefill_execution_and_decode_slope_from_kernel_profile,false,true,true,false,false,false,true,No-Go
phase427_kernel_profile,kernel,K2.5-tp4ep8dp2-8k2k,docs/iter_gap_investigation/phase427_kernel_profile/K2.5-tp4ep8dp2-8k2k,mixed,5,other_cuda,triton_poi_fused_mul_silu_slice_0,3.112000,1.445000,2153,,,146.075000,9924.000000,0.000000,1.516977,0.595460,0.357492,0.047048,0.031093,0.000000,passed,mixed_mla_attention_dominates,,kernel_profile_collected_prefill_and_decode,classify_prefill_execution_and_decode_slope_from_kernel_profile,false,true,true,false,false,false,true,No-Go
phase427_kernel_profile,kernel,K2.5-tp4ep8dp2-8k2k,docs/iter_gap_investigation/phase427_kernel_profile/K2.5-tp4ep8dp2-8k2k,mixed,5,other_cuda,record_param_comms,2.464000,70.405000,35,,,146.075000,9924.000000,0.000000,1.516977,0.595460,0.357492,0.047048,0.031093,0.000000,passed,mixed_mla_attention_dominates,,kernel_profile_collected_prefill_and_decode,classify_prefill_execution_and_decode_slope_from_kernel_profile,false,true,true,false,false,false,true,No-Go
phase427_kernel_profile,kernel,K2.5-tp4ep8dp2-8k2k,docs/iter_gap_investigation/phase427_kernel_profile/K2.5-tp4ep8dp2-8k2k,mixed,5,ep_a2a,nccl:_all_gather_base,2.464000,70.405000,35,,,146.075000,9924.000000,0.000000,1.516977,0.595460,0.357492,0.047048,0.031093,0.000000,passed,mixed_mla_attention_dominates,,kernel_profile_collected_prefill_and_decode,classify_prefill_execution_and_decode_slope_from_kernel_profile,false,true,true,false,false,false,true,No-Go
phase427_kernel_profile,kernel,K2.5-tp4ep8dp2-8k2k,docs/iter_gap_investigation/phase427_kernel_profile/K2.5-tp4ep8dp2-8k2k,mixed,5,dense_gemm,nvjet_tst_80x64_64x11_4x1_v_bz_TNN,1.236000,35.308000,35,,,146.075000,9924.000000,0.000000,1.516977,0.595460,0.357492,0.047048,0.031093,0.000000,passed,mixed_mla_attention_dominates,,kernel_profile_collected_prefill_and_decode,classify_prefill_execution_and_decode_slope_from_kernel_profile,false,true,true,false,false,false,true,No-Go
phase427_kernel_profile,kernel,K2.5-tp4ep8dp2-8k2k,docs/iter_gap_investigation/phase427_kernel_profile/K2.5-tp4ep8dp2-8k2k,mixed,5,other_cuda,void at::native::unrolled_elementwise_kernel<at::nat...,0.904129,25.115000,36,,,146.075000,9924.000000,0.000000,1.516977,0.595460,0.357492,0.047048,0.031093,0.000000,passed,mixed_mla_attention_dominates,,kernel_profile_collected_prefill_and_decode,classify_prefill_execution_and_decode_slope_from_kernel_profile,false,true,true,false,false,false,true,No-Go
phase427_kernel_profile,kernel,K2.5-tp4ep8dp2-8k2k,docs/iter_gap_investigation/phase427_kernel_profile/K2.5-tp4ep8dp2-8k2k,mixed,5,other_cuda,aten::argmax,0.846942,24.198000,35,,,146.075000,9924.000000,0.000000,1.516977,0.595460,0.357492,0.047048,0.031093,0.000000,passed,mixed_mla_attention_dominates,,kernel_profile_collected_prefill_and_decode,classify_prefill_execution_and_decode_slope_from_kernel_profile,false,true,true,false,false,false,true,No-Go
phase427_kernel_profile,kernel,K2.5-tp4ep8dp2-8k2k,docs/iter_gap_investigation/phase427_kernel_profile/K2.5-tp4ep8dp2-8k2k,mixed,5,other_cuda,"void at::native::elementwise_kernel<128, 4, at::nati...",0.828515,23.014000,36,,,146.075000,9924.000000,0.000000,1.516977,0.595460,0.357492,0.047048,0.031093,0.000000,passed,mixed_mla_attention_dominates,,kernel_profile_collected_prefill_and_decode,classify_prefill_execution_and_decode_slope_from_kernel_profile,false,true,true,false,false,false,true,No-Go
phase427_kernel_profile,kernel,K2.5-tp4ep8dp2-8k2k,docs/iter_gap_investigation/phase427_kernel_profile/K2.5-tp4ep8dp2-8k2k,mixed,5,other_cuda,"void at::native::reduce_kernel<512, 1, at::native::R...",0.815009,22.639000,36,,,146.075000,9924.000000,0.000000,1.516977,0.595460,0.357492,0.047048,0.031093,0.000000,passed,mixed_mla_attention_dominates,,kernel_profile_collected_prefill_and_decode,classify_prefill_execution_and_decode_slope_from_kernel_profile,false,true,true,false,false,false,true,No-Go
phase427_kernel_profile,kernel,K2.5-tp4ep8dp2-8k2k,docs/iter_gap_investigation/phase427_kernel_profile/K2.5-tp4ep8dp2-8k2k,mixed,5,tp_or_dp_allreduce,_C_custom_ar::all_reduce,0.661696,18.906000,35,,,146.075000,9924.000000,0.000000,1.516977,0.595460,0.357492,0.047048,0.031093,0.000000,passed,mixed_mla_attention_dominates,,kernel_profile_collected_prefill_and_decode,classify_prefill_execution_and_decode_slope_from_kernel_profile,false,true,true,false,false,false,true,No-Go
phase427_kernel_profile,kernel,K2.5-tp4ep8dp2-8k2k,docs/iter_gap_investigation/phase427_kernel_profile/K2.5-tp4ep8dp2-8k2k,mixed,5,memcpy_memset,Memcpy DtoD (Device -> Device),0.274244,1.306000,210,,,146.075000,9924.000000,0.000000,1.516977,0.595460,0.357492,0.047048,0.031093,0.000000,passed,mixed_mla_attention_dominates,,kernel_profile_collected_prefill_and_decode,classify_prefill_execution_and_decode_slope_from_kernel_profile,false,true,true,false,false,false,true,No-Go
phase427_kernel_profile,kernel,K2.5-tp4ep8dp2-8k2k,docs/iter_gap_investigation/phase427_kernel_profile/K2.5-tp4ep8dp2-8k2k,mixed,5,other_cuda,void at::native::unrolled_elementwise_kernel<at::nat...,0.251067,1.756000,143,,,146.075000,9924.000000,0.000000,1.516977,0.595460,0.357492,0.047048,0.031093,0.000000,passed,mixed_mla_attention_dominates,,kernel_profile_collected_prefill_and_decode,classify_prefill_execution_and_decode_slope_from_kernel_profile,false,true,true,false,false,false,true,No-Go
phase427_kernel_profile,kernel,K2.5-tp4ep8dp2-8k2k,docs/iter_gap_investigation/phase427_kernel_profile/K2.5-tp4ep8dp2-8k2k,mixed,5,other_cuda,cudaStreamIsCapturing,0.217248,0.887000,245,,,146.075000,9924.000000,0.000000,1.516977,0.595460,0.357492,0.047048,0.031093,0.000000,passed,mixed_mla_attention_dominates,,kernel_profile_collected_prefill_and_decode,classify_prefill_execution_and_decode_slope_from_kernel_profile,false,true,true,false,false,false,true,No-Go
phase427_kernel_profile,kernel,K2.5-tp4ep8dp2-8k2k,docs/iter_gap_investigation/phase427_kernel_profile/K2.5-tp4ep8dp2-8k2k,mixed,5,other_cuda,triton_red_fused__to_copy_add_mean_mul_pow_rsqrt_sli...,0.166815,4.634000,36,,,146.075000,9924.000000,0.000000,1.516977,0.595460,0.357492,0.047048,0.031093,0.000000,passed,mixed_mla_attention_dominates,,kernel_profile_collected_prefill_and_decode,classify_prefill_execution_and_decode_slope_from_kernel_profile,false,true,true,false,false,false,true,No-Go
phase427_kernel_profile,kernel,K2.5-tp4ep8dp2-8k2k,docs/iter_gap_investigation/phase427_kernel_profile/K2.5-tp4ep8dp2-8k2k,mixed,5,other_cuda,aten::index,0.228895,3.270000,70,,,146.075000,9924.000000,0.000000,1.516977,0.595460,0.357492,0.047048,0.031093,0.000000,passed,mixed_mla_attention_dominates,,kernel_profile_collected_prefill_and_decode,classify_prefill_execution_and_decode_slope_from_kernel_profile,false,true,true,false,false,false,true,No-Go
phase427_kernel_profile,kernel,K2.5-tp4ep8dp2-8k2k,docs/iter_gap_investigation/phase427_kernel_profile/K2.5-tp4ep8dp2-8k2k,mixed,5,other_cuda,cuLaunchKernelEx,0.154816,1.474000,105,,,146.075000,9924.000000,0.000000,1.516977,0.595460,0.357492,0.047048,0.031093,0.000000,passed,mixed_mla_attention_dominates,,kernel_profile_collected_prefill_and_decode,classify_prefill_execution_and_decode_slope_from_kernel_profile,false,true,true,false,false,false,true,No-Go
phase427_kernel_profile,kernel,K2.5-tp4ep8dp2-8k2k,docs/iter_gap_investigation/phase427_kernel_profile/K2.5-tp4ep8dp2-8k2k,mixed,5,other_cuda,triton_red_fused__to_copy_add_mean_min_latency_fused...,0.145407,4.154000,35,,,146.075000,9924.000000,0.000000,1.516977,0.595460,0.357492,0.047048,0.031093,0.000000,passed,mixed_mla_attention_dominates,,kernel_profile_collected_prefill_and_decode,classify_prefill_execution_and_decode_slope_from_kernel_profile,false,true,true,false,false,false,true,No-Go
phase427_kernel_profile,kernel,K2.5-tp4ep8dp2-8k2k,docs/iter_gap_investigation/phase427_kernel_profile/K2.5-tp4ep8dp2-8k2k,mixed,5,other_cuda,"void at::native::vectorized_gather_kernel<16, long>(...",0.144514,2.035000,71,,,146.075000,9924.000000,0.000000,1.516977,0.595460,0.357492,0.047048,0.031093,0.000000,passed,mixed_mla_attention_dominates,,kernel_profile_collected_prefill_and_decode,classify_prefill_execution_and_decode_slope_from_kernel_profile,false,true,true,false,false,false,true,No-Go
phase427_kernel_profile,kernel,K2.5-tp4ep8dp2-8k2k,docs/iter_gap_investigation/phase427_kernel_profile/K2.5-tp4ep8dp2-8k2k,mixed,5,memcpy_memset,Memcpy DtoH (Device -> Pinned),0.127937,3.554000,36,,,146.075000,9924.000000,0.000000,1.516977,0.595460,0.357492,0.047048,0.031093,0.000000,passed,mixed_mla_attention_dominates,,kernel_profile_collected_prefill_and_decode,classify_prefill_execution_and_decode_slope_from_kernel_profile,false,true,true,false,false,false,true,No-Go
phase427_kernel_profile,kernel,K2.5-tp4ep8dp2-8k2k,docs/iter_gap_investigation/phase427_kernel_profile/K2.5-tp4ep8dp2-8k2k,mixed,5,other_cuda,aten::fill_,0.118621,0.282000,420,,,146.075000,9924.000000,0.000000,1.516977,0.595460,0.357492,0.047048,0.031093,0.000000,passed,mixed_mla_attention_dominates,,kernel_profile_collected_prefill_and_decode,classify_prefill_execution_and_decode_slope_from_kernel_profile,false,true,true,false,false,false,true,No-Go
phase427_kernel_profile,kernel,K2.5-tp4ep8dp2-8k2k,docs/iter_gap_investigation/phase427_kernel_profile/K2.5-tp4ep8dp2-8k2k,mixed,5,other_cuda,_compute_slot_mapping_kernel,0.111906,3.197000,35,,,146.075000,9924.000000,0.000000,1.516977,0.595460,0.357492,0.047048,0.031093,0.000000,passed,mixed_mla_attention_dominates,,kernel_profile_collected_prefill_and_decode,classify_prefill_execution_and_decode_slope_from_kernel_profile,false,true,true,false,false,false,true,No-Go
phase427_kernel_profile,kernel,K2.5-tp4ep8dp2-8k2k,docs/iter_gap_investigation/phase427_kernel_profile/K2.5-tp4ep8dp2-8k2k,mixed,5,other_cuda,aten::masked_fill_,0.111136,3.175000,35,,,146.075000,9924.000000,0.000000,1.516977,0.595460,0.357492,0.047048,0.031093,0.000000,passed,mixed_mla_attention_dominates,,kernel_profile_collected_prefill_and_decode,classify_prefill_execution_and_decode_slope_from_kernel_profile,false,true,true,false,false,false,true,No-Go
phase427_kernel_profile,kernel,K2.5-tp4ep8dp2-8k2k,docs/iter_gap_investigation/phase427_kernel_profile/K2.5-tp4ep8dp2-8k2k,mixed,5,other_cuda,"void at::native::elementwise_kernel<128, 4, at::nati...",0.111136,3.175000,35,,,146.075000,9924.000000,0.000000,1.516977,0.595460,0.357492,0.047048,0.031093,0.000000,passed,mixed_mla_attention_dominates,,kernel_profile_collected_prefill_and_decode,classify_prefill_execution_and_decode_slope_from_kernel_profile,false,true,true,false,false,false,true,No-Go
phase427_kernel_profile,kernel,K2.5-tp4ep8dp2-8k2k,docs/iter_gap_investigation/phase427_kernel_profile/K2.5-tp4ep8dp2-8k2k,mixed,5,other_cuda,"void at::native::index_elementwise_kernel<128, 4, at...",0.102237,2.840000,36,,,146.075000,9924.000000,0.000000,1.516977,0.595460,0.357492,0.047048,0.031093,0.000000,passed,mixed_mla_attention_dominates,,kernel_profile_collected_prefill_and_decode,classify_prefill_execution_and_decode_slope_from_kernel_profile,false,true,true,false,false,false,true,No-Go
phase427_kernel_profile,kernel,K2.5-tp4ep8dp2-8k2k,docs/iter_gap_investigation/phase427_kernel_profile/K2.5-tp4ep8dp2-8k2k,mixed,5,other_cuda,aten::_index_put_impl_,0.225721,6.449000,35,,,146.075000,9924.000000,0.000000,1.516977,0.595460,0.357492,0.047048,0.031093,0.000000,passed,mixed_mla_attention_dominates,,kernel_profile_collected_prefill_and_decode,classify_prefill_execution_and_decode_slope_from_kernel_profile,false,true,true,false,false,false,true,No-Go
phase427_kernel_profile,kernel,K2.5-tp4ep8dp2-8k2k,docs/iter_gap_investigation/phase427_kernel_profile/K2.5-tp4ep8dp2-8k2k,mixed,5,other_cuda,triton_red_fused__to_copy_add_mean_mul_pow_rsqrt_0,0.099172,2.833000,35,,,146.075000,9924.000000,0.000000,1.516977,0.595460,0.357492,0.047048,0.031093,0.000000,passed,mixed_mla_attention_dominates,,kernel_profile_collected_prefill_and_decode,classify_prefill_execution_and_decode_slope_from_kernel_profile,false,true,true,false,false,false,true,No-Go
phase427_kernel_profile,kernel,K2.5-tp4ep8dp2-8k2k,docs/iter_gap_investigation/phase427_kernel_profile/K2.5-tp4ep8dp2-8k2k,mixed,5,other_cuda,"void at::native::index_elementwise_kernel<128, 4, at...",0.092544,2.644000,35,,,146.075000,9924.000000,0.000000,1.516977,0.595460,0.357492,0.047048,0.031093,0.000000,passed,mixed_mla_attention_dominates,,kernel_profile_collected_prefill_and_decode,classify_prefill_execution_and_decode_slope_from_kernel_profile,false,true,true,false,false,false,true,No-Go
phase427_kernel_profile,kernel,K2.5-tp4ep8dp2-8k2k,docs/iter_gap_investigation/phase427_kernel_profile/K2.5-tp4ep8dp2-8k2k,mixed,5,other_cuda,aten::add,0.092355,0.880000,105,,,146.075000,9924.000000,0.000000,1.516977,0.595460,0.357492,0.047048,0.031093,0.000000,passed,mixed_mla_attention_dominates,,kernel_profile_collected_prefill_and_decode,classify_prefill_execution_and_decode_slope_from_kernel_profile,false,true,true,false,false,false,true,No-Go
phase427_kernel_profile,kernel,K2.5-tp4ep8dp2-8k2k,docs/iter_gap_investigation/phase427_kernel_profile/K2.5-tp4ep8dp2-8k2k,mixed,5,other_cuda,triton_red_fused__to_copy_add_clone_mean_min_latency...,0.086207,2.463000,35,,,146.075000,9924.000000,0.000000,1.516977,0.595460,0.357492,0.047048,0.031093,0.000000,passed,mixed_mla_attention_dominates,,kernel_profile_collected_prefill_and_decode,classify_prefill_execution_and_decode_slope_from_kernel_profile,false,true,true,false,false,false,true,No-Go
phase427_kernel_profile,kernel,K2.5-tp4ep8dp2-8k2k,docs/iter_gap_investigation/phase427_kernel_profile/K2.5-tp4ep8dp2-8k2k,mixed,5,other_cuda,"void at::native::vectorized_elementwise_kernel<4, at...",0.083295,1.190000,70,,,146.075000,9924.000000,0.000000,1.516977,0.595460,0.357492,0.047048,0.031093,0.000000,passed,mixed_mla_attention_dominates,,kernel_profile_collected_prefill_and_decode,classify_prefill_execution_and_decode_slope_from_kernel_profile,false,true,true,false,false,false,true,No-Go
phase427_kernel_profile,kernel,K2.5-tp4ep8dp2-8k2k,docs/iter_gap_investigation/phase427_kernel_profile/K2.5-tp4ep8dp2-8k2k,mixed,5,other_cuda,triton_poi_fused_add_clone_copy_expand_index_mul_neg...,0.072510,2.072000,35,,,146.075000,9924.000000,0.000000,1.516977,0.595460,0.357492,0.047048,0.031093,0.000000,passed,mixed_mla_attention_dominates,,kernel_profile_collected_prefill_and_decode,classify_prefill_execution_and_decode_slope_from_kernel_profile,false,true,true,false,false,false,true,No-Go
phase427_kernel_profile,kernel,K2.5-tp4ep8dp2-8k2k,docs/iter_gap_investigation/phase427_kernel_profile/K2.5-tp4ep8dp2-8k2k,mixed,5,other_cuda,aten::gather,0.071074,2.031000,35,,,146.075000,9924.000000,0.000000,1.516977,0.595460,0.357492,0.047048,0.031093,0.000000,passed,mixed_mla_attention_dominates,,kernel_profile_collected_prefill_and_decode,classify_prefill_execution_and_decode_slope_from_kernel_profile,false,true,true,false,false,false,true,No-Go
phase427_kernel_profile,kernel,K2.5-tp4ep8dp2-8k2k,docs/iter_gap_investigation/phase427_kernel_profile/K2.5-tp4ep8dp2-8k2k,mixed,5,mla_attention,_vllm_fa3_C::get_scheduler_metadata,0.070531,2.015000,35,,,146.075000,9924.000000,0.000000,1.516977,0.595460,0.357492,0.047048,0.031093,0.000000,passed,mixed_mla_attention_dominates,,kernel_profile_collected_prefill_and_decode,classify_prefill_execution_and_decode_slope_from_kernel_profile,false,true,true,false,false,false,true,No-Go
phase427_kernel_profile,kernel,K2.5-tp4ep8dp2-8k2k,docs/iter_gap_investigation/phase427_kernel_profile/K2.5-tp4ep8dp2-8k2k,mixed,5,mla_attention,"void flash::prepare_varlen_num_blocks_kernel<2, fals...",0.070531,2.015000,35,,,146.075000,9924.000000,0.000000,1.516977,0.595460,0.357492,0.047048,0.031093,0.000000,passed,mixed_mla_attention_dominates,,kernel_profile_collected_prefill_and_decode,classify_prefill_execution_and_decode_slope_from_kernel_profile,false,true,true,false,false,false,true,No-Go
phase427_kernel_profile,kernel,K2.5-tp4ep8dp2-8k2k,docs/iter_gap_investigation/phase427_kernel_profile/K2.5-tp4ep8dp2-8k2k,mixed,5,other_cuda,triton_red_fused_2,0.070016,2.000000,35,,,146.075000,9924.000000,0.000000,1.516977,0.595460,0.357492,0.047048,0.031093,0.000000,passed,mixed_mla_attention_dominates,,kernel_profile_collected_prefill_and_decode,classify_prefill_execution_and_decode_slope_from_kernel_profile,false,true,true,false,false,false,true,No-Go
phase427_kernel_profile,kernel,K2.5-tp4ep8dp2-8k2k,docs/iter_gap_investigation/phase427_kernel_profile/K2.5-tp4ep8dp2-8k2k,mixed,5,memcpy_memset,Memset (Device),0.057181,1.588000,36,,,146.075000,9924.000000,0.000000,1.516977,0.595460,0.357492,0.047048,0.031093,0.000000,passed,mixed_mla_attention_dominates,,kernel_profile_collected_prefill_and_decode,classify_prefill_execution_and_decode_slope_from_kernel_profile,false,true,true,false,false,false,true,No-Go
phase427_kernel_profile,kernel,K2.5-tp4ep8dp2-8k2k,docs/iter_gap_investigation/phase427_kernel_profile/K2.5-tp4ep8dp2-8k2k,mixed,5,other_cuda,triton_poi_fused_1,0.056929,1.627000,35,,,146.075000,9924.000000,0.000000,1.516977,0.595460,0.357492,0.047048,0.031093,0.000000,passed,mixed_mla_attention_dominates,,kernel_profile_collected_prefill_and_decode,classify_prefill_execution_and_decode_slope_from_kernel_profile,false,true,true,false,false,false,true,No-Go
phase427_kernel_profile,kernel,K2.5-tp4ep8dp2-8k2k,docs/iter_gap_investigation/phase427_kernel_profile/K2.5-tp4ep8dp2-8k2k,mixed,5,other_cuda,void at::native::unrolled_elementwise_kernel<at::nat...,0.052962,1.471000,36,,,146.075000,9924.000000,0.000000,1.516977,0.595460,0.357492,0.047048,0.031093,0.000000,passed,mixed_mla_attention_dominates,,kernel_profile_collected_prefill_and_decode,classify_prefill_execution_and_decode_slope_from_kernel_profile,false,true,true,false,false,false,true,No-Go
phase427_kernel_profile,kernel,K2.5-tp4ep8dp2-8k2k,docs/iter_gap_investigation/phase427_kernel_profile/K2.5-tp4ep8dp2-8k2k,mixed,5,other_cuda,triton_poi_fused_mul_silu_slice_1,0.051326,1.466000,35,,,146.075000,9924.000000,0.000000,1.516977,0.595460,0.357492,0.047048,0.031093,0.000000,passed,mixed_mla_attention_dominates,,kernel_profile_collected_prefill_and_decode,classify_prefill_execution_and_decode_slope_from_kernel_profile,false,true,true,false,false,false,true,No-Go
phase427_kernel_profile,kernel,K2.5-tp4ep8dp2-8k2k,docs/iter_gap_investigation/phase427_kernel_profile/K2.5-tp4ep8dp2-8k2k,mixed,5,other_cuda,"void at::native::vectorized_elementwise_kernel<2, at...",0.050433,1.441000,35,,,146.075000,9924.000000,0.000000,1.516977,0.595460,0.357492,0.047048,0.031093,0.000000,passed,mixed_mla_attention_dominates,,kernel_profile_collected_prefill_and_decode,classify_prefill_execution_and_decode_slope_from_kernel_profile,false,true,true,false,false,false,true,No-Go
phase427_kernel_profile,kernel,K2.5-tp4ep8dp2-8k2k,docs/iter_gap_investigation/phase427_kernel_profile/K2.5-tp4ep8dp2-8k2k,mixed,5,other_cuda,"void at::native::vectorized_elementwise_kernel<4, at...",0.041922,1.198000,35,,,146.075000,9924.000000,0.000000,1.516977,0.595460,0.357492,0.047048,0.031093,0.000000,passed,mixed_mla_attention_dominates,,kernel_profile_collected_prefill_and_decode,classify_prefill_execution_and_decode_slope_from_kernel_profile,false,true,true,false,false,false,true,No-Go
phase427_kernel_profile,kernel,K2.5-tp4ep8dp2-8k2k,docs/iter_gap_investigation/phase427_kernel_profile/K2.5-tp4ep8dp2-8k2k,mixed,5,other_cuda,triton_poi_fused_add_bitwise_and_bitwise_not_bitwise...,0.041859,1.196000,35,,,146.075000,9924.000000,0.000000,1.516977,0.595460,0.357492,0.047048,0.031093,0.000000,passed,mixed_mla_attention_dominates,,kernel_profile_collected_prefill_and_decode,classify_prefill_execution_and_decode_slope_from_kernel_profile,false,true,true,false,false,false,true,No-Go
phase427_kernel_profile,kernel,K2.5-tp4ep8dp2-8k2k,docs/iter_gap_investigation/phase427_kernel_profile/K2.5-tp4ep8dp2-8k2k,mixed,5,other_cuda,triton_poi_fused_add_bitwise_and_bitwise_not_bitwise...,0.041859,1.196000,35,,,146.075000,9924.000000,0.000000,1.516977,0.595460,0.357492,0.047048,0.031093,0.000000,passed,mixed_mla_attention_dominates,,kernel_profile_collected_prefill_and_decode,classify_prefill_execution_and_decode_slope_from_kernel_profile,false,true,true,false,false,false,true,No-Go
phase427_kernel_profile,kernel,K2.5-tp4ep8dp2-8k2k,docs/iter_gap_investigation/phase427_kernel_profile/K2.5-tp4ep8dp2-8k2k,mixed,5,other_cuda,## Call CompiledFxGraph f52ckslhhwqd3ysisx6hpbeashi6...,0.041859,1.196000,35,,,146.075000,9924.000000,0.000000,1.516977,0.595460,0.357492,0.047048,0.031093,0.000000,passed,mixed_mla_attention_dominates,,kernel_profile_collected_prefill_and_decode,classify_prefill_execution_and_decode_slope_from_kernel_profile,false,true,true,false,false,false,true,No-Go
phase427_kernel_profile,kernel,K2.5-tp4ep8dp2-8k2k,docs/iter_gap_investigation/phase427_kernel_profile/K2.5-tp4ep8dp2-8k2k,mixed,5,other_cuda,aten::sub,0.040351,0.576000,70,,,146.075000,9924.000000,0.000000,1.516977,0.595460,0.357492,0.047048,0.031093,0.000000,passed,mixed_mla_attention_dominates,,kernel_profile_collected_prefill_and_decode,classify_prefill_execution_and_decode_slope_from_kernel_profile,false,true,true,false,false,false,true,No-Go
phase427_kernel_profile,kernel,K2.5-tp4ep8dp2-8k2k,docs/iter_gap_investigation/phase427_kernel_profile/K2.5-tp4ep8dp2-8k2k,mixed,5,other_cuda,void at::native::unrolled_elementwise_kernel<at::nat...,0.040351,1.153000,35,,,146.075000,9924.000000,0.000000,1.516977,0.595460,0.357492,0.047048,0.031093,0.000000,passed,mixed_mla_attention_dominates,,kernel_profile_collected_prefill_and_decode,classify_prefill_execution_and_decode_slope_from_kernel_profile,false,true,true,false,false,false,true,No-Go
phase427_kernel_profile,kernel,K2.5-tp4ep8dp2-8k2k,docs/iter_gap_investigation/phase427_kernel_profile/K2.5-tp4ep8dp2-8k2k,mixed,5,other_cuda,void at::native::unrolled_elementwise_kernel<at::nat...,0.035326,1.009000,35,,,146.075000,9924.000000,0.000000,1.516977,0.595460,0.357492,0.047048,0.031093,0.000000,passed,mixed_mla_attention_dominates,,kernel_profile_collected_prefill_and_decode,classify_prefill_execution_and_decode_slope_from_kernel_profile,false,true,true,false,false,false,true,No-Go
phase427_kernel_profile,kernel,K2.5-tp4ep8dp2-8k2k,docs/iter_gap_investigation/phase427_kernel_profile/K2.5-tp4ep8dp2-8k2k,mixed,5,other_cuda,cudaEventRecordWithFlags,0.027584,0.263000,105,,,146.075000,9924.000000,0.000000,1.516977,0.595460,0.357492,0.047048,0.031093,0.000000,passed,mixed_mla_attention_dominates,,kernel_profile_collected_prefill_and_decode,classify_prefill_execution_and_decode_slope_from_kernel_profile,false,true,true,false,false,false,true,No-Go
phase427_kernel_profile,kernel,K2.5-tp4ep8dp2-8k2k,docs/iter_gap_investigation/phase427_kernel_profile/K2.5-tp4ep8dp2-8k2k,mixed,5,other_cuda,cudaThreadExchangeStreamCaptureMode,0.014528,0.125000,116,,,146.075000,9924.000000,0.000000,1.516977,0.595460,0.357492,0.047048,0.031093,0.000000,passed,mixed_mla_attention_dominates,,kernel_profile_collected_prefill_and_decode,classify_prefill_execution_and_decode_slope_from_kernel_profile,false,true,true,false,false,false,true,No-Go
phase427_kernel_profile,kernel,K2.5-tp4ep8dp2-8k2k,docs/iter_gap_investigation/phase427_kernel_profile/K2.5-tp4ep8dp2-8k2k,mixed,5,other_cuda,cudaEventRecord,0.007264,0.035000,210,,,146.075000,9924.000000,0.000000,1.516977,0.595460,0.357492,0.047048,0.031093,0.000000,passed,mixed_mla_attention_dominates,,kernel_profile_collected_prefill_and_decode,classify_prefill_execution_and_decode_slope_from_kernel_profile,false,true,true,false,false,false,true,No-Go
phase427_kernel_profile,kernel,K2.5-tp4ep8dp2-8k2k,docs/iter_gap_investigation/phase427_kernel_profile/K2.5-tp4ep8dp2-8k2k,mixed,5,other_cuda,cudaEventQuery,0.004768,0.024000,197,,,146.075000,9924.000000,0.000000,1.516977,0.595460,0.357492,0.047048,0.031093,0.000000,passed,mixed_mla_attention_dominates,,kernel_profile_collected_prefill_and_decode,classify_prefill_execution_and_decode_slope_from_kernel_profile,false,true,true,false,false,false,true,No-Go
phase427_kernel_profile,kernel,K2.5-tp4ep8dp2-8k2k,docs/iter_gap_investigation/phase427_kernel_profile/K2.5-tp4ep8dp2-8k2k,mixed,5,other_cuda,cudaDriverGetVersion,0.003392,0.097000,35,,,146.075000,9924.000000,0.000000,1.516977,0.595460,0.357492,0.047048,0.031093,0.000000,passed,mixed_mla_attention_dominates,,kernel_profile_collected_prefill_and_decode,classify_prefill_execution_and_decode_slope_from_kernel_profile,false,true,true,false,false,false,true,No-Go
phase427_kernel_profile,kernel,K2.5-tp4ep8dp2-8k2k,docs/iter_gap_investigation/phase427_kernel_profile/K2.5-tp4ep8dp2-8k2k,mixed,5,other_cuda,cudaStreamWaitEvent,0.002176,0.016000,140,,,146.075000,9924.000000,0.000000,1.516977,0.595460,0.357492,0.047048,0.031093,0.000000,passed,mixed_mla_attention_dominates,,kernel_profile_collected_prefill_and_decode,classify_prefill_execution_and_decode_slope_from_kernel_profile,false,true,true,false,false,false,true,No-Go
phase427_kernel_profile,kernel,K2.5-tp4ep8dp2-8k2k,docs/iter_gap_investigation/phase427_kernel_profile/K2.5-tp4ep8dp2-8k2k,mixed,5,other_cuda,Activity Buffer Request,0.001633,0.544000,3,,,146.075000,9924.000000,0.000000,1.516977,0.595460,0.357492,0.047048,0.031093,0.000000,passed,mixed_mla_attention_dominates,,kernel_profile_collected_prefill_and_decode,classify_prefill_execution_and_decode_slope_from_kernel_profile,false,true,true,false,false,false,true,No-Go
phase427_kernel_profile,kernel,K2.5-tp4ep8dp2-8k2k,docs/iter_gap_investigation/phase427_kernel_profile/K2.5-tp4ep8dp2-8k2k,mixed,5,other_cuda,cudaGraphLaunch,0.004320,0.123000,35,,,146.075000,9924.000000,0.000000,1.516977,0.595460,0.357492,0.047048,0.031093,0.000000,passed,mixed_mla_attention_dominates,,kernel_profile_collected_prefill_and_decode,classify_prefill_execution_and_decode_slope_from_kernel_profile,false,true,true,false,false,false,true,No-Go
phase427_kernel_profile,kernel,K2.5-tp4ep8dp2-8k2k,docs/iter_gap_investigation/phase427_kernel_profile/K2.5-tp4ep8dp2-8k2k,mixed,5,other_cuda,cudaEventSynchronize,0.001248,0.036000,35,,,146.075000,9924.000000,0.000000,1.516977,0.595460,0.357492,0.047048,0.031093,0.000000,passed,mixed_mla_attention_dominates,,kernel_profile_collected_prefill_and_decode,classify_prefill_execution_and_decode_slope_from_kernel_profile,false,true,true,false,false,false,true,No-Go
phase427_kernel_profile,kernel,K2.5-tp4ep8dp2-8k2k,docs/iter_gap_investigation/phase427_kernel_profile/K2.5-tp4ep8dp2-8k2k,mixed,5,cuda_graph_envelope,execute_context_0(0)_generation_56(56),15.311000,437.467000,35,,,146.075000,9924.000000,0.000000,1.516977,0.595460,0.357492,0.047048,0.031093,0.000000,passed,mixed_mla_attention_dominates,,kernel_profile_collected_prefill_and_decode,classify_prefill_execution_and_decode_slope_from_kernel_profile,false,true,true,false,false,false,true,No-Go
phase427_kernel_profile,kernel,K2.5-tp4ep8dp2-8k2k,docs/iter_gap_investigation/phase427_kernel_profile/K2.5-tp4ep8dp2-8k2k,mixed,5,other_cuda,aten::slice,0.000000,0.000000,1925,,,146.075000,9924.000000,0.000000,1.516977,0.595460,0.357492,0.047048,0.031093,0.000000,passed,mixed_mla_attention_dominates,,kernel_profile_collected_prefill_and_decode,classify_prefill_execution_and_decode_slope_from_kernel_profile,false,true,true,false,false,false,true,No-Go
phase427_kernel_profile,kernel,K2.5-tp4ep8dp2-8k2k,docs/iter_gap_investigation/phase427_kernel_profile/K2.5-tp4ep8dp2-8k2k,mixed,5,other_cuda,aten::as_strided,0.000000,0.000000,2940,,,146.075000,9924.000000,0.000000,1.516977,0.595460,0.357492,0.047048,0.031093,0.000000,passed,mixed_mla_attention_dominates,,kernel_profile_collected_prefill_and_decode,classify_prefill_execution_and_decode_slope_from_kernel_profile,false,true,true,false,false,false,true,No-Go
phase427_kernel_profile,kernel,K2.5-tp4ep8dp2-8k2k,docs/iter_gap_investigation/phase427_kernel_profile/K2.5-tp4ep8dp2-8k2k,mixed,5,memcpy_memset,cudaMemcpyAsync,0.000000,0.000000,525,,,146.075000,9924.000000,0.000000,1.516977,0.595460,0.357492,0.047048,0.031093,0.000000,passed,mixed_mla_attention_dominates,,kernel_profile_collected_prefill_and_decode,classify_prefill_execution_and_decode_slope_from_kernel_profile,false,true,true,false,false,false,true,No-Go
phase427_kernel_profile,kernel,K2.5-tp4ep8dp2-8k2k,docs/iter_gap_investigation/phase427_kernel_profile/K2.5-tp4ep8dp2-8k2k,mixed,5,other_cuda,aten::lift_fresh,0.000000,0.000000,315,,,146.075000,9924.000000,0.000000,1.516977,0.595460,0.357492,0.047048,0.031093,0.000000,passed,mixed_mla_attention_dominates,,kernel_profile_collected_prefill_and_decode,classify_prefill_execution_and_decode_slope_from_kernel_profile,false,true,true,false,false,false,true,No-Go
phase427_kernel_profile,kernel,K2.5-tp4ep8dp2-8k2k,docs/iter_gap_investigation/phase427_kernel_profile/K2.5-tp4ep8dp2-8k2k,mixed,5,other_cuda,aten::flatten,0.000000,0.000000,35,,,146.075000,9924.000000,0.000000,1.516977,0.595460,0.357492,0.047048,0.031093,0.000000,passed,mixed_mla_attention_dominates,,kernel_profile_collected_prefill_and_decode,classify_prefill_execution_and_decode_slope_from_kernel_profile,false,true,true,false,false,false,true,No-Go
phase427_kernel_profile,kernel,K2.5-tp4ep8dp2-8k2k,docs/iter_gap_investigation/phase427_kernel_profile/K2.5-tp4ep8dp2-8k2k,mixed,5,other_cuda,aten::view,0.000000,0.000000,280,,,146.075000,9924.000000,0.000000,1.516977,0.595460,0.357492,0.047048,0.031093,0.000000,passed,mixed_mla_attention_dominates,,kernel_profile_collected_prefill_and_decode,classify_prefill_execution_and_decode_slope_from_kernel_profile,false,true,true,false,false,false,true,No-Go
phase427_kernel_profile,kernel,K2.5-tp4ep8dp2-8k2k,docs/iter_gap_investigation/phase427_kernel_profile/K2.5-tp4ep8dp2-8k2k,mixed,5,other_cuda,aten::index_select,0.071074,1.015000,70,,,146.075000,9924.000000,0.000000,1.516977,0.595460,0.357492,0.047048,0.031093,0.000000,passed,mixed_mla_attention_dominates,,kernel_profile_collected_prefill_and_decode,classify_prefill_execution_and_decode_slope_from_kernel_profile,false,true,true,false,false,false,true,No-Go
phase427_kernel_profile,kernel,K2.5-tp4ep8dp2-8k2k,docs/iter_gap_investigation/phase427_kernel_profile/K2.5-tp4ep8dp2-8k2k,mixed,5,other_cuda,aten::detach,0.000000,0.000000,70,,,146.075000,9924.000000,0.000000,1.516977,0.595460,0.357492,0.047048,0.031093,0.000000,passed,mixed_mla_attention_dominates,,kernel_profile_collected_prefill_and_decode,classify_prefill_execution_and_decode_slope_from_kernel_profile,false,true,true,false,false,false,true,No-Go
phase427_kernel_profile,kernel,K2.5-tp4ep8dp2-8k2k,docs/iter_gap_investigation/phase427_kernel_profile/K2.5-tp4ep8dp2-8k2k,mixed,5,other_cuda,aten::to,1.302000,2.657000,490,,,146.075000,9924.000000,0.000000,1.516977,0.595460,0.357492,0.047048,0.031093,0.000000,passed,mixed_mla_attention_dominates,,kernel_profile_collected_prefill_and_decode,classify_prefill_execution_and_decode_slope_from_kernel_profile,false,true,true,false,false,false,true,No-Go
phase427_kernel_profile,kernel,K2.5-tp4ep8dp2-8k2k,docs/iter_gap_investigation/phase427_kernel_profile/K2.5-tp4ep8dp2-8k2k,mixed,6,cuda_graph_envelope,execute_context_0(0)_generation_56(56),3471.000000,551.004000,6300,,,146.075000,9924.000000,0.000000,1.516977,0.595460,0.357492,0.047048,0.031093,0.000000,passed,mixed_mla_attention_dominates,,kernel_profile_collected_prefill_and_decode,classify_prefill_execution_and_decode_slope_from_kernel_profile,false,true,true,false,false,false,true,No-Go
phase427_kernel_profile,kernel,K2.5-tp4ep8dp2-8k2k,docs/iter_gap_investigation/phase427_kernel_profile/K2.5-tp4ep8dp2-8k2k,mixed,6,mla_attention,void cutlass::device_kernel<flash::enable_sm90_or_la...,396.480000,181.207000,2188,,,146.075000,9924.000000,0.000000,1.516977,0.595460,0.357492,0.047048,0.031093,0.000000,passed,mixed_mla_attention_dominates,,kernel_profile_collected_prefill_and_decode,classify_prefill_execution_and_decode_slope_from_kernel_profile,false,true,true,false,false,false,true,No-Go
phase427_kernel_profile,kernel,K2.5-tp4ep8dp2-8k2k,docs/iter_gap_investigation/phase427_kernel_profile/K2.5-tp4ep8dp2-8k2k,mixed,6,moe_gemm_or_aux,"void marlin_moe_wna16::Marlin<1125899906909960l, 112...",247.137000,57.394000,4306,,,146.075000,9924.000000,0.000000,1.516977,0.595460,0.357492,0.047048,0.031093,0.000000,passed,mixed_mla_attention_dominates,,kernel_profile_collected_prefill_and_decode,classify_prefill_execution_and_decode_slope_from_kernel_profile,false,true,true,false,false,false,true,No-Go
phase427_kernel_profile,kernel,K2.5-tp4ep8dp2-8k2k,docs/iter_gap_investigation/phase427_kernel_profile/K2.5-tp4ep8dp2-8k2k,mixed,6,ep_a2a,ncclDevKernel_ReduceScatter_Sum_bf16_RING_LL(ncclDev...,160.455000,74.526000,2153,,,146.075000,9924.000000,0.000000,1.516977,0.595460,0.357492,0.047048,0.031093,0.000000,passed,mixed_mla_attention_dominates,,kernel_profile_collected_prefill_and_decode,classify_prefill_execution_and_decode_slope_from_kernel_profile,false,true,true,false,false,false,true,No-Go
phase427_kernel_profile,kernel,K2.5-tp4ep8dp2-8k2k,docs/iter_gap_investigation/phase427_kernel_profile/K2.5-tp4ep8dp2-8k2k,mixed,6,ep_a2a,ncclDevKernel_AllGather_RING_LL(ncclDevKernelArgsSto...,102.301000,23.555000,4343,,,146.075000,9924.000000,0.000000,1.516977,0.595460,0.357492,0.047048,0.031093,0.000000,passed,mixed_mla_attention_dominates,,kernel_profile_collected_prefill_and_decode,classify_prefill_execution_and_decode_slope_from_kernel_profile,false,true,true,false,false,false,true,No-Go
phase427_kernel_profile,kernel,K2.5-tp4ep8dp2-8k2k,docs/iter_gap_investigation/phase427_kernel_profile/K2.5-tp4ep8dp2-8k2k,mixed,6,dense_gemm,nvjet_tst_64x16_64x16_2x1_v_bz_splitK_TNT,39.634000,18.409000,2153,,,146.075000,9924.000000,0.000000,1.516977,0.595460,0.357492,0.047048,0.031093,0.000000,passed,mixed_mla_attention_dominates,,kernel_profile_collected_prefill_and_decode,classify_prefill_execution_and_decode_slope_from_kernel_profile,false,true,true,false,false,false,true,No-Go
phase427_kernel_profile,kernel,K2.5-tp4ep8dp2-8k2k,docs/iter_gap_investigation/phase427_kernel_profile/K2.5-tp4ep8dp2-8k2k,mixed,6,tp_or_dp_allreduce,"void vllm::cross_device_reduce_2stage<__nv_bfloat16,...",29.384000,13.013000,2258,,,146.075000,9924.000000,0.000000,1.516977,0.595460,0.357492,0.047048,0.031093,0.000000,passed,mixed_mla_attention_dominates,,kernel_profile_collected_prefill_and_decode,classify_prefill_execution_and_decode_slope_from_kernel_profile,false,true,true,false,false,false,true,No-Go
phase427_kernel_profile,kernel,K2.5-tp4ep8dp2-8k2k,docs/iter_gap_investigation/phase427_kernel_profile/K2.5-tp4ep8dp2-8k2k,mixed,6,dense_gemm,nvjet_tst_64x16_64x16_4x1_v_bz_TNT,27.632000,12.834000,2153,,,146.075000,9924.000000,0.000000,1.516977,0.595460,0.357492,0.047048,0.031093,0.000000,passed,mixed_mla_attention_dominates,,kernel_profile_collected_prefill_and_decode,classify_prefill_execution_and_decode_slope_from_kernel_profile,false,true,true,false,false,false,true,No-Go
phase427_kernel_profile,kernel,K2.5-tp4ep8dp2-8k2k,docs/iter_gap_investigation/phase427_kernel_profile/K2.5-tp4ep8dp2-8k2k,mixed,6,dense_gemm,nvjet_tst_64x56_64x14_4x1_v_bz_splitK_TNT,26.272000,12.007000,2188,,,146.075000,9924.000000,0.000000,1.516977,0.595460,0.357492,0.047048,0.031093,0.000000,passed,mixed_mla_attention_dominates,,kernel_profile_collected_prefill_and_decode,classify_prefill_execution_and_decode_slope_from_kernel_profile,false,true,true,false,false,false,true,No-Go
phase427_kernel_profile,kernel,K2.5-tp4ep8dp2-8k2k,docs/iter_gap_investigation/phase427_kernel_profile/K2.5-tp4ep8dp2-8k2k,mixed,6,dense_gemm,nvjet_tst_64x56_64x14_4x1_v_bz_TNT,23.263000,10.465000,2223,,,146.075000,9924.000000,0.000000,1.516977,0.595460,0.357492,0.047048,0.031093,0.000000,passed,mixed_mla_attention_dominates,,kernel_profile_collected_prefill_and_decode,classify_prefill_execution_and_decode_slope_from_kernel_profile,false,true,true,false,false,false,true,No-Go
phase427_kernel_profile,kernel,K2.5-tp4ep8dp2-8k2k,docs/iter_gap_investigation/phase427_kernel_profile/K2.5-tp4ep8dp2-8k2k,mixed,6,other_cuda,"void at::native::reduce_kernel<128, 4, at::native::R...",20.908000,9.711000,2153,,,146.075000,9924.000000,0.000000,1.516977,0.595460,0.357492,0.047048,0.031093,0.000000,passed,mixed_mla_attention_dominates,,kernel_profile_collected_prefill_and_decode,classify_prefill_execution_and_decode_slope_from_kernel_profile,false,true,true,false,false,false,true,No-Go
phase427_kernel_profile,kernel,K2.5-tp4ep8dp2-8k2k,docs/iter_gap_investigation/phase427_kernel_profile/K2.5-tp4ep8dp2-8k2k,mixed,6,dense_gemm,"void router_gemm_kernel_bf16_output<__nv_bfloat16, 1...",16.379000,7.607000,2153,,,146.075000,9924.000000,0.000000,1.516977,0.595460,0.357492,0.047048,0.031093,0.000000,passed,mixed_mla_attention_dominates,,kernel_profile_collected_prefill_and_decode,classify_prefill_execution_and_decode_slope_from_kernel_profile,false,true,true,false,false,false,true,No-Go
phase427_kernel_profile,kernel,K2.5-tp4ep8dp2-8k2k,docs/iter_gap_investigation/phase427_kernel_profile/K2.5-tp4ep8dp2-8k2k,mixed,6,other_cuda,"void vllm::act_and_mul_kernel<c10::BFloat16, __nv_bf...",14.456000,6.714000,2153,,,146.075000,9924.000000,0.000000,1.516977,0.595460,0.357492,0.047048,0.031093,0.000000,passed,mixed_mla_attention_dominates,,kernel_profile_collected_prefill_and_decode,classify_prefill_execution_and_decode_slope_from_kernel_profile,false,true,true,false,false,false,true,No-Go
phase427_kernel_profile,kernel,K2.5-tp4ep8dp2-8k2k,docs/iter_gap_investigation/phase427_kernel_profile/K2.5-tp4ep8dp2-8k2k,mixed,6,dense_gemm,nvjet_tst_64x32_64x16_4x2_h_bz_TNT,13.615000,6.222000,2188,,,146.075000,9924.000000,0.000000,1.516977,0.595460,0.357492,0.047048,0.031093,0.000000,passed,mixed_mla_attention_dominates,,kernel_profile_collected_prefill_and_decode,classify_prefill_execution_and_decode_slope_from_kernel_profile,false,true,true,false,false,false,true,No-Go
phase427_kernel_profile,kernel,K2.5-tp4ep8dp2-8k2k,docs/iter_gap_investigation/phase427_kernel_profile/K2.5-tp4ep8dp2-8k2k,mixed,6,mla_attention,void cutlass::device_kernel<flash::FlashAttnFwdCombi...,11.965000,5.469000,2188,,,146.075000,9924.000000,0.000000,1.516977,0.595460,0.357492,0.047048,0.031093,0.000000,passed,mixed_mla_attention_dominates,,kernel_profile_collected_prefill_and_decode,classify_prefill_execution_and_decode_slope_from_kernel_profile,false,true,true,false,false,false,true,No-Go
phase427_kernel_profile,kernel,K2.5-tp4ep8dp2-8k2k,docs/iter_gap_investigation/phase427_kernel_profile/K2.5-tp4ep8dp2-8k2k,mixed,6,dense_gemm,"void cublasLt::splitKreduce_kernel<32, 16, int, floa...",9.881000,2.276000,4341,,,146.075000,9924.000000,0.000000,1.516977,0.595460,0.357492,0.047048,0.031093,0.000000,passed,mixed_mla_attention_dominates,,kernel_profile_collected_prefill_and_decode,classify_prefill_execution_and_decode_slope_from_kernel_profile,false,true,true,false,false,false,true,No-Go
phase427_kernel_profile,kernel,K2.5-tp4ep8dp2-8k2k,docs/iter_gap_investigation/phase427_kernel_profile/K2.5-tp4ep8dp2-8k2k,mixed,6,moe_gemm_or_aux,void vllm::moe::grouped_topk_fused_small_expert_coun...,9.860000,4.580000,2153,,,146.075000,9924.000000,0.000000,1.516977,0.595460,0.357492,0.047048,0.031093,0.000000,passed,mixed_mla_attention_dominates,,kernel_profile_collected_prefill_and_decode,classify_prefill_execution_and_decode_slope_from_kernel_profile,false,true,true,false,false,false,true,No-Go
phase427_kernel_profile,kernel,K2.5-tp4ep8dp2-8k2k,docs/iter_gap_investigation/phase427_kernel_profile/K2.5-tp4ep8dp2-8k2k,mixed,6,other_cuda,"void at::native::vectorized_elementwise_kernel<8, at...",9.812000,4.557000,2153,,,146.075000,9924.000000,0.000000,1.516977,0.595460,0.357492,0.047048,0.031093,0.000000,passed,mixed_mla_attention_dominates,,kernel_profile_collected_prefill_and_decode,classify_prefill_execution_and_decode_slope_from_kernel_profile,false,true,true,false,false,false,true,No-Go
phase427_kernel_profile,kernel,K2.5-tp4ep8dp2-8k2k,docs/iter_gap_investigation/phase427_kernel_profile/K2.5-tp4ep8dp2-8k2k,mixed,6,other_cuda,triton_red_fused__to_copy_add_mean_min_latency_fused...,8.507000,4.016000,2118,,,146.075000,9924.000000,0.000000,1.516977,0.595460,0.357492,0.047048,0.031093,0.000000,passed,mixed_mla_attention_dominates,,kernel_profile_collected_prefill_and_decode,classify_prefill_execution_and_decode_slope_from_kernel_profile,false,true,true,false,false,false,true,No-Go
phase427_kernel_profile,kernel,K2.5-tp4ep8dp2-8k2k,docs/iter_gap_investigation/phase427_kernel_profile/K2.5-tp4ep8dp2-8k2k,mixed,6,dense_gemm,nvjet_tst_64x24_64x16_2x1_v_bz_TNT,8.298000,3.793000,2188,,,146.075000,9924.000000,0.000000,1.516977,0.595460,0.357492,0.047048,0.031093,0.000000,passed,mixed_mla_attention_dominates,,kernel_profile_collected_prefill_and_decode,classify_prefill_execution_and_decode_slope_from_kernel_profile,false,true,true,false,false,false,true,No-Go
phase427_kernel_profile,kernel,K2.5-tp4ep8dp2-8k2k,docs/iter_gap_investigation/phase427_kernel_profile/K2.5-tp4ep8dp2-8k2k,mixed,6,dense_gemm,nvjet_tst_64x56_64x14_2x1_v_bz_NNT,8.226000,3.760000,2188,,,146.075000,9924.000000,0.000000,1.516977,0.595460,0.357492,0.047048,0.031093,0.000000,passed,mixed_mla_attention_dominates,,kernel_profile_collected_prefill_and_decode,classify_prefill_execution_and_decode_slope_from_kernel_profile,false,true,true,false,false,false,true,No-Go
phase427_kernel_profile,kernel,K2.5-tp4ep8dp2-8k2k,docs/iter_gap_investigation/phase427_kernel_profile/K2.5-tp4ep8dp2-8k2k,mixed,6,moe_gemm_or_aux,void vllm::moe::moe_align_block_size_kernel<int>(int...,7.500000,3.484000,2153,,,146.075000,9924.000000,0.000000,1.516977,0.595460,0.357492,0.047048,0.031093,0.000000,passed,mixed_mla_attention_dominates,,kernel_profile_collected_prefill_and_decode,classify_prefill_execution_and_decode_slope_from_kernel_profile,false,true,true,false,false,false,true,No-Go
phase427_kernel_profile,kernel,K2.5-tp4ep8dp2-8k2k,docs/iter_gap_investigation/phase427_kernel_profile/K2.5-tp4ep8dp2-8k2k,mixed,6,other_cuda,aten::copy_,7.253000,7.401000,980,,,146.075000,9924.000000,0.000000,1.516977,0.595460,0.357492,0.047048,0.031093,0.000000,passed,mixed_mla_attention_dominates,,kernel_profile_collected_prefill_and_decode,classify_prefill_execution_and_decode_slope_from_kernel_profile,false,true,true,false,false,false,true,No-Go
phase427_kernel_profile,kernel,K2.5-tp4ep8dp2-8k2k,docs/iter_gap_investigation/phase427_kernel_profile/K2.5-tp4ep8dp2-8k2k,mixed,6,other_cuda,triton_red_fused__to_copy_add_mean_mul_pow_rsqrt_seq...,6.009000,2.791000,2153,,,146.075000,9924.000000,0.000000,1.516977,0.595460,0.357492,0.047048,0.031093,0.000000,passed,mixed_mla_attention_dominates,,kernel_profile_collected_prefill_and_decode,classify_prefill_execution_and_decode_slope_from_kernel_profile,false,true,true,false,false,false,true,No-Go
phase427_kernel_profile,kernel,K2.5-tp4ep8dp2-8k2k,docs/iter_gap_investigation/phase427_kernel_profile/K2.5-tp4ep8dp2-8k2k,mixed,6,dense_gemm,nvjet_tst_320x64_64x4_2x1_v_bz_TNT,5.371000,149.185000,36,,,146.075000,9924.000000,0.000000,1.516977,0.595460,0.357492,0.047048,0.031093,0.000000,passed,mixed_mla_attention_dominates,,kernel_profile_collected_prefill_and_decode,classify_prefill_execution_and_decode_slope_from_kernel_profile,false,true,true,false,false,false,true,No-Go
phase427_kernel_profile,kernel,K2.5-tp4ep8dp2-8k2k,docs/iter_gap_investigation/phase427_kernel_profile/K2.5-tp4ep8dp2-8k2k,mixed,6,dense_gemm,aten::mm,5.221000,149.171000,35,,,146.075000,9924.000000,0.000000,1.516977,0.595460,0.357492,0.047048,0.031093,0.000000,passed,mixed_mla_attention_dominates,,kernel_profile_collected_prefill_and_decode,classify_prefill_execution_and_decode_slope_from_kernel_profile,false,true,true,false,false,false,true,No-Go
phase427_kernel_profile,kernel,K2.5-tp4ep8dp2-8k2k,docs/iter_gap_investigation/phase427_kernel_profile/K2.5-tp4ep8dp2-8k2k,mixed,6,memcpy_memset,Memcpy HtoD (Pinned -> Device),4.923000,17.581000,280,,,146.075000,9924.000000,0.000000,1.516977,0.595460,0.357492,0.047048,0.031093,0.000000,passed,mixed_mla_attention_dominates,,kernel_profile_collected_prefill_and_decode,classify_prefill_execution_and_decode_slope_from_kernel_profile,false,true,true,false,false,false,true,No-Go
phase427_kernel_profile,kernel,K2.5-tp4ep8dp2-8k2k,docs/iter_gap_investigation/phase427_kernel_profile/K2.5-tp4ep8dp2-8k2k,mixed,6,other_cuda,triton_poi_fused_add_clone_copy_expand_index_mul_neg...,4.520000,2.099000,2153,,,146.075000,9924.000000,0.000000,1.516977,0.595460,0.357492,0.047048,0.031093,0.000000,passed,mixed_mla_attention_dominates,,kernel_profile_collected_prefill_and_decode,classify_prefill_execution_and_decode_slope_from_kernel_profile,false,true,true,false,false,false,true,No-Go
phase427_kernel_profile,kernel,K2.5-tp4ep8dp2-8k2k,docs/iter_gap_investigation/phase427_kernel_profile/K2.5-tp4ep8dp2-8k2k,mixed,6,mla_attention,void vllm::concat_and_cache_mla_kernel<__nv_bfloat16...,4.333000,1.980000,2188,,,146.075000,9924.000000,0.000000,1.516977,0.595460,0.357492,0.047048,0.031093,0.000000,passed,mixed_mla_attention_dominates,,kernel_profile_collected_prefill_and_decode,classify_prefill_execution_and_decode_slope_from_kernel_profile,false,true,true,false,false,false,true,No-Go
phase427_kernel_profile,kernel,K2.5-tp4ep8dp2-8k2k,docs/iter_gap_investigation/phase427_kernel_profile/K2.5-tp4ep8dp2-8k2k,mixed,6,other_cuda,triton_red_fused_4,4.225000,1.962000,2153,,,146.075000,9924.000000,0.000000,1.516977,0.595460,0.357492,0.047048,0.031093,0.000000,passed,mixed_mla_attention_dominates,,kernel_profile_collected_prefill_and_decode,classify_prefill_execution_and_decode_slope_from_kernel_profile,false,true,true,false,false,false,true,No-Go
phase427_kernel_profile,kernel,K2.5-tp4ep8dp2-8k2k,docs/iter_gap_investigation/phase427_kernel_profile/K2.5-tp4ep8dp2-8k2k,mixed,6,other_cuda,triton_poi_fused_3,3.463000,1.608000,2153,,,146.075000,9924.000000,0.000000,1.516977,0.595460,0.357492,0.047048,0.031093,0.000000,passed,mixed_mla_attention_dominates,,kernel_profile_collected_prefill_and_decode,classify_prefill_execution_and_decode_slope_from_kernel_profile,false,true,true,false,false,false,true,No-Go
phase427_kernel_profile,kernel,K2.5-tp4ep8dp2-8k2k,docs/iter_gap_investigation/phase427_kernel_profile/K2.5-tp4ep8dp2-8k2k,mixed,6,other_cuda,triton_poi_fused_add_all_gather_mul_1,3.312000,1.538000,2154,,,146.075000,9924.000000,0.000000,1.516977,0.595460,0.357492,0.047048,0.031093,0.000000,passed,mixed_mla_attention_dominates,,kernel_profile_collected_prefill_and_decode,classify_prefill_execution_and_decode_slope_from_kernel_profile,false,true,true,false,false,false,true,No-Go
phase427_kernel_profile,kernel,K2.5-tp4ep8dp2-8k2k,docs/iter_gap_investigation/phase427_kernel_profile/K2.5-tp4ep8dp2-8k2k,mixed,6,moe_gemm_or_aux,void vllm::moe::count_and_sort_expert_tokens_kernel<...,3.229000,1.500000,2153,,,146.075000,9924.000000,0.000000,1.516977,0.595460,0.357492,0.047048,0.031093,0.000000,passed,mixed_mla_attention_dominates,,kernel_profile_collected_prefill_and_decode,classify_prefill_execution_and_decode_slope_from_kernel_profile,false,true,true,false,false,false,true,No-Go
phase427_kernel_profile,kernel,K2.5-tp4ep8dp2-8k2k,docs/iter_gap_investigation/phase427_kernel_profile/K2.5-tp4ep8dp2-8k2k,mixed,6,other_cuda,triton_poi_fused_mul_silu_slice_0,3.094000,1.437000,2153,,,146.075000,9924.000000,0.000000,1.516977,0.595460,0.357492,0.047048,0.031093,0.000000,passed,mixed_mla_attention_dominates,,kernel_profile_collected_prefill_and_decode,classify_prefill_execution_and_decode_slope_from_kernel_profile,false,true,true,false,false,false,true,No-Go
phase427_kernel_profile,kernel,K2.5-tp4ep8dp2-8k2k,docs/iter_gap_investigation/phase427_kernel_profile/K2.5-tp4ep8dp2-8k2k,mixed,6,other_cuda,record_param_comms,2.489000,71.123000,35,,,146.075000,9924.000000,0.000000,1.516977,0.595460,0.357492,0.047048,0.031093,0.000000,passed,mixed_mla_attention_dominates,,kernel_profile_collected_prefill_and_decode,classify_prefill_execution_and_decode_slope_from_kernel_profile,false,true,true,false,false,false,true,No-Go
phase427_kernel_profile,kernel,K2.5-tp4ep8dp2-8k2k,docs/iter_gap_investigation/phase427_kernel_profile/K2.5-tp4ep8dp2-8k2k,mixed,6,ep_a2a,nccl:_all_gather_base,2.489000,71.123000,35,,,146.075000,9924.000000,0.000000,1.516977,0.595460,0.357492,0.047048,0.031093,0.000000,passed,mixed_mla_attention_dominates,,kernel_profile_collected_prefill_and_decode,classify_prefill_execution_and_decode_slope_from_kernel_profile,false,true,true,false,false,false,true,No-Go
phase427_kernel_profile,kernel,K2.5-tp4ep8dp2-8k2k,docs/iter_gap_investigation/phase427_kernel_profile/K2.5-tp4ep8dp2-8k2k,mixed,6,dense_gemm,nvjet_tst_80x64_64x11_4x1_v_bz_TNN,1.237000,35.335000,35,,,146.075000,9924.000000,0.000000,1.516977,0.595460,0.357492,0.047048,0.031093,0.000000,passed,mixed_mla_attention_dominates,,kernel_profile_collected_prefill_and_decode,classify_prefill_execution_and_decode_slope_from_kernel_profile,false,true,true,false,false,false,true,No-Go
phase427_kernel_profile,kernel,K2.5-tp4ep8dp2-8k2k,docs/iter_gap_investigation/phase427_kernel_profile/K2.5-tp4ep8dp2-8k2k,mixed,6,other_cuda,void at::native::unrolled_elementwise_kernel<at::nat...,0.912578,25.349000,36,,,146.075000,9924.000000,0.000000,1.516977,0.595460,0.357492,0.047048,0.031093,0.000000,passed,mixed_mla_attention_dominates,,kernel_profile_collected_prefill_and_decode,classify_prefill_execution_and_decode_slope_from_kernel_profile,false,true,true,false,false,false,true,No-Go
phase427_kernel_profile,kernel,K2.5-tp4ep8dp2-8k2k,docs/iter_gap_investigation/phase427_kernel_profile/K2.5-tp4ep8dp2-8k2k,mixed,6,other_cuda,aten::argmax,0.843840,24.110000,35,,,146.075000,9924.000000,0.000000,1.516977,0.595460,0.357492,0.047048,0.031093,0.000000,passed,mixed_mla_attention_dominates,,kernel_profile_collected_prefill_and_decode,classify_prefill_execution_and_decode_slope_from_kernel_profile,false,true,true,false,false,false,true,No-Go
phase427_kernel_profile,kernel,K2.5-tp4ep8dp2-8k2k,docs/iter_gap_investigation/phase427_kernel_profile/K2.5-tp4ep8dp2-8k2k,mixed,6,other_cuda,"void at::native::elementwise_kernel<128, 4, at::nati...",0.830821,23.078000,36,,,146.075000,9924.000000,0.000000,1.516977,0.595460,0.357492,0.047048,0.031093,0.000000,passed,mixed_mla_attention_dominates,,kernel_profile_collected_prefill_and_decode,classify_prefill_execution_and_decode_slope_from_kernel_profile,false,true,true,false,false,false,true,No-Go
phase427_kernel_profile,kernel,K2.5-tp4ep8dp2-8k2k,docs/iter_gap_investigation/phase427_kernel_profile/K2.5-tp4ep8dp2-8k2k,mixed,6,other_cuda,"void at::native::reduce_kernel<512, 1, at::native::R...",0.809857,22.496000,36,,,146.075000,9924.000000,0.000000,1.516977,0.595460,0.357492,0.047048,0.031093,0.000000,passed,mixed_mla_attention_dominates,,kernel_profile_collected_prefill_and_decode,classify_prefill_execution_and_decode_slope_from_kernel_profile,false,true,true,false,false,false,true,No-Go
phase427_kernel_profile,kernel,K2.5-tp4ep8dp2-8k2k,docs/iter_gap_investigation/phase427_kernel_profile/K2.5-tp4ep8dp2-8k2k,mixed,6,tp_or_dp_allreduce,_C_custom_ar::all_reduce,0.617310,17.637000,35,,,146.075000,9924.000000,0.000000,1.516977,0.595460,0.357492,0.047048,0.031093,0.000000,passed,mixed_mla_attention_dominates,,kernel_profile_collected_prefill_and_decode,classify_prefill_execution_and_decode_slope_from_kernel_profile,false,true,true,false,false,false,true,No-Go
phase427_kernel_profile,kernel,K2.5-tp4ep8dp2-8k2k,docs/iter_gap_investigation/phase427_kernel_profile/K2.5-tp4ep8dp2-8k2k,mixed,6,memcpy_memset,Memcpy DtoD (Device -> Device),0.273859,1.304000,210,,,146.075000,9924.000000,0.000000,1.516977,0.595460,0.357492,0.047048,0.031093,0.000000,passed,mixed_mla_attention_dominates,,kernel_profile_collected_prefill_and_decode,classify_prefill_execution_and_decode_slope_from_kernel_profile,false,true,true,false,false,false,true,No-Go
phase427_kernel_profile,kernel,K2.5-tp4ep8dp2-8k2k,docs/iter_gap_investigation/phase427_kernel_profile/K2.5-tp4ep8dp2-8k2k,mixed,6,other_cuda,void at::native::unrolled_elementwise_kernel<at::nat...,0.254274,1.778000,143,,,146.075000,9924.000000,0.000000,1.516977,0.595460,0.357492,0.047048,0.031093,0.000000,passed,mixed_mla_attention_dominates,,kernel_profile_collected_prefill_and_decode,classify_prefill_execution_and_decode_slope_from_kernel_profile,false,true,true,false,false,false,true,No-Go
phase427_kernel_profile,kernel,K2.5-tp4ep8dp2-8k2k,docs/iter_gap_investigation/phase427_kernel_profile/K2.5-tp4ep8dp2-8k2k,mixed,6,other_cuda,cudaStreamIsCapturing,0.185731,0.758000,245,,,146.075000,9924.000000,0.000000,1.516977,0.595460,0.357492,0.047048,0.031093,0.000000,passed,mixed_mla_attention_dominates,,kernel_profile_collected_prefill_and_decode,classify_prefill_execution_and_decode_slope_from_kernel_profile,false,true,true,false,false,false,true,No-Go
phase427_kernel_profile,kernel,K2.5-tp4ep8dp2-8k2k,docs/iter_gap_investigation/phase427_kernel_profile/K2.5-tp4ep8dp2-8k2k,mixed,6,other_cuda,triton_red_fused__to_copy_add_mean_mul_pow_rsqrt_sli...,0.171583,4.766000,36,,,146.075000,9924.000000,0.000000,1.516977,0.595460,0.357492,0.047048,0.031093,0.000000,passed,mixed_mla_attention_dominates,,kernel_profile_collected_prefill_and_decode,classify_prefill_execution_and_decode_slope_from_kernel_profile,false,true,true,false,false,false,true,No-Go
phase427_kernel_profile,kernel,K2.5-tp4ep8dp2-8k2k,docs/iter_gap_investigation/phase427_kernel_profile/K2.5-tp4ep8dp2-8k2k,mixed,6,other_cuda,aten::index,0.233188,3.331000,70,,,146.075000,9924.000000,0.000000,1.516977,0.595460,0.357492,0.047048,0.031093,0.000000,passed,mixed_mla_attention_dominates,,kernel_profile_collected_prefill_and_decode,classify_prefill_execution_and_decode_slope_from_kernel_profile,false,true,true,false,false,false,true,No-Go
phase427_kernel_profile,kernel,K2.5-tp4ep8dp2-8k2k,docs/iter_gap_investigation/phase427_kernel_profile/K2.5-tp4ep8dp2-8k2k,mixed,6,other_cuda,cuLaunchKernelEx,0.154976,1.476000,105,,,146.075000,9924.000000,0.000000,1.516977,0.595460,0.357492,0.047048,0.031093,0.000000,passed,mixed_mla_attention_dominates,,kernel_profile_collected_prefill_and_decode,classify_prefill_execution_and_decode_slope_from_kernel_profile,false,true,true,false,false,false,true,No-Go
phase427_kernel_profile,kernel,K2.5-tp4ep8dp2-8k2k,docs/iter_gap_investigation/phase427_kernel_profile/K2.5-tp4ep8dp2-8k2k,mixed,6,other_cuda,triton_red_fused__to_copy_add_mean_min_latency_fused...,0.145664,4.162000,35,,,146.075000,9924.000000,0.000000,1.516977,0.595460,0.357492,0.047048,0.031093,0.000000,passed,mixed_mla_attention_dominates,,kernel_profile_collected_prefill_and_decode,classify_prefill_execution_and_decode_slope_from_kernel_profile,false,true,true,false,false,false,true,No-Go
phase427_kernel_profile,kernel,K2.5-tp4ep8dp2-8k2k,docs/iter_gap_investigation/phase427_kernel_profile/K2.5-tp4ep8dp2-8k2k,mixed,6,other_cuda,"void at::native::vectorized_gather_kernel<16, long>(...",0.143425,2.020000,71,,,146.075000,9924.000000,0.000000,1.516977,0.595460,0.357492,0.047048,0.031093,0.000000,passed,mixed_mla_attention_dominates,,kernel_profile_collected_prefill_and_decode,classify_prefill_execution_and_decode_slope_from_kernel_profile,false,true,true,false,false,false,true,No-Go
phase427_kernel_profile,kernel,K2.5-tp4ep8dp2-8k2k,docs/iter_gap_investigation/phase427_kernel_profile/K2.5-tp4ep8dp2-8k2k,mixed,6,memcpy_memset,Memcpy DtoH (Device -> Pinned),0.123361,3.427000,36,,,146.075000,9924.000000,0.000000,1.516977,0.595460,0.357492,0.047048,0.031093,0.000000,passed,mixed_mla_attention_dominates,,kernel_profile_collected_prefill_and_decode,classify_prefill_execution_and_decode_slope_from_kernel_profile,false,true,true,false,false,false,true,No-Go
phase427_kernel_profile,kernel,K2.5-tp4ep8dp2-8k2k,docs/iter_gap_investigation/phase427_kernel_profile/K2.5-tp4ep8dp2-8k2k,mixed,6,other_cuda,aten::fill_,0.118401,0.282000,420,,,146.075000,9924.000000,0.000000,1.516977,0.595460,0.357492,0.047048,0.031093,0.000000,passed,mixed_mla_attention_dominates,,kernel_profile_collected_prefill_and_decode,classify_prefill_execution_and_decode_slope_from_kernel_profile,false,true,true,false,false,false,true,No-Go
phase427_kernel_profile,kernel,K2.5-tp4ep8dp2-8k2k,docs/iter_gap_investigation/phase427_kernel_profile/K2.5-tp4ep8dp2-8k2k,mixed,6,other_cuda,_compute_slot_mapping_kernel,0.111295,3.180000,35,,,146.075000,9924.000000,0.000000,1.516977,0.595460,0.357492,0.047048,0.031093,0.000000,passed,mixed_mla_attention_dominates,,kernel_profile_collected_prefill_and_decode,classify_prefill_execution_and_decode_slope_from_kernel_profile,false,true,true,false,false,false,true,No-Go
phase427_kernel_profile,kernel,K2.5-tp4ep8dp2-8k2k,docs/iter_gap_investigation/phase427_kernel_profile/K2.5-tp4ep8dp2-8k2k,mixed,6,other_cuda,aten::masked_fill_,0.111075,3.174000,35,,,146.075000,9924.000000,0.000000,1.516977,0.595460,0.357492,0.047048,0.031093,0.000000,passed,mixed_mla_attention_dominates,,kernel_profile_collected_prefill_and_decode,classify_prefill_execution_and_decode_slope_from_kernel_profile,false,true,true,false,false,false,true,No-Go
phase427_kernel_profile,kernel,K2.5-tp4ep8dp2-8k2k,docs/iter_gap_investigation/phase427_kernel_profile/K2.5-tp4ep8dp2-8k2k,mixed,6,other_cuda,"void at::native::elementwise_kernel<128, 4, at::nati...",0.111075,3.174000,35,,,146.075000,9924.000000,0.000000,1.516977,0.595460,0.357492,0.047048,0.031093,0.000000,passed,mixed_mla_attention_dominates,,kernel_profile_collected_prefill_and_decode,classify_prefill_execution_and_decode_slope_from_kernel_profile,false,true,true,false,false,false,true,No-Go
phase427_kernel_profile,kernel,K2.5-tp4ep8dp2-8k2k,docs/iter_gap_investigation/phase427_kernel_profile/K2.5-tp4ep8dp2-8k2k,mixed,6,other_cuda,triton_red_fused__to_copy_add_clone_mean_min_latency...,0.105188,3.005000,35,,,146.075000,9924.000000,0.000000,1.516977,0.595460,0.357492,0.047048,0.031093,0.000000,passed,mixed_mla_attention_dominates,,kernel_profile_collected_prefill_and_decode,classify_prefill_execution_and_decode_slope_from_kernel_profile,false,true,true,false,false,false,true,No-Go
phase427_kernel_profile,kernel,K2.5-tp4ep8dp2-8k2k,docs/iter_gap_investigation/phase427_kernel_profile/K2.5-tp4ep8dp2-8k2k,mixed,6,other_cuda,"void at::native::index_elementwise_kernel<128, 4, at...",0.104448,2.901000,36,,,146.075000,9924.000000,0.000000,1.516977,0.595460,0.357492,0.047048,0.031093,0.000000,passed,mixed_mla_attention_dominates,,kernel_profile_collected_prefill_and_decode,classify_prefill_execution_and_decode_slope_from_kernel_profile,false,true,true,false,false,false,true,No-Go
phase427_kernel_profile,kernel,K2.5-tp4ep8dp2-8k2k,docs/iter_gap_investigation/phase427_kernel_profile/K2.5-tp4ep8dp2-8k2k,mixed,6,other_cuda,aten::_index_put_impl_,0.227137,6.490000,35,,,146.075000,9924.000000,0.000000,1.516977,0.595460,0.357492,0.047048,0.031093,0.000000,passed,mixed_mla_attention_dominates,,kernel_profile_collected_prefill_and_decode,classify_prefill_execution_and_decode_slope_from_kernel_profile,false,true,true,false,false,false,true,No-Go
phase427_kernel_profile,kernel,K2.5-tp4ep8dp2-8k2k,docs/iter_gap_investigation/phase427_kernel_profile/K2.5-tp4ep8dp2-8k2k,mixed,6,other_cuda,triton_red_fused__to_copy_add_mean_mul_pow_rsqrt_0,0.098752,2.821000,35,,,146.075000,9924.000000,0.000000,1.516977,0.595460,0.357492,0.047048,0.031093,0.000000,passed,mixed_mla_attention_dominates,,kernel_profile_collected_prefill_and_decode,classify_prefill_execution_and_decode_slope_from_kernel_profile,false,true,true,false,false,false,true,No-Go
phase427_kernel_profile,kernel,K2.5-tp4ep8dp2-8k2k,docs/iter_gap_investigation/phase427_kernel_profile/K2.5-tp4ep8dp2-8k2k,mixed,6,other_cuda,"void at::native::index_elementwise_kernel<128, 4, at...",0.093727,2.678000,35,,,146.075000,9924.000000,0.000000,1.516977,0.595460,0.357492,0.047048,0.031093,0.000000,passed,mixed_mla_attention_dominates,,kernel_profile_collected_prefill_and_decode,classify_prefill_execution_and_decode_slope_from_kernel_profile,false,true,true,false,false,false,true,No-Go
phase427_kernel_profile,kernel,K2.5-tp4ep8dp2-8k2k,docs/iter_gap_investigation/phase427_kernel_profile/K2.5-tp4ep8dp2-8k2k,mixed,6,other_cuda,aten::add,0.091803,0.874000,105,,,146.075000,9924.000000,0.000000,1.516977,0.595460,0.357492,0.047048,0.031093,0.000000,passed,mixed_mla_attention_dominates,,kernel_profile_collected_prefill_and_decode,classify_prefill_execution_and_decode_slope_from_kernel_profile,false,true,true,false,false,false,true,No-Go
phase427_kernel_profile,kernel,K2.5-tp4ep8dp2-8k2k,docs/iter_gap_investigation/phase427_kernel_profile/K2.5-tp4ep8dp2-8k2k,mixed,6,other_cuda,"void at::native::vectorized_elementwise_kernel<4, at...",0.083135,1.188000,70,,,146.075000,9924.000000,0.000000,1.516977,0.595460,0.357492,0.047048,0.031093,0.000000,passed,mixed_mla_attention_dominates,,kernel_profile_collected_prefill_and_decode,classify_prefill_execution_and_decode_slope_from_kernel_profile,false,true,true,false,false,false,true,No-Go
phase427_kernel_profile,kernel,K2.5-tp4ep8dp2-8k2k,docs/iter_gap_investigation/phase427_kernel_profile/K2.5-tp4ep8dp2-8k2k,mixed,6,other_cuda,triton_poi_fused_add_clone_copy_expand_index_mul_neg...,0.073502,2.100000,35,,,146.075000,9924.000000,0.000000,1.516977,0.595460,0.357492,0.047048,0.031093,0.000000,passed,mixed_mla_attention_dominates,,kernel_profile_collected_prefill_and_decode,classify_prefill_execution_and_decode_slope_from_kernel_profile,false,true,true,false,false,false,true,No-Go
phase427_kernel_profile,kernel,K2.5-tp4ep8dp2-8k2k,docs/iter_gap_investigation/phase427_kernel_profile/K2.5-tp4ep8dp2-8k2k,mixed,6,other_cuda,triton_red_fused_2,0.070942,2.027000,35,,,146.075000,9924.000000,0.000000,1.516977,0.595460,0.357492,0.047048,0.031093,0.000000,passed,mixed_mla_attention_dominates,,kernel_profile_collected_prefill_and_decode,classify_prefill_execution_and_decode_slope_from_kernel_profile,false,true,true,false,false,false,true,No-Go
phase427_kernel_profile,kernel,K2.5-tp4ep8dp2-8k2k,docs/iter_gap_investigation/phase427_kernel_profile/K2.5-tp4ep8dp2-8k2k,mixed,6,mla_attention,_vllm_fa3_C::get_scheduler_metadata,0.070530,2.015000,35,,,146.075000,9924.000000,0.000000,1.516977,0.595460,0.357492,0.047048,0.031093,0.000000,passed,mixed_mla_attention_dominates,,kernel_profile_collected_prefill_and_decode,classify_prefill_execution_and_decode_slope_from_kernel_profile,false,true,true,false,false,false,true,No-Go
phase427_kernel_profile,kernel,K2.5-tp4ep8dp2-8k2k,docs/iter_gap_investigation/phase427_kernel_profile/K2.5-tp4ep8dp2-8k2k,mixed,6,mla_attention,"void flash::prepare_varlen_num_blocks_kernel<2, fals...",0.070530,2.015000,35,,,146.075000,9924.000000,0.000000,1.516977,0.595460,0.357492,0.047048,0.031093,0.000000,passed,mixed_mla_attention_dominates,,kernel_profile_collected_prefill_and_decode,classify_prefill_execution_and_decode_slope_from_kernel_profile,false,true,true,false,false,false,true,No-Go
phase427_kernel_profile,kernel,K2.5-tp4ep8dp2-8k2k,docs/iter_gap_investigation/phase427_kernel_profile/K2.5-tp4ep8dp2-8k2k,mixed,6,other_cuda,aten::gather,0.069021,1.972000,35,,,146.075000,9924.000000,0.000000,1.516977,0.595460,0.357492,0.047048,0.031093,0.000000,passed,mixed_mla_attention_dominates,,kernel_profile_collected_prefill_and_decode,classify_prefill_execution_and_decode_slope_from_kernel_profile,false,true,true,false,false,false,true,No-Go
phase427_kernel_profile,kernel,K2.5-tp4ep8dp2-8k2k,docs/iter_gap_investigation/phase427_kernel_profile/K2.5-tp4ep8dp2-8k2k,mixed,6,memcpy_memset,Memset (Device),0.057182,1.588000,36,,,146.075000,9924.000000,0.000000,1.516977,0.595460,0.357492,0.047048,0.031093,0.000000,passed,mixed_mla_attention_dominates,,kernel_profile_collected_prefill_and_decode,classify_prefill_execution_and_decode_slope_from_kernel_profile,false,true,true,false,false,false,true,No-Go
phase427_kernel_profile,kernel,K2.5-tp4ep8dp2-8k2k,docs/iter_gap_investigation/phase427_kernel_profile/K2.5-tp4ep8dp2-8k2k,mixed,6,other_cuda,triton_poi_fused_1,0.054910,1.569000,35,,,146.075000,9924.000000,0.000000,1.516977,0.595460,0.357492,0.047048,0.031093,0.000000,passed,mixed_mla_attention_dominates,,kernel_profile_collected_prefill_and_decode,classify_prefill_execution_and_decode_slope_from_kernel_profile,false,true,true,false,false,false,true,No-Go
phase427_kernel_profile,kernel,K2.5-tp4ep8dp2-8k2k,docs/iter_gap_investigation/phase427_kernel_profile/K2.5-tp4ep8dp2-8k2k,mixed,6,other_cuda,void at::native::unrolled_elementwise_kernel<at::nat...,0.053439,1.484000,36,,,146.075000,9924.000000,0.000000,1.516977,0.595460,0.357492,0.047048,0.031093,0.000000,passed,mixed_mla_attention_dominates,,kernel_profile_collected_prefill_and_decode,classify_prefill_execution_and_decode_slope_from_kernel_profile,false,true,true,false,false,false,true,No-Go
phase427_kernel_profile,kernel,K2.5-tp4ep8dp2-8k2k,docs/iter_gap_investigation/phase427_kernel_profile/K2.5-tp4ep8dp2-8k2k,mixed,6,other_cuda,triton_poi_fused_mul_silu_slice_1,0.051486,1.471000,35,,,146.075000,9924.000000,0.000000,1.516977,0.595460,0.357492,0.047048,0.031093,0.000000,passed,mixed_mla_attention_dominates,,kernel_profile_collected_prefill_and_decode,classify_prefill_execution_and_decode_slope_from_kernel_profile,false,true,true,false,false,false,true,No-Go
phase427_kernel_profile,kernel,K2.5-tp4ep8dp2-8k2k,docs/iter_gap_investigation/phase427_kernel_profile/K2.5-tp4ep8dp2-8k2k,mixed,6,other_cuda,"void at::native::vectorized_elementwise_kernel<2, at...",0.050177,1.434000,35,,,146.075000,9924.000000,0.000000,1.516977,0.595460,0.357492,0.047048,0.031093,0.000000,passed,mixed_mla_attention_dominates,,kernel_profile_collected_prefill_and_decode,classify_prefill_execution_and_decode_slope_from_kernel_profile,false,true,true,false,false,false,true,No-Go
phase427_kernel_profile,kernel,K2.5-tp4ep8dp2-8k2k,docs/iter_gap_investigation/phase427_kernel_profile/K2.5-tp4ep8dp2-8k2k,mixed,6,other_cuda,triton_poi_fused_add_bitwise_and_bitwise_not_bitwise...,0.041727,1.192000,35,,,146.075000,9924.000000,0.000000,1.516977,0.595460,0.357492,0.047048,0.031093,0.000000,passed,mixed_mla_attention_dominates,,kernel_profile_collected_prefill_and_decode,classify_prefill_execution_and_decode_slope_from_kernel_profile,false,true,true,false,false,false,true,No-Go
phase427_kernel_profile,kernel,K2.5-tp4ep8dp2-8k2k,docs/iter_gap_investigation/phase427_kernel_profile/K2.5-tp4ep8dp2-8k2k,mixed,6,other_cuda,triton_poi_fused_add_bitwise_and_bitwise_not_bitwise...,0.041727,1.192000,35,,,146.075000,9924.000000,0.000000,1.516977,0.595460,0.357492,0.047048,0.031093,0.000000,passed,mixed_mla_attention_dominates,,kernel_profile_collected_prefill_and_decode,classify_prefill_execution_and_decode_slope_from_kernel_profile,false,true,true,false,false,false,true,No-Go
phase427_kernel_profile,kernel,K2.5-tp4ep8dp2-8k2k,docs/iter_gap_investigation/phase427_kernel_profile/K2.5-tp4ep8dp2-8k2k,mixed,6,other_cuda,## Call CompiledFxGraph f2pm2xckvpwl4dyaqebgtv6hhgte...,0.041727,1.192000,35,,,146.075000,9924.000000,0.000000,1.516977,0.595460,0.357492,0.047048,0.031093,0.000000,passed,mixed_mla_attention_dominates,,kernel_profile_collected_prefill_and_decode,classify_prefill_execution_and_decode_slope_from_kernel_profile,false,true,true,false,false,false,true,No-Go
phase427_kernel_profile,kernel,K2.5-tp4ep8dp2-8k2k,docs/iter_gap_investigation/phase427_kernel_profile/K2.5-tp4ep8dp2-8k2k,mixed,6,other_cuda,"void at::native::vectorized_elementwise_kernel<4, at...",0.041626,1.189000,35,,,146.075000,9924.000000,0.000000,1.516977,0.595460,0.357492,0.047048,0.031093,0.000000,passed,mixed_mla_attention_dominates,,kernel_profile_collected_prefill_and_decode,classify_prefill_execution_and_decode_slope_from_kernel_profile,false,true,true,false,false,false,true,No-Go
phase427_kernel_profile,kernel,K2.5-tp4ep8dp2-8k2k,docs/iter_gap_investigation/phase427_kernel_profile/K2.5-tp4ep8dp2-8k2k,mixed,6,other_cuda,aten::sub,0.040159,0.574000,70,,,146.075000,9924.000000,0.000000,1.516977,0.595460,0.357492,0.047048,0.031093,0.000000,passed,mixed_mla_attention_dominates,,kernel_profile_collected_prefill_and_decode,classify_prefill_execution_and_decode_slope_from_kernel_profile,false,true,true,false,false,false,true,No-Go
phase427_kernel_profile,kernel,K2.5-tp4ep8dp2-8k2k,docs/iter_gap_investigation/phase427_kernel_profile/K2.5-tp4ep8dp2-8k2k,mixed,6,other_cuda,void at::native::unrolled_elementwise_kernel<at::nat...,0.040159,1.147000,35,,,146.075000,9924.000000,0.000000,1.516977,0.595460,0.357492,0.047048,0.031093,0.000000,passed,mixed_mla_attention_dominates,,kernel_profile_collected_prefill_and_decode,classify_prefill_execution_and_decode_slope_from_kernel_profile,false,true,true,false,false,false,true,No-Go
phase427_kernel_profile,kernel,K2.5-tp4ep8dp2-8k2k,docs/iter_gap_investigation/phase427_kernel_profile/K2.5-tp4ep8dp2-8k2k,mixed,6,other_cuda,void at::native::unrolled_elementwise_kernel<at::nat...,0.035266,1.008000,35,,,146.075000,9924.000000,0.000000,1.516977,0.595460,0.357492,0.047048,0.031093,0.000000,passed,mixed_mla_attention_dominates,,kernel_profile_collected_prefill_and_decode,classify_prefill_execution_and_decode_slope_from_kernel_profile,false,true,true,false,false,false,true,No-Go
phase427_kernel_profile,kernel,K2.5-tp4ep8dp2-8k2k,docs/iter_gap_investigation/phase427_kernel_profile/K2.5-tp4ep8dp2-8k2k,mixed,6,other_cuda,cudaEventRecordWithFlags,0.026112,0.249000,105,,,146.075000,9924.000000,0.000000,1.516977,0.595460,0.357492,0.047048,0.031093,0.000000,passed,mixed_mla_attention_dominates,,kernel_profile_collected_prefill_and_decode,classify_prefill_execution_and_decode_slope_from_kernel_profile,false,true,true,false,false,false,true,No-Go
phase427_kernel_profile,kernel,K2.5-tp4ep8dp2-8k2k,docs/iter_gap_investigation/phase427_kernel_profile/K2.5-tp4ep8dp2-8k2k,mixed,6,other_cuda,cudaThreadExchangeStreamCaptureMode,0.021600,0.186000,116,,,146.075000,9924.000000,0.000000,1.516977,0.595460,0.357492,0.047048,0.031093,0.000000,passed,mixed_mla_attention_dominates,,kernel_profile_collected_prefill_and_decode,classify_prefill_execution_and_decode_slope_from_kernel_profile,false,true,true,false,false,false,true,No-Go
phase427_kernel_profile,kernel,K2.5-tp4ep8dp2-8k2k,docs/iter_gap_investigation/phase427_kernel_profile/K2.5-tp4ep8dp2-8k2k,mixed,6,other_cuda,cudaEventQuery,0.009664,0.049000,197,,,146.075000,9924.000000,0.000000,1.516977,0.595460,0.357492,0.047048,0.031093,0.000000,passed,mixed_mla_attention_dominates,,kernel_profile_collected_prefill_and_decode,classify_prefill_execution_and_decode_slope_from_kernel_profile,false,true,true,false,false,false,true,No-Go
phase427_kernel_profile,kernel,K2.5-tp4ep8dp2-8k2k,docs/iter_gap_investigation/phase427_kernel_profile/K2.5-tp4ep8dp2-8k2k,mixed,6,other_cuda,cudaEventRecord,0.008865,0.042000,210,,,146.075000,9924.000000,0.000000,1.516977,0.595460,0.357492,0.047048,0.031093,0.000000,passed,mixed_mla_attention_dominates,,kernel_profile_collected_prefill_and_decode,classify_prefill_execution_and_decode_slope_from_kernel_profile,false,true,true,false,false,false,true,No-Go
phase427_kernel_profile,kernel,K2.5-tp4ep8dp2-8k2k,docs/iter_gap_investigation/phase427_kernel_profile/K2.5-tp4ep8dp2-8k2k,mixed,6,other_cuda,cudaDriverGetVersion,0.004128,0.118000,35,,,146.075000,9924.000000,0.000000,1.516977,0.595460,0.357492,0.047048,0.031093,0.000000,passed,mixed_mla_attention_dominates,,kernel_profile_collected_prefill_and_decode,classify_prefill_execution_and_decode_slope_from_kernel_profile,false,true,true,false,false,false,true,No-Go
phase427_kernel_profile,kernel,K2.5-tp4ep8dp2-8k2k,docs/iter_gap_investigation/phase427_kernel_profile/K2.5-tp4ep8dp2-8k2k,mixed,6,other_cuda,cudaStreamWaitEvent,0.003264,0.023000,140,,,146.075000,9924.000000,0.000000,1.516977,0.595460,0.357492,0.047048,0.031093,0.000000,passed,mixed_mla_attention_dominates,,kernel_profile_collected_prefill_and_decode,classify_prefill_execution_and_decode_slope_from_kernel_profile,false,true,true,false,false,false,true,No-Go
phase427_kernel_profile,kernel,K2.5-tp4ep8dp2-8k2k,docs/iter_gap_investigation/phase427_kernel_profile/K2.5-tp4ep8dp2-8k2k,mixed,6,other_cuda,cudaGraphLaunch,0.017792,0.508000,35,,,146.075000,9924.000000,0.000000,1.516977,0.595460,0.357492,0.047048,0.031093,0.000000,passed,mixed_mla_attention_dominates,,kernel_profile_collected_prefill_and_decode,classify_prefill_execution_and_decode_slope_from_kernel_profile,false,true,true,false,false,false,true,No-Go
phase427_kernel_profile,kernel,K2.5-tp4ep8dp2-8k2k,docs/iter_gap_investigation/phase427_kernel_profile/K2.5-tp4ep8dp2-8k2k,mixed,6,other_cuda,Activity Buffer Request,0.001695,0.565000,3,,,146.075000,9924.000000,0.000000,1.516977,0.595460,0.357492,0.047048,0.031093,0.000000,passed,mixed_mla_attention_dominates,,kernel_profile_collected_prefill_and_decode,classify_prefill_execution_and_decode_slope_from_kernel_profile,false,true,true,false,false,false,true,No-Go
phase427_kernel_profile,kernel,K2.5-tp4ep8dp2-8k2k,docs/iter_gap_investigation/phase427_kernel_profile/K2.5-tp4ep8dp2-8k2k,mixed,6,other_cuda,cudaEventSynchronize,0.001248,0.036000,35,,,146.075000,9924.000000,0.000000,1.516977,0.595460,0.357492,0.047048,0.031093,0.000000,passed,mixed_mla_attention_dominates,,kernel_profile_collected_prefill_and_decode,classify_prefill_execution_and_decode_slope_from_kernel_profile,false,true,true,false,false,false,true,No-Go
phase427_kernel_profile,kernel,K2.5-tp4ep8dp2-8k2k,docs/iter_gap_investigation/phase427_kernel_profile/K2.5-tp4ep8dp2-8k2k,mixed,6,cuda_graph_envelope,execute_context_0(0)_generation_56(56),15.315000,437.570000,35,,,146.075000,9924.000000,0.000000,1.516977,0.595460,0.357492,0.047048,0.031093,0.000000,passed,mixed_mla_attention_dominates,,kernel_profile_collected_prefill_and_decode,classify_prefill_execution_and_decode_slope_from_kernel_profile,false,true,true,false,false,false,true,No-Go
phase427_kernel_profile,kernel,K2.5-tp4ep8dp2-8k2k,docs/iter_gap_investigation/phase427_kernel_profile/K2.5-tp4ep8dp2-8k2k,mixed,6,other_cuda,aten::slice,0.000000,0.000000,1925,,,146.075000,9924.000000,0.000000,1.516977,0.595460,0.357492,0.047048,0.031093,0.000000,passed,mixed_mla_attention_dominates,,kernel_profile_collected_prefill_and_decode,classify_prefill_execution_and_decode_slope_from_kernel_profile,false,true,true,false,false,false,true,No-Go
phase427_kernel_profile,kernel,K2.5-tp4ep8dp2-8k2k,docs/iter_gap_investigation/phase427_kernel_profile/K2.5-tp4ep8dp2-8k2k,mixed,6,other_cuda,aten::as_strided,0.000000,0.000000,2940,,,146.075000,9924.000000,0.000000,1.516977,0.595460,0.357492,0.047048,0.031093,0.000000,passed,mixed_mla_attention_dominates,,kernel_profile_collected_prefill_and_decode,classify_prefill_execution_and_decode_slope_from_kernel_profile,false,true,true,false,false,false,true,No-Go
phase427_kernel_profile,kernel,K2.5-tp4ep8dp2-8k2k,docs/iter_gap_investigation/phase427_kernel_profile/K2.5-tp4ep8dp2-8k2k,mixed,6,memcpy_memset,cudaMemcpyAsync,0.000000,0.000000,525,,,146.075000,9924.000000,0.000000,1.516977,0.595460,0.357492,0.047048,0.031093,0.000000,passed,mixed_mla_attention_dominates,,kernel_profile_collected_prefill_and_decode,classify_prefill_execution_and_decode_slope_from_kernel_profile,false,true,true,false,false,false,true,No-Go
phase427_kernel_profile,kernel,K2.5-tp4ep8dp2-8k2k,docs/iter_gap_investigation/phase427_kernel_profile/K2.5-tp4ep8dp2-8k2k,mixed,6,other_cuda,aten::lift_fresh,0.000000,0.000000,315,,,146.075000,9924.000000,0.000000,1.516977,0.595460,0.357492,0.047048,0.031093,0.000000,passed,mixed_mla_attention_dominates,,kernel_profile_collected_prefill_and_decode,classify_prefill_execution_and_decode_slope_from_kernel_profile,false,true,true,false,false,false,true,No-Go
phase427_kernel_profile,kernel,K2.5-tp4ep8dp2-8k2k,docs/iter_gap_investigation/phase427_kernel_profile/K2.5-tp4ep8dp2-8k2k,mixed,6,other_cuda,aten::flatten,0.000000,0.000000,35,,,146.075000,9924.000000,0.000000,1.516977,0.595460,0.357492,0.047048,0.031093,0.000000,passed,mixed_mla_attention_dominates,,kernel_profile_collected_prefill_and_decode,classify_prefill_execution_and_decode_slope_from_kernel_profile,false,true,true,false,false,false,true,No-Go
phase427_kernel_profile,kernel,K2.5-tp4ep8dp2-8k2k,docs/iter_gap_investigation/phase427_kernel_profile/K2.5-tp4ep8dp2-8k2k,mixed,6,other_cuda,aten::view,0.000000,0.000000,280,,,146.075000,9924.000000,0.000000,1.516977,0.595460,0.357492,0.047048,0.031093,0.000000,passed,mixed_mla_attention_dominates,,kernel_profile_collected_prefill_and_decode,classify_prefill_execution_and_decode_slope_from_kernel_profile,false,true,true,false,false,false,true,No-Go
phase427_kernel_profile,kernel,K2.5-tp4ep8dp2-8k2k,docs/iter_gap_investigation/phase427_kernel_profile/K2.5-tp4ep8dp2-8k2k,mixed,6,other_cuda,aten::index_select,0.069021,0.986000,70,,,146.075000,9924.000000,0.000000,1.516977,0.595460,0.357492,0.047048,0.031093,0.000000,passed,mixed_mla_attention_dominates,,kernel_profile_collected_prefill_and_decode,classify_prefill_execution_and_decode_slope_from_kernel_profile,false,true,true,false,false,false,true,No-Go
phase427_kernel_profile,kernel,K2.5-tp4ep8dp2-8k2k,docs/iter_gap_investigation/phase427_kernel_profile/K2.5-tp4ep8dp2-8k2k,mixed,6,other_cuda,aten::detach,0.000000,0.000000,70,,,146.075000,9924.000000,0.000000,1.516977,0.595460,0.357492,0.047048,0.031093,0.000000,passed,mixed_mla_attention_dominates,,kernel_profile_collected_prefill_and_decode,classify_prefill_execution_and_decode_slope_from_kernel_profile,false,true,true,false,false,false,true,No-Go
phase427_kernel_profile,kernel,K2.5-tp4ep8dp2-8k2k,docs/iter_gap_investigation/phase427_kernel_profile/K2.5-tp4ep8dp2-8k2k,mixed,6,other_cuda,aten::to,1.309000,2.671000,490,,,146.075000,9924.000000,0.000000,1.516977,0.595460,0.357492,0.047048,0.031093,0.000000,passed,mixed_mla_attention_dominates,,kernel_profile_collected_prefill_and_decode,classify_prefill_execution_and_decode_slope_from_kernel_profile,false,true,true,false,false,false,true,No-Go
phase427_kernel_profile,kernel,K2.5-tp4ep8dp2-8k2k,docs/iter_gap_investigation/phase427_kernel_profile/K2.5-tp4ep8dp2-8k2k,mixed,7,cuda_graph_envelope,execute_context_0(0)_generation_56(56),3472.000000,551.172000,6300,,,146.075000,9924.000000,0.000000,1.516977,0.595460,0.357492,0.047048,0.031093,0.000000,passed,mixed_mla_attention_dominates,,kernel_profile_collected_prefill_and_decode,classify_prefill_execution_and_decode_slope_from_kernel_profile,false,true,true,false,false,false,true,No-Go
phase427_kernel_profile,kernel,K2.5-tp4ep8dp2-8k2k,docs/iter_gap_investigation/phase427_kernel_profile/K2.5-tp4ep8dp2-8k2k,mixed,7,mla_attention,void cutlass::device_kernel<flash::enable_sm90_or_la...,396.863000,181.465000,2187,,,146.075000,9924.000000,0.000000,1.516977,0.595460,0.357492,0.047048,0.031093,0.000000,passed,mixed_mla_attention_dominates,,kernel_profile_collected_prefill_and_decode,classify_prefill_execution_and_decode_slope_from_kernel_profile,false,true,true,false,false,false,true,No-Go
phase427_kernel_profile,kernel,K2.5-tp4ep8dp2-8k2k,docs/iter_gap_investigation/phase427_kernel_profile/K2.5-tp4ep8dp2-8k2k,mixed,7,moe_gemm_or_aux,"void marlin_moe_wna16::Marlin<1125899906909960l, 112...",244.164000,56.703000,4306,,,146.075000,9924.000000,0.000000,1.516977,0.595460,0.357492,0.047048,0.031093,0.000000,passed,mixed_mla_attention_dominates,,kernel_profile_collected_prefill_and_decode,classify_prefill_execution_and_decode_slope_from_kernel_profile,false,true,true,false,false,false,true,No-Go
phase427_kernel_profile,kernel,K2.5-tp4ep8dp2-8k2k,docs/iter_gap_investigation/phase427_kernel_profile/K2.5-tp4ep8dp2-8k2k,mixed,7,ep_a2a,ncclDevKernel_ReduceScatter_Sum_bf16_RING_LL(ncclDev...,164.482000,76.397000,2153,,,146.075000,9924.000000,0.000000,1.516977,0.595460,0.357492,0.047048,0.031093,0.000000,passed,mixed_mla_attention_dominates,,kernel_profile_collected_prefill_and_decode,classify_prefill_execution_and_decode_slope_from_kernel_profile,false,true,true,false,false,false,true,No-Go
phase427_kernel_profile,kernel,K2.5-tp4ep8dp2-8k2k,docs/iter_gap_investigation/phase427_kernel_profile/K2.5-tp4ep8dp2-8k2k,mixed,7,ep_a2a,ncclDevKernel_AllGather_RING_LL(ncclDevKernelArgsSto...,102.180000,23.538000,4341,,,146.075000,9924.000000,0.000000,1.516977,0.595460,0.357492,0.047048,0.031093,0.000000,passed,mixed_mla_attention_dominates,,kernel_profile_collected_prefill_and_decode,classify_prefill_execution_and_decode_slope_from_kernel_profile,false,true,true,false,false,false,true,No-Go
phase427_kernel_profile,kernel,K2.5-tp4ep8dp2-8k2k,docs/iter_gap_investigation/phase427_kernel_profile/K2.5-tp4ep8dp2-8k2k,mixed,7,dense_gemm,nvjet_tst_64x16_64x16_2x1_v_bz_splitK_TNT,39.577000,18.391000,2152,,,146.075000,9924.000000,0.000000,1.516977,0.595460,0.357492,0.047048,0.031093,0.000000,passed,mixed_mla_attention_dominates,,kernel_profile_collected_prefill_and_decode,classify_prefill_execution_and_decode_slope_from_kernel_profile,false,true,true,false,false,false,true,No-Go
phase427_kernel_profile,kernel,K2.5-tp4ep8dp2-8k2k,docs/iter_gap_investigation/phase427_kernel_profile/K2.5-tp4ep8dp2-8k2k,mixed,7,tp_or_dp_allreduce,"void vllm::cross_device_reduce_2stage<__nv_bfloat16,...",29.450000,13.048000,2257,,,146.075000,9924.000000,0.000000,1.516977,0.595460,0.357492,0.047048,0.031093,0.000000,passed,mixed_mla_attention_dominates,,kernel_profile_collected_prefill_and_decode,classify_prefill_execution_and_decode_slope_from_kernel_profile,false,true,true,false,false,false,true,No-Go
phase427_kernel_profile,kernel,K2.5-tp4ep8dp2-8k2k,docs/iter_gap_investigation/phase427_kernel_profile/K2.5-tp4ep8dp2-8k2k,mixed,7,dense_gemm,nvjet_tst_64x16_64x16_4x1_v_bz_TNT,27.708000,12.870000,2153,,,146.075000,9924.000000,0.000000,1.516977,0.595460,0.357492,0.047048,0.031093,0.000000,passed,mixed_mla_attention_dominates,,kernel_profile_collected_prefill_and_decode,classify_prefill_execution_and_decode_slope_from_kernel_profile,false,true,true,false,false,false,true,No-Go
phase427_kernel_profile,kernel,K2.5-tp4ep8dp2-8k2k,docs/iter_gap_investigation/phase427_kernel_profile/K2.5-tp4ep8dp2-8k2k,mixed,7,dense_gemm,nvjet_tst_64x56_64x14_4x1_v_bz_splitK_TNT,26.233000,11.995000,2187,,,146.075000,9924.000000,0.000000,1.516977,0.595460,0.357492,0.047048,0.031093,0.000000,passed,mixed_mla_attention_dominates,,kernel_profile_collected_prefill_and_decode,classify_prefill_execution_and_decode_slope_from_kernel_profile,false,true,true,false,false,false,true,No-Go
phase427_kernel_profile,kernel,K2.5-tp4ep8dp2-8k2k,docs/iter_gap_investigation/phase427_kernel_profile/K2.5-tp4ep8dp2-8k2k,mixed,7,dense_gemm,nvjet_tst_64x56_64x14_4x1_v_bz_TNT,23.257000,10.467000,2222,,,146.075000,9924.000000,0.000000,1.516977,0.595460,0.357492,0.047048,0.031093,0.000000,passed,mixed_mla_attention_dominates,,kernel_profile_collected_prefill_and_decode,classify_prefill_execution_and_decode_slope_from_kernel_profile,false,true,true,false,false,false,true,No-Go
phase427_kernel_profile,kernel,K2.5-tp4ep8dp2-8k2k,docs/iter_gap_investigation/phase427_kernel_profile/K2.5-tp4ep8dp2-8k2k,mixed,7,other_cuda,"void at::native::reduce_kernel<128, 4, at::native::R...",21.082000,9.792000,2153,,,146.075000,9924.000000,0.000000,1.516977,0.595460,0.357492,0.047048,0.031093,0.000000,passed,mixed_mla_attention_dominates,,kernel_profile_collected_prefill_and_decode,classify_prefill_execution_and_decode_slope_from_kernel_profile,false,true,true,false,false,false,true,No-Go
phase427_kernel_profile,kernel,K2.5-tp4ep8dp2-8k2k,docs/iter_gap_investigation/phase427_kernel_profile/K2.5-tp4ep8dp2-8k2k,mixed,7,dense_gemm,"void router_gemm_kernel_bf16_output<__nv_bfloat16, 1...",16.399000,7.620000,2152,,,146.075000,9924.000000,0.000000,1.516977,0.595460,0.357492,0.047048,0.031093,0.000000,passed,mixed_mla_attention_dominates,,kernel_profile_collected_prefill_and_decode,classify_prefill_execution_and_decode_slope_from_kernel_profile,false,true,true,false,false,false,true,No-Go
phase427_kernel_profile,kernel,K2.5-tp4ep8dp2-8k2k,docs/iter_gap_investigation/phase427_kernel_profile/K2.5-tp4ep8dp2-8k2k,mixed,7,other_cuda,"void vllm::act_and_mul_kernel<c10::BFloat16, __nv_bf...",14.347000,6.664000,2153,,,146.075000,9924.000000,0.000000,1.516977,0.595460,0.357492,0.047048,0.031093,0.000000,passed,mixed_mla_attention_dominates,,kernel_profile_collected_prefill_and_decode,classify_prefill_execution_and_decode_slope_from_kernel_profile,false,true,true,false,false,false,true,No-Go
phase427_kernel_profile,kernel,K2.5-tp4ep8dp2-8k2k,docs/iter_gap_investigation/phase427_kernel_profile/K2.5-tp4ep8dp2-8k2k,mixed,7,dense_gemm,nvjet_tst_64x32_64x16_4x2_h_bz_TNT,13.584000,6.211000,2187,,,146.075000,9924.000000,0.000000,1.516977,0.595460,0.357492,0.047048,0.031093,0.000000,passed,mixed_mla_attention_dominates,,kernel_profile_collected_prefill_and_decode,classify_prefill_execution_and_decode_slope_from_kernel_profile,false,true,true,false,false,false,true,No-Go
phase427_kernel_profile,kernel,K2.5-tp4ep8dp2-8k2k,docs/iter_gap_investigation/phase427_kernel_profile/K2.5-tp4ep8dp2-8k2k,mixed,7,mla_attention,void cutlass::device_kernel<flash::FlashAttnFwdCombi...,11.934000,5.457000,2187,,,146.075000,9924.000000,0.000000,1.516977,0.595460,0.357492,0.047048,0.031093,0.000000,passed,mixed_mla_attention_dominates,,kernel_profile_collected_prefill_and_decode,classify_prefill_execution_and_decode_slope_from_kernel_profile,false,true,true,false,false,false,true,No-Go
phase427_kernel_profile,kernel,K2.5-tp4ep8dp2-8k2k,docs/iter_gap_investigation/phase427_kernel_profile/K2.5-tp4ep8dp2-8k2k,mixed,7,moe_gemm_or_aux,void vllm::moe::grouped_topk_fused_small_expert_coun...,9.860000,4.580000,2153,,,146.075000,9924.000000,0.000000,1.516977,0.595460,0.357492,0.047048,0.031093,0.000000,passed,mixed_mla_attention_dominates,,kernel_profile_collected_prefill_and_decode,classify_prefill_execution_and_decode_slope_from_kernel_profile,false,true,true,false,false,false,true,No-Go
phase427_kernel_profile,kernel,K2.5-tp4ep8dp2-8k2k,docs/iter_gap_investigation/phase427_kernel_profile/K2.5-tp4ep8dp2-8k2k,mixed,7,dense_gemm,"void cublasLt::splitKreduce_kernel<32, 16, int, floa...",9.841000,2.267000,4340,,,146.075000,9924.000000,0.000000,1.516977,0.595460,0.357492,0.047048,0.031093,0.000000,passed,mixed_mla_attention_dominates,,kernel_profile_collected_prefill_and_decode,classify_prefill_execution_and_decode_slope_from_kernel_profile,false,true,true,false,false,false,true,No-Go
phase427_kernel_profile,kernel,K2.5-tp4ep8dp2-8k2k,docs/iter_gap_investigation/phase427_kernel_profile/K2.5-tp4ep8dp2-8k2k,mixed,7,other_cuda,"void at::native::vectorized_elementwise_kernel<8, at...",9.831000,4.566000,2153,,,146.075000,9924.000000,0.000000,1.516977,0.595460,0.357492,0.047048,0.031093,0.000000,passed,mixed_mla_attention_dominates,,kernel_profile_collected_prefill_and_decode,classify_prefill_execution_and_decode_slope_from_kernel_profile,false,true,true,false,false,false,true,No-Go
phase427_kernel_profile,kernel,K2.5-tp4ep8dp2-8k2k,docs/iter_gap_investigation/phase427_kernel_profile/K2.5-tp4ep8dp2-8k2k,mixed,7,other_cuda,triton_red_fused__to_copy_add_mean_min_latency_fused...,8.517000,4.023000,2117,,,146.075000,9924.000000,0.000000,1.516977,0.595460,0.357492,0.047048,0.031093,0.000000,passed,mixed_mla_attention_dominates,,kernel_profile_collected_prefill_and_decode,classify_prefill_execution_and_decode_slope_from_kernel_profile,false,true,true,false,false,false,true,No-Go
phase427_kernel_profile,kernel,K2.5-tp4ep8dp2-8k2k,docs/iter_gap_investigation/phase427_kernel_profile/K2.5-tp4ep8dp2-8k2k,mixed,7,dense_gemm,nvjet_tst_64x24_64x16_2x1_v_bz_TNT,8.340000,3.814000,2187,,,146.075000,9924.000000,0.000000,1.516977,0.595460,0.357492,0.047048,0.031093,0.000000,passed,mixed_mla_attention_dominates,,kernel_profile_collected_prefill_and_decode,classify_prefill_execution_and_decode_slope_from_kernel_profile,false,true,true,false,false,false,true,No-Go
phase427_kernel_profile,kernel,K2.5-tp4ep8dp2-8k2k,docs/iter_gap_investigation/phase427_kernel_profile/K2.5-tp4ep8dp2-8k2k,mixed,7,dense_gemm,nvjet_tst_64x56_64x14_2x1_v_bz_NNT,8.210000,3.754000,2187,,,146.075000,9924.000000,0.000000,1.516977,0.595460,0.357492,0.047048,0.031093,0.000000,passed,mixed_mla_attention_dominates,,kernel_profile_collected_prefill_and_decode,classify_prefill_execution_and_decode_slope_from_kernel_profile,false,true,true,false,false,false,true,No-Go
phase427_kernel_profile,kernel,K2.5-tp4ep8dp2-8k2k,docs/iter_gap_investigation/phase427_kernel_profile/K2.5-tp4ep8dp2-8k2k,mixed,7,moe_gemm_or_aux,void vllm::moe::moe_align_block_size_kernel<int>(int...,7.537000,3.501000,2153,,,146.075000,9924.000000,0.000000,1.516977,0.595460,0.357492,0.047048,0.031093,0.000000,passed,mixed_mla_attention_dominates,,kernel_profile_collected_prefill_and_decode,classify_prefill_execution_and_decode_slope_from_kernel_profile,false,true,true,false,false,false,true,No-Go
phase427_kernel_profile,kernel,K2.5-tp4ep8dp2-8k2k,docs/iter_gap_investigation/phase427_kernel_profile/K2.5-tp4ep8dp2-8k2k,mixed,7,other_cuda,aten::copy_,7.015000,7.158000,980,,,146.075000,9924.000000,0.000000,1.516977,0.595460,0.357492,0.047048,0.031093,0.000000,passed,mixed_mla_attention_dominates,,kernel_profile_collected_prefill_and_decode,classify_prefill_execution_and_decode_slope_from_kernel_profile,false,true,true,false,false,false,true,No-Go
phase427_kernel_profile,kernel,K2.5-tp4ep8dp2-8k2k,docs/iter_gap_investigation/phase427_kernel_profile/K2.5-tp4ep8dp2-8k2k,mixed,7,other_cuda,triton_red_fused__to_copy_add_mean_mul_pow_rsqrt_seq...,6.013000,2.794000,2152,,,146.075000,9924.000000,0.000000,1.516977,0.595460,0.357492,0.047048,0.031093,0.000000,passed,mixed_mla_attention_dominates,,kernel_profile_collected_prefill_and_decode,classify_prefill_execution_and_decode_slope_from_kernel_profile,false,true,true,false,false,false,true,No-Go
phase427_kernel_profile,kernel,K2.5-tp4ep8dp2-8k2k,docs/iter_gap_investigation/phase427_kernel_profile/K2.5-tp4ep8dp2-8k2k,mixed,7,dense_gemm,nvjet_tst_320x64_64x4_2x1_v_bz_TNT,5.367000,149.073000,36,,,146.075000,9924.000000,0.000000,1.516977,0.595460,0.357492,0.047048,0.031093,0.000000,passed,mixed_mla_attention_dominates,,kernel_profile_collected_prefill_and_decode,classify_prefill_execution_and_decode_slope_from_kernel_profile,false,true,true,false,false,false,true,No-Go
phase427_kernel_profile,kernel,K2.5-tp4ep8dp2-8k2k,docs/iter_gap_investigation/phase427_kernel_profile/K2.5-tp4ep8dp2-8k2k,mixed,7,dense_gemm,aten::mm,5.217000,149.056000,35,,,146.075000,9924.000000,0.000000,1.516977,0.595460,0.357492,0.047048,0.031093,0.000000,passed,mixed_mla_attention_dominates,,kernel_profile_collected_prefill_and_decode,classify_prefill_execution_and_decode_slope_from_kernel_profile,false,true,true,false,false,false,true,No-Go
phase427_kernel_profile,kernel,K2.5-tp4ep8dp2-8k2k,docs/iter_gap_investigation/phase427_kernel_profile/K2.5-tp4ep8dp2-8k2k,mixed,7,memcpy_memset,Memcpy HtoD (Pinned -> Device),4.671000,16.681000,280,,,146.075000,9924.000000,0.000000,1.516977,0.595460,0.357492,0.047048,0.031093,0.000000,passed,mixed_mla_attention_dominates,,kernel_profile_collected_prefill_and_decode,classify_prefill_execution_and_decode_slope_from_kernel_profile,false,true,true,false,false,false,true,No-Go
phase427_kernel_profile,kernel,K2.5-tp4ep8dp2-8k2k,docs/iter_gap_investigation/phase427_kernel_profile/K2.5-tp4ep8dp2-8k2k,mixed,7,other_cuda,triton_poi_fused_add_clone_copy_expand_index_mul_neg...,4.538000,2.109000,2152,,,146.075000,9924.000000,0.000000,1.516977,0.595460,0.357492,0.047048,0.031093,0.000000,passed,mixed_mla_attention_dominates,,kernel_profile_collected_prefill_and_decode,classify_prefill_execution_and_decode_slope_from_kernel_profile,false,true,true,false,false,false,true,No-Go
phase427_kernel_profile,kernel,K2.5-tp4ep8dp2-8k2k,docs/iter_gap_investigation/phase427_kernel_profile/K2.5-tp4ep8dp2-8k2k,mixed,7,mla_attention,void vllm::concat_and_cache_mla_kernel<__nv_bfloat16...,4.316000,1.973000,2187,,,146.075000,9924.000000,0.000000,1.516977,0.595460,0.357492,0.047048,0.031093,0.000000,passed,mixed_mla_attention_dominates,,kernel_profile_collected_prefill_and_decode,classify_prefill_execution_and_decode_slope_from_kernel_profile,false,true,true,false,false,false,true,No-Go
phase427_kernel_profile,kernel,K2.5-tp4ep8dp2-8k2k,docs/iter_gap_investigation/phase427_kernel_profile/K2.5-tp4ep8dp2-8k2k,mixed,7,other_cuda,triton_red_fused_4,4.224000,1.963000,2152,,,146.075000,9924.000000,0.000000,1.516977,0.595460,0.357492,0.047048,0.031093,0.000000,passed,mixed_mla_attention_dominates,,kernel_profile_collected_prefill_and_decode,classify_prefill_execution_and_decode_slope_from_kernel_profile,false,true,true,false,false,false,true,No-Go
phase427_kernel_profile,kernel,K2.5-tp4ep8dp2-8k2k,docs/iter_gap_investigation/phase427_kernel_profile/K2.5-tp4ep8dp2-8k2k,mixed,7,other_cuda,triton_poi_fused_3,3.471000,1.613000,2152,,,146.075000,9924.000000,0.000000,1.516977,0.595460,0.357492,0.047048,0.031093,0.000000,passed,mixed_mla_attention_dominates,,kernel_profile_collected_prefill_and_decode,classify_prefill_execution_and_decode_slope_from_kernel_profile,false,true,true,false,false,false,true,No-Go
phase427_kernel_profile,kernel,K2.5-tp4ep8dp2-8k2k,docs/iter_gap_investigation/phase427_kernel_profile/K2.5-tp4ep8dp2-8k2k,mixed,7,other_cuda,triton_poi_fused_add_all_gather_mul_1,3.327000,1.545000,2153,,,146.075000,9924.000000,0.000000,1.516977,0.595460,0.357492,0.047048,0.031093,0.000000,passed,mixed_mla_attention_dominates,,kernel_profile_collected_prefill_and_decode,classify_prefill_execution_and_decode_slope_from_kernel_profile,false,true,true,false,false,false,true,No-Go
phase427_kernel_profile,kernel,K2.5-tp4ep8dp2-8k2k,docs/iter_gap_investigation/phase427_kernel_profile/K2.5-tp4ep8dp2-8k2k,mixed,7,moe_gemm_or_aux,void vllm::moe::count_and_sort_expert_tokens_kernel<...,3.236000,1.503000,2153,,,146.075000,9924.000000,0.000000,1.516977,0.595460,0.357492,0.047048,0.031093,0.000000,passed,mixed_mla_attention_dominates,,kernel_profile_collected_prefill_and_decode,classify_prefill_execution_and_decode_slope_from_kernel_profile,false,true,true,false,false,false,true,No-Go
phase427_kernel_profile,kernel,K2.5-tp4ep8dp2-8k2k,docs/iter_gap_investigation/phase427_kernel_profile/K2.5-tp4ep8dp2-8k2k,mixed,7,other_cuda,triton_poi_fused_mul_silu_slice_0,3.101000,1.440000,2153,,,146.075000,9924.000000,0.000000,1.516977,0.595460,0.357492,0.047048,0.031093,0.000000,passed,mixed_mla_attention_dominates,,kernel_profile_collected_prefill_and_decode,classify_prefill_execution_and_decode_slope_from_kernel_profile,false,true,true,false,false,false,true,No-Go
phase427_kernel_profile,kernel,K2.5-tp4ep8dp2-8k2k,docs/iter_gap_investigation/phase427_kernel_profile/K2.5-tp4ep8dp2-8k2k,mixed,7,other_cuda,record_param_comms,2.461000,70.308000,35,,,146.075000,9924.000000,0.000000,1.516977,0.595460,0.357492,0.047048,0.031093,0.000000,passed,mixed_mla_attention_dominates,,kernel_profile_collected_prefill_and_decode,classify_prefill_execution_and_decode_slope_from_kernel_profile,false,true,true,false,false,false,true,No-Go
phase427_kernel_profile,kernel,K2.5-tp4ep8dp2-8k2k,docs/iter_gap_investigation/phase427_kernel_profile/K2.5-tp4ep8dp2-8k2k,mixed,7,ep_a2a,nccl:_all_gather_base,2.461000,70.308000,35,,,146.075000,9924.000000,0.000000,1.516977,0.595460,0.357492,0.047048,0.031093,0.000000,passed,mixed_mla_attention_dominates,,kernel_profile_collected_prefill_and_decode,classify_prefill_execution_and_decode_slope_from_kernel_profile,false,true,true,false,false,false,true,No-Go
phase427_kernel_profile,kernel,K2.5-tp4ep8dp2-8k2k,docs/iter_gap_investigation/phase427_kernel_profile/K2.5-tp4ep8dp2-8k2k,mixed,7,tp_or_dp_allreduce,_C_custom_ar::all_reduce,1.240000,35.432000,35,,,146.075000,9924.000000,0.000000,1.516977,0.595460,0.357492,0.047048,0.031093,0.000000,passed,mixed_mla_attention_dominates,,kernel_profile_collected_prefill_and_decode,classify_prefill_execution_and_decode_slope_from_kernel_profile,false,true,true,false,false,false,true,No-Go
phase427_kernel_profile,kernel,K2.5-tp4ep8dp2-8k2k,docs/iter_gap_investigation/phase427_kernel_profile/K2.5-tp4ep8dp2-8k2k,mixed,7,dense_gemm,nvjet_tst_80x64_64x11_4x1_v_bz_TNN,1.237000,35.344000,35,,,146.075000,9924.000000,0.000000,1.516977,0.595460,0.357492,0.047048,0.031093,0.000000,passed,mixed_mla_attention_dominates,,kernel_profile_collected_prefill_and_decode,classify_prefill_execution_and_decode_slope_from_kernel_profile,false,true,true,false,false,false,true,No-Go
phase427_kernel_profile,kernel,K2.5-tp4ep8dp2-8k2k,docs/iter_gap_investigation/phase427_kernel_profile/K2.5-tp4ep8dp2-8k2k,mixed,7,other_cuda,void at::native::unrolled_elementwise_kernel<at::nat...,0.913256,25.368000,36,,,146.075000,9924.000000,0.000000,1.516977,0.595460,0.357492,0.047048,0.031093,0.000000,passed,mixed_mla_attention_dominates,,kernel_profile_collected_prefill_and_decode,classify_prefill_execution_and_decode_slope_from_kernel_profile,false,true,true,false,false,false,true,No-Go
phase427_kernel_profile,kernel,K2.5-tp4ep8dp2-8k2k,docs/iter_gap_investigation/phase427_kernel_profile/K2.5-tp4ep8dp2-8k2k,mixed,7,other_cuda,aten::argmax,0.838406,23.954000,35,,,146.075000,9924.000000,0.000000,1.516977,0.595460,0.357492,0.047048,0.031093,0.000000,passed,mixed_mla_attention_dominates,,kernel_profile_collected_prefill_and_decode,classify_prefill_execution_and_decode_slope_from_kernel_profile,false,true,true,false,false,false,true,No-Go
phase427_kernel_profile,kernel,K2.5-tp4ep8dp2-8k2k,docs/iter_gap_investigation/phase427_kernel_profile/K2.5-tp4ep8dp2-8k2k,mixed,7,other_cuda,"void at::native::elementwise_kernel<128, 4, at::nati...",0.836292,23.230000,36,,,146.075000,9924.000000,0.000000,1.516977,0.595460,0.357492,0.047048,0.031093,0.000000,passed,mixed_mla_attention_dominates,,kernel_profile_collected_prefill_and_decode,classify_prefill_execution_and_decode_slope_from_kernel_profile,false,true,true,false,false,false,true,No-Go
phase427_kernel_profile,kernel,K2.5-tp4ep8dp2-8k2k,docs/iter_gap_investigation/phase427_kernel_profile/K2.5-tp4ep8dp2-8k2k,mixed,7,other_cuda,"void at::native::reduce_kernel<512, 1, at::native::R...",0.805413,22.373000,36,,,146.075000,9924.000000,0.000000,1.516977,0.595460,0.357492,0.047048,0.031093,0.000000,passed,mixed_mla_attention_dominates,,kernel_profile_collected_prefill_and_decode,classify_prefill_execution_and_decode_slope_from_kernel_profile,false,true,true,false,false,false,true,No-Go
phase427_kernel_profile,kernel,K2.5-tp4ep8dp2-8k2k,docs/iter_gap_investigation/phase427_kernel_profile/K2.5-tp4ep8dp2-8k2k,mixed,7,memcpy_memset,Memcpy DtoD (Device -> Device),0.272574,1.298000,210,,,146.075000,9924.000000,0.000000,1.516977,0.595460,0.357492,0.047048,0.031093,0.000000,passed,mixed_mla_attention_dominates,,kernel_profile_collected_prefill_and_decode,classify_prefill_execution_and_decode_slope_from_kernel_profile,false,true,true,false,false,false,true,No-Go
phase427_kernel_profile,kernel,K2.5-tp4ep8dp2-8k2k,docs/iter_gap_investigation/phase427_kernel_profile/K2.5-tp4ep8dp2-8k2k,mixed,7,other_cuda,void at::native::unrolled_elementwise_kernel<at::nat...,0.254016,1.776000,143,,,146.075000,9924.000000,0.000000,1.516977,0.595460,0.357492,0.047048,0.031093,0.000000,passed,mixed_mla_attention_dominates,,kernel_profile_collected_prefill_and_decode,classify_prefill_execution_and_decode_slope_from_kernel_profile,false,true,true,false,false,false,true,No-Go
phase427_kernel_profile,kernel,K2.5-tp4ep8dp2-8k2k,docs/iter_gap_investigation/phase427_kernel_profile/K2.5-tp4ep8dp2-8k2k,mixed,7,other_cuda,cudaStreamIsCapturing,0.185792,0.758000,245,,,146.075000,9924.000000,0.000000,1.516977,0.595460,0.357492,0.047048,0.031093,0.000000,passed,mixed_mla_attention_dominates,,kernel_profile_collected_prefill_and_decode,classify_prefill_execution_and_decode_slope_from_kernel_profile,false,true,true,false,false,false,true,No-Go
phase427_kernel_profile,kernel,K2.5-tp4ep8dp2-8k2k,docs/iter_gap_investigation/phase427_kernel_profile/K2.5-tp4ep8dp2-8k2k,mixed,7,other_cuda,aten::index,0.234787,3.354000,70,,,146.075000,9924.000000,0.000000,1.516977,0.595460,0.357492,0.047048,0.031093,0.000000,passed,mixed_mla_attention_dominates,,kernel_profile_collected_prefill_and_decode,classify_prefill_execution_and_decode_slope_from_kernel_profile,false,true,true,false,false,false,true,No-Go
phase427_kernel_profile,kernel,K2.5-tp4ep8dp2-8k2k,docs/iter_gap_investigation/phase427_kernel_profile/K2.5-tp4ep8dp2-8k2k,mixed,7,other_cuda,triton_red_fused__to_copy_add_mean_mul_pow_rsqrt_sli...,0.157091,4.364000,36,,,146.075000,9924.000000,0.000000,1.516977,0.595460,0.357492,0.047048,0.031093,0.000000,passed,mixed_mla_attention_dominates,,kernel_profile_collected_prefill_and_decode,classify_prefill_execution_and_decode_slope_from_kernel_profile,false,true,true,false,false,false,true,No-Go
phase427_kernel_profile,kernel,K2.5-tp4ep8dp2-8k2k,docs/iter_gap_investigation/phase427_kernel_profile/K2.5-tp4ep8dp2-8k2k,mixed,7,other_cuda,cuLaunchKernelEx,0.156224,1.488000,105,,,146.075000,9924.000000,0.000000,1.516977,0.595460,0.357492,0.047048,0.031093,0.000000,passed,mixed_mla_attention_dominates,,kernel_profile_collected_prefill_and_decode,classify_prefill_execution_and_decode_slope_from_kernel_profile,false,true,true,false,false,false,true,No-Go
phase427_kernel_profile,kernel,K2.5-tp4ep8dp2-8k2k,docs/iter_gap_investigation/phase427_kernel_profile/K2.5-tp4ep8dp2-8k2k,mixed,7,other_cuda,triton_red_fused__to_copy_add_mean_min_latency_fused...,0.145635,4.161000,35,,,146.075000,9924.000000,0.000000,1.516977,0.595460,0.357492,0.047048,0.031093,0.000000,passed,mixed_mla_attention_dominates,,kernel_profile_collected_prefill_and_decode,classify_prefill_execution_and_decode_slope_from_kernel_profile,false,true,true,false,false,false,true,No-Go
phase427_kernel_profile,kernel,K2.5-tp4ep8dp2-8k2k,docs/iter_gap_investigation/phase427_kernel_profile/K2.5-tp4ep8dp2-8k2k,mixed,7,other_cuda,"void at::native::vectorized_gather_kernel<16, long>(...",0.142946,2.013000,71,,,146.075000,9924.000000,0.000000,1.516977,0.595460,0.357492,0.047048,0.031093,0.000000,passed,mixed_mla_attention_dominates,,kernel_profile_collected_prefill_and_decode,classify_prefill_execution_and_decode_slope_from_kernel_profile,false,true,true,false,false,false,true,No-Go
phase427_kernel_profile,kernel,K2.5-tp4ep8dp2-8k2k,docs/iter_gap_investigation/phase427_kernel_profile/K2.5-tp4ep8dp2-8k2k,mixed,7,memcpy_memset,Memcpy DtoH (Device -> Pinned),0.131393,3.650000,36,,,146.075000,9924.000000,0.000000,1.516977,0.595460,0.357492,0.047048,0.031093,0.000000,passed,mixed_mla_attention_dominates,,kernel_profile_collected_prefill_and_decode,classify_prefill_execution_and_decode_slope_from_kernel_profile,false,true,true,false,false,false,true,No-Go
phase427_kernel_profile,kernel,K2.5-tp4ep8dp2-8k2k,docs/iter_gap_investigation/phase427_kernel_profile/K2.5-tp4ep8dp2-8k2k,mixed,7,other_cuda,aten::fill_,0.118436,0.282000,420,,,146.075000,9924.000000,0.000000,1.516977,0.595460,0.357492,0.047048,0.031093,0.000000,passed,mixed_mla_attention_dominates,,kernel_profile_collected_prefill_and_decode,classify_prefill_execution_and_decode_slope_from_kernel_profile,false,true,true,false,false,false,true,No-Go
phase427_kernel_profile,kernel,K2.5-tp4ep8dp2-8k2k,docs/iter_gap_investigation/phase427_kernel_profile/K2.5-tp4ep8dp2-8k2k,mixed,7,other_cuda,aten::masked_fill_,0.112257,3.207000,35,,,146.075000,9924.000000,0.000000,1.516977,0.595460,0.357492,0.047048,0.031093,0.000000,passed,mixed_mla_attention_dominates,,kernel_profile_collected_prefill_and_decode,classify_prefill_execution_and_decode_slope_from_kernel_profile,false,true,true,false,false,false,true,No-Go
phase427_kernel_profile,kernel,K2.5-tp4ep8dp2-8k2k,docs/iter_gap_investigation/phase427_kernel_profile/K2.5-tp4ep8dp2-8k2k,mixed,7,other_cuda,"void at::native::elementwise_kernel<128, 4, at::nati...",0.112257,3.207000,35,,,146.075000,9924.000000,0.000000,1.516977,0.595460,0.357492,0.047048,0.031093,0.000000,passed,mixed_mla_attention_dominates,,kernel_profile_collected_prefill_and_decode,classify_prefill_execution_and_decode_slope_from_kernel_profile,false,true,true,false,false,false,true,No-Go
phase427_kernel_profile,kernel,K2.5-tp4ep8dp2-8k2k,docs/iter_gap_investigation/phase427_kernel_profile/K2.5-tp4ep8dp2-8k2k,mixed,7,other_cuda,_compute_slot_mapping_kernel,0.112002,3.200000,35,,,146.075000,9924.000000,0.000000,1.516977,0.595460,0.357492,0.047048,0.031093,0.000000,passed,mixed_mla_attention_dominates,,kernel_profile_collected_prefill_and_decode,classify_prefill_execution_and_decode_slope_from_kernel_profile,false,true,true,false,false,false,true,No-Go
phase427_kernel_profile,kernel,K2.5-tp4ep8dp2-8k2k,docs/iter_gap_investigation/phase427_kernel_profile/K2.5-tp4ep8dp2-8k2k,mixed,7,other_cuda,triton_red_fused__to_copy_add_clone_mean_min_latency...,0.105765,3.022000,35,,,146.075000,9924.000000,0.000000,1.516977,0.595460,0.357492,0.047048,0.031093,0.000000,passed,mixed_mla_attention_dominates,,kernel_profile_collected_prefill_and_decode,classify_prefill_execution_and_decode_slope_from_kernel_profile,false,true,true,false,false,false,true,No-Go
phase427_kernel_profile,kernel,K2.5-tp4ep8dp2-8k2k,docs/iter_gap_investigation/phase427_kernel_profile/K2.5-tp4ep8dp2-8k2k,mixed,7,other_cuda,"void at::native::index_elementwise_kernel<128, 4, at...",0.104001,2.889000,36,,,146.075000,9924.000000,0.000000,1.516977,0.595460,0.357492,0.047048,0.031093,0.000000,passed,mixed_mla_attention_dominates,,kernel_profile_collected_prefill_and_decode,classify_prefill_execution_and_decode_slope_from_kernel_profile,false,true,true,false,false,false,true,No-Go
phase427_kernel_profile,kernel,K2.5-tp4ep8dp2-8k2k,docs/iter_gap_investigation/phase427_kernel_profile/K2.5-tp4ep8dp2-8k2k,mixed,7,other_cuda,aten::_index_put_impl_,0.228993,6.543000,35,,,146.075000,9924.000000,0.000000,1.516977,0.595460,0.357492,0.047048,0.031093,0.000000,passed,mixed_mla_attention_dominates,,kernel_profile_collected_prefill_and_decode,classify_prefill_execution_and_decode_slope_from_kernel_profile,false,true,true,false,false,false,true,No-Go
phase427_kernel_profile,kernel,K2.5-tp4ep8dp2-8k2k,docs/iter_gap_investigation/phase427_kernel_profile/K2.5-tp4ep8dp2-8k2k,mixed,7,other_cuda,triton_red_fused__to_copy_add_mean_mul_pow_rsqrt_0,0.099107,2.832000,35,,,146.075000,9924.000000,0.000000,1.516977,0.595460,0.357492,0.047048,0.031093,0.000000,passed,mixed_mla_attention_dominates,,kernel_profile_collected_prefill_and_decode,classify_prefill_execution_and_decode_slope_from_kernel_profile,false,true,true,false,false,false,true,No-Go
phase427_kernel_profile,kernel,K2.5-tp4ep8dp2-8k2k,docs/iter_gap_investigation/phase427_kernel_profile/K2.5-tp4ep8dp2-8k2k,mixed,7,other_cuda,"void at::native::index_elementwise_kernel<128, 4, at...",0.095169,2.719000,35,,,146.075000,9924.000000,0.000000,1.516977,0.595460,0.357492,0.047048,0.031093,0.000000,passed,mixed_mla_attention_dominates,,kernel_profile_collected_prefill_and_decode,classify_prefill_execution_and_decode_slope_from_kernel_profile,false,true,true,false,false,false,true,No-Go
phase427_kernel_profile,kernel,K2.5-tp4ep8dp2-8k2k,docs/iter_gap_investigation/phase427_kernel_profile/K2.5-tp4ep8dp2-8k2k,mixed,7,other_cuda,aten::add,0.092642,0.882000,105,,,146.075000,9924.000000,0.000000,1.516977,0.595460,0.357492,0.047048,0.031093,0.000000,passed,mixed_mla_attention_dominates,,kernel_profile_collected_prefill_and_decode,classify_prefill_execution_and_decode_slope_from_kernel_profile,false,true,true,false,false,false,true,No-Go
phase427_kernel_profile,kernel,K2.5-tp4ep8dp2-8k2k,docs/iter_gap_investigation/phase427_kernel_profile/K2.5-tp4ep8dp2-8k2k,mixed,7,other_cuda,"void at::native::vectorized_elementwise_kernel<4, at...",0.083297,1.190000,70,,,146.075000,9924.000000,0.000000,1.516977,0.595460,0.357492,0.047048,0.031093,0.000000,passed,mixed_mla_attention_dominates,,kernel_profile_collected_prefill_and_decode,classify_prefill_execution_and_decode_slope_from_kernel_profile,false,true,true,false,false,false,true,No-Go
phase427_kernel_profile,kernel,K2.5-tp4ep8dp2-8k2k,docs/iter_gap_investigation/phase427_kernel_profile/K2.5-tp4ep8dp2-8k2k,mixed,7,other_cuda,triton_poi_fused_add_clone_copy_expand_index_mul_neg...,0.072994,2.086000,35,,,146.075000,9924.000000,0.000000,1.516977,0.595460,0.357492,0.047048,0.031093,0.000000,passed,mixed_mla_attention_dominates,,kernel_profile_collected_prefill_and_decode,classify_prefill_execution_and_decode_slope_from_kernel_profile,false,true,true,false,false,false,true,No-Go
phase427_kernel_profile,kernel,K2.5-tp4ep8dp2-8k2k,docs/iter_gap_investigation/phase427_kernel_profile/K2.5-tp4ep8dp2-8k2k,mixed,7,other_cuda,triton_red_fused_2,0.070910,2.026000,35,,,146.075000,9924.000000,0.000000,1.516977,0.595460,0.357492,0.047048,0.031093,0.000000,passed,mixed_mla_attention_dominates,,kernel_profile_collected_prefill_and_decode,classify_prefill_execution_and_decode_slope_from_kernel_profile,false,true,true,false,false,false,true,No-Go
phase427_kernel_profile,kernel,K2.5-tp4ep8dp2-8k2k,docs/iter_gap_investigation/phase427_kernel_profile/K2.5-tp4ep8dp2-8k2k,mixed,7,mla_attention,_vllm_fa3_C::get_scheduler_metadata,0.070530,2.015000,35,,,146.075000,9924.000000,0.000000,1.516977,0.595460,0.357492,0.047048,0.031093,0.000000,passed,mixed_mla_attention_dominates,,kernel_profile_collected_prefill_and_decode,classify_prefill_execution_and_decode_slope_from_kernel_profile,false,true,true,false,false,false,true,No-Go
phase427_kernel_profile,kernel,K2.5-tp4ep8dp2-8k2k,docs/iter_gap_investigation/phase427_kernel_profile/K2.5-tp4ep8dp2-8k2k,mixed,7,mla_attention,"void flash::prepare_varlen_num_blocks_kernel<2, fals...",0.070530,2.015000,35,,,146.075000,9924.000000,0.000000,1.516977,0.595460,0.357492,0.047048,0.031093,0.000000,passed,mixed_mla_attention_dominates,,kernel_profile_collected_prefill_and_decode,classify_prefill_execution_and_decode_slope_from_kernel_profile,false,true,true,false,false,false,true,No-Go
phase427_kernel_profile,kernel,K2.5-tp4ep8dp2-8k2k,docs/iter_gap_investigation/phase427_kernel_profile/K2.5-tp4ep8dp2-8k2k,mixed,7,other_cuda,aten::gather,0.068801,1.966000,35,,,146.075000,9924.000000,0.000000,1.516977,0.595460,0.357492,0.047048,0.031093,0.000000,passed,mixed_mla_attention_dominates,,kernel_profile_collected_prefill_and_decode,classify_prefill_execution_and_decode_slope_from_kernel_profile,false,true,true,false,false,false,true,No-Go
phase427_kernel_profile,kernel,K2.5-tp4ep8dp2-8k2k,docs/iter_gap_investigation/phase427_kernel_profile/K2.5-tp4ep8dp2-8k2k,mixed,7,other_cuda,triton_poi_fused_1,0.058622,1.675000,35,,,146.075000,9924.000000,0.000000,1.516977,0.595460,0.357492,0.047048,0.031093,0.000000,passed,mixed_mla_attention_dominates,,kernel_profile_collected_prefill_and_decode,classify_prefill_execution_and_decode_slope_from_kernel_profile,false,true,true,false,false,false,true,No-Go
phase427_kernel_profile,kernel,K2.5-tp4ep8dp2-8k2k,docs/iter_gap_investigation/phase427_kernel_profile/K2.5-tp4ep8dp2-8k2k,mixed,7,memcpy_memset,Memset (Device),0.057217,1.589000,36,,,146.075000,9924.000000,0.000000,1.516977,0.595460,0.357492,0.047048,0.031093,0.000000,passed,mixed_mla_attention_dominates,,kernel_profile_collected_prefill_and_decode,classify_prefill_execution_and_decode_slope_from_kernel_profile,false,true,true,false,false,false,true,No-Go
phase427_kernel_profile,kernel,K2.5-tp4ep8dp2-8k2k,docs/iter_gap_investigation/phase427_kernel_profile/K2.5-tp4ep8dp2-8k2k,mixed,7,other_cuda,void at::native::unrolled_elementwise_kernel<at::nat...,0.053919,1.498000,36,,,146.075000,9924.000000,0.000000,1.516977,0.595460,0.357492,0.047048,0.031093,0.000000,passed,mixed_mla_attention_dominates,,kernel_profile_collected_prefill_and_decode,classify_prefill_execution_and_decode_slope_from_kernel_profile,false,true,true,false,false,false,true,No-Go
phase427_kernel_profile,kernel,K2.5-tp4ep8dp2-8k2k,docs/iter_gap_investigation/phase427_kernel_profile/K2.5-tp4ep8dp2-8k2k,mixed,7,other_cuda,triton_poi_fused_mul_silu_slice_1,0.051297,1.466000,35,,,146.075000,9924.000000,0.000000,1.516977,0.595460,0.357492,0.047048,0.031093,0.000000,passed,mixed_mla_attention_dominates,,kernel_profile_collected_prefill_and_decode,classify_prefill_execution_and_decode_slope_from_kernel_profile,false,true,true,false,false,false,true,No-Go
phase427_kernel_profile,kernel,K2.5-tp4ep8dp2-8k2k,docs/iter_gap_investigation/phase427_kernel_profile/K2.5-tp4ep8dp2-8k2k,mixed,7,other_cuda,"void at::native::vectorized_elementwise_kernel<2, at...",0.050243,1.436000,35,,,146.075000,9924.000000,0.000000,1.516977,0.595460,0.357492,0.047048,0.031093,0.000000,passed,mixed_mla_attention_dominates,,kernel_profile_collected_prefill_and_decode,classify_prefill_execution_and_decode_slope_from_kernel_profile,false,true,true,false,false,false,true,No-Go
phase427_kernel_profile,kernel,K2.5-tp4ep8dp2-8k2k,docs/iter_gap_investigation/phase427_kernel_profile/K2.5-tp4ep8dp2-8k2k,mixed,7,other_cuda,triton_poi_fused_add_bitwise_and_bitwise_not_bitwise...,0.042749,1.221000,35,,,146.075000,9924.000000,0.000000,1.516977,0.595460,0.357492,0.047048,0.031093,0.000000,passed,mixed_mla_attention_dominates,,kernel_profile_collected_prefill_and_decode,classify_prefill_execution_and_decode_slope_from_kernel_profile,false,true,true,false,false,false,true,No-Go
phase427_kernel_profile,kernel,K2.5-tp4ep8dp2-8k2k,docs/iter_gap_investigation/phase427_kernel_profile/K2.5-tp4ep8dp2-8k2k,mixed,7,other_cuda,triton_poi_fused_add_bitwise_and_bitwise_not_bitwise...,0.042749,1.221000,35,,,146.075000,9924.000000,0.000000,1.516977,0.595460,0.357492,0.047048,0.031093,0.000000,passed,mixed_mla_attention_dominates,,kernel_profile_collected_prefill_and_decode,classify_prefill_execution_and_decode_slope_from_kernel_profile,false,true,true,false,false,false,true,No-Go
phase427_kernel_profile,kernel,K2.5-tp4ep8dp2-8k2k,docs/iter_gap_investigation/phase427_kernel_profile/K2.5-tp4ep8dp2-8k2k,mixed,7,other_cuda,## Call CompiledFxGraph fqj67eaamluq2vssfw7nwvglrb2i...,0.042749,1.221000,35,,,146.075000,9924.000000,0.000000,1.516977,0.595460,0.357492,0.047048,0.031093,0.000000,passed,mixed_mla_attention_dominates,,kernel_profile_collected_prefill_and_decode,classify_prefill_execution_and_decode_slope_from_kernel_profile,false,true,true,false,false,false,true,No-Go
phase427_kernel_profile,kernel,K2.5-tp4ep8dp2-8k2k,docs/iter_gap_investigation/phase427_kernel_profile/K2.5-tp4ep8dp2-8k2k,mixed,7,other_cuda,"void at::native::vectorized_elementwise_kernel<4, at...",0.042399,1.211000,35,,,146.075000,9924.000000,0.000000,1.516977,0.595460,0.357492,0.047048,0.031093,0.000000,passed,mixed_mla_attention_dominates,,kernel_profile_collected_prefill_and_decode,classify_prefill_execution_and_decode_slope_from_kernel_profile,false,true,true,false,false,false,true,No-Go
phase427_kernel_profile,kernel,K2.5-tp4ep8dp2-8k2k,docs/iter_gap_investigation/phase427_kernel_profile/K2.5-tp4ep8dp2-8k2k,mixed,7,other_cuda,aten::sub,0.040923,0.585000,70,,,146.075000,9924.000000,0.000000,1.516977,0.595460,0.357492,0.047048,0.031093,0.000000,passed,mixed_mla_attention_dominates,,kernel_profile_collected_prefill_and_decode,classify_prefill_execution_and_decode_slope_from_kernel_profile,false,true,true,false,false,false,true,No-Go
phase427_kernel_profile,kernel,K2.5-tp4ep8dp2-8k2k,docs/iter_gap_investigation/phase427_kernel_profile/K2.5-tp4ep8dp2-8k2k,mixed,7,other_cuda,void at::native::unrolled_elementwise_kernel<at::nat...,0.040923,1.169000,35,,,146.075000,9924.000000,0.000000,1.516977,0.595460,0.357492,0.047048,0.031093,0.000000,passed,mixed_mla_attention_dominates,,kernel_profile_collected_prefill_and_decode,classify_prefill_execution_and_decode_slope_from_kernel_profile,false,true,true,false,false,false,true,No-Go
phase427_kernel_profile,kernel,K2.5-tp4ep8dp2-8k2k,docs/iter_gap_investigation/phase427_kernel_profile/K2.5-tp4ep8dp2-8k2k,mixed,7,other_cuda,void at::native::unrolled_elementwise_kernel<at::nat...,0.035139,1.004000,35,,,146.075000,9924.000000,0.000000,1.516977,0.595460,0.357492,0.047048,0.031093,0.000000,passed,mixed_mla_attention_dominates,,kernel_profile_collected_prefill_and_decode,classify_prefill_execution_and_decode_slope_from_kernel_profile,false,true,true,false,false,false,true,No-Go
phase427_kernel_profile,kernel,K2.5-tp4ep8dp2-8k2k,docs/iter_gap_investigation/phase427_kernel_profile/K2.5-tp4ep8dp2-8k2k,mixed,7,other_cuda,cudaEventRecordWithFlags,0.029024,0.276000,105,,,146.075000,9924.000000,0.000000,1.516977,0.595460,0.357492,0.047048,0.031093,0.000000,passed,mixed_mla_attention_dominates,,kernel_profile_collected_prefill_and_decode,classify_prefill_execution_and_decode_slope_from_kernel_profile,false,true,true,false,false,false,true,No-Go
phase427_kernel_profile,kernel,K2.5-tp4ep8dp2-8k2k,docs/iter_gap_investigation/phase427_kernel_profile/K2.5-tp4ep8dp2-8k2k,mixed,7,other_cuda,cudaThreadExchangeStreamCaptureMode,0.013473,0.118000,114,,,146.075000,9924.000000,0.000000,1.516977,0.595460,0.357492,0.047048,0.031093,0.000000,passed,mixed_mla_attention_dominates,,kernel_profile_collected_prefill_and_decode,classify_prefill_execution_and_decode_slope_from_kernel_profile,false,true,true,false,false,false,true,No-Go
phase427_kernel_profile,kernel,K2.5-tp4ep8dp2-8k2k,docs/iter_gap_investigation/phase427_kernel_profile/K2.5-tp4ep8dp2-8k2k,mixed,7,other_cuda,cudaEventRecord,0.007936,0.038000,210,,,146.075000,9924.000000,0.000000,1.516977,0.595460,0.357492,0.047048,0.031093,0.000000,passed,mixed_mla_attention_dominates,,kernel_profile_collected_prefill_and_decode,classify_prefill_execution_and_decode_slope_from_kernel_profile,false,true,true,false,false,false,true,No-Go
phase427_kernel_profile,kernel,K2.5-tp4ep8dp2-8k2k,docs/iter_gap_investigation/phase427_kernel_profile/K2.5-tp4ep8dp2-8k2k,mixed,7,other_cuda,cudaEventQuery,0.004288,0.022000,196,,,146.075000,9924.000000,0.000000,1.516977,0.595460,0.357492,0.047048,0.031093,0.000000,passed,mixed_mla_attention_dominates,,kernel_profile_collected_prefill_and_decode,classify_prefill_execution_and_decode_slope_from_kernel_profile,false,true,true,false,false,false,true,No-Go
phase427_kernel_profile,kernel,K2.5-tp4ep8dp2-8k2k,docs/iter_gap_investigation/phase427_kernel_profile/K2.5-tp4ep8dp2-8k2k,mixed,7,other_cuda,cudaDriverGetVersion,0.003616,0.103000,35,,,146.075000,9924.000000,0.000000,1.516977,0.595460,0.357492,0.047048,0.031093,0.000000,passed,mixed_mla_attention_dominates,,kernel_profile_collected_prefill_and_decode,classify_prefill_execution_and_decode_slope_from_kernel_profile,false,true,true,false,false,false,true,No-Go
phase427_kernel_profile,kernel,K2.5-tp4ep8dp2-8k2k,docs/iter_gap_investigation/phase427_kernel_profile/K2.5-tp4ep8dp2-8k2k,mixed,7,other_cuda,cudaStreamWaitEvent,0.003520,0.025000,140,,,146.075000,9924.000000,0.000000,1.516977,0.595460,0.357492,0.047048,0.031093,0.000000,passed,mixed_mla_attention_dominates,,kernel_profile_collected_prefill_and_decode,classify_prefill_execution_and_decode_slope_from_kernel_profile,false,true,true,false,false,false,true,No-Go
phase427_kernel_profile,kernel,K2.5-tp4ep8dp2-8k2k,docs/iter_gap_investigation/phase427_kernel_profile/K2.5-tp4ep8dp2-8k2k,mixed,7,other_cuda,cudaGraphLaunch,0.002752,0.079000,35,,,146.075000,9924.000000,0.000000,1.516977,0.595460,0.357492,0.047048,0.031093,0.000000,passed,mixed_mla_attention_dominates,,kernel_profile_collected_prefill_and_decode,classify_prefill_execution_and_decode_slope_from_kernel_profile,false,true,true,false,false,false,true,No-Go
phase427_kernel_profile,kernel,K2.5-tp4ep8dp2-8k2k,docs/iter_gap_investigation/phase427_kernel_profile/K2.5-tp4ep8dp2-8k2k,mixed,7,other_cuda,Activity Buffer Request,0.001824,0.608000,3,,,146.075000,9924.000000,0.000000,1.516977,0.595460,0.357492,0.047048,0.031093,0.000000,passed,mixed_mla_attention_dominates,,kernel_profile_collected_prefill_and_decode,classify_prefill_execution_and_decode_slope_from_kernel_profile,false,true,true,false,false,false,true,No-Go
phase427_kernel_profile,kernel,K2.5-tp4ep8dp2-8k2k,docs/iter_gap_investigation/phase427_kernel_profile/K2.5-tp4ep8dp2-8k2k,mixed,7,other_cuda,cudaEventSynchronize,0.001280,0.037000,35,,,146.075000,9924.000000,0.000000,1.516977,0.595460,0.357492,0.047048,0.031093,0.000000,passed,mixed_mla_attention_dominates,,kernel_profile_collected_prefill_and_decode,classify_prefill_execution_and_decode_slope_from_kernel_profile,false,true,true,false,false,false,true,No-Go
phase427_kernel_profile,kernel,K2.5-tp4ep8dp2-8k2k,docs/iter_gap_investigation/phase427_kernel_profile/K2.5-tp4ep8dp2-8k2k,mixed,7,cuda_graph_envelope,execute_context_0(0)_generation_56(56),15.648000,447.097000,35,,,146.075000,9924.000000,0.000000,1.516977,0.595460,0.357492,0.047048,0.031093,0.000000,passed,mixed_mla_attention_dominates,,kernel_profile_collected_prefill_and_decode,classify_prefill_execution_and_decode_slope_from_kernel_profile,false,true,true,false,false,false,true,No-Go
phase427_kernel_profile,kernel,K2.5-tp4ep8dp2-8k2k,docs/iter_gap_investigation/phase427_kernel_profile/K2.5-tp4ep8dp2-8k2k,mixed,7,other_cuda,aten::slice,0.000000,0.000000,1925,,,146.075000,9924.000000,0.000000,1.516977,0.595460,0.357492,0.047048,0.031093,0.000000,passed,mixed_mla_attention_dominates,,kernel_profile_collected_prefill_and_decode,classify_prefill_execution_and_decode_slope_from_kernel_profile,false,true,true,false,false,false,true,No-Go
phase427_kernel_profile,kernel,K2.5-tp4ep8dp2-8k2k,docs/iter_gap_investigation/phase427_kernel_profile/K2.5-tp4ep8dp2-8k2k,mixed,7,other_cuda,aten::as_strided,0.000000,0.000000,2940,,,146.075000,9924.000000,0.000000,1.516977,0.595460,0.357492,0.047048,0.031093,0.000000,passed,mixed_mla_attention_dominates,,kernel_profile_collected_prefill_and_decode,classify_prefill_execution_and_decode_slope_from_kernel_profile,false,true,true,false,false,false,true,No-Go
phase427_kernel_profile,kernel,K2.5-tp4ep8dp2-8k2k,docs/iter_gap_investigation/phase427_kernel_profile/K2.5-tp4ep8dp2-8k2k,mixed,7,memcpy_memset,cudaMemcpyAsync,0.000000,0.000000,525,,,146.075000,9924.000000,0.000000,1.516977,0.595460,0.357492,0.047048,0.031093,0.000000,passed,mixed_mla_attention_dominates,,kernel_profile_collected_prefill_and_decode,classify_prefill_execution_and_decode_slope_from_kernel_profile,false,true,true,false,false,false,true,No-Go
phase427_kernel_profile,kernel,K2.5-tp4ep8dp2-8k2k,docs/iter_gap_investigation/phase427_kernel_profile/K2.5-tp4ep8dp2-8k2k,mixed,7,other_cuda,aten::lift_fresh,0.000000,0.000000,315,,,146.075000,9924.000000,0.000000,1.516977,0.595460,0.357492,0.047048,0.031093,0.000000,passed,mixed_mla_attention_dominates,,kernel_profile_collected_prefill_and_decode,classify_prefill_execution_and_decode_slope_from_kernel_profile,false,true,true,false,false,false,true,No-Go
phase427_kernel_profile,kernel,K2.5-tp4ep8dp2-8k2k,docs/iter_gap_investigation/phase427_kernel_profile/K2.5-tp4ep8dp2-8k2k,mixed,7,other_cuda,aten::flatten,0.000000,0.000000,35,,,146.075000,9924.000000,0.000000,1.516977,0.595460,0.357492,0.047048,0.031093,0.000000,passed,mixed_mla_attention_dominates,,kernel_profile_collected_prefill_and_decode,classify_prefill_execution_and_decode_slope_from_kernel_profile,false,true,true,false,false,false,true,No-Go
phase427_kernel_profile,kernel,K2.5-tp4ep8dp2-8k2k,docs/iter_gap_investigation/phase427_kernel_profile/K2.5-tp4ep8dp2-8k2k,mixed,7,other_cuda,aten::view,0.000000,0.000000,280,,,146.075000,9924.000000,0.000000,1.516977,0.595460,0.357492,0.047048,0.031093,0.000000,passed,mixed_mla_attention_dominates,,kernel_profile_collected_prefill_and_decode,classify_prefill_execution_and_decode_slope_from_kernel_profile,false,true,true,false,false,false,true,No-Go
phase427_kernel_profile,kernel,K2.5-tp4ep8dp2-8k2k,docs/iter_gap_investigation/phase427_kernel_profile/K2.5-tp4ep8dp2-8k2k,mixed,7,other_cuda,aten::index_select,0.068801,0.983000,70,,,146.075000,9924.000000,0.000000,1.516977,0.595460,0.357492,0.047048,0.031093,0.000000,passed,mixed_mla_attention_dominates,,kernel_profile_collected_prefill_and_decode,classify_prefill_execution_and_decode_slope_from_kernel_profile,false,true,true,false,false,false,true,No-Go
phase427_kernel_profile,kernel,K2.5-tp4ep8dp2-8k2k,docs/iter_gap_investigation/phase427_kernel_profile/K2.5-tp4ep8dp2-8k2k,mixed,7,other_cuda,aten::detach,0.000000,0.000000,70,,,146.075000,9924.000000,0.000000,1.516977,0.595460,0.357492,0.047048,0.031093,0.000000,passed,mixed_mla_attention_dominates,,kernel_profile_collected_prefill_and_decode,classify_prefill_execution_and_decode_slope_from_kernel_profile,false,true,true,false,false,false,true,No-Go
phase427_kernel_profile,kernel,K2.5-tp4ep8dp2-8k2k,docs/iter_gap_investigation/phase427_kernel_profile/K2.5-tp4ep8dp2-8k2k,mixed,7,other_cuda,aten::to,1.318000,2.690000,490,,,146.075000,9924.000000,0.000000,1.516977,0.595460,0.357492,0.047048,0.031093,0.000000,passed,mixed_mla_attention_dominates,,kernel_profile_collected_prefill_and_decode,classify_prefill_execution_and_decode_slope_from_kernel_profile,false,true,true,false,false,false,true,No-Go
phase427_kernel_profile,kernel_category,K2.5-tp4ep8dp2-8k2k,docs/iter_gap_investigation/phase427_kernel_profile/K2.5-tp4ep8dp2-8k2k,decode,,dense_gemm,,,,,1476.667000,0.128239,146.096000,11515.000000,0.000000,1.516977,0.595460,0.357492,0.047048,0.031093,0.000000,passed,mixed_mla_attention_dominates,decode_mla_attention_dominates,kernel_profile_collected_prefill_and_decode,classify_prefill_execution_and_decode_slope_from_kernel_profile,false,true,true,false,false,false,true,No-Go
phase427_kernel_profile,kernel_category,K2.5-tp4ep8dp2-8k2k,docs/iter_gap_investigation/phase427_kernel_profile/K2.5-tp4ep8dp2-8k2k,decode,,ep_a2a,,,,,2173.489000,0.188753,146.096000,11515.000000,0.000000,1.516977,0.595460,0.357492,0.047048,0.031093,0.000000,passed,mixed_mla_attention_dominates,decode_mla_attention_dominates,kernel_profile_collected_prefill_and_decode,classify_prefill_execution_and_decode_slope_from_kernel_profile,false,true,true,false,false,false,true,No-Go
phase427_kernel_profile,kernel_category,K2.5-tp4ep8dp2-8k2k,docs/iter_gap_investigation/phase427_kernel_profile/K2.5-tp4ep8dp2-8k2k,decode,,memcpy_memset,,,,,47.381127,0.004115,146.096000,11515.000000,0.000000,1.516977,0.595460,0.357492,0.047048,0.031093,0.000000,passed,mixed_mla_attention_dominates,decode_mla_attention_dominates,kernel_profile_collected_prefill_and_decode,classify_prefill_execution_and_decode_slope_from_kernel_profile,false,true,true,false,false,false,true,No-Go
phase427_kernel_profile,kernel_category,K2.5-tp4ep8dp2-8k2k,docs/iter_gap_investigation/phase427_kernel_profile/K2.5-tp4ep8dp2-8k2k,decode,,mla_attention,,,,,3508.115106,0.304656,146.096000,11515.000000,0.000000,1.516977,0.595460,0.357492,0.047048,0.031093,0.000000,passed,mixed_mla_attention_dominates,decode_mla_attention_dominates,kernel_profile_collected_prefill_and_decode,classify_prefill_execution_and_decode_slope_from_kernel_profile,false,true,true,false,false,false,true,No-Go
phase427_kernel_profile,kernel_category,K2.5-tp4ep8dp2-8k2k,docs/iter_gap_investigation/phase427_kernel_profile/K2.5-tp4ep8dp2-8k2k,decode,,moe_gemm_or_aux,,,,,3468.585000,0.301223,146.096000,11515.000000,0.000000,1.516977,0.595460,0.357492,0.047048,0.031093,0.000000,passed,mixed_mla_attention_dominates,decode_mla_attention_dominates,kernel_profile_collected_prefill_and_decode,classify_prefill_execution_and_decode_slope_from_kernel_profile,false,true,true,false,false,false,true,No-Go
phase427_kernel_profile,kernel_category,K2.5-tp4ep8dp2-8k2k,docs/iter_gap_investigation/phase427_kernel_profile/K2.5-tp4ep8dp2-8k2k,decode,,other_cuda,,,,,772.592828,0.067094,146.096000,11515.000000,0.000000,1.516977,0.595460,0.357492,0.047048,0.031093,0.000000,passed,mixed_mla_attention_dominates,decode_mla_attention_dominates,kernel_profile_collected_prefill_and_decode,classify_prefill_execution_and_decode_slope_from_kernel_profile,false,true,true,false,false,false,true,No-Go
phase427_kernel_profile,kernel_category,K2.5-tp4ep8dp2-8k2k,docs/iter_gap_investigation/phase427_kernel_profile/K2.5-tp4ep8dp2-8k2k,decode,,tp_or_dp_allreduce,,,,,243.739468,0.021167,146.096000,11515.000000,0.000000,1.516977,0.595460,0.357492,0.047048,0.031093,0.000000,passed,mixed_mla_attention_dominates,decode_mla_attention_dominates,kernel_profile_collected_prefill_and_decode,classify_prefill_execution_and_decode_slope_from_kernel_profile,false,true,true,false,false,false,true,No-Go
phase427_kernel_profile,kernel,K2.5-tp4ep8dp2-8k2k,docs/iter_gap_investigation/phase427_kernel_profile/K2.5-tp4ep8dp2-8k2k,decode,0,cuda_graph_envelope,execute_context_0(0)_generation_51(51),4042.000000,642.244000,6294,,,146.096000,11515.000000,0.000000,1.516977,0.595460,0.357492,0.047048,0.031093,0.000000,passed,mixed_mla_attention_dominates,decode_mla_attention_dominates,kernel_profile_collected_prefill_and_decode,classify_prefill_execution_and_decode_slope_from_kernel_profile,false,true,true,false,false,false,true,No-Go
phase427_kernel_profile,kernel,K2.5-tp4ep8dp2-8k2k,docs/iter_gap_investigation/phase427_kernel_profile/K2.5-tp4ep8dp2-8k2k,decode,0,mla_attention,void cutlass::device_kernel<flash::enable_sm90_or_la...,422.489000,193.270000,2186,,,146.096000,11515.000000,0.000000,1.516977,0.595460,0.357492,0.047048,0.031093,0.000000,passed,mixed_mla_attention_dominates,decode_mla_attention_dominates,kernel_profile_collected_prefill_and_decode,classify_prefill_execution_and_decode_slope_from_kernel_profile,false,true,true,false,false,false,true,No-Go
phase427_kernel_profile,kernel,K2.5-tp4ep8dp2-8k2k,docs/iter_gap_investigation/phase427_kernel_profile/K2.5-tp4ep8dp2-8k2k,decode,0,moe_gemm_or_aux,"void marlin_moe_wna16::Marlin<1125899906909960l, 112...",409.849000,95.225000,4304,,,146.096000,11515.000000,0.000000,1.516977,0.595460,0.357492,0.047048,0.031093,0.000000,passed,mixed_mla_attention_dominates,decode_mla_attention_dominates,kernel_profile_collected_prefill_and_decode,classify_prefill_execution_and_decode_slope_from_kernel_profile,false,true,true,false,false,false,true,No-Go
phase427_kernel_profile,kernel,K2.5-tp4ep8dp2-8k2k,docs/iter_gap_investigation/phase427_kernel_profile/K2.5-tp4ep8dp2-8k2k,decode,0,ep_a2a,ncclDevKernel_ReduceScatter_Sum_bf16_RING_LL(ncclDev...,168.169000,78.145000,2152,,,146.096000,11515.000000,0.000000,1.516977,0.595460,0.357492,0.047048,0.031093,0.000000,passed,mixed_mla_attention_dominates,decode_mla_attention_dominates,kernel_profile_collected_prefill_and_decode,classify_prefill_execution_and_decode_slope_from_kernel_profile,false,true,true,false,false,false,true,No-Go
phase427_kernel_profile,kernel,K2.5-tp4ep8dp2-8k2k,docs/iter_gap_investigation/phase427_kernel_profile/K2.5-tp4ep8dp2-8k2k,decode,0,ep_a2a,ncclDevKernel_AllGather_RING_LL(ncclDevKernelArgsSto...,101.846000,23.467000,4340,,,146.096000,11515.000000,0.000000,1.516977,0.595460,0.357492,0.047048,0.031093,0.000000,passed,mixed_mla_attention_dominates,decode_mla_attention_dominates,kernel_profile_collected_prefill_and_decode,classify_prefill_execution_and_decode_slope_from_kernel_profile,false,true,true,false,false,false,true,No-Go
phase427_kernel_profile,kernel,K2.5-tp4ep8dp2-8k2k,docs/iter_gap_investigation/phase427_kernel_profile/K2.5-tp4ep8dp2-8k2k,decode,0,dense_gemm,nvjet_tst_64x16_64x16_2x1_v_bz_splitK_TNT,39.880000,18.531000,2152,,,146.096000,11515.000000,0.000000,1.516977,0.595460,0.357492,0.047048,0.031093,0.000000,passed,mixed_mla_attention_dominates,decode_mla_attention_dominates,kernel_profile_collected_prefill_and_decode,classify_prefill_execution_and_decode_slope_from_kernel_profile,false,true,true,false,false,false,true,No-Go
phase427_kernel_profile,kernel,K2.5-tp4ep8dp2-8k2k,docs/iter_gap_investigation/phase427_kernel_profile/K2.5-tp4ep8dp2-8k2k,decode,0,tp_or_dp_allreduce,"void vllm::cross_device_reduce_2stage<__nv_bfloat16,...",29.513000,13.076000,2257,,,146.096000,11515.000000,0.000000,1.516977,0.595460,0.357492,0.047048,0.031093,0.000000,passed,mixed_mla_attention_dominates,decode_mla_attention_dominates,kernel_profile_collected_prefill_and_decode,classify_prefill_execution_and_decode_slope_from_kernel_profile,false,true,true,false,false,false,true,No-Go
phase427_kernel_profile,kernel,K2.5-tp4ep8dp2-8k2k,docs/iter_gap_investigation/phase427_kernel_profile/K2.5-tp4ep8dp2-8k2k,decode,0,dense_gemm,nvjet_tst_64x16_64x16_4x1_v_bz_TNT,27.697000,12.871000,2152,,,146.096000,11515.000000,0.000000,1.516977,0.595460,0.357492,0.047048,0.031093,0.000000,passed,mixed_mla_attention_dominates,decode_mla_attention_dominates,kernel_profile_collected_prefill_and_decode,classify_prefill_execution_and_decode_slope_from_kernel_profile,false,true,true,false,false,false,true,No-Go
phase427_kernel_profile,kernel,K2.5-tp4ep8dp2-8k2k,docs/iter_gap_investigation/phase427_kernel_profile/K2.5-tp4ep8dp2-8k2k,decode,0,dense_gemm,nvjet_tst_64x56_64x14_4x1_v_bz_splitK_TNT,25.881000,11.840000,2186,,,146.096000,11515.000000,0.000000,1.516977,0.595460,0.357492,0.047048,0.031093,0.000000,passed,mixed_mla_attention_dominates,decode_mla_attention_dominates,kernel_profile_collected_prefill_and_decode,classify_prefill_execution_and_decode_slope_from_kernel_profile,false,true,true,false,false,false,true,No-Go
phase427_kernel_profile,kernel,K2.5-tp4ep8dp2-8k2k,docs/iter_gap_investigation/phase427_kernel_profile/K2.5-tp4ep8dp2-8k2k,decode,0,dense_gemm,nvjet_tst_64x56_64x14_4x1_v_bz_TNT,23.186000,10.435000,2222,,,146.096000,11515.000000,0.000000,1.516977,0.595460,0.357492,0.047048,0.031093,0.000000,passed,mixed_mla_attention_dominates,decode_mla_attention_dominates,kernel_profile_collected_prefill_and_decode,classify_prefill_execution_and_decode_slope_from_kernel_profile,false,true,true,false,false,false,true,No-Go
phase427_kernel_profile,kernel,K2.5-tp4ep8dp2-8k2k,docs/iter_gap_investigation/phase427_kernel_profile/K2.5-tp4ep8dp2-8k2k,decode,0,other_cuda,"void at::native::reduce_kernel<128, 4, at::native::R...",21.328000,9.911000,2152,,,146.096000,11515.000000,0.000000,1.516977,0.595460,0.357492,0.047048,0.031093,0.000000,passed,mixed_mla_attention_dominates,decode_mla_attention_dominates,kernel_profile_collected_prefill_and_decode,classify_prefill_execution_and_decode_slope_from_kernel_profile,false,true,true,false,false,false,true,No-Go
phase427_kernel_profile,kernel,K2.5-tp4ep8dp2-8k2k,docs/iter_gap_investigation/phase427_kernel_profile/K2.5-tp4ep8dp2-8k2k,decode,0,dense_gemm,"void router_gemm_kernel_bf16_output<__nv_bfloat16, 1...",16.409000,7.625000,2152,,,146.096000,11515.000000,0.000000,1.516977,0.595460,0.357492,0.047048,0.031093,0.000000,passed,mixed_mla_attention_dominates,decode_mla_attention_dominates,kernel_profile_collected_prefill_and_decode,classify_prefill_execution_and_decode_slope_from_kernel_profile,false,true,true,false,false,false,true,No-Go
phase427_kernel_profile,kernel,K2.5-tp4ep8dp2-8k2k,docs/iter_gap_investigation/phase427_kernel_profile/K2.5-tp4ep8dp2-8k2k,decode,0,other_cuda,"void vllm::act_and_mul_kernel<c10::BFloat16, __nv_bf...",14.484000,6.730000,2152,,,146.096000,11515.000000,0.000000,1.516977,0.595460,0.357492,0.047048,0.031093,0.000000,passed,mixed_mla_attention_dominates,decode_mla_attention_dominates,kernel_profile_collected_prefill_and_decode,classify_prefill_execution_and_decode_slope_from_kernel_profile,false,true,true,false,false,false,true,No-Go
phase427_kernel_profile,kernel,K2.5-tp4ep8dp2-8k2k,docs/iter_gap_investigation/phase427_kernel_profile/K2.5-tp4ep8dp2-8k2k,decode,0,dense_gemm,nvjet_tst_64x32_64x16_4x2_h_bz_TNT,13.570000,6.208000,2186,,,146.096000,11515.000000,0.000000,1.516977,0.595460,0.357492,0.047048,0.031093,0.000000,passed,mixed_mla_attention_dominates,decode_mla_attention_dominates,kernel_profile_collected_prefill_and_decode,classify_prefill_execution_and_decode_slope_from_kernel_profile,false,true,true,false,false,false,true,No-Go
phase427_kernel_profile,kernel,K2.5-tp4ep8dp2-8k2k,docs/iter_gap_investigation/phase427_kernel_profile/K2.5-tp4ep8dp2-8k2k,decode,0,mla_attention,void cutlass::device_kernel<flash::FlashAttnFwdCombi...,11.512000,5.264000,2187,,,146.096000,11515.000000,0.000000,1.516977,0.595460,0.357492,0.047048,0.031093,0.000000,passed,mixed_mla_attention_dominates,decode_mla_attention_dominates,kernel_profile_collected_prefill_and_decode,classify_prefill_execution_and_decode_slope_from_kernel_profile,false,true,true,false,false,false,true,No-Go
phase427_kernel_profile,kernel,K2.5-tp4ep8dp2-8k2k,docs/iter_gap_investigation/phase427_kernel_profile/K2.5-tp4ep8dp2-8k2k,decode,0,moe_gemm_or_aux,void vllm::moe::grouped_topk_fused_small_expert_coun...,9.847000,4.576000,2152,,,146.096000,11515.000000,0.000000,1.516977,0.595460,0.357492,0.047048,0.031093,0.000000,passed,mixed_mla_attention_dominates,decode_mla_attention_dominates,kernel_profile_collected_prefill_and_decode,classify_prefill_execution_and_decode_slope_from_kernel_profile,false,true,true,false,false,false,true,No-Go
phase427_kernel_profile,kernel,K2.5-tp4ep8dp2-8k2k,docs/iter_gap_investigation/phase427_kernel_profile/K2.5-tp4ep8dp2-8k2k,decode,0,dense_gemm,"void cublasLt::splitKreduce_kernel<32, 16, int, floa...",9.837000,2.268000,4338,,,146.096000,11515.000000,0.000000,1.516977,0.595460,0.357492,0.047048,0.031093,0.000000,passed,mixed_mla_attention_dominates,decode_mla_attention_dominates,kernel_profile_collected_prefill_and_decode,classify_prefill_execution_and_decode_slope_from_kernel_profile,false,true,true,false,false,false,true,No-Go
phase427_kernel_profile,kernel,K2.5-tp4ep8dp2-8k2k,docs/iter_gap_investigation/phase427_kernel_profile/K2.5-tp4ep8dp2-8k2k,decode,0,other_cuda,"void at::native::vectorized_elementwise_kernel<8, at...",9.818000,4.562000,2152,,,146.096000,11515.000000,0.000000,1.516977,0.595460,0.357492,0.047048,0.031093,0.000000,passed,mixed_mla_attention_dominates,decode_mla_attention_dominates,kernel_profile_collected_prefill_and_decode,classify_prefill_execution_and_decode_slope_from_kernel_profile,false,true,true,false,false,false,true,No-Go
phase427_kernel_profile,kernel,K2.5-tp4ep8dp2-8k2k,docs/iter_gap_investigation/phase427_kernel_profile/K2.5-tp4ep8dp2-8k2k,decode,0,other_cuda,triton_red_fused__to_copy_add_mean_min_latency_fused...,8.497000,4.016000,2116,,,146.096000,11515.000000,0.000000,1.516977,0.595460,0.357492,0.047048,0.031093,0.000000,passed,mixed_mla_attention_dominates,decode_mla_attention_dominates,kernel_profile_collected_prefill_and_decode,classify_prefill_execution_and_decode_slope_from_kernel_profile,false,true,true,false,false,false,true,No-Go
phase427_kernel_profile,kernel,K2.5-tp4ep8dp2-8k2k,docs/iter_gap_investigation/phase427_kernel_profile/K2.5-tp4ep8dp2-8k2k,decode,0,other_cuda,aten::copy_,8.443000,8.615000,980,,,146.096000,11515.000000,0.000000,1.516977,0.595460,0.357492,0.047048,0.031093,0.000000,passed,mixed_mla_attention_dominates,decode_mla_attention_dominates,kernel_profile_collected_prefill_and_decode,classify_prefill_execution_and_decode_slope_from_kernel_profile,false,true,true,false,false,false,true,No-Go
phase427_kernel_profile,kernel,K2.5-tp4ep8dp2-8k2k,docs/iter_gap_investigation/phase427_kernel_profile/K2.5-tp4ep8dp2-8k2k,decode,0,dense_gemm,nvjet_tst_64x24_64x16_2x1_v_bz_TNT,8.362000,3.823000,2187,,,146.096000,11515.000000,0.000000,1.516977,0.595460,0.357492,0.047048,0.031093,0.000000,passed,mixed_mla_attention_dominates,decode_mla_attention_dominates,kernel_profile_collected_prefill_and_decode,classify_prefill_execution_and_decode_slope_from_kernel_profile,false,true,true,false,false,false,true,No-Go
phase427_kernel_profile,kernel,K2.5-tp4ep8dp2-8k2k,docs/iter_gap_investigation/phase427_kernel_profile/K2.5-tp4ep8dp2-8k2k,decode,0,dense_gemm,nvjet_tst_64x56_64x14_2x1_v_bz_NNT,8.217000,3.759000,2186,,,146.096000,11515.000000,0.000000,1.516977,0.595460,0.357492,0.047048,0.031093,0.000000,passed,mixed_mla_attention_dominates,decode_mla_attention_dominates,kernel_profile_collected_prefill_and_decode,classify_prefill_execution_and_decode_slope_from_kernel_profile,false,true,true,false,false,false,true,No-Go
phase427_kernel_profile,kernel,K2.5-tp4ep8dp2-8k2k,docs/iter_gap_investigation/phase427_kernel_profile/K2.5-tp4ep8dp2-8k2k,decode,0,moe_gemm_or_aux,void vllm::moe::moe_align_block_size_kernel<int>(int...,7.525000,3.497000,2152,,,146.096000,11515.000000,0.000000,1.516977,0.595460,0.357492,0.047048,0.031093,0.000000,passed,mixed_mla_attention_dominates,decode_mla_attention_dominates,kernel_profile_collected_prefill_and_decode,classify_prefill_execution_and_decode_slope_from_kernel_profile,false,true,true,false,false,false,true,No-Go
phase427_kernel_profile,kernel,K2.5-tp4ep8dp2-8k2k,docs/iter_gap_investigation/phase427_kernel_profile/K2.5-tp4ep8dp2-8k2k,decode,0,memcpy_memset,Memcpy HtoD (Pinned -> Device),6.249000,22.316000,280,,,146.096000,11515.000000,0.000000,1.516977,0.595460,0.357492,0.047048,0.031093,0.000000,passed,mixed_mla_attention_dominates,decode_mla_attention_dominates,kernel_profile_collected_prefill_and_decode,classify_prefill_execution_and_decode_slope_from_kernel_profile,false,true,true,false,false,false,true,No-Go
phase427_kernel_profile,kernel,K2.5-tp4ep8dp2-8k2k,docs/iter_gap_investigation/phase427_kernel_profile/K2.5-tp4ep8dp2-8k2k,decode,0,other_cuda,triton_red_fused__to_copy_add_mean_mul_pow_rsqrt_seq...,6.028000,2.801000,2152,,,146.096000,11515.000000,0.000000,1.516977,0.595460,0.357492,0.047048,0.031093,0.000000,passed,mixed_mla_attention_dominates,decode_mla_attention_dominates,kernel_profile_collected_prefill_and_decode,classify_prefill_execution_and_decode_slope_from_kernel_profile,false,true,true,false,false,false,true,No-Go
phase427_kernel_profile,kernel,K2.5-tp4ep8dp2-8k2k,docs/iter_gap_investigation/phase427_kernel_profile/K2.5-tp4ep8dp2-8k2k,decode,0,dense_gemm,nvjet_tst_320x64_64x4_2x1_v_bz_TNT,5.352000,148.660000,36,,,146.096000,11515.000000,0.000000,1.516977,0.595460,0.357492,0.047048,0.031093,0.000000,passed,mixed_mla_attention_dominates,decode_mla_attention_dominates,kernel_profile_collected_prefill_and_decode,classify_prefill_execution_and_decode_slope_from_kernel_profile,false,true,true,false,false,false,true,No-Go
phase427_kernel_profile,kernel,K2.5-tp4ep8dp2-8k2k,docs/iter_gap_investigation/phase427_kernel_profile/K2.5-tp4ep8dp2-8k2k,decode,0,dense_gemm,aten::mm,5.203000,148.644000,35,,,146.096000,11515.000000,0.000000,1.516977,0.595460,0.357492,0.047048,0.031093,0.000000,passed,mixed_mla_attention_dominates,decode_mla_attention_dominates,kernel_profile_collected_prefill_and_decode,classify_prefill_execution_and_decode_slope_from_kernel_profile,false,true,true,false,false,false,true,No-Go
phase427_kernel_profile,kernel,K2.5-tp4ep8dp2-8k2k,docs/iter_gap_investigation/phase427_kernel_profile/K2.5-tp4ep8dp2-8k2k,decode,0,other_cuda,triton_poi_fused_add_clone_copy_expand_index_mul_neg...,4.397000,2.044000,2151,,,146.096000,11515.000000,0.000000,1.516977,0.595460,0.357492,0.047048,0.031093,0.000000,passed,mixed_mla_attention_dominates,decode_mla_attention_dominates,kernel_profile_collected_prefill_and_decode,classify_prefill_execution_and_decode_slope_from_kernel_profile,false,true,true,false,false,false,true,No-Go
phase427_kernel_profile,kernel,K2.5-tp4ep8dp2-8k2k,docs/iter_gap_investigation/phase427_kernel_profile/K2.5-tp4ep8dp2-8k2k,decode,0,mla_attention,void vllm::concat_and_cache_mla_kernel<__nv_bfloat16...,4.315000,1.974000,2186,,,146.096000,11515.000000,0.000000,1.516977,0.595460,0.357492,0.047048,0.031093,0.000000,passed,mixed_mla_attention_dominates,decode_mla_attention_dominates,kernel_profile_collected_prefill_and_decode,classify_prefill_execution_and_decode_slope_from_kernel_profile,false,true,true,false,false,false,true,No-Go
phase427_kernel_profile,kernel,K2.5-tp4ep8dp2-8k2k,docs/iter_gap_investigation/phase427_kernel_profile/K2.5-tp4ep8dp2-8k2k,decode,0,other_cuda,triton_red_fused_4,4.224000,1.964000,2151,,,146.096000,11515.000000,0.000000,1.516977,0.595460,0.357492,0.047048,0.031093,0.000000,passed,mixed_mla_attention_dominates,decode_mla_attention_dominates,kernel_profile_collected_prefill_and_decode,classify_prefill_execution_and_decode_slope_from_kernel_profile,false,true,true,false,false,false,true,No-Go
phase427_kernel_profile,kernel,K2.5-tp4ep8dp2-8k2k,docs/iter_gap_investigation/phase427_kernel_profile/K2.5-tp4ep8dp2-8k2k,decode,0,other_cuda,triton_poi_fused_3,3.664000,1.703000,2151,,,146.096000,11515.000000,0.000000,1.516977,0.595460,0.357492,0.047048,0.031093,0.000000,passed,mixed_mla_attention_dominates,decode_mla_attention_dominates,kernel_profile_collected_prefill_and_decode,classify_prefill_execution_and_decode_slope_from_kernel_profile,false,true,true,false,false,false,true,No-Go
phase427_kernel_profile,kernel,K2.5-tp4ep8dp2-8k2k,docs/iter_gap_investigation/phase427_kernel_profile/K2.5-tp4ep8dp2-8k2k,decode,0,other_cuda,triton_poi_fused_add_all_gather_mul_1,3.262000,1.516000,2152,,,146.096000,11515.000000,0.000000,1.516977,0.595460,0.357492,0.047048,0.031093,0.000000,passed,mixed_mla_attention_dominates,decode_mla_attention_dominates,kernel_profile_collected_prefill_and_decode,classify_prefill_execution_and_decode_slope_from_kernel_profile,false,true,true,false,false,false,true,No-Go
phase427_kernel_profile,kernel,K2.5-tp4ep8dp2-8k2k,docs/iter_gap_investigation/phase427_kernel_profile/K2.5-tp4ep8dp2-8k2k,decode,0,moe_gemm_or_aux,void vllm::moe::count_and_sort_expert_tokens_kernel<...,3.247000,1.509000,2152,,,146.096000,11515.000000,0.000000,1.516977,0.595460,0.357492,0.047048,0.031093,0.000000,passed,mixed_mla_attention_dominates,decode_mla_attention_dominates,kernel_profile_collected_prefill_and_decode,classify_prefill_execution_and_decode_slope_from_kernel_profile,false,true,true,false,false,false,true,No-Go
phase427_kernel_profile,kernel,K2.5-tp4ep8dp2-8k2k,docs/iter_gap_investigation/phase427_kernel_profile/K2.5-tp4ep8dp2-8k2k,decode,0,other_cuda,triton_poi_fused_mul_silu_slice_0,3.109000,1.444000,2152,,,146.096000,11515.000000,0.000000,1.516977,0.595460,0.357492,0.047048,0.031093,0.000000,passed,mixed_mla_attention_dominates,decode_mla_attention_dominates,kernel_profile_collected_prefill_and_decode,classify_prefill_execution_and_decode_slope_from_kernel_profile,false,true,true,false,false,false,true,No-Go
phase427_kernel_profile,kernel,K2.5-tp4ep8dp2-8k2k,docs/iter_gap_investigation/phase427_kernel_profile/K2.5-tp4ep8dp2-8k2k,decode,0,other_cuda,record_param_comms,2.441000,69.743000,35,,,146.096000,11515.000000,0.000000,1.516977,0.595460,0.357492,0.047048,0.031093,0.000000,passed,mixed_mla_attention_dominates,decode_mla_attention_dominates,kernel_profile_collected_prefill_and_decode,classify_prefill_execution_and_decode_slope_from_kernel_profile,false,true,true,false,false,false,true,No-Go
phase427_kernel_profile,kernel,K2.5-tp4ep8dp2-8k2k,docs/iter_gap_investigation/phase427_kernel_profile/K2.5-tp4ep8dp2-8k2k,decode,0,ep_a2a,nccl:_all_gather_base,2.441000,69.743000,35,,,146.096000,11515.000000,0.000000,1.516977,0.595460,0.357492,0.047048,0.031093,0.000000,passed,mixed_mla_attention_dominates,decode_mla_attention_dominates,kernel_profile_collected_prefill_and_decode,classify_prefill_execution_and_decode_slope_from_kernel_profile,false,true,true,false,false,false,true,No-Go
phase427_kernel_profile,kernel,K2.5-tp4ep8dp2-8k2k,docs/iter_gap_investigation/phase427_kernel_profile/K2.5-tp4ep8dp2-8k2k,decode,0,dense_gemm,nvjet_tst_80x64_64x11_4x1_v_bz_TNN,1.226000,35.029000,35,,,146.096000,11515.000000,0.000000,1.516977,0.595460,0.357492,0.047048,0.031093,0.000000,passed,mixed_mla_attention_dominates,decode_mla_attention_dominates,kernel_profile_collected_prefill_and_decode,classify_prefill_execution_and_decode_slope_from_kernel_profile,false,true,true,false,false,false,true,No-Go
phase427_kernel_profile,kernel,K2.5-tp4ep8dp2-8k2k,docs/iter_gap_investigation/phase427_kernel_profile/K2.5-tp4ep8dp2-8k2k,decode,0,tp_or_dp_allreduce,_C_custom_ar::all_reduce,0.985064,28.145000,35,,,146.096000,11515.000000,0.000000,1.516977,0.595460,0.357492,0.047048,0.031093,0.000000,passed,mixed_mla_attention_dominates,decode_mla_attention_dominates,kernel_profile_collected_prefill_and_decode,classify_prefill_execution_and_decode_slope_from_kernel_profile,false,true,true,false,false,false,true,No-Go
phase427_kernel_profile,kernel,K2.5-tp4ep8dp2-8k2k,docs/iter_gap_investigation/phase427_kernel_profile/K2.5-tp4ep8dp2-8k2k,decode,0,other_cuda,aten::argmax,0.799169,22.833000,35,,,146.096000,11515.000000,0.000000,1.516977,0.595460,0.357492,0.047048,0.031093,0.000000,passed,mixed_mla_attention_dominates,decode_mla_attention_dominates,kernel_profile_collected_prefill_and_decode,classify_prefill_execution_and_decode_slope_from_kernel_profile,false,true,true,false,false,false,true,No-Go
phase427_kernel_profile,kernel,K2.5-tp4ep8dp2-8k2k,docs/iter_gap_investigation/phase427_kernel_profile/K2.5-tp4ep8dp2-8k2k,decode,0,other_cuda,void at::native::unrolled_elementwise_kernel<at::nat...,0.792998,22.028000,36,,,146.096000,11515.000000,0.000000,1.516977,0.595460,0.357492,0.047048,0.031093,0.000000,passed,mixed_mla_attention_dominates,decode_mla_attention_dominates,kernel_profile_collected_prefill_and_decode,classify_prefill_execution_and_decode_slope_from_kernel_profile,false,true,true,false,false,false,true,No-Go
phase427_kernel_profile,kernel,K2.5-tp4ep8dp2-8k2k,docs/iter_gap_investigation/phase427_kernel_profile/K2.5-tp4ep8dp2-8k2k,decode,0,other_cuda,"void at::native::reduce_kernel<512, 1, at::native::R...",0.766788,21.300000,36,,,146.096000,11515.000000,0.000000,1.516977,0.595460,0.357492,0.047048,0.031093,0.000000,passed,mixed_mla_attention_dominates,decode_mla_attention_dominates,kernel_profile_collected_prefill_and_decode,classify_prefill_execution_and_decode_slope_from_kernel_profile,false,true,true,false,false,false,true,No-Go
phase427_kernel_profile,kernel,K2.5-tp4ep8dp2-8k2k,docs/iter_gap_investigation/phase427_kernel_profile/K2.5-tp4ep8dp2-8k2k,decode,0,other_cuda,"void at::native::elementwise_kernel<128, 4, at::nati...",0.756799,21.022000,36,,,146.096000,11515.000000,0.000000,1.516977,0.595460,0.357492,0.047048,0.031093,0.000000,passed,mixed_mla_attention_dominates,decode_mla_attention_dominates,kernel_profile_collected_prefill_and_decode,classify_prefill_execution_and_decode_slope_from_kernel_profile,false,true,true,false,false,false,true,No-Go
phase427_kernel_profile,kernel,K2.5-tp4ep8dp2-8k2k,docs/iter_gap_investigation/phase427_kernel_profile/K2.5-tp4ep8dp2-8k2k,decode,0,other_cuda,void at::native::unrolled_elementwise_kernel<at::nat...,0.268325,1.876000,143,,,146.096000,11515.000000,0.000000,1.516977,0.595460,0.357492,0.047048,0.031093,0.000000,passed,mixed_mla_attention_dominates,decode_mla_attention_dominates,kernel_profile_collected_prefill_and_decode,classify_prefill_execution_and_decode_slope_from_kernel_profile,false,true,true,false,false,false,true,No-Go
phase427_kernel_profile,kernel,K2.5-tp4ep8dp2-8k2k,docs/iter_gap_investigation/phase427_kernel_profile/K2.5-tp4ep8dp2-8k2k,decode,0,memcpy_memset,Memcpy DtoD (Device -> Device),0.258750,1.232000,210,,,146.096000,11515.000000,0.000000,1.516977,0.595460,0.357492,0.047048,0.031093,0.000000,passed,mixed_mla_attention_dominates,decode_mla_attention_dominates,kernel_profile_collected_prefill_and_decode,classify_prefill_execution_and_decode_slope_from_kernel_profile,false,true,true,false,false,false,true,No-Go
phase427_kernel_profile,kernel,K2.5-tp4ep8dp2-8k2k,docs/iter_gap_investigation/phase427_kernel_profile/K2.5-tp4ep8dp2-8k2k,decode,0,other_cuda,aten::fill_,0.221224,0.486000,455,,,146.096000,11515.000000,0.000000,1.516977,0.595460,0.357492,0.047048,0.031093,0.000000,passed,mixed_mla_attention_dominates,decode_mla_attention_dominates,kernel_profile_collected_prefill_and_decode,classify_prefill_execution_and_decode_slope_from_kernel_profile,false,true,true,false,false,false,true,No-Go
phase427_kernel_profile,kernel,K2.5-tp4ep8dp2-8k2k,docs/iter_gap_investigation/phase427_kernel_profile/K2.5-tp4ep8dp2-8k2k,decode,0,other_cuda,cudaDriverGetVersion,0.190175,5.434000,35,,,146.096000,11515.000000,0.000000,1.516977,0.595460,0.357492,0.047048,0.031093,0.000000,passed,mixed_mla_attention_dominates,decode_mla_attention_dominates,kernel_profile_collected_prefill_and_decode,classify_prefill_execution_and_decode_slope_from_kernel_profile,false,true,true,false,false,false,true,No-Go
phase427_kernel_profile,kernel,K2.5-tp4ep8dp2-8k2k,docs/iter_gap_investigation/phase427_kernel_profile/K2.5-tp4ep8dp2-8k2k,decode,0,other_cuda,triton_red_fused__to_copy_add_mean_mul_pow_rsqrt_sli...,0.174400,4.844000,36,,,146.096000,11515.000000,0.000000,1.516977,0.595460,0.357492,0.047048,0.031093,0.000000,passed,mixed_mla_attention_dominates,decode_mla_attention_dominates,kernel_profile_collected_prefill_and_decode,classify_prefill_execution_and_decode_slope_from_kernel_profile,false,true,true,false,false,false,true,No-Go
phase427_kernel_profile,kernel,K2.5-tp4ep8dp2-8k2k,docs/iter_gap_investigation/phase427_kernel_profile/K2.5-tp4ep8dp2-8k2k,decode,0,other_cuda,aten::index,0.248413,3.549000,70,,,146.096000,11515.000000,0.000000,1.516977,0.595460,0.357492,0.047048,0.031093,0.000000,passed,mixed_mla_attention_dominates,decode_mla_attention_dominates,kernel_profile_collected_prefill_and_decode,classify_prefill_execution_and_decode_slope_from_kernel_profile,false,true,true,false,false,false,true,No-Go
phase427_kernel_profile,kernel,K2.5-tp4ep8dp2-8k2k,docs/iter_gap_investigation/phase427_kernel_profile/K2.5-tp4ep8dp2-8k2k,decode,0,memcpy_memset,Memcpy DtoH (Device -> Pinned),0.162465,4.513000,36,,,146.096000,11515.000000,0.000000,1.516977,0.595460,0.357492,0.047048,0.031093,0.000000,passed,mixed_mla_attention_dominates,decode_mla_attention_dominates,kernel_profile_collected_prefill_and_decode,classify_prefill_execution_and_decode_slope_from_kernel_profile,false,true,true,false,false,false,true,No-Go
phase427_kernel_profile,kernel,K2.5-tp4ep8dp2-8k2k,docs/iter_gap_investigation/phase427_kernel_profile/K2.5-tp4ep8dp2-8k2k,decode,0,other_cuda,"void at::native::vectorized_gather_kernel<16, long>(...",0.155038,2.184000,71,,,146.096000,11515.000000,0.000000,1.516977,0.595460,0.357492,0.047048,0.031093,0.000000,passed,mixed_mla_attention_dominates,decode_mla_attention_dominates,kernel_profile_collected_prefill_and_decode,classify_prefill_execution_and_decode_slope_from_kernel_profile,false,true,true,false,false,false,true,No-Go
phase427_kernel_profile,kernel,K2.5-tp4ep8dp2-8k2k,docs/iter_gap_investigation/phase427_kernel_profile/K2.5-tp4ep8dp2-8k2k,decode,0,other_cuda,triton_red_fused__to_copy_add_mean_min_latency_fused...,0.144801,4.137000,35,,,146.096000,11515.000000,0.000000,1.516977,0.595460,0.357492,0.047048,0.031093,0.000000,passed,mixed_mla_attention_dominates,decode_mla_attention_dominates,kernel_profile_collected_prefill_and_decode,classify_prefill_execution_and_decode_slope_from_kernel_profile,false,true,true,false,false,false,true,No-Go
phase427_kernel_profile,kernel,K2.5-tp4ep8dp2-8k2k,docs/iter_gap_investigation/phase427_kernel_profile/K2.5-tp4ep8dp2-8k2k,decode,0,other_cuda,cudaThreadExchangeStreamCaptureMode,0.130752,1.054000,124,,,146.096000,11515.000000,0.000000,1.516977,0.595460,0.357492,0.047048,0.031093,0.000000,passed,mixed_mla_attention_dominates,decode_mla_attention_dominates,kernel_profile_collected_prefill_and_decode,classify_prefill_execution_and_decode_slope_from_kernel_profile,false,true,true,false,false,false,true,No-Go
phase427_kernel_profile,kernel,K2.5-tp4ep8dp2-8k2k,docs/iter_gap_investigation/phase427_kernel_profile/K2.5-tp4ep8dp2-8k2k,decode,0,other_cuda,aten::masked_fill_,0.117153,3.347000,35,,,146.096000,11515.000000,0.000000,1.516977,0.595460,0.357492,0.047048,0.031093,0.000000,passed,mixed_mla_attention_dominates,decode_mla_attention_dominates,kernel_profile_collected_prefill_and_decode,classify_prefill_execution_and_decode_slope_from_kernel_profile,false,true,true,false,false,false,true,No-Go
phase427_kernel_profile,kernel,K2.5-tp4ep8dp2-8k2k,docs/iter_gap_investigation/phase427_kernel_profile/K2.5-tp4ep8dp2-8k2k,decode,0,other_cuda,"void at::native::elementwise_kernel<128, 4, at::nati...",0.117153,3.347000,35,,,146.096000,11515.000000,0.000000,1.516977,0.595460,0.357492,0.047048,0.031093,0.000000,passed,mixed_mla_attention_dominates,decode_mla_attention_dominates,kernel_profile_collected_prefill_and_decode,classify_prefill_execution_and_decode_slope_from_kernel_profile,false,true,true,false,false,false,true,No-Go
phase427_kernel_profile,kernel,K2.5-tp4ep8dp2-8k2k,docs/iter_gap_investigation/phase427_kernel_profile/K2.5-tp4ep8dp2-8k2k,decode,0,other_cuda,_compute_slot_mapping_kernel,0.110081,3.145000,35,,,146.096000,11515.000000,0.000000,1.516977,0.595460,0.357492,0.047048,0.031093,0.000000,passed,mixed_mla_attention_dominates,decode_mla_attention_dominates,kernel_profile_collected_prefill_and_decode,classify_prefill_execution_and_decode_slope_from_kernel_profile,false,true,true,false,false,false,true,No-Go
phase427_kernel_profile,kernel,K2.5-tp4ep8dp2-8k2k,docs/iter_gap_investigation/phase427_kernel_profile/K2.5-tp4ep8dp2-8k2k,decode,0,other_cuda,"void at::native::index_elementwise_kernel<128, 4, at...",0.104833,2.912000,36,,,146.096000,11515.000000,0.000000,1.516977,0.595460,0.357492,0.047048,0.031093,0.000000,passed,mixed_mla_attention_dominates,decode_mla_attention_dominates,kernel_profile_collected_prefill_and_decode,classify_prefill_execution_and_decode_slope_from_kernel_profile,false,true,true,false,false,false,true,No-Go
phase427_kernel_profile,kernel,K2.5-tp4ep8dp2-8k2k,docs/iter_gap_investigation/phase427_kernel_profile/K2.5-tp4ep8dp2-8k2k,decode,0,other_cuda,triton_red_fused__to_copy_add_clone_mean_min_latency...,0.104674,2.991000,35,,,146.096000,11515.000000,0.000000,1.516977,0.595460,0.357492,0.047048,0.031093,0.000000,passed,mixed_mla_attention_dominates,decode_mla_attention_dominates,kernel_profile_collected_prefill_and_decode,classify_prefill_execution_and_decode_slope_from_kernel_profile,false,true,true,false,false,false,true,No-Go
phase427_kernel_profile,kernel,K2.5-tp4ep8dp2-8k2k,docs/iter_gap_investigation/phase427_kernel_profile/K2.5-tp4ep8dp2-8k2k,decode,0,other_cuda,aten::_index_put_impl_,0.230887,6.597000,35,,,146.096000,11515.000000,0.000000,1.516977,0.595460,0.357492,0.047048,0.031093,0.000000,passed,mixed_mla_attention_dominates,decode_mla_attention_dominates,kernel_profile_collected_prefill_and_decode,classify_prefill_execution_and_decode_slope_from_kernel_profile,false,true,true,false,false,false,true,No-Go
phase427_kernel_profile,kernel,K2.5-tp4ep8dp2-8k2k,docs/iter_gap_investigation/phase427_kernel_profile/K2.5-tp4ep8dp2-8k2k,decode,0,other_cuda,aten::add,0.101314,0.965000,105,,,146.096000,11515.000000,0.000000,1.516977,0.595460,0.357492,0.047048,0.031093,0.000000,passed,mixed_mla_attention_dominates,decode_mla_attention_dominates,kernel_profile_collected_prefill_and_decode,classify_prefill_execution_and_decode_slope_from_kernel_profile,false,true,true,false,false,false,true,No-Go
phase427_kernel_profile,kernel,K2.5-tp4ep8dp2-8k2k,docs/iter_gap_investigation/phase427_kernel_profile/K2.5-tp4ep8dp2-8k2k,decode,0,other_cuda,triton_red_fused__to_copy_add_mean_mul_pow_rsqrt_0,0.098175,2.805000,35,,,146.096000,11515.000000,0.000000,1.516977,0.595460,0.357492,0.047048,0.031093,0.000000,passed,mixed_mla_attention_dominates,decode_mla_attention_dominates,kernel_profile_collected_prefill_and_decode,classify_prefill_execution_and_decode_slope_from_kernel_profile,false,true,true,false,false,false,true,No-Go
phase427_kernel_profile,kernel,K2.5-tp4ep8dp2-8k2k,docs/iter_gap_investigation/phase427_kernel_profile/K2.5-tp4ep8dp2-8k2k,decode,0,other_cuda,"void at::native::index_elementwise_kernel<128, 4, at...",0.093825,2.681000,35,,,146.096000,11515.000000,0.000000,1.516977,0.595460,0.357492,0.047048,0.031093,0.000000,passed,mixed_mla_attention_dominates,decode_mla_attention_dominates,kernel_profile_collected_prefill_and_decode,classify_prefill_execution_and_decode_slope_from_kernel_profile,false,true,true,false,false,false,true,No-Go
phase427_kernel_profile,kernel,K2.5-tp4ep8dp2-8k2k,docs/iter_gap_investigation/phase427_kernel_profile/K2.5-tp4ep8dp2-8k2k,decode,0,other_cuda,"void at::native::vectorized_elementwise_kernel<4, at...",0.085476,1.221000,70,,,146.096000,11515.000000,0.000000,1.516977,0.595460,0.357492,0.047048,0.031093,0.000000,passed,mixed_mla_attention_dominates,decode_mla_attention_dominates,kernel_profile_collected_prefill_and_decode,classify_prefill_execution_and_decode_slope_from_kernel_profile,false,true,true,false,false,false,true,No-Go
phase427_kernel_profile,kernel,K2.5-tp4ep8dp2-8k2k,docs/iter_gap_investigation/phase427_kernel_profile/K2.5-tp4ep8dp2-8k2k,decode,0,other_cuda,aten::gather,0.078079,2.231000,35,,,146.096000,11515.000000,0.000000,1.516977,0.595460,0.357492,0.047048,0.031093,0.000000,passed,mixed_mla_attention_dominates,decode_mla_attention_dominates,kernel_profile_collected_prefill_and_decode,classify_prefill_execution_and_decode_slope_from_kernel_profile,false,true,true,false,false,false,true,No-Go
phase427_kernel_profile,kernel,K2.5-tp4ep8dp2-8k2k,docs/iter_gap_investigation/phase427_kernel_profile/K2.5-tp4ep8dp2-8k2k,decode,0,other_cuda,cudaEventRecord,0.071808,0.342000,210,,,146.096000,11515.000000,0.000000,1.516977,0.595460,0.357492,0.047048,0.031093,0.000000,passed,mixed_mla_attention_dominates,decode_mla_attention_dominates,kernel_profile_collected_prefill_and_decode,classify_prefill_execution_and_decode_slope_from_kernel_profile,false,true,true,false,false,false,true,No-Go
phase427_kernel_profile,kernel,K2.5-tp4ep8dp2-8k2k,docs/iter_gap_investigation/phase427_kernel_profile/K2.5-tp4ep8dp2-8k2k,decode,0,other_cuda,triton_poi_fused_add_clone_copy_expand_index_mul_neg...,0.071235,2.035000,35,,,146.096000,11515.000000,0.000000,1.516977,0.595460,0.357492,0.047048,0.031093,0.000000,passed,mixed_mla_attention_dominates,decode_mla_attention_dominates,kernel_profile_collected_prefill_and_decode,classify_prefill_execution_and_decode_slope_from_kernel_profile,false,true,true,false,false,false,true,No-Go
phase427_kernel_profile,kernel,K2.5-tp4ep8dp2-8k2k,docs/iter_gap_investigation/phase427_kernel_profile/K2.5-tp4ep8dp2-8k2k,decode,0,other_cuda,triton_red_fused_2,0.070753,2.022000,35,,,146.096000,11515.000000,0.000000,1.516977,0.595460,0.357492,0.047048,0.031093,0.000000,passed,mixed_mla_attention_dominates,decode_mla_attention_dominates,kernel_profile_collected_prefill_and_decode,classify_prefill_execution_and_decode_slope_from_kernel_profile,false,true,true,false,false,false,true,No-Go
phase427_kernel_profile,kernel,K2.5-tp4ep8dp2-8k2k,docs/iter_gap_investigation/phase427_kernel_profile/K2.5-tp4ep8dp2-8k2k,decode,0,mla_attention,_vllm_fa3_C::get_scheduler_metadata,0.070117,2.003000,35,,,146.096000,11515.000000,0.000000,1.516977,0.595460,0.357492,0.047048,0.031093,0.000000,passed,mixed_mla_attention_dominates,decode_mla_attention_dominates,kernel_profile_collected_prefill_and_decode,classify_prefill_execution_and_decode_slope_from_kernel_profile,false,true,true,false,false,false,true,No-Go
phase427_kernel_profile,kernel,K2.5-tp4ep8dp2-8k2k,docs/iter_gap_investigation/phase427_kernel_profile/K2.5-tp4ep8dp2-8k2k,decode,0,mla_attention,"void flash::prepare_varlen_num_blocks_kernel<2, fals...",0.070117,2.003000,35,,,146.096000,11515.000000,0.000000,1.516977,0.595460,0.357492,0.047048,0.031093,0.000000,passed,mixed_mla_attention_dominates,decode_mla_attention_dominates,kernel_profile_collected_prefill_and_decode,classify_prefill_execution_and_decode_slope_from_kernel_profile,false,true,true,false,false,false,true,No-Go
phase427_kernel_profile,kernel,K2.5-tp4ep8dp2-8k2k,docs/iter_gap_investigation/phase427_kernel_profile/K2.5-tp4ep8dp2-8k2k,decode,0,other_cuda,void at::native::unrolled_elementwise_kernel<at::nat...,0.069861,0.998000,70,,,146.096000,11515.000000,0.000000,1.516977,0.595460,0.357492,0.047048,0.031093,0.000000,passed,mixed_mla_attention_dominates,decode_mla_attention_dominates,kernel_profile_collected_prefill_and_decode,classify_prefill_execution_and_decode_slope_from_kernel_profile,false,true,true,false,false,false,true,No-Go
phase427_kernel_profile,kernel,K2.5-tp4ep8dp2-8k2k,docs/iter_gap_investigation/phase427_kernel_profile/K2.5-tp4ep8dp2-8k2k,decode,0,other_cuda,cudaStreamIsCapturing,0.069856,0.285000,245,,,146.096000,11515.000000,0.000000,1.516977,0.595460,0.357492,0.047048,0.031093,0.000000,passed,mixed_mla_attention_dominates,decode_mla_attention_dominates,kernel_profile_collected_prefill_and_decode,classify_prefill_execution_and_decode_slope_from_kernel_profile,false,true,true,false,false,false,true,No-Go
phase427_kernel_profile,kernel,K2.5-tp4ep8dp2-8k2k,docs/iter_gap_investigation/phase427_kernel_profile/K2.5-tp4ep8dp2-8k2k,decode,0,other_cuda,void at::native::unrolled_elementwise_kernel<at::nat...,0.065887,0.941000,70,,,146.096000,11515.000000,0.000000,1.516977,0.595460,0.357492,0.047048,0.031093,0.000000,passed,mixed_mla_attention_dominates,decode_mla_attention_dominates,kernel_profile_collected_prefill_and_decode,classify_prefill_execution_and_decode_slope_from_kernel_profile,false,true,true,false,false,false,true,No-Go
phase427_kernel_profile,kernel,K2.5-tp4ep8dp2-8k2k,docs/iter_gap_investigation/phase427_kernel_profile/K2.5-tp4ep8dp2-8k2k,decode,0,other_cuda,triton_poi_fused_1,0.060772,1.736000,35,,,146.096000,11515.000000,0.000000,1.516977,0.595460,0.357492,0.047048,0.031093,0.000000,passed,mixed_mla_attention_dominates,decode_mla_attention_dominates,kernel_profile_collected_prefill_and_decode,classify_prefill_execution_and_decode_slope_from_kernel_profile,false,true,true,false,false,false,true,No-Go
phase427_kernel_profile,kernel,K2.5-tp4ep8dp2-8k2k,docs/iter_gap_investigation/phase427_kernel_profile/K2.5-tp4ep8dp2-8k2k,decode,0,memcpy_memset,Memset (Device),0.055933,1.554000,36,,,146.096000,11515.000000,0.000000,1.516977,0.595460,0.357492,0.047048,0.031093,0.000000,passed,mixed_mla_attention_dominates,decode_mla_attention_dominates,kernel_profile_collected_prefill_and_decode,classify_prefill_execution_and_decode_slope_from_kernel_profile,false,true,true,false,false,false,true,No-Go
phase427_kernel_profile,kernel,K2.5-tp4ep8dp2-8k2k,docs/iter_gap_investigation/phase427_kernel_profile/K2.5-tp4ep8dp2-8k2k,decode,0,other_cuda,void at::native::unrolled_elementwise_kernel<at::nat...,0.055840,1.551000,36,,,146.096000,11515.000000,0.000000,1.516977,0.595460,0.357492,0.047048,0.031093,0.000000,passed,mixed_mla_attention_dominates,decode_mla_attention_dominates,kernel_profile_collected_prefill_and_decode,classify_prefill_execution_and_decode_slope_from_kernel_profile,false,true,true,false,false,false,true,No-Go
phase427_kernel_profile,kernel,K2.5-tp4ep8dp2-8k2k,docs/iter_gap_investigation/phase427_kernel_profile/K2.5-tp4ep8dp2-8k2k,decode,0,other_cuda,cudaEventSynchronize,0.054561,0.768000,71,,,146.096000,11515.000000,0.000000,1.516977,0.595460,0.357492,0.047048,0.031093,0.000000,passed,mixed_mla_attention_dominates,decode_mla_attention_dominates,kernel_profile_collected_prefill_and_decode,classify_prefill_execution_and_decode_slope_from_kernel_profile,false,true,true,false,false,false,true,No-Go
phase427_kernel_profile,kernel,K2.5-tp4ep8dp2-8k2k,docs/iter_gap_investigation/phase427_kernel_profile/K2.5-tp4ep8dp2-8k2k,decode,0,other_cuda,"void at::native::vectorized_elementwise_kernel<2, at...",0.054369,1.553000,35,,,146.096000,11515.000000,0.000000,1.516977,0.595460,0.357492,0.047048,0.031093,0.000000,passed,mixed_mla_attention_dominates,decode_mla_attention_dominates,kernel_profile_collected_prefill_and_decode,classify_prefill_execution_and_decode_slope_from_kernel_profile,false,true,true,false,false,false,true,No-Go
phase427_kernel_profile,kernel,K2.5-tp4ep8dp2-8k2k,docs/iter_gap_investigation/phase427_kernel_profile/K2.5-tp4ep8dp2-8k2k,decode,0,other_cuda,triton_poi_fused_mul_silu_slice_1,0.051295,1.466000,35,,,146.096000,11515.000000,0.000000,1.516977,0.595460,0.357492,0.047048,0.031093,0.000000,passed,mixed_mla_attention_dominates,decode_mla_attention_dominates,kernel_profile_collected_prefill_and_decode,classify_prefill_execution_and_decode_slope_from_kernel_profile,false,true,true,false,false,false,true,No-Go
phase427_kernel_profile,kernel,K2.5-tp4ep8dp2-8k2k,docs/iter_gap_investigation/phase427_kernel_profile/K2.5-tp4ep8dp2-8k2k,decode,0,other_cuda,triton_poi_fused_add_bitwise_and_bitwise_not_bitwise...,0.050212,1.435000,35,,,146.096000,11515.000000,0.000000,1.516977,0.595460,0.357492,0.047048,0.031093,0.000000,passed,mixed_mla_attention_dominates,decode_mla_attention_dominates,kernel_profile_collected_prefill_and_decode,classify_prefill_execution_and_decode_slope_from_kernel_profile,false,true,true,false,false,false,true,No-Go
phase427_kernel_profile,kernel,K2.5-tp4ep8dp2-8k2k,docs/iter_gap_investigation/phase427_kernel_profile/K2.5-tp4ep8dp2-8k2k,decode,0,other_cuda,triton_poi_fused_add_bitwise_and_bitwise_not_bitwise...,0.050212,1.435000,35,,,146.096000,11515.000000,0.000000,1.516977,0.595460,0.357492,0.047048,0.031093,0.000000,passed,mixed_mla_attention_dominates,decode_mla_attention_dominates,kernel_profile_collected_prefill_and_decode,classify_prefill_execution_and_decode_slope_from_kernel_profile,false,true,true,false,false,false,true,No-Go
phase427_kernel_profile,kernel,K2.5-tp4ep8dp2-8k2k,docs/iter_gap_investigation/phase427_kernel_profile/K2.5-tp4ep8dp2-8k2k,decode,0,other_cuda,## Call CompiledFxGraph fjmk7j3b5h6esrzstgad7fwnyglv...,0.050212,1.435000,35,,,146.096000,11515.000000,0.000000,1.516977,0.595460,0.357492,0.047048,0.031093,0.000000,passed,mixed_mla_attention_dominates,decode_mla_attention_dominates,kernel_profile_collected_prefill_and_decode,classify_prefill_execution_and_decode_slope_from_kernel_profile,false,true,true,false,false,false,true,No-Go
phase427_kernel_profile,kernel,K2.5-tp4ep8dp2-8k2k,docs/iter_gap_investigation/phase427_kernel_profile/K2.5-tp4ep8dp2-8k2k,decode,0,other_cuda,"void at::native::vectorized_elementwise_kernel<4, at...",0.046945,1.341000,35,,,146.096000,11515.000000,0.000000,1.516977,0.595460,0.357492,0.047048,0.031093,0.000000,passed,mixed_mla_attention_dominates,decode_mla_attention_dominates,kernel_profile_collected_prefill_and_decode,classify_prefill_execution_and_decode_slope_from_kernel_profile,false,true,true,false,false,false,true,No-Go
phase427_kernel_profile,kernel,K2.5-tp4ep8dp2-8k2k,docs/iter_gap_investigation/phase427_kernel_profile/K2.5-tp4ep8dp2-8k2k,decode,0,other_cuda,cuLaunchKernelEx,0.042913,0.409000,105,,,146.096000,11515.000000,0.000000,1.516977,0.595460,0.357492,0.047048,0.031093,0.000000,passed,mixed_mla_attention_dominates,decode_mla_attention_dominates,kernel_profile_collected_prefill_and_decode,classify_prefill_execution_and_decode_slope_from_kernel_profile,false,true,true,false,false,false,true,No-Go
phase427_kernel_profile,kernel,K2.5-tp4ep8dp2-8k2k,docs/iter_gap_investigation/phase427_kernel_profile/K2.5-tp4ep8dp2-8k2k,decode,0,other_cuda,aten::sub,0.039552,0.565000,70,,,146.096000,11515.000000,0.000000,1.516977,0.595460,0.357492,0.047048,0.031093,0.000000,passed,mixed_mla_attention_dominates,decode_mla_attention_dominates,kernel_profile_collected_prefill_and_decode,classify_prefill_execution_and_decode_slope_from_kernel_profile,false,true,true,false,false,false,true,No-Go
phase427_kernel_profile,kernel,K2.5-tp4ep8dp2-8k2k,docs/iter_gap_investigation/phase427_kernel_profile/K2.5-tp4ep8dp2-8k2k,decode,0,other_cuda,void at::native::unrolled_elementwise_kernel<at::nat...,0.039552,1.130000,35,,,146.096000,11515.000000,0.000000,1.516977,0.595460,0.357492,0.047048,0.031093,0.000000,passed,mixed_mla_attention_dominates,decode_mla_attention_dominates,kernel_profile_collected_prefill_and_decode,classify_prefill_execution_and_decode_slope_from_kernel_profile,false,true,true,false,false,false,true,No-Go
phase427_kernel_profile,kernel,K2.5-tp4ep8dp2-8k2k,docs/iter_gap_investigation/phase427_kernel_profile/K2.5-tp4ep8dp2-8k2k,decode,0,other_cuda,cudaEventQuery,0.032129,0.162000,198,,,146.096000,11515.000000,0.000000,1.516977,0.595460,0.357492,0.047048,0.031093,0.000000,passed,mixed_mla_attention_dominates,decode_mla_attention_dominates,kernel_profile_collected_prefill_and_decode,classify_prefill_execution_and_decode_slope_from_kernel_profile,false,true,true,false,false,false,true,No-Go
phase427_kernel_profile,kernel,K2.5-tp4ep8dp2-8k2k,docs/iter_gap_investigation/phase427_kernel_profile/K2.5-tp4ep8dp2-8k2k,decode,0,other_cuda,cudaStreamWaitEvent,0.007328,0.052000,140,,,146.096000,11515.000000,0.000000,1.516977,0.595460,0.357492,0.047048,0.031093,0.000000,passed,mixed_mla_attention_dominates,decode_mla_attention_dominates,kernel_profile_collected_prefill_and_decode,classify_prefill_execution_and_decode_slope_from_kernel_profile,false,true,true,false,false,false,true,No-Go
phase427_kernel_profile,kernel,K2.5-tp4ep8dp2-8k2k,docs/iter_gap_investigation/phase427_kernel_profile/K2.5-tp4ep8dp2-8k2k,decode,0,other_cuda,cudaEventRecordWithFlags,0.003520,0.034000,105,,,146.096000,11515.000000,0.000000,1.516977,0.595460,0.357492,0.047048,0.031093,0.000000,passed,mixed_mla_attention_dominates,decode_mla_attention_dominates,kernel_profile_collected_prefill_and_decode,classify_prefill_execution_and_decode_slope_from_kernel_profile,false,true,true,false,false,false,true,No-Go
phase427_kernel_profile,kernel,K2.5-tp4ep8dp2-8k2k,docs/iter_gap_investigation/phase427_kernel_profile/K2.5-tp4ep8dp2-8k2k,decode,0,other_cuda,Buffer Flush,0.001824,0.456000,4,,,146.096000,11515.000000,0.000000,1.516977,0.595460,0.357492,0.047048,0.031093,0.000000,passed,mixed_mla_attention_dominates,decode_mla_attention_dominates,kernel_profile_collected_prefill_and_decode,classify_prefill_execution_and_decode_slope_from_kernel_profile,false,true,true,false,false,false,true,No-Go
phase427_kernel_profile,kernel,K2.5-tp4ep8dp2-8k2k,docs/iter_gap_investigation/phase427_kernel_profile/K2.5-tp4ep8dp2-8k2k,decode,0,cuda_graph_envelope,execute_context_0(0)_generation_51(51),17.114000,488.967000,35,,,146.096000,11515.000000,0.000000,1.516977,0.595460,0.357492,0.047048,0.031093,0.000000,passed,mixed_mla_attention_dominates,decode_mla_attention_dominates,kernel_profile_collected_prefill_and_decode,classify_prefill_execution_and_decode_slope_from_kernel_profile,false,true,true,false,false,false,true,No-Go
phase427_kernel_profile,kernel,K2.5-tp4ep8dp2-8k2k,docs/iter_gap_investigation/phase427_kernel_profile/K2.5-tp4ep8dp2-8k2k,decode,0,other_cuda,aten::slice,0.000000,0.000000,1960,,,146.096000,11515.000000,0.000000,1.516977,0.595460,0.357492,0.047048,0.031093,0.000000,passed,mixed_mla_attention_dominates,decode_mla_attention_dominates,kernel_profile_collected_prefill_and_decode,classify_prefill_execution_and_decode_slope_from_kernel_profile,false,true,true,false,false,false,true,No-Go
phase427_kernel_profile,kernel,K2.5-tp4ep8dp2-8k2k,docs/iter_gap_investigation/phase427_kernel_profile/K2.5-tp4ep8dp2-8k2k,decode,0,other_cuda,aten::as_strided,0.000000,0.000000,2975,,,146.096000,11515.000000,0.000000,1.516977,0.595460,0.357492,0.047048,0.031093,0.000000,passed,mixed_mla_attention_dominates,decode_mla_attention_dominates,kernel_profile_collected_prefill_and_decode,classify_prefill_execution_and_decode_slope_from_kernel_profile,false,true,true,false,false,false,true,No-Go
phase427_kernel_profile,kernel,K2.5-tp4ep8dp2-8k2k,docs/iter_gap_investigation/phase427_kernel_profile/K2.5-tp4ep8dp2-8k2k,decode,0,memcpy_memset,cudaMemcpyAsync,0.000000,0.000000,525,,,146.096000,11515.000000,0.000000,1.516977,0.595460,0.357492,0.047048,0.031093,0.000000,passed,mixed_mla_attention_dominates,decode_mla_attention_dominates,kernel_profile_collected_prefill_and_decode,classify_prefill_execution_and_decode_slope_from_kernel_profile,false,true,true,false,false,false,true,No-Go
phase427_kernel_profile,kernel,K2.5-tp4ep8dp2-8k2k,docs/iter_gap_investigation/phase427_kernel_profile/K2.5-tp4ep8dp2-8k2k,decode,0,other_cuda,aten::lift_fresh,0.000000,0.000000,315,,,146.096000,11515.000000,0.000000,1.516977,0.595460,0.357492,0.047048,0.031093,0.000000,passed,mixed_mla_attention_dominates,decode_mla_attention_dominates,kernel_profile_collected_prefill_and_decode,classify_prefill_execution_and_decode_slope_from_kernel_profile,false,true,true,false,false,false,true,No-Go
phase427_kernel_profile,kernel,K2.5-tp4ep8dp2-8k2k,docs/iter_gap_investigation/phase427_kernel_profile/K2.5-tp4ep8dp2-8k2k,decode,0,other_cuda,aten::flatten,0.000000,0.000000,35,,,146.096000,11515.000000,0.000000,1.516977,0.595460,0.357492,0.047048,0.031093,0.000000,passed,mixed_mla_attention_dominates,decode_mla_attention_dominates,kernel_profile_collected_prefill_and_decode,classify_prefill_execution_and_decode_slope_from_kernel_profile,false,true,true,false,false,false,true,No-Go
phase427_kernel_profile,kernel,K2.5-tp4ep8dp2-8k2k,docs/iter_gap_investigation/phase427_kernel_profile/K2.5-tp4ep8dp2-8k2k,decode,0,other_cuda,aten::view,0.000000,0.000000,280,,,146.096000,11515.000000,0.000000,1.516977,0.595460,0.357492,0.047048,0.031093,0.000000,passed,mixed_mla_attention_dominates,decode_mla_attention_dominates,kernel_profile_collected_prefill_and_decode,classify_prefill_execution_and_decode_slope_from_kernel_profile,false,true,true,false,false,false,true,No-Go
phase427_kernel_profile,kernel,K2.5-tp4ep8dp2-8k2k,docs/iter_gap_investigation/phase427_kernel_profile/K2.5-tp4ep8dp2-8k2k,decode,0,other_cuda,aten::index_select,0.078079,1.115000,70,,,146.096000,11515.000000,0.000000,1.516977,0.595460,0.357492,0.047048,0.031093,0.000000,passed,mixed_mla_attention_dominates,decode_mla_attention_dominates,kernel_profile_collected_prefill_and_decode,classify_prefill_execution_and_decode_slope_from_kernel_profile,false,true,true,false,false,false,true,No-Go
phase427_kernel_profile,kernel,K2.5-tp4ep8dp2-8k2k,docs/iter_gap_investigation/phase427_kernel_profile/K2.5-tp4ep8dp2-8k2k,decode,0,other_cuda,aten::detach,0.000000,0.000000,70,,,146.096000,11515.000000,0.000000,1.516977,0.595460,0.357492,0.047048,0.031093,0.000000,passed,mixed_mla_attention_dominates,decode_mla_attention_dominates,kernel_profile_collected_prefill_and_decode,classify_prefill_execution_and_decode_slope_from_kernel_profile,false,true,true,false,false,false,true,No-Go
phase427_kernel_profile,kernel,K2.5-tp4ep8dp2-8k2k,docs/iter_gap_investigation/phase427_kernel_profile/K2.5-tp4ep8dp2-8k2k,decode,0,other_cuda,aten::to,1.247000,2.545000,490,,,146.096000,11515.000000,0.000000,1.516977,0.595460,0.357492,0.047048,0.031093,0.000000,passed,mixed_mla_attention_dominates,decode_mla_attention_dominates,kernel_profile_collected_prefill_and_decode,classify_prefill_execution_and_decode_slope_from_kernel_profile,false,true,true,false,false,false,true,No-Go
phase427_kernel_profile,kernel,K2.5-tp4ep8dp2-8k2k,docs/iter_gap_investigation/phase427_kernel_profile/K2.5-tp4ep8dp2-8k2k,decode,1,cuda_graph_envelope,execute_context_0(0)_generation_51(51),4044.000000,641.971000,6300,,,146.096000,11515.000000,0.000000,1.516977,0.595460,0.357492,0.047048,0.031093,0.000000,passed,mixed_mla_attention_dominates,decode_mla_attention_dominates,kernel_profile_collected_prefill_and_decode,classify_prefill_execution_and_decode_slope_from_kernel_profile,false,true,true,false,false,false,true,No-Go
phase427_kernel_profile,kernel,K2.5-tp4ep8dp2-8k2k,docs/iter_gap_investigation/phase427_kernel_profile/K2.5-tp4ep8dp2-8k2k,decode,1,moe_gemm_or_aux,"void marlin_moe_wna16::Marlin<1125899906909960l, 112...",424.908000,98.724000,4304,,,146.096000,11515.000000,0.000000,1.516977,0.595460,0.357492,0.047048,0.031093,0.000000,passed,mixed_mla_attention_dominates,decode_mla_attention_dominates,kernel_profile_collected_prefill_and_decode,classify_prefill_execution_and_decode_slope_from_kernel_profile,false,true,true,false,false,false,true,No-Go
phase427_kernel_profile,kernel,K2.5-tp4ep8dp2-8k2k,docs/iter_gap_investigation/phase427_kernel_profile/K2.5-tp4ep8dp2-8k2k,decode,1,mla_attention,void cutlass::device_kernel<flash::enable_sm90_or_la...,423.341000,193.660000,2186,,,146.096000,11515.000000,0.000000,1.516977,0.595460,0.357492,0.047048,0.031093,0.000000,passed,mixed_mla_attention_dominates,decode_mla_attention_dominates,kernel_profile_collected_prefill_and_decode,classify_prefill_execution_and_decode_slope_from_kernel_profile,false,true,true,false,false,false,true,No-Go
phase427_kernel_profile,kernel,K2.5-tp4ep8dp2-8k2k,docs/iter_gap_investigation/phase427_kernel_profile/K2.5-tp4ep8dp2-8k2k,decode,1,ep_a2a,ncclDevKernel_ReduceScatter_Sum_bf16_RING_LL(ncclDev...,153.792000,71.465000,2152,,,146.096000,11515.000000,0.000000,1.516977,0.595460,0.357492,0.047048,0.031093,0.000000,passed,mixed_mla_attention_dominates,decode_mla_attention_dominates,kernel_profile_collected_prefill_and_decode,classify_prefill_execution_and_decode_slope_from_kernel_profile,false,true,true,false,false,false,true,No-Go
phase427_kernel_profile,kernel,K2.5-tp4ep8dp2-8k2k,docs/iter_gap_investigation/phase427_kernel_profile/K2.5-tp4ep8dp2-8k2k,decode,1,ep_a2a,ncclDevKernel_AllGather_RING_LL(ncclDevKernelArgsSto...,101.885000,23.476000,4340,,,146.096000,11515.000000,0.000000,1.516977,0.595460,0.357492,0.047048,0.031093,0.000000,passed,mixed_mla_attention_dominates,decode_mla_attention_dominates,kernel_profile_collected_prefill_and_decode,classify_prefill_execution_and_decode_slope_from_kernel_profile,false,true,true,false,false,false,true,No-Go
phase427_kernel_profile,kernel,K2.5-tp4ep8dp2-8k2k,docs/iter_gap_investigation/phase427_kernel_profile/K2.5-tp4ep8dp2-8k2k,decode,1,dense_gemm,nvjet_tst_64x16_64x16_2x1_v_bz_splitK_TNT,39.647000,18.423000,2152,,,146.096000,11515.000000,0.000000,1.516977,0.595460,0.357492,0.047048,0.031093,0.000000,passed,mixed_mla_attention_dominates,decode_mla_attention_dominates,kernel_profile_collected_prefill_and_decode,classify_prefill_execution_and_decode_slope_from_kernel_profile,false,true,true,false,false,false,true,No-Go
phase427_kernel_profile,kernel,K2.5-tp4ep8dp2-8k2k,docs/iter_gap_investigation/phase427_kernel_profile/K2.5-tp4ep8dp2-8k2k,decode,1,tp_or_dp_allreduce,"void vllm::cross_device_reduce_2stage<__nv_bfloat16,...",28.495000,12.625000,2257,,,146.096000,11515.000000,0.000000,1.516977,0.595460,0.357492,0.047048,0.031093,0.000000,passed,mixed_mla_attention_dominates,decode_mla_attention_dominates,kernel_profile_collected_prefill_and_decode,classify_prefill_execution_and_decode_slope_from_kernel_profile,false,true,true,false,false,false,true,No-Go
phase427_kernel_profile,kernel,K2.5-tp4ep8dp2-8k2k,docs/iter_gap_investigation/phase427_kernel_profile/K2.5-tp4ep8dp2-8k2k,decode,1,dense_gemm,nvjet_tst_64x16_64x16_4x1_v_bz_TNT,27.533000,12.794000,2152,,,146.096000,11515.000000,0.000000,1.516977,0.595460,0.357492,0.047048,0.031093,0.000000,passed,mixed_mla_attention_dominates,decode_mla_attention_dominates,kernel_profile_collected_prefill_and_decode,classify_prefill_execution_and_decode_slope_from_kernel_profile,false,true,true,false,false,false,true,No-Go
phase427_kernel_profile,kernel,K2.5-tp4ep8dp2-8k2k,docs/iter_gap_investigation/phase427_kernel_profile/K2.5-tp4ep8dp2-8k2k,decode,1,dense_gemm,nvjet_tst_64x56_64x14_4x1_v_bz_splitK_TNT,25.959000,11.875000,2186,,,146.096000,11515.000000,0.000000,1.516977,0.595460,0.357492,0.047048,0.031093,0.000000,passed,mixed_mla_attention_dominates,decode_mla_attention_dominates,kernel_profile_collected_prefill_and_decode,classify_prefill_execution_and_decode_slope_from_kernel_profile,false,true,true,false,false,false,true,No-Go
phase427_kernel_profile,kernel,K2.5-tp4ep8dp2-8k2k,docs/iter_gap_investigation/phase427_kernel_profile/K2.5-tp4ep8dp2-8k2k,decode,1,dense_gemm,nvjet_tst_64x56_64x14_4x1_v_bz_TNT,23.454000,10.555000,2222,,,146.096000,11515.000000,0.000000,1.516977,0.595460,0.357492,0.047048,0.031093,0.000000,passed,mixed_mla_attention_dominates,decode_mla_attention_dominates,kernel_profile_collected_prefill_and_decode,classify_prefill_execution_and_decode_slope_from_kernel_profile,false,true,true,false,false,false,true,No-Go
phase427_kernel_profile,kernel,K2.5-tp4ep8dp2-8k2k,docs/iter_gap_investigation/phase427_kernel_profile/K2.5-tp4ep8dp2-8k2k,decode,1,other_cuda,"void at::native::reduce_kernel<128, 4, at::native::R...",21.401000,9.945000,2152,,,146.096000,11515.000000,0.000000,1.516977,0.595460,0.357492,0.047048,0.031093,0.000000,passed,mixed_mla_attention_dominates,decode_mla_attention_dominates,kernel_profile_collected_prefill_and_decode,classify_prefill_execution_and_decode_slope_from_kernel_profile,false,true,true,false,false,false,true,No-Go
phase427_kernel_profile,kernel,K2.5-tp4ep8dp2-8k2k,docs/iter_gap_investigation/phase427_kernel_profile/K2.5-tp4ep8dp2-8k2k,decode,1,dense_gemm,"void router_gemm_kernel_bf16_output<__nv_bfloat16, 1...",16.334000,7.590000,2152,,,146.096000,11515.000000,0.000000,1.516977,0.595460,0.357492,0.047048,0.031093,0.000000,passed,mixed_mla_attention_dominates,decode_mla_attention_dominates,kernel_profile_collected_prefill_and_decode,classify_prefill_execution_and_decode_slope_from_kernel_profile,false,true,true,false,false,false,true,No-Go
phase427_kernel_profile,kernel,K2.5-tp4ep8dp2-8k2k,docs/iter_gap_investigation/phase427_kernel_profile/K2.5-tp4ep8dp2-8k2k,decode,1,other_cuda,"void vllm::act_and_mul_kernel<c10::BFloat16, __nv_bf...",14.445000,6.712000,2152,,,146.096000,11515.000000,0.000000,1.516977,0.595460,0.357492,0.047048,0.031093,0.000000,passed,mixed_mla_attention_dominates,decode_mla_attention_dominates,kernel_profile_collected_prefill_and_decode,classify_prefill_execution_and_decode_slope_from_kernel_profile,false,true,true,false,false,false,true,No-Go
phase427_kernel_profile,kernel,K2.5-tp4ep8dp2-8k2k,docs/iter_gap_investigation/phase427_kernel_profile/K2.5-tp4ep8dp2-8k2k,decode,1,dense_gemm,nvjet_tst_64x32_64x16_4x2_h_bz_TNT,13.492000,6.172000,2186,,,146.096000,11515.000000,0.000000,1.516977,0.595460,0.357492,0.047048,0.031093,0.000000,passed,mixed_mla_attention_dominates,decode_mla_attention_dominates,kernel_profile_collected_prefill_and_decode,classify_prefill_execution_and_decode_slope_from_kernel_profile,false,true,true,false,false,false,true,No-Go
phase427_kernel_profile,kernel,K2.5-tp4ep8dp2-8k2k,docs/iter_gap_investigation/phase427_kernel_profile/K2.5-tp4ep8dp2-8k2k,decode,1,mla_attention,void cutlass::device_kernel<flash::FlashAttnFwdCombi...,11.407000,5.216000,2187,,,146.096000,11515.000000,0.000000,1.516977,0.595460,0.357492,0.047048,0.031093,0.000000,passed,mixed_mla_attention_dominates,decode_mla_attention_dominates,kernel_profile_collected_prefill_and_decode,classify_prefill_execution_and_decode_slope_from_kernel_profile,false,true,true,false,false,false,true,No-Go
phase427_kernel_profile,kernel,K2.5-tp4ep8dp2-8k2k,docs/iter_gap_investigation/phase427_kernel_profile/K2.5-tp4ep8dp2-8k2k,decode,1,dense_gemm,"void cublasLt::splitKreduce_kernel<32, 16, int, floa...",9.887000,2.279000,4338,,,146.096000,11515.000000,0.000000,1.516977,0.595460,0.357492,0.047048,0.031093,0.000000,passed,mixed_mla_attention_dominates,decode_mla_attention_dominates,kernel_profile_collected_prefill_and_decode,classify_prefill_execution_and_decode_slope_from_kernel_profile,false,true,true,false,false,false,true,No-Go
phase427_kernel_profile,kernel,K2.5-tp4ep8dp2-8k2k,docs/iter_gap_investigation/phase427_kernel_profile/K2.5-tp4ep8dp2-8k2k,decode,1,moe_gemm_or_aux,void vllm::moe::grouped_topk_fused_small_expert_coun...,9.799000,4.554000,2152,,,146.096000,11515.000000,0.000000,1.516977,0.595460,0.357492,0.047048,0.031093,0.000000,passed,mixed_mla_attention_dominates,decode_mla_attention_dominates,kernel_profile_collected_prefill_and_decode,classify_prefill_execution_and_decode_slope_from_kernel_profile,false,true,true,false,false,false,true,No-Go
phase427_kernel_profile,kernel,K2.5-tp4ep8dp2-8k2k,docs/iter_gap_investigation/phase427_kernel_profile/K2.5-tp4ep8dp2-8k2k,decode,1,other_cuda,"void at::native::vectorized_elementwise_kernel<8, at...",9.736000,4.524000,2152,,,146.096000,11515.000000,0.000000,1.516977,0.595460,0.357492,0.047048,0.031093,0.000000,passed,mixed_mla_attention_dominates,decode_mla_attention_dominates,kernel_profile_collected_prefill_and_decode,classify_prefill_execution_and_decode_slope_from_kernel_profile,false,true,true,false,false,false,true,No-Go
phase427_kernel_profile,kernel,K2.5-tp4ep8dp2-8k2k,docs/iter_gap_investigation/phase427_kernel_profile/K2.5-tp4ep8dp2-8k2k,decode,1,other_cuda,aten::copy_,8.461000,8.634000,980,,,146.096000,11515.000000,0.000000,1.516977,0.595460,0.357492,0.047048,0.031093,0.000000,passed,mixed_mla_attention_dominates,decode_mla_attention_dominates,kernel_profile_collected_prefill_and_decode,classify_prefill_execution_and_decode_slope_from_kernel_profile,false,true,true,false,false,false,true,No-Go
phase427_kernel_profile,kernel,K2.5-tp4ep8dp2-8k2k,docs/iter_gap_investigation/phase427_kernel_profile/K2.5-tp4ep8dp2-8k2k,decode,1,other_cuda,triton_red_fused__to_copy_add_mean_min_latency_fused...,8.449000,3.993000,2116,,,146.096000,11515.000000,0.000000,1.516977,0.595460,0.357492,0.047048,0.031093,0.000000,passed,mixed_mla_attention_dominates,decode_mla_attention_dominates,kernel_profile_collected_prefill_and_decode,classify_prefill_execution_and_decode_slope_from_kernel_profile,false,true,true,false,false,false,true,No-Go
phase427_kernel_profile,kernel,K2.5-tp4ep8dp2-8k2k,docs/iter_gap_investigation/phase427_kernel_profile/K2.5-tp4ep8dp2-8k2k,decode,1,dense_gemm,nvjet_tst_64x56_64x14_2x1_v_bz_NNT,8.187000,3.745000,2186,,,146.096000,11515.000000,0.000000,1.516977,0.595460,0.357492,0.047048,0.031093,0.000000,passed,mixed_mla_attention_dominates,decode_mla_attention_dominates,kernel_profile_collected_prefill_and_decode,classify_prefill_execution_and_decode_slope_from_kernel_profile,false,true,true,false,false,false,true,No-Go
phase427_kernel_profile,kernel,K2.5-tp4ep8dp2-8k2k,docs/iter_gap_investigation/phase427_kernel_profile/K2.5-tp4ep8dp2-8k2k,decode,1,dense_gemm,nvjet_tst_64x24_64x16_2x1_v_bz_TNT,8.125000,3.715000,2187,,,146.096000,11515.000000,0.000000,1.516977,0.595460,0.357492,0.047048,0.031093,0.000000,passed,mixed_mla_attention_dominates,decode_mla_attention_dominates,kernel_profile_collected_prefill_and_decode,classify_prefill_execution_and_decode_slope_from_kernel_profile,false,true,true,false,false,false,true,No-Go
phase427_kernel_profile,kernel,K2.5-tp4ep8dp2-8k2k,docs/iter_gap_investigation/phase427_kernel_profile/K2.5-tp4ep8dp2-8k2k,decode,1,moe_gemm_or_aux,void vllm::moe::moe_align_block_size_kernel<int>(int...,7.581000,3.523000,2152,,,146.096000,11515.000000,0.000000,1.516977,0.595460,0.357492,0.047048,0.031093,0.000000,passed,mixed_mla_attention_dominates,decode_mla_attention_dominates,kernel_profile_collected_prefill_and_decode,classify_prefill_execution_and_decode_slope_from_kernel_profile,false,true,true,false,false,false,true,No-Go
phase427_kernel_profile,kernel,K2.5-tp4ep8dp2-8k2k,docs/iter_gap_investigation/phase427_kernel_profile/K2.5-tp4ep8dp2-8k2k,decode,1,memcpy_memset,Memcpy HtoD (Pinned -> Device),6.246000,22.309000,280,,,146.096000,11515.000000,0.000000,1.516977,0.595460,0.357492,0.047048,0.031093,0.000000,passed,mixed_mla_attention_dominates,decode_mla_attention_dominates,kernel_profile_collected_prefill_and_decode,classify_prefill_execution_and_decode_slope_from_kernel_profile,false,true,true,false,false,false,true,No-Go
phase427_kernel_profile,kernel,K2.5-tp4ep8dp2-8k2k,docs/iter_gap_investigation/phase427_kernel_profile/K2.5-tp4ep8dp2-8k2k,decode,1,other_cuda,triton_red_fused__to_copy_add_mean_mul_pow_rsqrt_seq...,5.995000,2.786000,2152,,,146.096000,11515.000000,0.000000,1.516977,0.595460,0.357492,0.047048,0.031093,0.000000,passed,mixed_mla_attention_dominates,decode_mla_attention_dominates,kernel_profile_collected_prefill_and_decode,classify_prefill_execution_and_decode_slope_from_kernel_profile,false,true,true,false,false,false,true,No-Go
phase427_kernel_profile,kernel,K2.5-tp4ep8dp2-8k2k,docs/iter_gap_investigation/phase427_kernel_profile/K2.5-tp4ep8dp2-8k2k,decode,1,dense_gemm,nvjet_tst_320x64_64x4_2x1_v_bz_TNT,5.430000,150.842000,36,,,146.096000,11515.000000,0.000000,1.516977,0.595460,0.357492,0.047048,0.031093,0.000000,passed,mixed_mla_attention_dominates,decode_mla_attention_dominates,kernel_profile_collected_prefill_and_decode,classify_prefill_execution_and_decode_slope_from_kernel_profile,false,true,true,false,false,false,true,No-Go
phase427_kernel_profile,kernel,K2.5-tp4ep8dp2-8k2k,docs/iter_gap_investigation/phase427_kernel_profile/K2.5-tp4ep8dp2-8k2k,decode,1,dense_gemm,aten::mm,5.278000,150.810000,35,,,146.096000,11515.000000,0.000000,1.516977,0.595460,0.357492,0.047048,0.031093,0.000000,passed,mixed_mla_attention_dominates,decode_mla_attention_dominates,kernel_profile_collected_prefill_and_decode,classify_prefill_execution_and_decode_slope_from_kernel_profile,false,true,true,false,false,false,true,No-Go
phase427_kernel_profile,kernel,K2.5-tp4ep8dp2-8k2k,docs/iter_gap_investigation/phase427_kernel_profile/K2.5-tp4ep8dp2-8k2k,decode,1,mla_attention,void vllm::concat_and_cache_mla_kernel<__nv_bfloat16...,4.406000,2.016000,2186,,,146.096000,11515.000000,0.000000,1.516977,0.595460,0.357492,0.047048,0.031093,0.000000,passed,mixed_mla_attention_dominates,decode_mla_attention_dominates,kernel_profile_collected_prefill_and_decode,classify_prefill_execution_and_decode_slope_from_kernel_profile,false,true,true,false,false,false,true,No-Go
phase427_kernel_profile,kernel,K2.5-tp4ep8dp2-8k2k,docs/iter_gap_investigation/phase427_kernel_profile/K2.5-tp4ep8dp2-8k2k,decode,1,other_cuda,triton_poi_fused_add_clone_copy_expand_index_mul_neg...,4.321000,2.009000,2151,,,146.096000,11515.000000,0.000000,1.516977,0.595460,0.357492,0.047048,0.031093,0.000000,passed,mixed_mla_attention_dominates,decode_mla_attention_dominates,kernel_profile_collected_prefill_and_decode,classify_prefill_execution_and_decode_slope_from_kernel_profile,false,true,true,false,false,false,true,No-Go
phase427_kernel_profile,kernel,K2.5-tp4ep8dp2-8k2k,docs/iter_gap_investigation/phase427_kernel_profile/K2.5-tp4ep8dp2-8k2k,decode,1,other_cuda,triton_red_fused_4,4.213000,1.959000,2151,,,146.096000,11515.000000,0.000000,1.516977,0.595460,0.357492,0.047048,0.031093,0.000000,passed,mixed_mla_attention_dominates,decode_mla_attention_dominates,kernel_profile_collected_prefill_and_decode,classify_prefill_execution_and_decode_slope_from_kernel_profile,false,true,true,false,false,false,true,No-Go
phase427_kernel_profile,kernel,K2.5-tp4ep8dp2-8k2k,docs/iter_gap_investigation/phase427_kernel_profile/K2.5-tp4ep8dp2-8k2k,decode,1,other_cuda,triton_poi_fused_3,3.887000,1.807000,2151,,,146.096000,11515.000000,0.000000,1.516977,0.595460,0.357492,0.047048,0.031093,0.000000,passed,mixed_mla_attention_dominates,decode_mla_attention_dominates,kernel_profile_collected_prefill_and_decode,classify_prefill_execution_and_decode_slope_from_kernel_profile,false,true,true,false,false,false,true,No-Go
phase427_kernel_profile,kernel,K2.5-tp4ep8dp2-8k2k,docs/iter_gap_investigation/phase427_kernel_profile/K2.5-tp4ep8dp2-8k2k,decode,1,moe_gemm_or_aux,void vllm::moe::count_and_sort_expert_tokens_kernel<...,3.406000,1.583000,2152,,,146.096000,11515.000000,0.000000,1.516977,0.595460,0.357492,0.047048,0.031093,0.000000,passed,mixed_mla_attention_dominates,decode_mla_attention_dominates,kernel_profile_collected_prefill_and_decode,classify_prefill_execution_and_decode_slope_from_kernel_profile,false,true,true,false,false,false,true,No-Go
phase427_kernel_profile,kernel,K2.5-tp4ep8dp2-8k2k,docs/iter_gap_investigation/phase427_kernel_profile/K2.5-tp4ep8dp2-8k2k,decode,1,other_cuda,triton_poi_fused_add_all_gather_mul_1,3.250000,1.510000,2152,,,146.096000,11515.000000,0.000000,1.516977,0.595460,0.357492,0.047048,0.031093,0.000000,passed,mixed_mla_attention_dominates,decode_mla_attention_dominates,kernel_profile_collected_prefill_and_decode,classify_prefill_execution_and_decode_slope_from_kernel_profile,false,true,true,false,false,false,true,No-Go
phase427_kernel_profile,kernel,K2.5-tp4ep8dp2-8k2k,docs/iter_gap_investigation/phase427_kernel_profile/K2.5-tp4ep8dp2-8k2k,decode,1,other_cuda,triton_poi_fused_mul_silu_slice_0,3.087000,1.435000,2152,,,146.096000,11515.000000,0.000000,1.516977,0.595460,0.357492,0.047048,0.031093,0.000000,passed,mixed_mla_attention_dominates,decode_mla_attention_dominates,kernel_profile_collected_prefill_and_decode,classify_prefill_execution_and_decode_slope_from_kernel_profile,false,true,true,false,false,false,true,No-Go
phase427_kernel_profile,kernel,K2.5-tp4ep8dp2-8k2k,docs/iter_gap_investigation/phase427_kernel_profile/K2.5-tp4ep8dp2-8k2k,decode,1,other_cuda,record_param_comms,2.434000,69.554000,35,,,146.096000,11515.000000,0.000000,1.516977,0.595460,0.357492,0.047048,0.031093,0.000000,passed,mixed_mla_attention_dominates,decode_mla_attention_dominates,kernel_profile_collected_prefill_and_decode,classify_prefill_execution_and_decode_slope_from_kernel_profile,false,true,true,false,false,false,true,No-Go
phase427_kernel_profile,kernel,K2.5-tp4ep8dp2-8k2k,docs/iter_gap_investigation/phase427_kernel_profile/K2.5-tp4ep8dp2-8k2k,decode,1,ep_a2a,nccl:_all_gather_base,2.282000,65.213000,35,,,146.096000,11515.000000,0.000000,1.516977,0.595460,0.357492,0.047048,0.031093,0.000000,passed,mixed_mla_attention_dominates,decode_mla_attention_dominates,kernel_profile_collected_prefill_and_decode,classify_prefill_execution_and_decode_slope_from_kernel_profile,false,true,true,false,false,false,true,No-Go
phase427_kernel_profile,kernel,K2.5-tp4ep8dp2-8k2k,docs/iter_gap_investigation/phase427_kernel_profile/K2.5-tp4ep8dp2-8k2k,decode,1,dense_gemm,nvjet_tst_80x64_64x11_4x1_v_bz_TNN,1.266000,36.165000,35,,,146.096000,11515.000000,0.000000,1.516977,0.595460,0.357492,0.047048,0.031093,0.000000,passed,mixed_mla_attention_dominates,decode_mla_attention_dominates,kernel_profile_collected_prefill_and_decode,classify_prefill_execution_and_decode_slope_from_kernel_profile,false,true,true,false,false,false,true,No-Go
phase427_kernel_profile,kernel,K2.5-tp4ep8dp2-8k2k,docs/iter_gap_investigation/phase427_kernel_profile/K2.5-tp4ep8dp2-8k2k,decode,1,tp_or_dp_allreduce,_C_custom_ar::all_reduce,0.895656,25.590000,35,,,146.096000,11515.000000,0.000000,1.516977,0.595460,0.357492,0.047048,0.031093,0.000000,passed,mixed_mla_attention_dominates,decode_mla_attention_dominates,kernel_profile_collected_prefill_and_decode,classify_prefill_execution_and_decode_slope_from_kernel_profile,false,true,true,false,false,false,true,No-Go
phase427_kernel_profile,kernel,K2.5-tp4ep8dp2-8k2k,docs/iter_gap_investigation/phase427_kernel_profile/K2.5-tp4ep8dp2-8k2k,decode,1,other_cuda,aten::argmax,0.810147,23.147000,35,,,146.096000,11515.000000,0.000000,1.516977,0.595460,0.357492,0.047048,0.031093,0.000000,passed,mixed_mla_attention_dominates,decode_mla_attention_dominates,kernel_profile_collected_prefill_and_decode,classify_prefill_execution_and_decode_slope_from_kernel_profile,false,true,true,false,false,false,true,No-Go
phase427_kernel_profile,kernel,K2.5-tp4ep8dp2-8k2k,docs/iter_gap_investigation/phase427_kernel_profile/K2.5-tp4ep8dp2-8k2k,decode,1,other_cuda,void at::native::unrolled_elementwise_kernel<at::nat...,0.791525,21.987000,36,,,146.096000,11515.000000,0.000000,1.516977,0.595460,0.357492,0.047048,0.031093,0.000000,passed,mixed_mla_attention_dominates,decode_mla_attention_dominates,kernel_profile_collected_prefill_and_decode,classify_prefill_execution_and_decode_slope_from_kernel_profile,false,true,true,false,false,false,true,No-Go
phase427_kernel_profile,kernel,K2.5-tp4ep8dp2-8k2k,docs/iter_gap_investigation/phase427_kernel_profile/K2.5-tp4ep8dp2-8k2k,decode,1,other_cuda,"void at::native::reduce_kernel<512, 1, at::native::R...",0.776998,21.583000,36,,,146.096000,11515.000000,0.000000,1.516977,0.595460,0.357492,0.047048,0.031093,0.000000,passed,mixed_mla_attention_dominates,decode_mla_attention_dominates,kernel_profile_collected_prefill_and_decode,classify_prefill_execution_and_decode_slope_from_kernel_profile,false,true,true,false,false,false,true,No-Go
phase427_kernel_profile,kernel,K2.5-tp4ep8dp2-8k2k,docs/iter_gap_investigation/phase427_kernel_profile/K2.5-tp4ep8dp2-8k2k,decode,1,other_cuda,"void at::native::elementwise_kernel<128, 4, at::nati...",0.753028,20.917000,36,,,146.096000,11515.000000,0.000000,1.516977,0.595460,0.357492,0.047048,0.031093,0.000000,passed,mixed_mla_attention_dominates,decode_mla_attention_dominates,kernel_profile_collected_prefill_and_decode,classify_prefill_execution_and_decode_slope_from_kernel_profile,false,true,true,false,false,false,true,No-Go
phase427_kernel_profile,kernel,K2.5-tp4ep8dp2-8k2k,docs/iter_gap_investigation/phase427_kernel_profile/K2.5-tp4ep8dp2-8k2k,decode,1,memcpy_memset,Memcpy DtoD (Device -> Device),0.285793,1.361000,210,,,146.096000,11515.000000,0.000000,1.516977,0.595460,0.357492,0.047048,0.031093,0.000000,passed,mixed_mla_attention_dominates,decode_mla_attention_dominates,kernel_profile_collected_prefill_and_decode,classify_prefill_execution_and_decode_slope_from_kernel_profile,false,true,true,false,false,false,true,No-Go
phase427_kernel_profile,kernel,K2.5-tp4ep8dp2-8k2k,docs/iter_gap_investigation/phase427_kernel_profile/K2.5-tp4ep8dp2-8k2k,decode,1,other_cuda,void at::native::unrolled_elementwise_kernel<at::nat...,0.277598,1.941000,143,,,146.096000,11515.000000,0.000000,1.516977,0.595460,0.357492,0.047048,0.031093,0.000000,passed,mixed_mla_attention_dominates,decode_mla_attention_dominates,kernel_profile_collected_prefill_and_decode,classify_prefill_execution_and_decode_slope_from_kernel_profile,false,true,true,false,false,false,true,No-Go
phase427_kernel_profile,kernel,K2.5-tp4ep8dp2-8k2k,docs/iter_gap_investigation/phase427_kernel_profile/K2.5-tp4ep8dp2-8k2k,decode,1,other_cuda,aten::fill_,0.227683,0.500000,455,,,146.096000,11515.000000,0.000000,1.516977,0.595460,0.357492,0.047048,0.031093,0.000000,passed,mixed_mla_attention_dominates,decode_mla_attention_dominates,kernel_profile_collected_prefill_and_decode,classify_prefill_execution_and_decode_slope_from_kernel_profile,false,true,true,false,false,false,true,No-Go
phase427_kernel_profile,kernel,K2.5-tp4ep8dp2-8k2k,docs/iter_gap_investigation/phase427_kernel_profile/K2.5-tp4ep8dp2-8k2k,decode,1,other_cuda,triton_red_fused__to_copy_add_mean_mul_pow_rsqrt_sli...,0.166652,4.629000,36,,,146.096000,11515.000000,0.000000,1.516977,0.595460,0.357492,0.047048,0.031093,0.000000,passed,mixed_mla_attention_dominates,decode_mla_attention_dominates,kernel_profile_collected_prefill_and_decode,classify_prefill_execution_and_decode_slope_from_kernel_profile,false,true,true,false,false,false,true,No-Go
phase427_kernel_profile,kernel,K2.5-tp4ep8dp2-8k2k,docs/iter_gap_investigation/phase427_kernel_profile/K2.5-tp4ep8dp2-8k2k,decode,1,other_cuda,aten::index,0.245854,3.512000,70,,,146.096000,11515.000000,0.000000,1.516977,0.595460,0.357492,0.047048,0.031093,0.000000,passed,mixed_mla_attention_dominates,decode_mla_attention_dominates,kernel_profile_collected_prefill_and_decode,classify_prefill_execution_and_decode_slope_from_kernel_profile,false,true,true,false,false,false,true,No-Go
phase427_kernel_profile,kernel,K2.5-tp4ep8dp2-8k2k,docs/iter_gap_investigation/phase427_kernel_profile/K2.5-tp4ep8dp2-8k2k,decode,1,other_cuda,cudaEventQuery,0.164481,0.818000,201,,,146.096000,11515.000000,0.000000,1.516977,0.595460,0.357492,0.047048,0.031093,0.000000,passed,mixed_mla_attention_dominates,decode_mla_attention_dominates,kernel_profile_collected_prefill_and_decode,classify_prefill_execution_and_decode_slope_from_kernel_profile,false,true,true,false,false,false,true,No-Go
phase427_kernel_profile,kernel,K2.5-tp4ep8dp2-8k2k,docs/iter_gap_investigation/phase427_kernel_profile/K2.5-tp4ep8dp2-8k2k,decode,1,other_cuda,cudaEventRecord,0.163296,0.778000,210,,,146.096000,11515.000000,0.000000,1.516977,0.595460,0.357492,0.047048,0.031093,0.000000,passed,mixed_mla_attention_dominates,decode_mla_attention_dominates,kernel_profile_collected_prefill_and_decode,classify_prefill_execution_and_decode_slope_from_kernel_profile,false,true,true,false,false,false,true,No-Go
phase427_kernel_profile,kernel,K2.5-tp4ep8dp2-8k2k,docs/iter_gap_investigation/phase427_kernel_profile/K2.5-tp4ep8dp2-8k2k,decode,1,memcpy_memset,Memcpy DtoH (Device -> Pinned),0.155999,4.333000,36,,,146.096000,11515.000000,0.000000,1.516977,0.595460,0.357492,0.047048,0.031093,0.000000,passed,mixed_mla_attention_dominates,decode_mla_attention_dominates,kernel_profile_collected_prefill_and_decode,classify_prefill_execution_and_decode_slope_from_kernel_profile,false,true,true,false,false,false,true,No-Go
phase427_kernel_profile,kernel,K2.5-tp4ep8dp2-8k2k,docs/iter_gap_investigation/phase427_kernel_profile/K2.5-tp4ep8dp2-8k2k,decode,1,other_cuda,cudaDriverGetVersion,0.152224,4.349000,35,,,146.096000,11515.000000,0.000000,1.516977,0.595460,0.357492,0.047048,0.031093,0.000000,passed,mixed_mla_attention_dominates,decode_mla_attention_dominates,kernel_profile_collected_prefill_and_decode,classify_prefill_execution_and_decode_slope_from_kernel_profile,false,true,true,false,false,false,true,No-Go
phase427_kernel_profile,kernel,K2.5-tp4ep8dp2-8k2k,docs/iter_gap_investigation/phase427_kernel_profile/K2.5-tp4ep8dp2-8k2k,decode,1,other_cuda,"void at::native::vectorized_gather_kernel<16, long>(...",0.144061,2.029000,71,,,146.096000,11515.000000,0.000000,1.516977,0.595460,0.357492,0.047048,0.031093,0.000000,passed,mixed_mla_attention_dominates,decode_mla_attention_dominates,kernel_profile_collected_prefill_and_decode,classify_prefill_execution_and_decode_slope_from_kernel_profile,false,true,true,false,false,false,true,No-Go
phase427_kernel_profile,kernel,K2.5-tp4ep8dp2-8k2k,docs/iter_gap_investigation/phase427_kernel_profile/K2.5-tp4ep8dp2-8k2k,decode,1,other_cuda,triton_red_fused__to_copy_add_mean_min_latency_fused...,0.142912,4.083000,35,,,146.096000,11515.000000,0.000000,1.516977,0.595460,0.357492,0.047048,0.031093,0.000000,passed,mixed_mla_attention_dominates,decode_mla_attention_dominates,kernel_profile_collected_prefill_and_decode,classify_prefill_execution_and_decode_slope_from_kernel_profile,false,true,true,false,false,false,true,No-Go
phase427_kernel_profile,kernel,K2.5-tp4ep8dp2-8k2k,docs/iter_gap_investigation/phase427_kernel_profile/K2.5-tp4ep8dp2-8k2k,decode,1,other_cuda,aten::add,0.109246,1.040000,105,,,146.096000,11515.000000,0.000000,1.516977,0.595460,0.357492,0.047048,0.031093,0.000000,passed,mixed_mla_attention_dominates,decode_mla_attention_dominates,kernel_profile_collected_prefill_and_decode,classify_prefill_execution_and_decode_slope_from_kernel_profile,false,true,true,false,false,false,true,No-Go
phase427_kernel_profile,kernel,K2.5-tp4ep8dp2-8k2k,docs/iter_gap_investigation/phase427_kernel_profile/K2.5-tp4ep8dp2-8k2k,decode,1,other_cuda,_compute_slot_mapping_kernel,0.109119,3.118000,35,,,146.096000,11515.000000,0.000000,1.516977,0.595460,0.357492,0.047048,0.031093,0.000000,passed,mixed_mla_attention_dominates,decode_mla_attention_dominates,kernel_profile_collected_prefill_and_decode,classify_prefill_execution_and_decode_slope_from_kernel_profile,false,true,true,false,false,false,true,No-Go
phase427_kernel_profile,kernel,K2.5-tp4ep8dp2-8k2k,docs/iter_gap_investigation/phase427_kernel_profile/K2.5-tp4ep8dp2-8k2k,decode,1,other_cuda,"void at::native::index_elementwise_kernel<128, 4, at...",0.109088,3.030000,36,,,146.096000,11515.000000,0.000000,1.516977,0.595460,0.357492,0.047048,0.031093,0.000000,passed,mixed_mla_attention_dominates,decode_mla_attention_dominates,kernel_profile_collected_prefill_and_decode,classify_prefill_execution_and_decode_slope_from_kernel_profile,false,true,true,false,false,false,true,No-Go
phase427_kernel_profile,kernel,K2.5-tp4ep8dp2-8k2k,docs/iter_gap_investigation/phase427_kernel_profile/K2.5-tp4ep8dp2-8k2k,decode,1,other_cuda,aten::masked_fill_,0.108862,3.110000,35,,,146.096000,11515.000000,0.000000,1.516977,0.595460,0.357492,0.047048,0.031093,0.000000,passed,mixed_mla_attention_dominates,decode_mla_attention_dominates,kernel_profile_collected_prefill_and_decode,classify_prefill_execution_and_decode_slope_from_kernel_profile,false,true,true,false,false,false,true,No-Go
phase427_kernel_profile,kernel,K2.5-tp4ep8dp2-8k2k,docs/iter_gap_investigation/phase427_kernel_profile/K2.5-tp4ep8dp2-8k2k,decode,1,other_cuda,"void at::native::elementwise_kernel<128, 4, at::nati...",0.108862,3.110000,35,,,146.096000,11515.000000,0.000000,1.516977,0.595460,0.357492,0.047048,0.031093,0.000000,passed,mixed_mla_attention_dominates,decode_mla_attention_dominates,kernel_profile_collected_prefill_and_decode,classify_prefill_execution_and_decode_slope_from_kernel_profile,false,true,true,false,false,false,true,No-Go
phase427_kernel_profile,kernel,K2.5-tp4ep8dp2-8k2k,docs/iter_gap_investigation/phase427_kernel_profile/K2.5-tp4ep8dp2-8k2k,decode,1,other_cuda,aten::_index_put_impl_,0.239773,6.851000,35,,,146.096000,11515.000000,0.000000,1.516977,0.595460,0.357492,0.047048,0.031093,0.000000,passed,mixed_mla_attention_dominates,decode_mla_attention_dominates,kernel_profile_collected_prefill_and_decode,classify_prefill_execution_and_decode_slope_from_kernel_profile,false,true,true,false,false,false,true,No-Go
phase427_kernel_profile,kernel,K2.5-tp4ep8dp2-8k2k,docs/iter_gap_investigation/phase427_kernel_profile/K2.5-tp4ep8dp2-8k2k,decode,1,other_cuda,triton_red_fused__to_copy_add_mean_mul_pow_rsqrt_0,0.099294,2.837000,35,,,146.096000,11515.000000,0.000000,1.516977,0.595460,0.357492,0.047048,0.031093,0.000000,passed,mixed_mla_attention_dominates,decode_mla_attention_dominates,kernel_profile_collected_prefill_and_decode,classify_prefill_execution_and_decode_slope_from_kernel_profile,false,true,true,false,false,false,true,No-Go
phase427_kernel_profile,kernel,K2.5-tp4ep8dp2-8k2k,docs/iter_gap_investigation/phase427_kernel_profile/K2.5-tp4ep8dp2-8k2k,decode,1,other_cuda,"void at::native::index_elementwise_kernel<128, 4, at...",0.094465,2.699000,35,,,146.096000,11515.000000,0.000000,1.516977,0.595460,0.357492,0.047048,0.031093,0.000000,passed,mixed_mla_attention_dominates,decode_mla_attention_dominates,kernel_profile_collected_prefill_and_decode,classify_prefill_execution_and_decode_slope_from_kernel_profile,false,true,true,false,false,false,true,No-Go
phase427_kernel_profile,kernel,K2.5-tp4ep8dp2-8k2k,docs/iter_gap_investigation/phase427_kernel_profile/K2.5-tp4ep8dp2-8k2k,decode,1,other_cuda,triton_red_fused__to_copy_add_clone_mean_min_latency...,0.085984,2.457000,35,,,146.096000,11515.000000,0.000000,1.516977,0.595460,0.357492,0.047048,0.031093,0.000000,passed,mixed_mla_attention_dominates,decode_mla_attention_dominates,kernel_profile_collected_prefill_and_decode,classify_prefill_execution_and_decode_slope_from_kernel_profile,false,true,true,false,false,false,true,No-Go
phase427_kernel_profile,kernel,K2.5-tp4ep8dp2-8k2k,docs/iter_gap_investigation/phase427_kernel_profile/K2.5-tp4ep8dp2-8k2k,decode,1,other_cuda,"void at::native::vectorized_elementwise_kernel<4, at...",0.085763,1.225000,70,,,146.096000,11515.000000,0.000000,1.516977,0.595460,0.357492,0.047048,0.031093,0.000000,passed,mixed_mla_attention_dominates,decode_mla_attention_dominates,kernel_profile_collected_prefill_and_decode,classify_prefill_execution_and_decode_slope_from_kernel_profile,false,true,true,false,false,false,true,No-Go
phase427_kernel_profile,kernel,K2.5-tp4ep8dp2-8k2k,docs/iter_gap_investigation/phase427_kernel_profile/K2.5-tp4ep8dp2-8k2k,decode,1,other_cuda,cudaThreadExchangeStreamCaptureMode,0.085568,0.713000,120,,,146.096000,11515.000000,0.000000,1.516977,0.595460,0.357492,0.047048,0.031093,0.000000,passed,mixed_mla_attention_dominates,decode_mla_attention_dominates,kernel_profile_collected_prefill_and_decode,classify_prefill_execution_and_decode_slope_from_kernel_profile,false,true,true,false,false,false,true,No-Go
phase427_kernel_profile,kernel,K2.5-tp4ep8dp2-8k2k,docs/iter_gap_investigation/phase427_kernel_profile/K2.5-tp4ep8dp2-8k2k,decode,1,other_cuda,void at::native::unrolled_elementwise_kernel<at::nat...,0.073314,1.047000,70,,,146.096000,11515.000000,0.000000,1.516977,0.595460,0.357492,0.047048,0.031093,0.000000,passed,mixed_mla_attention_dominates,decode_mla_attention_dominates,kernel_profile_collected_prefill_and_decode,classify_prefill_execution_and_decode_slope_from_kernel_profile,false,true,true,false,false,false,true,No-Go
phase427_kernel_profile,kernel,K2.5-tp4ep8dp2-8k2k,docs/iter_gap_investigation/phase427_kernel_profile/K2.5-tp4ep8dp2-8k2k,decode,1,mla_attention,_vllm_fa3_C::get_scheduler_metadata,0.070945,2.027000,35,,,146.096000,11515.000000,0.000000,1.516977,0.595460,0.357492,0.047048,0.031093,0.000000,passed,mixed_mla_attention_dominates,decode_mla_attention_dominates,kernel_profile_collected_prefill_and_decode,classify_prefill_execution_and_decode_slope_from_kernel_profile,false,true,true,false,false,false,true,No-Go
phase427_kernel_profile,kernel,K2.5-tp4ep8dp2-8k2k,docs/iter_gap_investigation/phase427_kernel_profile/K2.5-tp4ep8dp2-8k2k,decode,1,mla_attention,"void flash::prepare_varlen_num_blocks_kernel<2, fals...",0.070945,2.027000,35,,,146.096000,11515.000000,0.000000,1.516977,0.595460,0.357492,0.047048,0.031093,0.000000,passed,mixed_mla_attention_dominates,decode_mla_attention_dominates,kernel_profile_collected_prefill_and_decode,classify_prefill_execution_and_decode_slope_from_kernel_profile,false,true,true,false,false,false,true,No-Go
phase427_kernel_profile,kernel,K2.5-tp4ep8dp2-8k2k,docs/iter_gap_investigation/phase427_kernel_profile/K2.5-tp4ep8dp2-8k2k,decode,1,other_cuda,aten::gather,0.070173,2.005000,35,,,146.096000,11515.000000,0.000000,1.516977,0.595460,0.357492,0.047048,0.031093,0.000000,passed,mixed_mla_attention_dominates,decode_mla_attention_dominates,kernel_profile_collected_prefill_and_decode,classify_prefill_execution_and_decode_slope_from_kernel_profile,false,true,true,false,false,false,true,No-Go
phase427_kernel_profile,kernel,K2.5-tp4ep8dp2-8k2k,docs/iter_gap_investigation/phase427_kernel_profile/K2.5-tp4ep8dp2-8k2k,decode,1,other_cuda,triton_poi_fused_add_clone_copy_expand_index_mul_neg...,0.069217,1.978000,35,,,146.096000,11515.000000,0.000000,1.516977,0.595460,0.357492,0.047048,0.031093,0.000000,passed,mixed_mla_attention_dominates,decode_mla_attention_dominates,kernel_profile_collected_prefill_and_decode,classify_prefill_execution_and_decode_slope_from_kernel_profile,false,true,true,false,false,false,true,No-Go
phase427_kernel_profile,kernel,K2.5-tp4ep8dp2-8k2k,docs/iter_gap_investigation/phase427_kernel_profile/K2.5-tp4ep8dp2-8k2k,decode,1,other_cuda,void at::native::unrolled_elementwise_kernel<at::nat...,0.068606,0.980000,70,,,146.096000,11515.000000,0.000000,1.516977,0.595460,0.357492,0.047048,0.031093,0.000000,passed,mixed_mla_attention_dominates,decode_mla_attention_dominates,kernel_profile_collected_prefill_and_decode,classify_prefill_execution_and_decode_slope_from_kernel_profile,false,true,true,false,false,false,true,No-Go
phase427_kernel_profile,kernel,K2.5-tp4ep8dp2-8k2k,docs/iter_gap_investigation/phase427_kernel_profile/K2.5-tp4ep8dp2-8k2k,decode,1,other_cuda,triton_red_fused_2,0.068288,1.951000,35,,,146.096000,11515.000000,0.000000,1.516977,0.595460,0.357492,0.047048,0.031093,0.000000,passed,mixed_mla_attention_dominates,decode_mla_attention_dominates,kernel_profile_collected_prefill_and_decode,classify_prefill_execution_and_decode_slope_from_kernel_profile,false,true,true,false,false,false,true,No-Go
phase427_kernel_profile,kernel,K2.5-tp4ep8dp2-8k2k,docs/iter_gap_investigation/phase427_kernel_profile/K2.5-tp4ep8dp2-8k2k,decode,1,other_cuda,cudaStreamIsCapturing,0.064508,0.263000,245,,,146.096000,11515.000000,0.000000,1.516977,0.595460,0.357492,0.047048,0.031093,0.000000,passed,mixed_mla_attention_dominates,decode_mla_attention_dominates,kernel_profile_collected_prefill_and_decode,classify_prefill_execution_and_decode_slope_from_kernel_profile,false,true,true,false,false,false,true,No-Go
phase427_kernel_profile,kernel,K2.5-tp4ep8dp2-8k2k,docs/iter_gap_investigation/phase427_kernel_profile/K2.5-tp4ep8dp2-8k2k,decode,1,other_cuda,triton_poi_fused_1,0.063426,1.812000,35,,,146.096000,11515.000000,0.000000,1.516977,0.595460,0.357492,0.047048,0.031093,0.000000,passed,mixed_mla_attention_dominates,decode_mla_attention_dominates,kernel_profile_collected_prefill_and_decode,classify_prefill_execution_and_decode_slope_from_kernel_profile,false,true,true,false,false,false,true,No-Go
phase427_kernel_profile,kernel,K2.5-tp4ep8dp2-8k2k,docs/iter_gap_investigation/phase427_kernel_profile/K2.5-tp4ep8dp2-8k2k,decode,1,other_cuda,void at::native::unrolled_elementwise_kernel<at::nat...,0.061825,1.717000,36,,,146.096000,11515.000000,0.000000,1.516977,0.595460,0.357492,0.047048,0.031093,0.000000,passed,mixed_mla_attention_dominates,decode_mla_attention_dominates,kernel_profile_collected_prefill_and_decode,classify_prefill_execution_and_decode_slope_from_kernel_profile,false,true,true,false,false,false,true,No-Go
phase427_kernel_profile,kernel,K2.5-tp4ep8dp2-8k2k,docs/iter_gap_investigation/phase427_kernel_profile/K2.5-tp4ep8dp2-8k2k,decode,1,other_cuda,"void at::native::vectorized_elementwise_kernel<2, at...",0.057023,1.629000,35,,,146.096000,11515.000000,0.000000,1.516977,0.595460,0.357492,0.047048,0.031093,0.000000,passed,mixed_mla_attention_dominates,decode_mla_attention_dominates,kernel_profile_collected_prefill_and_decode,classify_prefill_execution_and_decode_slope_from_kernel_profile,false,true,true,false,false,false,true,No-Go
phase427_kernel_profile,kernel,K2.5-tp4ep8dp2-8k2k,docs/iter_gap_investigation/phase427_kernel_profile/K2.5-tp4ep8dp2-8k2k,decode,1,memcpy_memset,Memset (Device),0.056318,1.564000,36,,,146.096000,11515.000000,0.000000,1.516977,0.595460,0.357492,0.047048,0.031093,0.000000,passed,mixed_mla_attention_dominates,decode_mla_attention_dominates,kernel_profile_collected_prefill_and_decode,classify_prefill_execution_and_decode_slope_from_kernel_profile,false,true,true,false,false,false,true,No-Go
phase427_kernel_profile,kernel,K2.5-tp4ep8dp2-8k2k,docs/iter_gap_investigation/phase427_kernel_profile/K2.5-tp4ep8dp2-8k2k,decode,1,other_cuda,"void at::native::vectorized_elementwise_kernel<4, at...",0.052223,1.492000,35,,,146.096000,11515.000000,0.000000,1.516977,0.595460,0.357492,0.047048,0.031093,0.000000,passed,mixed_mla_attention_dominates,decode_mla_attention_dominates,kernel_profile_collected_prefill_and_decode,classify_prefill_execution_and_decode_slope_from_kernel_profile,false,true,true,false,false,false,true,No-Go
phase427_kernel_profile,kernel,K2.5-tp4ep8dp2-8k2k,docs/iter_gap_investigation/phase427_kernel_profile/K2.5-tp4ep8dp2-8k2k,decode,1,other_cuda,triton_poi_fused_mul_silu_slice_1,0.050914,1.455000,35,,,146.096000,11515.000000,0.000000,1.516977,0.595460,0.357492,0.047048,0.031093,0.000000,passed,mixed_mla_attention_dominates,decode_mla_attention_dominates,kernel_profile_collected_prefill_and_decode,classify_prefill_execution_and_decode_slope_from_kernel_profile,false,true,true,false,false,false,true,No-Go
phase427_kernel_profile,kernel,K2.5-tp4ep8dp2-8k2k,docs/iter_gap_investigation/phase427_kernel_profile/K2.5-tp4ep8dp2-8k2k,decode,1,other_cuda,triton_poi_fused_add_bitwise_and_bitwise_not_bitwise...,0.049247,1.407000,35,,,146.096000,11515.000000,0.000000,1.516977,0.595460,0.357492,0.047048,0.031093,0.000000,passed,mixed_mla_attention_dominates,decode_mla_attention_dominates,kernel_profile_collected_prefill_and_decode,classify_prefill_execution_and_decode_slope_from_kernel_profile,false,true,true,false,false,false,true,No-Go
phase427_kernel_profile,kernel,K2.5-tp4ep8dp2-8k2k,docs/iter_gap_investigation/phase427_kernel_profile/K2.5-tp4ep8dp2-8k2k,decode,1,other_cuda,triton_poi_fused_add_bitwise_and_bitwise_not_bitwise...,0.049247,1.407000,35,,,146.096000,11515.000000,0.000000,1.516977,0.595460,0.357492,0.047048,0.031093,0.000000,passed,mixed_mla_attention_dominates,decode_mla_attention_dominates,kernel_profile_collected_prefill_and_decode,classify_prefill_execution_and_decode_slope_from_kernel_profile,false,true,true,false,false,false,true,No-Go
phase427_kernel_profile,kernel,K2.5-tp4ep8dp2-8k2k,docs/iter_gap_investigation/phase427_kernel_profile/K2.5-tp4ep8dp2-8k2k,decode,1,other_cuda,## Call CompiledFxGraph fjikc4pwyjcqqebmne5wol4kzyyo...,0.049247,1.407000,35,,,146.096000,11515.000000,0.000000,1.516977,0.595460,0.357492,0.047048,0.031093,0.000000,passed,mixed_mla_attention_dominates,decode_mla_attention_dominates,kernel_profile_collected_prefill_and_decode,classify_prefill_execution_and_decode_slope_from_kernel_profile,false,true,true,false,false,false,true,No-Go
phase427_kernel_profile,kernel,K2.5-tp4ep8dp2-8k2k,docs/iter_gap_investigation/phase427_kernel_profile/K2.5-tp4ep8dp2-8k2k,decode,1,other_cuda,aten::sub,0.041054,0.586000,70,,,146.096000,11515.000000,0.000000,1.516977,0.595460,0.357492,0.047048,0.031093,0.000000,passed,mixed_mla_attention_dominates,decode_mla_attention_dominates,kernel_profile_collected_prefill_and_decode,classify_prefill_execution_and_decode_slope_from_kernel_profile,false,true,true,false,false,false,true,No-Go
phase427_kernel_profile,kernel,K2.5-tp4ep8dp2-8k2k,docs/iter_gap_investigation/phase427_kernel_profile/K2.5-tp4ep8dp2-8k2k,decode,1,other_cuda,void at::native::unrolled_elementwise_kernel<at::nat...,0.041054,1.173000,35,,,146.096000,11515.000000,0.000000,1.516977,0.595460,0.357492,0.047048,0.031093,0.000000,passed,mixed_mla_attention_dominates,decode_mla_attention_dominates,kernel_profile_collected_prefill_and_decode,classify_prefill_execution_and_decode_slope_from_kernel_profile,false,true,true,false,false,false,true,No-Go
phase427_kernel_profile,kernel,K2.5-tp4ep8dp2-8k2k,docs/iter_gap_investigation/phase427_kernel_profile/K2.5-tp4ep8dp2-8k2k,decode,1,other_cuda,cudaEventSynchronize,0.010400,0.297000,35,,,146.096000,11515.000000,0.000000,1.516977,0.595460,0.357492,0.047048,0.031093,0.000000,passed,mixed_mla_attention_dominates,decode_mla_attention_dominates,kernel_profile_collected_prefill_and_decode,classify_prefill_execution_and_decode_slope_from_kernel_profile,false,true,true,false,false,false,true,No-Go
phase427_kernel_profile,kernel,K2.5-tp4ep8dp2-8k2k,docs/iter_gap_investigation/phase427_kernel_profile/K2.5-tp4ep8dp2-8k2k,decode,1,other_cuda,cuLaunchKernelEx,0.005696,0.054000,105,,,146.096000,11515.000000,0.000000,1.516977,0.595460,0.357492,0.047048,0.031093,0.000000,passed,mixed_mla_attention_dominates,decode_mla_attention_dominates,kernel_profile_collected_prefill_and_decode,classify_prefill_execution_and_decode_slope_from_kernel_profile,false,true,true,false,false,false,true,No-Go
phase427_kernel_profile,kernel,K2.5-tp4ep8dp2-8k2k,docs/iter_gap_investigation/phase427_kernel_profile/K2.5-tp4ep8dp2-8k2k,decode,1,other_cuda,cudaStreamWaitEvent,0.005280,0.038000,140,,,146.096000,11515.000000,0.000000,1.516977,0.595460,0.357492,0.047048,0.031093,0.000000,passed,mixed_mla_attention_dominates,decode_mla_attention_dominates,kernel_profile_collected_prefill_and_decode,classify_prefill_execution_and_decode_slope_from_kernel_profile,false,true,true,false,false,false,true,No-Go
phase427_kernel_profile,kernel,K2.5-tp4ep8dp2-8k2k,docs/iter_gap_investigation/phase427_kernel_profile/K2.5-tp4ep8dp2-8k2k,decode,1,other_cuda,cudaGraphLaunch,0.051905,1.483000,35,,,146.096000,11515.000000,0.000000,1.516977,0.595460,0.357492,0.047048,0.031093,0.000000,passed,mixed_mla_attention_dominates,decode_mla_attention_dominates,kernel_profile_collected_prefill_and_decode,classify_prefill_execution_and_decode_slope_from_kernel_profile,false,true,true,false,false,false,true,No-Go
phase427_kernel_profile,kernel,K2.5-tp4ep8dp2-8k2k,docs/iter_gap_investigation/phase427_kernel_profile/K2.5-tp4ep8dp2-8k2k,decode,1,other_cuda,cudaEventRecordWithFlags,0.002848,0.027000,105,,,146.096000,11515.000000,0.000000,1.516977,0.595460,0.357492,0.047048,0.031093,0.000000,passed,mixed_mla_attention_dominates,decode_mla_attention_dominates,kernel_profile_collected_prefill_and_decode,classify_prefill_execution_and_decode_slope_from_kernel_profile,false,true,true,false,false,false,true,No-Go
phase427_kernel_profile,kernel,K2.5-tp4ep8dp2-8k2k,docs/iter_gap_investigation/phase427_kernel_profile/K2.5-tp4ep8dp2-8k2k,decode,1,other_cuda,Buffer Flush,0.002048,0.512000,4,,,146.096000,11515.000000,0.000000,1.516977,0.595460,0.357492,0.047048,0.031093,0.000000,passed,mixed_mla_attention_dominates,decode_mla_attention_dominates,kernel_profile_collected_prefill_and_decode,classify_prefill_execution_and_decode_slope_from_kernel_profile,false,true,true,false,false,false,true,No-Go
phase427_kernel_profile,kernel,K2.5-tp4ep8dp2-8k2k,docs/iter_gap_investigation/phase427_kernel_profile/K2.5-tp4ep8dp2-8k2k,decode,1,cuda_graph_envelope,execute_context_0(0)_generation_51(51),17.028000,486.528000,35,,,146.096000,11515.000000,0.000000,1.516977,0.595460,0.357492,0.047048,0.031093,0.000000,passed,mixed_mla_attention_dominates,decode_mla_attention_dominates,kernel_profile_collected_prefill_and_decode,classify_prefill_execution_and_decode_slope_from_kernel_profile,false,true,true,false,false,false,true,No-Go
phase427_kernel_profile,kernel,K2.5-tp4ep8dp2-8k2k,docs/iter_gap_investigation/phase427_kernel_profile/K2.5-tp4ep8dp2-8k2k,decode,1,other_cuda,aten::slice,0.000000,0.000000,1960,,,146.096000,11515.000000,0.000000,1.516977,0.595460,0.357492,0.047048,0.031093,0.000000,passed,mixed_mla_attention_dominates,decode_mla_attention_dominates,kernel_profile_collected_prefill_and_decode,classify_prefill_execution_and_decode_slope_from_kernel_profile,false,true,true,false,false,false,true,No-Go
phase427_kernel_profile,kernel,K2.5-tp4ep8dp2-8k2k,docs/iter_gap_investigation/phase427_kernel_profile/K2.5-tp4ep8dp2-8k2k,decode,1,other_cuda,aten::as_strided,0.000000,0.000000,2975,,,146.096000,11515.000000,0.000000,1.516977,0.595460,0.357492,0.047048,0.031093,0.000000,passed,mixed_mla_attention_dominates,decode_mla_attention_dominates,kernel_profile_collected_prefill_and_decode,classify_prefill_execution_and_decode_slope_from_kernel_profile,false,true,true,false,false,false,true,No-Go
phase427_kernel_profile,kernel,K2.5-tp4ep8dp2-8k2k,docs/iter_gap_investigation/phase427_kernel_profile/K2.5-tp4ep8dp2-8k2k,decode,1,memcpy_memset,cudaMemcpyAsync,0.000000,0.000000,525,,,146.096000,11515.000000,0.000000,1.516977,0.595460,0.357492,0.047048,0.031093,0.000000,passed,mixed_mla_attention_dominates,decode_mla_attention_dominates,kernel_profile_collected_prefill_and_decode,classify_prefill_execution_and_decode_slope_from_kernel_profile,false,true,true,false,false,false,true,No-Go
phase427_kernel_profile,kernel,K2.5-tp4ep8dp2-8k2k,docs/iter_gap_investigation/phase427_kernel_profile/K2.5-tp4ep8dp2-8k2k,decode,1,other_cuda,aten::lift_fresh,0.000000,0.000000,315,,,146.096000,11515.000000,0.000000,1.516977,0.595460,0.357492,0.047048,0.031093,0.000000,passed,mixed_mla_attention_dominates,decode_mla_attention_dominates,kernel_profile_collected_prefill_and_decode,classify_prefill_execution_and_decode_slope_from_kernel_profile,false,true,true,false,false,false,true,No-Go
phase427_kernel_profile,kernel,K2.5-tp4ep8dp2-8k2k,docs/iter_gap_investigation/phase427_kernel_profile/K2.5-tp4ep8dp2-8k2k,decode,1,other_cuda,aten::flatten,0.000000,0.000000,35,,,146.096000,11515.000000,0.000000,1.516977,0.595460,0.357492,0.047048,0.031093,0.000000,passed,mixed_mla_attention_dominates,decode_mla_attention_dominates,kernel_profile_collected_prefill_and_decode,classify_prefill_execution_and_decode_slope_from_kernel_profile,false,true,true,false,false,false,true,No-Go
phase427_kernel_profile,kernel,K2.5-tp4ep8dp2-8k2k,docs/iter_gap_investigation/phase427_kernel_profile/K2.5-tp4ep8dp2-8k2k,decode,1,other_cuda,aten::view,0.000000,0.000000,280,,,146.096000,11515.000000,0.000000,1.516977,0.595460,0.357492,0.047048,0.031093,0.000000,passed,mixed_mla_attention_dominates,decode_mla_attention_dominates,kernel_profile_collected_prefill_and_decode,classify_prefill_execution_and_decode_slope_from_kernel_profile,false,true,true,false,false,false,true,No-Go
phase427_kernel_profile,kernel,K2.5-tp4ep8dp2-8k2k,docs/iter_gap_investigation/phase427_kernel_profile/K2.5-tp4ep8dp2-8k2k,decode,1,other_cuda,aten::index_select,0.070173,1.002000,70,,,146.096000,11515.000000,0.000000,1.516977,0.595460,0.357492,0.047048,0.031093,0.000000,passed,mixed_mla_attention_dominates,decode_mla_attention_dominates,kernel_profile_collected_prefill_and_decode,classify_prefill_execution_and_decode_slope_from_kernel_profile,false,true,true,false,false,false,true,No-Go
phase427_kernel_profile,kernel,K2.5-tp4ep8dp2-8k2k,docs/iter_gap_investigation/phase427_kernel_profile/K2.5-tp4ep8dp2-8k2k,decode,1,other_cuda,aten::detach,0.000000,0.000000,70,,,146.096000,11515.000000,0.000000,1.516977,0.595460,0.357492,0.047048,0.031093,0.000000,passed,mixed_mla_attention_dominates,decode_mla_attention_dominates,kernel_profile_collected_prefill_and_decode,classify_prefill_execution_and_decode_slope_from_kernel_profile,false,true,true,false,false,false,true,No-Go
phase427_kernel_profile,kernel,K2.5-tp4ep8dp2-8k2k,docs/iter_gap_investigation/phase427_kernel_profile/K2.5-tp4ep8dp2-8k2k,decode,2,cuda_graph_envelope,execute_context_0(0)_generation_51(51),4047.000000,642.364000,6300,,,146.096000,11515.000000,0.000000,1.516977,0.595460,0.357492,0.047048,0.031093,0.000000,passed,mixed_mla_attention_dominates,decode_mla_attention_dominates,kernel_profile_collected_prefill_and_decode,classify_prefill_execution_and_decode_slope_from_kernel_profile,false,true,true,false,false,false,true,No-Go
phase427_kernel_profile,kernel,K2.5-tp4ep8dp2-8k2k,docs/iter_gap_investigation/phase427_kernel_profile/K2.5-tp4ep8dp2-8k2k,decode,2,mla_attention,void cutlass::device_kernel<flash::enable_sm90_or_la...,421.698000,192.908000,2186,,,146.096000,11515.000000,0.000000,1.516977,0.595460,0.357492,0.047048,0.031093,0.000000,passed,mixed_mla_attention_dominates,decode_mla_attention_dominates,kernel_profile_collected_prefill_and_decode,classify_prefill_execution_and_decode_slope_from_kernel_profile,false,true,true,false,false,false,true,No-Go
phase427_kernel_profile,kernel,K2.5-tp4ep8dp2-8k2k,docs/iter_gap_investigation/phase427_kernel_profile/K2.5-tp4ep8dp2-8k2k,decode,2,moe_gemm_or_aux,"void marlin_moe_wna16::Marlin<1125899906909960l, 112...",415.951000,96.643000,4304,,,146.096000,11515.000000,0.000000,1.516977,0.595460,0.357492,0.047048,0.031093,0.000000,passed,mixed_mla_attention_dominates,decode_mla_attention_dominates,kernel_profile_collected_prefill_and_decode,classify_prefill_execution_and_decode_slope_from_kernel_profile,false,true,true,false,false,false,true,No-Go
phase427_kernel_profile,kernel,K2.5-tp4ep8dp2-8k2k,docs/iter_gap_investigation/phase427_kernel_profile/K2.5-tp4ep8dp2-8k2k,decode,2,ep_a2a,ncclDevKernel_ReduceScatter_Sum_bf16_RING_LL(ncclDev...,164.312000,76.353000,2152,,,146.096000,11515.000000,0.000000,1.516977,0.595460,0.357492,0.047048,0.031093,0.000000,passed,mixed_mla_attention_dominates,decode_mla_attention_dominates,kernel_profile_collected_prefill_and_decode,classify_prefill_execution_and_decode_slope_from_kernel_profile,false,true,true,false,false,false,true,No-Go
phase427_kernel_profile,kernel,K2.5-tp4ep8dp2-8k2k,docs/iter_gap_investigation/phase427_kernel_profile/K2.5-tp4ep8dp2-8k2k,decode,2,ep_a2a,ncclDevKernel_AllGather_RING_LL(ncclDevKernelArgsSto...,101.057000,23.285000,4340,,,146.096000,11515.000000,0.000000,1.516977,0.595460,0.357492,0.047048,0.031093,0.000000,passed,mixed_mla_attention_dominates,decode_mla_attention_dominates,kernel_profile_collected_prefill_and_decode,classify_prefill_execution_and_decode_slope_from_kernel_profile,false,true,true,false,false,false,true,No-Go
phase427_kernel_profile,kernel,K2.5-tp4ep8dp2-8k2k,docs/iter_gap_investigation/phase427_kernel_profile/K2.5-tp4ep8dp2-8k2k,decode,2,dense_gemm,nvjet_tst_64x16_64x16_2x1_v_bz_splitK_TNT,39.784000,18.487000,2152,,,146.096000,11515.000000,0.000000,1.516977,0.595460,0.357492,0.047048,0.031093,0.000000,passed,mixed_mla_attention_dominates,decode_mla_attention_dominates,kernel_profile_collected_prefill_and_decode,classify_prefill_execution_and_decode_slope_from_kernel_profile,false,true,true,false,false,false,true,No-Go
phase427_kernel_profile,kernel,K2.5-tp4ep8dp2-8k2k,docs/iter_gap_investigation/phase427_kernel_profile/K2.5-tp4ep8dp2-8k2k,decode,2,tp_or_dp_allreduce,"void vllm::cross_device_reduce_2stage<__nv_bfloat16,...",31.278000,13.858000,2257,,,146.096000,11515.000000,0.000000,1.516977,0.595460,0.357492,0.047048,0.031093,0.000000,passed,mixed_mla_attention_dominates,decode_mla_attention_dominates,kernel_profile_collected_prefill_and_decode,classify_prefill_execution_and_decode_slope_from_kernel_profile,false,true,true,false,false,false,true,No-Go
phase427_kernel_profile,kernel,K2.5-tp4ep8dp2-8k2k,docs/iter_gap_investigation/phase427_kernel_profile/K2.5-tp4ep8dp2-8k2k,decode,2,dense_gemm,nvjet_tst_64x16_64x16_4x1_v_bz_TNT,27.697000,12.870000,2152,,,146.096000,11515.000000,0.000000,1.516977,0.595460,0.357492,0.047048,0.031093,0.000000,passed,mixed_mla_attention_dominates,decode_mla_attention_dominates,kernel_profile_collected_prefill_and_decode,classify_prefill_execution_and_decode_slope_from_kernel_profile,false,true,true,false,false,false,true,No-Go
phase427_kernel_profile,kernel,K2.5-tp4ep8dp2-8k2k,docs/iter_gap_investigation/phase427_kernel_profile/K2.5-tp4ep8dp2-8k2k,decode,2,dense_gemm,nvjet_tst_64x56_64x14_4x1_v_bz_splitK_TNT,25.832000,11.817000,2186,,,146.096000,11515.000000,0.000000,1.516977,0.595460,0.357492,0.047048,0.031093,0.000000,passed,mixed_mla_attention_dominates,decode_mla_attention_dominates,kernel_profile_collected_prefill_and_decode,classify_prefill_execution_and_decode_slope_from_kernel_profile,false,true,true,false,false,false,true,No-Go
phase427_kernel_profile,kernel,K2.5-tp4ep8dp2-8k2k,docs/iter_gap_investigation/phase427_kernel_profile/K2.5-tp4ep8dp2-8k2k,decode,2,dense_gemm,nvjet_tst_64x56_64x14_4x1_v_bz_TNT,23.210000,10.446000,2222,,,146.096000,11515.000000,0.000000,1.516977,0.595460,0.357492,0.047048,0.031093,0.000000,passed,mixed_mla_attention_dominates,decode_mla_attention_dominates,kernel_profile_collected_prefill_and_decode,classify_prefill_execution_and_decode_slope_from_kernel_profile,false,true,true,false,false,false,true,No-Go
phase427_kernel_profile,kernel,K2.5-tp4ep8dp2-8k2k,docs/iter_gap_investigation/phase427_kernel_profile/K2.5-tp4ep8dp2-8k2k,decode,2,other_cuda,"void at::native::reduce_kernel<128, 4, at::native::R...",21.334000,9.913000,2152,,,146.096000,11515.000000,0.000000,1.516977,0.595460,0.357492,0.047048,0.031093,0.000000,passed,mixed_mla_attention_dominates,decode_mla_attention_dominates,kernel_profile_collected_prefill_and_decode,classify_prefill_execution_and_decode_slope_from_kernel_profile,false,true,true,false,false,false,true,No-Go
phase427_kernel_profile,kernel,K2.5-tp4ep8dp2-8k2k,docs/iter_gap_investigation/phase427_kernel_profile/K2.5-tp4ep8dp2-8k2k,decode,2,dense_gemm,"void router_gemm_kernel_bf16_output<__nv_bfloat16, 1...",16.374000,7.609000,2152,,,146.096000,11515.000000,0.000000,1.516977,0.595460,0.357492,0.047048,0.031093,0.000000,passed,mixed_mla_attention_dominates,decode_mla_attention_dominates,kernel_profile_collected_prefill_and_decode,classify_prefill_execution_and_decode_slope_from_kernel_profile,false,true,true,false,false,false,true,No-Go
phase427_kernel_profile,kernel,K2.5-tp4ep8dp2-8k2k,docs/iter_gap_investigation/phase427_kernel_profile/K2.5-tp4ep8dp2-8k2k,decode,2,other_cuda,"void vllm::act_and_mul_kernel<c10::BFloat16, __nv_bf...",14.467000,6.723000,2152,,,146.096000,11515.000000,0.000000,1.516977,0.595460,0.357492,0.047048,0.031093,0.000000,passed,mixed_mla_attention_dominates,decode_mla_attention_dominates,kernel_profile_collected_prefill_and_decode,classify_prefill_execution_and_decode_slope_from_kernel_profile,false,true,true,false,false,false,true,No-Go
phase427_kernel_profile,kernel,K2.5-tp4ep8dp2-8k2k,docs/iter_gap_investigation/phase427_kernel_profile/K2.5-tp4ep8dp2-8k2k,decode,2,dense_gemm,nvjet_tst_64x32_64x16_4x2_h_bz_TNT,13.567000,6.206000,2186,,,146.096000,11515.000000,0.000000,1.516977,0.595460,0.357492,0.047048,0.031093,0.000000,passed,mixed_mla_attention_dominates,decode_mla_attention_dominates,kernel_profile_collected_prefill_and_decode,classify_prefill_execution_and_decode_slope_from_kernel_profile,false,true,true,false,false,false,true,No-Go
phase427_kernel_profile,kernel,K2.5-tp4ep8dp2-8k2k,docs/iter_gap_investigation/phase427_kernel_profile/K2.5-tp4ep8dp2-8k2k,decode,2,mla_attention,void cutlass::device_kernel<flash::FlashAttnFwdCombi...,11.502000,5.259000,2187,,,146.096000,11515.000000,0.000000,1.516977,0.595460,0.357492,0.047048,0.031093,0.000000,passed,mixed_mla_attention_dominates,decode_mla_attention_dominates,kernel_profile_collected_prefill_and_decode,classify_prefill_execution_and_decode_slope_from_kernel_profile,false,true,true,false,false,false,true,No-Go
phase427_kernel_profile,kernel,K2.5-tp4ep8dp2-8k2k,docs/iter_gap_investigation/phase427_kernel_profile/K2.5-tp4ep8dp2-8k2k,decode,2,dense_gemm,"void cublasLt::splitKreduce_kernel<32, 16, int, floa...",9.874000,2.276000,4338,,,146.096000,11515.000000,0.000000,1.516977,0.595460,0.357492,0.047048,0.031093,0.000000,passed,mixed_mla_attention_dominates,decode_mla_attention_dominates,kernel_profile_collected_prefill_and_decode,classify_prefill_execution_and_decode_slope_from_kernel_profile,false,true,true,false,false,false,true,No-Go
phase427_kernel_profile,kernel,K2.5-tp4ep8dp2-8k2k,docs/iter_gap_investigation/phase427_kernel_profile/K2.5-tp4ep8dp2-8k2k,decode,2,moe_gemm_or_aux,void vllm::moe::grouped_topk_fused_small_expert_coun...,9.869000,4.586000,2152,,,146.096000,11515.000000,0.000000,1.516977,0.595460,0.357492,0.047048,0.031093,0.000000,passed,mixed_mla_attention_dominates,decode_mla_attention_dominates,kernel_profile_collected_prefill_and_decode,classify_prefill_execution_and_decode_slope_from_kernel_profile,false,true,true,false,false,false,true,No-Go
phase427_kernel_profile,kernel,K2.5-tp4ep8dp2-8k2k,docs/iter_gap_investigation/phase427_kernel_profile/K2.5-tp4ep8dp2-8k2k,decode,2,other_cuda,"void at::native::vectorized_elementwise_kernel<8, at...",9.819000,4.563000,2152,,,146.096000,11515.000000,0.000000,1.516977,0.595460,0.357492,0.047048,0.031093,0.000000,passed,mixed_mla_attention_dominates,decode_mla_attention_dominates,kernel_profile_collected_prefill_and_decode,classify_prefill_execution_and_decode_slope_from_kernel_profile,false,true,true,false,false,false,true,No-Go
phase427_kernel_profile,kernel,K2.5-tp4ep8dp2-8k2k,docs/iter_gap_investigation/phase427_kernel_profile/K2.5-tp4ep8dp2-8k2k,decode,2,other_cuda,triton_red_fused__to_copy_add_mean_min_latency_fused...,8.512000,4.023000,2116,,,146.096000,11515.000000,0.000000,1.516977,0.595460,0.357492,0.047048,0.031093,0.000000,passed,mixed_mla_attention_dominates,decode_mla_attention_dominates,kernel_profile_collected_prefill_and_decode,classify_prefill_execution_and_decode_slope_from_kernel_profile,false,true,true,false,false,false,true,No-Go
phase427_kernel_profile,kernel,K2.5-tp4ep8dp2-8k2k,docs/iter_gap_investigation/phase427_kernel_profile/K2.5-tp4ep8dp2-8k2k,decode,2,other_cuda,aten::copy_,8.444000,8.616000,980,,,146.096000,11515.000000,0.000000,1.516977,0.595460,0.357492,0.047048,0.031093,0.000000,passed,mixed_mla_attention_dominates,decode_mla_attention_dominates,kernel_profile_collected_prefill_and_decode,classify_prefill_execution_and_decode_slope_from_kernel_profile,false,true,true,false,false,false,true,No-Go
phase427_kernel_profile,kernel,K2.5-tp4ep8dp2-8k2k,docs/iter_gap_investigation/phase427_kernel_profile/K2.5-tp4ep8dp2-8k2k,decode,2,dense_gemm,nvjet_tst_64x24_64x16_2x1_v_bz_TNT,8.348000,3.817000,2187,,,146.096000,11515.000000,0.000000,1.516977,0.595460,0.357492,0.047048,0.031093,0.000000,passed,mixed_mla_attention_dominates,decode_mla_attention_dominates,kernel_profile_collected_prefill_and_decode,classify_prefill_execution_and_decode_slope_from_kernel_profile,false,true,true,false,false,false,true,No-Go
phase427_kernel_profile,kernel,K2.5-tp4ep8dp2-8k2k,docs/iter_gap_investigation/phase427_kernel_profile/K2.5-tp4ep8dp2-8k2k,decode,2,dense_gemm,nvjet_tst_64x56_64x14_2x1_v_bz_NNT,8.224000,3.762000,2186,,,146.096000,11515.000000,0.000000,1.516977,0.595460,0.357492,0.047048,0.031093,0.000000,passed,mixed_mla_attention_dominates,decode_mla_attention_dominates,kernel_profile_collected_prefill_and_decode,classify_prefill_execution_and_decode_slope_from_kernel_profile,false,true,true,false,false,false,true,No-Go
phase427_kernel_profile,kernel,K2.5-tp4ep8dp2-8k2k,docs/iter_gap_investigation/phase427_kernel_profile/K2.5-tp4ep8dp2-8k2k,decode,2,moe_gemm_or_aux,void vllm::moe::moe_align_block_size_kernel<int>(int...,7.530000,3.499000,2152,,,146.096000,11515.000000,0.000000,1.516977,0.595460,0.357492,0.047048,0.031093,0.000000,passed,mixed_mla_attention_dominates,decode_mla_attention_dominates,kernel_profile_collected_prefill_and_decode,classify_prefill_execution_and_decode_slope_from_kernel_profile,false,true,true,false,false,false,true,No-Go
phase427_kernel_profile,kernel,K2.5-tp4ep8dp2-8k2k,docs/iter_gap_investigation/phase427_kernel_profile/K2.5-tp4ep8dp2-8k2k,decode,2,memcpy_memset,Memcpy HtoD (Pinned -> Device),6.264000,22.371000,280,,,146.096000,11515.000000,0.000000,1.516977,0.595460,0.357492,0.047048,0.031093,0.000000,passed,mixed_mla_attention_dominates,decode_mla_attention_dominates,kernel_profile_collected_prefill_and_decode,classify_prefill_execution_and_decode_slope_from_kernel_profile,false,true,true,false,false,false,true,No-Go
phase427_kernel_profile,kernel,K2.5-tp4ep8dp2-8k2k,docs/iter_gap_investigation/phase427_kernel_profile/K2.5-tp4ep8dp2-8k2k,decode,2,other_cuda,triton_red_fused__to_copy_add_mean_mul_pow_rsqrt_seq...,6.018000,2.796000,2152,,,146.096000,11515.000000,0.000000,1.516977,0.595460,0.357492,0.047048,0.031093,0.000000,passed,mixed_mla_attention_dominates,decode_mla_attention_dominates,kernel_profile_collected_prefill_and_decode,classify_prefill_execution_and_decode_slope_from_kernel_profile,false,true,true,false,false,false,true,No-Go
phase427_kernel_profile,kernel,K2.5-tp4ep8dp2-8k2k,docs/iter_gap_investigation/phase427_kernel_profile/K2.5-tp4ep8dp2-8k2k,decode,2,dense_gemm,nvjet_tst_320x64_64x4_2x1_v_bz_TNT,5.359000,148.858000,36,,,146.096000,11515.000000,0.000000,1.516977,0.595460,0.357492,0.047048,0.031093,0.000000,passed,mixed_mla_attention_dominates,decode_mla_attention_dominates,kernel_profile_collected_prefill_and_decode,classify_prefill_execution_and_decode_slope_from_kernel_profile,false,true,true,false,false,false,true,No-Go
phase427_kernel_profile,kernel,K2.5-tp4ep8dp2-8k2k,docs/iter_gap_investigation/phase427_kernel_profile/K2.5-tp4ep8dp2-8k2k,decode,2,dense_gemm,aten::mm,5.210000,148.865000,35,,,146.096000,11515.000000,0.000000,1.516977,0.595460,0.357492,0.047048,0.031093,0.000000,passed,mixed_mla_attention_dominates,decode_mla_attention_dominates,kernel_profile_collected_prefill_and_decode,classify_prefill_execution_and_decode_slope_from_kernel_profile,false,true,true,false,false,false,true,No-Go
phase427_kernel_profile,kernel,K2.5-tp4ep8dp2-8k2k,docs/iter_gap_investigation/phase427_kernel_profile/K2.5-tp4ep8dp2-8k2k,decode,2,other_cuda,triton_poi_fused_add_clone_copy_expand_index_mul_neg...,4.405000,2.048000,2151,,,146.096000,11515.000000,0.000000,1.516977,0.595460,0.357492,0.047048,0.031093,0.000000,passed,mixed_mla_attention_dominates,decode_mla_attention_dominates,kernel_profile_collected_prefill_and_decode,classify_prefill_execution_and_decode_slope_from_kernel_profile,false,true,true,false,false,false,true,No-Go
phase427_kernel_profile,kernel,K2.5-tp4ep8dp2-8k2k,docs/iter_gap_investigation/phase427_kernel_profile/K2.5-tp4ep8dp2-8k2k,decode,2,mla_attention,void vllm::concat_and_cache_mla_kernel<__nv_bfloat16...,4.310000,1.971000,2186,,,146.096000,11515.000000,0.000000,1.516977,0.595460,0.357492,0.047048,0.031093,0.000000,passed,mixed_mla_attention_dominates,decode_mla_attention_dominates,kernel_profile_collected_prefill_and_decode,classify_prefill_execution_and_decode_slope_from_kernel_profile,false,true,true,false,false,false,true,No-Go
phase427_kernel_profile,kernel,K2.5-tp4ep8dp2-8k2k,docs/iter_gap_investigation/phase427_kernel_profile/K2.5-tp4ep8dp2-8k2k,decode,2,other_cuda,triton_red_fused_4,4.221000,1.962000,2151,,,146.096000,11515.000000,0.000000,1.516977,0.595460,0.357492,0.047048,0.031093,0.000000,passed,mixed_mla_attention_dominates,decode_mla_attention_dominates,kernel_profile_collected_prefill_and_decode,classify_prefill_execution_and_decode_slope_from_kernel_profile,false,true,true,false,false,false,true,No-Go
phase427_kernel_profile,kernel,K2.5-tp4ep8dp2-8k2k,docs/iter_gap_investigation/phase427_kernel_profile/K2.5-tp4ep8dp2-8k2k,decode,2,other_cuda,triton_poi_fused_3,3.676000,1.709000,2151,,,146.096000,11515.000000,0.000000,1.516977,0.595460,0.357492,0.047048,0.031093,0.000000,passed,mixed_mla_attention_dominates,decode_mla_attention_dominates,kernel_profile_collected_prefill_and_decode,classify_prefill_execution_and_decode_slope_from_kernel_profile,false,true,true,false,false,false,true,No-Go
phase427_kernel_profile,kernel,K2.5-tp4ep8dp2-8k2k,docs/iter_gap_investigation/phase427_kernel_profile/K2.5-tp4ep8dp2-8k2k,decode,2,other_cuda,triton_poi_fused_add_all_gather_mul_1,3.258000,1.514000,2152,,,146.096000,11515.000000,0.000000,1.516977,0.595460,0.357492,0.047048,0.031093,0.000000,passed,mixed_mla_attention_dominates,decode_mla_attention_dominates,kernel_profile_collected_prefill_and_decode,classify_prefill_execution_and_decode_slope_from_kernel_profile,false,true,true,false,false,false,true,No-Go
phase427_kernel_profile,kernel,K2.5-tp4ep8dp2-8k2k,docs/iter_gap_investigation/phase427_kernel_profile/K2.5-tp4ep8dp2-8k2k,decode,2,moe_gemm_or_aux,void vllm::moe::count_and_sort_expert_tokens_kernel<...,3.244000,1.507000,2152,,,146.096000,11515.000000,0.000000,1.516977,0.595460,0.357492,0.047048,0.031093,0.000000,passed,mixed_mla_attention_dominates,decode_mla_attention_dominates,kernel_profile_collected_prefill_and_decode,classify_prefill_execution_and_decode_slope_from_kernel_profile,false,true,true,false,false,false,true,No-Go
phase427_kernel_profile,kernel,K2.5-tp4ep8dp2-8k2k,docs/iter_gap_investigation/phase427_kernel_profile/K2.5-tp4ep8dp2-8k2k,decode,2,other_cuda,triton_poi_fused_mul_silu_slice_0,3.105000,1.443000,2152,,,146.096000,11515.000000,0.000000,1.516977,0.595460,0.357492,0.047048,0.031093,0.000000,passed,mixed_mla_attention_dominates,decode_mla_attention_dominates,kernel_profile_collected_prefill_and_decode,classify_prefill_execution_and_decode_slope_from_kernel_profile,false,true,true,false,false,false,true,No-Go
phase427_kernel_profile,kernel,K2.5-tp4ep8dp2-8k2k,docs/iter_gap_investigation/phase427_kernel_profile/K2.5-tp4ep8dp2-8k2k,decode,2,other_cuda,record_param_comms,2.423000,69.243000,35,,,146.096000,11515.000000,0.000000,1.516977,0.595460,0.357492,0.047048,0.031093,0.000000,passed,mixed_mla_attention_dominates,decode_mla_attention_dominates,kernel_profile_collected_prefill_and_decode,classify_prefill_execution_and_decode_slope_from_kernel_profile,false,true,true,false,false,false,true,No-Go
phase427_kernel_profile,kernel,K2.5-tp4ep8dp2-8k2k,docs/iter_gap_investigation/phase427_kernel_profile/K2.5-tp4ep8dp2-8k2k,decode,2,ep_a2a,nccl:_all_gather_base,2.423000,69.243000,35,,,146.096000,11515.000000,0.000000,1.516977,0.595460,0.357492,0.047048,0.031093,0.000000,passed,mixed_mla_attention_dominates,decode_mla_attention_dominates,kernel_profile_collected_prefill_and_decode,classify_prefill_execution_and_decode_slope_from_kernel_profile,false,true,true,false,false,false,true,No-Go
phase427_kernel_profile,kernel,K2.5-tp4ep8dp2-8k2k,docs/iter_gap_investigation/phase427_kernel_profile/K2.5-tp4ep8dp2-8k2k,decode,2,dense_gemm,nvjet_tst_80x64_64x11_4x1_v_bz_TNN,1.229000,35.123000,35,,,146.096000,11515.000000,0.000000,1.516977,0.595460,0.357492,0.047048,0.031093,0.000000,passed,mixed_mla_attention_dominates,decode_mla_attention_dominates,kernel_profile_collected_prefill_and_decode,classify_prefill_execution_and_decode_slope_from_kernel_profile,false,true,true,false,false,false,true,No-Go
phase427_kernel_profile,kernel,K2.5-tp4ep8dp2-8k2k,docs/iter_gap_investigation/phase427_kernel_profile/K2.5-tp4ep8dp2-8k2k,decode,2,tp_or_dp_allreduce,_C_custom_ar::all_reduce,1.127000,32.211000,35,,,146.096000,11515.000000,0.000000,1.516977,0.595460,0.357492,0.047048,0.031093,0.000000,passed,mixed_mla_attention_dominates,decode_mla_attention_dominates,kernel_profile_collected_prefill_and_decode,classify_prefill_execution_and_decode_slope_from_kernel_profile,false,true,true,false,false,false,true,No-Go
phase427_kernel_profile,kernel,K2.5-tp4ep8dp2-8k2k,docs/iter_gap_investigation/phase427_kernel_profile/K2.5-tp4ep8dp2-8k2k,decode,2,other_cuda,void at::native::unrolled_elementwise_kernel<at::nat...,0.794563,22.071000,36,,,146.096000,11515.000000,0.000000,1.516977,0.595460,0.357492,0.047048,0.031093,0.000000,passed,mixed_mla_attention_dominates,decode_mla_attention_dominates,kernel_profile_collected_prefill_and_decode,classify_prefill_execution_and_decode_slope_from_kernel_profile,false,true,true,false,false,false,true,No-Go
phase427_kernel_profile,kernel,K2.5-tp4ep8dp2-8k2k,docs/iter_gap_investigation/phase427_kernel_profile/K2.5-tp4ep8dp2-8k2k,decode,2,other_cuda,aten::argmax,0.780356,22.296000,35,,,146.096000,11515.000000,0.000000,1.516977,0.595460,0.357492,0.047048,0.031093,0.000000,passed,mixed_mla_attention_dominates,decode_mla_attention_dominates,kernel_profile_collected_prefill_and_decode,classify_prefill_execution_and_decode_slope_from_kernel_profile,false,true,true,false,false,false,true,No-Go
phase427_kernel_profile,kernel,K2.5-tp4ep8dp2-8k2k,docs/iter_gap_investigation/phase427_kernel_profile/K2.5-tp4ep8dp2-8k2k,decode,2,other_cuda,"void at::native::elementwise_kernel<128, 4, at::nati...",0.757380,21.038000,36,,,146.096000,11515.000000,0.000000,1.516977,0.595460,0.357492,0.047048,0.031093,0.000000,passed,mixed_mla_attention_dominates,decode_mla_attention_dominates,kernel_profile_collected_prefill_and_decode,classify_prefill_execution_and_decode_slope_from_kernel_profile,false,true,true,false,false,false,true,No-Go
phase427_kernel_profile,kernel,K2.5-tp4ep8dp2-8k2k,docs/iter_gap_investigation/phase427_kernel_profile/K2.5-tp4ep8dp2-8k2k,decode,2,other_cuda,"void at::native::reduce_kernel<512, 1, at::native::R...",0.746343,20.732000,36,,,146.096000,11515.000000,0.000000,1.516977,0.595460,0.357492,0.047048,0.031093,0.000000,passed,mixed_mla_attention_dominates,decode_mla_attention_dominates,kernel_profile_collected_prefill_and_decode,classify_prefill_execution_and_decode_slope_from_kernel_profile,false,true,true,false,false,false,true,No-Go
phase427_kernel_profile,kernel,K2.5-tp4ep8dp2-8k2k,docs/iter_gap_investigation/phase427_kernel_profile/K2.5-tp4ep8dp2-8k2k,decode,2,other_cuda,cudaEventRecordWithFlags,0.306370,2.918000,105,,,146.096000,11515.000000,0.000000,1.516977,0.595460,0.357492,0.047048,0.031093,0.000000,passed,mixed_mla_attention_dominates,decode_mla_attention_dominates,kernel_profile_collected_prefill_and_decode,classify_prefill_execution_and_decode_slope_from_kernel_profile,false,true,true,false,false,false,true,No-Go
phase427_kernel_profile,kernel,K2.5-tp4ep8dp2-8k2k,docs/iter_gap_investigation/phase427_kernel_profile/K2.5-tp4ep8dp2-8k2k,decode,2,memcpy_memset,Memcpy DtoD (Device -> Device),0.268452,1.278000,210,,,146.096000,11515.000000,0.000000,1.516977,0.595460,0.357492,0.047048,0.031093,0.000000,passed,mixed_mla_attention_dominates,decode_mla_attention_dominates,kernel_profile_collected_prefill_and_decode,classify_prefill_execution_and_decode_slope_from_kernel_profile,false,true,true,false,false,false,true,No-Go
phase427_kernel_profile,kernel,K2.5-tp4ep8dp2-8k2k,docs/iter_gap_investigation/phase427_kernel_profile/K2.5-tp4ep8dp2-8k2k,decode,2,other_cuda,void at::native::unrolled_elementwise_kernel<at::nat...,0.256420,1.793000,143,,,146.096000,11515.000000,0.000000,1.516977,0.595460,0.357492,0.047048,0.031093,0.000000,passed,mixed_mla_attention_dominates,decode_mla_attention_dominates,kernel_profile_collected_prefill_and_decode,classify_prefill_execution_and_decode_slope_from_kernel_profile,false,true,true,false,false,false,true,No-Go
phase427_kernel_profile,kernel,K2.5-tp4ep8dp2-8k2k,docs/iter_gap_investigation/phase427_kernel_profile/K2.5-tp4ep8dp2-8k2k,decode,2,other_cuda,aten::fill_,0.220387,0.484000,455,,,146.096000,11515.000000,0.000000,1.516977,0.595460,0.357492,0.047048,0.031093,0.000000,passed,mixed_mla_attention_dominates,decode_mla_attention_dominates,kernel_profile_collected_prefill_and_decode,classify_prefill_execution_and_decode_slope_from_kernel_profile,false,true,true,false,false,false,true,No-Go
phase427_kernel_profile,kernel,K2.5-tp4ep8dp2-8k2k,docs/iter_gap_investigation/phase427_kernel_profile/K2.5-tp4ep8dp2-8k2k,decode,2,other_cuda,triton_red_fused__to_copy_add_mean_mul_pow_rsqrt_sli...,0.175426,4.873000,36,,,146.096000,11515.000000,0.000000,1.516977,0.595460,0.357492,0.047048,0.031093,0.000000,passed,mixed_mla_attention_dominates,decode_mla_attention_dominates,kernel_profile_collected_prefill_and_decode,classify_prefill_execution_and_decode_slope_from_kernel_profile,false,true,true,false,false,false,true,No-Go
phase427_kernel_profile,kernel,K2.5-tp4ep8dp2-8k2k,docs/iter_gap_investigation/phase427_kernel_profile/K2.5-tp4ep8dp2-8k2k,decode,2,other_cuda,aten::index,0.232003,3.314000,70,,,146.096000,11515.000000,0.000000,1.516977,0.595460,0.357492,0.047048,0.031093,0.000000,passed,mixed_mla_attention_dominates,decode_mla_attention_dominates,kernel_profile_collected_prefill_and_decode,classify_prefill_execution_and_decode_slope_from_kernel_profile,false,true,true,false,false,false,true,No-Go
phase427_kernel_profile,kernel,K2.5-tp4ep8dp2-8k2k,docs/iter_gap_investigation/phase427_kernel_profile/K2.5-tp4ep8dp2-8k2k,decode,2,other_cuda,cudaEventQuery,0.166689,0.825000,202,,,146.096000,11515.000000,0.000000,1.516977,0.595460,0.357492,0.047048,0.031093,0.000000,passed,mixed_mla_attention_dominates,decode_mla_attention_dominates,kernel_profile_collected_prefill_and_decode,classify_prefill_execution_and_decode_slope_from_kernel_profile,false,true,true,false,false,false,true,No-Go
phase427_kernel_profile,kernel,K2.5-tp4ep8dp2-8k2k,docs/iter_gap_investigation/phase427_kernel_profile/K2.5-tp4ep8dp2-8k2k,decode,2,memcpy_memset,Memcpy DtoH (Device -> Pinned),0.159200,4.422000,36,,,146.096000,11515.000000,0.000000,1.516977,0.595460,0.357492,0.047048,0.031093,0.000000,passed,mixed_mla_attention_dominates,decode_mla_attention_dominates,kernel_profile_collected_prefill_and_decode,classify_prefill_execution_and_decode_slope_from_kernel_profile,false,true,true,false,false,false,true,No-Go
phase427_kernel_profile,kernel,K2.5-tp4ep8dp2-8k2k,docs/iter_gap_investigation/phase427_kernel_profile/K2.5-tp4ep8dp2-8k2k,decode,2,other_cuda,"void at::native::vectorized_gather_kernel<16, long>(...",0.147648,2.080000,71,,,146.096000,11515.000000,0.000000,1.516977,0.595460,0.357492,0.047048,0.031093,0.000000,passed,mixed_mla_attention_dominates,decode_mla_attention_dominates,kernel_profile_collected_prefill_and_decode,classify_prefill_execution_and_decode_slope_from_kernel_profile,false,true,true,false,false,false,true,No-Go
phase427_kernel_profile,kernel,K2.5-tp4ep8dp2-8k2k,docs/iter_gap_investigation/phase427_kernel_profile/K2.5-tp4ep8dp2-8k2k,decode,2,other_cuda,triton_red_fused__to_copy_add_mean_min_latency_fused...,0.147617,4.218000,35,,,146.096000,11515.000000,0.000000,1.516977,0.595460,0.357492,0.047048,0.031093,0.000000,passed,mixed_mla_attention_dominates,decode_mla_attention_dominates,kernel_profile_collected_prefill_and_decode,classify_prefill_execution_and_decode_slope_from_kernel_profile,false,true,true,false,false,false,true,No-Go
phase427_kernel_profile,kernel,K2.5-tp4ep8dp2-8k2k,docs/iter_gap_investigation/phase427_kernel_profile/K2.5-tp4ep8dp2-8k2k,decode,2,other_cuda,_compute_slot_mapping_kernel,0.111078,3.174000,35,,,146.096000,11515.000000,0.000000,1.516977,0.595460,0.357492,0.047048,0.031093,0.000000,passed,mixed_mla_attention_dominates,decode_mla_attention_dominates,kernel_profile_collected_prefill_and_decode,classify_prefill_execution_and_decode_slope_from_kernel_profile,false,true,true,false,false,false,true,No-Go
phase427_kernel_profile,kernel,K2.5-tp4ep8dp2-8k2k,docs/iter_gap_investigation/phase427_kernel_profile/K2.5-tp4ep8dp2-8k2k,decode,2,other_cuda,aten::masked_fill_,0.110912,3.169000,35,,,146.096000,11515.000000,0.000000,1.516977,0.595460,0.357492,0.047048,0.031093,0.000000,passed,mixed_mla_attention_dominates,decode_mla_attention_dominates,kernel_profile_collected_prefill_and_decode,classify_prefill_execution_and_decode_slope_from_kernel_profile,false,true,true,false,false,false,true,No-Go
phase427_kernel_profile,kernel,K2.5-tp4ep8dp2-8k2k,docs/iter_gap_investigation/phase427_kernel_profile/K2.5-tp4ep8dp2-8k2k,decode,2,other_cuda,"void at::native::elementwise_kernel<128, 4, at::nati...",0.110912,3.169000,35,,,146.096000,11515.000000,0.000000,1.516977,0.595460,0.357492,0.047048,0.031093,0.000000,passed,mixed_mla_attention_dominates,decode_mla_attention_dominates,kernel_profile_collected_prefill_and_decode,classify_prefill_execution_and_decode_slope_from_kernel_profile,false,true,true,false,false,false,true,No-Go
phase427_kernel_profile,kernel,K2.5-tp4ep8dp2-8k2k,docs/iter_gap_investigation/phase427_kernel_profile/K2.5-tp4ep8dp2-8k2k,decode,2,other_cuda,triton_red_fused__to_copy_add_clone_mean_min_latency...,0.105118,3.003000,35,,,146.096000,11515.000000,0.000000,1.516977,0.595460,0.357492,0.047048,0.031093,0.000000,passed,mixed_mla_attention_dominates,decode_mla_attention_dominates,kernel_profile_collected_prefill_and_decode,classify_prefill_execution_and_decode_slope_from_kernel_profile,false,true,true,false,false,false,true,No-Go
phase427_kernel_profile,kernel,K2.5-tp4ep8dp2-8k2k,docs/iter_gap_investigation/phase427_kernel_profile/K2.5-tp4ep8dp2-8k2k,decode,2,other_cuda,"void at::native::index_elementwise_kernel<128, 4, at...",0.104665,2.907000,36,,,146.096000,11515.000000,0.000000,1.516977,0.595460,0.357492,0.047048,0.031093,0.000000,passed,mixed_mla_attention_dominates,decode_mla_attention_dominates,kernel_profile_collected_prefill_and_decode,classify_prefill_execution_and_decode_slope_from_kernel_profile,false,true,true,false,false,false,true,No-Go
phase427_kernel_profile,kernel,K2.5-tp4ep8dp2-8k2k,docs/iter_gap_investigation/phase427_kernel_profile/K2.5-tp4ep8dp2-8k2k,decode,2,other_cuda,aten::_index_put_impl_,0.231258,6.607000,35,,,146.096000,11515.000000,0.000000,1.516977,0.595460,0.357492,0.047048,0.031093,0.000000,passed,mixed_mla_attention_dominates,decode_mla_attention_dominates,kernel_profile_collected_prefill_and_decode,classify_prefill_execution_and_decode_slope_from_kernel_profile,false,true,true,false,false,false,true,No-Go
phase427_kernel_profile,kernel,K2.5-tp4ep8dp2-8k2k,docs/iter_gap_investigation/phase427_kernel_profile/K2.5-tp4ep8dp2-8k2k,decode,2,other_cuda,aten::add,0.102021,0.972000,105,,,146.096000,11515.000000,0.000000,1.516977,0.595460,0.357492,0.047048,0.031093,0.000000,passed,mixed_mla_attention_dominates,decode_mla_attention_dominates,kernel_profile_collected_prefill_and_decode,classify_prefill_execution_and_decode_slope_from_kernel_profile,false,true,true,false,false,false,true,No-Go
phase427_kernel_profile,kernel,K2.5-tp4ep8dp2-8k2k,docs/iter_gap_investigation/phase427_kernel_profile/K2.5-tp4ep8dp2-8k2k,decode,2,other_cuda,triton_red_fused__to_copy_add_mean_mul_pow_rsqrt_0,0.098945,2.827000,35,,,146.096000,11515.000000,0.000000,1.516977,0.595460,0.357492,0.047048,0.031093,0.000000,passed,mixed_mla_attention_dominates,decode_mla_attention_dominates,kernel_profile_collected_prefill_and_decode,classify_prefill_execution_and_decode_slope_from_kernel_profile,false,true,true,false,false,false,true,No-Go
phase427_kernel_profile,kernel,K2.5-tp4ep8dp2-8k2k,docs/iter_gap_investigation/phase427_kernel_profile/K2.5-tp4ep8dp2-8k2k,decode,2,other_cuda,"void at::native::index_elementwise_kernel<128, 4, at...",0.093858,2.682000,35,,,146.096000,11515.000000,0.000000,1.516977,0.595460,0.357492,0.047048,0.031093,0.000000,passed,mixed_mla_attention_dominates,decode_mla_attention_dominates,kernel_profile_collected_prefill_and_decode,classify_prefill_execution_and_decode_slope_from_kernel_profile,false,true,true,false,false,false,true,No-Go
phase427_kernel_profile,kernel,K2.5-tp4ep8dp2-8k2k,docs/iter_gap_investigation/phase427_kernel_profile/K2.5-tp4ep8dp2-8k2k,decode,2,other_cuda,"void at::native::vectorized_elementwise_kernel<4, at...",0.085892,1.227000,70,,,146.096000,11515.000000,0.000000,1.516977,0.595460,0.357492,0.047048,0.031093,0.000000,passed,mixed_mla_attention_dominates,decode_mla_attention_dominates,kernel_profile_collected_prefill_and_decode,classify_prefill_execution_and_decode_slope_from_kernel_profile,false,true,true,false,false,false,true,No-Go
phase427_kernel_profile,kernel,K2.5-tp4ep8dp2-8k2k,docs/iter_gap_investigation/phase427_kernel_profile/K2.5-tp4ep8dp2-8k2k,decode,2,other_cuda,triton_poi_fused_add_clone_copy_expand_index_mul_neg...,0.071905,2.054000,35,,,146.096000,11515.000000,0.000000,1.516977,0.595460,0.357492,0.047048,0.031093,0.000000,passed,mixed_mla_attention_dominates,decode_mla_attention_dominates,kernel_profile_collected_prefill_and_decode,classify_prefill_execution_and_decode_slope_from_kernel_profile,false,true,true,false,false,false,true,No-Go
phase427_kernel_profile,kernel,K2.5-tp4ep8dp2-8k2k,docs/iter_gap_investigation/phase427_kernel_profile/K2.5-tp4ep8dp2-8k2k,decode,2,other_cuda,aten::gather,0.071455,2.042000,35,,,146.096000,11515.000000,0.000000,1.516977,0.595460,0.357492,0.047048,0.031093,0.000000,passed,mixed_mla_attention_dominates,decode_mla_attention_dominates,kernel_profile_collected_prefill_and_decode,classify_prefill_execution_and_decode_slope_from_kernel_profile,false,true,true,false,false,false,true,No-Go
phase427_kernel_profile,kernel,K2.5-tp4ep8dp2-8k2k,docs/iter_gap_investigation/phase427_kernel_profile/K2.5-tp4ep8dp2-8k2k,decode,2,other_cuda,triton_red_fused_2,0.070459,2.013000,35,,,146.096000,11515.000000,0.000000,1.516977,0.595460,0.357492,0.047048,0.031093,0.000000,passed,mixed_mla_attention_dominates,decode_mla_attention_dominates,kernel_profile_collected_prefill_and_decode,classify_prefill_execution_and_decode_slope_from_kernel_profile,false,true,true,false,false,false,true,No-Go
phase427_kernel_profile,kernel,K2.5-tp4ep8dp2-8k2k,docs/iter_gap_investigation/phase427_kernel_profile/K2.5-tp4ep8dp2-8k2k,decode,2,mla_attention,_vllm_fa3_C::get_scheduler_metadata,0.069826,1.995000,35,,,146.096000,11515.000000,0.000000,1.516977,0.595460,0.357492,0.047048,0.031093,0.000000,passed,mixed_mla_attention_dominates,decode_mla_attention_dominates,kernel_profile_collected_prefill_and_decode,classify_prefill_execution_and_decode_slope_from_kernel_profile,false,true,true,false,false,false,true,No-Go
phase427_kernel_profile,kernel,K2.5-tp4ep8dp2-8k2k,docs/iter_gap_investigation/phase427_kernel_profile/K2.5-tp4ep8dp2-8k2k,decode,2,mla_attention,"void flash::prepare_varlen_num_blocks_kernel<2, fals...",0.069826,1.995000,35,,,146.096000,11515.000000,0.000000,1.516977,0.595460,0.357492,0.047048,0.031093,0.000000,passed,mixed_mla_attention_dominates,decode_mla_attention_dominates,kernel_profile_collected_prefill_and_decode,classify_prefill_execution_and_decode_slope_from_kernel_profile,false,true,true,false,false,false,true,No-Go
phase427_kernel_profile,kernel,K2.5-tp4ep8dp2-8k2k,docs/iter_gap_investigation/phase427_kernel_profile/K2.5-tp4ep8dp2-8k2k,decode,2,other_cuda,void at::native::unrolled_elementwise_kernel<at::nat...,0.069471,0.992000,70,,,146.096000,11515.000000,0.000000,1.516977,0.595460,0.357492,0.047048,0.031093,0.000000,passed,mixed_mla_attention_dominates,decode_mla_attention_dominates,kernel_profile_collected_prefill_and_decode,classify_prefill_execution_and_decode_slope_from_kernel_profile,false,true,true,false,false,false,true,No-Go
phase427_kernel_profile,kernel,K2.5-tp4ep8dp2-8k2k,docs/iter_gap_investigation/phase427_kernel_profile/K2.5-tp4ep8dp2-8k2k,decode,2,other_cuda,void at::native::unrolled_elementwise_kernel<at::nat...,0.065024,0.929000,70,,,146.096000,11515.000000,0.000000,1.516977,0.595460,0.357492,0.047048,0.031093,0.000000,passed,mixed_mla_attention_dominates,decode_mla_attention_dominates,kernel_profile_collected_prefill_and_decode,classify_prefill_execution_and_decode_slope_from_kernel_profile,false,true,true,false,false,false,true,No-Go
phase427_kernel_profile,kernel,K2.5-tp4ep8dp2-8k2k,docs/iter_gap_investigation/phase427_kernel_profile/K2.5-tp4ep8dp2-8k2k,decode,2,other_cuda,triton_poi_fused_1,0.062019,1.772000,35,,,146.096000,11515.000000,0.000000,1.516977,0.595460,0.357492,0.047048,0.031093,0.000000,passed,mixed_mla_attention_dominates,decode_mla_attention_dominates,kernel_profile_collected_prefill_and_decode,classify_prefill_execution_and_decode_slope_from_kernel_profile,false,true,true,false,false,false,true,No-Go
phase427_kernel_profile,kernel,K2.5-tp4ep8dp2-8k2k,docs/iter_gap_investigation/phase427_kernel_profile/K2.5-tp4ep8dp2-8k2k,decode,2,other_cuda,void at::native::unrolled_elementwise_kernel<at::nat...,0.055970,1.555000,36,,,146.096000,11515.000000,0.000000,1.516977,0.595460,0.357492,0.047048,0.031093,0.000000,passed,mixed_mla_attention_dominates,decode_mla_attention_dominates,kernel_profile_collected_prefill_and_decode,classify_prefill_execution_and_decode_slope_from_kernel_profile,false,true,true,false,false,false,true,No-Go
phase427_kernel_profile,kernel,K2.5-tp4ep8dp2-8k2k,docs/iter_gap_investigation/phase427_kernel_profile/K2.5-tp4ep8dp2-8k2k,decode,2,memcpy_memset,Memset (Device),0.055805,1.550000,36,,,146.096000,11515.000000,0.000000,1.516977,0.595460,0.357492,0.047048,0.031093,0.000000,passed,mixed_mla_attention_dominates,decode_mla_attention_dominates,kernel_profile_collected_prefill_and_decode,classify_prefill_execution_and_decode_slope_from_kernel_profile,false,true,true,false,false,false,true,No-Go
phase427_kernel_profile,kernel,K2.5-tp4ep8dp2-8k2k,docs/iter_gap_investigation/phase427_kernel_profile/K2.5-tp4ep8dp2-8k2k,decode,2,other_cuda,"void at::native::vectorized_elementwise_kernel<2, at...",0.055361,1.582000,35,,,146.096000,11515.000000,0.000000,1.516977,0.595460,0.357492,0.047048,0.031093,0.000000,passed,mixed_mla_attention_dominates,decode_mla_attention_dominates,kernel_profile_collected_prefill_and_decode,classify_prefill_execution_and_decode_slope_from_kernel_profile,false,true,true,false,false,false,true,No-Go
phase427_kernel_profile,kernel,K2.5-tp4ep8dp2-8k2k,docs/iter_gap_investigation/phase427_kernel_profile/K2.5-tp4ep8dp2-8k2k,decode,2,other_cuda,triton_poi_fused_mul_silu_slice_1,0.050881,1.454000,35,,,146.096000,11515.000000,0.000000,1.516977,0.595460,0.357492,0.047048,0.031093,0.000000,passed,mixed_mla_attention_dominates,decode_mla_attention_dominates,kernel_profile_collected_prefill_and_decode,classify_prefill_execution_and_decode_slope_from_kernel_profile,false,true,true,false,false,false,true,No-Go
phase427_kernel_profile,kernel,K2.5-tp4ep8dp2-8k2k,docs/iter_gap_investigation/phase427_kernel_profile/K2.5-tp4ep8dp2-8k2k,decode,2,other_cuda,triton_poi_fused_add_bitwise_and_bitwise_not_bitwise...,0.049569,1.416000,35,,,146.096000,11515.000000,0.000000,1.516977,0.595460,0.357492,0.047048,0.031093,0.000000,passed,mixed_mla_attention_dominates,decode_mla_attention_dominates,kernel_profile_collected_prefill_and_decode,classify_prefill_execution_and_decode_slope_from_kernel_profile,false,true,true,false,false,false,true,No-Go
phase427_kernel_profile,kernel,K2.5-tp4ep8dp2-8k2k,docs/iter_gap_investigation/phase427_kernel_profile/K2.5-tp4ep8dp2-8k2k,decode,2,other_cuda,triton_poi_fused_add_bitwise_and_bitwise_not_bitwise...,0.049569,1.416000,35,,,146.096000,11515.000000,0.000000,1.516977,0.595460,0.357492,0.047048,0.031093,0.000000,passed,mixed_mla_attention_dominates,decode_mla_attention_dominates,kernel_profile_collected_prefill_and_decode,classify_prefill_execution_and_decode_slope_from_kernel_profile,false,true,true,false,false,false,true,No-Go
phase427_kernel_profile,kernel,K2.5-tp4ep8dp2-8k2k,docs/iter_gap_investigation/phase427_kernel_profile/K2.5-tp4ep8dp2-8k2k,decode,2,other_cuda,## Call CompiledFxGraph fjzavahpaevvtzflxa6djfwdaa7v...,0.049569,1.416000,35,,,146.096000,11515.000000,0.000000,1.516977,0.595460,0.357492,0.047048,0.031093,0.000000,passed,mixed_mla_attention_dominates,decode_mla_attention_dominates,kernel_profile_collected_prefill_and_decode,classify_prefill_execution_and_decode_slope_from_kernel_profile,false,true,true,false,false,false,true,No-Go
phase427_kernel_profile,kernel,K2.5-tp4ep8dp2-8k2k,docs/iter_gap_investigation/phase427_kernel_profile/K2.5-tp4ep8dp2-8k2k,decode,2,other_cuda,"void at::native::vectorized_elementwise_kernel<4, at...",0.046660,1.333000,35,,,146.096000,11515.000000,0.000000,1.516977,0.595460,0.357492,0.047048,0.031093,0.000000,passed,mixed_mla_attention_dominates,decode_mla_attention_dominates,kernel_profile_collected_prefill_and_decode,classify_prefill_execution_and_decode_slope_from_kernel_profile,false,true,true,false,false,false,true,No-Go
phase427_kernel_profile,kernel,K2.5-tp4ep8dp2-8k2k,docs/iter_gap_investigation/phase427_kernel_profile/K2.5-tp4ep8dp2-8k2k,decode,2,other_cuda,aten::sub,0.039485,0.564000,70,,,146.096000,11515.000000,0.000000,1.516977,0.595460,0.357492,0.047048,0.031093,0.000000,passed,mixed_mla_attention_dominates,decode_mla_attention_dominates,kernel_profile_collected_prefill_and_decode,classify_prefill_execution_and_decode_slope_from_kernel_profile,false,true,true,false,false,false,true,No-Go
phase427_kernel_profile,kernel,K2.5-tp4ep8dp2-8k2k,docs/iter_gap_investigation/phase427_kernel_profile/K2.5-tp4ep8dp2-8k2k,decode,2,other_cuda,void at::native::unrolled_elementwise_kernel<at::nat...,0.039485,1.128000,35,,,146.096000,11515.000000,0.000000,1.516977,0.595460,0.357492,0.047048,0.031093,0.000000,passed,mixed_mla_attention_dominates,decode_mla_attention_dominates,kernel_profile_collected_prefill_and_decode,classify_prefill_execution_and_decode_slope_from_kernel_profile,false,true,true,false,false,false,true,No-Go
phase427_kernel_profile,kernel,K2.5-tp4ep8dp2-8k2k,docs/iter_gap_investigation/phase427_kernel_profile/K2.5-tp4ep8dp2-8k2k,decode,2,other_cuda,cudaStreamIsCapturing,0.039230,0.160000,245,,,146.096000,11515.000000,0.000000,1.516977,0.595460,0.357492,0.047048,0.031093,0.000000,passed,mixed_mla_attention_dominates,decode_mla_attention_dominates,kernel_profile_collected_prefill_and_decode,classify_prefill_execution_and_decode_slope_from_kernel_profile,false,true,true,false,false,false,true,No-Go
phase427_kernel_profile,kernel,K2.5-tp4ep8dp2-8k2k,docs/iter_gap_investigation/phase427_kernel_profile/K2.5-tp4ep8dp2-8k2k,decode,2,other_cuda,cudaGraphLaunch,0.022592,0.645000,35,,,146.096000,11515.000000,0.000000,1.516977,0.595460,0.357492,0.047048,0.031093,0.000000,passed,mixed_mla_attention_dominates,decode_mla_attention_dominates,kernel_profile_collected_prefill_and_decode,classify_prefill_execution_and_decode_slope_from_kernel_profile,false,true,true,false,false,false,true,No-Go
phase427_kernel_profile,kernel,K2.5-tp4ep8dp2-8k2k,docs/iter_gap_investigation/phase427_kernel_profile/K2.5-tp4ep8dp2-8k2k,decode,2,other_cuda,cudaThreadExchangeStreamCaptureMode,0.013760,0.109000,126,,,146.096000,11515.000000,0.000000,1.516977,0.595460,0.357492,0.047048,0.031093,0.000000,passed,mixed_mla_attention_dominates,decode_mla_attention_dominates,kernel_profile_collected_prefill_and_decode,classify_prefill_execution_and_decode_slope_from_kernel_profile,false,true,true,false,false,false,true,No-Go
phase427_kernel_profile,kernel,K2.5-tp4ep8dp2-8k2k,docs/iter_gap_investigation/phase427_kernel_profile/K2.5-tp4ep8dp2-8k2k,decode,2,other_cuda,cudaEventRecord,0.005824,0.028000,210,,,146.096000,11515.000000,0.000000,1.516977,0.595460,0.357492,0.047048,0.031093,0.000000,passed,mixed_mla_attention_dominates,decode_mla_attention_dominates,kernel_profile_collected_prefill_and_decode,classify_prefill_execution_and_decode_slope_from_kernel_profile,false,true,true,false,false,false,true,No-Go
phase427_kernel_profile,kernel,K2.5-tp4ep8dp2-8k2k,docs/iter_gap_investigation/phase427_kernel_profile/K2.5-tp4ep8dp2-8k2k,decode,2,other_cuda,cuLaunchKernelEx,0.005088,0.048000,105,,,146.096000,11515.000000,0.000000,1.516977,0.595460,0.357492,0.047048,0.031093,0.000000,passed,mixed_mla_attention_dominates,decode_mla_attention_dominates,kernel_profile_collected_prefill_and_decode,classify_prefill_execution_and_decode_slope_from_kernel_profile,false,true,true,false,false,false,true,No-Go
phase427_kernel_profile,kernel,K2.5-tp4ep8dp2-8k2k,docs/iter_gap_investigation/phase427_kernel_profile/K2.5-tp4ep8dp2-8k2k,decode,2,other_cuda,cudaDriverGetVersion,0.003136,0.090000,35,,,146.096000,11515.000000,0.000000,1.516977,0.595460,0.357492,0.047048,0.031093,0.000000,passed,mixed_mla_attention_dominates,decode_mla_attention_dominates,kernel_profile_collected_prefill_and_decode,classify_prefill_execution_and_decode_slope_from_kernel_profile,false,true,true,false,false,false,true,No-Go
phase427_kernel_profile,kernel,K2.5-tp4ep8dp2-8k2k,docs/iter_gap_investigation/phase427_kernel_profile/K2.5-tp4ep8dp2-8k2k,decode,2,other_cuda,cudaEventSynchronize,0.001888,0.054000,35,,,146.096000,11515.000000,0.000000,1.516977,0.595460,0.357492,0.047048,0.031093,0.000000,passed,mixed_mla_attention_dominates,decode_mla_attention_dominates,kernel_profile_collected_prefill_and_decode,classify_prefill_execution_and_decode_slope_from_kernel_profile,false,true,true,false,false,false,true,No-Go
phase427_kernel_profile,kernel,K2.5-tp4ep8dp2-8k2k,docs/iter_gap_investigation/phase427_kernel_profile/K2.5-tp4ep8dp2-8k2k,decode,2,cuda_graph_envelope,execute_context_0(0)_generation_51(51),16.968000,484.799000,35,,,146.096000,11515.000000,0.000000,1.516977,0.595460,0.357492,0.047048,0.031093,0.000000,passed,mixed_mla_attention_dominates,decode_mla_attention_dominates,kernel_profile_collected_prefill_and_decode,classify_prefill_execution_and_decode_slope_from_kernel_profile,false,true,true,false,false,false,true,No-Go
phase427_kernel_profile,kernel,K2.5-tp4ep8dp2-8k2k,docs/iter_gap_investigation/phase427_kernel_profile/K2.5-tp4ep8dp2-8k2k,decode,2,other_cuda,aten::slice,0.000000,0.000000,1960,,,146.096000,11515.000000,0.000000,1.516977,0.595460,0.357492,0.047048,0.031093,0.000000,passed,mixed_mla_attention_dominates,decode_mla_attention_dominates,kernel_profile_collected_prefill_and_decode,classify_prefill_execution_and_decode_slope_from_kernel_profile,false,true,true,false,false,false,true,No-Go
phase427_kernel_profile,kernel,K2.5-tp4ep8dp2-8k2k,docs/iter_gap_investigation/phase427_kernel_profile/K2.5-tp4ep8dp2-8k2k,decode,2,other_cuda,aten::as_strided,0.000000,0.000000,2975,,,146.096000,11515.000000,0.000000,1.516977,0.595460,0.357492,0.047048,0.031093,0.000000,passed,mixed_mla_attention_dominates,decode_mla_attention_dominates,kernel_profile_collected_prefill_and_decode,classify_prefill_execution_and_decode_slope_from_kernel_profile,false,true,true,false,false,false,true,No-Go
phase427_kernel_profile,kernel,K2.5-tp4ep8dp2-8k2k,docs/iter_gap_investigation/phase427_kernel_profile/K2.5-tp4ep8dp2-8k2k,decode,2,memcpy_memset,cudaMemcpyAsync,0.000000,0.000000,525,,,146.096000,11515.000000,0.000000,1.516977,0.595460,0.357492,0.047048,0.031093,0.000000,passed,mixed_mla_attention_dominates,decode_mla_attention_dominates,kernel_profile_collected_prefill_and_decode,classify_prefill_execution_and_decode_slope_from_kernel_profile,false,true,true,false,false,false,true,No-Go
phase427_kernel_profile,kernel,K2.5-tp4ep8dp2-8k2k,docs/iter_gap_investigation/phase427_kernel_profile/K2.5-tp4ep8dp2-8k2k,decode,2,other_cuda,aten::lift_fresh,0.000000,0.000000,315,,,146.096000,11515.000000,0.000000,1.516977,0.595460,0.357492,0.047048,0.031093,0.000000,passed,mixed_mla_attention_dominates,decode_mla_attention_dominates,kernel_profile_collected_prefill_and_decode,classify_prefill_execution_and_decode_slope_from_kernel_profile,false,true,true,false,false,false,true,No-Go
phase427_kernel_profile,kernel,K2.5-tp4ep8dp2-8k2k,docs/iter_gap_investigation/phase427_kernel_profile/K2.5-tp4ep8dp2-8k2k,decode,2,other_cuda,aten::flatten,0.000000,0.000000,35,,,146.096000,11515.000000,0.000000,1.516977,0.595460,0.357492,0.047048,0.031093,0.000000,passed,mixed_mla_attention_dominates,decode_mla_attention_dominates,kernel_profile_collected_prefill_and_decode,classify_prefill_execution_and_decode_slope_from_kernel_profile,false,true,true,false,false,false,true,No-Go
phase427_kernel_profile,kernel,K2.5-tp4ep8dp2-8k2k,docs/iter_gap_investigation/phase427_kernel_profile/K2.5-tp4ep8dp2-8k2k,decode,2,other_cuda,aten::view,0.000000,0.000000,280,,,146.096000,11515.000000,0.000000,1.516977,0.595460,0.357492,0.047048,0.031093,0.000000,passed,mixed_mla_attention_dominates,decode_mla_attention_dominates,kernel_profile_collected_prefill_and_decode,classify_prefill_execution_and_decode_slope_from_kernel_profile,false,true,true,false,false,false,true,No-Go
phase427_kernel_profile,kernel,K2.5-tp4ep8dp2-8k2k,docs/iter_gap_investigation/phase427_kernel_profile/K2.5-tp4ep8dp2-8k2k,decode,2,other_cuda,aten::index_select,0.071455,1.021000,70,,,146.096000,11515.000000,0.000000,1.516977,0.595460,0.357492,0.047048,0.031093,0.000000,passed,mixed_mla_attention_dominates,decode_mla_attention_dominates,kernel_profile_collected_prefill_and_decode,classify_prefill_execution_and_decode_slope_from_kernel_profile,false,true,true,false,false,false,true,No-Go
phase427_kernel_profile,kernel,K2.5-tp4ep8dp2-8k2k,docs/iter_gap_investigation/phase427_kernel_profile/K2.5-tp4ep8dp2-8k2k,decode,2,other_cuda,aten::detach,0.000000,0.000000,70,,,146.096000,11515.000000,0.000000,1.516977,0.595460,0.357492,0.047048,0.031093,0.000000,passed,mixed_mla_attention_dominates,decode_mla_attention_dominates,kernel_profile_collected_prefill_and_decode,classify_prefill_execution_and_decode_slope_from_kernel_profile,false,true,true,false,false,false,true,No-Go
phase427_kernel_profile,kernel,K2.5-tp4ep8dp2-8k2k,docs/iter_gap_investigation/phase427_kernel_profile/K2.5-tp4ep8dp2-8k2k,decode,2,other_cuda,aten::to,1.233000,2.515000,490,,,146.096000,11515.000000,0.000000,1.516977,0.595460,0.357492,0.047048,0.031093,0.000000,passed,mixed_mla_attention_dominates,decode_mla_attention_dominates,kernel_profile_collected_prefill_and_decode,classify_prefill_execution_and_decode_slope_from_kernel_profile,false,true,true,false,false,false,true,No-Go
phase427_kernel_profile,kernel,K2.5-tp4ep8dp2-8k2k,docs/iter_gap_investigation/phase427_kernel_profile/K2.5-tp4ep8dp2-8k2k,decode,2,other_cuda,aten::resolve_conj,0.000000,0.000000,70,,,146.096000,11515.000000,0.000000,1.516977,0.595460,0.357492,0.047048,0.031093,0.000000,passed,mixed_mla_attention_dominates,decode_mla_attention_dominates,kernel_profile_collected_prefill_and_decode,classify_prefill_execution_and_decode_slope_from_kernel_profile,false,true,true,false,false,false,true,No-Go
phase427_kernel_profile,kernel,K2.5-tp4ep8dp2-8k2k,docs/iter_gap_investigation/phase427_kernel_profile/K2.5-tp4ep8dp2-8k2k,decode,3,cuda_graph_envelope,execute_context_0(0)_generation_51(51),4041.000000,641.388000,6300,,,146.096000,11515.000000,0.000000,1.516977,0.595460,0.357492,0.047048,0.031093,0.000000,passed,mixed_mla_attention_dominates,decode_mla_attention_dominates,kernel_profile_collected_prefill_and_decode,classify_prefill_execution_and_decode_slope_from_kernel_profile,false,true,true,false,false,false,true,No-Go
phase427_kernel_profile,kernel,K2.5-tp4ep8dp2-8k2k,docs/iter_gap_investigation/phase427_kernel_profile/K2.5-tp4ep8dp2-8k2k,decode,3,mla_attention,void cutlass::device_kernel<flash::enable_sm90_or_la...,421.702000,192.911000,2186,,,146.096000,11515.000000,0.000000,1.516977,0.595460,0.357492,0.047048,0.031093,0.000000,passed,mixed_mla_attention_dominates,decode_mla_attention_dominates,kernel_profile_collected_prefill_and_decode,classify_prefill_execution_and_decode_slope_from_kernel_profile,false,true,true,false,false,false,true,No-Go
phase427_kernel_profile,kernel,K2.5-tp4ep8dp2-8k2k,docs/iter_gap_investigation/phase427_kernel_profile/K2.5-tp4ep8dp2-8k2k,decode,3,moe_gemm_or_aux,"void marlin_moe_wna16::Marlin<1125899906909960l, 112...",403.413000,93.730000,4304,,,146.096000,11515.000000,0.000000,1.516977,0.595460,0.357492,0.047048,0.031093,0.000000,passed,mixed_mla_attention_dominates,decode_mla_attention_dominates,kernel_profile_collected_prefill_and_decode,classify_prefill_execution_and_decode_slope_from_kernel_profile,false,true,true,false,false,false,true,No-Go
phase427_kernel_profile,kernel,K2.5-tp4ep8dp2-8k2k,docs/iter_gap_investigation/phase427_kernel_profile/K2.5-tp4ep8dp2-8k2k,decode,3,ep_a2a,ncclDevKernel_ReduceScatter_Sum_bf16_RING_LL(ncclDev...,176.112000,81.836000,2152,,,146.096000,11515.000000,0.000000,1.516977,0.595460,0.357492,0.047048,0.031093,0.000000,passed,mixed_mla_attention_dominates,decode_mla_attention_dominates,kernel_profile_collected_prefill_and_decode,classify_prefill_execution_and_decode_slope_from_kernel_profile,false,true,true,false,false,false,true,No-Go
phase427_kernel_profile,kernel,K2.5-tp4ep8dp2-8k2k,docs/iter_gap_investigation/phase427_kernel_profile/K2.5-tp4ep8dp2-8k2k,decode,3,ep_a2a,ncclDevKernel_AllGather_RING_LL(ncclDevKernelArgsSto...,100.014000,23.045000,4340,,,146.096000,11515.000000,0.000000,1.516977,0.595460,0.357492,0.047048,0.031093,0.000000,passed,mixed_mla_attention_dominates,decode_mla_attention_dominates,kernel_profile_collected_prefill_and_decode,classify_prefill_execution_and_decode_slope_from_kernel_profile,false,true,true,false,false,false,true,No-Go
phase427_kernel_profile,kernel,K2.5-tp4ep8dp2-8k2k,docs/iter_gap_investigation/phase427_kernel_profile/K2.5-tp4ep8dp2-8k2k,decode,3,dense_gemm,nvjet_tst_64x16_64x16_2x1_v_bz_splitK_TNT,39.821000,18.504000,2152,,,146.096000,11515.000000,0.000000,1.516977,0.595460,0.357492,0.047048,0.031093,0.000000,passed,mixed_mla_attention_dominates,decode_mla_attention_dominates,kernel_profile_collected_prefill_and_decode,classify_prefill_execution_and_decode_slope_from_kernel_profile,false,true,true,false,false,false,true,No-Go
phase427_kernel_profile,kernel,K2.5-tp4ep8dp2-8k2k,docs/iter_gap_investigation/phase427_kernel_profile/K2.5-tp4ep8dp2-8k2k,decode,3,tp_or_dp_allreduce,"void vllm::cross_device_reduce_2stage<__nv_bfloat16,...",30.346000,13.445000,2257,,,146.096000,11515.000000,0.000000,1.516977,0.595460,0.357492,0.047048,0.031093,0.000000,passed,mixed_mla_attention_dominates,decode_mla_attention_dominates,kernel_profile_collected_prefill_and_decode,classify_prefill_execution_and_decode_slope_from_kernel_profile,false,true,true,false,false,false,true,No-Go
phase427_kernel_profile,kernel,K2.5-tp4ep8dp2-8k2k,docs/iter_gap_investigation/phase427_kernel_profile/K2.5-tp4ep8dp2-8k2k,decode,3,dense_gemm,nvjet_tst_64x16_64x16_4x1_v_bz_TNT,27.729000,12.885000,2152,,,146.096000,11515.000000,0.000000,1.516977,0.595460,0.357492,0.047048,0.031093,0.000000,passed,mixed_mla_attention_dominates,decode_mla_attention_dominates,kernel_profile_collected_prefill_and_decode,classify_prefill_execution_and_decode_slope_from_kernel_profile,false,true,true,false,false,false,true,No-Go
phase427_kernel_profile,kernel,K2.5-tp4ep8dp2-8k2k,docs/iter_gap_investigation/phase427_kernel_profile/K2.5-tp4ep8dp2-8k2k,decode,3,dense_gemm,nvjet_tst_64x56_64x14_4x1_v_bz_splitK_TNT,25.846000,11.823000,2186,,,146.096000,11515.000000,0.000000,1.516977,0.595460,0.357492,0.047048,0.031093,0.000000,passed,mixed_mla_attention_dominates,decode_mla_attention_dominates,kernel_profile_collected_prefill_and_decode,classify_prefill_execution_and_decode_slope_from_kernel_profile,false,true,true,false,false,false,true,No-Go
phase427_kernel_profile,kernel,K2.5-tp4ep8dp2-8k2k,docs/iter_gap_investigation/phase427_kernel_profile/K2.5-tp4ep8dp2-8k2k,decode,3,dense_gemm,nvjet_tst_64x56_64x14_4x1_v_bz_TNT,23.232000,10.455000,2222,,,146.096000,11515.000000,0.000000,1.516977,0.595460,0.357492,0.047048,0.031093,0.000000,passed,mixed_mla_attention_dominates,decode_mla_attention_dominates,kernel_profile_collected_prefill_and_decode,classify_prefill_execution_and_decode_slope_from_kernel_profile,false,true,true,false,false,false,true,No-Go
phase427_kernel_profile,kernel,K2.5-tp4ep8dp2-8k2k,docs/iter_gap_investigation/phase427_kernel_profile/K2.5-tp4ep8dp2-8k2k,decode,3,other_cuda,"void at::native::reduce_kernel<128, 4, at::native::R...",21.403000,9.945000,2152,,,146.096000,11515.000000,0.000000,1.516977,0.595460,0.357492,0.047048,0.031093,0.000000,passed,mixed_mla_attention_dominates,decode_mla_attention_dominates,kernel_profile_collected_prefill_and_decode,classify_prefill_execution_and_decode_slope_from_kernel_profile,false,true,true,false,false,false,true,No-Go
phase427_kernel_profile,kernel,K2.5-tp4ep8dp2-8k2k,docs/iter_gap_investigation/phase427_kernel_profile/K2.5-tp4ep8dp2-8k2k,decode,3,dense_gemm,"void router_gemm_kernel_bf16_output<__nv_bfloat16, 1...",16.371000,7.607000,2152,,,146.096000,11515.000000,0.000000,1.516977,0.595460,0.357492,0.047048,0.031093,0.000000,passed,mixed_mla_attention_dominates,decode_mla_attention_dominates,kernel_profile_collected_prefill_and_decode,classify_prefill_execution_and_decode_slope_from_kernel_profile,false,true,true,false,false,false,true,No-Go
phase427_kernel_profile,kernel,K2.5-tp4ep8dp2-8k2k,docs/iter_gap_investigation/phase427_kernel_profile/K2.5-tp4ep8dp2-8k2k,decode,3,other_cuda,"void vllm::act_and_mul_kernel<c10::BFloat16, __nv_bf...",14.483000,6.730000,2152,,,146.096000,11515.000000,0.000000,1.516977,0.595460,0.357492,0.047048,0.031093,0.000000,passed,mixed_mla_attention_dominates,decode_mla_attention_dominates,kernel_profile_collected_prefill_and_decode,classify_prefill_execution_and_decode_slope_from_kernel_profile,false,true,true,false,false,false,true,No-Go
phase427_kernel_profile,kernel,K2.5-tp4ep8dp2-8k2k,docs/iter_gap_investigation/phase427_kernel_profile/K2.5-tp4ep8dp2-8k2k,decode,3,dense_gemm,nvjet_tst_64x32_64x16_4x2_h_bz_TNT,13.488000,6.170000,2186,,,146.096000,11515.000000,0.000000,1.516977,0.595460,0.357492,0.047048,0.031093,0.000000,passed,mixed_mla_attention_dominates,decode_mla_attention_dominates,kernel_profile_collected_prefill_and_decode,classify_prefill_execution_and_decode_slope_from_kernel_profile,false,true,true,false,false,false,true,No-Go
phase427_kernel_profile,kernel,K2.5-tp4ep8dp2-8k2k,docs/iter_gap_investigation/phase427_kernel_profile/K2.5-tp4ep8dp2-8k2k,decode,3,mla_attention,void cutlass::device_kernel<flash::FlashAttnFwdCombi...,11.495000,5.256000,2187,,,146.096000,11515.000000,0.000000,1.516977,0.595460,0.357492,0.047048,0.031093,0.000000,passed,mixed_mla_attention_dominates,decode_mla_attention_dominates,kernel_profile_collected_prefill_and_decode,classify_prefill_execution_and_decode_slope_from_kernel_profile,false,true,true,false,false,false,true,No-Go
phase427_kernel_profile,kernel,K2.5-tp4ep8dp2-8k2k,docs/iter_gap_investigation/phase427_kernel_profile/K2.5-tp4ep8dp2-8k2k,decode,3,moe_gemm_or_aux,void vllm::moe::grouped_topk_fused_small_expert_coun...,9.858000,4.581000,2152,,,146.096000,11515.000000,0.000000,1.516977,0.595460,0.357492,0.047048,0.031093,0.000000,passed,mixed_mla_attention_dominates,decode_mla_attention_dominates,kernel_profile_collected_prefill_and_decode,classify_prefill_execution_and_decode_slope_from_kernel_profile,false,true,true,false,false,false,true,No-Go
phase427_kernel_profile,kernel,K2.5-tp4ep8dp2-8k2k,docs/iter_gap_investigation/phase427_kernel_profile/K2.5-tp4ep8dp2-8k2k,decode,3,dense_gemm,"void cublasLt::splitKreduce_kernel<32, 16, int, floa...",9.847000,2.270000,4338,,,146.096000,11515.000000,0.000000,1.516977,0.595460,0.357492,0.047048,0.031093,0.000000,passed,mixed_mla_attention_dominates,decode_mla_attention_dominates,kernel_profile_collected_prefill_and_decode,classify_prefill_execution_and_decode_slope_from_kernel_profile,false,true,true,false,false,false,true,No-Go
phase427_kernel_profile,kernel,K2.5-tp4ep8dp2-8k2k,docs/iter_gap_investigation/phase427_kernel_profile/K2.5-tp4ep8dp2-8k2k,decode,3,other_cuda,"void at::native::vectorized_elementwise_kernel<8, at...",9.796000,4.552000,2152,,,146.096000,11515.000000,0.000000,1.516977,0.595460,0.357492,0.047048,0.031093,0.000000,passed,mixed_mla_attention_dominates,decode_mla_attention_dominates,kernel_profile_collected_prefill_and_decode,classify_prefill_execution_and_decode_slope_from_kernel_profile,false,true,true,false,false,false,true,No-Go
phase427_kernel_profile,kernel,K2.5-tp4ep8dp2-8k2k,docs/iter_gap_investigation/phase427_kernel_profile/K2.5-tp4ep8dp2-8k2k,decode,3,other_cuda,aten::copy_,8.580000,8.755000,980,,,146.096000,11515.000000,0.000000,1.516977,0.595460,0.357492,0.047048,0.031093,0.000000,passed,mixed_mla_attention_dominates,decode_mla_attention_dominates,kernel_profile_collected_prefill_and_decode,classify_prefill_execution_and_decode_slope_from_kernel_profile,false,true,true,false,false,false,true,No-Go
phase427_kernel_profile,kernel,K2.5-tp4ep8dp2-8k2k,docs/iter_gap_investigation/phase427_kernel_profile/K2.5-tp4ep8dp2-8k2k,decode,3,other_cuda,triton_red_fused__to_copy_add_mean_min_latency_fused...,8.496000,4.015000,2116,,,146.096000,11515.000000,0.000000,1.516977,0.595460,0.357492,0.047048,0.031093,0.000000,passed,mixed_mla_attention_dominates,decode_mla_attention_dominates,kernel_profile_collected_prefill_and_decode,classify_prefill_execution_and_decode_slope_from_kernel_profile,false,true,true,false,false,false,true,No-Go
phase427_kernel_profile,kernel,K2.5-tp4ep8dp2-8k2k,docs/iter_gap_investigation/phase427_kernel_profile/K2.5-tp4ep8dp2-8k2k,decode,3,dense_gemm,nvjet_tst_64x24_64x16_2x1_v_bz_TNT,8.332000,3.810000,2187,,,146.096000,11515.000000,0.000000,1.516977,0.595460,0.357492,0.047048,0.031093,0.000000,passed,mixed_mla_attention_dominates,decode_mla_attention_dominates,kernel_profile_collected_prefill_and_decode,classify_prefill_execution_and_decode_slope_from_kernel_profile,false,true,true,false,false,false,true,No-Go
phase427_kernel_profile,kernel,K2.5-tp4ep8dp2-8k2k,docs/iter_gap_investigation/phase427_kernel_profile/K2.5-tp4ep8dp2-8k2k,decode,3,dense_gemm,nvjet_tst_64x56_64x14_2x1_v_bz_NNT,8.210000,3.756000,2186,,,146.096000,11515.000000,0.000000,1.516977,0.595460,0.357492,0.047048,0.031093,0.000000,passed,mixed_mla_attention_dominates,decode_mla_attention_dominates,kernel_profile_collected_prefill_and_decode,classify_prefill_execution_and_decode_slope_from_kernel_profile,false,true,true,false,false,false,true,No-Go
phase427_kernel_profile,kernel,K2.5-tp4ep8dp2-8k2k,docs/iter_gap_investigation/phase427_kernel_profile/K2.5-tp4ep8dp2-8k2k,decode,3,moe_gemm_or_aux,void vllm::moe::moe_align_block_size_kernel<int>(int...,7.503000,3.487000,2152,,,146.096000,11515.000000,0.000000,1.516977,0.595460,0.357492,0.047048,0.031093,0.000000,passed,mixed_mla_attention_dominates,decode_mla_attention_dominates,kernel_profile_collected_prefill_and_decode,classify_prefill_execution_and_decode_slope_from_kernel_profile,false,true,true,false,false,false,true,No-Go
phase427_kernel_profile,kernel,K2.5-tp4ep8dp2-8k2k,docs/iter_gap_investigation/phase427_kernel_profile/K2.5-tp4ep8dp2-8k2k,decode,3,memcpy_memset,Memcpy HtoD (Pinned -> Device),6.390000,22.822000,280,,,146.096000,11515.000000,0.000000,1.516977,0.595460,0.357492,0.047048,0.031093,0.000000,passed,mixed_mla_attention_dominates,decode_mla_attention_dominates,kernel_profile_collected_prefill_and_decode,classify_prefill_execution_and_decode_slope_from_kernel_profile,false,true,true,false,false,false,true,No-Go
phase427_kernel_profile,kernel,K2.5-tp4ep8dp2-8k2k,docs/iter_gap_investigation/phase427_kernel_profile/K2.5-tp4ep8dp2-8k2k,decode,3,other_cuda,triton_red_fused__to_copy_add_mean_mul_pow_rsqrt_seq...,6.021000,2.798000,2152,,,146.096000,11515.000000,0.000000,1.516977,0.595460,0.357492,0.047048,0.031093,0.000000,passed,mixed_mla_attention_dominates,decode_mla_attention_dominates,kernel_profile_collected_prefill_and_decode,classify_prefill_execution_and_decode_slope_from_kernel_profile,false,true,true,false,false,false,true,No-Go
phase427_kernel_profile,kernel,K2.5-tp4ep8dp2-8k2k,docs/iter_gap_investigation/phase427_kernel_profile/K2.5-tp4ep8dp2-8k2k,decode,3,dense_gemm,nvjet_tst_320x64_64x4_2x1_v_bz_TNT,5.360000,148.892000,36,,,146.096000,11515.000000,0.000000,1.516977,0.595460,0.357492,0.047048,0.031093,0.000000,passed,mixed_mla_attention_dominates,decode_mla_attention_dominates,kernel_profile_collected_prefill_and_decode,classify_prefill_execution_and_decode_slope_from_kernel_profile,false,true,true,false,false,false,true,No-Go
phase427_kernel_profile,kernel,K2.5-tp4ep8dp2-8k2k,docs/iter_gap_investigation/phase427_kernel_profile/K2.5-tp4ep8dp2-8k2k,decode,3,dense_gemm,aten::mm,5.212000,148.920000,35,,,146.096000,11515.000000,0.000000,1.516977,0.595460,0.357492,0.047048,0.031093,0.000000,passed,mixed_mla_attention_dominates,decode_mla_attention_dominates,kernel_profile_collected_prefill_and_decode,classify_prefill_execution_and_decode_slope_from_kernel_profile,false,true,true,false,false,false,true,No-Go
phase427_kernel_profile,kernel,K2.5-tp4ep8dp2-8k2k,docs/iter_gap_investigation/phase427_kernel_profile/K2.5-tp4ep8dp2-8k2k,decode,3,other_cuda,triton_poi_fused_add_clone_copy_expand_index_mul_neg...,4.394000,2.043000,2151,,,146.096000,11515.000000,0.000000,1.516977,0.595460,0.357492,0.047048,0.031093,0.000000,passed,mixed_mla_attention_dominates,decode_mla_attention_dominates,kernel_profile_collected_prefill_and_decode,classify_prefill_execution_and_decode_slope_from_kernel_profile,false,true,true,false,false,false,true,No-Go
phase427_kernel_profile,kernel,K2.5-tp4ep8dp2-8k2k,docs/iter_gap_investigation/phase427_kernel_profile/K2.5-tp4ep8dp2-8k2k,decode,3,mla_attention,void vllm::concat_and_cache_mla_kernel<__nv_bfloat16...,4.309000,1.971000,2186,,,146.096000,11515.000000,0.000000,1.516977,0.595460,0.357492,0.047048,0.031093,0.000000,passed,mixed_mla_attention_dominates,decode_mla_attention_dominates,kernel_profile_collected_prefill_and_decode,classify_prefill_execution_and_decode_slope_from_kernel_profile,false,true,true,false,false,false,true,No-Go
phase427_kernel_profile,kernel,K2.5-tp4ep8dp2-8k2k,docs/iter_gap_investigation/phase427_kernel_profile/K2.5-tp4ep8dp2-8k2k,decode,3,other_cuda,triton_red_fused_4,4.229000,1.966000,2151,,,146.096000,11515.000000,0.000000,1.516977,0.595460,0.357492,0.047048,0.031093,0.000000,passed,mixed_mla_attention_dominates,decode_mla_attention_dominates,kernel_profile_collected_prefill_and_decode,classify_prefill_execution_and_decode_slope_from_kernel_profile,false,true,true,false,false,false,true,No-Go
phase427_kernel_profile,kernel,K2.5-tp4ep8dp2-8k2k,docs/iter_gap_investigation/phase427_kernel_profile/K2.5-tp4ep8dp2-8k2k,decode,3,other_cuda,triton_poi_fused_3,3.657000,1.700000,2151,,,146.096000,11515.000000,0.000000,1.516977,0.595460,0.357492,0.047048,0.031093,0.000000,passed,mixed_mla_attention_dominates,decode_mla_attention_dominates,kernel_profile_collected_prefill_and_decode,classify_prefill_execution_and_decode_slope_from_kernel_profile,false,true,true,false,false,false,true,No-Go
phase427_kernel_profile,kernel,K2.5-tp4ep8dp2-8k2k,docs/iter_gap_investigation/phase427_kernel_profile/K2.5-tp4ep8dp2-8k2k,decode,3,other_cuda,triton_poi_fused_add_all_gather_mul_1,3.276000,1.522000,2152,,,146.096000,11515.000000,0.000000,1.516977,0.595460,0.357492,0.047048,0.031093,0.000000,passed,mixed_mla_attention_dominates,decode_mla_attention_dominates,kernel_profile_collected_prefill_and_decode,classify_prefill_execution_and_decode_slope_from_kernel_profile,false,true,true,false,false,false,true,No-Go
phase427_kernel_profile,kernel,K2.5-tp4ep8dp2-8k2k,docs/iter_gap_investigation/phase427_kernel_profile/K2.5-tp4ep8dp2-8k2k,decode,3,moe_gemm_or_aux,void vllm::moe::count_and_sort_expert_tokens_kernel<...,3.240000,1.506000,2152,,,146.096000,11515.000000,0.000000,1.516977,0.595460,0.357492,0.047048,0.031093,0.000000,passed,mixed_mla_attention_dominates,decode_mla_attention_dominates,kernel_profile_collected_prefill_and_decode,classify_prefill_execution_and_decode_slope_from_kernel_profile,false,true,true,false,false,false,true,No-Go
phase427_kernel_profile,kernel,K2.5-tp4ep8dp2-8k2k,docs/iter_gap_investigation/phase427_kernel_profile/K2.5-tp4ep8dp2-8k2k,decode,3,other_cuda,triton_poi_fused_mul_silu_slice_0,3.101000,1.441000,2152,,,146.096000,11515.000000,0.000000,1.516977,0.595460,0.357492,0.047048,0.031093,0.000000,passed,mixed_mla_attention_dominates,decode_mla_attention_dominates,kernel_profile_collected_prefill_and_decode,classify_prefill_execution_and_decode_slope_from_kernel_profile,false,true,true,false,false,false,true,No-Go
phase427_kernel_profile,kernel,K2.5-tp4ep8dp2-8k2k,docs/iter_gap_investigation/phase427_kernel_profile/K2.5-tp4ep8dp2-8k2k,decode,3,other_cuda,record_param_comms,2.407000,68.771000,35,,,146.096000,11515.000000,0.000000,1.516977,0.595460,0.357492,0.047048,0.031093,0.000000,passed,mixed_mla_attention_dominates,decode_mla_attention_dominates,kernel_profile_collected_prefill_and_decode,classify_prefill_execution_and_decode_slope_from_kernel_profile,false,true,true,false,false,false,true,No-Go
phase427_kernel_profile,kernel,K2.5-tp4ep8dp2-8k2k,docs/iter_gap_investigation/phase427_kernel_profile/K2.5-tp4ep8dp2-8k2k,decode,3,ep_a2a,nccl:_all_gather_base,2.407000,68.771000,35,,,146.096000,11515.000000,0.000000,1.516977,0.595460,0.357492,0.047048,0.031093,0.000000,passed,mixed_mla_attention_dominates,decode_mla_attention_dominates,kernel_profile_collected_prefill_and_decode,classify_prefill_execution_and_decode_slope_from_kernel_profile,false,true,true,false,false,false,true,No-Go
phase427_kernel_profile,kernel,K2.5-tp4ep8dp2-8k2k,docs/iter_gap_investigation/phase427_kernel_profile/K2.5-tp4ep8dp2-8k2k,decode,3,dense_gemm,nvjet_tst_80x64_64x11_4x1_v_bz_TNN,1.228000,35.080000,35,,,146.096000,11515.000000,0.000000,1.516977,0.595460,0.357492,0.047048,0.031093,0.000000,passed,mixed_mla_attention_dominates,decode_mla_attention_dominates,kernel_profile_collected_prefill_and_decode,classify_prefill_execution_and_decode_slope_from_kernel_profile,false,true,true,false,false,false,true,No-Go
phase427_kernel_profile,kernel,K2.5-tp4ep8dp2-8k2k,docs/iter_gap_investigation/phase427_kernel_profile/K2.5-tp4ep8dp2-8k2k,decode,3,other_cuda,aten::argmax,0.797288,22.780000,35,,,146.096000,11515.000000,0.000000,1.516977,0.595460,0.357492,0.047048,0.031093,0.000000,passed,mixed_mla_attention_dominates,decode_mla_attention_dominates,kernel_profile_collected_prefill_and_decode,classify_prefill_execution_and_decode_slope_from_kernel_profile,false,true,true,false,false,false,true,No-Go
phase427_kernel_profile,kernel,K2.5-tp4ep8dp2-8k2k,docs/iter_gap_investigation/phase427_kernel_profile/K2.5-tp4ep8dp2-8k2k,decode,3,other_cuda,void at::native::unrolled_elementwise_kernel<at::nat...,0.789703,21.936000,36,,,146.096000,11515.000000,0.000000,1.516977,0.595460,0.357492,0.047048,0.031093,0.000000,passed,mixed_mla_attention_dominates,decode_mla_attention_dominates,kernel_profile_collected_prefill_and_decode,classify_prefill_execution_and_decode_slope_from_kernel_profile,false,true,true,false,false,false,true,No-Go
phase427_kernel_profile,kernel,K2.5-tp4ep8dp2-8k2k,docs/iter_gap_investigation/phase427_kernel_profile/K2.5-tp4ep8dp2-8k2k,decode,3,other_cuda,"void at::native::reduce_kernel<512, 1, at::native::R...",0.761254,21.146000,36,,,146.096000,11515.000000,0.000000,1.516977,0.595460,0.357492,0.047048,0.031093,0.000000,passed,mixed_mla_attention_dominates,decode_mla_attention_dominates,kernel_profile_collected_prefill_and_decode,classify_prefill_execution_and_decode_slope_from_kernel_profile,false,true,true,false,false,false,true,No-Go
phase427_kernel_profile,kernel,K2.5-tp4ep8dp2-8k2k,docs/iter_gap_investigation/phase427_kernel_profile/K2.5-tp4ep8dp2-8k2k,decode,3,other_cuda,"void at::native::elementwise_kernel<128, 4, at::nati...",0.757097,21.030000,36,,,146.096000,11515.000000,0.000000,1.516977,0.595460,0.357492,0.047048,0.031093,0.000000,passed,mixed_mla_attention_dominates,decode_mla_attention_dominates,kernel_profile_collected_prefill_and_decode,classify_prefill_execution_and_decode_slope_from_kernel_profile,false,true,true,false,false,false,true,No-Go
phase427_kernel_profile,kernel,K2.5-tp4ep8dp2-8k2k,docs/iter_gap_investigation/phase427_kernel_profile/K2.5-tp4ep8dp2-8k2k,decode,3,tp_or_dp_allreduce,_C_custom_ar::all_reduce,0.493762,14.107000,35,,,146.096000,11515.000000,0.000000,1.516977,0.595460,0.357492,0.047048,0.031093,0.000000,passed,mixed_mla_attention_dominates,decode_mla_attention_dominates,kernel_profile_collected_prefill_and_decode,classify_prefill_execution_and_decode_slope_from_kernel_profile,false,true,true,false,false,false,true,No-Go
phase427_kernel_profile,kernel,K2.5-tp4ep8dp2-8k2k,docs/iter_gap_investigation/phase427_kernel_profile/K2.5-tp4ep8dp2-8k2k,decode,3,memcpy_memset,Memcpy DtoD (Device -> Device),0.268708,1.280000,210,,,146.096000,11515.000000,0.000000,1.516977,0.595460,0.357492,0.047048,0.031093,0.000000,passed,mixed_mla_attention_dominates,decode_mla_attention_dominates,kernel_profile_collected_prefill_and_decode,classify_prefill_execution_and_decode_slope_from_kernel_profile,false,true,true,false,false,false,true,No-Go
phase427_kernel_profile,kernel,K2.5-tp4ep8dp2-8k2k,docs/iter_gap_investigation/phase427_kernel_profile/K2.5-tp4ep8dp2-8k2k,decode,3,other_cuda,void at::native::unrolled_elementwise_kernel<at::nat...,0.256388,1.793000,143,,,146.096000,11515.000000,0.000000,1.516977,0.595460,0.357492,0.047048,0.031093,0.000000,passed,mixed_mla_attention_dominates,decode_mla_attention_dominates,kernel_profile_collected_prefill_and_decode,classify_prefill_execution_and_decode_slope_from_kernel_profile,false,true,true,false,false,false,true,No-Go
phase427_kernel_profile,kernel,K2.5-tp4ep8dp2-8k2k,docs/iter_gap_investigation/phase427_kernel_profile/K2.5-tp4ep8dp2-8k2k,decode,3,other_cuda,aten::fill_,0.220736,0.485000,455,,,146.096000,11515.000000,0.000000,1.516977,0.595460,0.357492,0.047048,0.031093,0.000000,passed,mixed_mla_attention_dominates,decode_mla_attention_dominates,kernel_profile_collected_prefill_and_decode,classify_prefill_execution_and_decode_slope_from_kernel_profile,false,true,true,false,false,false,true,No-Go
phase427_kernel_profile,kernel,K2.5-tp4ep8dp2-8k2k,docs/iter_gap_investigation/phase427_kernel_profile/K2.5-tp4ep8dp2-8k2k,decode,3,other_cuda,cudaEventRecord,0.190401,0.907000,210,,,146.096000,11515.000000,0.000000,1.516977,0.595460,0.357492,0.047048,0.031093,0.000000,passed,mixed_mla_attention_dominates,decode_mla_attention_dominates,kernel_profile_collected_prefill_and_decode,classify_prefill_execution_and_decode_slope_from_kernel_profile,false,true,true,false,false,false,true,No-Go
phase427_kernel_profile,kernel,K2.5-tp4ep8dp2-8k2k,docs/iter_gap_investigation/phase427_kernel_profile/K2.5-tp4ep8dp2-8k2k,decode,3,other_cuda,triton_red_fused__to_copy_add_mean_mul_pow_rsqrt_sli...,0.185315,5.148000,36,,,146.096000,11515.000000,0.000000,1.516977,0.595460,0.357492,0.047048,0.031093,0.000000,passed,mixed_mla_attention_dominates,decode_mla_attention_dominates,kernel_profile_collected_prefill_and_decode,classify_prefill_execution_and_decode_slope_from_kernel_profile,false,true,true,false,false,false,true,No-Go
phase427_kernel_profile,kernel,K2.5-tp4ep8dp2-8k2k,docs/iter_gap_investigation/phase427_kernel_profile/K2.5-tp4ep8dp2-8k2k,decode,3,memcpy_memset,Memcpy DtoH (Device -> Pinned),0.174881,4.858000,36,,,146.096000,11515.000000,0.000000,1.516977,0.595460,0.357492,0.047048,0.031093,0.000000,passed,mixed_mla_attention_dominates,decode_mla_attention_dominates,kernel_profile_collected_prefill_and_decode,classify_prefill_execution_and_decode_slope_from_kernel_profile,false,true,true,false,false,false,true,No-Go
phase427_kernel_profile,kernel,K2.5-tp4ep8dp2-8k2k,docs/iter_gap_investigation/phase427_kernel_profile/K2.5-tp4ep8dp2-8k2k,decode,3,other_cuda,aten::index,0.236294,3.376000,70,,,146.096000,11515.000000,0.000000,1.516977,0.595460,0.357492,0.047048,0.031093,0.000000,passed,mixed_mla_attention_dominates,decode_mla_attention_dominates,kernel_profile_collected_prefill_and_decode,classify_prefill_execution_and_decode_slope_from_kernel_profile,false,true,true,false,false,false,true,No-Go
phase427_kernel_profile,kernel,K2.5-tp4ep8dp2-8k2k,docs/iter_gap_investigation/phase427_kernel_profile/K2.5-tp4ep8dp2-8k2k,decode,3,other_cuda,cudaDriverGetVersion,0.157569,4.502000,35,,,146.096000,11515.000000,0.000000,1.516977,0.595460,0.357492,0.047048,0.031093,0.000000,passed,mixed_mla_attention_dominates,decode_mla_attention_dominates,kernel_profile_collected_prefill_and_decode,classify_prefill_execution_and_decode_slope_from_kernel_profile,false,true,true,false,false,false,true,No-Go
phase427_kernel_profile,kernel,K2.5-tp4ep8dp2-8k2k,docs/iter_gap_investigation/phase427_kernel_profile/K2.5-tp4ep8dp2-8k2k,decode,3,other_cuda,triton_red_fused__to_copy_add_mean_min_latency_fused...,0.147906,4.226000,35,,,146.096000,11515.000000,0.000000,1.516977,0.595460,0.357492,0.047048,0.031093,0.000000,passed,mixed_mla_attention_dominates,decode_mla_attention_dominates,kernel_profile_collected_prefill_and_decode,classify_prefill_execution_and_decode_slope_from_kernel_profile,false,true,true,false,false,false,true,No-Go
phase427_kernel_profile,kernel,K2.5-tp4ep8dp2-8k2k,docs/iter_gap_investigation/phase427_kernel_profile/K2.5-tp4ep8dp2-8k2k,decode,3,other_cuda,"void at::native::vectorized_gather_kernel<16, long>(...",0.146563,2.064000,71,,,146.096000,11515.000000,0.000000,1.516977,0.595460,0.357492,0.047048,0.031093,0.000000,passed,mixed_mla_attention_dominates,decode_mla_attention_dominates,kernel_profile_collected_prefill_and_decode,classify_prefill_execution_and_decode_slope_from_kernel_profile,false,true,true,false,false,false,true,No-Go
phase427_kernel_profile,kernel,K2.5-tp4ep8dp2-8k2k,docs/iter_gap_investigation/phase427_kernel_profile/K2.5-tp4ep8dp2-8k2k,decode,3,other_cuda,aten::masked_fill_,0.111810,3.195000,35,,,146.096000,11515.000000,0.000000,1.516977,0.595460,0.357492,0.047048,0.031093,0.000000,passed,mixed_mla_attention_dominates,decode_mla_attention_dominates,kernel_profile_collected_prefill_and_decode,classify_prefill_execution_and_decode_slope_from_kernel_profile,false,true,true,false,false,false,true,No-Go
phase427_kernel_profile,kernel,K2.5-tp4ep8dp2-8k2k,docs/iter_gap_investigation/phase427_kernel_profile/K2.5-tp4ep8dp2-8k2k,decode,3,other_cuda,"void at::native::elementwise_kernel<128, 4, at::nati...",0.111810,3.195000,35,,,146.096000,11515.000000,0.000000,1.516977,0.595460,0.357492,0.047048,0.031093,0.000000,passed,mixed_mla_attention_dominates,decode_mla_attention_dominates,kernel_profile_collected_prefill_and_decode,classify_prefill_execution_and_decode_slope_from_kernel_profile,false,true,true,false,false,false,true,No-Go
phase427_kernel_profile,kernel,K2.5-tp4ep8dp2-8k2k,docs/iter_gap_investigation/phase427_kernel_profile/K2.5-tp4ep8dp2-8k2k,decode,3,other_cuda,_compute_slot_mapping_kernel,0.110369,3.153000,35,,,146.096000,11515.000000,0.000000,1.516977,0.595460,0.357492,0.047048,0.031093,0.000000,passed,mixed_mla_attention_dominates,decode_mla_attention_dominates,kernel_profile_collected_prefill_and_decode,classify_prefill_execution_and_decode_slope_from_kernel_profile,false,true,true,false,false,false,true,No-Go
phase427_kernel_profile,kernel,K2.5-tp4ep8dp2-8k2k,docs/iter_gap_investigation/phase427_kernel_profile/K2.5-tp4ep8dp2-8k2k,decode,3,other_cuda,triton_red_fused__to_copy_add_clone_mean_min_latency...,0.106370,3.039000,35,,,146.096000,11515.000000,0.000000,1.516977,0.595460,0.357492,0.047048,0.031093,0.000000,passed,mixed_mla_attention_dominates,decode_mla_attention_dominates,kernel_profile_collected_prefill_and_decode,classify_prefill_execution_and_decode_slope_from_kernel_profile,false,true,true,false,false,false,true,No-Go
phase427_kernel_profile,kernel,K2.5-tp4ep8dp2-8k2k,docs/iter_gap_investigation/phase427_kernel_profile/K2.5-tp4ep8dp2-8k2k,decode,3,other_cuda,"void at::native::index_elementwise_kernel<128, 4, at...",0.105378,2.927000,36,,,146.096000,11515.000000,0.000000,1.516977,0.595460,0.357492,0.047048,0.031093,0.000000,passed,mixed_mla_attention_dominates,decode_mla_attention_dominates,kernel_profile_collected_prefill_and_decode,classify_prefill_execution_and_decode_slope_from_kernel_profile,false,true,true,false,false,false,true,No-Go
phase427_kernel_profile,kernel,K2.5-tp4ep8dp2-8k2k,docs/iter_gap_investigation/phase427_kernel_profile/K2.5-tp4ep8dp2-8k2k,decode,3,other_cuda,aten::_index_put_impl_,0.230530,6.587000,35,,,146.096000,11515.000000,0.000000,1.516977,0.595460,0.357492,0.047048,0.031093,0.000000,passed,mixed_mla_attention_dominates,decode_mla_attention_dominates,kernel_profile_collected_prefill_and_decode,classify_prefill_execution_and_decode_slope_from_kernel_profile,false,true,true,false,false,false,true,No-Go
phase427_kernel_profile,kernel,K2.5-tp4ep8dp2-8k2k,docs/iter_gap_investigation/phase427_kernel_profile/K2.5-tp4ep8dp2-8k2k,decode,3,other_cuda,aten::add,0.101894,0.970000,105,,,146.096000,11515.000000,0.000000,1.516977,0.595460,0.357492,0.047048,0.031093,0.000000,passed,mixed_mla_attention_dominates,decode_mla_attention_dominates,kernel_profile_collected_prefill_and_decode,classify_prefill_execution_and_decode_slope_from_kernel_profile,false,true,true,false,false,false,true,No-Go
phase427_kernel_profile,kernel,K2.5-tp4ep8dp2-8k2k,docs/iter_gap_investigation/phase427_kernel_profile/K2.5-tp4ep8dp2-8k2k,decode,3,other_cuda,triton_red_fused__to_copy_add_mean_mul_pow_rsqrt_0,0.097663,2.790000,35,,,146.096000,11515.000000,0.000000,1.516977,0.595460,0.357492,0.047048,0.031093,0.000000,passed,mixed_mla_attention_dominates,decode_mla_attention_dominates,kernel_profile_collected_prefill_and_decode,classify_prefill_execution_and_decode_slope_from_kernel_profile,false,true,true,false,false,false,true,No-Go
phase427_kernel_profile,kernel,K2.5-tp4ep8dp2-8k2k,docs/iter_gap_investigation/phase427_kernel_profile/K2.5-tp4ep8dp2-8k2k,decode,3,other_cuda,"void at::native::index_elementwise_kernel<128, 4, at...",0.095428,2.727000,35,,,146.096000,11515.000000,0.000000,1.516977,0.595460,0.357492,0.047048,0.031093,0.000000,passed,mixed_mla_attention_dominates,decode_mla_attention_dominates,kernel_profile_collected_prefill_and_decode,classify_prefill_execution_and_decode_slope_from_kernel_profile,false,true,true,false,false,false,true,No-Go
phase427_kernel_profile,kernel,K2.5-tp4ep8dp2-8k2k,docs/iter_gap_investigation/phase427_kernel_profile/K2.5-tp4ep8dp2-8k2k,decode,3,other_cuda,"void at::native::vectorized_elementwise_kernel<4, at...",0.085956,1.228000,70,,,146.096000,11515.000000,0.000000,1.516977,0.595460,0.357492,0.047048,0.031093,0.000000,passed,mixed_mla_attention_dominates,decode_mla_attention_dominates,kernel_profile_collected_prefill_and_decode,classify_prefill_execution_and_decode_slope_from_kernel_profile,false,true,true,false,false,false,true,No-Go
phase427_kernel_profile,kernel,K2.5-tp4ep8dp2-8k2k,docs/iter_gap_investigation/phase427_kernel_profile/K2.5-tp4ep8dp2-8k2k,decode,3,other_cuda,triton_poi_fused_add_clone_copy_expand_index_mul_neg...,0.071877,2.054000,35,,,146.096000,11515.000000,0.000000,1.516977,0.595460,0.357492,0.047048,0.031093,0.000000,passed,mixed_mla_attention_dominates,decode_mla_attention_dominates,kernel_profile_collected_prefill_and_decode,classify_prefill_execution_and_decode_slope_from_kernel_profile,false,true,true,false,false,false,true,No-Go
phase427_kernel_profile,kernel,K2.5-tp4ep8dp2-8k2k,docs/iter_gap_investigation/phase427_kernel_profile/K2.5-tp4ep8dp2-8k2k,decode,3,other_cuda,aten::gather,0.070370,2.011000,35,,,146.096000,11515.000000,0.000000,1.516977,0.595460,0.357492,0.047048,0.031093,0.000000,passed,mixed_mla_attention_dominates,decode_mla_attention_dominates,kernel_profile_collected_prefill_and_decode,classify_prefill_execution_and_decode_slope_from_kernel_profile,false,true,true,false,false,false,true,No-Go
phase427_kernel_profile,kernel,K2.5-tp4ep8dp2-8k2k,docs/iter_gap_investigation/phase427_kernel_profile/K2.5-tp4ep8dp2-8k2k,decode,3,other_cuda,triton_red_fused_2,0.069889,1.997000,35,,,146.096000,11515.000000,0.000000,1.516977,0.595460,0.357492,0.047048,0.031093,0.000000,passed,mixed_mla_attention_dominates,decode_mla_attention_dominates,kernel_profile_collected_prefill_and_decode,classify_prefill_execution_and_decode_slope_from_kernel_profile,false,true,true,false,false,false,true,No-Go
phase427_kernel_profile,kernel,K2.5-tp4ep8dp2-8k2k,docs/iter_gap_investigation/phase427_kernel_profile/K2.5-tp4ep8dp2-8k2k,decode,3,mla_attention,_vllm_fa3_C::get_scheduler_metadata,0.069887,1.997000,35,,,146.096000,11515.000000,0.000000,1.516977,0.595460,0.357492,0.047048,0.031093,0.000000,passed,mixed_mla_attention_dominates,decode_mla_attention_dominates,kernel_profile_collected_prefill_and_decode,classify_prefill_execution_and_decode_slope_from_kernel_profile,false,true,true,false,false,false,true,No-Go
phase427_kernel_profile,kernel,K2.5-tp4ep8dp2-8k2k,docs/iter_gap_investigation/phase427_kernel_profile/K2.5-tp4ep8dp2-8k2k,decode,3,mla_attention,"void flash::prepare_varlen_num_blocks_kernel<2, fals...",0.069887,1.997000,35,,,146.096000,11515.000000,0.000000,1.516977,0.595460,0.357492,0.047048,0.031093,0.000000,passed,mixed_mla_attention_dominates,decode_mla_attention_dominates,kernel_profile_collected_prefill_and_decode,classify_prefill_execution_and_decode_slope_from_kernel_profile,false,true,true,false,false,false,true,No-Go
phase427_kernel_profile,kernel,K2.5-tp4ep8dp2-8k2k,docs/iter_gap_investigation/phase427_kernel_profile/K2.5-tp4ep8dp2-8k2k,decode,3,other_cuda,void at::native::unrolled_elementwise_kernel<at::nat...,0.069438,0.992000,70,,,146.096000,11515.000000,0.000000,1.516977,0.595460,0.357492,0.047048,0.031093,0.000000,passed,mixed_mla_attention_dominates,decode_mla_attention_dominates,kernel_profile_collected_prefill_and_decode,classify_prefill_execution_and_decode_slope_from_kernel_profile,false,true,true,false,false,false,true,No-Go
phase427_kernel_profile,kernel,K2.5-tp4ep8dp2-8k2k,docs/iter_gap_investigation/phase427_kernel_profile/K2.5-tp4ep8dp2-8k2k,decode,3,other_cuda,void at::native::unrolled_elementwise_kernel<at::nat...,0.065342,0.933000,70,,,146.096000,11515.000000,0.000000,1.516977,0.595460,0.357492,0.047048,0.031093,0.000000,passed,mixed_mla_attention_dominates,decode_mla_attention_dominates,kernel_profile_collected_prefill_and_decode,classify_prefill_execution_and_decode_slope_from_kernel_profile,false,true,true,false,false,false,true,No-Go
phase427_kernel_profile,kernel,K2.5-tp4ep8dp2-8k2k,docs/iter_gap_investigation/phase427_kernel_profile/K2.5-tp4ep8dp2-8k2k,decode,3,other_cuda,triton_poi_fused_1,0.061890,1.768000,35,,,146.096000,11515.000000,0.000000,1.516977,0.595460,0.357492,0.047048,0.031093,0.000000,passed,mixed_mla_attention_dominates,decode_mla_attention_dominates,kernel_profile_collected_prefill_and_decode,classify_prefill_execution_and_decode_slope_from_kernel_profile,false,true,true,false,false,false,true,No-Go
phase427_kernel_profile,kernel,K2.5-tp4ep8dp2-8k2k,docs/iter_gap_investigation/phase427_kernel_profile/K2.5-tp4ep8dp2-8k2k,decode,3,memcpy_memset,Memset (Device),0.059202,1.645000,36,,,146.096000,11515.000000,0.000000,1.516977,0.595460,0.357492,0.047048,0.031093,0.000000,passed,mixed_mla_attention_dominates,decode_mla_attention_dominates,kernel_profile_collected_prefill_and_decode,classify_prefill_execution_and_decode_slope_from_kernel_profile,false,true,true,false,false,false,true,No-Go
phase427_kernel_profile,kernel,K2.5-tp4ep8dp2-8k2k,docs/iter_gap_investigation/phase427_kernel_profile/K2.5-tp4ep8dp2-8k2k,decode,3,other_cuda,void at::native::unrolled_elementwise_kernel<at::nat...,0.055201,1.533000,36,,,146.096000,11515.000000,0.000000,1.516977,0.595460,0.357492,0.047048,0.031093,0.000000,passed,mixed_mla_attention_dominates,decode_mla_attention_dominates,kernel_profile_collected_prefill_and_decode,classify_prefill_execution_and_decode_slope_from_kernel_profile,false,true,true,false,false,false,true,No-Go
phase427_kernel_profile,kernel,K2.5-tp4ep8dp2-8k2k,docs/iter_gap_investigation/phase427_kernel_profile/K2.5-tp4ep8dp2-8k2k,decode,3,other_cuda,"void at::native::vectorized_elementwise_kernel<2, at...",0.054401,1.554000,35,,,146.096000,11515.000000,0.000000,1.516977,0.595460,0.357492,0.047048,0.031093,0.000000,passed,mixed_mla_attention_dominates,decode_mla_attention_dominates,kernel_profile_collected_prefill_and_decode,classify_prefill_execution_and_decode_slope_from_kernel_profile,false,true,true,false,false,false,true,No-Go
phase427_kernel_profile,kernel,K2.5-tp4ep8dp2-8k2k,docs/iter_gap_investigation/phase427_kernel_profile/K2.5-tp4ep8dp2-8k2k,decode,3,other_cuda,triton_poi_fused_mul_silu_slice_1,0.050718,1.449000,35,,,146.096000,11515.000000,0.000000,1.516977,0.595460,0.357492,0.047048,0.031093,0.000000,passed,mixed_mla_attention_dominates,decode_mla_attention_dominates,kernel_profile_collected_prefill_and_decode,classify_prefill_execution_and_decode_slope_from_kernel_profile,false,true,true,false,false,false,true,No-Go
phase427_kernel_profile,kernel,K2.5-tp4ep8dp2-8k2k,docs/iter_gap_investigation/phase427_kernel_profile/K2.5-tp4ep8dp2-8k2k,decode,3,other_cuda,triton_poi_fused_add_bitwise_and_bitwise_not_bitwise...,0.048866,1.396000,35,,,146.096000,11515.000000,0.000000,1.516977,0.595460,0.357492,0.047048,0.031093,0.000000,passed,mixed_mla_attention_dominates,decode_mla_attention_dominates,kernel_profile_collected_prefill_and_decode,classify_prefill_execution_and_decode_slope_from_kernel_profile,false,true,true,false,false,false,true,No-Go
phase427_kernel_profile,kernel,K2.5-tp4ep8dp2-8k2k,docs/iter_gap_investigation/phase427_kernel_profile/K2.5-tp4ep8dp2-8k2k,decode,3,other_cuda,triton_poi_fused_add_bitwise_and_bitwise_not_bitwise...,0.048866,1.396000,35,,,146.096000,11515.000000,0.000000,1.516977,0.595460,0.357492,0.047048,0.031093,0.000000,passed,mixed_mla_attention_dominates,decode_mla_attention_dominates,kernel_profile_collected_prefill_and_decode,classify_prefill_execution_and_decode_slope_from_kernel_profile,false,true,true,false,false,false,true,No-Go
phase427_kernel_profile,kernel,K2.5-tp4ep8dp2-8k2k,docs/iter_gap_investigation/phase427_kernel_profile/K2.5-tp4ep8dp2-8k2k,decode,3,other_cuda,## Call CompiledFxGraph fyjfar6iid5i7ocjv2yg2qxco47m...,0.048866,1.396000,35,,,146.096000,11515.000000,0.000000,1.516977,0.595460,0.357492,0.047048,0.031093,0.000000,passed,mixed_mla_attention_dominates,decode_mla_attention_dominates,kernel_profile_collected_prefill_and_decode,classify_prefill_execution_and_decode_slope_from_kernel_profile,false,true,true,false,false,false,true,No-Go
phase427_kernel_profile,kernel,K2.5-tp4ep8dp2-8k2k,docs/iter_gap_investigation/phase427_kernel_profile/K2.5-tp4ep8dp2-8k2k,decode,3,other_cuda,"void at::native::vectorized_elementwise_kernel<4, at...",0.047493,1.357000,35,,,146.096000,11515.000000,0.000000,1.516977,0.595460,0.357492,0.047048,0.031093,0.000000,passed,mixed_mla_attention_dominates,decode_mla_attention_dominates,kernel_profile_collected_prefill_and_decode,classify_prefill_execution_and_decode_slope_from_kernel_profile,false,true,true,false,false,false,true,No-Go
phase427_kernel_profile,kernel,K2.5-tp4ep8dp2-8k2k,docs/iter_gap_investigation/phase427_kernel_profile/K2.5-tp4ep8dp2-8k2k,decode,3,other_cuda,cudaStreamIsCapturing,0.045504,0.186000,245,,,146.096000,11515.000000,0.000000,1.516977,0.595460,0.357492,0.047048,0.031093,0.000000,passed,mixed_mla_attention_dominates,decode_mla_attention_dominates,kernel_profile_collected_prefill_and_decode,classify_prefill_execution_and_decode_slope_from_kernel_profile,false,true,true,false,false,false,true,No-Go
phase427_kernel_profile,kernel,K2.5-tp4ep8dp2-8k2k,docs/iter_gap_investigation/phase427_kernel_profile/K2.5-tp4ep8dp2-8k2k,decode,3,other_cuda,aten::sub,0.040038,0.572000,70,,,146.096000,11515.000000,0.000000,1.516977,0.595460,0.357492,0.047048,0.031093,0.000000,passed,mixed_mla_attention_dominates,decode_mla_attention_dominates,kernel_profile_collected_prefill_and_decode,classify_prefill_execution_and_decode_slope_from_kernel_profile,false,true,true,false,false,false,true,No-Go
phase427_kernel_profile,kernel,K2.5-tp4ep8dp2-8k2k,docs/iter_gap_investigation/phase427_kernel_profile/K2.5-tp4ep8dp2-8k2k,decode,3,other_cuda,void at::native::unrolled_elementwise_kernel<at::nat...,0.040038,1.144000,35,,,146.096000,11515.000000,0.000000,1.516977,0.595460,0.357492,0.047048,0.031093,0.000000,passed,mixed_mla_attention_dominates,decode_mla_attention_dominates,kernel_profile_collected_prefill_and_decode,classify_prefill_execution_and_decode_slope_from_kernel_profile,false,true,true,false,false,false,true,No-Go
phase427_kernel_profile,kernel,K2.5-tp4ep8dp2-8k2k,docs/iter_gap_investigation/phase427_kernel_profile/K2.5-tp4ep8dp2-8k2k,decode,3,other_cuda,cudaThreadExchangeStreamCaptureMode,0.018592,0.166000,112,,,146.096000,11515.000000,0.000000,1.516977,0.595460,0.357492,0.047048,0.031093,0.000000,passed,mixed_mla_attention_dominates,decode_mla_attention_dominates,kernel_profile_collected_prefill_and_decode,classify_prefill_execution_and_decode_slope_from_kernel_profile,false,true,true,false,false,false,true,No-Go
phase427_kernel_profile,kernel,K2.5-tp4ep8dp2-8k2k,docs/iter_gap_investigation/phase427_kernel_profile/K2.5-tp4ep8dp2-8k2k,decode,3,other_cuda,cudaEventSynchronize,0.004799,0.137000,35,,,146.096000,11515.000000,0.000000,1.516977,0.595460,0.357492,0.047048,0.031093,0.000000,passed,mixed_mla_attention_dominates,decode_mla_attention_dominates,kernel_profile_collected_prefill_and_decode,classify_prefill_execution_and_decode_slope_from_kernel_profile,false,true,true,false,false,false,true,No-Go
phase427_kernel_profile,kernel,K2.5-tp4ep8dp2-8k2k,docs/iter_gap_investigation/phase427_kernel_profile/K2.5-tp4ep8dp2-8k2k,decode,3,other_cuda,cudaEventQuery,0.004352,0.022000,195,,,146.096000,11515.000000,0.000000,1.516977,0.595460,0.357492,0.047048,0.031093,0.000000,passed,mixed_mla_attention_dominates,decode_mla_attention_dominates,kernel_profile_collected_prefill_and_decode,classify_prefill_execution_and_decode_slope_from_kernel_profile,false,true,true,false,false,false,true,No-Go
phase427_kernel_profile,kernel,K2.5-tp4ep8dp2-8k2k,docs/iter_gap_investigation/phase427_kernel_profile/K2.5-tp4ep8dp2-8k2k,decode,3,other_cuda,cuLaunchKernelEx,0.003392,0.032000,105,,,146.096000,11515.000000,0.000000,1.516977,0.595460,0.357492,0.047048,0.031093,0.000000,passed,mixed_mla_attention_dominates,decode_mla_attention_dominates,kernel_profile_collected_prefill_and_decode,classify_prefill_execution_and_decode_slope_from_kernel_profile,false,true,true,false,false,false,true,No-Go
phase427_kernel_profile,kernel,K2.5-tp4ep8dp2-8k2k,docs/iter_gap_investigation/phase427_kernel_profile/K2.5-tp4ep8dp2-8k2k,decode,3,other_cuda,cudaGraphLaunch,0.010079,0.288000,35,,,146.096000,11515.000000,0.000000,1.516977,0.595460,0.357492,0.047048,0.031093,0.000000,passed,mixed_mla_attention_dominates,decode_mla_attention_dominates,kernel_profile_collected_prefill_and_decode,classify_prefill_execution_and_decode_slope_from_kernel_profile,false,true,true,false,false,false,true,No-Go
phase427_kernel_profile,kernel,K2.5-tp4ep8dp2-8k2k,docs/iter_gap_investigation/phase427_kernel_profile/K2.5-tp4ep8dp2-8k2k,decode,3,other_cuda,cudaEventRecordWithFlags,0.002303,0.022000,105,,,146.096000,11515.000000,0.000000,1.516977,0.595460,0.357492,0.047048,0.031093,0.000000,passed,mixed_mla_attention_dominates,decode_mla_attention_dominates,kernel_profile_collected_prefill_and_decode,classify_prefill_execution_and_decode_slope_from_kernel_profile,false,true,true,false,false,false,true,No-Go
phase427_kernel_profile,kernel,K2.5-tp4ep8dp2-8k2k,docs/iter_gap_investigation/phase427_kernel_profile/K2.5-tp4ep8dp2-8k2k,decode,3,cuda_graph_envelope,execute_context_0(0)_generation_51(51),16.609000,474.539000,35,,,146.096000,11515.000000,0.000000,1.516977,0.595460,0.357492,0.047048,0.031093,0.000000,passed,mixed_mla_attention_dominates,decode_mla_attention_dominates,kernel_profile_collected_prefill_and_decode,classify_prefill_execution_and_decode_slope_from_kernel_profile,false,true,true,false,false,false,true,No-Go
phase427_kernel_profile,kernel,K2.5-tp4ep8dp2-8k2k,docs/iter_gap_investigation/phase427_kernel_profile/K2.5-tp4ep8dp2-8k2k,decode,3,other_cuda,aten::slice,0.000000,0.000000,1960,,,146.096000,11515.000000,0.000000,1.516977,0.595460,0.357492,0.047048,0.031093,0.000000,passed,mixed_mla_attention_dominates,decode_mla_attention_dominates,kernel_profile_collected_prefill_and_decode,classify_prefill_execution_and_decode_slope_from_kernel_profile,false,true,true,false,false,false,true,No-Go
phase427_kernel_profile,kernel,K2.5-tp4ep8dp2-8k2k,docs/iter_gap_investigation/phase427_kernel_profile/K2.5-tp4ep8dp2-8k2k,decode,3,other_cuda,aten::as_strided,0.000000,0.000000,2975,,,146.096000,11515.000000,0.000000,1.516977,0.595460,0.357492,0.047048,0.031093,0.000000,passed,mixed_mla_attention_dominates,decode_mla_attention_dominates,kernel_profile_collected_prefill_and_decode,classify_prefill_execution_and_decode_slope_from_kernel_profile,false,true,true,false,false,false,true,No-Go
phase427_kernel_profile,kernel,K2.5-tp4ep8dp2-8k2k,docs/iter_gap_investigation/phase427_kernel_profile/K2.5-tp4ep8dp2-8k2k,decode,3,memcpy_memset,cudaMemcpyAsync,0.000000,0.000000,525,,,146.096000,11515.000000,0.000000,1.516977,0.595460,0.357492,0.047048,0.031093,0.000000,passed,mixed_mla_attention_dominates,decode_mla_attention_dominates,kernel_profile_collected_prefill_and_decode,classify_prefill_execution_and_decode_slope_from_kernel_profile,false,true,true,false,false,false,true,No-Go
phase427_kernel_profile,kernel,K2.5-tp4ep8dp2-8k2k,docs/iter_gap_investigation/phase427_kernel_profile/K2.5-tp4ep8dp2-8k2k,decode,3,other_cuda,aten::lift_fresh,0.000000,0.000000,315,,,146.096000,11515.000000,0.000000,1.516977,0.595460,0.357492,0.047048,0.031093,0.000000,passed,mixed_mla_attention_dominates,decode_mla_attention_dominates,kernel_profile_collected_prefill_and_decode,classify_prefill_execution_and_decode_slope_from_kernel_profile,false,true,true,false,false,false,true,No-Go
phase427_kernel_profile,kernel,K2.5-tp4ep8dp2-8k2k,docs/iter_gap_investigation/phase427_kernel_profile/K2.5-tp4ep8dp2-8k2k,decode,3,other_cuda,aten::flatten,0.000000,0.000000,35,,,146.096000,11515.000000,0.000000,1.516977,0.595460,0.357492,0.047048,0.031093,0.000000,passed,mixed_mla_attention_dominates,decode_mla_attention_dominates,kernel_profile_collected_prefill_and_decode,classify_prefill_execution_and_decode_slope_from_kernel_profile,false,true,true,false,false,false,true,No-Go
phase427_kernel_profile,kernel,K2.5-tp4ep8dp2-8k2k,docs/iter_gap_investigation/phase427_kernel_profile/K2.5-tp4ep8dp2-8k2k,decode,3,other_cuda,aten::view,0.000000,0.000000,280,,,146.096000,11515.000000,0.000000,1.516977,0.595460,0.357492,0.047048,0.031093,0.000000,passed,mixed_mla_attention_dominates,decode_mla_attention_dominates,kernel_profile_collected_prefill_and_decode,classify_prefill_execution_and_decode_slope_from_kernel_profile,false,true,true,false,false,false,true,No-Go
phase427_kernel_profile,kernel,K2.5-tp4ep8dp2-8k2k,docs/iter_gap_investigation/phase427_kernel_profile/K2.5-tp4ep8dp2-8k2k,decode,3,other_cuda,aten::index_select,0.070370,1.005000,70,,,146.096000,11515.000000,0.000000,1.516977,0.595460,0.357492,0.047048,0.031093,0.000000,passed,mixed_mla_attention_dominates,decode_mla_attention_dominates,kernel_profile_collected_prefill_and_decode,classify_prefill_execution_and_decode_slope_from_kernel_profile,false,true,true,false,false,false,true,No-Go
phase427_kernel_profile,kernel,K2.5-tp4ep8dp2-8k2k,docs/iter_gap_investigation/phase427_kernel_profile/K2.5-tp4ep8dp2-8k2k,decode,3,other_cuda,aten::detach,0.000000,0.000000,70,,,146.096000,11515.000000,0.000000,1.516977,0.595460,0.357492,0.047048,0.031093,0.000000,passed,mixed_mla_attention_dominates,decode_mla_attention_dominates,kernel_profile_collected_prefill_and_decode,classify_prefill_execution_and_decode_slope_from_kernel_profile,false,true,true,false,false,false,true,No-Go
phase427_kernel_profile,kernel,K2.5-tp4ep8dp2-8k2k,docs/iter_gap_investigation/phase427_kernel_profile/K2.5-tp4ep8dp2-8k2k,decode,3,other_cuda,aten::to,1.243000,2.536000,490,,,146.096000,11515.000000,0.000000,1.516977,0.595460,0.357492,0.047048,0.031093,0.000000,passed,mixed_mla_attention_dominates,decode_mla_attention_dominates,kernel_profile_collected_prefill_and_decode,classify_prefill_execution_and_decode_slope_from_kernel_profile,false,true,true,false,false,false,true,No-Go
phase427_kernel_profile,kernel,K2.5-tp4ep8dp2-8k2k,docs/iter_gap_investigation/phase427_kernel_profile/K2.5-tp4ep8dp2-8k2k,decode,3,other_cuda,aten::resolve_conj,0.000000,0.000000,70,,,146.096000,11515.000000,0.000000,1.516977,0.595460,0.357492,0.047048,0.031093,0.000000,passed,mixed_mla_attention_dominates,decode_mla_attention_dominates,kernel_profile_collected_prefill_and_decode,classify_prefill_execution_and_decode_slope_from_kernel_profile,false,true,true,false,false,false,true,No-Go
phase427_kernel_profile,kernel,K2.5-tp4ep8dp2-8k2k,docs/iter_gap_investigation/phase427_kernel_profile/K2.5-tp4ep8dp2-8k2k,decode,4,cuda_graph_envelope,execute_context_0(0)_generation_51(51),4047.000000,643.028000,6294,,,146.096000,11515.000000,0.000000,1.516977,0.595460,0.357492,0.047048,0.031093,0.000000,passed,mixed_mla_attention_dominates,decode_mla_attention_dominates,kernel_profile_collected_prefill_and_decode,classify_prefill_execution_and_decode_slope_from_kernel_profile,false,true,true,false,false,false,true,No-Go
phase427_kernel_profile,kernel,K2.5-tp4ep8dp2-8k2k,docs/iter_gap_investigation/phase427_kernel_profile/K2.5-tp4ep8dp2-8k2k,decode,4,mla_attention,void cutlass::device_kernel<flash::enable_sm90_or_la...,422.163000,193.121000,2186,,,146.096000,11515.000000,0.000000,1.516977,0.595460,0.357492,0.047048,0.031093,0.000000,passed,mixed_mla_attention_dominates,decode_mla_attention_dominates,kernel_profile_collected_prefill_and_decode,classify_prefill_execution_and_decode_slope_from_kernel_profile,false,true,true,false,false,false,true,No-Go
phase427_kernel_profile,kernel,K2.5-tp4ep8dp2-8k2k,docs/iter_gap_investigation/phase427_kernel_profile/K2.5-tp4ep8dp2-8k2k,decode,4,moe_gemm_or_aux,"void marlin_moe_wna16::Marlin<1125899906909960l, 112...",415.002000,96.422000,4304,,,146.096000,11515.000000,0.000000,1.516977,0.595460,0.357492,0.047048,0.031093,0.000000,passed,mixed_mla_attention_dominates,decode_mla_attention_dominates,kernel_profile_collected_prefill_and_decode,classify_prefill_execution_and_decode_slope_from_kernel_profile,false,true,true,false,false,false,true,No-Go
phase427_kernel_profile,kernel,K2.5-tp4ep8dp2-8k2k,docs/iter_gap_investigation/phase427_kernel_profile/K2.5-tp4ep8dp2-8k2k,decode,4,ep_a2a,ncclDevKernel_ReduceScatter_Sum_bf16_RING_LL(ncclDev...,165.061000,76.701000,2152,,,146.096000,11515.000000,0.000000,1.516977,0.595460,0.357492,0.047048,0.031093,0.000000,passed,mixed_mla_attention_dominates,decode_mla_attention_dominates,kernel_profile_collected_prefill_and_decode,classify_prefill_execution_and_decode_slope_from_kernel_profile,false,true,true,false,false,false,true,No-Go
phase427_kernel_profile,kernel,K2.5-tp4ep8dp2-8k2k,docs/iter_gap_investigation/phase427_kernel_profile/K2.5-tp4ep8dp2-8k2k,decode,4,ep_a2a,ncclDevKernel_AllGather_RING_LL(ncclDevKernelArgsSto...,104.135000,23.994000,4340,,,146.096000,11515.000000,0.000000,1.516977,0.595460,0.357492,0.047048,0.031093,0.000000,passed,mixed_mla_attention_dominates,decode_mla_attention_dominates,kernel_profile_collected_prefill_and_decode,classify_prefill_execution_and_decode_slope_from_kernel_profile,false,true,true,false,false,false,true,No-Go
phase427_kernel_profile,kernel,K2.5-tp4ep8dp2-8k2k,docs/iter_gap_investigation/phase427_kernel_profile/K2.5-tp4ep8dp2-8k2k,decode,4,dense_gemm,nvjet_tst_64x16_64x16_2x1_v_bz_splitK_TNT,39.706000,18.451000,2152,,,146.096000,11515.000000,0.000000,1.516977,0.595460,0.357492,0.047048,0.031093,0.000000,passed,mixed_mla_attention_dominates,decode_mla_attention_dominates,kernel_profile_collected_prefill_and_decode,classify_prefill_execution_and_decode_slope_from_kernel_profile,false,true,true,false,false,false,true,No-Go
phase427_kernel_profile,kernel,K2.5-tp4ep8dp2-8k2k,docs/iter_gap_investigation/phase427_kernel_profile/K2.5-tp4ep8dp2-8k2k,decode,4,tp_or_dp_allreduce,"void vllm::cross_device_reduce_2stage<__nv_bfloat16,...",29.194000,12.935000,2257,,,146.096000,11515.000000,0.000000,1.516977,0.595460,0.357492,0.047048,0.031093,0.000000,passed,mixed_mla_attention_dominates,decode_mla_attention_dominates,kernel_profile_collected_prefill_and_decode,classify_prefill_execution_and_decode_slope_from_kernel_profile,false,true,true,false,false,false,true,No-Go
phase427_kernel_profile,kernel,K2.5-tp4ep8dp2-8k2k,docs/iter_gap_investigation/phase427_kernel_profile/K2.5-tp4ep8dp2-8k2k,decode,4,dense_gemm,nvjet_tst_64x16_64x16_4x1_v_bz_TNT,27.672000,12.859000,2152,,,146.096000,11515.000000,0.000000,1.516977,0.595460,0.357492,0.047048,0.031093,0.000000,passed,mixed_mla_attention_dominates,decode_mla_attention_dominates,kernel_profile_collected_prefill_and_decode,classify_prefill_execution_and_decode_slope_from_kernel_profile,false,true,true,false,false,false,true,No-Go
phase427_kernel_profile,kernel,K2.5-tp4ep8dp2-8k2k,docs/iter_gap_investigation/phase427_kernel_profile/K2.5-tp4ep8dp2-8k2k,decode,4,dense_gemm,nvjet_tst_64x56_64x14_4x1_v_bz_splitK_TNT,25.894000,11.845000,2186,,,146.096000,11515.000000,0.000000,1.516977,0.595460,0.357492,0.047048,0.031093,0.000000,passed,mixed_mla_attention_dominates,decode_mla_attention_dominates,kernel_profile_collected_prefill_and_decode,classify_prefill_execution_and_decode_slope_from_kernel_profile,false,true,true,false,false,false,true,No-Go
phase427_kernel_profile,kernel,K2.5-tp4ep8dp2-8k2k,docs/iter_gap_investigation/phase427_kernel_profile/K2.5-tp4ep8dp2-8k2k,decode,4,dense_gemm,nvjet_tst_64x56_64x14_4x1_v_bz_TNT,23.224000,10.452000,2222,,,146.096000,11515.000000,0.000000,1.516977,0.595460,0.357492,0.047048,0.031093,0.000000,passed,mixed_mla_attention_dominates,decode_mla_attention_dominates,kernel_profile_collected_prefill_and_decode,classify_prefill_execution_and_decode_slope_from_kernel_profile,false,true,true,false,false,false,true,No-Go
phase427_kernel_profile,kernel,K2.5-tp4ep8dp2-8k2k,docs/iter_gap_investigation/phase427_kernel_profile/K2.5-tp4ep8dp2-8k2k,decode,4,other_cuda,"void at::native::reduce_kernel<128, 4, at::native::R...",21.421000,9.954000,2152,,,146.096000,11515.000000,0.000000,1.516977,0.595460,0.357492,0.047048,0.031093,0.000000,passed,mixed_mla_attention_dominates,decode_mla_attention_dominates,kernel_profile_collected_prefill_and_decode,classify_prefill_execution_and_decode_slope_from_kernel_profile,false,true,true,false,false,false,true,No-Go
phase427_kernel_profile,kernel,K2.5-tp4ep8dp2-8k2k,docs/iter_gap_investigation/phase427_kernel_profile/K2.5-tp4ep8dp2-8k2k,decode,4,dense_gemm,"void router_gemm_kernel_bf16_output<__nv_bfloat16, 1...",16.366000,7.605000,2152,,,146.096000,11515.000000,0.000000,1.516977,0.595460,0.357492,0.047048,0.031093,0.000000,passed,mixed_mla_attention_dominates,decode_mla_attention_dominates,kernel_profile_collected_prefill_and_decode,classify_prefill_execution_and_decode_slope_from_kernel_profile,false,true,true,false,false,false,true,No-Go
phase427_kernel_profile,kernel,K2.5-tp4ep8dp2-8k2k,docs/iter_gap_investigation/phase427_kernel_profile/K2.5-tp4ep8dp2-8k2k,decode,4,other_cuda,"void vllm::act_and_mul_kernel<c10::BFloat16, __nv_bf...",14.384000,6.684000,2152,,,146.096000,11515.000000,0.000000,1.516977,0.595460,0.357492,0.047048,0.031093,0.000000,passed,mixed_mla_attention_dominates,decode_mla_attention_dominates,kernel_profile_collected_prefill_and_decode,classify_prefill_execution_and_decode_slope_from_kernel_profile,false,true,true,false,false,false,true,No-Go
phase427_kernel_profile,kernel,K2.5-tp4ep8dp2-8k2k,docs/iter_gap_investigation/phase427_kernel_profile/K2.5-tp4ep8dp2-8k2k,decode,4,dense_gemm,nvjet_tst_64x32_64x16_4x2_h_bz_TNT,13.502000,6.177000,2186,,,146.096000,11515.000000,0.000000,1.516977,0.595460,0.357492,0.047048,0.031093,0.000000,passed,mixed_mla_attention_dominates,decode_mla_attention_dominates,kernel_profile_collected_prefill_and_decode,classify_prefill_execution_and_decode_slope_from_kernel_profile,false,true,true,false,false,false,true,No-Go
phase427_kernel_profile,kernel,K2.5-tp4ep8dp2-8k2k,docs/iter_gap_investigation/phase427_kernel_profile/K2.5-tp4ep8dp2-8k2k,decode,4,mla_attention,void cutlass::device_kernel<flash::FlashAttnFwdCombi...,11.349000,5.189000,2187,,,146.096000,11515.000000,0.000000,1.516977,0.595460,0.357492,0.047048,0.031093,0.000000,passed,mixed_mla_attention_dominates,decode_mla_attention_dominates,kernel_profile_collected_prefill_and_decode,classify_prefill_execution_and_decode_slope_from_kernel_profile,false,true,true,false,false,false,true,No-Go
phase427_kernel_profile,kernel,K2.5-tp4ep8dp2-8k2k,docs/iter_gap_investigation/phase427_kernel_profile/K2.5-tp4ep8dp2-8k2k,decode,4,dense_gemm,"void cublasLt::splitKreduce_kernel<32, 16, int, floa...",9.906000,2.284000,4338,,,146.096000,11515.000000,0.000000,1.516977,0.595460,0.357492,0.047048,0.031093,0.000000,passed,mixed_mla_attention_dominates,decode_mla_attention_dominates,kernel_profile_collected_prefill_and_decode,classify_prefill_execution_and_decode_slope_from_kernel_profile,false,true,true,false,false,false,true,No-Go
phase427_kernel_profile,kernel,K2.5-tp4ep8dp2-8k2k,docs/iter_gap_investigation/phase427_kernel_profile/K2.5-tp4ep8dp2-8k2k,decode,4,other_cuda,"void at::native::vectorized_elementwise_kernel<8, at...",9.806000,4.557000,2152,,,146.096000,11515.000000,0.000000,1.516977,0.595460,0.357492,0.047048,0.031093,0.000000,passed,mixed_mla_attention_dominates,decode_mla_attention_dominates,kernel_profile_collected_prefill_and_decode,classify_prefill_execution_and_decode_slope_from_kernel_profile,false,true,true,false,false,false,true,No-Go
phase427_kernel_profile,kernel,K2.5-tp4ep8dp2-8k2k,docs/iter_gap_investigation/phase427_kernel_profile/K2.5-tp4ep8dp2-8k2k,decode,4,moe_gemm_or_aux,void vllm::moe::grouped_topk_fused_small_expert_coun...,9.786000,4.547000,2152,,,146.096000,11515.000000,0.000000,1.516977,0.595460,0.357492,0.047048,0.031093,0.000000,passed,mixed_mla_attention_dominates,decode_mla_attention_dominates,kernel_profile_collected_prefill_and_decode,classify_prefill_execution_and_decode_slope_from_kernel_profile,false,true,true,false,false,false,true,No-Go
phase427_kernel_profile,kernel,K2.5-tp4ep8dp2-8k2k,docs/iter_gap_investigation/phase427_kernel_profile/K2.5-tp4ep8dp2-8k2k,decode,4,other_cuda,triton_red_fused__to_copy_add_mean_min_latency_fused...,8.500000,4.017000,2116,,,146.096000,11515.000000,0.000000,1.516977,0.595460,0.357492,0.047048,0.031093,0.000000,passed,mixed_mla_attention_dominates,decode_mla_attention_dominates,kernel_profile_collected_prefill_and_decode,classify_prefill_execution_and_decode_slope_from_kernel_profile,false,true,true,false,false,false,true,No-Go
phase427_kernel_profile,kernel,K2.5-tp4ep8dp2-8k2k,docs/iter_gap_investigation/phase427_kernel_profile/K2.5-tp4ep8dp2-8k2k,decode,4,dense_gemm,nvjet_tst_64x24_64x16_2x1_v_bz_TNT,8.388000,3.836000,2187,,,146.096000,11515.000000,0.000000,1.516977,0.595460,0.357492,0.047048,0.031093,0.000000,passed,mixed_mla_attention_dominates,decode_mla_attention_dominates,kernel_profile_collected_prefill_and_decode,classify_prefill_execution_and_decode_slope_from_kernel_profile,false,true,true,false,false,false,true,No-Go
phase427_kernel_profile,kernel,K2.5-tp4ep8dp2-8k2k,docs/iter_gap_investigation/phase427_kernel_profile/K2.5-tp4ep8dp2-8k2k,decode,4,dense_gemm,nvjet_tst_64x56_64x14_2x1_v_bz_NNT,8.202000,3.752000,2186,,,146.096000,11515.000000,0.000000,1.516977,0.595460,0.357492,0.047048,0.031093,0.000000,passed,mixed_mla_attention_dominates,decode_mla_attention_dominates,kernel_profile_collected_prefill_and_decode,classify_prefill_execution_and_decode_slope_from_kernel_profile,false,true,true,false,false,false,true,No-Go
phase427_kernel_profile,kernel,K2.5-tp4ep8dp2-8k2k,docs/iter_gap_investigation/phase427_kernel_profile/K2.5-tp4ep8dp2-8k2k,decode,4,moe_gemm_or_aux,void vllm::moe::moe_align_block_size_kernel<int>(int...,7.464000,3.468000,2152,,,146.096000,11515.000000,0.000000,1.516977,0.595460,0.357492,0.047048,0.031093,0.000000,passed,mixed_mla_attention_dominates,decode_mla_attention_dominates,kernel_profile_collected_prefill_and_decode,classify_prefill_execution_and_decode_slope_from_kernel_profile,false,true,true,false,false,false,true,No-Go
phase427_kernel_profile,kernel,K2.5-tp4ep8dp2-8k2k,docs/iter_gap_investigation/phase427_kernel_profile/K2.5-tp4ep8dp2-8k2k,decode,4,other_cuda,aten::copy_,6.779000,6.918000,980,,,146.096000,11515.000000,0.000000,1.516977,0.595460,0.357492,0.047048,0.031093,0.000000,passed,mixed_mla_attention_dominates,decode_mla_attention_dominates,kernel_profile_collected_prefill_and_decode,classify_prefill_execution_and_decode_slope_from_kernel_profile,false,true,true,false,false,false,true,No-Go
phase427_kernel_profile,kernel,K2.5-tp4ep8dp2-8k2k,docs/iter_gap_investigation/phase427_kernel_profile/K2.5-tp4ep8dp2-8k2k,decode,4,other_cuda,triton_red_fused__to_copy_add_mean_mul_pow_rsqrt_seq...,6.024000,2.799000,2152,,,146.096000,11515.000000,0.000000,1.516977,0.595460,0.357492,0.047048,0.031093,0.000000,passed,mixed_mla_attention_dominates,decode_mla_attention_dominates,kernel_profile_collected_prefill_and_decode,classify_prefill_execution_and_decode_slope_from_kernel_profile,false,true,true,false,false,false,true,No-Go
phase427_kernel_profile,kernel,K2.5-tp4ep8dp2-8k2k,docs/iter_gap_investigation/phase427_kernel_profile/K2.5-tp4ep8dp2-8k2k,decode,4,dense_gemm,nvjet_tst_320x64_64x4_2x1_v_bz_TNT,5.354000,148.735000,36,,,146.096000,11515.000000,0.000000,1.516977,0.595460,0.357492,0.047048,0.031093,0.000000,passed,mixed_mla_attention_dominates,decode_mla_attention_dominates,kernel_profile_collected_prefill_and_decode,classify_prefill_execution_and_decode_slope_from_kernel_profile,false,true,true,false,false,false,true,No-Go
phase427_kernel_profile,kernel,K2.5-tp4ep8dp2-8k2k,docs/iter_gap_investigation/phase427_kernel_profile/K2.5-tp4ep8dp2-8k2k,decode,4,dense_gemm,aten::mm,5.207000,148.769000,35,,,146.096000,11515.000000,0.000000,1.516977,0.595460,0.357492,0.047048,0.031093,0.000000,passed,mixed_mla_attention_dominates,decode_mla_attention_dominates,kernel_profile_collected_prefill_and_decode,classify_prefill_execution_and_decode_slope_from_kernel_profile,false,true,true,false,false,false,true,No-Go
phase427_kernel_profile,kernel,K2.5-tp4ep8dp2-8k2k,docs/iter_gap_investigation/phase427_kernel_profile/K2.5-tp4ep8dp2-8k2k,decode,4,memcpy_memset,Memcpy HtoD (Pinned -> Device),4.629000,16.532000,280,,,146.096000,11515.000000,0.000000,1.516977,0.595460,0.357492,0.047048,0.031093,0.000000,passed,mixed_mla_attention_dominates,decode_mla_attention_dominates,kernel_profile_collected_prefill_and_decode,classify_prefill_execution_and_decode_slope_from_kernel_profile,false,true,true,false,false,false,true,No-Go
phase427_kernel_profile,kernel,K2.5-tp4ep8dp2-8k2k,docs/iter_gap_investigation/phase427_kernel_profile/K2.5-tp4ep8dp2-8k2k,decode,4,other_cuda,triton_poi_fused_add_clone_copy_expand_index_mul_neg...,4.368000,2.031000,2151,,,146.096000,11515.000000,0.000000,1.516977,0.595460,0.357492,0.047048,0.031093,0.000000,passed,mixed_mla_attention_dominates,decode_mla_attention_dominates,kernel_profile_collected_prefill_and_decode,classify_prefill_execution_and_decode_slope_from_kernel_profile,false,true,true,false,false,false,true,No-Go
phase427_kernel_profile,kernel,K2.5-tp4ep8dp2-8k2k,docs/iter_gap_investigation/phase427_kernel_profile/K2.5-tp4ep8dp2-8k2k,decode,4,mla_attention,void vllm::concat_and_cache_mla_kernel<__nv_bfloat16...,4.323000,1.978000,2186,,,146.096000,11515.000000,0.000000,1.516977,0.595460,0.357492,0.047048,0.031093,0.000000,passed,mixed_mla_attention_dominates,decode_mla_attention_dominates,kernel_profile_collected_prefill_and_decode,classify_prefill_execution_and_decode_slope_from_kernel_profile,false,true,true,false,false,false,true,No-Go
phase427_kernel_profile,kernel,K2.5-tp4ep8dp2-8k2k,docs/iter_gap_investigation/phase427_kernel_profile/K2.5-tp4ep8dp2-8k2k,decode,4,other_cuda,triton_red_fused_4,4.211000,1.958000,2151,,,146.096000,11515.000000,0.000000,1.516977,0.595460,0.357492,0.047048,0.031093,0.000000,passed,mixed_mla_attention_dominates,decode_mla_attention_dominates,kernel_profile_collected_prefill_and_decode,classify_prefill_execution_and_decode_slope_from_kernel_profile,false,true,true,false,false,false,true,No-Go
phase427_kernel_profile,kernel,K2.5-tp4ep8dp2-8k2k,docs/iter_gap_investigation/phase427_kernel_profile/K2.5-tp4ep8dp2-8k2k,decode,4,other_cuda,triton_poi_fused_3,3.668000,1.705000,2151,,,146.096000,11515.000000,0.000000,1.516977,0.595460,0.357492,0.047048,0.031093,0.000000,passed,mixed_mla_attention_dominates,decode_mla_attention_dominates,kernel_profile_collected_prefill_and_decode,classify_prefill_execution_and_decode_slope_from_kernel_profile,false,true,true,false,false,false,true,No-Go
phase427_kernel_profile,kernel,K2.5-tp4ep8dp2-8k2k,docs/iter_gap_investigation/phase427_kernel_profile/K2.5-tp4ep8dp2-8k2k,decode,4,other_cuda,triton_poi_fused_add_all_gather_mul_1,3.276000,1.522000,2152,,,146.096000,11515.000000,0.000000,1.516977,0.595460,0.357492,0.047048,0.031093,0.000000,passed,mixed_mla_attention_dominates,decode_mla_attention_dominates,kernel_profile_collected_prefill_and_decode,classify_prefill_execution_and_decode_slope_from_kernel_profile,false,true,true,false,false,false,true,No-Go
phase427_kernel_profile,kernel,K2.5-tp4ep8dp2-8k2k,docs/iter_gap_investigation/phase427_kernel_profile/K2.5-tp4ep8dp2-8k2k,decode,4,moe_gemm_or_aux,void vllm::moe::count_and_sort_expert_tokens_kernel<...,3.266000,1.518000,2152,,,146.096000,11515.000000,0.000000,1.516977,0.595460,0.357492,0.047048,0.031093,0.000000,passed,mixed_mla_attention_dominates,decode_mla_attention_dominates,kernel_profile_collected_prefill_and_decode,classify_prefill_execution_and_decode_slope_from_kernel_profile,false,true,true,false,false,false,true,No-Go
phase427_kernel_profile,kernel,K2.5-tp4ep8dp2-8k2k,docs/iter_gap_investigation/phase427_kernel_profile/K2.5-tp4ep8dp2-8k2k,decode,4,other_cuda,triton_poi_fused_mul_silu_slice_0,3.118000,1.449000,2152,,,146.096000,11515.000000,0.000000,1.516977,0.595460,0.357492,0.047048,0.031093,0.000000,passed,mixed_mla_attention_dominates,decode_mla_attention_dominates,kernel_profile_collected_prefill_and_decode,classify_prefill_execution_and_decode_slope_from_kernel_profile,false,true,true,false,false,false,true,No-Go
phase427_kernel_profile,kernel,K2.5-tp4ep8dp2-8k2k,docs/iter_gap_investigation/phase427_kernel_profile/K2.5-tp4ep8dp2-8k2k,decode,4,other_cuda,record_param_comms,2.393000,68.368000,35,,,146.096000,11515.000000,0.000000,1.516977,0.595460,0.357492,0.047048,0.031093,0.000000,passed,mixed_mla_attention_dominates,decode_mla_attention_dominates,kernel_profile_collected_prefill_and_decode,classify_prefill_execution_and_decode_slope_from_kernel_profile,false,true,true,false,false,false,true,No-Go
phase427_kernel_profile,kernel,K2.5-tp4ep8dp2-8k2k,docs/iter_gap_investigation/phase427_kernel_profile/K2.5-tp4ep8dp2-8k2k,decode,4,ep_a2a,nccl:_all_gather_base,2.393000,68.368000,35,,,146.096000,11515.000000,0.000000,1.516977,0.595460,0.357492,0.047048,0.031093,0.000000,passed,mixed_mla_attention_dominates,decode_mla_attention_dominates,kernel_profile_collected_prefill_and_decode,classify_prefill_execution_and_decode_slope_from_kernel_profile,false,true,true,false,false,false,true,No-Go
phase427_kernel_profile,kernel,K2.5-tp4ep8dp2-8k2k,docs/iter_gap_investigation/phase427_kernel_profile/K2.5-tp4ep8dp2-8k2k,decode,4,dense_gemm,nvjet_tst_80x64_64x11_4x1_v_bz_TNN,1.270000,36.273000,35,,,146.096000,11515.000000,0.000000,1.516977,0.595460,0.357492,0.047048,0.031093,0.000000,passed,mixed_mla_attention_dominates,decode_mla_attention_dominates,kernel_profile_collected_prefill_and_decode,classify_prefill_execution_and_decode_slope_from_kernel_profile,false,true,true,false,false,false,true,No-Go
phase427_kernel_profile,kernel,K2.5-tp4ep8dp2-8k2k,docs/iter_gap_investigation/phase427_kernel_profile/K2.5-tp4ep8dp2-8k2k,decode,4,other_cuda,aten::argmax,0.802341,22.924000,35,,,146.096000,11515.000000,0.000000,1.516977,0.595460,0.357492,0.047048,0.031093,0.000000,passed,mixed_mla_attention_dominates,decode_mla_attention_dominates,kernel_profile_collected_prefill_and_decode,classify_prefill_execution_and_decode_slope_from_kernel_profile,false,true,true,false,false,false,true,No-Go
phase427_kernel_profile,kernel,K2.5-tp4ep8dp2-8k2k,docs/iter_gap_investigation/phase427_kernel_profile/K2.5-tp4ep8dp2-8k2k,decode,4,other_cuda,void at::native::unrolled_elementwise_kernel<at::nat...,0.792264,22.007000,36,,,146.096000,11515.000000,0.000000,1.516977,0.595460,0.357492,0.047048,0.031093,0.000000,passed,mixed_mla_attention_dominates,decode_mla_attention_dominates,kernel_profile_collected_prefill_and_decode,classify_prefill_execution_and_decode_slope_from_kernel_profile,false,true,true,false,false,false,true,No-Go
phase427_kernel_profile,kernel,K2.5-tp4ep8dp2-8k2k,docs/iter_gap_investigation/phase427_kernel_profile/K2.5-tp4ep8dp2-8k2k,decode,4,other_cuda,"void at::native::reduce_kernel<512, 1, at::native::R...",0.769029,21.362000,36,,,146.096000,11515.000000,0.000000,1.516977,0.595460,0.357492,0.047048,0.031093,0.000000,passed,mixed_mla_attention_dominates,decode_mla_attention_dominates,kernel_profile_collected_prefill_and_decode,classify_prefill_execution_and_decode_slope_from_kernel_profile,false,true,true,false,false,false,true,No-Go
phase427_kernel_profile,kernel,K2.5-tp4ep8dp2-8k2k,docs/iter_gap_investigation/phase427_kernel_profile/K2.5-tp4ep8dp2-8k2k,decode,4,other_cuda,"void at::native::elementwise_kernel<128, 4, at::nati...",0.757031,21.029000,36,,,146.096000,11515.000000,0.000000,1.516977,0.595460,0.357492,0.047048,0.031093,0.000000,passed,mixed_mla_attention_dominates,decode_mla_attention_dominates,kernel_profile_collected_prefill_and_decode,classify_prefill_execution_and_decode_slope_from_kernel_profile,false,true,true,false,false,false,true,No-Go
phase427_kernel_profile,kernel,K2.5-tp4ep8dp2-8k2k,docs/iter_gap_investigation/phase427_kernel_profile/K2.5-tp4ep8dp2-8k2k,decode,4,tp_or_dp_allreduce,_C_custom_ar::all_reduce,0.618437,17.670000,35,,,146.096000,11515.000000,0.000000,1.516977,0.595460,0.357492,0.047048,0.031093,0.000000,passed,mixed_mla_attention_dominates,decode_mla_attention_dominates,kernel_profile_collected_prefill_and_decode,classify_prefill_execution_and_decode_slope_from_kernel_profile,false,true,true,false,false,false,true,No-Go
phase427_kernel_profile,kernel,K2.5-tp4ep8dp2-8k2k,docs/iter_gap_investigation/phase427_kernel_profile/K2.5-tp4ep8dp2-8k2k,decode,4,other_cuda,void at::native::unrolled_elementwise_kernel<at::nat...,0.257347,1.800000,143,,,146.096000,11515.000000,0.000000,1.516977,0.595460,0.357492,0.047048,0.031093,0.000000,passed,mixed_mla_attention_dominates,decode_mla_attention_dominates,kernel_profile_collected_prefill_and_decode,classify_prefill_execution_and_decode_slope_from_kernel_profile,false,true,true,false,false,false,true,No-Go
phase427_kernel_profile,kernel,K2.5-tp4ep8dp2-8k2k,docs/iter_gap_investigation/phase427_kernel_profile/K2.5-tp4ep8dp2-8k2k,decode,4,memcpy_memset,Memcpy DtoD (Device -> Device),0.255940,1.219000,210,,,146.096000,11515.000000,0.000000,1.516977,0.595460,0.357492,0.047048,0.031093,0.000000,passed,mixed_mla_attention_dominates,decode_mla_attention_dominates,kernel_profile_collected_prefill_and_decode,classify_prefill_execution_and_decode_slope_from_kernel_profile,false,true,true,false,false,false,true,No-Go
phase427_kernel_profile,kernel,K2.5-tp4ep8dp2-8k2k,docs/iter_gap_investigation/phase427_kernel_profile/K2.5-tp4ep8dp2-8k2k,decode,4,other_cuda,aten::fill_,0.219085,0.482000,455,,,146.096000,11515.000000,0.000000,1.516977,0.595460,0.357492,0.047048,0.031093,0.000000,passed,mixed_mla_attention_dominates,decode_mla_attention_dominates,kernel_profile_collected_prefill_and_decode,classify_prefill_execution_and_decode_slope_from_kernel_profile,false,true,true,false,false,false,true,No-Go
phase427_kernel_profile,kernel,K2.5-tp4ep8dp2-8k2k,docs/iter_gap_investigation/phase427_kernel_profile/K2.5-tp4ep8dp2-8k2k,decode,4,other_cuda,triton_red_fused__to_copy_add_mean_mul_pow_rsqrt_sli...,0.175905,4.886000,36,,,146.096000,11515.000000,0.000000,1.516977,0.595460,0.357492,0.047048,0.031093,0.000000,passed,mixed_mla_attention_dominates,decode_mla_attention_dominates,kernel_profile_collected_prefill_and_decode,classify_prefill_execution_and_decode_slope_from_kernel_profile,false,true,true,false,false,false,true,No-Go
phase427_kernel_profile,kernel,K2.5-tp4ep8dp2-8k2k,docs/iter_gap_investigation/phase427_kernel_profile/K2.5-tp4ep8dp2-8k2k,decode,4,other_cuda,aten::index,0.233730,3.339000,70,,,146.096000,11515.000000,0.000000,1.516977,0.595460,0.357492,0.047048,0.031093,0.000000,passed,mixed_mla_attention_dominates,decode_mla_attention_dominates,kernel_profile_collected_prefill_and_decode,classify_prefill_execution_and_decode_slope_from_kernel_profile,false,true,true,false,false,false,true,No-Go
phase427_kernel_profile,kernel,K2.5-tp4ep8dp2-8k2k,docs/iter_gap_investigation/phase427_kernel_profile/K2.5-tp4ep8dp2-8k2k,decode,4,other_cuda,"void at::native::vectorized_gather_kernel<16, long>(...",0.150397,2.118000,71,,,146.096000,11515.000000,0.000000,1.516977,0.595460,0.357492,0.047048,0.031093,0.000000,passed,mixed_mla_attention_dominates,decode_mla_attention_dominates,kernel_profile_collected_prefill_and_decode,classify_prefill_execution_and_decode_slope_from_kernel_profile,false,true,true,false,false,false,true,No-Go
phase427_kernel_profile,kernel,K2.5-tp4ep8dp2-8k2k,docs/iter_gap_investigation/phase427_kernel_profile/K2.5-tp4ep8dp2-8k2k,decode,4,other_cuda,cuLaunchKernelEx,0.148706,1.416000,105,,,146.096000,11515.000000,0.000000,1.516977,0.595460,0.357492,0.047048,0.031093,0.000000,passed,mixed_mla_attention_dominates,decode_mla_attention_dominates,kernel_profile_collected_prefill_and_decode,classify_prefill_execution_and_decode_slope_from_kernel_profile,false,true,true,false,false,false,true,No-Go
phase427_kernel_profile,kernel,K2.5-tp4ep8dp2-8k2k,docs/iter_gap_investigation/phase427_kernel_profile/K2.5-tp4ep8dp2-8k2k,decode,4,other_cuda,triton_red_fused__to_copy_add_mean_min_latency_fused...,0.144095,4.117000,35,,,146.096000,11515.000000,0.000000,1.516977,0.595460,0.357492,0.047048,0.031093,0.000000,passed,mixed_mla_attention_dominates,decode_mla_attention_dominates,kernel_profile_collected_prefill_and_decode,classify_prefill_execution_and_decode_slope_from_kernel_profile,false,true,true,false,false,false,true,No-Go
phase427_kernel_profile,kernel,K2.5-tp4ep8dp2-8k2k,docs/iter_gap_investigation/phase427_kernel_profile/K2.5-tp4ep8dp2-8k2k,decode,4,other_cuda,cudaStreamIsCapturing,0.130914,0.534000,245,,,146.096000,11515.000000,0.000000,1.516977,0.595460,0.357492,0.047048,0.031093,0.000000,passed,mixed_mla_attention_dominates,decode_mla_attention_dominates,kernel_profile_collected_prefill_and_decode,classify_prefill_execution_and_decode_slope_from_kernel_profile,false,true,true,false,false,false,true,No-Go
phase427_kernel_profile,kernel,K2.5-tp4ep8dp2-8k2k,docs/iter_gap_investigation/phase427_kernel_profile/K2.5-tp4ep8dp2-8k2k,decode,4,memcpy_memset,Memcpy DtoH (Device -> Pinned),0.130756,3.632000,36,,,146.096000,11515.000000,0.000000,1.516977,0.595460,0.357492,0.047048,0.031093,0.000000,passed,mixed_mla_attention_dominates,decode_mla_attention_dominates,kernel_profile_collected_prefill_and_decode,classify_prefill_execution_and_decode_slope_from_kernel_profile,false,true,true,false,false,false,true,No-Go
phase427_kernel_profile,kernel,K2.5-tp4ep8dp2-8k2k,docs/iter_gap_investigation/phase427_kernel_profile/K2.5-tp4ep8dp2-8k2k,decode,4,other_cuda,aten::masked_fill_,0.117986,3.371000,35,,,146.096000,11515.000000,0.000000,1.516977,0.595460,0.357492,0.047048,0.031093,0.000000,passed,mixed_mla_attention_dominates,decode_mla_attention_dominates,kernel_profile_collected_prefill_and_decode,classify_prefill_execution_and_decode_slope_from_kernel_profile,false,true,true,false,false,false,true,No-Go
phase427_kernel_profile,kernel,K2.5-tp4ep8dp2-8k2k,docs/iter_gap_investigation/phase427_kernel_profile/K2.5-tp4ep8dp2-8k2k,decode,4,other_cuda,"void at::native::elementwise_kernel<128, 4, at::nati...",0.117986,3.371000,35,,,146.096000,11515.000000,0.000000,1.516977,0.595460,0.357492,0.047048,0.031093,0.000000,passed,mixed_mla_attention_dominates,decode_mla_attention_dominates,kernel_profile_collected_prefill_and_decode,classify_prefill_execution_and_decode_slope_from_kernel_profile,false,true,true,false,false,false,true,No-Go
phase427_kernel_profile,kernel,K2.5-tp4ep8dp2-8k2k,docs/iter_gap_investigation/phase427_kernel_profile/K2.5-tp4ep8dp2-8k2k,decode,4,other_cuda,_compute_slot_mapping_kernel,0.108737,3.107000,35,,,146.096000,11515.000000,0.000000,1.516977,0.595460,0.357492,0.047048,0.031093,0.000000,passed,mixed_mla_attention_dominates,decode_mla_attention_dominates,kernel_profile_collected_prefill_and_decode,classify_prefill_execution_and_decode_slope_from_kernel_profile,false,true,true,false,false,false,true,No-Go
phase427_kernel_profile,kernel,K2.5-tp4ep8dp2-8k2k,docs/iter_gap_investigation/phase427_kernel_profile/K2.5-tp4ep8dp2-8k2k,decode,4,other_cuda,triton_red_fused__to_copy_add_clone_mean_min_latency...,0.104288,2.980000,35,,,146.096000,11515.000000,0.000000,1.516977,0.595460,0.357492,0.047048,0.031093,0.000000,passed,mixed_mla_attention_dominates,decode_mla_attention_dominates,kernel_profile_collected_prefill_and_decode,classify_prefill_execution_and_decode_slope_from_kernel_profile,false,true,true,false,false,false,true,No-Go
phase427_kernel_profile,kernel,K2.5-tp4ep8dp2-8k2k,docs/iter_gap_investigation/phase427_kernel_profile/K2.5-tp4ep8dp2-8k2k,decode,4,other_cuda,"void at::native::index_elementwise_kernel<128, 4, at...",0.102306,2.842000,36,,,146.096000,11515.000000,0.000000,1.516977,0.595460,0.357492,0.047048,0.031093,0.000000,passed,mixed_mla_attention_dominates,decode_mla_attention_dominates,kernel_profile_collected_prefill_and_decode,classify_prefill_execution_and_decode_slope_from_kernel_profile,false,true,true,false,false,false,true,No-Go
phase427_kernel_profile,kernel,K2.5-tp4ep8dp2-8k2k,docs/iter_gap_investigation/phase427_kernel_profile/K2.5-tp4ep8dp2-8k2k,decode,4,other_cuda,aten::add,0.099776,0.950000,105,,,146.096000,11515.000000,0.000000,1.516977,0.595460,0.357492,0.047048,0.031093,0.000000,passed,mixed_mla_attention_dominates,decode_mla_attention_dominates,kernel_profile_collected_prefill_and_decode,classify_prefill_execution_and_decode_slope_from_kernel_profile,false,true,true,false,false,false,true,No-Go
phase427_kernel_profile,kernel,K2.5-tp4ep8dp2-8k2k,docs/iter_gap_investigation/phase427_kernel_profile/K2.5-tp4ep8dp2-8k2k,decode,4,other_cuda,aten::_index_put_impl_,0.225925,6.455000,35,,,146.096000,11515.000000,0.000000,1.516977,0.595460,0.357492,0.047048,0.031093,0.000000,passed,mixed_mla_attention_dominates,decode_mla_attention_dominates,kernel_profile_collected_prefill_and_decode,classify_prefill_execution_and_decode_slope_from_kernel_profile,false,true,true,false,false,false,true,No-Go
phase427_kernel_profile,kernel,K2.5-tp4ep8dp2-8k2k,docs/iter_gap_investigation/phase427_kernel_profile/K2.5-tp4ep8dp2-8k2k,decode,4,other_cuda,triton_red_fused__to_copy_add_mean_mul_pow_rsqrt_0,0.099068,2.831000,35,,,146.096000,11515.000000,0.000000,1.516977,0.595460,0.357492,0.047048,0.031093,0.000000,passed,mixed_mla_attention_dominates,decode_mla_attention_dominates,kernel_profile_collected_prefill_and_decode,classify_prefill_execution_and_decode_slope_from_kernel_profile,false,true,true,false,false,false,true,No-Go
phase427_kernel_profile,kernel,K2.5-tp4ep8dp2-8k2k,docs/iter_gap_investigation/phase427_kernel_profile/K2.5-tp4ep8dp2-8k2k,decode,4,other_cuda,"void at::native::index_elementwise_kernel<128, 4, at...",0.092227,2.635000,35,,,146.096000,11515.000000,0.000000,1.516977,0.595460,0.357492,0.047048,0.031093,0.000000,passed,mixed_mla_attention_dominates,decode_mla_attention_dominates,kernel_profile_collected_prefill_and_decode,classify_prefill_execution_and_decode_slope_from_kernel_profile,false,true,true,false,false,false,true,No-Go
phase427_kernel_profile,kernel,K2.5-tp4ep8dp2-8k2k,docs/iter_gap_investigation/phase427_kernel_profile/K2.5-tp4ep8dp2-8k2k,decode,4,other_cuda,"void at::native::vectorized_elementwise_kernel<4, at...",0.085506,1.222000,70,,,146.096000,11515.000000,0.000000,1.516977,0.595460,0.357492,0.047048,0.031093,0.000000,passed,mixed_mla_attention_dominates,decode_mla_attention_dominates,kernel_profile_collected_prefill_and_decode,classify_prefill_execution_and_decode_slope_from_kernel_profile,false,true,true,false,false,false,true,No-Go
phase427_kernel_profile,kernel,K2.5-tp4ep8dp2-8k2k,docs/iter_gap_investigation/phase427_kernel_profile/K2.5-tp4ep8dp2-8k2k,decode,4,other_cuda,aten::gather,0.075711,2.163000,35,,,146.096000,11515.000000,0.000000,1.516977,0.595460,0.357492,0.047048,0.031093,0.000000,passed,mixed_mla_attention_dominates,decode_mla_attention_dominates,kernel_profile_collected_prefill_and_decode,classify_prefill_execution_and_decode_slope_from_kernel_profile,false,true,true,false,false,false,true,No-Go
phase427_kernel_profile,kernel,K2.5-tp4ep8dp2-8k2k,docs/iter_gap_investigation/phase427_kernel_profile/K2.5-tp4ep8dp2-8k2k,decode,4,other_cuda,triton_poi_fused_add_clone_copy_expand_index_mul_neg...,0.070563,2.016000,35,,,146.096000,11515.000000,0.000000,1.516977,0.595460,0.357492,0.047048,0.031093,0.000000,passed,mixed_mla_attention_dominates,decode_mla_attention_dominates,kernel_profile_collected_prefill_and_decode,classify_prefill_execution_and_decode_slope_from_kernel_profile,false,true,true,false,false,false,true,No-Go
phase427_kernel_profile,kernel,K2.5-tp4ep8dp2-8k2k,docs/iter_gap_investigation/phase427_kernel_profile/K2.5-tp4ep8dp2-8k2k,decode,4,mla_attention,_vllm_fa3_C::get_scheduler_metadata,0.069471,1.985000,35,,,146.096000,11515.000000,0.000000,1.516977,0.595460,0.357492,0.047048,0.031093,0.000000,passed,mixed_mla_attention_dominates,decode_mla_attention_dominates,kernel_profile_collected_prefill_and_decode,classify_prefill_execution_and_decode_slope_from_kernel_profile,false,true,true,false,false,false,true,No-Go
phase427_kernel_profile,kernel,K2.5-tp4ep8dp2-8k2k,docs/iter_gap_investigation/phase427_kernel_profile/K2.5-tp4ep8dp2-8k2k,decode,4,mla_attention,"void flash::prepare_varlen_num_blocks_kernel<2, fals...",0.069471,1.985000,35,,,146.096000,11515.000000,0.000000,1.516977,0.595460,0.357492,0.047048,0.031093,0.000000,passed,mixed_mla_attention_dominates,decode_mla_attention_dominates,kernel_profile_collected_prefill_and_decode,classify_prefill_execution_and_decode_slope_from_kernel_profile,false,true,true,false,false,false,true,No-Go
phase427_kernel_profile,kernel,K2.5-tp4ep8dp2-8k2k,docs/iter_gap_investigation/phase427_kernel_profile/K2.5-tp4ep8dp2-8k2k,decode,4,other_cuda,triton_red_fused_2,0.069152,1.976000,35,,,146.096000,11515.000000,0.000000,1.516977,0.595460,0.357492,0.047048,0.031093,0.000000,passed,mixed_mla_attention_dominates,decode_mla_attention_dominates,kernel_profile_collected_prefill_and_decode,classify_prefill_execution_and_decode_slope_from_kernel_profile,false,true,true,false,false,false,true,No-Go
phase427_kernel_profile,kernel,K2.5-tp4ep8dp2-8k2k,docs/iter_gap_investigation/phase427_kernel_profile/K2.5-tp4ep8dp2-8k2k,decode,4,other_cuda,void at::native::unrolled_elementwise_kernel<at::nat...,0.068900,0.984000,70,,,146.096000,11515.000000,0.000000,1.516977,0.595460,0.357492,0.047048,0.031093,0.000000,passed,mixed_mla_attention_dominates,decode_mla_attention_dominates,kernel_profile_collected_prefill_and_decode,classify_prefill_execution_and_decode_slope_from_kernel_profile,false,true,true,false,false,false,true,No-Go
phase427_kernel_profile,kernel,K2.5-tp4ep8dp2-8k2k,docs/iter_gap_investigation/phase427_kernel_profile/K2.5-tp4ep8dp2-8k2k,decode,4,other_cuda,void at::native::unrolled_elementwise_kernel<at::nat...,0.064679,0.924000,70,,,146.096000,11515.000000,0.000000,1.516977,0.595460,0.357492,0.047048,0.031093,0.000000,passed,mixed_mla_attention_dominates,decode_mla_attention_dominates,kernel_profile_collected_prefill_and_decode,classify_prefill_execution_and_decode_slope_from_kernel_profile,false,true,true,false,false,false,true,No-Go
phase427_kernel_profile,kernel,K2.5-tp4ep8dp2-8k2k,docs/iter_gap_investigation/phase427_kernel_profile/K2.5-tp4ep8dp2-8k2k,decode,4,other_cuda,triton_poi_fused_1,0.063172,1.805000,35,,,146.096000,11515.000000,0.000000,1.516977,0.595460,0.357492,0.047048,0.031093,0.000000,passed,mixed_mla_attention_dominates,decode_mla_attention_dominates,kernel_profile_collected_prefill_and_decode,classify_prefill_execution_and_decode_slope_from_kernel_profile,false,true,true,false,false,false,true,No-Go
phase427_kernel_profile,kernel,K2.5-tp4ep8dp2-8k2k,docs/iter_gap_investigation/phase427_kernel_profile/K2.5-tp4ep8dp2-8k2k,decode,4,other_cuda,cudaEventRecordWithFlags,0.057983,0.552000,105,,,146.096000,11515.000000,0.000000,1.516977,0.595460,0.357492,0.047048,0.031093,0.000000,passed,mixed_mla_attention_dominates,decode_mla_attention_dominates,kernel_profile_collected_prefill_and_decode,classify_prefill_execution_and_decode_slope_from_kernel_profile,false,true,true,false,false,false,true,No-Go
phase427_kernel_profile,kernel,K2.5-tp4ep8dp2-8k2k,docs/iter_gap_investigation/phase427_kernel_profile/K2.5-tp4ep8dp2-8k2k,decode,4,memcpy_memset,Memset (Device),0.057408,1.595000,36,,,146.096000,11515.000000,0.000000,1.516977,0.595460,0.357492,0.047048,0.031093,0.000000,passed,mixed_mla_attention_dominates,decode_mla_attention_dominates,kernel_profile_collected_prefill_and_decode,classify_prefill_execution_and_decode_slope_from_kernel_profile,false,true,true,false,false,false,true,No-Go
phase427_kernel_profile,kernel,K2.5-tp4ep8dp2-8k2k,docs/iter_gap_investigation/phase427_kernel_profile/K2.5-tp4ep8dp2-8k2k,decode,4,other_cuda,void at::native::unrolled_elementwise_kernel<at::nat...,0.054749,1.521000,36,,,146.096000,11515.000000,0.000000,1.516977,0.595460,0.357492,0.047048,0.031093,0.000000,passed,mixed_mla_attention_dominates,decode_mla_attention_dominates,kernel_profile_collected_prefill_and_decode,classify_prefill_execution_and_decode_slope_from_kernel_profile,false,true,true,false,false,false,true,No-Go
phase427_kernel_profile,kernel,K2.5-tp4ep8dp2-8k2k,docs/iter_gap_investigation/phase427_kernel_profile/K2.5-tp4ep8dp2-8k2k,decode,4,other_cuda,"void at::native::vectorized_elementwise_kernel<2, at...",0.053760,1.536000,35,,,146.096000,11515.000000,0.000000,1.516977,0.595460,0.357492,0.047048,0.031093,0.000000,passed,mixed_mla_attention_dominates,decode_mla_attention_dominates,kernel_profile_collected_prefill_and_decode,classify_prefill_execution_and_decode_slope_from_kernel_profile,false,true,true,false,false,false,true,No-Go
phase427_kernel_profile,kernel,K2.5-tp4ep8dp2-8k2k,docs/iter_gap_investigation/phase427_kernel_profile/K2.5-tp4ep8dp2-8k2k,decode,4,other_cuda,triton_poi_fused_mul_silu_slice_1,0.051362,1.467000,35,,,146.096000,11515.000000,0.000000,1.516977,0.595460,0.357492,0.047048,0.031093,0.000000,passed,mixed_mla_attention_dominates,decode_mla_attention_dominates,kernel_profile_collected_prefill_and_decode,classify_prefill_execution_and_decode_slope_from_kernel_profile,false,true,true,false,false,false,true,No-Go
phase427_kernel_profile,kernel,K2.5-tp4ep8dp2-8k2k,docs/iter_gap_investigation/phase427_kernel_profile/K2.5-tp4ep8dp2-8k2k,decode,4,other_cuda,triton_poi_fused_add_bitwise_and_bitwise_not_bitwise...,0.049188,1.405000,35,,,146.096000,11515.000000,0.000000,1.516977,0.595460,0.357492,0.047048,0.031093,0.000000,passed,mixed_mla_attention_dominates,decode_mla_attention_dominates,kernel_profile_collected_prefill_and_decode,classify_prefill_execution_and_decode_slope_from_kernel_profile,false,true,true,false,false,false,true,No-Go
phase427_kernel_profile,kernel,K2.5-tp4ep8dp2-8k2k,docs/iter_gap_investigation/phase427_kernel_profile/K2.5-tp4ep8dp2-8k2k,decode,4,other_cuda,triton_poi_fused_add_bitwise_and_bitwise_not_bitwise...,0.049188,1.405000,35,,,146.096000,11515.000000,0.000000,1.516977,0.595460,0.357492,0.047048,0.031093,0.000000,passed,mixed_mla_attention_dominates,decode_mla_attention_dominates,kernel_profile_collected_prefill_and_decode,classify_prefill_execution_and_decode_slope_from_kernel_profile,false,true,true,false,false,false,true,No-Go
phase427_kernel_profile,kernel,K2.5-tp4ep8dp2-8k2k,docs/iter_gap_investigation/phase427_kernel_profile/K2.5-tp4ep8dp2-8k2k,decode,4,other_cuda,## Call CompiledFxGraph fearurqhjfodlldpvoyyggholi2o...,0.049188,1.405000,35,,,146.096000,11515.000000,0.000000,1.516977,0.595460,0.357492,0.047048,0.031093,0.000000,passed,mixed_mla_attention_dominates,decode_mla_attention_dominates,kernel_profile_collected_prefill_and_decode,classify_prefill_execution_and_decode_slope_from_kernel_profile,false,true,true,false,false,false,true,No-Go
phase427_kernel_profile,kernel,K2.5-tp4ep8dp2-8k2k,docs/iter_gap_investigation/phase427_kernel_profile/K2.5-tp4ep8dp2-8k2k,decode,4,other_cuda,"void at::native::vectorized_elementwise_kernel<4, at...",0.046016,1.315000,35,,,146.096000,11515.000000,0.000000,1.516977,0.595460,0.357492,0.047048,0.031093,0.000000,passed,mixed_mla_attention_dominates,decode_mla_attention_dominates,kernel_profile_collected_prefill_and_decode,classify_prefill_execution_and_decode_slope_from_kernel_profile,false,true,true,false,false,false,true,No-Go
phase427_kernel_profile,kernel,K2.5-tp4ep8dp2-8k2k,docs/iter_gap_investigation/phase427_kernel_profile/K2.5-tp4ep8dp2-8k2k,decode,4,other_cuda,aten::sub,0.040254,0.575000,70,,,146.096000,11515.000000,0.000000,1.516977,0.595460,0.357492,0.047048,0.031093,0.000000,passed,mixed_mla_attention_dominates,decode_mla_attention_dominates,kernel_profile_collected_prefill_and_decode,classify_prefill_execution_and_decode_slope_from_kernel_profile,false,true,true,false,false,false,true,No-Go
phase427_kernel_profile,kernel,K2.5-tp4ep8dp2-8k2k,docs/iter_gap_investigation/phase427_kernel_profile/K2.5-tp4ep8dp2-8k2k,decode,4,other_cuda,void at::native::unrolled_elementwise_kernel<at::nat...,0.040254,1.150000,35,,,146.096000,11515.000000,0.000000,1.516977,0.595460,0.357492,0.047048,0.031093,0.000000,passed,mixed_mla_attention_dominates,decode_mla_attention_dominates,kernel_profile_collected_prefill_and_decode,classify_prefill_execution_and_decode_slope_from_kernel_profile,false,true,true,false,false,false,true,No-Go
phase427_kernel_profile,kernel,K2.5-tp4ep8dp2-8k2k,docs/iter_gap_investigation/phase427_kernel_profile/K2.5-tp4ep8dp2-8k2k,decode,4,other_cuda,cudaEventQuery,0.034721,0.176000,197,,,146.096000,11515.000000,0.000000,1.516977,0.595460,0.357492,0.047048,0.031093,0.000000,passed,mixed_mla_attention_dominates,decode_mla_attention_dominates,kernel_profile_collected_prefill_and_decode,classify_prefill_execution_and_decode_slope_from_kernel_profile,false,true,true,false,false,false,true,No-Go
phase427_kernel_profile,kernel,K2.5-tp4ep8dp2-8k2k,docs/iter_gap_investigation/phase427_kernel_profile/K2.5-tp4ep8dp2-8k2k,decode,4,other_cuda,cudaThreadExchangeStreamCaptureMode,0.028224,0.235000,120,,,146.096000,11515.000000,0.000000,1.516977,0.595460,0.357492,0.047048,0.031093,0.000000,passed,mixed_mla_attention_dominates,decode_mla_attention_dominates,kernel_profile_collected_prefill_and_decode,classify_prefill_execution_and_decode_slope_from_kernel_profile,false,true,true,false,false,false,true,No-Go
phase427_kernel_profile,kernel,K2.5-tp4ep8dp2-8k2k,docs/iter_gap_investigation/phase427_kernel_profile/K2.5-tp4ep8dp2-8k2k,decode,4,other_cuda,cudaEventSynchronize,0.019776,0.279000,71,,,146.096000,11515.000000,0.000000,1.516977,0.595460,0.357492,0.047048,0.031093,0.000000,passed,mixed_mla_attention_dominates,decode_mla_attention_dominates,kernel_profile_collected_prefill_and_decode,classify_prefill_execution_and_decode_slope_from_kernel_profile,false,true,true,false,false,false,true,No-Go
phase427_kernel_profile,kernel,K2.5-tp4ep8dp2-8k2k,docs/iter_gap_investigation/phase427_kernel_profile/K2.5-tp4ep8dp2-8k2k,decode,4,other_cuda,cudaDriverGetVersion,0.006944,0.198000,35,,,146.096000,11515.000000,0.000000,1.516977,0.595460,0.357492,0.047048,0.031093,0.000000,passed,mixed_mla_attention_dominates,decode_mla_attention_dominates,kernel_profile_collected_prefill_and_decode,classify_prefill_execution_and_decode_slope_from_kernel_profile,false,true,true,false,false,false,true,No-Go
phase427_kernel_profile,kernel,K2.5-tp4ep8dp2-8k2k,docs/iter_gap_investigation/phase427_kernel_profile/K2.5-tp4ep8dp2-8k2k,decode,4,other_cuda,cudaEventRecord,0.005248,0.025000,210,,,146.096000,11515.000000,0.000000,1.516977,0.595460,0.357492,0.047048,0.031093,0.000000,passed,mixed_mla_attention_dominates,decode_mla_attention_dominates,kernel_profile_collected_prefill_and_decode,classify_prefill_execution_and_decode_slope_from_kernel_profile,false,true,true,false,false,false,true,No-Go
phase427_kernel_profile,kernel,K2.5-tp4ep8dp2-8k2k,docs/iter_gap_investigation/phase427_kernel_profile/K2.5-tp4ep8dp2-8k2k,decode,4,other_cuda,cudaStreamWaitEvent,0.001440,0.010000,140,,,146.096000,11515.000000,0.000000,1.516977,0.595460,0.357492,0.047048,0.031093,0.000000,passed,mixed_mla_attention_dominates,decode_mla_attention_dominates,kernel_profile_collected_prefill_and_decode,classify_prefill_execution_and_decode_slope_from_kernel_profile,false,true,true,false,false,false,true,No-Go
phase427_kernel_profile,kernel,K2.5-tp4ep8dp2-8k2k,docs/iter_gap_investigation/phase427_kernel_profile/K2.5-tp4ep8dp2-8k2k,decode,4,other_cuda,cudaGraphLaunch,0.001248,0.036000,35,,,146.096000,11515.000000,0.000000,1.516977,0.595460,0.357492,0.047048,0.031093,0.000000,passed,mixed_mla_attention_dominates,decode_mla_attention_dominates,kernel_profile_collected_prefill_and_decode,classify_prefill_execution_and_decode_slope_from_kernel_profile,false,true,true,false,false,false,true,No-Go
phase427_kernel_profile,kernel,K2.5-tp4ep8dp2-8k2k,docs/iter_gap_investigation/phase427_kernel_profile/K2.5-tp4ep8dp2-8k2k,decode,4,cuda_graph_envelope,execute_context_0(0)_generation_51(51),14.936000,426.753000,35,,,146.096000,11515.000000,0.000000,1.516977,0.595460,0.357492,0.047048,0.031093,0.000000,passed,mixed_mla_attention_dominates,decode_mla_attention_dominates,kernel_profile_collected_prefill_and_decode,classify_prefill_execution_and_decode_slope_from_kernel_profile,false,true,true,false,false,false,true,No-Go
phase427_kernel_profile,kernel,K2.5-tp4ep8dp2-8k2k,docs/iter_gap_investigation/phase427_kernel_profile/K2.5-tp4ep8dp2-8k2k,decode,4,other_cuda,aten::slice,0.000000,0.000000,1960,,,146.096000,11515.000000,0.000000,1.516977,0.595460,0.357492,0.047048,0.031093,0.000000,passed,mixed_mla_attention_dominates,decode_mla_attention_dominates,kernel_profile_collected_prefill_and_decode,classify_prefill_execution_and_decode_slope_from_kernel_profile,false,true,true,false,false,false,true,No-Go
phase427_kernel_profile,kernel,K2.5-tp4ep8dp2-8k2k,docs/iter_gap_investigation/phase427_kernel_profile/K2.5-tp4ep8dp2-8k2k,decode,4,other_cuda,aten::as_strided,0.000000,0.000000,2975,,,146.096000,11515.000000,0.000000,1.516977,0.595460,0.357492,0.047048,0.031093,0.000000,passed,mixed_mla_attention_dominates,decode_mla_attention_dominates,kernel_profile_collected_prefill_and_decode,classify_prefill_execution_and_decode_slope_from_kernel_profile,false,true,true,false,false,false,true,No-Go
phase427_kernel_profile,kernel,K2.5-tp4ep8dp2-8k2k,docs/iter_gap_investigation/phase427_kernel_profile/K2.5-tp4ep8dp2-8k2k,decode,4,memcpy_memset,cudaMemcpyAsync,0.000000,0.000000,525,,,146.096000,11515.000000,0.000000,1.516977,0.595460,0.357492,0.047048,0.031093,0.000000,passed,mixed_mla_attention_dominates,decode_mla_attention_dominates,kernel_profile_collected_prefill_and_decode,classify_prefill_execution_and_decode_slope_from_kernel_profile,false,true,true,false,false,false,true,No-Go
phase427_kernel_profile,kernel,K2.5-tp4ep8dp2-8k2k,docs/iter_gap_investigation/phase427_kernel_profile/K2.5-tp4ep8dp2-8k2k,decode,4,other_cuda,aten::lift_fresh,0.000000,0.000000,315,,,146.096000,11515.000000,0.000000,1.516977,0.595460,0.357492,0.047048,0.031093,0.000000,passed,mixed_mla_attention_dominates,decode_mla_attention_dominates,kernel_profile_collected_prefill_and_decode,classify_prefill_execution_and_decode_slope_from_kernel_profile,false,true,true,false,false,false,true,No-Go
phase427_kernel_profile,kernel,K2.5-tp4ep8dp2-8k2k,docs/iter_gap_investigation/phase427_kernel_profile/K2.5-tp4ep8dp2-8k2k,decode,4,other_cuda,aten::flatten,0.000000,0.000000,35,,,146.096000,11515.000000,0.000000,1.516977,0.595460,0.357492,0.047048,0.031093,0.000000,passed,mixed_mla_attention_dominates,decode_mla_attention_dominates,kernel_profile_collected_prefill_and_decode,classify_prefill_execution_and_decode_slope_from_kernel_profile,false,true,true,false,false,false,true,No-Go
phase427_kernel_profile,kernel,K2.5-tp4ep8dp2-8k2k,docs/iter_gap_investigation/phase427_kernel_profile/K2.5-tp4ep8dp2-8k2k,decode,4,other_cuda,aten::view,0.000000,0.000000,280,,,146.096000,11515.000000,0.000000,1.516977,0.595460,0.357492,0.047048,0.031093,0.000000,passed,mixed_mla_attention_dominates,decode_mla_attention_dominates,kernel_profile_collected_prefill_and_decode,classify_prefill_execution_and_decode_slope_from_kernel_profile,false,true,true,false,false,false,true,No-Go
phase427_kernel_profile,kernel,K2.5-tp4ep8dp2-8k2k,docs/iter_gap_investigation/phase427_kernel_profile/K2.5-tp4ep8dp2-8k2k,decode,4,other_cuda,aten::index_select,0.075711,1.082000,70,,,146.096000,11515.000000,0.000000,1.516977,0.595460,0.357492,0.047048,0.031093,0.000000,passed,mixed_mla_attention_dominates,decode_mla_attention_dominates,kernel_profile_collected_prefill_and_decode,classify_prefill_execution_and_decode_slope_from_kernel_profile,false,true,true,false,false,false,true,No-Go
phase427_kernel_profile,kernel,K2.5-tp4ep8dp2-8k2k,docs/iter_gap_investigation/phase427_kernel_profile/K2.5-tp4ep8dp2-8k2k,decode,4,other_cuda,aten::detach,0.000000,0.000000,70,,,146.096000,11515.000000,0.000000,1.516977,0.595460,0.357492,0.047048,0.031093,0.000000,passed,mixed_mla_attention_dominates,decode_mla_attention_dominates,kernel_profile_collected_prefill_and_decode,classify_prefill_execution_and_decode_slope_from_kernel_profile,false,true,true,false,false,false,true,No-Go
phase427_kernel_profile,kernel,K2.5-tp4ep8dp2-8k2k,docs/iter_gap_investigation/phase427_kernel_profile/K2.5-tp4ep8dp2-8k2k,decode,4,other_cuda,aten::to,1.202000,2.454000,490,,,146.096000,11515.000000,0.000000,1.516977,0.595460,0.357492,0.047048,0.031093,0.000000,passed,mixed_mla_attention_dominates,decode_mla_attention_dominates,kernel_profile_collected_prefill_and_decode,classify_prefill_execution_and_decode_slope_from_kernel_profile,false,true,true,false,false,false,true,No-Go
phase427_kernel_profile,kernel,K2.5-tp4ep8dp2-8k2k,docs/iter_gap_investigation/phase427_kernel_profile/K2.5-tp4ep8dp2-8k2k,decode,5,cuda_graph_envelope,execute_context_0(0)_generation_51(51),4050.000000,642.929000,6300,,,146.096000,11515.000000,0.000000,1.516977,0.595460,0.357492,0.047048,0.031093,0.000000,passed,mixed_mla_attention_dominates,decode_mla_attention_dominates,kernel_profile_collected_prefill_and_decode,classify_prefill_execution_and_decode_slope_from_kernel_profile,false,true,true,false,false,false,true,No-Go
phase427_kernel_profile,kernel,K2.5-tp4ep8dp2-8k2k,docs/iter_gap_investigation/phase427_kernel_profile/K2.5-tp4ep8dp2-8k2k,decode,5,mla_attention,void cutlass::device_kernel<flash::enable_sm90_or_la...,423.807000,193.873000,2186,,,146.096000,11515.000000,0.000000,1.516977,0.595460,0.357492,0.047048,0.031093,0.000000,passed,mixed_mla_attention_dominates,decode_mla_attention_dominates,kernel_profile_collected_prefill_and_decode,classify_prefill_execution_and_decode_slope_from_kernel_profile,false,true,true,false,false,false,true,No-Go
phase427_kernel_profile,kernel,K2.5-tp4ep8dp2-8k2k,docs/iter_gap_investigation/phase427_kernel_profile/K2.5-tp4ep8dp2-8k2k,decode,5,moe_gemm_or_aux,"void marlin_moe_wna16::Marlin<1125899906909960l, 112...",415.699000,96.584000,4304,,,146.096000,11515.000000,0.000000,1.516977,0.595460,0.357492,0.047048,0.031093,0.000000,passed,mixed_mla_attention_dominates,decode_mla_attention_dominates,kernel_profile_collected_prefill_and_decode,classify_prefill_execution_and_decode_slope_from_kernel_profile,false,true,true,false,false,false,true,No-Go
phase427_kernel_profile,kernel,K2.5-tp4ep8dp2-8k2k,docs/iter_gap_investigation/phase427_kernel_profile/K2.5-tp4ep8dp2-8k2k,decode,5,ep_a2a,ncclDevKernel_ReduceScatter_Sum_bf16_RING_LL(ncclDev...,165.067000,76.704000,2152,,,146.096000,11515.000000,0.000000,1.516977,0.595460,0.357492,0.047048,0.031093,0.000000,passed,mixed_mla_attention_dominates,decode_mla_attention_dominates,kernel_profile_collected_prefill_and_decode,classify_prefill_execution_and_decode_slope_from_kernel_profile,false,true,true,false,false,false,true,No-Go
phase427_kernel_profile,kernel,K2.5-tp4ep8dp2-8k2k,docs/iter_gap_investigation/phase427_kernel_profile/K2.5-tp4ep8dp2-8k2k,decode,5,ep_a2a,ncclDevKernel_AllGather_RING_LL(ncclDevKernelArgsSto...,104.381000,24.051000,4340,,,146.096000,11515.000000,0.000000,1.516977,0.595460,0.357492,0.047048,0.031093,0.000000,passed,mixed_mla_attention_dominates,decode_mla_attention_dominates,kernel_profile_collected_prefill_and_decode,classify_prefill_execution_and_decode_slope_from_kernel_profile,false,true,true,false,false,false,true,No-Go
phase427_kernel_profile,kernel,K2.5-tp4ep8dp2-8k2k,docs/iter_gap_investigation/phase427_kernel_profile/K2.5-tp4ep8dp2-8k2k,decode,5,dense_gemm,nvjet_tst_64x16_64x16_2x1_v_bz_splitK_TNT,39.775000,18.483000,2152,,,146.096000,11515.000000,0.000000,1.516977,0.595460,0.357492,0.047048,0.031093,0.000000,passed,mixed_mla_attention_dominates,decode_mla_attention_dominates,kernel_profile_collected_prefill_and_decode,classify_prefill_execution_and_decode_slope_from_kernel_profile,false,true,true,false,false,false,true,No-Go
phase427_kernel_profile,kernel,K2.5-tp4ep8dp2-8k2k,docs/iter_gap_investigation/phase427_kernel_profile/K2.5-tp4ep8dp2-8k2k,decode,5,tp_or_dp_allreduce,"void vllm::cross_device_reduce_2stage<__nv_bfloat16,...",28.238000,12.512000,2257,,,146.096000,11515.000000,0.000000,1.516977,0.595460,0.357492,0.047048,0.031093,0.000000,passed,mixed_mla_attention_dominates,decode_mla_attention_dominates,kernel_profile_collected_prefill_and_decode,classify_prefill_execution_and_decode_slope_from_kernel_profile,false,true,true,false,false,false,true,No-Go
phase427_kernel_profile,kernel,K2.5-tp4ep8dp2-8k2k,docs/iter_gap_investigation/phase427_kernel_profile/K2.5-tp4ep8dp2-8k2k,decode,5,dense_gemm,nvjet_tst_64x16_64x16_4x1_v_bz_TNT,27.710000,12.876000,2152,,,146.096000,11515.000000,0.000000,1.516977,0.595460,0.357492,0.047048,0.031093,0.000000,passed,mixed_mla_attention_dominates,decode_mla_attention_dominates,kernel_profile_collected_prefill_and_decode,classify_prefill_execution_and_decode_slope_from_kernel_profile,false,true,true,false,false,false,true,No-Go
phase427_kernel_profile,kernel,K2.5-tp4ep8dp2-8k2k,docs/iter_gap_investigation/phase427_kernel_profile/K2.5-tp4ep8dp2-8k2k,decode,5,dense_gemm,nvjet_tst_64x56_64x14_4x1_v_bz_splitK_TNT,25.824000,11.813000,2186,,,146.096000,11515.000000,0.000000,1.516977,0.595460,0.357492,0.047048,0.031093,0.000000,passed,mixed_mla_attention_dominates,decode_mla_attention_dominates,kernel_profile_collected_prefill_and_decode,classify_prefill_execution_and_decode_slope_from_kernel_profile,false,true,true,false,false,false,true,No-Go
phase427_kernel_profile,kernel,K2.5-tp4ep8dp2-8k2k,docs/iter_gap_investigation/phase427_kernel_profile/K2.5-tp4ep8dp2-8k2k,decode,5,dense_gemm,nvjet_tst_64x56_64x14_4x1_v_bz_TNT,23.188000,10.436000,2222,,,146.096000,11515.000000,0.000000,1.516977,0.595460,0.357492,0.047048,0.031093,0.000000,passed,mixed_mla_attention_dominates,decode_mla_attention_dominates,kernel_profile_collected_prefill_and_decode,classify_prefill_execution_and_decode_slope_from_kernel_profile,false,true,true,false,false,false,true,No-Go
phase427_kernel_profile,kernel,K2.5-tp4ep8dp2-8k2k,docs/iter_gap_investigation/phase427_kernel_profile/K2.5-tp4ep8dp2-8k2k,decode,5,other_cuda,"void at::native::reduce_kernel<128, 4, at::native::R...",21.231000,9.866000,2152,,,146.096000,11515.000000,0.000000,1.516977,0.595460,0.357492,0.047048,0.031093,0.000000,passed,mixed_mla_attention_dominates,decode_mla_attention_dominates,kernel_profile_collected_prefill_and_decode,classify_prefill_execution_and_decode_slope_from_kernel_profile,false,true,true,false,false,false,true,No-Go
phase427_kernel_profile,kernel,K2.5-tp4ep8dp2-8k2k,docs/iter_gap_investigation/phase427_kernel_profile/K2.5-tp4ep8dp2-8k2k,decode,5,dense_gemm,"void router_gemm_kernel_bf16_output<__nv_bfloat16, 1...",16.342000,7.594000,2152,,,146.096000,11515.000000,0.000000,1.516977,0.595460,0.357492,0.047048,0.031093,0.000000,passed,mixed_mla_attention_dominates,decode_mla_attention_dominates,kernel_profile_collected_prefill_and_decode,classify_prefill_execution_and_decode_slope_from_kernel_profile,false,true,true,false,false,false,true,No-Go
phase427_kernel_profile,kernel,K2.5-tp4ep8dp2-8k2k,docs/iter_gap_investigation/phase427_kernel_profile/K2.5-tp4ep8dp2-8k2k,decode,5,other_cuda,"void vllm::act_and_mul_kernel<c10::BFloat16, __nv_bf...",14.356000,6.671000,2152,,,146.096000,11515.000000,0.000000,1.516977,0.595460,0.357492,0.047048,0.031093,0.000000,passed,mixed_mla_attention_dominates,decode_mla_attention_dominates,kernel_profile_collected_prefill_and_decode,classify_prefill_execution_and_decode_slope_from_kernel_profile,false,true,true,false,false,false,true,No-Go
phase427_kernel_profile,kernel,K2.5-tp4ep8dp2-8k2k,docs/iter_gap_investigation/phase427_kernel_profile/K2.5-tp4ep8dp2-8k2k,decode,5,dense_gemm,nvjet_tst_64x32_64x16_4x2_h_bz_TNT,13.541000,6.194000,2186,,,146.096000,11515.000000,0.000000,1.516977,0.595460,0.357492,0.047048,0.031093,0.000000,passed,mixed_mla_attention_dominates,decode_mla_attention_dominates,kernel_profile_collected_prefill_and_decode,classify_prefill_execution_and_decode_slope_from_kernel_profile,false,true,true,false,false,false,true,No-Go
phase427_kernel_profile,kernel,K2.5-tp4ep8dp2-8k2k,docs/iter_gap_investigation/phase427_kernel_profile/K2.5-tp4ep8dp2-8k2k,decode,5,mla_attention,void cutlass::device_kernel<flash::FlashAttnFwdCombi...,11.369000,5.198000,2187,,,146.096000,11515.000000,0.000000,1.516977,0.595460,0.357492,0.047048,0.031093,0.000000,passed,mixed_mla_attention_dominates,decode_mla_attention_dominates,kernel_profile_collected_prefill_and_decode,classify_prefill_execution_and_decode_slope_from_kernel_profile,false,true,true,false,false,false,true,No-Go
phase427_kernel_profile,kernel,K2.5-tp4ep8dp2-8k2k,docs/iter_gap_investigation/phase427_kernel_profile/K2.5-tp4ep8dp2-8k2k,decode,5,moe_gemm_or_aux,void vllm::moe::grouped_topk_fused_small_expert_coun...,9.854000,4.579000,2152,,,146.096000,11515.000000,0.000000,1.516977,0.595460,0.357492,0.047048,0.031093,0.000000,passed,mixed_mla_attention_dominates,decode_mla_attention_dominates,kernel_profile_collected_prefill_and_decode,classify_prefill_execution_and_decode_slope_from_kernel_profile,false,true,true,false,false,false,true,No-Go
phase427_kernel_profile,kernel,K2.5-tp4ep8dp2-8k2k,docs/iter_gap_investigation/phase427_kernel_profile/K2.5-tp4ep8dp2-8k2k,decode,5,dense_gemm,"void cublasLt::splitKreduce_kernel<32, 16, int, floa...",9.848000,2.270000,4338,,,146.096000,11515.000000,0.000000,1.516977,0.595460,0.357492,0.047048,0.031093,0.000000,passed,mixed_mla_attention_dominates,decode_mla_attention_dominates,kernel_profile_collected_prefill_and_decode,classify_prefill_execution_and_decode_slope_from_kernel_profile,false,true,true,false,false,false,true,No-Go
phase427_kernel_profile,kernel,K2.5-tp4ep8dp2-8k2k,docs/iter_gap_investigation/phase427_kernel_profile/K2.5-tp4ep8dp2-8k2k,decode,5,other_cuda,"void at::native::vectorized_elementwise_kernel<8, at...",9.807000,4.557000,2152,,,146.096000,11515.000000,0.000000,1.516977,0.595460,0.357492,0.047048,0.031093,0.000000,passed,mixed_mla_attention_dominates,decode_mla_attention_dominates,kernel_profile_collected_prefill_and_decode,classify_prefill_execution_and_decode_slope_from_kernel_profile,false,true,true,false,false,false,true,No-Go
phase427_kernel_profile,kernel,K2.5-tp4ep8dp2-8k2k,docs/iter_gap_investigation/phase427_kernel_profile/K2.5-tp4ep8dp2-8k2k,decode,5,other_cuda,triton_red_fused__to_copy_add_mean_min_latency_fused...,8.499000,4.017000,2116,,,146.096000,11515.000000,0.000000,1.516977,0.595460,0.357492,0.047048,0.031093,0.000000,passed,mixed_mla_attention_dominates,decode_mla_attention_dominates,kernel_profile_collected_prefill_and_decode,classify_prefill_execution_and_decode_slope_from_kernel_profile,false,true,true,false,false,false,true,No-Go
phase427_kernel_profile,kernel,K2.5-tp4ep8dp2-8k2k,docs/iter_gap_investigation/phase427_kernel_profile/K2.5-tp4ep8dp2-8k2k,decode,5,dense_gemm,nvjet_tst_64x24_64x16_2x1_v_bz_TNT,8.325000,3.807000,2187,,,146.096000,11515.000000,0.000000,1.516977,0.595460,0.357492,0.047048,0.031093,0.000000,passed,mixed_mla_attention_dominates,decode_mla_attention_dominates,kernel_profile_collected_prefill_and_decode,classify_prefill_execution_and_decode_slope_from_kernel_profile,false,true,true,false,false,false,true,No-Go
phase427_kernel_profile,kernel,K2.5-tp4ep8dp2-8k2k,docs/iter_gap_investigation/phase427_kernel_profile/K2.5-tp4ep8dp2-8k2k,decode,5,dense_gemm,nvjet_tst_64x56_64x14_2x1_v_bz_NNT,8.223000,3.762000,2186,,,146.096000,11515.000000,0.000000,1.516977,0.595460,0.357492,0.047048,0.031093,0.000000,passed,mixed_mla_attention_dominates,decode_mla_attention_dominates,kernel_profile_collected_prefill_and_decode,classify_prefill_execution_and_decode_slope_from_kernel_profile,false,true,true,false,false,false,true,No-Go
phase427_kernel_profile,kernel,K2.5-tp4ep8dp2-8k2k,docs/iter_gap_investigation/phase427_kernel_profile/K2.5-tp4ep8dp2-8k2k,decode,5,moe_gemm_or_aux,void vllm::moe::moe_align_block_size_kernel<int>(int...,7.509000,3.489000,2152,,,146.096000,11515.000000,0.000000,1.516977,0.595460,0.357492,0.047048,0.031093,0.000000,passed,mixed_mla_attention_dominates,decode_mla_attention_dominates,kernel_profile_collected_prefill_and_decode,classify_prefill_execution_and_decode_slope_from_kernel_profile,false,true,true,false,false,false,true,No-Go
phase427_kernel_profile,kernel,K2.5-tp4ep8dp2-8k2k,docs/iter_gap_investigation/phase427_kernel_profile/K2.5-tp4ep8dp2-8k2k,decode,5,other_cuda,aten::copy_,6.813000,6.952000,980,,,146.096000,11515.000000,0.000000,1.516977,0.595460,0.357492,0.047048,0.031093,0.000000,passed,mixed_mla_attention_dominates,decode_mla_attention_dominates,kernel_profile_collected_prefill_and_decode,classify_prefill_execution_and_decode_slope_from_kernel_profile,false,true,true,false,false,false,true,No-Go
phase427_kernel_profile,kernel,K2.5-tp4ep8dp2-8k2k,docs/iter_gap_investigation/phase427_kernel_profile/K2.5-tp4ep8dp2-8k2k,decode,5,other_cuda,triton_red_fused__to_copy_add_mean_mul_pow_rsqrt_seq...,6.008000,2.792000,2152,,,146.096000,11515.000000,0.000000,1.516977,0.595460,0.357492,0.047048,0.031093,0.000000,passed,mixed_mla_attention_dominates,decode_mla_attention_dominates,kernel_profile_collected_prefill_and_decode,classify_prefill_execution_and_decode_slope_from_kernel_profile,false,true,true,false,false,false,true,No-Go
phase427_kernel_profile,kernel,K2.5-tp4ep8dp2-8k2k,docs/iter_gap_investigation/phase427_kernel_profile/K2.5-tp4ep8dp2-8k2k,decode,5,dense_gemm,nvjet_tst_320x64_64x4_2x1_v_bz_TNT,5.353000,148.684000,36,,,146.096000,11515.000000,0.000000,1.516977,0.595460,0.357492,0.047048,0.031093,0.000000,passed,mixed_mla_attention_dominates,decode_mla_attention_dominates,kernel_profile_collected_prefill_and_decode,classify_prefill_execution_and_decode_slope_from_kernel_profile,false,true,true,false,false,false,true,No-Go
phase427_kernel_profile,kernel,K2.5-tp4ep8dp2-8k2k,docs/iter_gap_investigation/phase427_kernel_profile/K2.5-tp4ep8dp2-8k2k,decode,5,dense_gemm,aten::mm,5.204000,148.688000,35,,,146.096000,11515.000000,0.000000,1.516977,0.595460,0.357492,0.047048,0.031093,0.000000,passed,mixed_mla_attention_dominates,decode_mla_attention_dominates,kernel_profile_collected_prefill_and_decode,classify_prefill_execution_and_decode_slope_from_kernel_profile,false,true,true,false,false,false,true,No-Go
phase427_kernel_profile,kernel,K2.5-tp4ep8dp2-8k2k,docs/iter_gap_investigation/phase427_kernel_profile/K2.5-tp4ep8dp2-8k2k,decode,5,memcpy_memset,Memcpy HtoD (Pinned -> Device),4.665000,16.659000,280,,,146.096000,11515.000000,0.000000,1.516977,0.595460,0.357492,0.047048,0.031093,0.000000,passed,mixed_mla_attention_dominates,decode_mla_attention_dominates,kernel_profile_collected_prefill_and_decode,classify_prefill_execution_and_decode_slope_from_kernel_profile,false,true,true,false,false,false,true,No-Go
phase427_kernel_profile,kernel,K2.5-tp4ep8dp2-8k2k,docs/iter_gap_investigation/phase427_kernel_profile/K2.5-tp4ep8dp2-8k2k,decode,5,other_cuda,triton_poi_fused_add_clone_copy_expand_index_mul_neg...,4.395000,2.043000,2151,,,146.096000,11515.000000,0.000000,1.516977,0.595460,0.357492,0.047048,0.031093,0.000000,passed,mixed_mla_attention_dominates,decode_mla_attention_dominates,kernel_profile_collected_prefill_and_decode,classify_prefill_execution_and_decode_slope_from_kernel_profile,false,true,true,false,false,false,true,No-Go
phase427_kernel_profile,kernel,K2.5-tp4ep8dp2-8k2k,docs/iter_gap_investigation/phase427_kernel_profile/K2.5-tp4ep8dp2-8k2k,decode,5,mla_attention,void vllm::concat_and_cache_mla_kernel<__nv_bfloat16...,4.315000,1.974000,2186,,,146.096000,11515.000000,0.000000,1.516977,0.595460,0.357492,0.047048,0.031093,0.000000,passed,mixed_mla_attention_dominates,decode_mla_attention_dominates,kernel_profile_collected_prefill_and_decode,classify_prefill_execution_and_decode_slope_from_kernel_profile,false,true,true,false,false,false,true,No-Go
phase427_kernel_profile,kernel,K2.5-tp4ep8dp2-8k2k,docs/iter_gap_investigation/phase427_kernel_profile/K2.5-tp4ep8dp2-8k2k,decode,5,other_cuda,triton_red_fused_4,4.238000,1.970000,2151,,,146.096000,11515.000000,0.000000,1.516977,0.595460,0.357492,0.047048,0.031093,0.000000,passed,mixed_mla_attention_dominates,decode_mla_attention_dominates,kernel_profile_collected_prefill_and_decode,classify_prefill_execution_and_decode_slope_from_kernel_profile,false,true,true,false,false,false,true,No-Go
phase427_kernel_profile,kernel,K2.5-tp4ep8dp2-8k2k,docs/iter_gap_investigation/phase427_kernel_profile/K2.5-tp4ep8dp2-8k2k,decode,5,other_cuda,triton_poi_fused_3,3.679000,1.710000,2151,,,146.096000,11515.000000,0.000000,1.516977,0.595460,0.357492,0.047048,0.031093,0.000000,passed,mixed_mla_attention_dominates,decode_mla_attention_dominates,kernel_profile_collected_prefill_and_decode,classify_prefill_execution_and_decode_slope_from_kernel_profile,false,true,true,false,false,false,true,No-Go
phase427_kernel_profile,kernel,K2.5-tp4ep8dp2-8k2k,docs/iter_gap_investigation/phase427_kernel_profile/K2.5-tp4ep8dp2-8k2k,decode,5,other_cuda,triton_poi_fused_add_all_gather_mul_1,3.262000,1.516000,2152,,,146.096000,11515.000000,0.000000,1.516977,0.595460,0.357492,0.047048,0.031093,0.000000,passed,mixed_mla_attention_dominates,decode_mla_attention_dominates,kernel_profile_collected_prefill_and_decode,classify_prefill_execution_and_decode_slope_from_kernel_profile,false,true,true,false,false,false,true,No-Go
phase427_kernel_profile,kernel,K2.5-tp4ep8dp2-8k2k,docs/iter_gap_investigation/phase427_kernel_profile/K2.5-tp4ep8dp2-8k2k,decode,5,moe_gemm_or_aux,void vllm::moe::count_and_sort_expert_tokens_kernel<...,3.231000,1.502000,2152,,,146.096000,11515.000000,0.000000,1.516977,0.595460,0.357492,0.047048,0.031093,0.000000,passed,mixed_mla_attention_dominates,decode_mla_attention_dominates,kernel_profile_collected_prefill_and_decode,classify_prefill_execution_and_decode_slope_from_kernel_profile,false,true,true,false,false,false,true,No-Go
phase427_kernel_profile,kernel,K2.5-tp4ep8dp2-8k2k,docs/iter_gap_investigation/phase427_kernel_profile/K2.5-tp4ep8dp2-8k2k,decode,5,other_cuda,triton_poi_fused_mul_silu_slice_0,3.118000,1.449000,2152,,,146.096000,11515.000000,0.000000,1.516977,0.595460,0.357492,0.047048,0.031093,0.000000,passed,mixed_mla_attention_dominates,decode_mla_attention_dominates,kernel_profile_collected_prefill_and_decode,classify_prefill_execution_and_decode_slope_from_kernel_profile,false,true,true,false,false,false,true,No-Go
phase427_kernel_profile,kernel,K2.5-tp4ep8dp2-8k2k,docs/iter_gap_investigation/phase427_kernel_profile/K2.5-tp4ep8dp2-8k2k,decode,5,other_cuda,record_param_comms,2.340000,66.846000,35,,,146.096000,11515.000000,0.000000,1.516977,0.595460,0.357492,0.047048,0.031093,0.000000,passed,mixed_mla_attention_dominates,decode_mla_attention_dominates,kernel_profile_collected_prefill_and_decode,classify_prefill_execution_and_decode_slope_from_kernel_profile,false,true,true,false,false,false,true,No-Go
phase427_kernel_profile,kernel,K2.5-tp4ep8dp2-8k2k,docs/iter_gap_investigation/phase427_kernel_profile/K2.5-tp4ep8dp2-8k2k,decode,5,ep_a2a,nccl:_all_gather_base,2.340000,66.846000,35,,,146.096000,11515.000000,0.000000,1.516977,0.595460,0.357492,0.047048,0.031093,0.000000,passed,mixed_mla_attention_dominates,decode_mla_attention_dominates,kernel_profile_collected_prefill_and_decode,classify_prefill_execution_and_decode_slope_from_kernel_profile,false,true,true,false,false,false,true,No-Go
phase427_kernel_profile,kernel,K2.5-tp4ep8dp2-8k2k,docs/iter_gap_investigation/phase427_kernel_profile/K2.5-tp4ep8dp2-8k2k,decode,5,dense_gemm,nvjet_tst_80x64_64x11_4x1_v_bz_TNN,1.225000,35.007000,35,,,146.096000,11515.000000,0.000000,1.516977,0.595460,0.357492,0.047048,0.031093,0.000000,passed,mixed_mla_attention_dominates,decode_mla_attention_dominates,kernel_profile_collected_prefill_and_decode,classify_prefill_execution_and_decode_slope_from_kernel_profile,false,true,true,false,false,false,true,No-Go
phase427_kernel_profile,kernel,K2.5-tp4ep8dp2-8k2k,docs/iter_gap_investigation/phase427_kernel_profile/K2.5-tp4ep8dp2-8k2k,decode,5,other_cuda,aten::argmax,0.801116,22.889000,35,,,146.096000,11515.000000,0.000000,1.516977,0.595460,0.357492,0.047048,0.031093,0.000000,passed,mixed_mla_attention_dominates,decode_mla_attention_dominates,kernel_profile_collected_prefill_and_decode,classify_prefill_execution_and_decode_slope_from_kernel_profile,false,true,true,false,false,false,true,No-Go
phase427_kernel_profile,kernel,K2.5-tp4ep8dp2-8k2k,docs/iter_gap_investigation/phase427_kernel_profile/K2.5-tp4ep8dp2-8k2k,decode,5,other_cuda,void at::native::unrolled_elementwise_kernel<at::nat...,0.789477,21.930000,36,,,146.096000,11515.000000,0.000000,1.516977,0.595460,0.357492,0.047048,0.031093,0.000000,passed,mixed_mla_attention_dominates,decode_mla_attention_dominates,kernel_profile_collected_prefill_and_decode,classify_prefill_execution_and_decode_slope_from_kernel_profile,false,true,true,false,false,false,true,No-Go
phase427_kernel_profile,kernel,K2.5-tp4ep8dp2-8k2k,docs/iter_gap_investigation/phase427_kernel_profile/K2.5-tp4ep8dp2-8k2k,decode,5,other_cuda,"void at::native::reduce_kernel<512, 1, at::native::R...",0.766366,21.288000,36,,,146.096000,11515.000000,0.000000,1.516977,0.595460,0.357492,0.047048,0.031093,0.000000,passed,mixed_mla_attention_dominates,decode_mla_attention_dominates,kernel_profile_collected_prefill_and_decode,classify_prefill_execution_and_decode_slope_from_kernel_profile,false,true,true,false,false,false,true,No-Go
phase427_kernel_profile,kernel,K2.5-tp4ep8dp2-8k2k,docs/iter_gap_investigation/phase427_kernel_profile/K2.5-tp4ep8dp2-8k2k,decode,5,other_cuda,"void at::native::elementwise_kernel<128, 4, at::nati...",0.755170,20.977000,36,,,146.096000,11515.000000,0.000000,1.516977,0.595460,0.357492,0.047048,0.031093,0.000000,passed,mixed_mla_attention_dominates,decode_mla_attention_dominates,kernel_profile_collected_prefill_and_decode,classify_prefill_execution_and_decode_slope_from_kernel_profile,false,true,true,false,false,false,true,No-Go
phase427_kernel_profile,kernel,K2.5-tp4ep8dp2-8k2k,docs/iter_gap_investigation/phase427_kernel_profile/K2.5-tp4ep8dp2-8k2k,decode,5,tp_or_dp_allreduce,_C_custom_ar::all_reduce,0.744476,21.271000,35,,,146.096000,11515.000000,0.000000,1.516977,0.595460,0.357492,0.047048,0.031093,0.000000,passed,mixed_mla_attention_dominates,decode_mla_attention_dominates,kernel_profile_collected_prefill_and_decode,classify_prefill_execution_and_decode_slope_from_kernel_profile,false,true,true,false,false,false,true,No-Go
phase427_kernel_profile,kernel,K2.5-tp4ep8dp2-8k2k,docs/iter_gap_investigation/phase427_kernel_profile/K2.5-tp4ep8dp2-8k2k,decode,5,memcpy_memset,Memcpy DtoD (Device -> Device),0.270132,1.286000,210,,,146.096000,11515.000000,0.000000,1.516977,0.595460,0.357492,0.047048,0.031093,0.000000,passed,mixed_mla_attention_dominates,decode_mla_attention_dominates,kernel_profile_collected_prefill_and_decode,classify_prefill_execution_and_decode_slope_from_kernel_profile,false,true,true,false,false,false,true,No-Go
phase427_kernel_profile,kernel,K2.5-tp4ep8dp2-8k2k,docs/iter_gap_investigation/phase427_kernel_profile/K2.5-tp4ep8dp2-8k2k,decode,5,other_cuda,void at::native::unrolled_elementwise_kernel<at::nat...,0.257284,1.799000,143,,,146.096000,11515.000000,0.000000,1.516977,0.595460,0.357492,0.047048,0.031093,0.000000,passed,mixed_mla_attention_dominates,decode_mla_attention_dominates,kernel_profile_collected_prefill_and_decode,classify_prefill_execution_and_decode_slope_from_kernel_profile,false,true,true,false,false,false,true,No-Go
phase427_kernel_profile,kernel,K2.5-tp4ep8dp2-8k2k,docs/iter_gap_investigation/phase427_kernel_profile/K2.5-tp4ep8dp2-8k2k,decode,5,other_cuda,aten::fill_,0.219912,0.483000,455,,,146.096000,11515.000000,0.000000,1.516977,0.595460,0.357492,0.047048,0.031093,0.000000,passed,mixed_mla_attention_dominates,decode_mla_attention_dominates,kernel_profile_collected_prefill_and_decode,classify_prefill_execution_and_decode_slope_from_kernel_profile,false,true,true,false,false,false,true,No-Go
phase427_kernel_profile,kernel,K2.5-tp4ep8dp2-8k2k,docs/iter_gap_investigation/phase427_kernel_profile/K2.5-tp4ep8dp2-8k2k,decode,5,other_cuda,triton_red_fused__to_copy_add_mean_mul_pow_rsqrt_sli...,0.173024,4.806000,36,,,146.096000,11515.000000,0.000000,1.516977,0.595460,0.357492,0.047048,0.031093,0.000000,passed,mixed_mla_attention_dominates,decode_mla_attention_dominates,kernel_profile_collected_prefill_and_decode,classify_prefill_execution_and_decode_slope_from_kernel_profile,false,true,true,false,false,false,true,No-Go
phase427_kernel_profile,kernel,K2.5-tp4ep8dp2-8k2k,docs/iter_gap_investigation/phase427_kernel_profile/K2.5-tp4ep8dp2-8k2k,decode,5,other_cuda,aten::index,0.239197,3.417000,70,,,146.096000,11515.000000,0.000000,1.516977,0.595460,0.357492,0.047048,0.031093,0.000000,passed,mixed_mla_attention_dominates,decode_mla_attention_dominates,kernel_profile_collected_prefill_and_decode,classify_prefill_execution_and_decode_slope_from_kernel_profile,false,true,true,false,false,false,true,No-Go
phase427_kernel_profile,kernel,K2.5-tp4ep8dp2-8k2k,docs/iter_gap_investigation/phase427_kernel_profile/K2.5-tp4ep8dp2-8k2k,decode,5,other_cuda,cudaThreadExchangeStreamCaptureMode,0.156481,1.349000,116,,,146.096000,11515.000000,0.000000,1.516977,0.595460,0.357492,0.047048,0.031093,0.000000,passed,mixed_mla_attention_dominates,decode_mla_attention_dominates,kernel_profile_collected_prefill_and_decode,classify_prefill_execution_and_decode_slope_from_kernel_profile,false,true,true,false,false,false,true,No-Go
phase427_kernel_profile,kernel,K2.5-tp4ep8dp2-8k2k,docs/iter_gap_investigation/phase427_kernel_profile/K2.5-tp4ep8dp2-8k2k,decode,5,other_cuda,triton_red_fused__to_copy_add_mean_min_latency_fused...,0.145760,4.165000,35,,,146.096000,11515.000000,0.000000,1.516977,0.595460,0.357492,0.047048,0.031093,0.000000,passed,mixed_mla_attention_dominates,decode_mla_attention_dominates,kernel_profile_collected_prefill_and_decode,classify_prefill_execution_and_decode_slope_from_kernel_profile,false,true,true,false,false,false,true,No-Go
phase427_kernel_profile,kernel,K2.5-tp4ep8dp2-8k2k,docs/iter_gap_investigation/phase427_kernel_profile/K2.5-tp4ep8dp2-8k2k,decode,5,other_cuda,"void at::native::vectorized_gather_kernel<16, long>(...",0.144159,2.030000,71,,,146.096000,11515.000000,0.000000,1.516977,0.595460,0.357492,0.047048,0.031093,0.000000,passed,mixed_mla_attention_dominates,decode_mla_attention_dominates,kernel_profile_collected_prefill_and_decode,classify_prefill_execution_and_decode_slope_from_kernel_profile,false,true,true,false,false,false,true,No-Go
phase427_kernel_profile,kernel,K2.5-tp4ep8dp2-8k2k,docs/iter_gap_investigation/phase427_kernel_profile/K2.5-tp4ep8dp2-8k2k,decode,5,memcpy_memset,Memcpy DtoH (Device -> Pinned),0.132547,3.682000,36,,,146.096000,11515.000000,0.000000,1.516977,0.595460,0.357492,0.047048,0.031093,0.000000,passed,mixed_mla_attention_dominates,decode_mla_attention_dominates,kernel_profile_collected_prefill_and_decode,classify_prefill_execution_and_decode_slope_from_kernel_profile,false,true,true,false,false,false,true,No-Go
phase427_kernel_profile,kernel,K2.5-tp4ep8dp2-8k2k,docs/iter_gap_investigation/phase427_kernel_profile/K2.5-tp4ep8dp2-8k2k,decode,5,other_cuda,aten::masked_fill_,0.110399,3.154000,35,,,146.096000,11515.000000,0.000000,1.516977,0.595460,0.357492,0.047048,0.031093,0.000000,passed,mixed_mla_attention_dominates,decode_mla_attention_dominates,kernel_profile_collected_prefill_and_decode,classify_prefill_execution_and_decode_slope_from_kernel_profile,false,true,true,false,false,false,true,No-Go
phase427_kernel_profile,kernel,K2.5-tp4ep8dp2-8k2k,docs/iter_gap_investigation/phase427_kernel_profile/K2.5-tp4ep8dp2-8k2k,decode,5,other_cuda,"void at::native::elementwise_kernel<128, 4, at::nati...",0.110399,3.154000,35,,,146.096000,11515.000000,0.000000,1.516977,0.595460,0.357492,0.047048,0.031093,0.000000,passed,mixed_mla_attention_dominates,decode_mla_attention_dominates,kernel_profile_collected_prefill_and_decode,classify_prefill_execution_and_decode_slope_from_kernel_profile,false,true,true,false,false,false,true,No-Go
phase427_kernel_profile,kernel,K2.5-tp4ep8dp2-8k2k,docs/iter_gap_investigation/phase427_kernel_profile/K2.5-tp4ep8dp2-8k2k,decode,5,other_cuda,_compute_slot_mapping_kernel,0.110210,3.149000,35,,,146.096000,11515.000000,0.000000,1.516977,0.595460,0.357492,0.047048,0.031093,0.000000,passed,mixed_mla_attention_dominates,decode_mla_attention_dominates,kernel_profile_collected_prefill_and_decode,classify_prefill_execution_and_decode_slope_from_kernel_profile,false,true,true,false,false,false,true,No-Go
phase427_kernel_profile,kernel,K2.5-tp4ep8dp2-8k2k,docs/iter_gap_investigation/phase427_kernel_profile/K2.5-tp4ep8dp2-8k2k,decode,5,other_cuda,triton_red_fused__to_copy_add_clone_mean_min_latency...,0.105537,3.015000,35,,,146.096000,11515.000000,0.000000,1.516977,0.595460,0.357492,0.047048,0.031093,0.000000,passed,mixed_mla_attention_dominates,decode_mla_attention_dominates,kernel_profile_collected_prefill_and_decode,classify_prefill_execution_and_decode_slope_from_kernel_profile,false,true,true,false,false,false,true,No-Go
phase427_kernel_profile,kernel,K2.5-tp4ep8dp2-8k2k,docs/iter_gap_investigation/phase427_kernel_profile/K2.5-tp4ep8dp2-8k2k,decode,5,other_cuda,"void at::native::index_elementwise_kernel<128, 4, at...",0.104607,2.906000,36,,,146.096000,11515.000000,0.000000,1.516977,0.595460,0.357492,0.047048,0.031093,0.000000,passed,mixed_mla_attention_dominates,decode_mla_attention_dominates,kernel_profile_collected_prefill_and_decode,classify_prefill_execution_and_decode_slope_from_kernel_profile,false,true,true,false,false,false,true,No-Go
phase427_kernel_profile,kernel,K2.5-tp4ep8dp2-8k2k,docs/iter_gap_investigation/phase427_kernel_profile/K2.5-tp4ep8dp2-8k2k,decode,5,other_cuda,aten::_index_put_impl_,0.228001,6.514000,35,,,146.096000,11515.000000,0.000000,1.516977,0.595460,0.357492,0.047048,0.031093,0.000000,passed,mixed_mla_attention_dominates,decode_mla_attention_dominates,kernel_profile_collected_prefill_and_decode,classify_prefill_execution_and_decode_slope_from_kernel_profile,false,true,true,false,false,false,true,No-Go
phase427_kernel_profile,kernel,K2.5-tp4ep8dp2-8k2k,docs/iter_gap_investigation/phase427_kernel_profile/K2.5-tp4ep8dp2-8k2k,decode,5,other_cuda,aten::add,0.101408,0.966000,105,,,146.096000,11515.000000,0.000000,1.516977,0.595460,0.357492,0.047048,0.031093,0.000000,passed,mixed_mla_attention_dominates,decode_mla_attention_dominates,kernel_profile_collected_prefill_and_decode,classify_prefill_execution_and_decode_slope_from_kernel_profile,false,true,true,false,false,false,true,No-Go
phase427_kernel_profile,kernel,K2.5-tp4ep8dp2-8k2k,docs/iter_gap_investigation/phase427_kernel_profile/K2.5-tp4ep8dp2-8k2k,decode,5,other_cuda,triton_red_fused__to_copy_add_mean_mul_pow_rsqrt_0,0.098882,2.825000,35,,,146.096000,11515.000000,0.000000,1.516977,0.595460,0.357492,0.047048,0.031093,0.000000,passed,mixed_mla_attention_dominates,decode_mla_attention_dominates,kernel_profile_collected_prefill_and_decode,classify_prefill_execution_and_decode_slope_from_kernel_profile,false,true,true,false,false,false,true,No-Go
phase427_kernel_profile,kernel,K2.5-tp4ep8dp2-8k2k,docs/iter_gap_investigation/phase427_kernel_profile/K2.5-tp4ep8dp2-8k2k,decode,5,other_cuda,"void at::native::index_elementwise_kernel<128, 4, at...",0.093277,2.665000,35,,,146.096000,11515.000000,0.000000,1.516977,0.595460,0.357492,0.047048,0.031093,0.000000,passed,mixed_mla_attention_dominates,decode_mla_attention_dominates,kernel_profile_collected_prefill_and_decode,classify_prefill_execution_and_decode_slope_from_kernel_profile,false,true,true,false,false,false,true,No-Go
phase427_kernel_profile,kernel,K2.5-tp4ep8dp2-8k2k,docs/iter_gap_investigation/phase427_kernel_profile/K2.5-tp4ep8dp2-8k2k,decode,5,other_cuda,"void at::native::vectorized_elementwise_kernel<4, at...",0.086216,1.232000,70,,,146.096000,11515.000000,0.000000,1.516977,0.595460,0.357492,0.047048,0.031093,0.000000,passed,mixed_mla_attention_dominates,decode_mla_attention_dominates,kernel_profile_collected_prefill_and_decode,classify_prefill_execution_and_decode_slope_from_kernel_profile,false,true,true,false,false,false,true,No-Go
phase427_kernel_profile,kernel,K2.5-tp4ep8dp2-8k2k,docs/iter_gap_investigation/phase427_kernel_profile/K2.5-tp4ep8dp2-8k2k,decode,5,other_cuda,cudaStreamIsCapturing,0.084130,0.343000,245,,,146.096000,11515.000000,0.000000,1.516977,0.595460,0.357492,0.047048,0.031093,0.000000,passed,mixed_mla_attention_dominates,decode_mla_attention_dominates,kernel_profile_collected_prefill_and_decode,classify_prefill_execution_and_decode_slope_from_kernel_profile,false,true,true,false,false,false,true,No-Go
phase427_kernel_profile,kernel,K2.5-tp4ep8dp2-8k2k,docs/iter_gap_investigation/phase427_kernel_profile/K2.5-tp4ep8dp2-8k2k,decode,5,other_cuda,triton_poi_fused_add_clone_copy_expand_index_mul_neg...,0.070943,2.027000,35,,,146.096000,11515.000000,0.000000,1.516977,0.595460,0.357492,0.047048,0.031093,0.000000,passed,mixed_mla_attention_dominates,decode_mla_attention_dominates,kernel_profile_collected_prefill_and_decode,classify_prefill_execution_and_decode_slope_from_kernel_profile,false,true,true,false,false,false,true,No-Go
phase427_kernel_profile,kernel,K2.5-tp4ep8dp2-8k2k,docs/iter_gap_investigation/phase427_kernel_profile/K2.5-tp4ep8dp2-8k2k,decode,5,other_cuda,triton_red_fused_2,0.070463,2.013000,35,,,146.096000,11515.000000,0.000000,1.516977,0.595460,0.357492,0.047048,0.031093,0.000000,passed,mixed_mla_attention_dominates,decode_mla_attention_dominates,kernel_profile_collected_prefill_and_decode,classify_prefill_execution_and_decode_slope_from_kernel_profile,false,true,true,false,false,false,true,No-Go
phase427_kernel_profile,kernel,K2.5-tp4ep8dp2-8k2k,docs/iter_gap_investigation/phase427_kernel_profile/K2.5-tp4ep8dp2-8k2k,decode,5,mla_attention,_vllm_fa3_C::get_scheduler_metadata,0.070081,2.002000,35,,,146.096000,11515.000000,0.000000,1.516977,0.595460,0.357492,0.047048,0.031093,0.000000,passed,mixed_mla_attention_dominates,decode_mla_attention_dominates,kernel_profile_collected_prefill_and_decode,classify_prefill_execution_and_decode_slope_from_kernel_profile,false,true,true,false,false,false,true,No-Go
phase427_kernel_profile,kernel,K2.5-tp4ep8dp2-8k2k,docs/iter_gap_investigation/phase427_kernel_profile/K2.5-tp4ep8dp2-8k2k,decode,5,mla_attention,"void flash::prepare_varlen_num_blocks_kernel<2, fals...",0.070081,2.002000,35,,,146.096000,11515.000000,0.000000,1.516977,0.595460,0.357492,0.047048,0.031093,0.000000,passed,mixed_mla_attention_dominates,decode_mla_attention_dominates,kernel_profile_collected_prefill_and_decode,classify_prefill_execution_and_decode_slope_from_kernel_profile,false,true,true,false,false,false,true,No-Go
phase427_kernel_profile,kernel,K2.5-tp4ep8dp2-8k2k,docs/iter_gap_investigation/phase427_kernel_profile/K2.5-tp4ep8dp2-8k2k,decode,5,other_cuda,aten::gather,0.069568,1.988000,35,,,146.096000,11515.000000,0.000000,1.516977,0.595460,0.357492,0.047048,0.031093,0.000000,passed,mixed_mla_attention_dominates,decode_mla_attention_dominates,kernel_profile_collected_prefill_and_decode,classify_prefill_execution_and_decode_slope_from_kernel_profile,false,true,true,false,false,false,true,No-Go
phase427_kernel_profile,kernel,K2.5-tp4ep8dp2-8k2k,docs/iter_gap_investigation/phase427_kernel_profile/K2.5-tp4ep8dp2-8k2k,decode,5,other_cuda,void at::native::unrolled_elementwise_kernel<at::nat...,0.068862,0.984000,70,,,146.096000,11515.000000,0.000000,1.516977,0.595460,0.357492,0.047048,0.031093,0.000000,passed,mixed_mla_attention_dominates,decode_mla_attention_dominates,kernel_profile_collected_prefill_and_decode,classify_prefill_execution_and_decode_slope_from_kernel_profile,false,true,true,false,false,false,true,No-Go
phase427_kernel_profile,kernel,K2.5-tp4ep8dp2-8k2k,docs/iter_gap_investigation/phase427_kernel_profile/K2.5-tp4ep8dp2-8k2k,decode,5,other_cuda,void at::native::unrolled_elementwise_kernel<at::nat...,0.064834,0.926000,70,,,146.096000,11515.000000,0.000000,1.516977,0.595460,0.357492,0.047048,0.031093,0.000000,passed,mixed_mla_attention_dominates,decode_mla_attention_dominates,kernel_profile_collected_prefill_and_decode,classify_prefill_execution_and_decode_slope_from_kernel_profile,false,true,true,false,false,false,true,No-Go
phase427_kernel_profile,kernel,K2.5-tp4ep8dp2-8k2k,docs/iter_gap_investigation/phase427_kernel_profile/K2.5-tp4ep8dp2-8k2k,decode,5,other_cuda,triton_poi_fused_1,0.062690,1.791000,35,,,146.096000,11515.000000,0.000000,1.516977,0.595460,0.357492,0.047048,0.031093,0.000000,passed,mixed_mla_attention_dominates,decode_mla_attention_dominates,kernel_profile_collected_prefill_and_decode,classify_prefill_execution_and_decode_slope_from_kernel_profile,false,true,true,false,false,false,true,No-Go
phase427_kernel_profile,kernel,K2.5-tp4ep8dp2-8k2k,docs/iter_gap_investigation/phase427_kernel_profile/K2.5-tp4ep8dp2-8k2k,decode,5,memcpy_memset,Memset (Device),0.058110,1.614000,36,,,146.096000,11515.000000,0.000000,1.516977,0.595460,0.357492,0.047048,0.031093,0.000000,passed,mixed_mla_attention_dominates,decode_mla_attention_dominates,kernel_profile_collected_prefill_and_decode,classify_prefill_execution_and_decode_slope_from_kernel_profile,false,true,true,false,false,false,true,No-Go
phase427_kernel_profile,kernel,K2.5-tp4ep8dp2-8k2k,docs/iter_gap_investigation/phase427_kernel_profile/K2.5-tp4ep8dp2-8k2k,decode,5,other_cuda,void at::native::unrolled_elementwise_kernel<at::nat...,0.054818,1.523000,36,,,146.096000,11515.000000,0.000000,1.516977,0.595460,0.357492,0.047048,0.031093,0.000000,passed,mixed_mla_attention_dominates,decode_mla_attention_dominates,kernel_profile_collected_prefill_and_decode,classify_prefill_execution_and_decode_slope_from_kernel_profile,false,true,true,false,false,false,true,No-Go
phase427_kernel_profile,kernel,K2.5-tp4ep8dp2-8k2k,docs/iter_gap_investigation/phase427_kernel_profile/K2.5-tp4ep8dp2-8k2k,decode,5,other_cuda,"void at::native::vectorized_elementwise_kernel<2, at...",0.054274,1.551000,35,,,146.096000,11515.000000,0.000000,1.516977,0.595460,0.357492,0.047048,0.031093,0.000000,passed,mixed_mla_attention_dominates,decode_mla_attention_dominates,kernel_profile_collected_prefill_and_decode,classify_prefill_execution_and_decode_slope_from_kernel_profile,false,true,true,false,false,false,true,No-Go
phase427_kernel_profile,kernel,K2.5-tp4ep8dp2-8k2k,docs/iter_gap_investigation/phase427_kernel_profile/K2.5-tp4ep8dp2-8k2k,decode,5,other_cuda,triton_poi_fused_mul_silu_slice_1,0.051265,1.465000,35,,,146.096000,11515.000000,0.000000,1.516977,0.595460,0.357492,0.047048,0.031093,0.000000,passed,mixed_mla_attention_dominates,decode_mla_attention_dominates,kernel_profile_collected_prefill_and_decode,classify_prefill_execution_and_decode_slope_from_kernel_profile,false,true,true,false,false,false,true,No-Go
phase427_kernel_profile,kernel,K2.5-tp4ep8dp2-8k2k,docs/iter_gap_investigation/phase427_kernel_profile/K2.5-tp4ep8dp2-8k2k,decode,5,other_cuda,triton_poi_fused_add_bitwise_and_bitwise_not_bitwise...,0.050079,1.431000,35,,,146.096000,11515.000000,0.000000,1.516977,0.595460,0.357492,0.047048,0.031093,0.000000,passed,mixed_mla_attention_dominates,decode_mla_attention_dominates,kernel_profile_collected_prefill_and_decode,classify_prefill_execution_and_decode_slope_from_kernel_profile,false,true,true,false,false,false,true,No-Go
phase427_kernel_profile,kernel,K2.5-tp4ep8dp2-8k2k,docs/iter_gap_investigation/phase427_kernel_profile/K2.5-tp4ep8dp2-8k2k,decode,5,other_cuda,triton_poi_fused_add_bitwise_and_bitwise_not_bitwise...,0.050079,1.431000,35,,,146.096000,11515.000000,0.000000,1.516977,0.595460,0.357492,0.047048,0.031093,0.000000,passed,mixed_mla_attention_dominates,decode_mla_attention_dominates,kernel_profile_collected_prefill_and_decode,classify_prefill_execution_and_decode_slope_from_kernel_profile,false,true,true,false,false,false,true,No-Go
phase427_kernel_profile,kernel,K2.5-tp4ep8dp2-8k2k,docs/iter_gap_investigation/phase427_kernel_profile/K2.5-tp4ep8dp2-8k2k,decode,5,other_cuda,## Call CompiledFxGraph f52ckslhhwqd3ysisx6hpbeashi6...,0.050079,1.431000,35,,,146.096000,11515.000000,0.000000,1.516977,0.595460,0.357492,0.047048,0.031093,0.000000,passed,mixed_mla_attention_dominates,decode_mla_attention_dominates,kernel_profile_collected_prefill_and_decode,classify_prefill_execution_and_decode_slope_from_kernel_profile,false,true,true,false,false,false,true,No-Go
phase427_kernel_profile,kernel,K2.5-tp4ep8dp2-8k2k,docs/iter_gap_investigation/phase427_kernel_profile/K2.5-tp4ep8dp2-8k2k,decode,5,other_cuda,"void at::native::vectorized_elementwise_kernel<4, at...",0.047134,1.347000,35,,,146.096000,11515.000000,0.000000,1.516977,0.595460,0.357492,0.047048,0.031093,0.000000,passed,mixed_mla_attention_dominates,decode_mla_attention_dominates,kernel_profile_collected_prefill_and_decode,classify_prefill_execution_and_decode_slope_from_kernel_profile,false,true,true,false,false,false,true,No-Go
phase427_kernel_profile,kernel,K2.5-tp4ep8dp2-8k2k,docs/iter_gap_investigation/phase427_kernel_profile/K2.5-tp4ep8dp2-8k2k,decode,5,other_cuda,cudaEventQuery,0.041952,0.212000,198,,,146.096000,11515.000000,0.000000,1.516977,0.595460,0.357492,0.047048,0.031093,0.000000,passed,mixed_mla_attention_dominates,decode_mla_attention_dominates,kernel_profile_collected_prefill_and_decode,classify_prefill_execution_and_decode_slope_from_kernel_profile,false,true,true,false,false,false,true,No-Go
phase427_kernel_profile,kernel,K2.5-tp4ep8dp2-8k2k,docs/iter_gap_investigation/phase427_kernel_profile/K2.5-tp4ep8dp2-8k2k,decode,5,other_cuda,aten::sub,0.040801,0.583000,70,,,146.096000,11515.000000,0.000000,1.516977,0.595460,0.357492,0.047048,0.031093,0.000000,passed,mixed_mla_attention_dominates,decode_mla_attention_dominates,kernel_profile_collected_prefill_and_decode,classify_prefill_execution_and_decode_slope_from_kernel_profile,false,true,true,false,false,false,true,No-Go
phase427_kernel_profile,kernel,K2.5-tp4ep8dp2-8k2k,docs/iter_gap_investigation/phase427_kernel_profile/K2.5-tp4ep8dp2-8k2k,decode,5,other_cuda,void at::native::unrolled_elementwise_kernel<at::nat...,0.040801,1.166000,35,,,146.096000,11515.000000,0.000000,1.516977,0.595460,0.357492,0.047048,0.031093,0.000000,passed,mixed_mla_attention_dominates,decode_mla_attention_dominates,kernel_profile_collected_prefill_and_decode,classify_prefill_execution_and_decode_slope_from_kernel_profile,false,true,true,false,false,false,true,No-Go
phase427_kernel_profile,kernel,K2.5-tp4ep8dp2-8k2k,docs/iter_gap_investigation/phase427_kernel_profile/K2.5-tp4ep8dp2-8k2k,decode,5,other_cuda,cudaEventRecord,0.030687,0.146000,210,,,146.096000,11515.000000,0.000000,1.516977,0.595460,0.357492,0.047048,0.031093,0.000000,passed,mixed_mla_attention_dominates,decode_mla_attention_dominates,kernel_profile_collected_prefill_and_decode,classify_prefill_execution_and_decode_slope_from_kernel_profile,false,true,true,false,false,false,true,No-Go
phase427_kernel_profile,kernel,K2.5-tp4ep8dp2-8k2k,docs/iter_gap_investigation/phase427_kernel_profile/K2.5-tp4ep8dp2-8k2k,decode,5,other_cuda,cudaEventRecordWithFlags,0.010816,0.103000,105,,,146.096000,11515.000000,0.000000,1.516977,0.595460,0.357492,0.047048,0.031093,0.000000,passed,mixed_mla_attention_dominates,decode_mla_attention_dominates,kernel_profile_collected_prefill_and_decode,classify_prefill_execution_and_decode_slope_from_kernel_profile,false,true,true,false,false,false,true,No-Go
phase427_kernel_profile,kernel,K2.5-tp4ep8dp2-8k2k,docs/iter_gap_investigation/phase427_kernel_profile/K2.5-tp4ep8dp2-8k2k,decode,5,other_cuda,cuLaunchKernelEx,0.007296,0.069000,105,,,146.096000,11515.000000,0.000000,1.516977,0.595460,0.357492,0.047048,0.031093,0.000000,passed,mixed_mla_attention_dominates,decode_mla_attention_dominates,kernel_profile_collected_prefill_and_decode,classify_prefill_execution_and_decode_slope_from_kernel_profile,false,true,true,false,false,false,true,No-Go
phase427_kernel_profile,kernel,K2.5-tp4ep8dp2-8k2k,docs/iter_gap_investigation/phase427_kernel_profile/K2.5-tp4ep8dp2-8k2k,decode,5,other_cuda,cudaGraphLaunch,0.006592,0.188000,35,,,146.096000,11515.000000,0.000000,1.516977,0.595460,0.357492,0.047048,0.031093,0.000000,passed,mixed_mla_attention_dominates,decode_mla_attention_dominates,kernel_profile_collected_prefill_and_decode,classify_prefill_execution_and_decode_slope_from_kernel_profile,false,true,true,false,false,false,true,No-Go
phase427_kernel_profile,kernel,K2.5-tp4ep8dp2-8k2k,docs/iter_gap_investigation/phase427_kernel_profile/K2.5-tp4ep8dp2-8k2k,decode,5,other_cuda,cudaDriverGetVersion,0.005312,0.152000,35,,,146.096000,11515.000000,0.000000,1.516977,0.595460,0.357492,0.047048,0.031093,0.000000,passed,mixed_mla_attention_dominates,decode_mla_attention_dominates,kernel_profile_collected_prefill_and_decode,classify_prefill_execution_and_decode_slope_from_kernel_profile,false,true,true,false,false,false,true,No-Go
phase427_kernel_profile,kernel,K2.5-tp4ep8dp2-8k2k,docs/iter_gap_investigation/phase427_kernel_profile/K2.5-tp4ep8dp2-8k2k,decode,5,other_cuda,Buffer Flush,0.004161,1.040000,4,,,146.096000,11515.000000,0.000000,1.516977,0.595460,0.357492,0.047048,0.031093,0.000000,passed,mixed_mla_attention_dominates,decode_mla_attention_dominates,kernel_profile_collected_prefill_and_decode,classify_prefill_execution_and_decode_slope_from_kernel_profile,false,true,true,false,false,false,true,No-Go
phase427_kernel_profile,kernel,K2.5-tp4ep8dp2-8k2k,docs/iter_gap_investigation/phase427_kernel_profile/K2.5-tp4ep8dp2-8k2k,decode,5,other_cuda,cudaEventSynchronize,0.001984,0.057000,35,,,146.096000,11515.000000,0.000000,1.516977,0.595460,0.357492,0.047048,0.031093,0.000000,passed,mixed_mla_attention_dominates,decode_mla_attention_dominates,kernel_profile_collected_prefill_and_decode,classify_prefill_execution_and_decode_slope_from_kernel_profile,false,true,true,false,false,false,true,No-Go
phase427_kernel_profile,kernel,K2.5-tp4ep8dp2-8k2k,docs/iter_gap_investigation/phase427_kernel_profile/K2.5-tp4ep8dp2-8k2k,decode,5,cuda_graph_envelope,execute_context_0(0)_generation_51(51),15.118000,431.938000,35,,,146.096000,11515.000000,0.000000,1.516977,0.595460,0.357492,0.047048,0.031093,0.000000,passed,mixed_mla_attention_dominates,decode_mla_attention_dominates,kernel_profile_collected_prefill_and_decode,classify_prefill_execution_and_decode_slope_from_kernel_profile,false,true,true,false,false,false,true,No-Go
phase427_kernel_profile,kernel,K2.5-tp4ep8dp2-8k2k,docs/iter_gap_investigation/phase427_kernel_profile/K2.5-tp4ep8dp2-8k2k,decode,5,other_cuda,aten::slice,0.007104,0.004000,1960,,,146.096000,11515.000000,0.000000,1.516977,0.595460,0.357492,0.047048,0.031093,0.000000,passed,mixed_mla_attention_dominates,decode_mla_attention_dominates,kernel_profile_collected_prefill_and_decode,classify_prefill_execution_and_decode_slope_from_kernel_profile,false,true,true,false,false,false,true,No-Go
phase427_kernel_profile,kernel,K2.5-tp4ep8dp2-8k2k,docs/iter_gap_investigation/phase427_kernel_profile/K2.5-tp4ep8dp2-8k2k,decode,5,other_cuda,aten::as_strided,0.000000,0.000000,2975,,,146.096000,11515.000000,0.000000,1.516977,0.595460,0.357492,0.047048,0.031093,0.000000,passed,mixed_mla_attention_dominates,decode_mla_attention_dominates,kernel_profile_collected_prefill_and_decode,classify_prefill_execution_and_decode_slope_from_kernel_profile,false,true,true,false,false,false,true,No-Go
phase427_kernel_profile,kernel,K2.5-tp4ep8dp2-8k2k,docs/iter_gap_investigation/phase427_kernel_profile/K2.5-tp4ep8dp2-8k2k,decode,5,memcpy_memset,cudaMemcpyAsync,0.000000,0.000000,525,,,146.096000,11515.000000,0.000000,1.516977,0.595460,0.357492,0.047048,0.031093,0.000000,passed,mixed_mla_attention_dominates,decode_mla_attention_dominates,kernel_profile_collected_prefill_and_decode,classify_prefill_execution_and_decode_slope_from_kernel_profile,false,true,true,false,false,false,true,No-Go
phase427_kernel_profile,kernel,K2.5-tp4ep8dp2-8k2k,docs/iter_gap_investigation/phase427_kernel_profile/K2.5-tp4ep8dp2-8k2k,decode,5,other_cuda,aten::lift_fresh,0.000000,0.000000,315,,,146.096000,11515.000000,0.000000,1.516977,0.595460,0.357492,0.047048,0.031093,0.000000,passed,mixed_mla_attention_dominates,decode_mla_attention_dominates,kernel_profile_collected_prefill_and_decode,classify_prefill_execution_and_decode_slope_from_kernel_profile,false,true,true,false,false,false,true,No-Go
phase427_kernel_profile,kernel,K2.5-tp4ep8dp2-8k2k,docs/iter_gap_investigation/phase427_kernel_profile/K2.5-tp4ep8dp2-8k2k,decode,5,other_cuda,aten::flatten,0.000000,0.000000,35,,,146.096000,11515.000000,0.000000,1.516977,0.595460,0.357492,0.047048,0.031093,0.000000,passed,mixed_mla_attention_dominates,decode_mla_attention_dominates,kernel_profile_collected_prefill_and_decode,classify_prefill_execution_and_decode_slope_from_kernel_profile,false,true,true,false,false,false,true,No-Go
phase427_kernel_profile,kernel,K2.5-tp4ep8dp2-8k2k,docs/iter_gap_investigation/phase427_kernel_profile/K2.5-tp4ep8dp2-8k2k,decode,5,other_cuda,aten::view,0.000000,0.000000,280,,,146.096000,11515.000000,0.000000,1.516977,0.595460,0.357492,0.047048,0.031093,0.000000,passed,mixed_mla_attention_dominates,decode_mla_attention_dominates,kernel_profile_collected_prefill_and_decode,classify_prefill_execution_and_decode_slope_from_kernel_profile,false,true,true,false,false,false,true,No-Go
phase427_kernel_profile,kernel,K2.5-tp4ep8dp2-8k2k,docs/iter_gap_investigation/phase427_kernel_profile/K2.5-tp4ep8dp2-8k2k,decode,5,other_cuda,aten::index_select,0.069568,0.994000,70,,,146.096000,11515.000000,0.000000,1.516977,0.595460,0.357492,0.047048,0.031093,0.000000,passed,mixed_mla_attention_dominates,decode_mla_attention_dominates,kernel_profile_collected_prefill_and_decode,classify_prefill_execution_and_decode_slope_from_kernel_profile,false,true,true,false,false,false,true,No-Go
phase427_kernel_profile,kernel,K2.5-tp4ep8dp2-8k2k,docs/iter_gap_investigation/phase427_kernel_profile/K2.5-tp4ep8dp2-8k2k,decode,5,other_cuda,aten::detach,0.000000,0.000000,70,,,146.096000,11515.000000,0.000000,1.516977,0.595460,0.357492,0.047048,0.031093,0.000000,passed,mixed_mla_attention_dominates,decode_mla_attention_dominates,kernel_profile_collected_prefill_and_decode,classify_prefill_execution_and_decode_slope_from_kernel_profile,false,true,true,false,false,false,true,No-Go
phase427_kernel_profile,kernel,K2.5-tp4ep8dp2-8k2k,docs/iter_gap_investigation/phase427_kernel_profile/K2.5-tp4ep8dp2-8k2k,decode,5,other_cuda,aten::to,1.202000,2.452000,490,,,146.096000,11515.000000,0.000000,1.516977,0.595460,0.357492,0.047048,0.031093,0.000000,passed,mixed_mla_attention_dominates,decode_mla_attention_dominates,kernel_profile_collected_prefill_and_decode,classify_prefill_execution_and_decode_slope_from_kernel_profile,false,true,true,false,false,false,true,No-Go
phase427_kernel_profile,kernel,K2.5-tp4ep8dp2-8k2k,docs/iter_gap_investigation/phase427_kernel_profile/K2.5-tp4ep8dp2-8k2k,decode,6,cuda_graph_envelope,execute_context_0(0)_generation_51(51),4051.000000,642.944000,6300,,,146.096000,11515.000000,0.000000,1.516977,0.595460,0.357492,0.047048,0.031093,0.000000,passed,mixed_mla_attention_dominates,decode_mla_attention_dominates,kernel_profile_collected_prefill_and_decode,classify_prefill_execution_and_decode_slope_from_kernel_profile,false,true,true,false,false,false,true,No-Go
phase427_kernel_profile,kernel,K2.5-tp4ep8dp2-8k2k,docs/iter_gap_investigation/phase427_kernel_profile/K2.5-tp4ep8dp2-8k2k,decode,6,mla_attention,void cutlass::device_kernel<flash::enable_sm90_or_la...,423.365000,193.671000,2186,,,146.096000,11515.000000,0.000000,1.516977,0.595460,0.357492,0.047048,0.031093,0.000000,passed,mixed_mla_attention_dominates,decode_mla_attention_dominates,kernel_profile_collected_prefill_and_decode,classify_prefill_execution_and_decode_slope_from_kernel_profile,false,true,true,false,false,false,true,No-Go
phase427_kernel_profile,kernel,K2.5-tp4ep8dp2-8k2k,docs/iter_gap_investigation/phase427_kernel_profile/K2.5-tp4ep8dp2-8k2k,decode,6,moe_gemm_or_aux,"void marlin_moe_wna16::Marlin<1125899906909960l, 112...",407.301000,94.633000,4304,,,146.096000,11515.000000,0.000000,1.516977,0.595460,0.357492,0.047048,0.031093,0.000000,passed,mixed_mla_attention_dominates,decode_mla_attention_dominates,kernel_profile_collected_prefill_and_decode,classify_prefill_execution_and_decode_slope_from_kernel_profile,false,true,true,false,false,false,true,No-Go
phase427_kernel_profile,kernel,K2.5-tp4ep8dp2-8k2k,docs/iter_gap_investigation/phase427_kernel_profile/K2.5-tp4ep8dp2-8k2k,decode,6,ep_a2a,ncclDevKernel_ReduceScatter_Sum_bf16_RING_LL(ncclDev...,172.596000,80.203000,2152,,,146.096000,11515.000000,0.000000,1.516977,0.595460,0.357492,0.047048,0.031093,0.000000,passed,mixed_mla_attention_dominates,decode_mla_attention_dominates,kernel_profile_collected_prefill_and_decode,classify_prefill_execution_and_decode_slope_from_kernel_profile,false,true,true,false,false,false,true,No-Go
phase427_kernel_profile,kernel,K2.5-tp4ep8dp2-8k2k,docs/iter_gap_investigation/phase427_kernel_profile/K2.5-tp4ep8dp2-8k2k,decode,6,ep_a2a,ncclDevKernel_AllGather_RING_LL(ncclDevKernelArgsSto...,103.883000,23.936000,4340,,,146.096000,11515.000000,0.000000,1.516977,0.595460,0.357492,0.047048,0.031093,0.000000,passed,mixed_mla_attention_dominates,decode_mla_attention_dominates,kernel_profile_collected_prefill_and_decode,classify_prefill_execution_and_decode_slope_from_kernel_profile,false,true,true,false,false,false,true,No-Go
phase427_kernel_profile,kernel,K2.5-tp4ep8dp2-8k2k,docs/iter_gap_investigation/phase427_kernel_profile/K2.5-tp4ep8dp2-8k2k,decode,6,dense_gemm,nvjet_tst_64x16_64x16_2x1_v_bz_splitK_TNT,39.809000,18.499000,2152,,,146.096000,11515.000000,0.000000,1.516977,0.595460,0.357492,0.047048,0.031093,0.000000,passed,mixed_mla_attention_dominates,decode_mla_attention_dominates,kernel_profile_collected_prefill_and_decode,classify_prefill_execution_and_decode_slope_from_kernel_profile,false,true,true,false,false,false,true,No-Go
phase427_kernel_profile,kernel,K2.5-tp4ep8dp2-8k2k,docs/iter_gap_investigation/phase427_kernel_profile/K2.5-tp4ep8dp2-8k2k,decode,6,tp_or_dp_allreduce,"void vllm::cross_device_reduce_2stage<__nv_bfloat16,...",29.581000,13.106000,2257,,,146.096000,11515.000000,0.000000,1.516977,0.595460,0.357492,0.047048,0.031093,0.000000,passed,mixed_mla_attention_dominates,decode_mla_attention_dominates,kernel_profile_collected_prefill_and_decode,classify_prefill_execution_and_decode_slope_from_kernel_profile,false,true,true,false,false,false,true,No-Go
phase427_kernel_profile,kernel,K2.5-tp4ep8dp2-8k2k,docs/iter_gap_investigation/phase427_kernel_profile/K2.5-tp4ep8dp2-8k2k,decode,6,dense_gemm,nvjet_tst_64x16_64x16_4x1_v_bz_TNT,27.646000,12.847000,2152,,,146.096000,11515.000000,0.000000,1.516977,0.595460,0.357492,0.047048,0.031093,0.000000,passed,mixed_mla_attention_dominates,decode_mla_attention_dominates,kernel_profile_collected_prefill_and_decode,classify_prefill_execution_and_decode_slope_from_kernel_profile,false,true,true,false,false,false,true,No-Go
phase427_kernel_profile,kernel,K2.5-tp4ep8dp2-8k2k,docs/iter_gap_investigation/phase427_kernel_profile/K2.5-tp4ep8dp2-8k2k,decode,6,dense_gemm,nvjet_tst_64x56_64x14_4x1_v_bz_splitK_TNT,25.769000,11.788000,2186,,,146.096000,11515.000000,0.000000,1.516977,0.595460,0.357492,0.047048,0.031093,0.000000,passed,mixed_mla_attention_dominates,decode_mla_attention_dominates,kernel_profile_collected_prefill_and_decode,classify_prefill_execution_and_decode_slope_from_kernel_profile,false,true,true,false,false,false,true,No-Go
phase427_kernel_profile,kernel,K2.5-tp4ep8dp2-8k2k,docs/iter_gap_investigation/phase427_kernel_profile/K2.5-tp4ep8dp2-8k2k,decode,6,dense_gemm,nvjet_tst_64x56_64x14_4x1_v_bz_TNT,23.186000,10.435000,2222,,,146.096000,11515.000000,0.000000,1.516977,0.595460,0.357492,0.047048,0.031093,0.000000,passed,mixed_mla_attention_dominates,decode_mla_attention_dominates,kernel_profile_collected_prefill_and_decode,classify_prefill_execution_and_decode_slope_from_kernel_profile,false,true,true,false,false,false,true,No-Go
phase427_kernel_profile,kernel,K2.5-tp4ep8dp2-8k2k,docs/iter_gap_investigation/phase427_kernel_profile/K2.5-tp4ep8dp2-8k2k,decode,6,other_cuda,"void at::native::reduce_kernel<128, 4, at::native::R...",21.266000,9.882000,2152,,,146.096000,11515.000000,0.000000,1.516977,0.595460,0.357492,0.047048,0.031093,0.000000,passed,mixed_mla_attention_dominates,decode_mla_attention_dominates,kernel_profile_collected_prefill_and_decode,classify_prefill_execution_and_decode_slope_from_kernel_profile,false,true,true,false,false,false,true,No-Go
phase427_kernel_profile,kernel,K2.5-tp4ep8dp2-8k2k,docs/iter_gap_investigation/phase427_kernel_profile/K2.5-tp4ep8dp2-8k2k,decode,6,dense_gemm,"void router_gemm_kernel_bf16_output<__nv_bfloat16, 1...",16.320000,7.584000,2152,,,146.096000,11515.000000,0.000000,1.516977,0.595460,0.357492,0.047048,0.031093,0.000000,passed,mixed_mla_attention_dominates,decode_mla_attention_dominates,kernel_profile_collected_prefill_and_decode,classify_prefill_execution_and_decode_slope_from_kernel_profile,false,true,true,false,false,false,true,No-Go
phase427_kernel_profile,kernel,K2.5-tp4ep8dp2-8k2k,docs/iter_gap_investigation/phase427_kernel_profile/K2.5-tp4ep8dp2-8k2k,decode,6,other_cuda,"void vllm::act_and_mul_kernel<c10::BFloat16, __nv_bf...",14.417000,6.699000,2152,,,146.096000,11515.000000,0.000000,1.516977,0.595460,0.357492,0.047048,0.031093,0.000000,passed,mixed_mla_attention_dominates,decode_mla_attention_dominates,kernel_profile_collected_prefill_and_decode,classify_prefill_execution_and_decode_slope_from_kernel_profile,false,true,true,false,false,false,true,No-Go
phase427_kernel_profile,kernel,K2.5-tp4ep8dp2-8k2k,docs/iter_gap_investigation/phase427_kernel_profile/K2.5-tp4ep8dp2-8k2k,decode,6,dense_gemm,nvjet_tst_64x32_64x16_4x2_h_bz_TNT,13.510000,6.180000,2186,,,146.096000,11515.000000,0.000000,1.516977,0.595460,0.357492,0.047048,0.031093,0.000000,passed,mixed_mla_attention_dominates,decode_mla_attention_dominates,kernel_profile_collected_prefill_and_decode,classify_prefill_execution_and_decode_slope_from_kernel_profile,false,true,true,false,false,false,true,No-Go
phase427_kernel_profile,kernel,K2.5-tp4ep8dp2-8k2k,docs/iter_gap_investigation/phase427_kernel_profile/K2.5-tp4ep8dp2-8k2k,decode,6,mla_attention,void cutlass::device_kernel<flash::FlashAttnFwdCombi...,11.355000,5.192000,2187,,,146.096000,11515.000000,0.000000,1.516977,0.595460,0.357492,0.047048,0.031093,0.000000,passed,mixed_mla_attention_dominates,decode_mla_attention_dominates,kernel_profile_collected_prefill_and_decode,classify_prefill_execution_and_decode_slope_from_kernel_profile,false,true,true,false,false,false,true,No-Go
phase427_kernel_profile,kernel,K2.5-tp4ep8dp2-8k2k,docs/iter_gap_investigation/phase427_kernel_profile/K2.5-tp4ep8dp2-8k2k,decode,6,dense_gemm,"void cublasLt::splitKreduce_kernel<32, 16, int, floa...",9.863000,2.274000,4338,,,146.096000,11515.000000,0.000000,1.516977,0.595460,0.357492,0.047048,0.031093,0.000000,passed,mixed_mla_attention_dominates,decode_mla_attention_dominates,kernel_profile_collected_prefill_and_decode,classify_prefill_execution_and_decode_slope_from_kernel_profile,false,true,true,false,false,false,true,No-Go
phase427_kernel_profile,kernel,K2.5-tp4ep8dp2-8k2k,docs/iter_gap_investigation/phase427_kernel_profile/K2.5-tp4ep8dp2-8k2k,decode,6,moe_gemm_or_aux,void vllm::moe::grouped_topk_fused_small_expert_coun...,9.857000,4.581000,2152,,,146.096000,11515.000000,0.000000,1.516977,0.595460,0.357492,0.047048,0.031093,0.000000,passed,mixed_mla_attention_dominates,decode_mla_attention_dominates,kernel_profile_collected_prefill_and_decode,classify_prefill_execution_and_decode_slope_from_kernel_profile,false,true,true,false,false,false,true,No-Go
phase427_kernel_profile,kernel,K2.5-tp4ep8dp2-8k2k,docs/iter_gap_investigation/phase427_kernel_profile/K2.5-tp4ep8dp2-8k2k,decode,6,other_cuda,"void at::native::vectorized_elementwise_kernel<8, at...",9.806000,4.557000,2152,,,146.096000,11515.000000,0.000000,1.516977,0.595460,0.357492,0.047048,0.031093,0.000000,passed,mixed_mla_attention_dominates,decode_mla_attention_dominates,kernel_profile_collected_prefill_and_decode,classify_prefill_execution_and_decode_slope_from_kernel_profile,false,true,true,false,false,false,true,No-Go
phase427_kernel_profile,kernel,K2.5-tp4ep8dp2-8k2k,docs/iter_gap_investigation/phase427_kernel_profile/K2.5-tp4ep8dp2-8k2k,decode,6,other_cuda,triton_red_fused__to_copy_add_mean_min_latency_fused...,8.501000,4.017000,2116,,,146.096000,11515.000000,0.000000,1.516977,0.595460,0.357492,0.047048,0.031093,0.000000,passed,mixed_mla_attention_dominates,decode_mla_attention_dominates,kernel_profile_collected_prefill_and_decode,classify_prefill_execution_and_decode_slope_from_kernel_profile,false,true,true,false,false,false,true,No-Go
phase427_kernel_profile,kernel,K2.5-tp4ep8dp2-8k2k,docs/iter_gap_investigation/phase427_kernel_profile/K2.5-tp4ep8dp2-8k2k,decode,6,dense_gemm,nvjet_tst_64x24_64x16_2x1_v_bz_TNT,8.320000,3.804000,2187,,,146.096000,11515.000000,0.000000,1.516977,0.595460,0.357492,0.047048,0.031093,0.000000,passed,mixed_mla_attention_dominates,decode_mla_attention_dominates,kernel_profile_collected_prefill_and_decode,classify_prefill_execution_and_decode_slope_from_kernel_profile,false,true,true,false,false,false,true,No-Go
phase427_kernel_profile,kernel,K2.5-tp4ep8dp2-8k2k,docs/iter_gap_investigation/phase427_kernel_profile/K2.5-tp4ep8dp2-8k2k,decode,6,dense_gemm,nvjet_tst_64x56_64x14_2x1_v_bz_NNT,8.207000,3.754000,2186,,,146.096000,11515.000000,0.000000,1.516977,0.595460,0.357492,0.047048,0.031093,0.000000,passed,mixed_mla_attention_dominates,decode_mla_attention_dominates,kernel_profile_collected_prefill_and_decode,classify_prefill_execution_and_decode_slope_from_kernel_profile,false,true,true,false,false,false,true,No-Go
phase427_kernel_profile,kernel,K2.5-tp4ep8dp2-8k2k,docs/iter_gap_investigation/phase427_kernel_profile/K2.5-tp4ep8dp2-8k2k,decode,6,moe_gemm_or_aux,void vllm::moe::moe_align_block_size_kernel<int>(int...,7.476000,3.474000,2152,,,146.096000,11515.000000,0.000000,1.516977,0.595460,0.357492,0.047048,0.031093,0.000000,passed,mixed_mla_attention_dominates,decode_mla_attention_dominates,kernel_profile_collected_prefill_and_decode,classify_prefill_execution_and_decode_slope_from_kernel_profile,false,true,true,false,false,false,true,No-Go
phase427_kernel_profile,kernel,K2.5-tp4ep8dp2-8k2k,docs/iter_gap_investigation/phase427_kernel_profile/K2.5-tp4ep8dp2-8k2k,decode,6,other_cuda,aten::copy_,6.667000,6.803000,980,,,146.096000,11515.000000,0.000000,1.516977,0.595460,0.357492,0.047048,0.031093,0.000000,passed,mixed_mla_attention_dominates,decode_mla_attention_dominates,kernel_profile_collected_prefill_and_decode,classify_prefill_execution_and_decode_slope_from_kernel_profile,false,true,true,false,false,false,true,No-Go
phase427_kernel_profile,kernel,K2.5-tp4ep8dp2-8k2k,docs/iter_gap_investigation/phase427_kernel_profile/K2.5-tp4ep8dp2-8k2k,decode,6,other_cuda,triton_red_fused__to_copy_add_mean_mul_pow_rsqrt_seq...,6.015000,2.795000,2152,,,146.096000,11515.000000,0.000000,1.516977,0.595460,0.357492,0.047048,0.031093,0.000000,passed,mixed_mla_attention_dominates,decode_mla_attention_dominates,kernel_profile_collected_prefill_and_decode,classify_prefill_execution_and_decode_slope_from_kernel_profile,false,true,true,false,false,false,true,No-Go
phase427_kernel_profile,kernel,K2.5-tp4ep8dp2-8k2k,docs/iter_gap_investigation/phase427_kernel_profile/K2.5-tp4ep8dp2-8k2k,decode,6,dense_gemm,nvjet_tst_320x64_64x4_2x1_v_bz_TNT,5.357000,148.811000,36,,,146.096000,11515.000000,0.000000,1.516977,0.595460,0.357492,0.047048,0.031093,0.000000,passed,mixed_mla_attention_dominates,decode_mla_attention_dominates,kernel_profile_collected_prefill_and_decode,classify_prefill_execution_and_decode_slope_from_kernel_profile,false,true,true,false,false,false,true,No-Go
phase427_kernel_profile,kernel,K2.5-tp4ep8dp2-8k2k,docs/iter_gap_investigation/phase427_kernel_profile/K2.5-tp4ep8dp2-8k2k,decode,6,dense_gemm,aten::mm,5.208000,148.794000,35,,,146.096000,11515.000000,0.000000,1.516977,0.595460,0.357492,0.047048,0.031093,0.000000,passed,mixed_mla_attention_dominates,decode_mla_attention_dominates,kernel_profile_collected_prefill_and_decode,classify_prefill_execution_and_decode_slope_from_kernel_profile,false,true,true,false,false,false,true,No-Go
phase427_kernel_profile,kernel,K2.5-tp4ep8dp2-8k2k,docs/iter_gap_investigation/phase427_kernel_profile/K2.5-tp4ep8dp2-8k2k,decode,6,memcpy_memset,Memcpy HtoD (Pinned -> Device),4.501000,16.076000,280,,,146.096000,11515.000000,0.000000,1.516977,0.595460,0.357492,0.047048,0.031093,0.000000,passed,mixed_mla_attention_dominates,decode_mla_attention_dominates,kernel_profile_collected_prefill_and_decode,classify_prefill_execution_and_decode_slope_from_kernel_profile,false,true,true,false,false,false,true,No-Go
phase427_kernel_profile,kernel,K2.5-tp4ep8dp2-8k2k,docs/iter_gap_investigation/phase427_kernel_profile/K2.5-tp4ep8dp2-8k2k,decode,6,other_cuda,triton_poi_fused_add_clone_copy_expand_index_mul_neg...,4.406000,2.048000,2151,,,146.096000,11515.000000,0.000000,1.516977,0.595460,0.357492,0.047048,0.031093,0.000000,passed,mixed_mla_attention_dominates,decode_mla_attention_dominates,kernel_profile_collected_prefill_and_decode,classify_prefill_execution_and_decode_slope_from_kernel_profile,false,true,true,false,false,false,true,No-Go
phase427_kernel_profile,kernel,K2.5-tp4ep8dp2-8k2k,docs/iter_gap_investigation/phase427_kernel_profile/K2.5-tp4ep8dp2-8k2k,decode,6,mla_attention,void vllm::concat_and_cache_mla_kernel<__nv_bfloat16...,4.317000,1.975000,2186,,,146.096000,11515.000000,0.000000,1.516977,0.595460,0.357492,0.047048,0.031093,0.000000,passed,mixed_mla_attention_dominates,decode_mla_attention_dominates,kernel_profile_collected_prefill_and_decode,classify_prefill_execution_and_decode_slope_from_kernel_profile,false,true,true,false,false,false,true,No-Go
phase427_kernel_profile,kernel,K2.5-tp4ep8dp2-8k2k,docs/iter_gap_investigation/phase427_kernel_profile/K2.5-tp4ep8dp2-8k2k,decode,6,other_cuda,triton_red_fused_4,4.231000,1.967000,2151,,,146.096000,11515.000000,0.000000,1.516977,0.595460,0.357492,0.047048,0.031093,0.000000,passed,mixed_mla_attention_dominates,decode_mla_attention_dominates,kernel_profile_collected_prefill_and_decode,classify_prefill_execution_and_decode_slope_from_kernel_profile,false,true,true,false,false,false,true,No-Go
phase427_kernel_profile,kernel,K2.5-tp4ep8dp2-8k2k,docs/iter_gap_investigation/phase427_kernel_profile/K2.5-tp4ep8dp2-8k2k,decode,6,other_cuda,triton_poi_fused_3,3.663000,1.703000,2151,,,146.096000,11515.000000,0.000000,1.516977,0.595460,0.357492,0.047048,0.031093,0.000000,passed,mixed_mla_attention_dominates,decode_mla_attention_dominates,kernel_profile_collected_prefill_and_decode,classify_prefill_execution_and_decode_slope_from_kernel_profile,false,true,true,false,false,false,true,No-Go
phase427_kernel_profile,kernel,K2.5-tp4ep8dp2-8k2k,docs/iter_gap_investigation/phase427_kernel_profile/K2.5-tp4ep8dp2-8k2k,decode,6,other_cuda,triton_poi_fused_add_all_gather_mul_1,3.249000,1.510000,2152,,,146.096000,11515.000000,0.000000,1.516977,0.595460,0.357492,0.047048,0.031093,0.000000,passed,mixed_mla_attention_dominates,decode_mla_attention_dominates,kernel_profile_collected_prefill_and_decode,classify_prefill_execution_and_decode_slope_from_kernel_profile,false,true,true,false,false,false,true,No-Go
phase427_kernel_profile,kernel,K2.5-tp4ep8dp2-8k2k,docs/iter_gap_investigation/phase427_kernel_profile/K2.5-tp4ep8dp2-8k2k,decode,6,moe_gemm_or_aux,void vllm::moe::count_and_sort_expert_tokens_kernel<...,3.230000,1.501000,2152,,,146.096000,11515.000000,0.000000,1.516977,0.595460,0.357492,0.047048,0.031093,0.000000,passed,mixed_mla_attention_dominates,decode_mla_attention_dominates,kernel_profile_collected_prefill_and_decode,classify_prefill_execution_and_decode_slope_from_kernel_profile,false,true,true,false,false,false,true,No-Go
phase427_kernel_profile,kernel,K2.5-tp4ep8dp2-8k2k,docs/iter_gap_investigation/phase427_kernel_profile/K2.5-tp4ep8dp2-8k2k,decode,6,other_cuda,triton_poi_fused_mul_silu_slice_0,3.092000,1.437000,2152,,,146.096000,11515.000000,0.000000,1.516977,0.595460,0.357492,0.047048,0.031093,0.000000,passed,mixed_mla_attention_dominates,decode_mla_attention_dominates,kernel_profile_collected_prefill_and_decode,classify_prefill_execution_and_decode_slope_from_kernel_profile,false,true,true,false,false,false,true,No-Go
phase427_kernel_profile,kernel,K2.5-tp4ep8dp2-8k2k,docs/iter_gap_investigation/phase427_kernel_profile/K2.5-tp4ep8dp2-8k2k,decode,6,other_cuda,record_param_comms,2.358000,67.369000,35,,,146.096000,11515.000000,0.000000,1.516977,0.595460,0.357492,0.047048,0.031093,0.000000,passed,mixed_mla_attention_dominates,decode_mla_attention_dominates,kernel_profile_collected_prefill_and_decode,classify_prefill_execution_and_decode_slope_from_kernel_profile,false,true,true,false,false,false,true,No-Go
phase427_kernel_profile,kernel,K2.5-tp4ep8dp2-8k2k,docs/iter_gap_investigation/phase427_kernel_profile/K2.5-tp4ep8dp2-8k2k,decode,6,ep_a2a,nccl:_all_gather_base,2.358000,67.369000,35,,,146.096000,11515.000000,0.000000,1.516977,0.595460,0.357492,0.047048,0.031093,0.000000,passed,mixed_mla_attention_dominates,decode_mla_attention_dominates,kernel_profile_collected_prefill_and_decode,classify_prefill_execution_and_decode_slope_from_kernel_profile,false,true,true,false,false,false,true,No-Go
phase427_kernel_profile,kernel,K2.5-tp4ep8dp2-8k2k,docs/iter_gap_investigation/phase427_kernel_profile/K2.5-tp4ep8dp2-8k2k,decode,6,dense_gemm,nvjet_tst_80x64_64x11_4x1_v_bz_TNN,1.234000,35.269000,35,,,146.096000,11515.000000,0.000000,1.516977,0.595460,0.357492,0.047048,0.031093,0.000000,passed,mixed_mla_attention_dominates,decode_mla_attention_dominates,kernel_profile_collected_prefill_and_decode,classify_prefill_execution_and_decode_slope_from_kernel_profile,false,true,true,false,false,false,true,No-Go
phase427_kernel_profile,kernel,K2.5-tp4ep8dp2-8k2k,docs/iter_gap_investigation/phase427_kernel_profile/K2.5-tp4ep8dp2-8k2k,decode,6,tp_or_dp_allreduce,_C_custom_ar::all_reduce,1.104000,31.535000,35,,,146.096000,11515.000000,0.000000,1.516977,0.595460,0.357492,0.047048,0.031093,0.000000,passed,mixed_mla_attention_dominates,decode_mla_attention_dominates,kernel_profile_collected_prefill_and_decode,classify_prefill_execution_and_decode_slope_from_kernel_profile,false,true,true,false,false,false,true,No-Go
phase427_kernel_profile,kernel,K2.5-tp4ep8dp2-8k2k,docs/iter_gap_investigation/phase427_kernel_profile/K2.5-tp4ep8dp2-8k2k,decode,6,other_cuda,void at::native::unrolled_elementwise_kernel<at::nat...,0.796391,22.122000,36,,,146.096000,11515.000000,0.000000,1.516977,0.595460,0.357492,0.047048,0.031093,0.000000,passed,mixed_mla_attention_dominates,decode_mla_attention_dominates,kernel_profile_collected_prefill_and_decode,classify_prefill_execution_and_decode_slope_from_kernel_profile,false,true,true,false,false,false,true,No-Go
phase427_kernel_profile,kernel,K2.5-tp4ep8dp2-8k2k,docs/iter_gap_investigation/phase427_kernel_profile/K2.5-tp4ep8dp2-8k2k,decode,6,other_cuda,aten::argmax,0.794534,22.701000,35,,,146.096000,11515.000000,0.000000,1.516977,0.595460,0.357492,0.047048,0.031093,0.000000,passed,mixed_mla_attention_dominates,decode_mla_attention_dominates,kernel_profile_collected_prefill_and_decode,classify_prefill_execution_and_decode_slope_from_kernel_profile,false,true,true,false,false,false,true,No-Go
phase427_kernel_profile,kernel,K2.5-tp4ep8dp2-8k2k,docs/iter_gap_investigation/phase427_kernel_profile/K2.5-tp4ep8dp2-8k2k,decode,6,other_cuda,"void at::native::reduce_kernel<512, 1, at::native::R...",0.764326,21.231000,36,,,146.096000,11515.000000,0.000000,1.516977,0.595460,0.357492,0.047048,0.031093,0.000000,passed,mixed_mla_attention_dominates,decode_mla_attention_dominates,kernel_profile_collected_prefill_and_decode,classify_prefill_execution_and_decode_slope_from_kernel_profile,false,true,true,false,false,false,true,No-Go
phase427_kernel_profile,kernel,K2.5-tp4ep8dp2-8k2k,docs/iter_gap_investigation/phase427_kernel_profile/K2.5-tp4ep8dp2-8k2k,decode,6,other_cuda,"void at::native::elementwise_kernel<128, 4, at::nati...",0.757924,21.053000,36,,,146.096000,11515.000000,0.000000,1.516977,0.595460,0.357492,0.047048,0.031093,0.000000,passed,mixed_mla_attention_dominates,decode_mla_attention_dominates,kernel_profile_collected_prefill_and_decode,classify_prefill_execution_and_decode_slope_from_kernel_profile,false,true,true,false,false,false,true,No-Go
phase427_kernel_profile,kernel,K2.5-tp4ep8dp2-8k2k,docs/iter_gap_investigation/phase427_kernel_profile/K2.5-tp4ep8dp2-8k2k,decode,6,memcpy_memset,Memcpy DtoD (Device -> Device),0.270657,1.289000,210,,,146.096000,11515.000000,0.000000,1.516977,0.595460,0.357492,0.047048,0.031093,0.000000,passed,mixed_mla_attention_dominates,decode_mla_attention_dominates,kernel_profile_collected_prefill_and_decode,classify_prefill_execution_and_decode_slope_from_kernel_profile,false,true,true,false,false,false,true,No-Go
phase427_kernel_profile,kernel,K2.5-tp4ep8dp2-8k2k,docs/iter_gap_investigation/phase427_kernel_profile/K2.5-tp4ep8dp2-8k2k,decode,6,other_cuda,void at::native::unrolled_elementwise_kernel<at::nat...,0.260579,1.822000,143,,,146.096000,11515.000000,0.000000,1.516977,0.595460,0.357492,0.047048,0.031093,0.000000,passed,mixed_mla_attention_dominates,decode_mla_attention_dominates,kernel_profile_collected_prefill_and_decode,classify_prefill_execution_and_decode_slope_from_kernel_profile,false,true,true,false,false,false,true,No-Go
phase427_kernel_profile,kernel,K2.5-tp4ep8dp2-8k2k,docs/iter_gap_investigation/phase427_kernel_profile/K2.5-tp4ep8dp2-8k2k,decode,6,other_cuda,aten::fill_,0.220159,0.484000,455,,,146.096000,11515.000000,0.000000,1.516977,0.595460,0.357492,0.047048,0.031093,0.000000,passed,mixed_mla_attention_dominates,decode_mla_attention_dominates,kernel_profile_collected_prefill_and_decode,classify_prefill_execution_and_decode_slope_from_kernel_profile,false,true,true,false,false,false,true,No-Go
phase427_kernel_profile,kernel,K2.5-tp4ep8dp2-8k2k,docs/iter_gap_investigation/phase427_kernel_profile/K2.5-tp4ep8dp2-8k2k,decode,6,other_cuda,aten::index,0.242694,3.467000,70,,,146.096000,11515.000000,0.000000,1.516977,0.595460,0.357492,0.047048,0.031093,0.000000,passed,mixed_mla_attention_dominates,decode_mla_attention_dominates,kernel_profile_collected_prefill_and_decode,classify_prefill_execution_and_decode_slope_from_kernel_profile,false,true,true,false,false,false,true,No-Go
phase427_kernel_profile,kernel,K2.5-tp4ep8dp2-8k2k,docs/iter_gap_investigation/phase427_kernel_profile/K2.5-tp4ep8dp2-8k2k,decode,6,other_cuda,triton_red_fused__to_copy_add_mean_mul_pow_rsqrt_sli...,0.159486,4.430000,36,,,146.096000,11515.000000,0.000000,1.516977,0.595460,0.357492,0.047048,0.031093,0.000000,passed,mixed_mla_attention_dominates,decode_mla_attention_dominates,kernel_profile_collected_prefill_and_decode,classify_prefill_execution_and_decode_slope_from_kernel_profile,false,true,true,false,false,false,true,No-Go
phase427_kernel_profile,kernel,K2.5-tp4ep8dp2-8k2k,docs/iter_gap_investigation/phase427_kernel_profile/K2.5-tp4ep8dp2-8k2k,decode,6,other_cuda,triton_red_fused__to_copy_add_mean_min_latency_fused...,0.146331,4.181000,35,,,146.096000,11515.000000,0.000000,1.516977,0.595460,0.357492,0.047048,0.031093,0.000000,passed,mixed_mla_attention_dominates,decode_mla_attention_dominates,kernel_profile_collected_prefill_and_decode,classify_prefill_execution_and_decode_slope_from_kernel_profile,false,true,true,false,false,false,true,No-Go
phase427_kernel_profile,kernel,K2.5-tp4ep8dp2-8k2k,docs/iter_gap_investigation/phase427_kernel_profile/K2.5-tp4ep8dp2-8k2k,decode,6,other_cuda,"void at::native::vectorized_gather_kernel<16, long>(...",0.143527,2.022000,71,,,146.096000,11515.000000,0.000000,1.516977,0.595460,0.357492,0.047048,0.031093,0.000000,passed,mixed_mla_attention_dominates,decode_mla_attention_dominates,kernel_profile_collected_prefill_and_decode,classify_prefill_execution_and_decode_slope_from_kernel_profile,false,true,true,false,false,false,true,No-Go
phase427_kernel_profile,kernel,K2.5-tp4ep8dp2-8k2k,docs/iter_gap_investigation/phase427_kernel_profile/K2.5-tp4ep8dp2-8k2k,decode,6,other_cuda,cudaEventRecord,0.133247,0.635000,210,,,146.096000,11515.000000,0.000000,1.516977,0.595460,0.357492,0.047048,0.031093,0.000000,passed,mixed_mla_attention_dominates,decode_mla_attention_dominates,kernel_profile_collected_prefill_and_decode,classify_prefill_execution_and_decode_slope_from_kernel_profile,false,true,true,false,false,false,true,No-Go
phase427_kernel_profile,kernel,K2.5-tp4ep8dp2-8k2k,docs/iter_gap_investigation/phase427_kernel_profile/K2.5-tp4ep8dp2-8k2k,decode,6,memcpy_memset,Memcpy DtoH (Device -> Pinned),0.132385,3.677000,36,,,146.096000,11515.000000,0.000000,1.516977,0.595460,0.357492,0.047048,0.031093,0.000000,passed,mixed_mla_attention_dominates,decode_mla_attention_dominates,kernel_profile_collected_prefill_and_decode,classify_prefill_execution_and_decode_slope_from_kernel_profile,false,true,true,false,false,false,true,No-Go
phase427_kernel_profile,kernel,K2.5-tp4ep8dp2-8k2k,docs/iter_gap_investigation/phase427_kernel_profile/K2.5-tp4ep8dp2-8k2k,decode,6,other_cuda,_compute_slot_mapping_kernel,0.111423,3.184000,35,,,146.096000,11515.000000,0.000000,1.516977,0.595460,0.357492,0.047048,0.031093,0.000000,passed,mixed_mla_attention_dominates,decode_mla_attention_dominates,kernel_profile_collected_prefill_and_decode,classify_prefill_execution_and_decode_slope_from_kernel_profile,false,true,true,false,false,false,true,No-Go
phase427_kernel_profile,kernel,K2.5-tp4ep8dp2-8k2k,docs/iter_gap_investigation/phase427_kernel_profile/K2.5-tp4ep8dp2-8k2k,decode,6,other_cuda,aten::masked_fill_,0.110114,3.146000,35,,,146.096000,11515.000000,0.000000,1.516977,0.595460,0.357492,0.047048,0.031093,0.000000,passed,mixed_mla_attention_dominates,decode_mla_attention_dominates,kernel_profile_collected_prefill_and_decode,classify_prefill_execution_and_decode_slope_from_kernel_profile,false,true,true,false,false,false,true,No-Go
phase427_kernel_profile,kernel,K2.5-tp4ep8dp2-8k2k,docs/iter_gap_investigation/phase427_kernel_profile/K2.5-tp4ep8dp2-8k2k,decode,6,other_cuda,"void at::native::elementwise_kernel<128, 4, at::nati...",0.110114,3.146000,35,,,146.096000,11515.000000,0.000000,1.516977,0.595460,0.357492,0.047048,0.031093,0.000000,passed,mixed_mla_attention_dominates,decode_mla_attention_dominates,kernel_profile_collected_prefill_and_decode,classify_prefill_execution_and_decode_slope_from_kernel_profile,false,true,true,false,false,false,true,No-Go
phase427_kernel_profile,kernel,K2.5-tp4ep8dp2-8k2k,docs/iter_gap_investigation/phase427_kernel_profile/K2.5-tp4ep8dp2-8k2k,decode,6,other_cuda,triton_red_fused__to_copy_add_clone_mean_min_latency...,0.104929,2.998000,35,,,146.096000,11515.000000,0.000000,1.516977,0.595460,0.357492,0.047048,0.031093,0.000000,passed,mixed_mla_attention_dominates,decode_mla_attention_dominates,kernel_profile_collected_prefill_and_decode,classify_prefill_execution_and_decode_slope_from_kernel_profile,false,true,true,false,false,false,true,No-Go
phase427_kernel_profile,kernel,K2.5-tp4ep8dp2-8k2k,docs/iter_gap_investigation/phase427_kernel_profile/K2.5-tp4ep8dp2-8k2k,decode,6,other_cuda,"void at::native::index_elementwise_kernel<128, 4, at...",0.103237,2.868000,36,,,146.096000,11515.000000,0.000000,1.516977,0.595460,0.357492,0.047048,0.031093,0.000000,passed,mixed_mla_attention_dominates,decode_mla_attention_dominates,kernel_profile_collected_prefill_and_decode,classify_prefill_execution_and_decode_slope_from_kernel_profile,false,true,true,false,false,false,true,No-Go
phase427_kernel_profile,kernel,K2.5-tp4ep8dp2-8k2k,docs/iter_gap_investigation/phase427_kernel_profile/K2.5-tp4ep8dp2-8k2k,decode,6,other_cuda,aten::add,0.102657,0.978000,105,,,146.096000,11515.000000,0.000000,1.516977,0.595460,0.357492,0.047048,0.031093,0.000000,passed,mixed_mla_attention_dominates,decode_mla_attention_dominates,kernel_profile_collected_prefill_and_decode,classify_prefill_execution_and_decode_slope_from_kernel_profile,false,true,true,false,false,false,true,No-Go
phase427_kernel_profile,kernel,K2.5-tp4ep8dp2-8k2k,docs/iter_gap_investigation/phase427_kernel_profile/K2.5-tp4ep8dp2-8k2k,decode,6,other_cuda,triton_red_fused__to_copy_add_mean_mul_pow_rsqrt_0,0.100516,2.872000,35,,,146.096000,11515.000000,0.000000,1.516977,0.595460,0.357492,0.047048,0.031093,0.000000,passed,mixed_mla_attention_dominates,decode_mla_attention_dominates,kernel_profile_collected_prefill_and_decode,classify_prefill_execution_and_decode_slope_from_kernel_profile,false,true,true,false,false,false,true,No-Go
phase427_kernel_profile,kernel,K2.5-tp4ep8dp2-8k2k,docs/iter_gap_investigation/phase427_kernel_profile/K2.5-tp4ep8dp2-8k2k,decode,6,other_cuda,aten::_index_put_impl_,0.229449,6.556000,35,,,146.096000,11515.000000,0.000000,1.516977,0.595460,0.357492,0.047048,0.031093,0.000000,passed,mixed_mla_attention_dominates,decode_mla_attention_dominates,kernel_profile_collected_prefill_and_decode,classify_prefill_execution_and_decode_slope_from_kernel_profile,false,true,true,false,false,false,true,No-Go
phase427_kernel_profile,kernel,K2.5-tp4ep8dp2-8k2k,docs/iter_gap_investigation/phase427_kernel_profile/K2.5-tp4ep8dp2-8k2k,decode,6,other_cuda,"void at::native::index_elementwise_kernel<128, 4, at...",0.093890,2.683000,35,,,146.096000,11515.000000,0.000000,1.516977,0.595460,0.357492,0.047048,0.031093,0.000000,passed,mixed_mla_attention_dominates,decode_mla_attention_dominates,kernel_profile_collected_prefill_and_decode,classify_prefill_execution_and_decode_slope_from_kernel_profile,false,true,true,false,false,false,true,No-Go
phase427_kernel_profile,kernel,K2.5-tp4ep8dp2-8k2k,docs/iter_gap_investigation/phase427_kernel_profile/K2.5-tp4ep8dp2-8k2k,decode,6,other_cuda,"void at::native::vectorized_elementwise_kernel<4, at...",0.086271,1.232000,70,,,146.096000,11515.000000,0.000000,1.516977,0.595460,0.357492,0.047048,0.031093,0.000000,passed,mixed_mla_attention_dominates,decode_mla_attention_dominates,kernel_profile_collected_prefill_and_decode,classify_prefill_execution_and_decode_slope_from_kernel_profile,false,true,true,false,false,false,true,No-Go
phase427_kernel_profile,kernel,K2.5-tp4ep8dp2-8k2k,docs/iter_gap_investigation/phase427_kernel_profile/K2.5-tp4ep8dp2-8k2k,decode,6,other_cuda,triton_poi_fused_add_clone_copy_expand_index_mul_neg...,0.071075,2.031000,35,,,146.096000,11515.000000,0.000000,1.516977,0.595460,0.357492,0.047048,0.031093,0.000000,passed,mixed_mla_attention_dominates,decode_mla_attention_dominates,kernel_profile_collected_prefill_and_decode,classify_prefill_execution_and_decode_slope_from_kernel_profile,false,true,true,false,false,false,true,No-Go
phase427_kernel_profile,kernel,K2.5-tp4ep8dp2-8k2k,docs/iter_gap_investigation/phase427_kernel_profile/K2.5-tp4ep8dp2-8k2k,decode,6,mla_attention,_vllm_fa3_C::get_scheduler_metadata,0.070145,2.004000,35,,,146.096000,11515.000000,0.000000,1.516977,0.595460,0.357492,0.047048,0.031093,0.000000,passed,mixed_mla_attention_dominates,decode_mla_attention_dominates,kernel_profile_collected_prefill_and_decode,classify_prefill_execution_and_decode_slope_from_kernel_profile,false,true,true,false,false,false,true,No-Go
phase427_kernel_profile,kernel,K2.5-tp4ep8dp2-8k2k,docs/iter_gap_investigation/phase427_kernel_profile/K2.5-tp4ep8dp2-8k2k,decode,6,mla_attention,"void flash::prepare_varlen_num_blocks_kernel<2, fals...",0.070145,2.004000,35,,,146.096000,11515.000000,0.000000,1.516977,0.595460,0.357492,0.047048,0.031093,0.000000,passed,mixed_mla_attention_dominates,decode_mla_attention_dominates,kernel_profile_collected_prefill_and_decode,classify_prefill_execution_and_decode_slope_from_kernel_profile,false,true,true,false,false,false,true,No-Go
phase427_kernel_profile,kernel,K2.5-tp4ep8dp2-8k2k,docs/iter_gap_investigation/phase427_kernel_profile/K2.5-tp4ep8dp2-8k2k,decode,6,other_cuda,triton_red_fused_2,0.069920,1.998000,35,,,146.096000,11515.000000,0.000000,1.516977,0.595460,0.357492,0.047048,0.031093,0.000000,passed,mixed_mla_attention_dominates,decode_mla_attention_dominates,kernel_profile_collected_prefill_and_decode,classify_prefill_execution_and_decode_slope_from_kernel_profile,false,true,true,false,false,false,true,No-Go
phase427_kernel_profile,kernel,K2.5-tp4ep8dp2-8k2k,docs/iter_gap_investigation/phase427_kernel_profile/K2.5-tp4ep8dp2-8k2k,decode,6,other_cuda,void at::native::unrolled_elementwise_kernel<at::nat...,0.068990,0.986000,70,,,146.096000,11515.000000,0.000000,1.516977,0.595460,0.357492,0.047048,0.031093,0.000000,passed,mixed_mla_attention_dominates,decode_mla_attention_dominates,kernel_profile_collected_prefill_and_decode,classify_prefill_execution_and_decode_slope_from_kernel_profile,false,true,true,false,false,false,true,No-Go
phase427_kernel_profile,kernel,K2.5-tp4ep8dp2-8k2k,docs/iter_gap_investigation/phase427_kernel_profile/K2.5-tp4ep8dp2-8k2k,decode,6,other_cuda,aten::gather,0.068930,1.969000,35,,,146.096000,11515.000000,0.000000,1.516977,0.595460,0.357492,0.047048,0.031093,0.000000,passed,mixed_mla_attention_dominates,decode_mla_attention_dominates,kernel_profile_collected_prefill_and_decode,classify_prefill_execution_and_decode_slope_from_kernel_profile,false,true,true,false,false,false,true,No-Go
phase427_kernel_profile,kernel,K2.5-tp4ep8dp2-8k2k,docs/iter_gap_investigation/phase427_kernel_profile/K2.5-tp4ep8dp2-8k2k,decode,6,other_cuda,void at::native::unrolled_elementwise_kernel<at::nat...,0.064898,0.927000,70,,,146.096000,11515.000000,0.000000,1.516977,0.595460,0.357492,0.047048,0.031093,0.000000,passed,mixed_mla_attention_dominates,decode_mla_attention_dominates,kernel_profile_collected_prefill_and_decode,classify_prefill_execution_and_decode_slope_from_kernel_profile,false,true,true,false,false,false,true,No-Go
phase427_kernel_profile,kernel,K2.5-tp4ep8dp2-8k2k,docs/iter_gap_investigation/phase427_kernel_profile/K2.5-tp4ep8dp2-8k2k,decode,6,other_cuda,triton_poi_fused_1,0.061212,1.749000,35,,,146.096000,11515.000000,0.000000,1.516977,0.595460,0.357492,0.047048,0.031093,0.000000,passed,mixed_mla_attention_dominates,decode_mla_attention_dominates,kernel_profile_collected_prefill_and_decode,classify_prefill_execution_and_decode_slope_from_kernel_profile,false,true,true,false,false,false,true,No-Go
phase427_kernel_profile,kernel,K2.5-tp4ep8dp2-8k2k,docs/iter_gap_investigation/phase427_kernel_profile/K2.5-tp4ep8dp2-8k2k,decode,6,other_cuda,cudaEventQuery,0.058401,0.292000,200,,,146.096000,11515.000000,0.000000,1.516977,0.595460,0.357492,0.047048,0.031093,0.000000,passed,mixed_mla_attention_dominates,decode_mla_attention_dominates,kernel_profile_collected_prefill_and_decode,classify_prefill_execution_and_decode_slope_from_kernel_profile,false,true,true,false,false,false,true,No-Go
phase427_kernel_profile,kernel,K2.5-tp4ep8dp2-8k2k,docs/iter_gap_investigation/phase427_kernel_profile/K2.5-tp4ep8dp2-8k2k,decode,6,other_cuda,"void at::native::vectorized_elementwise_kernel<2, at...",0.055232,1.578000,35,,,146.096000,11515.000000,0.000000,1.516977,0.595460,0.357492,0.047048,0.031093,0.000000,passed,mixed_mla_attention_dominates,decode_mla_attention_dominates,kernel_profile_collected_prefill_and_decode,classify_prefill_execution_and_decode_slope_from_kernel_profile,false,true,true,false,false,false,true,No-Go
phase427_kernel_profile,kernel,K2.5-tp4ep8dp2-8k2k,docs/iter_gap_investigation/phase427_kernel_profile/K2.5-tp4ep8dp2-8k2k,decode,6,other_cuda,void at::native::unrolled_elementwise_kernel<at::nat...,0.055198,1.533000,36,,,146.096000,11515.000000,0.000000,1.516977,0.595460,0.357492,0.047048,0.031093,0.000000,passed,mixed_mla_attention_dominates,decode_mla_attention_dominates,kernel_profile_collected_prefill_and_decode,classify_prefill_execution_and_decode_slope_from_kernel_profile,false,true,true,false,false,false,true,No-Go
phase427_kernel_profile,kernel,K2.5-tp4ep8dp2-8k2k,docs/iter_gap_investigation/phase427_kernel_profile/K2.5-tp4ep8dp2-8k2k,decode,6,memcpy_memset,Memset (Device),0.053472,1.485000,36,,,146.096000,11515.000000,0.000000,1.516977,0.595460,0.357492,0.047048,0.031093,0.000000,passed,mixed_mla_attention_dominates,decode_mla_attention_dominates,kernel_profile_collected_prefill_and_decode,classify_prefill_execution_and_decode_slope_from_kernel_profile,false,true,true,false,false,false,true,No-Go
phase427_kernel_profile,kernel,K2.5-tp4ep8dp2-8k2k,docs/iter_gap_investigation/phase427_kernel_profile/K2.5-tp4ep8dp2-8k2k,decode,6,other_cuda,triton_poi_fused_mul_silu_slice_1,0.051203,1.463000,35,,,146.096000,11515.000000,0.000000,1.516977,0.595460,0.357492,0.047048,0.031093,0.000000,passed,mixed_mla_attention_dominates,decode_mla_attention_dominates,kernel_profile_collected_prefill_and_decode,classify_prefill_execution_and_decode_slope_from_kernel_profile,false,true,true,false,false,false,true,No-Go
phase427_kernel_profile,kernel,K2.5-tp4ep8dp2-8k2k,docs/iter_gap_investigation/phase427_kernel_profile/K2.5-tp4ep8dp2-8k2k,decode,6,other_cuda,triton_poi_fused_add_bitwise_and_bitwise_not_bitwise...,0.050751,1.450000,35,,,146.096000,11515.000000,0.000000,1.516977,0.595460,0.357492,0.047048,0.031093,0.000000,passed,mixed_mla_attention_dominates,decode_mla_attention_dominates,kernel_profile_collected_prefill_and_decode,classify_prefill_execution_and_decode_slope_from_kernel_profile,false,true,true,false,false,false,true,No-Go
phase427_kernel_profile,kernel,K2.5-tp4ep8dp2-8k2k,docs/iter_gap_investigation/phase427_kernel_profile/K2.5-tp4ep8dp2-8k2k,decode,6,other_cuda,triton_poi_fused_add_bitwise_and_bitwise_not_bitwise...,0.050751,1.450000,35,,,146.096000,11515.000000,0.000000,1.516977,0.595460,0.357492,0.047048,0.031093,0.000000,passed,mixed_mla_attention_dominates,decode_mla_attention_dominates,kernel_profile_collected_prefill_and_decode,classify_prefill_execution_and_decode_slope_from_kernel_profile,false,true,true,false,false,false,true,No-Go
phase427_kernel_profile,kernel,K2.5-tp4ep8dp2-8k2k,docs/iter_gap_investigation/phase427_kernel_profile/K2.5-tp4ep8dp2-8k2k,decode,6,other_cuda,## Call CompiledFxGraph f2pm2xckvpwl4dyaqebgtv6hhgte...,0.050751,1.450000,35,,,146.096000,11515.000000,0.000000,1.516977,0.595460,0.357492,0.047048,0.031093,0.000000,passed,mixed_mla_attention_dominates,decode_mla_attention_dominates,kernel_profile_collected_prefill_and_decode,classify_prefill_execution_and_decode_slope_from_kernel_profile,false,true,true,false,false,false,true,No-Go
phase427_kernel_profile,kernel,K2.5-tp4ep8dp2-8k2k,docs/iter_gap_investigation/phase427_kernel_profile/K2.5-tp4ep8dp2-8k2k,decode,6,other_cuda,"void at::native::vectorized_elementwise_kernel<4, at...",0.047425,1.355000,35,,,146.096000,11515.000000,0.000000,1.516977,0.595460,0.357492,0.047048,0.031093,0.000000,passed,mixed_mla_attention_dominates,decode_mla_attention_dominates,kernel_profile_collected_prefill_and_decode,classify_prefill_execution_and_decode_slope_from_kernel_profile,false,true,true,false,false,false,true,No-Go
phase427_kernel_profile,kernel,K2.5-tp4ep8dp2-8k2k,docs/iter_gap_investigation/phase427_kernel_profile/K2.5-tp4ep8dp2-8k2k,decode,6,other_cuda,cudaStreamIsCapturing,0.042402,0.173000,245,,,146.096000,11515.000000,0.000000,1.516977,0.595460,0.357492,0.047048,0.031093,0.000000,passed,mixed_mla_attention_dominates,decode_mla_attention_dominates,kernel_profile_collected_prefill_and_decode,classify_prefill_execution_and_decode_slope_from_kernel_profile,false,true,true,false,false,false,true,No-Go
phase427_kernel_profile,kernel,K2.5-tp4ep8dp2-8k2k,docs/iter_gap_investigation/phase427_kernel_profile/K2.5-tp4ep8dp2-8k2k,decode,6,other_cuda,aten::sub,0.040541,0.579000,70,,,146.096000,11515.000000,0.000000,1.516977,0.595460,0.357492,0.047048,0.031093,0.000000,passed,mixed_mla_attention_dominates,decode_mla_attention_dominates,kernel_profile_collected_prefill_and_decode,classify_prefill_execution_and_decode_slope_from_kernel_profile,false,true,true,false,false,false,true,No-Go
phase427_kernel_profile,kernel,K2.5-tp4ep8dp2-8k2k,docs/iter_gap_investigation/phase427_kernel_profile/K2.5-tp4ep8dp2-8k2k,decode,6,other_cuda,void at::native::unrolled_elementwise_kernel<at::nat...,0.040541,1.158000,35,,,146.096000,11515.000000,0.000000,1.516977,0.595460,0.357492,0.047048,0.031093,0.000000,passed,mixed_mla_attention_dominates,decode_mla_attention_dominates,kernel_profile_collected_prefill_and_decode,classify_prefill_execution_and_decode_slope_from_kernel_profile,false,true,true,false,false,false,true,No-Go
phase427_kernel_profile,kernel,K2.5-tp4ep8dp2-8k2k,docs/iter_gap_investigation/phase427_kernel_profile/K2.5-tp4ep8dp2-8k2k,decode,6,other_cuda,cuLaunchKernelEx,0.021952,0.209000,105,,,146.096000,11515.000000,0.000000,1.516977,0.595460,0.357492,0.047048,0.031093,0.000000,passed,mixed_mla_attention_dominates,decode_mla_attention_dominates,kernel_profile_collected_prefill_and_decode,classify_prefill_execution_and_decode_slope_from_kernel_profile,false,true,true,false,false,false,true,No-Go
phase427_kernel_profile,kernel,K2.5-tp4ep8dp2-8k2k,docs/iter_gap_investigation/phase427_kernel_profile/K2.5-tp4ep8dp2-8k2k,decode,6,other_cuda,cudaThreadExchangeStreamCaptureMode,0.011072,0.092000,120,,,146.096000,11515.000000,0.000000,1.516977,0.595460,0.357492,0.047048,0.031093,0.000000,passed,mixed_mla_attention_dominates,decode_mla_attention_dominates,kernel_profile_collected_prefill_and_decode,classify_prefill_execution_and_decode_slope_from_kernel_profile,false,true,true,false,false,false,true,No-Go
phase427_kernel_profile,kernel,K2.5-tp4ep8dp2-8k2k,docs/iter_gap_investigation/phase427_kernel_profile/K2.5-tp4ep8dp2-8k2k,decode,6,other_cuda,cudaEventRecordWithFlags,0.006817,0.065000,105,,,146.096000,11515.000000,0.000000,1.516977,0.595460,0.357492,0.047048,0.031093,0.000000,passed,mixed_mla_attention_dominates,decode_mla_attention_dominates,kernel_profile_collected_prefill_and_decode,classify_prefill_execution_and_decode_slope_from_kernel_profile,false,true,true,false,false,false,true,No-Go
phase427_kernel_profile,kernel,K2.5-tp4ep8dp2-8k2k,docs/iter_gap_investigation/phase427_kernel_profile/K2.5-tp4ep8dp2-8k2k,decode,6,other_cuda,cudaGraphLaunch,0.011648,0.333000,35,,,146.096000,11515.000000,0.000000,1.516977,0.595460,0.357492,0.047048,0.031093,0.000000,passed,mixed_mla_attention_dominates,decode_mla_attention_dominates,kernel_profile_collected_prefill_and_decode,classify_prefill_execution_and_decode_slope_from_kernel_profile,false,true,true,false,false,false,true,No-Go
phase427_kernel_profile,kernel,K2.5-tp4ep8dp2-8k2k,docs/iter_gap_investigation/phase427_kernel_profile/K2.5-tp4ep8dp2-8k2k,decode,6,other_cuda,cudaStreamWaitEvent,0.004064,0.029000,140,,,146.096000,11515.000000,0.000000,1.516977,0.595460,0.357492,0.047048,0.031093,0.000000,passed,mixed_mla_attention_dominates,decode_mla_attention_dominates,kernel_profile_collected_prefill_and_decode,classify_prefill_execution_and_decode_slope_from_kernel_profile,false,true,true,false,false,false,true,No-Go
phase427_kernel_profile,kernel,K2.5-tp4ep8dp2-8k2k,docs/iter_gap_investigation/phase427_kernel_profile/K2.5-tp4ep8dp2-8k2k,decode,6,other_cuda,Buffer Flush,0.003136,0.784000,4,,,146.096000,11515.000000,0.000000,1.516977,0.595460,0.357492,0.047048,0.031093,0.000000,passed,mixed_mla_attention_dominates,decode_mla_attention_dominates,kernel_profile_collected_prefill_and_decode,classify_prefill_execution_and_decode_slope_from_kernel_profile,false,true,true,false,false,false,true,No-Go
phase427_kernel_profile,kernel,K2.5-tp4ep8dp2-8k2k,docs/iter_gap_investigation/phase427_kernel_profile/K2.5-tp4ep8dp2-8k2k,decode,6,other_cuda,cudaEventSynchronize,0.002400,0.069000,35,,,146.096000,11515.000000,0.000000,1.516977,0.595460,0.357492,0.047048,0.031093,0.000000,passed,mixed_mla_attention_dominates,decode_mla_attention_dominates,kernel_profile_collected_prefill_and_decode,classify_prefill_execution_and_decode_slope_from_kernel_profile,false,true,true,false,false,false,true,No-Go
phase427_kernel_profile,kernel,K2.5-tp4ep8dp2-8k2k,docs/iter_gap_investigation/phase427_kernel_profile/K2.5-tp4ep8dp2-8k2k,decode,6,other_cuda,cudaDriverGetVersion,0.000864,0.025000,35,,,146.096000,11515.000000,0.000000,1.516977,0.595460,0.357492,0.047048,0.031093,0.000000,passed,mixed_mla_attention_dominates,decode_mla_attention_dominates,kernel_profile_collected_prefill_and_decode,classify_prefill_execution_and_decode_slope_from_kernel_profile,false,true,true,false,false,false,true,No-Go
phase427_kernel_profile,kernel,K2.5-tp4ep8dp2-8k2k,docs/iter_gap_investigation/phase427_kernel_profile/K2.5-tp4ep8dp2-8k2k,decode,6,cuda_graph_envelope,execute_context_0(0)_generation_51(51),15.151000,432.889000,35,,,146.096000,11515.000000,0.000000,1.516977,0.595460,0.357492,0.047048,0.031093,0.000000,passed,mixed_mla_attention_dominates,decode_mla_attention_dominates,kernel_profile_collected_prefill_and_decode,classify_prefill_execution_and_decode_slope_from_kernel_profile,false,true,true,false,false,false,true,No-Go
phase427_kernel_profile,kernel,K2.5-tp4ep8dp2-8k2k,docs/iter_gap_investigation/phase427_kernel_profile/K2.5-tp4ep8dp2-8k2k,decode,6,other_cuda,aten::slice,0.000000,0.000000,1960,,,146.096000,11515.000000,0.000000,1.516977,0.595460,0.357492,0.047048,0.031093,0.000000,passed,mixed_mla_attention_dominates,decode_mla_attention_dominates,kernel_profile_collected_prefill_and_decode,classify_prefill_execution_and_decode_slope_from_kernel_profile,false,true,true,false,false,false,true,No-Go
phase427_kernel_profile,kernel,K2.5-tp4ep8dp2-8k2k,docs/iter_gap_investigation/phase427_kernel_profile/K2.5-tp4ep8dp2-8k2k,decode,6,other_cuda,aten::as_strided,0.000000,0.000000,2975,,,146.096000,11515.000000,0.000000,1.516977,0.595460,0.357492,0.047048,0.031093,0.000000,passed,mixed_mla_attention_dominates,decode_mla_attention_dominates,kernel_profile_collected_prefill_and_decode,classify_prefill_execution_and_decode_slope_from_kernel_profile,false,true,true,false,false,false,true,No-Go
phase427_kernel_profile,kernel,K2.5-tp4ep8dp2-8k2k,docs/iter_gap_investigation/phase427_kernel_profile/K2.5-tp4ep8dp2-8k2k,decode,6,memcpy_memset,cudaMemcpyAsync,0.000000,0.000000,525,,,146.096000,11515.000000,0.000000,1.516977,0.595460,0.357492,0.047048,0.031093,0.000000,passed,mixed_mla_attention_dominates,decode_mla_attention_dominates,kernel_profile_collected_prefill_and_decode,classify_prefill_execution_and_decode_slope_from_kernel_profile,false,true,true,false,false,false,true,No-Go
phase427_kernel_profile,kernel,K2.5-tp4ep8dp2-8k2k,docs/iter_gap_investigation/phase427_kernel_profile/K2.5-tp4ep8dp2-8k2k,decode,6,other_cuda,aten::lift_fresh,0.000000,0.000000,315,,,146.096000,11515.000000,0.000000,1.516977,0.595460,0.357492,0.047048,0.031093,0.000000,passed,mixed_mla_attention_dominates,decode_mla_attention_dominates,kernel_profile_collected_prefill_and_decode,classify_prefill_execution_and_decode_slope_from_kernel_profile,false,true,true,false,false,false,true,No-Go
phase427_kernel_profile,kernel,K2.5-tp4ep8dp2-8k2k,docs/iter_gap_investigation/phase427_kernel_profile/K2.5-tp4ep8dp2-8k2k,decode,6,other_cuda,aten::flatten,0.000000,0.000000,35,,,146.096000,11515.000000,0.000000,1.516977,0.595460,0.357492,0.047048,0.031093,0.000000,passed,mixed_mla_attention_dominates,decode_mla_attention_dominates,kernel_profile_collected_prefill_and_decode,classify_prefill_execution_and_decode_slope_from_kernel_profile,false,true,true,false,false,false,true,No-Go
phase427_kernel_profile,kernel,K2.5-tp4ep8dp2-8k2k,docs/iter_gap_investigation/phase427_kernel_profile/K2.5-tp4ep8dp2-8k2k,decode,6,other_cuda,aten::view,0.000000,0.000000,280,,,146.096000,11515.000000,0.000000,1.516977,0.595460,0.357492,0.047048,0.031093,0.000000,passed,mixed_mla_attention_dominates,decode_mla_attention_dominates,kernel_profile_collected_prefill_and_decode,classify_prefill_execution_and_decode_slope_from_kernel_profile,false,true,true,false,false,false,true,No-Go
phase427_kernel_profile,kernel,K2.5-tp4ep8dp2-8k2k,docs/iter_gap_investigation/phase427_kernel_profile/K2.5-tp4ep8dp2-8k2k,decode,6,other_cuda,aten::index_select,0.068930,0.985000,70,,,146.096000,11515.000000,0.000000,1.516977,0.595460,0.357492,0.047048,0.031093,0.000000,passed,mixed_mla_attention_dominates,decode_mla_attention_dominates,kernel_profile_collected_prefill_and_decode,classify_prefill_execution_and_decode_slope_from_kernel_profile,false,true,true,false,false,false,true,No-Go
phase427_kernel_profile,kernel,K2.5-tp4ep8dp2-8k2k,docs/iter_gap_investigation/phase427_kernel_profile/K2.5-tp4ep8dp2-8k2k,decode,6,other_cuda,aten::detach,0.000000,0.000000,70,,,146.096000,11515.000000,0.000000,1.516977,0.595460,0.357492,0.047048,0.031093,0.000000,passed,mixed_mla_attention_dominates,decode_mla_attention_dominates,kernel_profile_collected_prefill_and_decode,classify_prefill_execution_and_decode_slope_from_kernel_profile,false,true,true,false,false,false,true,No-Go
phase427_kernel_profile,kernel,K2.5-tp4ep8dp2-8k2k,docs/iter_gap_investigation/phase427_kernel_profile/K2.5-tp4ep8dp2-8k2k,decode,7,cuda_graph_envelope,execute_context_0(0)_generation_51(51),4049.000000,642.699000,6300,,,146.096000,11515.000000,0.000000,1.516977,0.595460,0.357492,0.047048,0.031093,0.000000,passed,mixed_mla_attention_dominates,decode_mla_attention_dominates,kernel_profile_collected_prefill_and_decode,classify_prefill_execution_and_decode_slope_from_kernel_profile,false,true,true,false,false,false,true,No-Go
phase427_kernel_profile,kernel,K2.5-tp4ep8dp2-8k2k,docs/iter_gap_investigation/phase427_kernel_profile/K2.5-tp4ep8dp2-8k2k,decode,7,mla_attention,void cutlass::device_kernel<flash::enable_sm90_or_la...,422.468000,193.172000,2187,,,146.096000,11515.000000,0.000000,1.516977,0.595460,0.357492,0.047048,0.031093,0.000000,passed,mixed_mla_attention_dominates,decode_mla_attention_dominates,kernel_profile_collected_prefill_and_decode,classify_prefill_execution_and_decode_slope_from_kernel_profile,false,true,true,false,false,false,true,No-Go
phase427_kernel_profile,kernel,K2.5-tp4ep8dp2-8k2k,docs/iter_gap_investigation/phase427_kernel_profile/K2.5-tp4ep8dp2-8k2k,decode,7,moe_gemm_or_aux,"void marlin_moe_wna16::Marlin<1125899906909960l, 112...",411.552000,95.621000,4304,,,146.096000,11515.000000,0.000000,1.516977,0.595460,0.357492,0.047048,0.031093,0.000000,passed,mixed_mla_attention_dominates,decode_mla_attention_dominates,kernel_profile_collected_prefill_and_decode,classify_prefill_execution_and_decode_slope_from_kernel_profile,false,true,true,false,false,false,true,No-Go
phase427_kernel_profile,kernel,K2.5-tp4ep8dp2-8k2k,docs/iter_gap_investigation/phase427_kernel_profile/K2.5-tp4ep8dp2-8k2k,decode,7,ep_a2a,ncclDevKernel_ReduceScatter_Sum_bf16_RING_LL(ncclDev...,168.563000,78.328000,2152,,,146.096000,11515.000000,0.000000,1.516977,0.595460,0.357492,0.047048,0.031093,0.000000,passed,mixed_mla_attention_dominates,decode_mla_attention_dominates,kernel_profile_collected_prefill_and_decode,classify_prefill_execution_and_decode_slope_from_kernel_profile,false,true,true,false,false,false,true,No-Go
phase427_kernel_profile,kernel,K2.5-tp4ep8dp2-8k2k,docs/iter_gap_investigation/phase427_kernel_profile/K2.5-tp4ep8dp2-8k2k,decode,7,ep_a2a,ncclDevKernel_AllGather_RING_LL(ncclDevKernelArgsSto...,103.638000,23.880000,4340,,,146.096000,11515.000000,0.000000,1.516977,0.595460,0.357492,0.047048,0.031093,0.000000,passed,mixed_mla_attention_dominates,decode_mla_attention_dominates,kernel_profile_collected_prefill_and_decode,classify_prefill_execution_and_decode_slope_from_kernel_profile,false,true,true,false,false,false,true,No-Go
phase427_kernel_profile,kernel,K2.5-tp4ep8dp2-8k2k,docs/iter_gap_investigation/phase427_kernel_profile/K2.5-tp4ep8dp2-8k2k,decode,7,dense_gemm,nvjet_tst_64x16_64x16_2x1_v_bz_splitK_TNT,39.695000,18.445000,2152,,,146.096000,11515.000000,0.000000,1.516977,0.595460,0.357492,0.047048,0.031093,0.000000,passed,mixed_mla_attention_dominates,decode_mla_attention_dominates,kernel_profile_collected_prefill_and_decode,classify_prefill_execution_and_decode_slope_from_kernel_profile,false,true,true,false,false,false,true,No-Go
phase427_kernel_profile,kernel,K2.5-tp4ep8dp2-8k2k,docs/iter_gap_investigation/phase427_kernel_profile/K2.5-tp4ep8dp2-8k2k,decode,7,tp_or_dp_allreduce,"void vllm::cross_device_reduce_2stage<__nv_bfloat16,...",30.451000,13.492000,2257,,,146.096000,11515.000000,0.000000,1.516977,0.595460,0.357492,0.047048,0.031093,0.000000,passed,mixed_mla_attention_dominates,decode_mla_attention_dominates,kernel_profile_collected_prefill_and_decode,classify_prefill_execution_and_decode_slope_from_kernel_profile,false,true,true,false,false,false,true,No-Go
phase427_kernel_profile,kernel,K2.5-tp4ep8dp2-8k2k,docs/iter_gap_investigation/phase427_kernel_profile/K2.5-tp4ep8dp2-8k2k,decode,7,dense_gemm,nvjet_tst_64x16_64x16_4x1_v_bz_TNT,27.588000,12.819000,2152,,,146.096000,11515.000000,0.000000,1.516977,0.595460,0.357492,0.047048,0.031093,0.000000,passed,mixed_mla_attention_dominates,decode_mla_attention_dominates,kernel_profile_collected_prefill_and_decode,classify_prefill_execution_and_decode_slope_from_kernel_profile,false,true,true,false,false,false,true,No-Go
phase427_kernel_profile,kernel,K2.5-tp4ep8dp2-8k2k,docs/iter_gap_investigation/phase427_kernel_profile/K2.5-tp4ep8dp2-8k2k,decode,7,dense_gemm,nvjet_tst_64x56_64x14_4x1_v_bz_splitK_TNT,25.817000,11.810000,2186,,,146.096000,11515.000000,0.000000,1.516977,0.595460,0.357492,0.047048,0.031093,0.000000,passed,mixed_mla_attention_dominates,decode_mla_attention_dominates,kernel_profile_collected_prefill_and_decode,classify_prefill_execution_and_decode_slope_from_kernel_profile,false,true,true,false,false,false,true,No-Go
phase427_kernel_profile,kernel,K2.5-tp4ep8dp2-8k2k,docs/iter_gap_investigation/phase427_kernel_profile/K2.5-tp4ep8dp2-8k2k,decode,7,dense_gemm,nvjet_tst_64x56_64x14_4x1_v_bz_TNT,23.134000,10.411000,2222,,,146.096000,11515.000000,0.000000,1.516977,0.595460,0.357492,0.047048,0.031093,0.000000,passed,mixed_mla_attention_dominates,decode_mla_attention_dominates,kernel_profile_collected_prefill_and_decode,classify_prefill_execution_and_decode_slope_from_kernel_profile,false,true,true,false,false,false,true,No-Go
phase427_kernel_profile,kernel,K2.5-tp4ep8dp2-8k2k,docs/iter_gap_investigation/phase427_kernel_profile/K2.5-tp4ep8dp2-8k2k,decode,7,other_cuda,"void at::native::reduce_kernel<128, 4, at::native::R...",21.368000,9.929000,2152,,,146.096000,11515.000000,0.000000,1.516977,0.595460,0.357492,0.047048,0.031093,0.000000,passed,mixed_mla_attention_dominates,decode_mla_attention_dominates,kernel_profile_collected_prefill_and_decode,classify_prefill_execution_and_decode_slope_from_kernel_profile,false,true,true,false,false,false,true,No-Go
phase427_kernel_profile,kernel,K2.5-tp4ep8dp2-8k2k,docs/iter_gap_investigation/phase427_kernel_profile/K2.5-tp4ep8dp2-8k2k,decode,7,dense_gemm,"void router_gemm_kernel_bf16_output<__nv_bfloat16, 1...",16.326000,7.586000,2152,,,146.096000,11515.000000,0.000000,1.516977,0.595460,0.357492,0.047048,0.031093,0.000000,passed,mixed_mla_attention_dominates,decode_mla_attention_dominates,kernel_profile_collected_prefill_and_decode,classify_prefill_execution_and_decode_slope_from_kernel_profile,false,true,true,false,false,false,true,No-Go
phase427_kernel_profile,kernel,K2.5-tp4ep8dp2-8k2k,docs/iter_gap_investigation/phase427_kernel_profile/K2.5-tp4ep8dp2-8k2k,decode,7,other_cuda,"void vllm::act_and_mul_kernel<c10::BFloat16, __nv_bf...",14.315000,6.652000,2152,,,146.096000,11515.000000,0.000000,1.516977,0.595460,0.357492,0.047048,0.031093,0.000000,passed,mixed_mla_attention_dominates,decode_mla_attention_dominates,kernel_profile_collected_prefill_and_decode,classify_prefill_execution_and_decode_slope_from_kernel_profile,false,true,true,false,false,false,true,No-Go
phase427_kernel_profile,kernel,K2.5-tp4ep8dp2-8k2k,docs/iter_gap_investigation/phase427_kernel_profile/K2.5-tp4ep8dp2-8k2k,decode,7,dense_gemm,nvjet_tst_64x32_64x16_4x2_h_bz_TNT,13.472000,6.163000,2186,,,146.096000,11515.000000,0.000000,1.516977,0.595460,0.357492,0.047048,0.031093,0.000000,passed,mixed_mla_attention_dominates,decode_mla_attention_dominates,kernel_profile_collected_prefill_and_decode,classify_prefill_execution_and_decode_slope_from_kernel_profile,false,true,true,false,false,false,true,No-Go
phase427_kernel_profile,kernel,K2.5-tp4ep8dp2-8k2k,docs/iter_gap_investigation/phase427_kernel_profile/K2.5-tp4ep8dp2-8k2k,decode,7,mla_attention,void cutlass::device_kernel<flash::FlashAttnFwdCombi...,11.384000,5.205000,2187,,,146.096000,11515.000000,0.000000,1.516977,0.595460,0.357492,0.047048,0.031093,0.000000,passed,mixed_mla_attention_dominates,decode_mla_attention_dominates,kernel_profile_collected_prefill_and_decode,classify_prefill_execution_and_decode_slope_from_kernel_profile,false,true,true,false,false,false,true,No-Go
phase427_kernel_profile,kernel,K2.5-tp4ep8dp2-8k2k,docs/iter_gap_investigation/phase427_kernel_profile/K2.5-tp4ep8dp2-8k2k,decode,7,moe_gemm_or_aux,void vllm::moe::grouped_topk_fused_small_expert_coun...,9.859000,4.581000,2152,,,146.096000,11515.000000,0.000000,1.516977,0.595460,0.357492,0.047048,0.031093,0.000000,passed,mixed_mla_attention_dominates,decode_mla_attention_dominates,kernel_profile_collected_prefill_and_decode,classify_prefill_execution_and_decode_slope_from_kernel_profile,false,true,true,false,false,false,true,No-Go
phase427_kernel_profile,kernel,K2.5-tp4ep8dp2-8k2k,docs/iter_gap_investigation/phase427_kernel_profile/K2.5-tp4ep8dp2-8k2k,decode,7,dense_gemm,"void cublasLt::splitKreduce_kernel<32, 16, int, floa...",9.827000,2.265000,4338,,,146.096000,11515.000000,0.000000,1.516977,0.595460,0.357492,0.047048,0.031093,0.000000,passed,mixed_mla_attention_dominates,decode_mla_attention_dominates,kernel_profile_collected_prefill_and_decode,classify_prefill_execution_and_decode_slope_from_kernel_profile,false,true,true,false,false,false,true,No-Go
phase427_kernel_profile,kernel,K2.5-tp4ep8dp2-8k2k,docs/iter_gap_investigation/phase427_kernel_profile/K2.5-tp4ep8dp2-8k2k,decode,7,other_cuda,"void at::native::vectorized_elementwise_kernel<8, at...",9.821000,4.564000,2152,,,146.096000,11515.000000,0.000000,1.516977,0.595460,0.357492,0.047048,0.031093,0.000000,passed,mixed_mla_attention_dominates,decode_mla_attention_dominates,kernel_profile_collected_prefill_and_decode,classify_prefill_execution_and_decode_slope_from_kernel_profile,false,true,true,false,false,false,true,No-Go
phase427_kernel_profile,kernel,K2.5-tp4ep8dp2-8k2k,docs/iter_gap_investigation/phase427_kernel_profile/K2.5-tp4ep8dp2-8k2k,decode,7,other_cuda,triton_red_fused__to_copy_add_mean_min_latency_fused...,8.506000,4.020000,2116,,,146.096000,11515.000000,0.000000,1.516977,0.595460,0.357492,0.047048,0.031093,0.000000,passed,mixed_mla_attention_dominates,decode_mla_attention_dominates,kernel_profile_collected_prefill_and_decode,classify_prefill_execution_and_decode_slope_from_kernel_profile,false,true,true,false,false,false,true,No-Go
phase427_kernel_profile,kernel,K2.5-tp4ep8dp2-8k2k,docs/iter_gap_investigation/phase427_kernel_profile/K2.5-tp4ep8dp2-8k2k,decode,7,dense_gemm,nvjet_tst_64x24_64x16_2x1_v_bz_TNT,8.327000,3.808000,2187,,,146.096000,11515.000000,0.000000,1.516977,0.595460,0.357492,0.047048,0.031093,0.000000,passed,mixed_mla_attention_dominates,decode_mla_attention_dominates,kernel_profile_collected_prefill_and_decode,classify_prefill_execution_and_decode_slope_from_kernel_profile,false,true,true,false,false,false,true,No-Go
phase427_kernel_profile,kernel,K2.5-tp4ep8dp2-8k2k,docs/iter_gap_investigation/phase427_kernel_profile/K2.5-tp4ep8dp2-8k2k,decode,7,dense_gemm,nvjet_tst_64x56_64x14_2x1_v_bz_NNT,8.189000,3.746000,2186,,,146.096000,11515.000000,0.000000,1.516977,0.595460,0.357492,0.047048,0.031093,0.000000,passed,mixed_mla_attention_dominates,decode_mla_attention_dominates,kernel_profile_collected_prefill_and_decode,classify_prefill_execution_and_decode_slope_from_kernel_profile,false,true,true,false,false,false,true,No-Go
phase427_kernel_profile,kernel,K2.5-tp4ep8dp2-8k2k,docs/iter_gap_investigation/phase427_kernel_profile/K2.5-tp4ep8dp2-8k2k,decode,7,moe_gemm_or_aux,void vllm::moe::moe_align_block_size_kernel<int>(int...,7.498000,3.484000,2152,,,146.096000,11515.000000,0.000000,1.516977,0.595460,0.357492,0.047048,0.031093,0.000000,passed,mixed_mla_attention_dominates,decode_mla_attention_dominates,kernel_profile_collected_prefill_and_decode,classify_prefill_execution_and_decode_slope_from_kernel_profile,false,true,true,false,false,false,true,No-Go
phase427_kernel_profile,kernel,K2.5-tp4ep8dp2-8k2k,docs/iter_gap_investigation/phase427_kernel_profile/K2.5-tp4ep8dp2-8k2k,decode,7,other_cuda,aten::copy_,6.807000,6.946000,980,,,146.096000,11515.000000,0.000000,1.516977,0.595460,0.357492,0.047048,0.031093,0.000000,passed,mixed_mla_attention_dominates,decode_mla_attention_dominates,kernel_profile_collected_prefill_and_decode,classify_prefill_execution_and_decode_slope_from_kernel_profile,false,true,true,false,false,false,true,No-Go
phase427_kernel_profile,kernel,K2.5-tp4ep8dp2-8k2k,docs/iter_gap_investigation/phase427_kernel_profile/K2.5-tp4ep8dp2-8k2k,decode,7,other_cuda,triton_red_fused__to_copy_add_mean_mul_pow_rsqrt_seq...,6.017000,2.796000,2152,,,146.096000,11515.000000,0.000000,1.516977,0.595460,0.357492,0.047048,0.031093,0.000000,passed,mixed_mla_attention_dominates,decode_mla_attention_dominates,kernel_profile_collected_prefill_and_decode,classify_prefill_execution_and_decode_slope_from_kernel_profile,false,true,true,false,false,false,true,No-Go
phase427_kernel_profile,kernel,K2.5-tp4ep8dp2-8k2k,docs/iter_gap_investigation/phase427_kernel_profile/K2.5-tp4ep8dp2-8k2k,decode,7,dense_gemm,nvjet_tst_320x64_64x4_2x1_v_bz_TNT,5.369000,149.142000,36,,,146.096000,11515.000000,0.000000,1.516977,0.595460,0.357492,0.047048,0.031093,0.000000,passed,mixed_mla_attention_dominates,decode_mla_attention_dominates,kernel_profile_collected_prefill_and_decode,classify_prefill_execution_and_decode_slope_from_kernel_profile,false,true,true,false,false,false,true,No-Go
phase427_kernel_profile,kernel,K2.5-tp4ep8dp2-8k2k,docs/iter_gap_investigation/phase427_kernel_profile/K2.5-tp4ep8dp2-8k2k,decode,7,dense_gemm,aten::mm,5.221000,149.182000,35,,,146.096000,11515.000000,0.000000,1.516977,0.595460,0.357492,0.047048,0.031093,0.000000,passed,mixed_mla_attention_dominates,decode_mla_attention_dominates,kernel_profile_collected_prefill_and_decode,classify_prefill_execution_and_decode_slope_from_kernel_profile,false,true,true,false,false,false,true,No-Go
phase427_kernel_profile,kernel,K2.5-tp4ep8dp2-8k2k,docs/iter_gap_investigation/phase427_kernel_profile/K2.5-tp4ep8dp2-8k2k,decode,7,memcpy_memset,Memcpy HtoD (Pinned -> Device),4.652000,16.615000,280,,,146.096000,11515.000000,0.000000,1.516977,0.595460,0.357492,0.047048,0.031093,0.000000,passed,mixed_mla_attention_dominates,decode_mla_attention_dominates,kernel_profile_collected_prefill_and_decode,classify_prefill_execution_and_decode_slope_from_kernel_profile,false,true,true,false,false,false,true,No-Go
phase427_kernel_profile,kernel,K2.5-tp4ep8dp2-8k2k,docs/iter_gap_investigation/phase427_kernel_profile/K2.5-tp4ep8dp2-8k2k,decode,7,other_cuda,triton_poi_fused_add_clone_copy_expand_index_mul_neg...,4.389000,2.041000,2151,,,146.096000,11515.000000,0.000000,1.516977,0.595460,0.357492,0.047048,0.031093,0.000000,passed,mixed_mla_attention_dominates,decode_mla_attention_dominates,kernel_profile_collected_prefill_and_decode,classify_prefill_execution_and_decode_slope_from_kernel_profile,false,true,true,false,false,false,true,No-Go
phase427_kernel_profile,kernel,K2.5-tp4ep8dp2-8k2k,docs/iter_gap_investigation/phase427_kernel_profile/K2.5-tp4ep8dp2-8k2k,decode,7,mla_attention,void vllm::concat_and_cache_mla_kernel<__nv_bfloat16...,4.293000,1.964000,2186,,,146.096000,11515.000000,0.000000,1.516977,0.595460,0.357492,0.047048,0.031093,0.000000,passed,mixed_mla_attention_dominates,decode_mla_attention_dominates,kernel_profile_collected_prefill_and_decode,classify_prefill_execution_and_decode_slope_from_kernel_profile,false,true,true,false,false,false,true,No-Go
phase427_kernel_profile,kernel,K2.5-tp4ep8dp2-8k2k,docs/iter_gap_investigation/phase427_kernel_profile/K2.5-tp4ep8dp2-8k2k,decode,7,other_cuda,triton_red_fused_4,4.224000,1.964000,2151,,,146.096000,11515.000000,0.000000,1.516977,0.595460,0.357492,0.047048,0.031093,0.000000,passed,mixed_mla_attention_dominates,decode_mla_attention_dominates,kernel_profile_collected_prefill_and_decode,classify_prefill_execution_and_decode_slope_from_kernel_profile,false,true,true,false,false,false,true,No-Go
phase427_kernel_profile,kernel,K2.5-tp4ep8dp2-8k2k,docs/iter_gap_investigation/phase427_kernel_profile/K2.5-tp4ep8dp2-8k2k,decode,7,other_cuda,triton_poi_fused_3,3.676000,1.709000,2151,,,146.096000,11515.000000,0.000000,1.516977,0.595460,0.357492,0.047048,0.031093,0.000000,passed,mixed_mla_attention_dominates,decode_mla_attention_dominates,kernel_profile_collected_prefill_and_decode,classify_prefill_execution_and_decode_slope_from_kernel_profile,false,true,true,false,false,false,true,No-Go
phase427_kernel_profile,kernel,K2.5-tp4ep8dp2-8k2k,docs/iter_gap_investigation/phase427_kernel_profile/K2.5-tp4ep8dp2-8k2k,decode,7,other_cuda,triton_poi_fused_add_all_gather_mul_1,3.267000,1.518000,2152,,,146.096000,11515.000000,0.000000,1.516977,0.595460,0.357492,0.047048,0.031093,0.000000,passed,mixed_mla_attention_dominates,decode_mla_attention_dominates,kernel_profile_collected_prefill_and_decode,classify_prefill_execution_and_decode_slope_from_kernel_profile,false,true,true,false,false,false,true,No-Go
phase427_kernel_profile,kernel,K2.5-tp4ep8dp2-8k2k,docs/iter_gap_investigation/phase427_kernel_profile/K2.5-tp4ep8dp2-8k2k,decode,7,moe_gemm_or_aux,void vllm::moe::count_and_sort_expert_tokens_kernel<...,3.231000,1.502000,2152,,,146.096000,11515.000000,0.000000,1.516977,0.595460,0.357492,0.047048,0.031093,0.000000,passed,mixed_mla_attention_dominates,decode_mla_attention_dominates,kernel_profile_collected_prefill_and_decode,classify_prefill_execution_and_decode_slope_from_kernel_profile,false,true,true,false,false,false,true,No-Go
phase427_kernel_profile,kernel,K2.5-tp4ep8dp2-8k2k,docs/iter_gap_investigation/phase427_kernel_profile/K2.5-tp4ep8dp2-8k2k,decode,7,other_cuda,triton_poi_fused_mul_silu_slice_0,3.102000,1.442000,2152,,,146.096000,11515.000000,0.000000,1.516977,0.595460,0.357492,0.047048,0.031093,0.000000,passed,mixed_mla_attention_dominates,decode_mla_attention_dominates,kernel_profile_collected_prefill_and_decode,classify_prefill_execution_and_decode_slope_from_kernel_profile,false,true,true,false,false,false,true,No-Go
phase427_kernel_profile,kernel,K2.5-tp4ep8dp2-8k2k,docs/iter_gap_investigation/phase427_kernel_profile/K2.5-tp4ep8dp2-8k2k,decode,7,other_cuda,record_param_comms,2.334000,66.698000,35,,,146.096000,11515.000000,0.000000,1.516977,0.595460,0.357492,0.047048,0.031093,0.000000,passed,mixed_mla_attention_dominates,decode_mla_attention_dominates,kernel_profile_collected_prefill_and_decode,classify_prefill_execution_and_decode_slope_from_kernel_profile,false,true,true,false,false,false,true,No-Go
phase427_kernel_profile,kernel,K2.5-tp4ep8dp2-8k2k,docs/iter_gap_investigation/phase427_kernel_profile/K2.5-tp4ep8dp2-8k2k,decode,7,ep_a2a,nccl:_all_gather_base,2.334000,66.698000,35,,,146.096000,11515.000000,0.000000,1.516977,0.595460,0.357492,0.047048,0.031093,0.000000,passed,mixed_mla_attention_dominates,decode_mla_attention_dominates,kernel_profile_collected_prefill_and_decode,classify_prefill_execution_and_decode_slope_from_kernel_profile,false,true,true,false,false,false,true,No-Go
phase427_kernel_profile,kernel,K2.5-tp4ep8dp2-8k2k,docs/iter_gap_investigation/phase427_kernel_profile/K2.5-tp4ep8dp2-8k2k,decode,7,dense_gemm,nvjet_tst_80x64_64x11_4x1_v_bz_TNN,1.228000,35.095000,35,,,146.096000,11515.000000,0.000000,1.516977,0.595460,0.357492,0.047048,0.031093,0.000000,passed,mixed_mla_attention_dominates,decode_mla_attention_dominates,kernel_profile_collected_prefill_and_decode,classify_prefill_execution_and_decode_slope_from_kernel_profile,false,true,true,false,false,false,true,No-Go
phase427_kernel_profile,kernel,K2.5-tp4ep8dp2-8k2k,docs/iter_gap_investigation/phase427_kernel_profile/K2.5-tp4ep8dp2-8k2k,decode,7,other_cuda,aten::argmax,0.804746,22.993000,35,,,146.096000,11515.000000,0.000000,1.516977,0.595460,0.357492,0.047048,0.031093,0.000000,passed,mixed_mla_attention_dominates,decode_mla_attention_dominates,kernel_profile_collected_prefill_and_decode,classify_prefill_execution_and_decode_slope_from_kernel_profile,false,true,true,false,false,false,true,No-Go
phase427_kernel_profile,kernel,K2.5-tp4ep8dp2-8k2k,docs/iter_gap_investigation/phase427_kernel_profile/K2.5-tp4ep8dp2-8k2k,decode,7,other_cuda,void at::native::unrolled_elementwise_kernel<at::nat...,0.792227,22.006000,36,,,146.096000,11515.000000,0.000000,1.516977,0.595460,0.357492,0.047048,0.031093,0.000000,passed,mixed_mla_attention_dominates,decode_mla_attention_dominates,kernel_profile_collected_prefill_and_decode,classify_prefill_execution_and_decode_slope_from_kernel_profile,false,true,true,false,false,false,true,No-Go
phase427_kernel_profile,kernel,K2.5-tp4ep8dp2-8k2k,docs/iter_gap_investigation/phase427_kernel_profile/K2.5-tp4ep8dp2-8k2k,decode,7,other_cuda,"void at::native::reduce_kernel<512, 1, at::native::R...",0.768584,21.350000,36,,,146.096000,11515.000000,0.000000,1.516977,0.595460,0.357492,0.047048,0.031093,0.000000,passed,mixed_mla_attention_dominates,decode_mla_attention_dominates,kernel_profile_collected_prefill_and_decode,classify_prefill_execution_and_decode_slope_from_kernel_profile,false,true,true,false,false,false,true,No-Go
phase427_kernel_profile,kernel,K2.5-tp4ep8dp2-8k2k,docs/iter_gap_investigation/phase427_kernel_profile/K2.5-tp4ep8dp2-8k2k,decode,7,other_cuda,"void at::native::elementwise_kernel<128, 4, at::nati...",0.757347,21.037000,36,,,146.096000,11515.000000,0.000000,1.516977,0.595460,0.357492,0.047048,0.031093,0.000000,passed,mixed_mla_attention_dominates,decode_mla_attention_dominates,kernel_profile_collected_prefill_and_decode,classify_prefill_execution_and_decode_slope_from_kernel_profile,false,true,true,false,false,false,true,No-Go
phase427_kernel_profile,kernel,K2.5-tp4ep8dp2-8k2k,docs/iter_gap_investigation/phase427_kernel_profile/K2.5-tp4ep8dp2-8k2k,decode,7,tp_or_dp_allreduce,_C_custom_ar::all_reduce,0.675073,19.288000,35,,,146.096000,11515.000000,0.000000,1.516977,0.595460,0.357492,0.047048,0.031093,0.000000,passed,mixed_mla_attention_dominates,decode_mla_attention_dominates,kernel_profile_collected_prefill_and_decode,classify_prefill_execution_and_decode_slope_from_kernel_profile,false,true,true,false,false,false,true,No-Go
phase427_kernel_profile,kernel,K2.5-tp4ep8dp2-8k2k,docs/iter_gap_investigation/phase427_kernel_profile/K2.5-tp4ep8dp2-8k2k,decode,7,memcpy_memset,Memcpy DtoD (Device -> Device),0.271808,1.294000,210,,,146.096000,11515.000000,0.000000,1.516977,0.595460,0.357492,0.047048,0.031093,0.000000,passed,mixed_mla_attention_dominates,decode_mla_attention_dominates,kernel_profile_collected_prefill_and_decode,classify_prefill_execution_and_decode_slope_from_kernel_profile,false,true,true,false,false,false,true,No-Go
phase427_kernel_profile,kernel,K2.5-tp4ep8dp2-8k2k,docs/iter_gap_investigation/phase427_kernel_profile/K2.5-tp4ep8dp2-8k2k,decode,7,other_cuda,void at::native::unrolled_elementwise_kernel<at::nat...,0.256836,1.796000,143,,,146.096000,11515.000000,0.000000,1.516977,0.595460,0.357492,0.047048,0.031093,0.000000,passed,mixed_mla_attention_dominates,decode_mla_attention_dominates,kernel_profile_collected_prefill_and_decode,classify_prefill_execution_and_decode_slope_from_kernel_profile,false,true,true,false,false,false,true,No-Go
phase427_kernel_profile,kernel,K2.5-tp4ep8dp2-8k2k,docs/iter_gap_investigation/phase427_kernel_profile/K2.5-tp4ep8dp2-8k2k,decode,7,other_cuda,aten::fill_,0.220800,0.485000,455,,,146.096000,11515.000000,0.000000,1.516977,0.595460,0.357492,0.047048,0.031093,0.000000,passed,mixed_mla_attention_dominates,decode_mla_attention_dominates,kernel_profile_collected_prefill_and_decode,classify_prefill_execution_and_decode_slope_from_kernel_profile,false,true,true,false,false,false,true,No-Go
phase427_kernel_profile,kernel,K2.5-tp4ep8dp2-8k2k,docs/iter_gap_investigation/phase427_kernel_profile/K2.5-tp4ep8dp2-8k2k,decode,7,other_cuda,cudaThreadExchangeStreamCaptureMode,0.184545,1.465000,126,,,146.096000,11515.000000,0.000000,1.516977,0.595460,0.357492,0.047048,0.031093,0.000000,passed,mixed_mla_attention_dominates,decode_mla_attention_dominates,kernel_profile_collected_prefill_and_decode,classify_prefill_execution_and_decode_slope_from_kernel_profile,false,true,true,false,false,false,true,No-Go
phase427_kernel_profile,kernel,K2.5-tp4ep8dp2-8k2k,docs/iter_gap_investigation/phase427_kernel_profile/K2.5-tp4ep8dp2-8k2k,decode,7,other_cuda,aten::index,0.238784,3.411000,70,,,146.096000,11515.000000,0.000000,1.516977,0.595460,0.357492,0.047048,0.031093,0.000000,passed,mixed_mla_attention_dominates,decode_mla_attention_dominates,kernel_profile_collected_prefill_and_decode,classify_prefill_execution_and_decode_slope_from_kernel_profile,false,true,true,false,false,false,true,No-Go
phase427_kernel_profile,kernel,K2.5-tp4ep8dp2-8k2k,docs/iter_gap_investigation/phase427_kernel_profile/K2.5-tp4ep8dp2-8k2k,decode,7,other_cuda,triton_red_fused__to_copy_add_mean_mul_pow_rsqrt_sli...,0.159170,4.421000,36,,,146.096000,11515.000000,0.000000,1.516977,0.595460,0.357492,0.047048,0.031093,0.000000,passed,mixed_mla_attention_dominates,decode_mla_attention_dominates,kernel_profile_collected_prefill_and_decode,classify_prefill_execution_and_decode_slope_from_kernel_profile,false,true,true,false,false,false,true,No-Go
phase427_kernel_profile,kernel,K2.5-tp4ep8dp2-8k2k,docs/iter_gap_investigation/phase427_kernel_profile/K2.5-tp4ep8dp2-8k2k,decode,7,other_cuda,cudaStreamWaitEvent,0.156258,1.116000,140,,,146.096000,11515.000000,0.000000,1.516977,0.595460,0.357492,0.047048,0.031093,0.000000,passed,mixed_mla_attention_dominates,decode_mla_attention_dominates,kernel_profile_collected_prefill_and_decode,classify_prefill_execution_and_decode_slope_from_kernel_profile,false,true,true,false,false,false,true,No-Go
phase427_kernel_profile,kernel,K2.5-tp4ep8dp2-8k2k,docs/iter_gap_investigation/phase427_kernel_profile/K2.5-tp4ep8dp2-8k2k,decode,7,other_cuda,triton_red_fused__to_copy_add_mean_min_latency_fused...,0.147009,4.200000,35,,,146.096000,11515.000000,0.000000,1.516977,0.595460,0.357492,0.047048,0.031093,0.000000,passed,mixed_mla_attention_dominates,decode_mla_attention_dominates,kernel_profile_collected_prefill_and_decode,classify_prefill_execution_and_decode_slope_from_kernel_profile,false,true,true,false,false,false,true,No-Go
phase427_kernel_profile,kernel,K2.5-tp4ep8dp2-8k2k,docs/iter_gap_investigation/phase427_kernel_profile/K2.5-tp4ep8dp2-8k2k,decode,7,other_cuda,"void at::native::vectorized_gather_kernel<16, long>(...",0.145758,2.053000,71,,,146.096000,11515.000000,0.000000,1.516977,0.595460,0.357492,0.047048,0.031093,0.000000,passed,mixed_mla_attention_dominates,decode_mla_attention_dominates,kernel_profile_collected_prefill_and_decode,classify_prefill_execution_and_decode_slope_from_kernel_profile,false,true,true,false,false,false,true,No-Go
phase427_kernel_profile,kernel,K2.5-tp4ep8dp2-8k2k,docs/iter_gap_investigation/phase427_kernel_profile/K2.5-tp4ep8dp2-8k2k,decode,7,memcpy_memset,Memcpy DtoH (Device -> Pinned),0.131396,3.650000,36,,,146.096000,11515.000000,0.000000,1.516977,0.595460,0.357492,0.047048,0.031093,0.000000,passed,mixed_mla_attention_dominates,decode_mla_attention_dominates,kernel_profile_collected_prefill_and_decode,classify_prefill_execution_and_decode_slope_from_kernel_profile,false,true,true,false,false,false,true,No-Go
phase427_kernel_profile,kernel,K2.5-tp4ep8dp2-8k2k,docs/iter_gap_investigation/phase427_kernel_profile/K2.5-tp4ep8dp2-8k2k,decode,7,other_cuda,aten::masked_fill_,0.111584,3.188000,35,,,146.096000,11515.000000,0.000000,1.516977,0.595460,0.357492,0.047048,0.031093,0.000000,passed,mixed_mla_attention_dominates,decode_mla_attention_dominates,kernel_profile_collected_prefill_and_decode,classify_prefill_execution_and_decode_slope_from_kernel_profile,false,true,true,false,false,false,true,No-Go
phase427_kernel_profile,kernel,K2.5-tp4ep8dp2-8k2k,docs/iter_gap_investigation/phase427_kernel_profile/K2.5-tp4ep8dp2-8k2k,decode,7,other_cuda,"void at::native::elementwise_kernel<128, 4, at::nati...",0.111584,3.188000,35,,,146.096000,11515.000000,0.000000,1.516977,0.595460,0.357492,0.047048,0.031093,0.000000,passed,mixed_mla_attention_dominates,decode_mla_attention_dominates,kernel_profile_collected_prefill_and_decode,classify_prefill_execution_and_decode_slope_from_kernel_profile,false,true,true,false,false,false,true,No-Go
phase427_kernel_profile,kernel,K2.5-tp4ep8dp2-8k2k,docs/iter_gap_investigation/phase427_kernel_profile/K2.5-tp4ep8dp2-8k2k,decode,7,other_cuda,cudaStreamIsCapturing,0.111520,0.455000,245,,,146.096000,11515.000000,0.000000,1.516977,0.595460,0.357492,0.047048,0.031093,0.000000,passed,mixed_mla_attention_dominates,decode_mla_attention_dominates,kernel_profile_collected_prefill_and_decode,classify_prefill_execution_and_decode_slope_from_kernel_profile,false,true,true,false,false,false,true,No-Go
phase427_kernel_profile,kernel,K2.5-tp4ep8dp2-8k2k,docs/iter_gap_investigation/phase427_kernel_profile/K2.5-tp4ep8dp2-8k2k,decode,7,other_cuda,_compute_slot_mapping_kernel,0.110046,3.144000,35,,,146.096000,11515.000000,0.000000,1.516977,0.595460,0.357492,0.047048,0.031093,0.000000,passed,mixed_mla_attention_dominates,decode_mla_attention_dominates,kernel_profile_collected_prefill_and_decode,classify_prefill_execution_and_decode_slope_from_kernel_profile,false,true,true,false,false,false,true,No-Go
phase427_kernel_profile,kernel,K2.5-tp4ep8dp2-8k2k,docs/iter_gap_investigation/phase427_kernel_profile/K2.5-tp4ep8dp2-8k2k,decode,7,other_cuda,"void at::native::index_elementwise_kernel<128, 4, at...",0.105120,2.920000,36,,,146.096000,11515.000000,0.000000,1.516977,0.595460,0.357492,0.047048,0.031093,0.000000,passed,mixed_mla_attention_dominates,decode_mla_attention_dominates,kernel_profile_collected_prefill_and_decode,classify_prefill_execution_and_decode_slope_from_kernel_profile,false,true,true,false,false,false,true,No-Go
phase427_kernel_profile,kernel,K2.5-tp4ep8dp2-8k2k,docs/iter_gap_investigation/phase427_kernel_profile/K2.5-tp4ep8dp2-8k2k,decode,7,other_cuda,aten::add,0.102652,0.978000,105,,,146.096000,11515.000000,0.000000,1.516977,0.595460,0.357492,0.047048,0.031093,0.000000,passed,mixed_mla_attention_dominates,decode_mla_attention_dominates,kernel_profile_collected_prefill_and_decode,classify_prefill_execution_and_decode_slope_from_kernel_profile,false,true,true,false,false,false,true,No-Go
phase427_kernel_profile,kernel,K2.5-tp4ep8dp2-8k2k,docs/iter_gap_investigation/phase427_kernel_profile/K2.5-tp4ep8dp2-8k2k,decode,7,other_cuda,aten::_index_put_impl_,0.228160,6.519000,35,,,146.096000,11515.000000,0.000000,1.516977,0.595460,0.357492,0.047048,0.031093,0.000000,passed,mixed_mla_attention_dominates,decode_mla_attention_dominates,kernel_profile_collected_prefill_and_decode,classify_prefill_execution_and_decode_slope_from_kernel_profile,false,true,true,false,false,false,true,No-Go
phase427_kernel_profile,kernel,K2.5-tp4ep8dp2-8k2k,docs/iter_gap_investigation/phase427_kernel_profile/K2.5-tp4ep8dp2-8k2k,decode,7,other_cuda,triton_red_fused__to_copy_add_mean_mul_pow_rsqrt_0,0.098048,2.801000,35,,,146.096000,11515.000000,0.000000,1.516977,0.595460,0.357492,0.047048,0.031093,0.000000,passed,mixed_mla_attention_dominates,decode_mla_attention_dominates,kernel_profile_collected_prefill_and_decode,classify_prefill_execution_and_decode_slope_from_kernel_profile,false,true,true,false,false,false,true,No-Go
phase427_kernel_profile,kernel,K2.5-tp4ep8dp2-8k2k,docs/iter_gap_investigation/phase427_kernel_profile/K2.5-tp4ep8dp2-8k2k,decode,7,other_cuda,"void at::native::index_elementwise_kernel<128, 4, at...",0.096800,2.766000,35,,,146.096000,11515.000000,0.000000,1.516977,0.595460,0.357492,0.047048,0.031093,0.000000,passed,mixed_mla_attention_dominates,decode_mla_attention_dominates,kernel_profile_collected_prefill_and_decode,classify_prefill_execution_and_decode_slope_from_kernel_profile,false,true,true,false,false,false,true,No-Go
phase427_kernel_profile,kernel,K2.5-tp4ep8dp2-8k2k,docs/iter_gap_investigation/phase427_kernel_profile/K2.5-tp4ep8dp2-8k2k,decode,7,other_cuda,triton_red_fused__to_copy_add_clone_mean_min_latency...,0.086752,2.479000,35,,,146.096000,11515.000000,0.000000,1.516977,0.595460,0.357492,0.047048,0.031093,0.000000,passed,mixed_mla_attention_dominates,decode_mla_attention_dominates,kernel_profile_collected_prefill_and_decode,classify_prefill_execution_and_decode_slope_from_kernel_profile,false,true,true,false,false,false,true,No-Go
phase427_kernel_profile,kernel,K2.5-tp4ep8dp2-8k2k,docs/iter_gap_investigation/phase427_kernel_profile/K2.5-tp4ep8dp2-8k2k,decode,7,other_cuda,"void at::native::vectorized_elementwise_kernel<4, at...",0.086114,1.230000,70,,,146.096000,11515.000000,0.000000,1.516977,0.595460,0.357492,0.047048,0.031093,0.000000,passed,mixed_mla_attention_dominates,decode_mla_attention_dominates,kernel_profile_collected_prefill_and_decode,classify_prefill_execution_and_decode_slope_from_kernel_profile,false,true,true,false,false,false,true,No-Go
phase427_kernel_profile,kernel,K2.5-tp4ep8dp2-8k2k,docs/iter_gap_investigation/phase427_kernel_profile/K2.5-tp4ep8dp2-8k2k,decode,7,other_cuda,cudaEventQuery,0.079105,0.390000,203,,,146.096000,11515.000000,0.000000,1.516977,0.595460,0.357492,0.047048,0.031093,0.000000,passed,mixed_mla_attention_dominates,decode_mla_attention_dominates,kernel_profile_collected_prefill_and_decode,classify_prefill_execution_and_decode_slope_from_kernel_profile,false,true,true,false,false,false,true,No-Go
phase427_kernel_profile,kernel,K2.5-tp4ep8dp2-8k2k,docs/iter_gap_investigation/phase427_kernel_profile/K2.5-tp4ep8dp2-8k2k,decode,7,other_cuda,triton_poi_fused_add_clone_copy_expand_index_mul_neg...,0.071139,2.033000,35,,,146.096000,11515.000000,0.000000,1.516977,0.595460,0.357492,0.047048,0.031093,0.000000,passed,mixed_mla_attention_dominates,decode_mla_attention_dominates,kernel_profile_collected_prefill_and_decode,classify_prefill_execution_and_decode_slope_from_kernel_profile,false,true,true,false,false,false,true,No-Go
phase427_kernel_profile,kernel,K2.5-tp4ep8dp2-8k2k,docs/iter_gap_investigation/phase427_kernel_profile/K2.5-tp4ep8dp2-8k2k,decode,7,other_cuda,aten::gather,0.070718,2.021000,35,,,146.096000,11515.000000,0.000000,1.516977,0.595460,0.357492,0.047048,0.031093,0.000000,passed,mixed_mla_attention_dominates,decode_mla_attention_dominates,kernel_profile_collected_prefill_and_decode,classify_prefill_execution_and_decode_slope_from_kernel_profile,false,true,true,false,false,false,true,No-Go
phase427_kernel_profile,kernel,K2.5-tp4ep8dp2-8k2k,docs/iter_gap_investigation/phase427_kernel_profile/K2.5-tp4ep8dp2-8k2k,decode,7,mla_attention,_vllm_fa3_C::get_scheduler_metadata,0.070081,2.002000,35,,,146.096000,11515.000000,0.000000,1.516977,0.595460,0.357492,0.047048,0.031093,0.000000,passed,mixed_mla_attention_dominates,decode_mla_attention_dominates,kernel_profile_collected_prefill_and_decode,classify_prefill_execution_and_decode_slope_from_kernel_profile,false,true,true,false,false,false,true,No-Go
phase427_kernel_profile,kernel,K2.5-tp4ep8dp2-8k2k,docs/iter_gap_investigation/phase427_kernel_profile/K2.5-tp4ep8dp2-8k2k,decode,7,mla_attention,"void flash::prepare_varlen_num_blocks_kernel<2, fals...",0.070081,2.002000,35,,,146.096000,11515.000000,0.000000,1.516977,0.595460,0.357492,0.047048,0.031093,0.000000,passed,mixed_mla_attention_dominates,decode_mla_attention_dominates,kernel_profile_collected_prefill_and_decode,classify_prefill_execution_and_decode_slope_from_kernel_profile,false,true,true,false,false,false,true,No-Go
phase427_kernel_profile,kernel,K2.5-tp4ep8dp2-8k2k,docs/iter_gap_investigation/phase427_kernel_profile/K2.5-tp4ep8dp2-8k2k,decode,7,other_cuda,void at::native::unrolled_elementwise_kernel<at::nat...,0.069663,0.995000,70,,,146.096000,11515.000000,0.000000,1.516977,0.595460,0.357492,0.047048,0.031093,0.000000,passed,mixed_mla_attention_dominates,decode_mla_attention_dominates,kernel_profile_collected_prefill_and_decode,classify_prefill_execution_and_decode_slope_from_kernel_profile,false,true,true,false,false,false,true,No-Go
phase427_kernel_profile,kernel,K2.5-tp4ep8dp2-8k2k,docs/iter_gap_investigation/phase427_kernel_profile/K2.5-tp4ep8dp2-8k2k,decode,7,other_cuda,triton_red_fused_2,0.069603,1.989000,35,,,146.096000,11515.000000,0.000000,1.516977,0.595460,0.357492,0.047048,0.031093,0.000000,passed,mixed_mla_attention_dominates,decode_mla_attention_dominates,kernel_profile_collected_prefill_and_decode,classify_prefill_execution_and_decode_slope_from_kernel_profile,false,true,true,false,false,false,true,No-Go
phase427_kernel_profile,kernel,K2.5-tp4ep8dp2-8k2k,docs/iter_gap_investigation/phase427_kernel_profile/K2.5-tp4ep8dp2-8k2k,decode,7,other_cuda,void at::native::unrolled_elementwise_kernel<at::nat...,0.065023,0.929000,70,,,146.096000,11515.000000,0.000000,1.516977,0.595460,0.357492,0.047048,0.031093,0.000000,passed,mixed_mla_attention_dominates,decode_mla_attention_dominates,kernel_profile_collected_prefill_and_decode,classify_prefill_execution_and_decode_slope_from_kernel_profile,false,true,true,false,false,false,true,No-Go
phase427_kernel_profile,kernel,K2.5-tp4ep8dp2-8k2k,docs/iter_gap_investigation/phase427_kernel_profile/K2.5-tp4ep8dp2-8k2k,decode,7,other_cuda,triton_poi_fused_1,0.060960,1.742000,35,,,146.096000,11515.000000,0.000000,1.516977,0.595460,0.357492,0.047048,0.031093,0.000000,passed,mixed_mla_attention_dominates,decode_mla_attention_dominates,kernel_profile_collected_prefill_and_decode,classify_prefill_execution_and_decode_slope_from_kernel_profile,false,true,true,false,false,false,true,No-Go
phase427_kernel_profile,kernel,K2.5-tp4ep8dp2-8k2k,docs/iter_gap_investigation/phase427_kernel_profile/K2.5-tp4ep8dp2-8k2k,decode,7,memcpy_memset,Memset (Device),0.059010,1.639000,36,,,146.096000,11515.000000,0.000000,1.516977,0.595460,0.357492,0.047048,0.031093,0.000000,passed,mixed_mla_attention_dominates,decode_mla_attention_dominates,kernel_profile_collected_prefill_and_decode,classify_prefill_execution_and_decode_slope_from_kernel_profile,false,true,true,false,false,false,true,No-Go
phase427_kernel_profile,kernel,K2.5-tp4ep8dp2-8k2k,docs/iter_gap_investigation/phase427_kernel_profile/K2.5-tp4ep8dp2-8k2k,decode,7,other_cuda,void at::native::unrolled_elementwise_kernel<at::nat...,0.055843,1.551000,36,,,146.096000,11515.000000,0.000000,1.516977,0.595460,0.357492,0.047048,0.031093,0.000000,passed,mixed_mla_attention_dominates,decode_mla_attention_dominates,kernel_profile_collected_prefill_and_decode,classify_prefill_execution_and_decode_slope_from_kernel_profile,false,true,true,false,false,false,true,No-Go
phase427_kernel_profile,kernel,K2.5-tp4ep8dp2-8k2k,docs/iter_gap_investigation/phase427_kernel_profile/K2.5-tp4ep8dp2-8k2k,decode,7,other_cuda,"void at::native::vectorized_elementwise_kernel<2, at...",0.055486,1.585000,35,,,146.096000,11515.000000,0.000000,1.516977,0.595460,0.357492,0.047048,0.031093,0.000000,passed,mixed_mla_attention_dominates,decode_mla_attention_dominates,kernel_profile_collected_prefill_and_decode,classify_prefill_execution_and_decode_slope_from_kernel_profile,false,true,true,false,false,false,true,No-Go
phase427_kernel_profile,kernel,K2.5-tp4ep8dp2-8k2k,docs/iter_gap_investigation/phase427_kernel_profile/K2.5-tp4ep8dp2-8k2k,decode,7,other_cuda,triton_poi_fused_mul_silu_slice_1,0.051553,1.473000,35,,,146.096000,11515.000000,0.000000,1.516977,0.595460,0.357492,0.047048,0.031093,0.000000,passed,mixed_mla_attention_dominates,decode_mla_attention_dominates,kernel_profile_collected_prefill_and_decode,classify_prefill_execution_and_decode_slope_from_kernel_profile,false,true,true,false,false,false,true,No-Go
phase427_kernel_profile,kernel,K2.5-tp4ep8dp2-8k2k,docs/iter_gap_investigation/phase427_kernel_profile/K2.5-tp4ep8dp2-8k2k,decode,7,other_cuda,triton_poi_fused_add_bitwise_and_bitwise_not_bitwise...,0.050652,1.447000,35,,,146.096000,11515.000000,0.000000,1.516977,0.595460,0.357492,0.047048,0.031093,0.000000,passed,mixed_mla_attention_dominates,decode_mla_attention_dominates,kernel_profile_collected_prefill_and_decode,classify_prefill_execution_and_decode_slope_from_kernel_profile,false,true,true,false,false,false,true,No-Go
phase427_kernel_profile,kernel,K2.5-tp4ep8dp2-8k2k,docs/iter_gap_investigation/phase427_kernel_profile/K2.5-tp4ep8dp2-8k2k,decode,7,other_cuda,triton_poi_fused_add_bitwise_and_bitwise_not_bitwise...,0.050652,1.447000,35,,,146.096000,11515.000000,0.000000,1.516977,0.595460,0.357492,0.047048,0.031093,0.000000,passed,mixed_mla_attention_dominates,decode_mla_attention_dominates,kernel_profile_collected_prefill_and_decode,classify_prefill_execution_and_decode_slope_from_kernel_profile,false,true,true,false,false,false,true,No-Go
phase427_kernel_profile,kernel,K2.5-tp4ep8dp2-8k2k,docs/iter_gap_investigation/phase427_kernel_profile/K2.5-tp4ep8dp2-8k2k,decode,7,other_cuda,## Call CompiledFxGraph fqj67eaamluq2vssfw7nwvglrb2i...,0.050652,1.447000,35,,,146.096000,11515.000000,0.000000,1.516977,0.595460,0.357492,0.047048,0.031093,0.000000,passed,mixed_mla_attention_dominates,decode_mla_attention_dominates,kernel_profile_collected_prefill_and_decode,classify_prefill_execution_and_decode_slope_from_kernel_profile,false,true,true,false,false,false,true,No-Go
phase427_kernel_profile,kernel,K2.5-tp4ep8dp2-8k2k,docs/iter_gap_investigation/phase427_kernel_profile/K2.5-tp4ep8dp2-8k2k,decode,7,other_cuda,"void at::native::vectorized_elementwise_kernel<4, at...",0.047166,1.348000,35,,,146.096000,11515.000000,0.000000,1.516977,0.595460,0.357492,0.047048,0.031093,0.000000,passed,mixed_mla_attention_dominates,decode_mla_attention_dominates,kernel_profile_collected_prefill_and_decode,classify_prefill_execution_and_decode_slope_from_kernel_profile,false,true,true,false,false,false,true,No-Go
phase427_kernel_profile,kernel,K2.5-tp4ep8dp2-8k2k,docs/iter_gap_investigation/phase427_kernel_profile/K2.5-tp4ep8dp2-8k2k,decode,7,other_cuda,aten::sub,0.040643,0.581000,70,,,146.096000,11515.000000,0.000000,1.516977,0.595460,0.357492,0.047048,0.031093,0.000000,passed,mixed_mla_attention_dominates,decode_mla_attention_dominates,kernel_profile_collected_prefill_and_decode,classify_prefill_execution_and_decode_slope_from_kernel_profile,false,true,true,false,false,false,true,No-Go
phase427_kernel_profile,kernel,K2.5-tp4ep8dp2-8k2k,docs/iter_gap_investigation/phase427_kernel_profile/K2.5-tp4ep8dp2-8k2k,decode,7,other_cuda,void at::native::unrolled_elementwise_kernel<at::nat...,0.040643,1.161000,35,,,146.096000,11515.000000,0.000000,1.516977,0.595460,0.357492,0.047048,0.031093,0.000000,passed,mixed_mla_attention_dominates,decode_mla_attention_dominates,kernel_profile_collected_prefill_and_decode,classify_prefill_execution_and_decode_slope_from_kernel_profile,false,true,true,false,false,false,true,No-Go
phase427_kernel_profile,kernel,K2.5-tp4ep8dp2-8k2k,docs/iter_gap_investigation/phase427_kernel_profile/K2.5-tp4ep8dp2-8k2k,decode,7,other_cuda,cudaEventRecord,0.010112,0.048000,210,,,146.096000,11515.000000,0.000000,1.516977,0.595460,0.357492,0.047048,0.031093,0.000000,passed,mixed_mla_attention_dominates,decode_mla_attention_dominates,kernel_profile_collected_prefill_and_decode,classify_prefill_execution_and_decode_slope_from_kernel_profile,false,true,true,false,false,false,true,No-Go
phase427_kernel_profile,kernel,K2.5-tp4ep8dp2-8k2k,docs/iter_gap_investigation/phase427_kernel_profile/K2.5-tp4ep8dp2-8k2k,decode,7,other_cuda,cudaEventSynchronize,0.008065,0.230000,35,,,146.096000,11515.000000,0.000000,1.516977,0.595460,0.357492,0.047048,0.031093,0.000000,passed,mixed_mla_attention_dominates,decode_mla_attention_dominates,kernel_profile_collected_prefill_and_decode,classify_prefill_execution_and_decode_slope_from_kernel_profile,false,true,true,false,false,false,true,No-Go
phase427_kernel_profile,kernel,K2.5-tp4ep8dp2-8k2k,docs/iter_gap_investigation/phase427_kernel_profile/K2.5-tp4ep8dp2-8k2k,decode,7,other_cuda,cudaEventRecordWithFlags,0.007744,0.074000,105,,,146.096000,11515.000000,0.000000,1.516977,0.595460,0.357492,0.047048,0.031093,0.000000,passed,mixed_mla_attention_dominates,decode_mla_attention_dominates,kernel_profile_collected_prefill_and_decode,classify_prefill_execution_and_decode_slope_from_kernel_profile,false,true,true,false,false,false,true,No-Go
phase427_kernel_profile,kernel,K2.5-tp4ep8dp2-8k2k,docs/iter_gap_investigation/phase427_kernel_profile/K2.5-tp4ep8dp2-8k2k,decode,7,other_cuda,cudaGraphLaunch,0.222689,6.363000,35,,,146.096000,11515.000000,0.000000,1.516977,0.595460,0.357492,0.047048,0.031093,0.000000,passed,mixed_mla_attention_dominates,decode_mla_attention_dominates,kernel_profile_collected_prefill_and_decode,classify_prefill_execution_and_decode_slope_from_kernel_profile,false,true,true,false,false,false,true,No-Go
phase427_kernel_profile,kernel,K2.5-tp4ep8dp2-8k2k,docs/iter_gap_investigation/phase427_kernel_profile/K2.5-tp4ep8dp2-8k2k,decode,7,other_cuda,cuLaunchKernelEx,0.003424,0.033000,105,,,146.096000,11515.000000,0.000000,1.516977,0.595460,0.357492,0.047048,0.031093,0.000000,passed,mixed_mla_attention_dominates,decode_mla_attention_dominates,kernel_profile_collected_prefill_and_decode,classify_prefill_execution_and_decode_slope_from_kernel_profile,false,true,true,false,false,false,true,No-Go
phase427_kernel_profile,kernel,K2.5-tp4ep8dp2-8k2k,docs/iter_gap_investigation/phase427_kernel_profile/K2.5-tp4ep8dp2-8k2k,decode,7,other_cuda,cudaDriverGetVersion,0.001407,0.040000,35,,,146.096000,11515.000000,0.000000,1.516977,0.595460,0.357492,0.047048,0.031093,0.000000,passed,mixed_mla_attention_dominates,decode_mla_attention_dominates,kernel_profile_collected_prefill_and_decode,classify_prefill_execution_and_decode_slope_from_kernel_profile,false,true,true,false,false,false,true,No-Go
phase427_kernel_profile,kernel,K2.5-tp4ep8dp2-8k2k,docs/iter_gap_investigation/phase427_kernel_profile/K2.5-tp4ep8dp2-8k2k,decode,7,cuda_graph_envelope,execute_context_0(0)_generation_51(51),15.065000,430.421000,35,,,146.096000,11515.000000,0.000000,1.516977,0.595460,0.357492,0.047048,0.031093,0.000000,passed,mixed_mla_attention_dominates,decode_mla_attention_dominates,kernel_profile_collected_prefill_and_decode,classify_prefill_execution_and_decode_slope_from_kernel_profile,false,true,true,false,false,false,true,No-Go
phase427_kernel_profile,kernel,K2.5-tp4ep8dp2-8k2k,docs/iter_gap_investigation/phase427_kernel_profile/K2.5-tp4ep8dp2-8k2k,decode,7,other_cuda,aten::slice,0.000000,0.000000,1960,,,146.096000,11515.000000,0.000000,1.516977,0.595460,0.357492,0.047048,0.031093,0.000000,passed,mixed_mla_attention_dominates,decode_mla_attention_dominates,kernel_profile_collected_prefill_and_decode,classify_prefill_execution_and_decode_slope_from_kernel_profile,false,true,true,false,false,false,true,No-Go
phase427_kernel_profile,kernel,K2.5-tp4ep8dp2-8k2k,docs/iter_gap_investigation/phase427_kernel_profile/K2.5-tp4ep8dp2-8k2k,decode,7,other_cuda,aten::as_strided,0.000000,0.000000,2975,,,146.096000,11515.000000,0.000000,1.516977,0.595460,0.357492,0.047048,0.031093,0.000000,passed,mixed_mla_attention_dominates,decode_mla_attention_dominates,kernel_profile_collected_prefill_and_decode,classify_prefill_execution_and_decode_slope_from_kernel_profile,false,true,true,false,false,false,true,No-Go
phase427_kernel_profile,kernel,K2.5-tp4ep8dp2-8k2k,docs/iter_gap_investigation/phase427_kernel_profile/K2.5-tp4ep8dp2-8k2k,decode,7,memcpy_memset,cudaMemcpyAsync,0.000000,0.000000,525,,,146.096000,11515.000000,0.000000,1.516977,0.595460,0.357492,0.047048,0.031093,0.000000,passed,mixed_mla_attention_dominates,decode_mla_attention_dominates,kernel_profile_collected_prefill_and_decode,classify_prefill_execution_and_decode_slope_from_kernel_profile,false,true,true,false,false,false,true,No-Go
phase427_kernel_profile,kernel,K2.5-tp4ep8dp2-8k2k,docs/iter_gap_investigation/phase427_kernel_profile/K2.5-tp4ep8dp2-8k2k,decode,7,other_cuda,aten::lift_fresh,0.000000,0.000000,315,,,146.096000,11515.000000,0.000000,1.516977,0.595460,0.357492,0.047048,0.031093,0.000000,passed,mixed_mla_attention_dominates,decode_mla_attention_dominates,kernel_profile_collected_prefill_and_decode,classify_prefill_execution_and_decode_slope_from_kernel_profile,false,true,true,false,false,false,true,No-Go
phase427_kernel_profile,kernel,K2.5-tp4ep8dp2-8k2k,docs/iter_gap_investigation/phase427_kernel_profile/K2.5-tp4ep8dp2-8k2k,decode,7,other_cuda,aten::flatten,0.000000,0.000000,35,,,146.096000,11515.000000,0.000000,1.516977,0.595460,0.357492,0.047048,0.031093,0.000000,passed,mixed_mla_attention_dominates,decode_mla_attention_dominates,kernel_profile_collected_prefill_and_decode,classify_prefill_execution_and_decode_slope_from_kernel_profile,false,true,true,false,false,false,true,No-Go
phase427_kernel_profile,kernel,K2.5-tp4ep8dp2-8k2k,docs/iter_gap_investigation/phase427_kernel_profile/K2.5-tp4ep8dp2-8k2k,decode,7,other_cuda,aten::view,0.000000,0.000000,280,,,146.096000,11515.000000,0.000000,1.516977,0.595460,0.357492,0.047048,0.031093,0.000000,passed,mixed_mla_attention_dominates,decode_mla_attention_dominates,kernel_profile_collected_prefill_and_decode,classify_prefill_execution_and_decode_slope_from_kernel_profile,false,true,true,false,false,false,true,No-Go
phase427_kernel_profile,kernel,K2.5-tp4ep8dp2-8k2k,docs/iter_gap_investigation/phase427_kernel_profile/K2.5-tp4ep8dp2-8k2k,decode,7,other_cuda,aten::index_select,0.070718,1.010000,70,,,146.096000,11515.000000,0.000000,1.516977,0.595460,0.357492,0.047048,0.031093,0.000000,passed,mixed_mla_attention_dominates,decode_mla_attention_dominates,kernel_profile_collected_prefill_and_decode,classify_prefill_execution_and_decode_slope_from_kernel_profile,false,true,true,false,false,false,true,No-Go
phase427_kernel_profile,kernel,K2.5-tp4ep8dp2-8k2k,docs/iter_gap_investigation/phase427_kernel_profile/K2.5-tp4ep8dp2-8k2k,decode,7,other_cuda,aten::detach,0.000000,0.000000,70,,,146.096000,11515.000000,0.000000,1.516977,0.595460,0.357492,0.047048,0.031093,0.000000,passed,mixed_mla_attention_dominates,decode_mla_attention_dominates,kernel_profile_collected_prefill_and_decode,classify_prefill_execution_and_decode_slope_from_kernel_profile,false,true,true,false,false,false,true,No-Go
phase427_kernel_profile,kernel,K2.5-tp4ep8dp2-8k2k,docs/iter_gap_investigation/phase427_kernel_profile/K2.5-tp4ep8dp2-8k2k,decode,7,other_cuda,aten::to,1.204000,2.458000,490,,,146.096000,11515.000000,0.000000,1.516977,0.595460,0.357492,0.047048,0.031093,0.000000,passed,mixed_mla_attention_dominates,decode_mla_attention_dominates,kernel_profile_collected_prefill_and_decode,classify_prefill_execution_and_decode_slope_from_kernel_profile,false,true,true,false,false,false,true,No-Go
