alignment_key,alignment_key_type,dp_rank,scenario,phase,topology_key,cb_engine_step_id,cb_iter_index,cb_scheduled_context_tokens,cb_scheduled_decode_tokens,cb_scheduled_total_tokens,cb_scheduled_context_reqs,cb_scheduled_decode_reqs,cb_scheduled_total_reqs,cb_forward_token_count,cb_forward_regime,cb_cudagraph_runtime_mode,vllm_engine_step_id,vllm_iter_index,vllm_scheduled_context_tokens,vllm_scheduled_decode_tokens,vllm_scheduled_total_tokens,vllm_scheduled_context_reqs,vllm_scheduled_decode_reqs,vllm_scheduled_total_reqs,vllm_forward_token_count,vllm_forward_regime,vllm_cudagraph_runtime_mode,scheduled_context_token_delta,scheduled_decode_token_delta,scheduled_total_token_delta,scheduled_context_req_delta,scheduled_decode_req_delta,scheduled_total_req_delta,forward_token_delta,same_phase,same_topology_key,same_scheduled_total_tokens,same_scheduled_total_reqs,same_forward_token_count,same_forward_regime,same_cudagraph_runtime_mode,valid_for_default,perf_database,diagnostic_only
engine_dp:0:step:0,engine_core_dp_step,0,32000x1000_b16,prefill,tp4dp2moetp1ep8,0,0,8192,0,8192,1,0,1,8192,NONE:8192,NONE,0,0,8192,0,8192,1,0,1,8192,NONE:8192,NONE,0,0,0,0,0,0,0,1,1,1,1,1,1,1,False,False,True
engine_dp:0:step:1,engine_core_dp_step,0,32000x1000_b16,prefill,tp4dp2moetp1ep8,1,1,8192,0,8192,1,0,1,8192,NONE:8192,NONE,1,1,8192,0,8192,1,0,1,8192,NONE:8192,NONE,0,0,0,0,0,0,0,1,1,1,1,1,1,1,False,False,True
engine_dp:0:step:2,engine_core_dp_step,0,32000x1000_b16,prefill,tp4dp2moetp1ep8,2,2,8192,0,8192,1,0,1,8192,NONE:8192,NONE,2,2,8192,0,8192,1,0,1,8192,NONE:8192,NONE,0,0,0,0,0,0,0,1,1,1,1,1,1,1,False,False,True
engine_dp:0:step:3,engine_core_dp_step,0,32000x1000_b16,prefill,tp4dp2moetp1ep8,3,3,7536,0,7536,8,0,8,7536,NONE:7536,NONE,3,3,7536,0,7536,8,0,8,7536,NONE:7536,NONE,0,0,0,0,0,0,0,1,1,1,1,1,1,1,False,False,True
engine_dp:0:step:4,engine_core_dp_step,0,32000x1000_b16,pure_decode,tp4dp2moetp1ep8,4,4,0,8,8,0,8,8,8,FULL:8,FULL,4,4,0,8,8,0,8,8,8,FULL:8,FULL,0,0,0,0,0,0,0,1,1,1,1,1,1,1,False,False,True
engine_dp:0:step:5,engine_core_dp_step,0,32000x1000_b16,pure_decode,tp4dp2moetp1ep8,5,5,0,8,8,0,8,8,8,FULL:8,FULL,5,5,0,8,8,0,8,8,8,FULL:8,FULL,0,0,0,0,0,0,0,1,1,1,1,1,1,1,False,False,True
engine_dp:0:step:6,engine_core_dp_step,0,32000x1000_b16,pure_decode,tp4dp2moetp1ep8,6,6,0,8,8,0,8,8,8,FULL:8,FULL,6,6,0,8,8,0,8,8,8,FULL:8,FULL,0,0,0,0,0,0,0,1,1,1,1,1,1,1,False,False,True
engine_dp:0:step:7,engine_core_dp_step,0,32000x1000_b16,pure_decode,tp4dp2moetp1ep8,7,7,0,8,8,0,8,8,8,FULL:8,FULL,7,7,0,8,8,0,8,8,8,FULL:8,FULL,0,0,0,0,0,0,0,1,1,1,1,1,1,1,False,False,True
engine_dp:0:step:8,engine_core_dp_step,0,32000x1000_b16,pure_decode,tp4dp2moetp1ep8,8,8,0,8,8,0,8,8,8,FULL:8,FULL,8,8,0,8,8,0,8,8,8,FULL:8,FULL,0,0,0,0,0,0,0,1,1,1,1,1,1,1,False,False,True
engine_dp:0:step:9,engine_core_dp_step,0,32000x1000_b16,pure_decode,tp4dp2moetp1ep8,9,9,0,8,8,0,8,8,8,FULL:8,FULL,9,9,0,8,8,0,8,8,8,FULL:8,FULL,0,0,0,0,0,0,0,1,1,1,1,1,1,1,False,False,True
engine_dp:0:step:10,engine_core_dp_step,0,32000x1000_b16,pure_decode,tp4dp2moetp1ep8,10,10,0,8,8,0,8,8,8,FULL:8,FULL,10,10,0,8,8,0,8,8,8,FULL:8,FULL,0,0,0,0,0,0,0,1,1,1,1,1,1,1,False,False,True
engine_dp:0:step:11,engine_core_dp_step,0,32000x1000_b16,pure_decode,tp4dp2moetp1ep8,11,11,0,8,8,0,8,8,8,FULL:8,FULL,11,11,0,8,8,0,8,8,8,FULL:8,FULL,0,0,0,0,0,0,0,1,1,1,1,1,1,1,False,False,True
engine_dp:0:step:12,engine_core_dp_step,0,32000x1000_b16,pure_decode,tp4dp2moetp1ep8,12,12,0,8,8,0,8,8,8,FULL:8,FULL,12,12,0,8,8,0,8,8,8,FULL:8,FULL,0,0,0,0,0,0,0,1,1,1,1,1,1,1,False,False,True
engine_dp:0:step:13,engine_core_dp_step,0,32000x1000_b16,pure_decode,tp4dp2moetp1ep8,13,13,0,8,8,0,8,8,8,FULL:8,FULL,13,13,0,8,8,0,8,8,8,FULL:8,FULL,0,0,0,0,0,0,0,1,1,1,1,1,1,1,False,False,True
engine_dp:0:step:14,engine_core_dp_step,0,32000x1000_b16,pure_decode,tp4dp2moetp1ep8,14,14,0,8,8,0,8,8,8,FULL:8,FULL,14,14,0,8,8,0,8,8,8,FULL:8,FULL,0,0,0,0,0,0,0,1,1,1,1,1,1,1,False,False,True
engine_dp:0:step:15,engine_core_dp_step,0,32000x1000_b16,pure_decode,tp4dp2moetp1ep8,15,15,0,8,8,0,8,8,8,FULL:8,FULL,15,15,0,8,8,0,8,8,8,FULL:8,FULL,0,0,0,0,0,0,0,1,1,1,1,1,1,1,False,False,True
engine_dp:0:step:16,engine_core_dp_step,0,32000x1000_b16,pure_decode,tp4dp2moetp1ep8,16,16,0,8,8,0,8,8,8,FULL:8,FULL,16,16,0,8,8,0,8,8,8,FULL:8,FULL,0,0,0,0,0,0,0,1,1,1,1,1,1,1,False,False,True
engine_dp:0:step:17,engine_core_dp_step,0,32000x1000_b16,pure_decode,tp4dp2moetp1ep8,17,17,0,8,8,0,8,8,8,FULL:8,FULL,17,17,0,8,8,0,8,8,8,FULL:8,FULL,0,0,0,0,0,0,0,1,1,1,1,1,1,1,False,False,True
engine_dp:0:step:18,engine_core_dp_step,0,32000x1000_b16,pure_decode,tp4dp2moetp1ep8,18,18,0,8,8,0,8,8,8,FULL:8,FULL,18,18,0,8,8,0,8,8,8,FULL:8,FULL,0,0,0,0,0,0,0,1,1,1,1,1,1,1,False,False,True
engine_dp:0:step:19,engine_core_dp_step,0,32000x1000_b16,pure_decode,tp4dp2moetp1ep8,19,19,0,8,8,0,8,8,8,FULL:8,FULL,19,19,0,8,8,0,8,8,8,FULL:8,FULL,0,0,0,0,0,0,0,1,1,1,1,1,1,1,False,False,True
engine_dp:0:step:20,engine_core_dp_step,0,32000x1000_b16,pure_decode,tp4dp2moetp1ep8,20,20,0,8,8,0,8,8,8,FULL:8,FULL,20,20,0,8,8,0,8,8,8,FULL:8,FULL,0,0,0,0,0,0,0,1,1,1,1,1,1,1,False,False,True
engine_dp:0:step:21,engine_core_dp_step,0,32000x1000_b16,pure_decode,tp4dp2moetp1ep8,21,21,0,8,8,0,8,8,8,FULL:8,FULL,21,21,0,8,8,0,8,8,8,FULL:8,FULL,0,0,0,0,0,0,0,1,1,1,1,1,1,1,False,False,True
engine_dp:0:step:22,engine_core_dp_step,0,32000x1000_b16,pure_decode,tp4dp2moetp1ep8,22,22,0,8,8,0,8,8,8,FULL:8,FULL,22,22,0,8,8,0,8,8,8,FULL:8,FULL,0,0,0,0,0,0,0,1,1,1,1,1,1,1,False,False,True
engine_dp:0:step:23,engine_core_dp_step,0,32000x1000_b16,pure_decode,tp4dp2moetp1ep8,23,23,0,8,8,0,8,8,8,FULL:8,FULL,23,23,0,8,8,0,8,8,8,FULL:8,FULL,0,0,0,0,0,0,0,1,1,1,1,1,1,1,False,False,True
engine_dp:0:step:24,engine_core_dp_step,0,32000x1000_b16,pure_decode,tp4dp2moetp1ep8,24,24,0,8,8,0,8,8,8,FULL:8,FULL,24,24,0,8,8,0,8,8,8,FULL:8,FULL,0,0,0,0,0,0,0,1,1,1,1,1,1,1,False,False,True
engine_dp:0:step:25,engine_core_dp_step,0,32000x1000_b16,pure_decode,tp4dp2moetp1ep8,25,25,0,8,8,0,8,8,8,FULL:8,FULL,25,25,0,8,8,0,8,8,8,FULL:8,FULL,0,0,0,0,0,0,0,1,1,1,1,1,1,1,False,False,True
engine_dp:0:step:26,engine_core_dp_step,0,32000x1000_b16,pure_decode,tp4dp2moetp1ep8,26,26,0,8,8,0,8,8,8,FULL:8,FULL,26,26,0,8,8,0,8,8,8,FULL:8,FULL,0,0,0,0,0,0,0,1,1,1,1,1,1,1,False,False,True
engine_dp:0:step:27,engine_core_dp_step,0,32000x1000_b16,pure_decode,tp4dp2moetp1ep8,27,27,0,8,8,0,8,8,8,FULL:8,FULL,27,27,0,8,8,0,8,8,8,FULL:8,FULL,0,0,0,0,0,0,0,1,1,1,1,1,1,1,False,False,True
engine_dp:0:step:28,engine_core_dp_step,0,32000x1000_b16,pure_decode,tp4dp2moetp1ep8,28,28,0,8,8,0,8,8,8,FULL:8,FULL,28,28,0,8,8,0,8,8,8,FULL:8,FULL,0,0,0,0,0,0,0,1,1,1,1,1,1,1,False,False,True
engine_dp:0:step:29,engine_core_dp_step,0,32000x1000_b16,pure_decode,tp4dp2moetp1ep8,29,29,0,8,8,0,8,8,8,FULL:8,FULL,29,29,0,8,8,0,8,8,8,FULL:8,FULL,0,0,0,0,0,0,0,1,1,1,1,1,1,1,False,False,True
engine_dp:0:step:30,engine_core_dp_step,0,32000x1000_b16,pure_decode,tp4dp2moetp1ep8,30,30,0,8,8,0,8,8,8,FULL:8,FULL,30,30,0,8,8,0,8,8,8,FULL:8,FULL,0,0,0,0,0,0,0,1,1,1,1,1,1,1,False,False,True
engine_dp:0:step:31,engine_core_dp_step,0,32000x1000_b16,pure_decode,tp4dp2moetp1ep8,31,31,0,8,8,0,8,8,8,FULL:8,FULL,31,31,0,8,8,0,8,8,8,FULL:8,FULL,0,0,0,0,0,0,0,1,1,1,1,1,1,1,False,False,True
engine_dp:0:step:32,engine_core_dp_step,0,32000x1000_b16,pure_decode,tp4dp2moetp1ep8,32,32,0,8,8,0,8,8,8,FULL:8,FULL,32,32,0,8,8,0,8,8,8,FULL:8,FULL,0,0,0,0,0,0,0,1,1,1,1,1,1,1,False,False,True
engine_dp:0:step:33,engine_core_dp_step,0,32000x1000_b16,pure_decode,tp4dp2moetp1ep8,33,33,0,8,8,0,8,8,8,FULL:8,FULL,33,33,0,8,8,0,8,8,8,FULL:8,FULL,0,0,0,0,0,0,0,1,1,1,1,1,1,1,False,False,True
engine_dp:0:step:34,engine_core_dp_step,0,32000x1000_b16,pure_decode,tp4dp2moetp1ep8,34,34,0,8,8,0,8,8,8,FULL:8,FULL,34,34,0,8,8,0,8,8,8,FULL:8,FULL,0,0,0,0,0,0,0,1,1,1,1,1,1,1,False,False,True
engine_dp:0:step:35,engine_core_dp_step,0,32000x1000_b16,pure_decode,tp4dp2moetp1ep8,35,35,0,8,8,0,8,8,8,FULL:8,FULL,35,35,0,8,8,0,8,8,8,FULL:8,FULL,0,0,0,0,0,0,0,1,1,1,1,1,1,1,False,False,True
engine_dp:0:step:36,engine_core_dp_step,0,32000x1000_b16,pure_decode,tp4dp2moetp1ep8,36,36,0,8,8,0,8,8,8,FULL:8,FULL,36,36,0,8,8,0,8,8,8,FULL:8,FULL,0,0,0,0,0,0,0,1,1,1,1,1,1,1,False,False,True
engine_dp:0:step:37,engine_core_dp_step,0,32000x1000_b16,pure_decode,tp4dp2moetp1ep8,37,37,0,8,8,0,8,8,8,FULL:8,FULL,37,37,0,8,8,0,8,8,8,FULL:8,FULL,0,0,0,0,0,0,0,1,1,1,1,1,1,1,False,False,True
engine_dp:0:step:38,engine_core_dp_step,0,32000x1000_b16,pure_decode,tp4dp2moetp1ep8,38,38,0,8,8,0,8,8,8,FULL:8,FULL,38,38,0,8,8,0,8,8,8,FULL:8,FULL,0,0,0,0,0,0,0,1,1,1,1,1,1,1,False,False,True
engine_dp:0:step:39,engine_core_dp_step,0,32000x1000_b16,pure_decode,tp4dp2moetp1ep8,39,39,0,8,8,0,8,8,8,FULL:8,FULL,39,39,0,8,8,0,8,8,8,FULL:8,FULL,0,0,0,0,0,0,0,1,1,1,1,1,1,1,False,False,True
engine_dp:0:step:40,engine_core_dp_step,0,32000x1000_b16,pure_decode,tp4dp2moetp1ep8,40,40,0,8,8,0,8,8,8,FULL:8,FULL,40,40,0,8,8,0,8,8,8,FULL:8,FULL,0,0,0,0,0,0,0,1,1,1,1,1,1,1,False,False,True
engine_dp:0:step:41,engine_core_dp_step,0,32000x1000_b16,pure_decode,tp4dp2moetp1ep8,41,41,0,8,8,0,8,8,8,FULL:8,FULL,41,41,0,8,8,0,8,8,8,FULL:8,FULL,0,0,0,0,0,0,0,1,1,1,1,1,1,1,False,False,True
engine_dp:0:step:42,engine_core_dp_step,0,32000x1000_b16,pure_decode,tp4dp2moetp1ep8,42,42,0,8,8,0,8,8,8,FULL:8,FULL,42,42,0,8,8,0,8,8,8,FULL:8,FULL,0,0,0,0,0,0,0,1,1,1,1,1,1,1,False,False,True
engine_dp:0:step:43,engine_core_dp_step,0,32000x1000_b16,pure_decode,tp4dp2moetp1ep8,43,43,0,8,8,0,8,8,8,FULL:8,FULL,43,43,0,8,8,0,8,8,8,FULL:8,FULL,0,0,0,0,0,0,0,1,1,1,1,1,1,1,False,False,True
engine_dp:0:step:44,engine_core_dp_step,0,32000x1000_b16,pure_decode,tp4dp2moetp1ep8,44,44,0,8,8,0,8,8,8,FULL:8,FULL,44,44,0,8,8,0,8,8,8,FULL:8,FULL,0,0,0,0,0,0,0,1,1,1,1,1,1,1,False,False,True
engine_dp:0:step:45,engine_core_dp_step,0,32000x1000_b16,pure_decode,tp4dp2moetp1ep8,45,45,0,8,8,0,8,8,8,FULL:8,FULL,45,45,0,8,8,0,8,8,8,FULL:8,FULL,0,0,0,0,0,0,0,1,1,1,1,1,1,1,False,False,True
engine_dp:0:step:46,engine_core_dp_step,0,32000x1000_b16,pure_decode,tp4dp2moetp1ep8,46,46,0,8,8,0,8,8,8,FULL:8,FULL,46,46,0,8,8,0,8,8,8,FULL:8,FULL,0,0,0,0,0,0,0,1,1,1,1,1,1,1,False,False,True
engine_dp:0:step:47,engine_core_dp_step,0,32000x1000_b16,pure_decode,tp4dp2moetp1ep8,47,47,0,8,8,0,8,8,8,FULL:8,FULL,47,47,0,8,8,0,8,8,8,FULL:8,FULL,0,0,0,0,0,0,0,1,1,1,1,1,1,1,False,False,True
engine_dp:0:step:48,engine_core_dp_step,0,32000x1000_b16,pure_decode,tp4dp2moetp1ep8,48,48,0,8,8,0,8,8,8,FULL:8,FULL,48,48,0,8,8,0,8,8,8,FULL:8,FULL,0,0,0,0,0,0,0,1,1,1,1,1,1,1,False,False,True
engine_dp:0:step:49,engine_core_dp_step,0,32000x1000_b16,pure_decode,tp4dp2moetp1ep8,49,49,0,8,8,0,8,8,8,FULL:8,FULL,49,49,0,8,8,0,8,8,8,FULL:8,FULL,0,0,0,0,0,0,0,1,1,1,1,1,1,1,False,False,True
engine_dp:0:step:50,engine_core_dp_step,0,32000x1000_b16,pure_decode,tp4dp2moetp1ep8,50,50,0,8,8,0,8,8,8,FULL:8,FULL,50,50,0,8,8,0,8,8,8,FULL:8,FULL,0,0,0,0,0,0,0,1,1,1,1,1,1,1,False,False,True
engine_dp:0:step:51,engine_core_dp_step,0,32000x1000_b16,pure_decode,tp4dp2moetp1ep8,51,51,0,8,8,0,8,8,8,FULL:8,FULL,51,51,0,8,8,0,8,8,8,FULL:8,FULL,0,0,0,0,0,0,0,1,1,1,1,1,1,1,False,False,True
engine_dp:0:step:52,engine_core_dp_step,0,32000x1000_b16,pure_decode,tp4dp2moetp1ep8,52,52,0,8,8,0,8,8,8,FULL:8,FULL,52,52,0,8,8,0,8,8,8,FULL:8,FULL,0,0,0,0,0,0,0,1,1,1,1,1,1,1,False,False,True
engine_dp:0:step:53,engine_core_dp_step,0,32000x1000_b16,pure_decode,tp4dp2moetp1ep8,53,53,0,8,8,0,8,8,8,FULL:8,FULL,53,53,0,8,8,0,8,8,8,FULL:8,FULL,0,0,0,0,0,0,0,1,1,1,1,1,1,1,False,False,True
engine_dp:0:step:54,engine_core_dp_step,0,32000x1000_b16,pure_decode,tp4dp2moetp1ep8,54,54,0,8,8,0,8,8,8,FULL:8,FULL,54,54,0,8,8,0,8,8,8,FULL:8,FULL,0,0,0,0,0,0,0,1,1,1,1,1,1,1,False,False,True
engine_dp:0:step:55,engine_core_dp_step,0,32000x1000_b16,pure_decode,tp4dp2moetp1ep8,55,55,0,8,8,0,8,8,8,FULL:8,FULL,55,55,0,8,8,0,8,8,8,FULL:8,FULL,0,0,0,0,0,0,0,1,1,1,1,1,1,1,False,False,True
engine_dp:0:step:56,engine_core_dp_step,0,32000x1000_b16,pure_decode,tp4dp2moetp1ep8,56,56,0,8,8,0,8,8,8,FULL:8,FULL,56,56,0,8,8,0,8,8,8,FULL:8,FULL,0,0,0,0,0,0,0,1,1,1,1,1,1,1,False,False,True
engine_dp:0:step:57,engine_core_dp_step,0,32000x1000_b16,pure_decode,tp4dp2moetp1ep8,57,57,0,8,8,0,8,8,8,FULL:8,FULL,57,57,0,8,8,0,8,8,8,FULL:8,FULL,0,0,0,0,0,0,0,1,1,1,1,1,1,1,False,False,True
engine_dp:0:step:58,engine_core_dp_step,0,32000x1000_b16,pure_decode,tp4dp2moetp1ep8,58,58,0,8,8,0,8,8,8,FULL:8,FULL,58,58,0,8,8,0,8,8,8,FULL:8,FULL,0,0,0,0,0,0,0,1,1,1,1,1,1,1,False,False,True
engine_dp:0:step:59,engine_core_dp_step,0,32000x1000_b16,pure_decode,tp4dp2moetp1ep8,59,59,0,8,8,0,8,8,8,FULL:8,FULL,59,59,0,8,8,0,8,8,8,FULL:8,FULL,0,0,0,0,0,0,0,1,1,1,1,1,1,1,False,False,True
engine_dp:0:step:60,engine_core_dp_step,0,32000x1000_b16,pure_decode,tp4dp2moetp1ep8,60,60,0,8,8,0,8,8,8,FULL:8,FULL,60,60,0,8,8,0,8,8,8,FULL:8,FULL,0,0,0,0,0,0,0,1,1,1,1,1,1,1,False,False,True
engine_dp:0:step:61,engine_core_dp_step,0,32000x1000_b16,pure_decode,tp4dp2moetp1ep8,61,61,0,8,8,0,8,8,8,FULL:8,FULL,61,61,0,8,8,0,8,8,8,FULL:8,FULL,0,0,0,0,0,0,0,1,1,1,1,1,1,1,False,False,True
engine_dp:0:step:62,engine_core_dp_step,0,32000x1000_b16,pure_decode,tp4dp2moetp1ep8,62,62,0,8,8,0,8,8,8,FULL:8,FULL,62,62,0,8,8,0,8,8,8,FULL:8,FULL,0,0,0,0,0,0,0,1,1,1,1,1,1,1,False,False,True
engine_dp:0:step:63,engine_core_dp_step,0,32000x1000_b16,pure_decode,tp4dp2moetp1ep8,63,63,0,8,8,0,8,8,8,FULL:8,FULL,63,63,0,8,8,0,8,8,8,FULL:8,FULL,0,0,0,0,0,0,0,1,1,1,1,1,1,1,False,False,True
engine_dp:0:step:64,engine_core_dp_step,0,32000x1000_b16,pure_decode,tp4dp2moetp1ep8,64,64,0,8,8,0,8,8,8,FULL:8,FULL,64,64,0,8,8,0,8,8,8,FULL:8,FULL,0,0,0,0,0,0,0,1,1,1,1,1,1,1,False,False,True
engine_dp:0:step:65,engine_core_dp_step,0,32000x1000_b16,pure_decode,tp4dp2moetp1ep8,65,65,0,8,8,0,8,8,8,FULL:8,FULL,65,65,0,8,8,0,8,8,8,FULL:8,FULL,0,0,0,0,0,0,0,1,1,1,1,1,1,1,False,False,True
engine_dp:0:step:66,engine_core_dp_step,0,32000x1000_b16,pure_decode,tp4dp2moetp1ep8,66,66,0,8,8,0,8,8,8,FULL:8,FULL,66,66,0,8,8,0,8,8,8,FULL:8,FULL,0,0,0,0,0,0,0,1,1,1,1,1,1,1,False,False,True
engine_dp:0:step:67,engine_core_dp_step,0,32000x1000_b16,pure_decode,tp4dp2moetp1ep8,67,67,0,8,8,0,8,8,8,FULL:8,FULL,67,67,0,8,8,0,8,8,8,FULL:8,FULL,0,0,0,0,0,0,0,1,1,1,1,1,1,1,False,False,True
engine_dp:0:step:68,engine_core_dp_step,0,32000x1000_b16,pure_decode,tp4dp2moetp1ep8,68,68,0,8,8,0,8,8,8,FULL:8,FULL,68,68,0,8,8,0,8,8,8,FULL:8,FULL,0,0,0,0,0,0,0,1,1,1,1,1,1,1,False,False,True
engine_dp:0:step:69,engine_core_dp_step,0,32000x1000_b16,pure_decode,tp4dp2moetp1ep8,69,69,0,8,8,0,8,8,8,FULL:8,FULL,69,69,0,8,8,0,8,8,8,FULL:8,FULL,0,0,0,0,0,0,0,1,1,1,1,1,1,1,False,False,True
engine_dp:0:step:70,engine_core_dp_step,0,32000x1000_b16,pure_decode,tp4dp2moetp1ep8,70,70,0,8,8,0,8,8,8,FULL:8,FULL,70,70,0,8,8,0,8,8,8,FULL:8,FULL,0,0,0,0,0,0,0,1,1,1,1,1,1,1,False,False,True
engine_dp:0:step:71,engine_core_dp_step,0,32000x1000_b16,pure_decode,tp4dp2moetp1ep8,71,71,0,8,8,0,8,8,8,FULL:8,FULL,71,71,0,8,8,0,8,8,8,FULL:8,FULL,0,0,0,0,0,0,0,1,1,1,1,1,1,1,False,False,True
engine_dp:0:step:72,engine_core_dp_step,0,32000x1000_b16,pure_decode,tp4dp2moetp1ep8,72,72,0,8,8,0,8,8,8,FULL:8,FULL,72,72,0,8,8,0,8,8,8,FULL:8,FULL,0,0,0,0,0,0,0,1,1,1,1,1,1,1,False,False,True
engine_dp:0:step:73,engine_core_dp_step,0,32000x1000_b16,pure_decode,tp4dp2moetp1ep8,73,73,0,8,8,0,8,8,8,FULL:8,FULL,73,73,0,8,8,0,8,8,8,FULL:8,FULL,0,0,0,0,0,0,0,1,1,1,1,1,1,1,False,False,True
engine_dp:0:step:74,engine_core_dp_step,0,32000x1000_b16,pure_decode,tp4dp2moetp1ep8,74,74,0,8,8,0,8,8,8,FULL:8,FULL,74,74,0,8,8,0,8,8,8,FULL:8,FULL,0,0,0,0,0,0,0,1,1,1,1,1,1,1,False,False,True
engine_dp:0:step:75,engine_core_dp_step,0,32000x1000_b16,pure_decode,tp4dp2moetp1ep8,75,75,0,8,8,0,8,8,8,FULL:8,FULL,75,75,0,8,8,0,8,8,8,FULL:8,FULL,0,0,0,0,0,0,0,1,1,1,1,1,1,1,False,False,True
engine_dp:0:step:76,engine_core_dp_step,0,32000x1000_b16,pure_decode,tp4dp2moetp1ep8,76,76,0,8,8,0,8,8,8,FULL:8,FULL,76,76,0,8,8,0,8,8,8,FULL:8,FULL,0,0,0,0,0,0,0,1,1,1,1,1,1,1,False,False,True
engine_dp:0:step:77,engine_core_dp_step,0,32000x1000_b16,pure_decode,tp4dp2moetp1ep8,77,77,0,8,8,0,8,8,8,FULL:8,FULL,77,77,0,8,8,0,8,8,8,FULL:8,FULL,0,0,0,0,0,0,0,1,1,1,1,1,1,1,False,False,True
engine_dp:0:step:78,engine_core_dp_step,0,32000x1000_b16,pure_decode,tp4dp2moetp1ep8,78,78,0,8,8,0,8,8,8,FULL:8,FULL,78,78,0,8,8,0,8,8,8,FULL:8,FULL,0,0,0,0,0,0,0,1,1,1,1,1,1,1,False,False,True
engine_dp:0:step:79,engine_core_dp_step,0,32000x1000_b16,pure_decode,tp4dp2moetp1ep8,79,79,0,8,8,0,8,8,8,FULL:8,FULL,79,79,0,8,8,0,8,8,8,FULL:8,FULL,0,0,0,0,0,0,0,1,1,1,1,1,1,1,False,False,True
engine_dp:0:step:80,engine_core_dp_step,0,32000x1000_b16,pure_decode,tp4dp2moetp1ep8,80,80,0,8,8,0,8,8,8,FULL:8,FULL,80,80,0,8,8,0,8,8,8,FULL:8,FULL,0,0,0,0,0,0,0,1,1,1,1,1,1,1,False,False,True
engine_dp:0:step:81,engine_core_dp_step,0,32000x1000_b16,pure_decode,tp4dp2moetp1ep8,81,81,0,8,8,0,8,8,8,FULL:8,FULL,81,81,0,8,8,0,8,8,8,FULL:8,FULL,0,0,0,0,0,0,0,1,1,1,1,1,1,1,False,False,True
engine_dp:0:step:82,engine_core_dp_step,0,32000x1000_b16,pure_decode,tp4dp2moetp1ep8,82,82,0,8,8,0,8,8,8,FULL:8,FULL,82,82,0,8,8,0,8,8,8,FULL:8,FULL,0,0,0,0,0,0,0,1,1,1,1,1,1,1,False,False,True
engine_dp:0:step:83,engine_core_dp_step,0,32000x1000_b16,pure_decode,tp4dp2moetp1ep8,83,83,0,8,8,0,8,8,8,FULL:8,FULL,83,83,0,8,8,0,8,8,8,FULL:8,FULL,0,0,0,0,0,0,0,1,1,1,1,1,1,1,False,False,True
engine_dp:0:step:84,engine_core_dp_step,0,32000x1000_b16,pure_decode,tp4dp2moetp1ep8,84,84,0,8,8,0,8,8,8,FULL:8,FULL,84,84,0,8,8,0,8,8,8,FULL:8,FULL,0,0,0,0,0,0,0,1,1,1,1,1,1,1,False,False,True
engine_dp:0:step:85,engine_core_dp_step,0,32000x1000_b16,pure_decode,tp4dp2moetp1ep8,85,85,0,8,8,0,8,8,8,FULL:8,FULL,85,85,0,8,8,0,8,8,8,FULL:8,FULL,0,0,0,0,0,0,0,1,1,1,1,1,1,1,False,False,True
engine_dp:0:step:86,engine_core_dp_step,0,32000x1000_b16,pure_decode,tp4dp2moetp1ep8,86,86,0,8,8,0,8,8,8,FULL:8,FULL,86,86,0,8,8,0,8,8,8,FULL:8,FULL,0,0,0,0,0,0,0,1,1,1,1,1,1,1,False,False,True
engine_dp:0:step:87,engine_core_dp_step,0,32000x1000_b16,pure_decode,tp4dp2moetp1ep8,87,87,0,8,8,0,8,8,8,FULL:8,FULL,87,87,0,8,8,0,8,8,8,FULL:8,FULL,0,0,0,0,0,0,0,1,1,1,1,1,1,1,False,False,True
engine_dp:0:step:88,engine_core_dp_step,0,32000x1000_b16,pure_decode,tp4dp2moetp1ep8,88,88,0,8,8,0,8,8,8,FULL:8,FULL,88,88,0,8,8,0,8,8,8,FULL:8,FULL,0,0,0,0,0,0,0,1,1,1,1,1,1,1,False,False,True
engine_dp:0:step:89,engine_core_dp_step,0,32000x1000_b16,pure_decode,tp4dp2moetp1ep8,89,89,0,8,8,0,8,8,8,FULL:8,FULL,89,89,0,8,8,0,8,8,8,FULL:8,FULL,0,0,0,0,0,0,0,1,1,1,1,1,1,1,False,False,True
engine_dp:0:step:90,engine_core_dp_step,0,32000x1000_b16,pure_decode,tp4dp2moetp1ep8,90,90,0,8,8,0,8,8,8,FULL:8,FULL,90,90,0,8,8,0,8,8,8,FULL:8,FULL,0,0,0,0,0,0,0,1,1,1,1,1,1,1,False,False,True
engine_dp:0:step:91,engine_core_dp_step,0,32000x1000_b16,pure_decode,tp4dp2moetp1ep8,91,91,0,8,8,0,8,8,8,FULL:8,FULL,91,91,0,8,8,0,8,8,8,FULL:8,FULL,0,0,0,0,0,0,0,1,1,1,1,1,1,1,False,False,True
engine_dp:0:step:92,engine_core_dp_step,0,32000x1000_b16,pure_decode,tp4dp2moetp1ep8,92,92,0,8,8,0,8,8,8,FULL:8,FULL,92,92,0,8,8,0,8,8,8,FULL:8,FULL,0,0,0,0,0,0,0,1,1,1,1,1,1,1,False,False,True
engine_dp:0:step:93,engine_core_dp_step,0,32000x1000_b16,pure_decode,tp4dp2moetp1ep8,93,93,0,8,8,0,8,8,8,FULL:8,FULL,93,93,0,8,8,0,8,8,8,FULL:8,FULL,0,0,0,0,0,0,0,1,1,1,1,1,1,1,False,False,True
engine_dp:0:step:94,engine_core_dp_step,0,32000x1000_b16,pure_decode,tp4dp2moetp1ep8,94,94,0,8,8,0,8,8,8,FULL:8,FULL,94,94,0,8,8,0,8,8,8,FULL:8,FULL,0,0,0,0,0,0,0,1,1,1,1,1,1,1,False,False,True
engine_dp:0:step:95,engine_core_dp_step,0,32000x1000_b16,pure_decode,tp4dp2moetp1ep8,95,95,0,8,8,0,8,8,8,FULL:8,FULL,95,95,0,8,8,0,8,8,8,FULL:8,FULL,0,0,0,0,0,0,0,1,1,1,1,1,1,1,False,False,True
engine_dp:0:step:96,engine_core_dp_step,0,32000x1000_b16,pure_decode,tp4dp2moetp1ep8,96,96,0,8,8,0,8,8,8,FULL:8,FULL,96,96,0,8,8,0,8,8,8,FULL:8,FULL,0,0,0,0,0,0,0,1,1,1,1,1,1,1,False,False,True
engine_dp:0:step:97,engine_core_dp_step,0,32000x1000_b16,pure_decode,tp4dp2moetp1ep8,97,97,0,8,8,0,8,8,8,FULL:8,FULL,97,97,0,8,8,0,8,8,8,FULL:8,FULL,0,0,0,0,0,0,0,1,1,1,1,1,1,1,False,False,True
engine_dp:0:step:98,engine_core_dp_step,0,32000x1000_b16,pure_decode,tp4dp2moetp1ep8,98,98,0,8,8,0,8,8,8,FULL:8,FULL,98,98,0,8,8,0,8,8,8,FULL:8,FULL,0,0,0,0,0,0,0,1,1,1,1,1,1,1,False,False,True
engine_dp:0:step:99,engine_core_dp_step,0,32000x1000_b16,pure_decode,tp4dp2moetp1ep8,99,99,0,8,8,0,8,8,8,FULL:8,FULL,99,99,0,8,8,0,8,8,8,FULL:8,FULL,0,0,0,0,0,0,0,1,1,1,1,1,1,1,False,False,True
engine_dp:0:step:100,engine_core_dp_step,0,32000x1000_b16,pure_decode,tp4dp2moetp1ep8,100,100,0,8,8,0,8,8,8,FULL:8,FULL,100,100,0,8,8,0,8,8,8,FULL:8,FULL,0,0,0,0,0,0,0,1,1,1,1,1,1,1,False,False,True
engine_dp:0:step:101,engine_core_dp_step,0,32000x1000_b16,pure_decode,tp4dp2moetp1ep8,101,101,0,8,8,0,8,8,8,FULL:8,FULL,101,101,0,8,8,0,8,8,8,FULL:8,FULL,0,0,0,0,0,0,0,1,1,1,1,1,1,1,False,False,True
engine_dp:0:step:102,engine_core_dp_step,0,32000x1000_b16,pure_decode,tp4dp2moetp1ep8,102,102,0,8,8,0,8,8,8,FULL:8,FULL,102,102,0,8,8,0,8,8,8,FULL:8,FULL,0,0,0,0,0,0,0,1,1,1,1,1,1,1,False,False,True
engine_dp:0:step:103,engine_core_dp_step,0,32000x1000_b16,pure_decode,tp4dp2moetp1ep8,103,103,0,8,8,0,8,8,8,FULL:8,FULL,103,103,0,8,8,0,8,8,8,FULL:8,FULL,0,0,0,0,0,0,0,1,1,1,1,1,1,1,False,False,True
engine_dp:0:step:104,engine_core_dp_step,0,32000x1000_b16,pure_decode,tp4dp2moetp1ep8,104,104,0,8,8,0,8,8,8,FULL:8,FULL,104,104,0,8,8,0,8,8,8,FULL:8,FULL,0,0,0,0,0,0,0,1,1,1,1,1,1,1,False,False,True
engine_dp:0:step:105,engine_core_dp_step,0,32000x1000_b16,pure_decode,tp4dp2moetp1ep8,105,105,0,8,8,0,8,8,8,FULL:8,FULL,105,105,0,8,8,0,8,8,8,FULL:8,FULL,0,0,0,0,0,0,0,1,1,1,1,1,1,1,False,False,True
engine_dp:0:step:106,engine_core_dp_step,0,32000x1000_b16,pure_decode,tp4dp2moetp1ep8,106,106,0,8,8,0,8,8,8,FULL:8,FULL,106,106,0,8,8,0,8,8,8,FULL:8,FULL,0,0,0,0,0,0,0,1,1,1,1,1,1,1,False,False,True
engine_dp:0:step:107,engine_core_dp_step,0,32000x1000_b16,pure_decode,tp4dp2moetp1ep8,107,107,0,8,8,0,8,8,8,FULL:8,FULL,107,107,0,8,8,0,8,8,8,FULL:8,FULL,0,0,0,0,0,0,0,1,1,1,1,1,1,1,False,False,True
engine_dp:0:step:108,engine_core_dp_step,0,32000x1000_b16,pure_decode,tp4dp2moetp1ep8,108,108,0,8,8,0,8,8,8,FULL:8,FULL,108,108,0,8,8,0,8,8,8,FULL:8,FULL,0,0,0,0,0,0,0,1,1,1,1,1,1,1,False,False,True
engine_dp:0:step:109,engine_core_dp_step,0,32000x1000_b16,pure_decode,tp4dp2moetp1ep8,109,109,0,8,8,0,8,8,8,FULL:8,FULL,109,109,0,8,8,0,8,8,8,FULL:8,FULL,0,0,0,0,0,0,0,1,1,1,1,1,1,1,False,False,True
engine_dp:0:step:110,engine_core_dp_step,0,32000x1000_b16,pure_decode,tp4dp2moetp1ep8,110,110,0,8,8,0,8,8,8,FULL:8,FULL,110,110,0,8,8,0,8,8,8,FULL:8,FULL,0,0,0,0,0,0,0,1,1,1,1,1,1,1,False,False,True
engine_dp:0:step:111,engine_core_dp_step,0,32000x1000_b16,pure_decode,tp4dp2moetp1ep8,111,111,0,8,8,0,8,8,8,FULL:8,FULL,111,111,0,8,8,0,8,8,8,FULL:8,FULL,0,0,0,0,0,0,0,1,1,1,1,1,1,1,False,False,True
engine_dp:0:step:112,engine_core_dp_step,0,32000x1000_b16,pure_decode,tp4dp2moetp1ep8,112,112,0,8,8,0,8,8,8,FULL:8,FULL,112,112,0,8,8,0,8,8,8,FULL:8,FULL,0,0,0,0,0,0,0,1,1,1,1,1,1,1,False,False,True
engine_dp:0:step:113,engine_core_dp_step,0,32000x1000_b16,pure_decode,tp4dp2moetp1ep8,113,113,0,8,8,0,8,8,8,FULL:8,FULL,113,113,0,8,8,0,8,8,8,FULL:8,FULL,0,0,0,0,0,0,0,1,1,1,1,1,1,1,False,False,True
engine_dp:0:step:114,engine_core_dp_step,0,32000x1000_b16,pure_decode,tp4dp2moetp1ep8,114,114,0,8,8,0,8,8,8,FULL:8,FULL,114,114,0,8,8,0,8,8,8,FULL:8,FULL,0,0,0,0,0,0,0,1,1,1,1,1,1,1,False,False,True
engine_dp:0:step:115,engine_core_dp_step,0,32000x1000_b16,pure_decode,tp4dp2moetp1ep8,115,115,0,8,8,0,8,8,8,FULL:8,FULL,115,115,0,8,8,0,8,8,8,FULL:8,FULL,0,0,0,0,0,0,0,1,1,1,1,1,1,1,False,False,True
engine_dp:0:step:116,engine_core_dp_step,0,32000x1000_b16,pure_decode,tp4dp2moetp1ep8,116,116,0,8,8,0,8,8,8,FULL:8,FULL,116,116,0,8,8,0,8,8,8,FULL:8,FULL,0,0,0,0,0,0,0,1,1,1,1,1,1,1,False,False,True
engine_dp:0:step:117,engine_core_dp_step,0,32000x1000_b16,pure_decode,tp4dp2moetp1ep8,117,117,0,8,8,0,8,8,8,FULL:8,FULL,117,117,0,8,8,0,8,8,8,FULL:8,FULL,0,0,0,0,0,0,0,1,1,1,1,1,1,1,False,False,True
engine_dp:0:step:118,engine_core_dp_step,0,32000x1000_b16,pure_decode,tp4dp2moetp1ep8,118,118,0,8,8,0,8,8,8,FULL:8,FULL,118,118,0,8,8,0,8,8,8,FULL:8,FULL,0,0,0,0,0,0,0,1,1,1,1,1,1,1,False,False,True
engine_dp:0:step:119,engine_core_dp_step,0,32000x1000_b16,pure_decode,tp4dp2moetp1ep8,119,119,0,8,8,0,8,8,8,FULL:8,FULL,119,119,0,8,8,0,8,8,8,FULL:8,FULL,0,0,0,0,0,0,0,1,1,1,1,1,1,1,False,False,True
engine_dp:0:step:120,engine_core_dp_step,0,32000x1000_b16,pure_decode,tp4dp2moetp1ep8,120,120,0,8,8,0,8,8,8,FULL:8,FULL,120,120,0,8,8,0,8,8,8,FULL:8,FULL,0,0,0,0,0,0,0,1,1,1,1,1,1,1,False,False,True
engine_dp:0:step:121,engine_core_dp_step,0,32000x1000_b16,pure_decode,tp4dp2moetp1ep8,121,121,0,8,8,0,8,8,8,FULL:8,FULL,121,121,0,8,8,0,8,8,8,FULL:8,FULL,0,0,0,0,0,0,0,1,1,1,1,1,1,1,False,False,True
engine_dp:0:step:122,engine_core_dp_step,0,32000x1000_b16,pure_decode,tp4dp2moetp1ep8,122,122,0,8,8,0,8,8,8,FULL:8,FULL,122,122,0,8,8,0,8,8,8,FULL:8,FULL,0,0,0,0,0,0,0,1,1,1,1,1,1,1,False,False,True
engine_dp:0:step:123,engine_core_dp_step,0,32000x1000_b16,pure_decode,tp4dp2moetp1ep8,123,123,0,8,8,0,8,8,8,FULL:8,FULL,123,123,0,8,8,0,8,8,8,FULL:8,FULL,0,0,0,0,0,0,0,1,1,1,1,1,1,1,False,False,True
engine_dp:0:step:124,engine_core_dp_step,0,32000x1000_b16,pure_decode,tp4dp2moetp1ep8,124,124,0,8,8,0,8,8,8,FULL:8,FULL,124,124,0,8,8,0,8,8,8,FULL:8,FULL,0,0,0,0,0,0,0,1,1,1,1,1,1,1,False,False,True
engine_dp:0:step:125,engine_core_dp_step,0,32000x1000_b16,pure_decode,tp4dp2moetp1ep8,125,125,0,8,8,0,8,8,8,FULL:8,FULL,125,125,0,8,8,0,8,8,8,FULL:8,FULL,0,0,0,0,0,0,0,1,1,1,1,1,1,1,False,False,True
engine_dp:0:step:126,engine_core_dp_step,0,32000x1000_b16,pure_decode,tp4dp2moetp1ep8,126,126,0,8,8,0,8,8,8,FULL:8,FULL,126,126,0,8,8,0,8,8,8,FULL:8,FULL,0,0,0,0,0,0,0,1,1,1,1,1,1,1,False,False,True
engine_dp:0:step:127,engine_core_dp_step,0,32000x1000_b16,pure_decode,tp4dp2moetp1ep8,127,127,0,8,8,0,8,8,8,FULL:8,FULL,127,127,0,8,8,0,8,8,8,FULL:8,FULL,0,0,0,0,0,0,0,1,1,1,1,1,1,1,False,False,True
engine_dp:0:step:128,engine_core_dp_step,0,32000x1000_b16,pure_decode,tp4dp2moetp1ep8,128,128,0,8,8,0,8,8,8,FULL:8,FULL,128,128,0,8,8,0,8,8,8,FULL:8,FULL,0,0,0,0,0,0,0,1,1,1,1,1,1,1,False,False,True
engine_dp:0:step:129,engine_core_dp_step,0,32000x1000_b16,pure_decode,tp4dp2moetp1ep8,129,129,0,8,8,0,8,8,8,FULL:8,FULL,129,129,0,8,8,0,8,8,8,FULL:8,FULL,0,0,0,0,0,0,0,1,1,1,1,1,1,1,False,False,True
engine_dp:0:step:130,engine_core_dp_step,0,32000x1000_b16,pure_decode,tp4dp2moetp1ep8,130,130,0,8,8,0,8,8,8,FULL:8,FULL,130,130,0,8,8,0,8,8,8,FULL:8,FULL,0,0,0,0,0,0,0,1,1,1,1,1,1,1,False,False,True
engine_dp:0:step:131,engine_core_dp_step,0,32000x1000_b16,pure_decode,tp4dp2moetp1ep8,131,131,0,8,8,0,8,8,8,FULL:8,FULL,131,131,0,8,8,0,8,8,8,FULL:8,FULL,0,0,0,0,0,0,0,1,1,1,1,1,1,1,False,False,True
engine_dp:0:step:132,engine_core_dp_step,0,32000x1000_b16,pure_decode,tp4dp2moetp1ep8,132,132,0,8,8,0,8,8,8,FULL:8,FULL,132,132,0,8,8,0,8,8,8,FULL:8,FULL,0,0,0,0,0,0,0,1,1,1,1,1,1,1,False,False,True
engine_dp:0:step:133,engine_core_dp_step,0,32000x1000_b16,pure_decode,tp4dp2moetp1ep8,133,133,0,8,8,0,8,8,8,FULL:8,FULL,133,133,0,8,8,0,8,8,8,FULL:8,FULL,0,0,0,0,0,0,0,1,1,1,1,1,1,1,False,False,True
engine_dp:0:step:134,engine_core_dp_step,0,32000x1000_b16,pure_decode,tp4dp2moetp1ep8,134,134,0,8,8,0,8,8,8,FULL:8,FULL,134,134,0,8,8,0,8,8,8,FULL:8,FULL,0,0,0,0,0,0,0,1,1,1,1,1,1,1,False,False,True
engine_dp:0:step:135,engine_core_dp_step,0,32000x1000_b16,pure_decode,tp4dp2moetp1ep8,135,135,0,8,8,0,8,8,8,FULL:8,FULL,135,135,0,8,8,0,8,8,8,FULL:8,FULL,0,0,0,0,0,0,0,1,1,1,1,1,1,1,False,False,True
engine_dp:0:step:136,engine_core_dp_step,0,32000x1000_b16,pure_decode,tp4dp2moetp1ep8,136,136,0,8,8,0,8,8,8,FULL:8,FULL,136,136,0,8,8,0,8,8,8,FULL:8,FULL,0,0,0,0,0,0,0,1,1,1,1,1,1,1,False,False,True
engine_dp:0:step:137,engine_core_dp_step,0,32000x1000_b16,pure_decode,tp4dp2moetp1ep8,137,137,0,8,8,0,8,8,8,FULL:8,FULL,137,137,0,8,8,0,8,8,8,FULL:8,FULL,0,0,0,0,0,0,0,1,1,1,1,1,1,1,False,False,True
engine_dp:0:step:138,engine_core_dp_step,0,32000x1000_b16,pure_decode,tp4dp2moetp1ep8,138,138,0,8,8,0,8,8,8,FULL:8,FULL,138,138,0,8,8,0,8,8,8,FULL:8,FULL,0,0,0,0,0,0,0,1,1,1,1,1,1,1,False,False,True
engine_dp:0:step:139,engine_core_dp_step,0,32000x1000_b16,pure_decode,tp4dp2moetp1ep8,139,139,0,8,8,0,8,8,8,FULL:8,FULL,139,139,0,8,8,0,8,8,8,FULL:8,FULL,0,0,0,0,0,0,0,1,1,1,1,1,1,1,False,False,True
engine_dp:0:step:140,engine_core_dp_step,0,32000x1000_b16,pure_decode,tp4dp2moetp1ep8,140,140,0,8,8,0,8,8,8,FULL:8,FULL,140,140,0,8,8,0,8,8,8,FULL:8,FULL,0,0,0,0,0,0,0,1,1,1,1,1,1,1,False,False,True
engine_dp:0:step:141,engine_core_dp_step,0,32000x1000_b16,pure_decode,tp4dp2moetp1ep8,141,141,0,8,8,0,8,8,8,FULL:8,FULL,141,141,0,8,8,0,8,8,8,FULL:8,FULL,0,0,0,0,0,0,0,1,1,1,1,1,1,1,False,False,True
engine_dp:0:step:142,engine_core_dp_step,0,32000x1000_b16,pure_decode,tp4dp2moetp1ep8,142,142,0,8,8,0,8,8,8,FULL:8,FULL,142,142,0,8,8,0,8,8,8,FULL:8,FULL,0,0,0,0,0,0,0,1,1,1,1,1,1,1,False,False,True
engine_dp:0:step:143,engine_core_dp_step,0,32000x1000_b16,pure_decode,tp4dp2moetp1ep8,143,143,0,8,8,0,8,8,8,FULL:8,FULL,143,143,0,8,8,0,8,8,8,FULL:8,FULL,0,0,0,0,0,0,0,1,1,1,1,1,1,1,False,False,True
engine_dp:0:step:144,engine_core_dp_step,0,32000x1000_b16,pure_decode,tp4dp2moetp1ep8,144,144,0,8,8,0,8,8,8,FULL:8,FULL,144,144,0,8,8,0,8,8,8,FULL:8,FULL,0,0,0,0,0,0,0,1,1,1,1,1,1,1,False,False,True
engine_dp:0:step:145,engine_core_dp_step,0,32000x1000_b16,pure_decode,tp4dp2moetp1ep8,145,145,0,8,8,0,8,8,8,FULL:8,FULL,145,145,0,8,8,0,8,8,8,FULL:8,FULL,0,0,0,0,0,0,0,1,1,1,1,1,1,1,False,False,True
engine_dp:0:step:146,engine_core_dp_step,0,32000x1000_b16,pure_decode,tp4dp2moetp1ep8,146,146,0,8,8,0,8,8,8,FULL:8,FULL,146,146,0,8,8,0,8,8,8,FULL:8,FULL,0,0,0,0,0,0,0,1,1,1,1,1,1,1,False,False,True
engine_dp:0:step:147,engine_core_dp_step,0,32000x1000_b16,pure_decode,tp4dp2moetp1ep8,147,147,0,8,8,0,8,8,8,FULL:8,FULL,147,147,0,8,8,0,8,8,8,FULL:8,FULL,0,0,0,0,0,0,0,1,1,1,1,1,1,1,False,False,True
engine_dp:0:step:148,engine_core_dp_step,0,32000x1000_b16,pure_decode,tp4dp2moetp1ep8,148,148,0,8,8,0,8,8,8,FULL:8,FULL,148,148,0,8,8,0,8,8,8,FULL:8,FULL,0,0,0,0,0,0,0,1,1,1,1,1,1,1,False,False,True
engine_dp:0:step:149,engine_core_dp_step,0,32000x1000_b16,pure_decode,tp4dp2moetp1ep8,149,149,0,8,8,0,8,8,8,FULL:8,FULL,149,149,0,8,8,0,8,8,8,FULL:8,FULL,0,0,0,0,0,0,0,1,1,1,1,1,1,1,False,False,True
engine_dp:0:step:150,engine_core_dp_step,0,32000x1000_b16,pure_decode,tp4dp2moetp1ep8,150,150,0,8,8,0,8,8,8,FULL:8,FULL,150,150,0,8,8,0,8,8,8,FULL:8,FULL,0,0,0,0,0,0,0,1,1,1,1,1,1,1,False,False,True
engine_dp:0:step:151,engine_core_dp_step,0,32000x1000_b16,pure_decode,tp4dp2moetp1ep8,151,151,0,8,8,0,8,8,8,FULL:8,FULL,151,151,0,8,8,0,8,8,8,FULL:8,FULL,0,0,0,0,0,0,0,1,1,1,1,1,1,1,False,False,True
engine_dp:0:step:152,engine_core_dp_step,0,32000x1000_b16,pure_decode,tp4dp2moetp1ep8,152,152,0,8,8,0,8,8,8,FULL:8,FULL,152,152,0,8,8,0,8,8,8,FULL:8,FULL,0,0,0,0,0,0,0,1,1,1,1,1,1,1,False,False,True
engine_dp:0:step:153,engine_core_dp_step,0,32000x1000_b16,pure_decode,tp4dp2moetp1ep8,153,153,0,8,8,0,8,8,8,FULL:8,FULL,153,153,0,8,8,0,8,8,8,FULL:8,FULL,0,0,0,0,0,0,0,1,1,1,1,1,1,1,False,False,True
engine_dp:0:step:154,engine_core_dp_step,0,32000x1000_b16,pure_decode,tp4dp2moetp1ep8,154,154,0,8,8,0,8,8,8,FULL:8,FULL,154,154,0,8,8,0,8,8,8,FULL:8,FULL,0,0,0,0,0,0,0,1,1,1,1,1,1,1,False,False,True
engine_dp:0:step:155,engine_core_dp_step,0,32000x1000_b16,pure_decode,tp4dp2moetp1ep8,155,155,0,8,8,0,8,8,8,FULL:8,FULL,155,155,0,8,8,0,8,8,8,FULL:8,FULL,0,0,0,0,0,0,0,1,1,1,1,1,1,1,False,False,True
engine_dp:0:step:156,engine_core_dp_step,0,32000x1000_b16,pure_decode,tp4dp2moetp1ep8,156,156,0,8,8,0,8,8,8,FULL:8,FULL,156,156,0,8,8,0,8,8,8,FULL:8,FULL,0,0,0,0,0,0,0,1,1,1,1,1,1,1,False,False,True
engine_dp:0:step:157,engine_core_dp_step,0,32000x1000_b16,pure_decode,tp4dp2moetp1ep8,157,157,0,8,8,0,8,8,8,FULL:8,FULL,157,157,0,8,8,0,8,8,8,FULL:8,FULL,0,0,0,0,0,0,0,1,1,1,1,1,1,1,False,False,True
engine_dp:0:step:158,engine_core_dp_step,0,32000x1000_b16,pure_decode,tp4dp2moetp1ep8,158,158,0,8,8,0,8,8,8,FULL:8,FULL,158,158,0,8,8,0,8,8,8,FULL:8,FULL,0,0,0,0,0,0,0,1,1,1,1,1,1,1,False,False,True
engine_dp:0:step:159,engine_core_dp_step,0,32000x1000_b16,pure_decode,tp4dp2moetp1ep8,159,159,0,8,8,0,8,8,8,FULL:8,FULL,159,159,0,8,8,0,8,8,8,FULL:8,FULL,0,0,0,0,0,0,0,1,1,1,1,1,1,1,False,False,True
engine_dp:0:step:160,engine_core_dp_step,0,32000x1000_b16,pure_decode,tp4dp2moetp1ep8,160,160,0,8,8,0,8,8,8,FULL:8,FULL,160,160,0,8,8,0,8,8,8,FULL:8,FULL,0,0,0,0,0,0,0,1,1,1,1,1,1,1,False,False,True
engine_dp:0:step:161,engine_core_dp_step,0,32000x1000_b16,pure_decode,tp4dp2moetp1ep8,161,161,0,8,8,0,8,8,8,FULL:8,FULL,161,161,0,8,8,0,8,8,8,FULL:8,FULL,0,0,0,0,0,0,0,1,1,1,1,1,1,1,False,False,True
engine_dp:0:step:162,engine_core_dp_step,0,32000x1000_b16,pure_decode,tp4dp2moetp1ep8,162,162,0,8,8,0,8,8,8,FULL:8,FULL,162,162,0,8,8,0,8,8,8,FULL:8,FULL,0,0,0,0,0,0,0,1,1,1,1,1,1,1,False,False,True
engine_dp:0:step:163,engine_core_dp_step,0,32000x1000_b16,pure_decode,tp4dp2moetp1ep8,163,163,0,8,8,0,8,8,8,FULL:8,FULL,163,163,0,8,8,0,8,8,8,FULL:8,FULL,0,0,0,0,0,0,0,1,1,1,1,1,1,1,False,False,True
engine_dp:0:step:164,engine_core_dp_step,0,32000x1000_b16,pure_decode,tp4dp2moetp1ep8,164,164,0,8,8,0,8,8,8,FULL:8,FULL,164,164,0,8,8,0,8,8,8,FULL:8,FULL,0,0,0,0,0,0,0,1,1,1,1,1,1,1,False,False,True
engine_dp:0:step:165,engine_core_dp_step,0,32000x1000_b16,pure_decode,tp4dp2moetp1ep8,165,165,0,8,8,0,8,8,8,FULL:8,FULL,165,165,0,8,8,0,8,8,8,FULL:8,FULL,0,0,0,0,0,0,0,1,1,1,1,1,1,1,False,False,True
engine_dp:0:step:166,engine_core_dp_step,0,32000x1000_b16,pure_decode,tp4dp2moetp1ep8,166,166,0,8,8,0,8,8,8,FULL:8,FULL,166,166,0,8,8,0,8,8,8,FULL:8,FULL,0,0,0,0,0,0,0,1,1,1,1,1,1,1,False,False,True
engine_dp:0:step:167,engine_core_dp_step,0,32000x1000_b16,pure_decode,tp4dp2moetp1ep8,167,167,0,8,8,0,8,8,8,FULL:8,FULL,167,167,0,8,8,0,8,8,8,FULL:8,FULL,0,0,0,0,0,0,0,1,1,1,1,1,1,1,False,False,True
engine_dp:0:step:168,engine_core_dp_step,0,32000x1000_b16,pure_decode,tp4dp2moetp1ep8,168,168,0,8,8,0,8,8,8,FULL:8,FULL,168,168,0,8,8,0,8,8,8,FULL:8,FULL,0,0,0,0,0,0,0,1,1,1,1,1,1,1,False,False,True
engine_dp:0:step:169,engine_core_dp_step,0,32000x1000_b16,pure_decode,tp4dp2moetp1ep8,169,169,0,8,8,0,8,8,8,FULL:8,FULL,169,169,0,8,8,0,8,8,8,FULL:8,FULL,0,0,0,0,0,0,0,1,1,1,1,1,1,1,False,False,True
engine_dp:0:step:170,engine_core_dp_step,0,32000x1000_b16,pure_decode,tp4dp2moetp1ep8,170,170,0,8,8,0,8,8,8,FULL:8,FULL,170,170,0,8,8,0,8,8,8,FULL:8,FULL,0,0,0,0,0,0,0,1,1,1,1,1,1,1,False,False,True
engine_dp:0:step:171,engine_core_dp_step,0,32000x1000_b16,pure_decode,tp4dp2moetp1ep8,171,171,0,8,8,0,8,8,8,FULL:8,FULL,171,171,0,8,8,0,8,8,8,FULL:8,FULL,0,0,0,0,0,0,0,1,1,1,1,1,1,1,False,False,True
engine_dp:0:step:172,engine_core_dp_step,0,32000x1000_b16,pure_decode,tp4dp2moetp1ep8,172,172,0,8,8,0,8,8,8,FULL:8,FULL,172,172,0,8,8,0,8,8,8,FULL:8,FULL,0,0,0,0,0,0,0,1,1,1,1,1,1,1,False,False,True
engine_dp:0:step:173,engine_core_dp_step,0,32000x1000_b16,pure_decode,tp4dp2moetp1ep8,173,173,0,8,8,0,8,8,8,FULL:8,FULL,173,173,0,8,8,0,8,8,8,FULL:8,FULL,0,0,0,0,0,0,0,1,1,1,1,1,1,1,False,False,True
engine_dp:0:step:174,engine_core_dp_step,0,32000x1000_b16,pure_decode,tp4dp2moetp1ep8,174,174,0,8,8,0,8,8,8,FULL:8,FULL,174,174,0,8,8,0,8,8,8,FULL:8,FULL,0,0,0,0,0,0,0,1,1,1,1,1,1,1,False,False,True
engine_dp:0:step:175,engine_core_dp_step,0,32000x1000_b16,pure_decode,tp4dp2moetp1ep8,175,175,0,8,8,0,8,8,8,FULL:8,FULL,175,175,0,8,8,0,8,8,8,FULL:8,FULL,0,0,0,0,0,0,0,1,1,1,1,1,1,1,False,False,True
engine_dp:0:step:176,engine_core_dp_step,0,32000x1000_b16,pure_decode,tp4dp2moetp1ep8,176,176,0,8,8,0,8,8,8,FULL:8,FULL,176,176,0,8,8,0,8,8,8,FULL:8,FULL,0,0,0,0,0,0,0,1,1,1,1,1,1,1,False,False,True
engine_dp:0:step:177,engine_core_dp_step,0,32000x1000_b16,pure_decode,tp4dp2moetp1ep8,177,177,0,8,8,0,8,8,8,FULL:8,FULL,177,177,0,8,8,0,8,8,8,FULL:8,FULL,0,0,0,0,0,0,0,1,1,1,1,1,1,1,False,False,True
engine_dp:0:step:178,engine_core_dp_step,0,32000x1000_b16,pure_decode,tp4dp2moetp1ep8,178,178,0,8,8,0,8,8,8,FULL:8,FULL,178,178,0,8,8,0,8,8,8,FULL:8,FULL,0,0,0,0,0,0,0,1,1,1,1,1,1,1,False,False,True
engine_dp:0:step:179,engine_core_dp_step,0,32000x1000_b16,pure_decode,tp4dp2moetp1ep8,179,179,0,8,8,0,8,8,8,FULL:8,FULL,179,179,0,8,8,0,8,8,8,FULL:8,FULL,0,0,0,0,0,0,0,1,1,1,1,1,1,1,False,False,True
engine_dp:0:step:180,engine_core_dp_step,0,32000x1000_b16,pure_decode,tp4dp2moetp1ep8,180,180,0,8,8,0,8,8,8,FULL:8,FULL,180,180,0,8,8,0,8,8,8,FULL:8,FULL,0,0,0,0,0,0,0,1,1,1,1,1,1,1,False,False,True
engine_dp:0:step:181,engine_core_dp_step,0,32000x1000_b16,pure_decode,tp4dp2moetp1ep8,181,181,0,8,8,0,8,8,8,FULL:8,FULL,181,181,0,8,8,0,8,8,8,FULL:8,FULL,0,0,0,0,0,0,0,1,1,1,1,1,1,1,False,False,True
engine_dp:0:step:182,engine_core_dp_step,0,32000x1000_b16,pure_decode,tp4dp2moetp1ep8,182,182,0,8,8,0,8,8,8,FULL:8,FULL,182,182,0,8,8,0,8,8,8,FULL:8,FULL,0,0,0,0,0,0,0,1,1,1,1,1,1,1,False,False,True
engine_dp:0:step:183,engine_core_dp_step,0,32000x1000_b16,pure_decode,tp4dp2moetp1ep8,183,183,0,8,8,0,8,8,8,FULL:8,FULL,183,183,0,8,8,0,8,8,8,FULL:8,FULL,0,0,0,0,0,0,0,1,1,1,1,1,1,1,False,False,True
engine_dp:0:step:184,engine_core_dp_step,0,32000x1000_b16,pure_decode,tp4dp2moetp1ep8,184,184,0,8,8,0,8,8,8,FULL:8,FULL,184,184,0,8,8,0,8,8,8,FULL:8,FULL,0,0,0,0,0,0,0,1,1,1,1,1,1,1,False,False,True
engine_dp:0:step:185,engine_core_dp_step,0,32000x1000_b16,pure_decode,tp4dp2moetp1ep8,185,185,0,8,8,0,8,8,8,FULL:8,FULL,185,185,0,8,8,0,8,8,8,FULL:8,FULL,0,0,0,0,0,0,0,1,1,1,1,1,1,1,False,False,True
engine_dp:0:step:186,engine_core_dp_step,0,32000x1000_b16,pure_decode,tp4dp2moetp1ep8,186,186,0,8,8,0,8,8,8,FULL:8,FULL,186,186,0,8,8,0,8,8,8,FULL:8,FULL,0,0,0,0,0,0,0,1,1,1,1,1,1,1,False,False,True
engine_dp:0:step:187,engine_core_dp_step,0,32000x1000_b16,pure_decode,tp4dp2moetp1ep8,187,187,0,8,8,0,8,8,8,FULL:8,FULL,187,187,0,8,8,0,8,8,8,FULL:8,FULL,0,0,0,0,0,0,0,1,1,1,1,1,1,1,False,False,True
engine_dp:0:step:188,engine_core_dp_step,0,32000x1000_b16,pure_decode,tp4dp2moetp1ep8,188,188,0,8,8,0,8,8,8,FULL:8,FULL,188,188,0,8,8,0,8,8,8,FULL:8,FULL,0,0,0,0,0,0,0,1,1,1,1,1,1,1,False,False,True
engine_dp:0:step:189,engine_core_dp_step,0,32000x1000_b16,pure_decode,tp4dp2moetp1ep8,189,189,0,8,8,0,8,8,8,FULL:8,FULL,189,189,0,8,8,0,8,8,8,FULL:8,FULL,0,0,0,0,0,0,0,1,1,1,1,1,1,1,False,False,True
engine_dp:0:step:190,engine_core_dp_step,0,32000x1000_b16,pure_decode,tp4dp2moetp1ep8,190,190,0,8,8,0,8,8,8,FULL:8,FULL,190,190,0,8,8,0,8,8,8,FULL:8,FULL,0,0,0,0,0,0,0,1,1,1,1,1,1,1,False,False,True
engine_dp:0:step:191,engine_core_dp_step,0,32000x1000_b16,pure_decode,tp4dp2moetp1ep8,191,191,0,8,8,0,8,8,8,FULL:8,FULL,191,191,0,8,8,0,8,8,8,FULL:8,FULL,0,0,0,0,0,0,0,1,1,1,1,1,1,1,False,False,True
engine_dp:0:step:192,engine_core_dp_step,0,32000x1000_b16,pure_decode,tp4dp2moetp1ep8,192,192,0,8,8,0,8,8,8,FULL:8,FULL,192,192,0,8,8,0,8,8,8,FULL:8,FULL,0,0,0,0,0,0,0,1,1,1,1,1,1,1,False,False,True
engine_dp:0:step:193,engine_core_dp_step,0,32000x1000_b16,pure_decode,tp4dp2moetp1ep8,193,193,0,8,8,0,8,8,8,FULL:8,FULL,193,193,0,8,8,0,8,8,8,FULL:8,FULL,0,0,0,0,0,0,0,1,1,1,1,1,1,1,False,False,True
engine_dp:0:step:194,engine_core_dp_step,0,32000x1000_b16,pure_decode,tp4dp2moetp1ep8,194,194,0,8,8,0,8,8,8,FULL:8,FULL,194,194,0,8,8,0,8,8,8,FULL:8,FULL,0,0,0,0,0,0,0,1,1,1,1,1,1,1,False,False,True
engine_dp:0:step:195,engine_core_dp_step,0,32000x1000_b16,pure_decode,tp4dp2moetp1ep8,195,195,0,8,8,0,8,8,8,FULL:8,FULL,195,195,0,8,8,0,8,8,8,FULL:8,FULL,0,0,0,0,0,0,0,1,1,1,1,1,1,1,False,False,True
engine_dp:0:step:196,engine_core_dp_step,0,32000x1000_b16,pure_decode,tp4dp2moetp1ep8,196,196,0,8,8,0,8,8,8,FULL:8,FULL,196,196,0,8,8,0,8,8,8,FULL:8,FULL,0,0,0,0,0,0,0,1,1,1,1,1,1,1,False,False,True
engine_dp:0:step:197,engine_core_dp_step,0,32000x1000_b16,pure_decode,tp4dp2moetp1ep8,197,197,0,8,8,0,8,8,8,FULL:8,FULL,197,197,0,8,8,0,8,8,8,FULL:8,FULL,0,0,0,0,0,0,0,1,1,1,1,1,1,1,False,False,True
engine_dp:0:step:198,engine_core_dp_step,0,32000x1000_b16,pure_decode,tp4dp2moetp1ep8,198,198,0,8,8,0,8,8,8,FULL:8,FULL,198,198,0,8,8,0,8,8,8,FULL:8,FULL,0,0,0,0,0,0,0,1,1,1,1,1,1,1,False,False,True
engine_dp:0:step:199,engine_core_dp_step,0,32000x1000_b16,pure_decode,tp4dp2moetp1ep8,199,199,0,8,8,0,8,8,8,FULL:8,FULL,199,199,0,8,8,0,8,8,8,FULL:8,FULL,0,0,0,0,0,0,0,1,1,1,1,1,1,1,False,False,True
engine_dp:0:step:200,engine_core_dp_step,0,32000x1000_b16,pure_decode,tp4dp2moetp1ep8,200,200,0,8,8,0,8,8,8,FULL:8,FULL,200,200,0,8,8,0,8,8,8,FULL:8,FULL,0,0,0,0,0,0,0,1,1,1,1,1,1,1,False,False,True
engine_dp:0:step:201,engine_core_dp_step,0,32000x1000_b16,pure_decode,tp4dp2moetp1ep8,201,201,0,8,8,0,8,8,8,FULL:8,FULL,201,201,0,8,8,0,8,8,8,FULL:8,FULL,0,0,0,0,0,0,0,1,1,1,1,1,1,1,False,False,True
engine_dp:0:step:202,engine_core_dp_step,0,32000x1000_b16,pure_decode,tp4dp2moetp1ep8,202,202,0,8,8,0,8,8,8,FULL:8,FULL,202,202,0,8,8,0,8,8,8,FULL:8,FULL,0,0,0,0,0,0,0,1,1,1,1,1,1,1,False,False,True
engine_dp:0:step:203,engine_core_dp_step,0,32000x1000_b16,pure_decode,tp4dp2moetp1ep8,203,203,0,8,8,0,8,8,8,FULL:8,FULL,203,203,0,8,8,0,8,8,8,FULL:8,FULL,0,0,0,0,0,0,0,1,1,1,1,1,1,1,False,False,True
engine_dp:0:step:204,engine_core_dp_step,0,32000x1000_b16,pure_decode,tp4dp2moetp1ep8,204,204,0,8,8,0,8,8,8,FULL:8,FULL,204,204,0,8,8,0,8,8,8,FULL:8,FULL,0,0,0,0,0,0,0,1,1,1,1,1,1,1,False,False,True
engine_dp:0:step:205,engine_core_dp_step,0,32000x1000_b16,pure_decode,tp4dp2moetp1ep8,205,205,0,8,8,0,8,8,8,FULL:8,FULL,205,205,0,8,8,0,8,8,8,FULL:8,FULL,0,0,0,0,0,0,0,1,1,1,1,1,1,1,False,False,True
engine_dp:0:step:206,engine_core_dp_step,0,32000x1000_b16,pure_decode,tp4dp2moetp1ep8,206,206,0,8,8,0,8,8,8,FULL:8,FULL,206,206,0,8,8,0,8,8,8,FULL:8,FULL,0,0,0,0,0,0,0,1,1,1,1,1,1,1,False,False,True
engine_dp:0:step:207,engine_core_dp_step,0,32000x1000_b16,pure_decode,tp4dp2moetp1ep8,207,207,0,8,8,0,8,8,8,FULL:8,FULL,207,207,0,8,8,0,8,8,8,FULL:8,FULL,0,0,0,0,0,0,0,1,1,1,1,1,1,1,False,False,True
engine_dp:0:step:208,engine_core_dp_step,0,32000x1000_b16,pure_decode,tp4dp2moetp1ep8,208,208,0,8,8,0,8,8,8,FULL:8,FULL,208,208,0,8,8,0,8,8,8,FULL:8,FULL,0,0,0,0,0,0,0,1,1,1,1,1,1,1,False,False,True
engine_dp:0:step:209,engine_core_dp_step,0,32000x1000_b16,pure_decode,tp4dp2moetp1ep8,209,209,0,8,8,0,8,8,8,FULL:8,FULL,209,209,0,8,8,0,8,8,8,FULL:8,FULL,0,0,0,0,0,0,0,1,1,1,1,1,1,1,False,False,True
engine_dp:0:step:210,engine_core_dp_step,0,32000x1000_b16,pure_decode,tp4dp2moetp1ep8,210,210,0,8,8,0,8,8,8,FULL:8,FULL,210,210,0,8,8,0,8,8,8,FULL:8,FULL,0,0,0,0,0,0,0,1,1,1,1,1,1,1,False,False,True
engine_dp:0:step:211,engine_core_dp_step,0,32000x1000_b16,pure_decode,tp4dp2moetp1ep8,211,211,0,8,8,0,8,8,8,FULL:8,FULL,211,211,0,8,8,0,8,8,8,FULL:8,FULL,0,0,0,0,0,0,0,1,1,1,1,1,1,1,False,False,True
engine_dp:0:step:212,engine_core_dp_step,0,32000x1000_b16,pure_decode,tp4dp2moetp1ep8,212,212,0,8,8,0,8,8,8,FULL:8,FULL,212,212,0,8,8,0,8,8,8,FULL:8,FULL,0,0,0,0,0,0,0,1,1,1,1,1,1,1,False,False,True
engine_dp:0:step:213,engine_core_dp_step,0,32000x1000_b16,pure_decode,tp4dp2moetp1ep8,213,213,0,8,8,0,8,8,8,FULL:8,FULL,213,213,0,8,8,0,8,8,8,FULL:8,FULL,0,0,0,0,0,0,0,1,1,1,1,1,1,1,False,False,True
engine_dp:0:step:214,engine_core_dp_step,0,32000x1000_b16,pure_decode,tp4dp2moetp1ep8,214,214,0,8,8,0,8,8,8,FULL:8,FULL,214,214,0,8,8,0,8,8,8,FULL:8,FULL,0,0,0,0,0,0,0,1,1,1,1,1,1,1,False,False,True
engine_dp:0:step:215,engine_core_dp_step,0,32000x1000_b16,pure_decode,tp4dp2moetp1ep8,215,215,0,8,8,0,8,8,8,FULL:8,FULL,215,215,0,8,8,0,8,8,8,FULL:8,FULL,0,0,0,0,0,0,0,1,1,1,1,1,1,1,False,False,True
engine_dp:0:step:216,engine_core_dp_step,0,32000x1000_b16,pure_decode,tp4dp2moetp1ep8,216,216,0,8,8,0,8,8,8,FULL:8,FULL,216,216,0,8,8,0,8,8,8,FULL:8,FULL,0,0,0,0,0,0,0,1,1,1,1,1,1,1,False,False,True
engine_dp:0:step:217,engine_core_dp_step,0,32000x1000_b16,pure_decode,tp4dp2moetp1ep8,217,217,0,8,8,0,8,8,8,FULL:8,FULL,217,217,0,8,8,0,8,8,8,FULL:8,FULL,0,0,0,0,0,0,0,1,1,1,1,1,1,1,False,False,True
engine_dp:0:step:218,engine_core_dp_step,0,32000x1000_b16,pure_decode,tp4dp2moetp1ep8,218,218,0,8,8,0,8,8,8,FULL:8,FULL,218,218,0,8,8,0,8,8,8,FULL:8,FULL,0,0,0,0,0,0,0,1,1,1,1,1,1,1,False,False,True
engine_dp:0:step:219,engine_core_dp_step,0,32000x1000_b16,pure_decode,tp4dp2moetp1ep8,219,219,0,8,8,0,8,8,8,FULL:8,FULL,219,219,0,8,8,0,8,8,8,FULL:8,FULL,0,0,0,0,0,0,0,1,1,1,1,1,1,1,False,False,True
engine_dp:0:step:220,engine_core_dp_step,0,32000x1000_b16,pure_decode,tp4dp2moetp1ep8,220,220,0,8,8,0,8,8,8,FULL:8,FULL,220,220,0,8,8,0,8,8,8,FULL:8,FULL,0,0,0,0,0,0,0,1,1,1,1,1,1,1,False,False,True
engine_dp:0:step:221,engine_core_dp_step,0,32000x1000_b16,pure_decode,tp4dp2moetp1ep8,221,221,0,8,8,0,8,8,8,FULL:8,FULL,221,221,0,8,8,0,8,8,8,FULL:8,FULL,0,0,0,0,0,0,0,1,1,1,1,1,1,1,False,False,True
engine_dp:0:step:222,engine_core_dp_step,0,32000x1000_b16,pure_decode,tp4dp2moetp1ep8,222,222,0,8,8,0,8,8,8,FULL:8,FULL,222,222,0,8,8,0,8,8,8,FULL:8,FULL,0,0,0,0,0,0,0,1,1,1,1,1,1,1,False,False,True
engine_dp:0:step:223,engine_core_dp_step,0,32000x1000_b16,pure_decode,tp4dp2moetp1ep8,223,223,0,8,8,0,8,8,8,FULL:8,FULL,223,223,0,8,8,0,8,8,8,FULL:8,FULL,0,0,0,0,0,0,0,1,1,1,1,1,1,1,False,False,True
engine_dp:0:step:224,engine_core_dp_step,0,32000x1000_b16,pure_decode,tp4dp2moetp1ep8,224,224,0,8,8,0,8,8,8,FULL:8,FULL,224,224,0,8,8,0,8,8,8,FULL:8,FULL,0,0,0,0,0,0,0,1,1,1,1,1,1,1,False,False,True
engine_dp:0:step:225,engine_core_dp_step,0,32000x1000_b16,pure_decode,tp4dp2moetp1ep8,225,225,0,8,8,0,8,8,8,FULL:8,FULL,225,225,0,8,8,0,8,8,8,FULL:8,FULL,0,0,0,0,0,0,0,1,1,1,1,1,1,1,False,False,True
engine_dp:0:step:226,engine_core_dp_step,0,32000x1000_b16,pure_decode,tp4dp2moetp1ep8,226,226,0,8,8,0,8,8,8,FULL:8,FULL,226,226,0,8,8,0,8,8,8,FULL:8,FULL,0,0,0,0,0,0,0,1,1,1,1,1,1,1,False,False,True
engine_dp:0:step:227,engine_core_dp_step,0,32000x1000_b16,pure_decode,tp4dp2moetp1ep8,227,227,0,8,8,0,8,8,8,FULL:8,FULL,227,227,0,8,8,0,8,8,8,FULL:8,FULL,0,0,0,0,0,0,0,1,1,1,1,1,1,1,False,False,True
engine_dp:0:step:228,engine_core_dp_step,0,32000x1000_b16,pure_decode,tp4dp2moetp1ep8,228,228,0,8,8,0,8,8,8,FULL:8,FULL,228,228,0,8,8,0,8,8,8,FULL:8,FULL,0,0,0,0,0,0,0,1,1,1,1,1,1,1,False,False,True
engine_dp:0:step:229,engine_core_dp_step,0,32000x1000_b16,pure_decode,tp4dp2moetp1ep8,229,229,0,8,8,0,8,8,8,FULL:8,FULL,229,229,0,8,8,0,8,8,8,FULL:8,FULL,0,0,0,0,0,0,0,1,1,1,1,1,1,1,False,False,True
engine_dp:0:step:230,engine_core_dp_step,0,32000x1000_b16,pure_decode,tp4dp2moetp1ep8,230,230,0,8,8,0,8,8,8,FULL:8,FULL,230,230,0,8,8,0,8,8,8,FULL:8,FULL,0,0,0,0,0,0,0,1,1,1,1,1,1,1,False,False,True
engine_dp:0:step:231,engine_core_dp_step,0,32000x1000_b16,pure_decode,tp4dp2moetp1ep8,231,231,0,8,8,0,8,8,8,FULL:8,FULL,231,231,0,8,8,0,8,8,8,FULL:8,FULL,0,0,0,0,0,0,0,1,1,1,1,1,1,1,False,False,True
engine_dp:0:step:232,engine_core_dp_step,0,32000x1000_b16,pure_decode,tp4dp2moetp1ep8,232,232,0,8,8,0,8,8,8,FULL:8,FULL,232,232,0,8,8,0,8,8,8,FULL:8,FULL,0,0,0,0,0,0,0,1,1,1,1,1,1,1,False,False,True
engine_dp:0:step:233,engine_core_dp_step,0,32000x1000_b16,pure_decode,tp4dp2moetp1ep8,233,233,0,8,8,0,8,8,8,FULL:8,FULL,233,233,0,8,8,0,8,8,8,FULL:8,FULL,0,0,0,0,0,0,0,1,1,1,1,1,1,1,False,False,True
engine_dp:0:step:234,engine_core_dp_step,0,32000x1000_b16,pure_decode,tp4dp2moetp1ep8,234,234,0,8,8,0,8,8,8,FULL:8,FULL,234,234,0,8,8,0,8,8,8,FULL:8,FULL,0,0,0,0,0,0,0,1,1,1,1,1,1,1,False,False,True
engine_dp:0:step:235,engine_core_dp_step,0,32000x1000_b16,pure_decode,tp4dp2moetp1ep8,235,235,0,8,8,0,8,8,8,FULL:8,FULL,235,235,0,8,8,0,8,8,8,FULL:8,FULL,0,0,0,0,0,0,0,1,1,1,1,1,1,1,False,False,True
engine_dp:0:step:236,engine_core_dp_step,0,32000x1000_b16,pure_decode,tp4dp2moetp1ep8,236,236,0,8,8,0,8,8,8,FULL:8,FULL,236,236,0,8,8,0,8,8,8,FULL:8,FULL,0,0,0,0,0,0,0,1,1,1,1,1,1,1,False,False,True
engine_dp:0:step:237,engine_core_dp_step,0,32000x1000_b16,pure_decode,tp4dp2moetp1ep8,237,237,0,8,8,0,8,8,8,FULL:8,FULL,237,237,0,8,8,0,8,8,8,FULL:8,FULL,0,0,0,0,0,0,0,1,1,1,1,1,1,1,False,False,True
engine_dp:0:step:238,engine_core_dp_step,0,32000x1000_b16,pure_decode,tp4dp2moetp1ep8,238,238,0,8,8,0,8,8,8,FULL:8,FULL,238,238,0,8,8,0,8,8,8,FULL:8,FULL,0,0,0,0,0,0,0,1,1,1,1,1,1,1,False,False,True
engine_dp:0:step:239,engine_core_dp_step,0,32000x1000_b16,pure_decode,tp4dp2moetp1ep8,239,239,0,8,8,0,8,8,8,FULL:8,FULL,239,239,0,8,8,0,8,8,8,FULL:8,FULL,0,0,0,0,0,0,0,1,1,1,1,1,1,1,False,False,True
engine_dp:0:step:240,engine_core_dp_step,0,32000x1000_b16,pure_decode,tp4dp2moetp1ep8,240,240,0,8,8,0,8,8,8,FULL:8,FULL,240,240,0,8,8,0,8,8,8,FULL:8,FULL,0,0,0,0,0,0,0,1,1,1,1,1,1,1,False,False,True
engine_dp:0:step:241,engine_core_dp_step,0,32000x1000_b16,pure_decode,tp4dp2moetp1ep8,241,241,0,8,8,0,8,8,8,FULL:8,FULL,241,241,0,8,8,0,8,8,8,FULL:8,FULL,0,0,0,0,0,0,0,1,1,1,1,1,1,1,False,False,True
engine_dp:0:step:242,engine_core_dp_step,0,32000x1000_b16,pure_decode,tp4dp2moetp1ep8,242,242,0,8,8,0,8,8,8,FULL:8,FULL,242,242,0,8,8,0,8,8,8,FULL:8,FULL,0,0,0,0,0,0,0,1,1,1,1,1,1,1,False,False,True
engine_dp:0:step:243,engine_core_dp_step,0,32000x1000_b16,pure_decode,tp4dp2moetp1ep8,243,243,0,8,8,0,8,8,8,FULL:8,FULL,243,243,0,8,8,0,8,8,8,FULL:8,FULL,0,0,0,0,0,0,0,1,1,1,1,1,1,1,False,False,True
engine_dp:0:step:244,engine_core_dp_step,0,32000x1000_b16,pure_decode,tp4dp2moetp1ep8,244,244,0,8,8,0,8,8,8,FULL:8,FULL,244,244,0,8,8,0,8,8,8,FULL:8,FULL,0,0,0,0,0,0,0,1,1,1,1,1,1,1,False,False,True
engine_dp:0:step:245,engine_core_dp_step,0,32000x1000_b16,pure_decode,tp4dp2moetp1ep8,245,245,0,8,8,0,8,8,8,FULL:8,FULL,245,245,0,8,8,0,8,8,8,FULL:8,FULL,0,0,0,0,0,0,0,1,1,1,1,1,1,1,False,False,True
engine_dp:0:step:246,engine_core_dp_step,0,32000x1000_b16,pure_decode,tp4dp2moetp1ep8,246,246,0,8,8,0,8,8,8,FULL:8,FULL,246,246,0,8,8,0,8,8,8,FULL:8,FULL,0,0,0,0,0,0,0,1,1,1,1,1,1,1,False,False,True
engine_dp:0:step:247,engine_core_dp_step,0,32000x1000_b16,pure_decode,tp4dp2moetp1ep8,247,247,0,8,8,0,8,8,8,FULL:8,FULL,247,247,0,8,8,0,8,8,8,FULL:8,FULL,0,0,0,0,0,0,0,1,1,1,1,1,1,1,False,False,True
engine_dp:0:step:248,engine_core_dp_step,0,32000x1000_b16,pure_decode,tp4dp2moetp1ep8,248,248,0,8,8,0,8,8,8,FULL:8,FULL,248,248,0,8,8,0,8,8,8,FULL:8,FULL,0,0,0,0,0,0,0,1,1,1,1,1,1,1,False,False,True
engine_dp:0:step:249,engine_core_dp_step,0,32000x1000_b16,pure_decode,tp4dp2moetp1ep8,249,249,0,8,8,0,8,8,8,FULL:8,FULL,249,249,0,8,8,0,8,8,8,FULL:8,FULL,0,0,0,0,0,0,0,1,1,1,1,1,1,1,False,False,True
engine_dp:0:step:250,engine_core_dp_step,0,32000x1000_b16,pure_decode,tp4dp2moetp1ep8,250,250,0,8,8,0,8,8,8,FULL:8,FULL,250,250,0,8,8,0,8,8,8,FULL:8,FULL,0,0,0,0,0,0,0,1,1,1,1,1,1,1,False,False,True
engine_dp:0:step:251,engine_core_dp_step,0,32000x1000_b16,pure_decode,tp4dp2moetp1ep8,251,251,0,8,8,0,8,8,8,FULL:8,FULL,251,251,0,8,8,0,8,8,8,FULL:8,FULL,0,0,0,0,0,0,0,1,1,1,1,1,1,1,False,False,True
engine_dp:0:step:252,engine_core_dp_step,0,32000x1000_b16,pure_decode,tp4dp2moetp1ep8,252,252,0,8,8,0,8,8,8,FULL:8,FULL,252,252,0,8,8,0,8,8,8,FULL:8,FULL,0,0,0,0,0,0,0,1,1,1,1,1,1,1,False,False,True
engine_dp:0:step:253,engine_core_dp_step,0,32000x1000_b16,pure_decode,tp4dp2moetp1ep8,253,253,0,8,8,0,8,8,8,FULL:8,FULL,253,253,0,8,8,0,8,8,8,FULL:8,FULL,0,0,0,0,0,0,0,1,1,1,1,1,1,1,False,False,True
engine_dp:0:step:254,engine_core_dp_step,0,32000x1000_b16,pure_decode,tp4dp2moetp1ep8,254,254,0,8,8,0,8,8,8,FULL:8,FULL,254,254,0,8,8,0,8,8,8,FULL:8,FULL,0,0,0,0,0,0,0,1,1,1,1,1,1,1,False,False,True
engine_dp:0:step:255,engine_core_dp_step,0,32000x1000_b16,pure_decode,tp4dp2moetp1ep8,255,255,0,8,8,0,8,8,8,FULL:8,FULL,255,255,0,8,8,0,8,8,8,FULL:8,FULL,0,0,0,0,0,0,0,1,1,1,1,1,1,1,False,False,True
engine_dp:0:step:256,engine_core_dp_step,0,32000x1000_b16,pure_decode,tp4dp2moetp1ep8,256,256,0,8,8,0,8,8,8,FULL:8,FULL,256,256,0,8,8,0,8,8,8,FULL:8,FULL,0,0,0,0,0,0,0,1,1,1,1,1,1,1,False,False,True
engine_dp:0:step:257,engine_core_dp_step,0,32000x1000_b16,pure_decode,tp4dp2moetp1ep8,257,257,0,8,8,0,8,8,8,FULL:8,FULL,257,257,0,8,8,0,8,8,8,FULL:8,FULL,0,0,0,0,0,0,0,1,1,1,1,1,1,1,False,False,True
engine_dp:0:step:258,engine_core_dp_step,0,32000x1000_b16,pure_decode,tp4dp2moetp1ep8,258,258,0,8,8,0,8,8,8,FULL:8,FULL,258,258,0,8,8,0,8,8,8,FULL:8,FULL,0,0,0,0,0,0,0,1,1,1,1,1,1,1,False,False,True
engine_dp:0:step:259,engine_core_dp_step,0,32000x1000_b16,pure_decode,tp4dp2moetp1ep8,259,259,0,8,8,0,8,8,8,FULL:8,FULL,259,259,0,8,8,0,8,8,8,FULL:8,FULL,0,0,0,0,0,0,0,1,1,1,1,1,1,1,False,False,True
engine_dp:0:step:260,engine_core_dp_step,0,32000x1000_b16,pure_decode,tp4dp2moetp1ep8,260,260,0,8,8,0,8,8,8,FULL:8,FULL,260,260,0,8,8,0,8,8,8,FULL:8,FULL,0,0,0,0,0,0,0,1,1,1,1,1,1,1,False,False,True
engine_dp:0:step:261,engine_core_dp_step,0,32000x1000_b16,pure_decode,tp4dp2moetp1ep8,261,261,0,8,8,0,8,8,8,FULL:8,FULL,261,261,0,8,8,0,8,8,8,FULL:8,FULL,0,0,0,0,0,0,0,1,1,1,1,1,1,1,False,False,True
engine_dp:0:step:262,engine_core_dp_step,0,32000x1000_b16,pure_decode,tp4dp2moetp1ep8,262,262,0,8,8,0,8,8,8,FULL:8,FULL,262,262,0,8,8,0,8,8,8,FULL:8,FULL,0,0,0,0,0,0,0,1,1,1,1,1,1,1,False,False,True
engine_dp:0:step:263,engine_core_dp_step,0,32000x1000_b16,pure_decode,tp4dp2moetp1ep8,263,263,0,8,8,0,8,8,8,FULL:8,FULL,263,263,0,8,8,0,8,8,8,FULL:8,FULL,0,0,0,0,0,0,0,1,1,1,1,1,1,1,False,False,True
engine_dp:0:step:264,engine_core_dp_step,0,32000x1000_b16,pure_decode,tp4dp2moetp1ep8,264,264,0,8,8,0,8,8,8,FULL:8,FULL,264,264,0,8,8,0,8,8,8,FULL:8,FULL,0,0,0,0,0,0,0,1,1,1,1,1,1,1,False,False,True
engine_dp:0:step:265,engine_core_dp_step,0,32000x1000_b16,pure_decode,tp4dp2moetp1ep8,265,265,0,8,8,0,8,8,8,FULL:8,FULL,265,265,0,8,8,0,8,8,8,FULL:8,FULL,0,0,0,0,0,0,0,1,1,1,1,1,1,1,False,False,True
engine_dp:0:step:266,engine_core_dp_step,0,32000x1000_b16,pure_decode,tp4dp2moetp1ep8,266,266,0,8,8,0,8,8,8,FULL:8,FULL,266,266,0,8,8,0,8,8,8,FULL:8,FULL,0,0,0,0,0,0,0,1,1,1,1,1,1,1,False,False,True
engine_dp:0:step:267,engine_core_dp_step,0,32000x1000_b16,pure_decode,tp4dp2moetp1ep8,267,267,0,8,8,0,8,8,8,FULL:8,FULL,267,267,0,8,8,0,8,8,8,FULL:8,FULL,0,0,0,0,0,0,0,1,1,1,1,1,1,1,False,False,True
engine_dp:0:step:268,engine_core_dp_step,0,32000x1000_b16,pure_decode,tp4dp2moetp1ep8,268,268,0,8,8,0,8,8,8,FULL:8,FULL,268,268,0,8,8,0,8,8,8,FULL:8,FULL,0,0,0,0,0,0,0,1,1,1,1,1,1,1,False,False,True
engine_dp:0:step:269,engine_core_dp_step,0,32000x1000_b16,pure_decode,tp4dp2moetp1ep8,269,269,0,8,8,0,8,8,8,FULL:8,FULL,269,269,0,8,8,0,8,8,8,FULL:8,FULL,0,0,0,0,0,0,0,1,1,1,1,1,1,1,False,False,True
engine_dp:0:step:270,engine_core_dp_step,0,32000x1000_b16,pure_decode,tp4dp2moetp1ep8,270,270,0,8,8,0,8,8,8,FULL:8,FULL,270,270,0,8,8,0,8,8,8,FULL:8,FULL,0,0,0,0,0,0,0,1,1,1,1,1,1,1,False,False,True
engine_dp:0:step:271,engine_core_dp_step,0,32000x1000_b16,pure_decode,tp4dp2moetp1ep8,271,271,0,8,8,0,8,8,8,FULL:8,FULL,271,271,0,8,8,0,8,8,8,FULL:8,FULL,0,0,0,0,0,0,0,1,1,1,1,1,1,1,False,False,True
engine_dp:0:step:272,engine_core_dp_step,0,32000x1000_b16,pure_decode,tp4dp2moetp1ep8,272,272,0,8,8,0,8,8,8,FULL:8,FULL,272,272,0,8,8,0,8,8,8,FULL:8,FULL,0,0,0,0,0,0,0,1,1,1,1,1,1,1,False,False,True
engine_dp:0:step:273,engine_core_dp_step,0,32000x1000_b16,pure_decode,tp4dp2moetp1ep8,273,273,0,8,8,0,8,8,8,FULL:8,FULL,273,273,0,8,8,0,8,8,8,FULL:8,FULL,0,0,0,0,0,0,0,1,1,1,1,1,1,1,False,False,True
engine_dp:0:step:274,engine_core_dp_step,0,32000x1000_b16,pure_decode,tp4dp2moetp1ep8,274,274,0,8,8,0,8,8,8,FULL:8,FULL,274,274,0,8,8,0,8,8,8,FULL:8,FULL,0,0,0,0,0,0,0,1,1,1,1,1,1,1,False,False,True
engine_dp:0:step:275,engine_core_dp_step,0,32000x1000_b16,pure_decode,tp4dp2moetp1ep8,275,275,0,8,8,0,8,8,8,FULL:8,FULL,275,275,0,8,8,0,8,8,8,FULL:8,FULL,0,0,0,0,0,0,0,1,1,1,1,1,1,1,False,False,True
engine_dp:0:step:276,engine_core_dp_step,0,32000x1000_b16,pure_decode,tp4dp2moetp1ep8,276,276,0,8,8,0,8,8,8,FULL:8,FULL,276,276,0,8,8,0,8,8,8,FULL:8,FULL,0,0,0,0,0,0,0,1,1,1,1,1,1,1,False,False,True
engine_dp:0:step:277,engine_core_dp_step,0,32000x1000_b16,pure_decode,tp4dp2moetp1ep8,277,277,0,8,8,0,8,8,8,FULL:8,FULL,277,277,0,8,8,0,8,8,8,FULL:8,FULL,0,0,0,0,0,0,0,1,1,1,1,1,1,1,False,False,True
engine_dp:0:step:278,engine_core_dp_step,0,32000x1000_b16,pure_decode,tp4dp2moetp1ep8,278,278,0,8,8,0,8,8,8,FULL:8,FULL,278,278,0,8,8,0,8,8,8,FULL:8,FULL,0,0,0,0,0,0,0,1,1,1,1,1,1,1,False,False,True
engine_dp:0:step:279,engine_core_dp_step,0,32000x1000_b16,pure_decode,tp4dp2moetp1ep8,279,279,0,8,8,0,8,8,8,FULL:8,FULL,279,279,0,8,8,0,8,8,8,FULL:8,FULL,0,0,0,0,0,0,0,1,1,1,1,1,1,1,False,False,True
engine_dp:0:step:280,engine_core_dp_step,0,32000x1000_b16,pure_decode,tp4dp2moetp1ep8,280,280,0,8,8,0,8,8,8,FULL:8,FULL,280,280,0,8,8,0,8,8,8,FULL:8,FULL,0,0,0,0,0,0,0,1,1,1,1,1,1,1,False,False,True
engine_dp:0:step:281,engine_core_dp_step,0,32000x1000_b16,pure_decode,tp4dp2moetp1ep8,281,281,0,8,8,0,8,8,8,FULL:8,FULL,281,281,0,8,8,0,8,8,8,FULL:8,FULL,0,0,0,0,0,0,0,1,1,1,1,1,1,1,False,False,True
engine_dp:0:step:282,engine_core_dp_step,0,32000x1000_b16,pure_decode,tp4dp2moetp1ep8,282,282,0,8,8,0,8,8,8,FULL:8,FULL,282,282,0,8,8,0,8,8,8,FULL:8,FULL,0,0,0,0,0,0,0,1,1,1,1,1,1,1,False,False,True
engine_dp:0:step:283,engine_core_dp_step,0,32000x1000_b16,pure_decode,tp4dp2moetp1ep8,283,283,0,8,8,0,8,8,8,FULL:8,FULL,283,283,0,8,8,0,8,8,8,FULL:8,FULL,0,0,0,0,0,0,0,1,1,1,1,1,1,1,False,False,True
engine_dp:0:step:284,engine_core_dp_step,0,32000x1000_b16,pure_decode,tp4dp2moetp1ep8,284,284,0,8,8,0,8,8,8,FULL:8,FULL,284,284,0,8,8,0,8,8,8,FULL:8,FULL,0,0,0,0,0,0,0,1,1,1,1,1,1,1,False,False,True
engine_dp:0:step:285,engine_core_dp_step,0,32000x1000_b16,pure_decode,tp4dp2moetp1ep8,285,285,0,8,8,0,8,8,8,FULL:8,FULL,285,285,0,8,8,0,8,8,8,FULL:8,FULL,0,0,0,0,0,0,0,1,1,1,1,1,1,1,False,False,True
engine_dp:0:step:286,engine_core_dp_step,0,32000x1000_b16,pure_decode,tp4dp2moetp1ep8,286,286,0,8,8,0,8,8,8,FULL:8,FULL,286,286,0,8,8,0,8,8,8,FULL:8,FULL,0,0,0,0,0,0,0,1,1,1,1,1,1,1,False,False,True
engine_dp:0:step:287,engine_core_dp_step,0,32000x1000_b16,pure_decode,tp4dp2moetp1ep8,287,287,0,8,8,0,8,8,8,FULL:8,FULL,287,287,0,8,8,0,8,8,8,FULL:8,FULL,0,0,0,0,0,0,0,1,1,1,1,1,1,1,False,False,True
engine_dp:0:step:288,engine_core_dp_step,0,32000x1000_b16,pure_decode,tp4dp2moetp1ep8,288,288,0,8,8,0,8,8,8,FULL:8,FULL,288,288,0,8,8,0,8,8,8,FULL:8,FULL,0,0,0,0,0,0,0,1,1,1,1,1,1,1,False,False,True
engine_dp:0:step:289,engine_core_dp_step,0,32000x1000_b16,pure_decode,tp4dp2moetp1ep8,289,289,0,8,8,0,8,8,8,FULL:8,FULL,289,289,0,8,8,0,8,8,8,FULL:8,FULL,0,0,0,0,0,0,0,1,1,1,1,1,1,1,False,False,True
engine_dp:0:step:290,engine_core_dp_step,0,32000x1000_b16,pure_decode,tp4dp2moetp1ep8,290,290,0,8,8,0,8,8,8,FULL:8,FULL,290,290,0,8,8,0,8,8,8,FULL:8,FULL,0,0,0,0,0,0,0,1,1,1,1,1,1,1,False,False,True
engine_dp:0:step:291,engine_core_dp_step,0,32000x1000_b16,pure_decode,tp4dp2moetp1ep8,291,291,0,8,8,0,8,8,8,FULL:8,FULL,291,291,0,8,8,0,8,8,8,FULL:8,FULL,0,0,0,0,0,0,0,1,1,1,1,1,1,1,False,False,True
engine_dp:0:step:292,engine_core_dp_step,0,32000x1000_b16,pure_decode,tp4dp2moetp1ep8,292,292,0,8,8,0,8,8,8,FULL:8,FULL,292,292,0,8,8,0,8,8,8,FULL:8,FULL,0,0,0,0,0,0,0,1,1,1,1,1,1,1,False,False,True
engine_dp:0:step:293,engine_core_dp_step,0,32000x1000_b16,pure_decode,tp4dp2moetp1ep8,293,293,0,8,8,0,8,8,8,FULL:8,FULL,293,293,0,8,8,0,8,8,8,FULL:8,FULL,0,0,0,0,0,0,0,1,1,1,1,1,1,1,False,False,True
engine_dp:0:step:294,engine_core_dp_step,0,32000x1000_b16,pure_decode,tp4dp2moetp1ep8,294,294,0,8,8,0,8,8,8,FULL:8,FULL,294,294,0,8,8,0,8,8,8,FULL:8,FULL,0,0,0,0,0,0,0,1,1,1,1,1,1,1,False,False,True
engine_dp:0:step:295,engine_core_dp_step,0,32000x1000_b16,pure_decode,tp4dp2moetp1ep8,295,295,0,8,8,0,8,8,8,FULL:8,FULL,295,295,0,8,8,0,8,8,8,FULL:8,FULL,0,0,0,0,0,0,0,1,1,1,1,1,1,1,False,False,True
engine_dp:0:step:296,engine_core_dp_step,0,32000x1000_b16,pure_decode,tp4dp2moetp1ep8,296,296,0,8,8,0,8,8,8,FULL:8,FULL,296,296,0,8,8,0,8,8,8,FULL:8,FULL,0,0,0,0,0,0,0,1,1,1,1,1,1,1,False,False,True
engine_dp:0:step:297,engine_core_dp_step,0,32000x1000_b16,pure_decode,tp4dp2moetp1ep8,297,297,0,8,8,0,8,8,8,FULL:8,FULL,297,297,0,8,8,0,8,8,8,FULL:8,FULL,0,0,0,0,0,0,0,1,1,1,1,1,1,1,False,False,True
engine_dp:0:step:298,engine_core_dp_step,0,32000x1000_b16,pure_decode,tp4dp2moetp1ep8,298,298,0,8,8,0,8,8,8,FULL:8,FULL,298,298,0,8,8,0,8,8,8,FULL:8,FULL,0,0,0,0,0,0,0,1,1,1,1,1,1,1,False,False,True
engine_dp:0:step:299,engine_core_dp_step,0,32000x1000_b16,pure_decode,tp4dp2moetp1ep8,299,299,0,8,8,0,8,8,8,FULL:8,FULL,299,299,0,8,8,0,8,8,8,FULL:8,FULL,0,0,0,0,0,0,0,1,1,1,1,1,1,1,False,False,True
engine_dp:0:step:300,engine_core_dp_step,0,32000x1000_b16,pure_decode,tp4dp2moetp1ep8,300,300,0,8,8,0,8,8,8,FULL:8,FULL,300,300,0,8,8,0,8,8,8,FULL:8,FULL,0,0,0,0,0,0,0,1,1,1,1,1,1,1,False,False,True
engine_dp:0:step:301,engine_core_dp_step,0,32000x1000_b16,pure_decode,tp4dp2moetp1ep8,301,301,0,8,8,0,8,8,8,FULL:8,FULL,301,301,0,8,8,0,8,8,8,FULL:8,FULL,0,0,0,0,0,0,0,1,1,1,1,1,1,1,False,False,True
engine_dp:0:step:302,engine_core_dp_step,0,32000x1000_b16,pure_decode,tp4dp2moetp1ep8,302,302,0,8,8,0,8,8,8,FULL:8,FULL,302,302,0,8,8,0,8,8,8,FULL:8,FULL,0,0,0,0,0,0,0,1,1,1,1,1,1,1,False,False,True
engine_dp:0:step:303,engine_core_dp_step,0,32000x1000_b16,pure_decode,tp4dp2moetp1ep8,303,303,0,8,8,0,8,8,8,FULL:8,FULL,303,303,0,8,8,0,8,8,8,FULL:8,FULL,0,0,0,0,0,0,0,1,1,1,1,1,1,1,False,False,True
engine_dp:0:step:304,engine_core_dp_step,0,32000x1000_b16,pure_decode,tp4dp2moetp1ep8,304,304,0,8,8,0,8,8,8,FULL:8,FULL,304,304,0,8,8,0,8,8,8,FULL:8,FULL,0,0,0,0,0,0,0,1,1,1,1,1,1,1,False,False,True
engine_dp:0:step:305,engine_core_dp_step,0,32000x1000_b16,pure_decode,tp4dp2moetp1ep8,305,305,0,8,8,0,8,8,8,FULL:8,FULL,305,305,0,8,8,0,8,8,8,FULL:8,FULL,0,0,0,0,0,0,0,1,1,1,1,1,1,1,False,False,True
engine_dp:0:step:306,engine_core_dp_step,0,32000x1000_b16,pure_decode,tp4dp2moetp1ep8,306,306,0,8,8,0,8,8,8,FULL:8,FULL,306,306,0,8,8,0,8,8,8,FULL:8,FULL,0,0,0,0,0,0,0,1,1,1,1,1,1,1,False,False,True
engine_dp:0:step:307,engine_core_dp_step,0,32000x1000_b16,pure_decode,tp4dp2moetp1ep8,307,307,0,8,8,0,8,8,8,FULL:8,FULL,307,307,0,8,8,0,8,8,8,FULL:8,FULL,0,0,0,0,0,0,0,1,1,1,1,1,1,1,False,False,True
engine_dp:0:step:308,engine_core_dp_step,0,32000x1000_b16,pure_decode,tp4dp2moetp1ep8,308,308,0,8,8,0,8,8,8,FULL:8,FULL,308,308,0,8,8,0,8,8,8,FULL:8,FULL,0,0,0,0,0,0,0,1,1,1,1,1,1,1,False,False,True
engine_dp:0:step:309,engine_core_dp_step,0,32000x1000_b16,pure_decode,tp4dp2moetp1ep8,309,309,0,8,8,0,8,8,8,FULL:8,FULL,309,309,0,8,8,0,8,8,8,FULL:8,FULL,0,0,0,0,0,0,0,1,1,1,1,1,1,1,False,False,True
engine_dp:0:step:310,engine_core_dp_step,0,32000x1000_b16,pure_decode,tp4dp2moetp1ep8,310,310,0,8,8,0,8,8,8,FULL:8,FULL,310,310,0,8,8,0,8,8,8,FULL:8,FULL,0,0,0,0,0,0,0,1,1,1,1,1,1,1,False,False,True
engine_dp:0:step:311,engine_core_dp_step,0,32000x1000_b16,pure_decode,tp4dp2moetp1ep8,311,311,0,8,8,0,8,8,8,FULL:8,FULL,311,311,0,8,8,0,8,8,8,FULL:8,FULL,0,0,0,0,0,0,0,1,1,1,1,1,1,1,False,False,True
engine_dp:0:step:312,engine_core_dp_step,0,32000x1000_b16,pure_decode,tp4dp2moetp1ep8,312,312,0,8,8,0,8,8,8,FULL:8,FULL,312,312,0,8,8,0,8,8,8,FULL:8,FULL,0,0,0,0,0,0,0,1,1,1,1,1,1,1,False,False,True
engine_dp:0:step:313,engine_core_dp_step,0,32000x1000_b16,pure_decode,tp4dp2moetp1ep8,313,313,0,8,8,0,8,8,8,FULL:8,FULL,313,313,0,8,8,0,8,8,8,FULL:8,FULL,0,0,0,0,0,0,0,1,1,1,1,1,1,1,False,False,True
engine_dp:0:step:314,engine_core_dp_step,0,32000x1000_b16,pure_decode,tp4dp2moetp1ep8,314,314,0,8,8,0,8,8,8,FULL:8,FULL,314,314,0,8,8,0,8,8,8,FULL:8,FULL,0,0,0,0,0,0,0,1,1,1,1,1,1,1,False,False,True
engine_dp:0:step:315,engine_core_dp_step,0,32000x1000_b16,pure_decode,tp4dp2moetp1ep8,315,315,0,8,8,0,8,8,8,FULL:8,FULL,315,315,0,8,8,0,8,8,8,FULL:8,FULL,0,0,0,0,0,0,0,1,1,1,1,1,1,1,False,False,True
engine_dp:0:step:316,engine_core_dp_step,0,32000x1000_b16,pure_decode,tp4dp2moetp1ep8,316,316,0,8,8,0,8,8,8,FULL:8,FULL,316,316,0,8,8,0,8,8,8,FULL:8,FULL,0,0,0,0,0,0,0,1,1,1,1,1,1,1,False,False,True
engine_dp:0:step:317,engine_core_dp_step,0,32000x1000_b16,pure_decode,tp4dp2moetp1ep8,317,317,0,8,8,0,8,8,8,FULL:8,FULL,317,317,0,8,8,0,8,8,8,FULL:8,FULL,0,0,0,0,0,0,0,1,1,1,1,1,1,1,False,False,True
engine_dp:0:step:318,engine_core_dp_step,0,32000x1000_b16,pure_decode,tp4dp2moetp1ep8,318,318,0,8,8,0,8,8,8,FULL:8,FULL,318,318,0,8,8,0,8,8,8,FULL:8,FULL,0,0,0,0,0,0,0,1,1,1,1,1,1,1,False,False,True
engine_dp:0:step:319,engine_core_dp_step,0,32000x1000_b16,pure_decode,tp4dp2moetp1ep8,319,319,0,8,8,0,8,8,8,FULL:8,FULL,319,319,0,8,8,0,8,8,8,FULL:8,FULL,0,0,0,0,0,0,0,1,1,1,1,1,1,1,False,False,True
engine_dp:0:step:320,engine_core_dp_step,0,32000x1000_b16,pure_decode,tp4dp2moetp1ep8,320,320,0,8,8,0,8,8,8,FULL:8,FULL,320,320,0,8,8,0,8,8,8,FULL:8,FULL,0,0,0,0,0,0,0,1,1,1,1,1,1,1,False,False,True
engine_dp:0:step:321,engine_core_dp_step,0,32000x1000_b16,pure_decode,tp4dp2moetp1ep8,321,321,0,8,8,0,8,8,8,FULL:8,FULL,321,321,0,8,8,0,8,8,8,FULL:8,FULL,0,0,0,0,0,0,0,1,1,1,1,1,1,1,False,False,True
engine_dp:0:step:322,engine_core_dp_step,0,32000x1000_b16,pure_decode,tp4dp2moetp1ep8,322,322,0,8,8,0,8,8,8,FULL:8,FULL,322,322,0,8,8,0,8,8,8,FULL:8,FULL,0,0,0,0,0,0,0,1,1,1,1,1,1,1,False,False,True
engine_dp:0:step:323,engine_core_dp_step,0,32000x1000_b16,pure_decode,tp4dp2moetp1ep8,323,323,0,8,8,0,8,8,8,FULL:8,FULL,323,323,0,8,8,0,8,8,8,FULL:8,FULL,0,0,0,0,0,0,0,1,1,1,1,1,1,1,False,False,True
engine_dp:0:step:324,engine_core_dp_step,0,32000x1000_b16,pure_decode,tp4dp2moetp1ep8,324,324,0,8,8,0,8,8,8,FULL:8,FULL,324,324,0,8,8,0,8,8,8,FULL:8,FULL,0,0,0,0,0,0,0,1,1,1,1,1,1,1,False,False,True
engine_dp:0:step:325,engine_core_dp_step,0,32000x1000_b16,pure_decode,tp4dp2moetp1ep8,325,325,0,8,8,0,8,8,8,FULL:8,FULL,325,325,0,8,8,0,8,8,8,FULL:8,FULL,0,0,0,0,0,0,0,1,1,1,1,1,1,1,False,False,True
engine_dp:0:step:326,engine_core_dp_step,0,32000x1000_b16,pure_decode,tp4dp2moetp1ep8,326,326,0,8,8,0,8,8,8,FULL:8,FULL,326,326,0,8,8,0,8,8,8,FULL:8,FULL,0,0,0,0,0,0,0,1,1,1,1,1,1,1,False,False,True
engine_dp:0:step:327,engine_core_dp_step,0,32000x1000_b16,pure_decode,tp4dp2moetp1ep8,327,327,0,8,8,0,8,8,8,FULL:8,FULL,327,327,0,8,8,0,8,8,8,FULL:8,FULL,0,0,0,0,0,0,0,1,1,1,1,1,1,1,False,False,True
engine_dp:0:step:328,engine_core_dp_step,0,32000x1000_b16,pure_decode,tp4dp2moetp1ep8,328,328,0,8,8,0,8,8,8,FULL:8,FULL,328,328,0,8,8,0,8,8,8,FULL:8,FULL,0,0,0,0,0,0,0,1,1,1,1,1,1,1,False,False,True
engine_dp:0:step:329,engine_core_dp_step,0,32000x1000_b16,pure_decode,tp4dp2moetp1ep8,329,329,0,8,8,0,8,8,8,FULL:8,FULL,329,329,0,8,8,0,8,8,8,FULL:8,FULL,0,0,0,0,0,0,0,1,1,1,1,1,1,1,False,False,True
engine_dp:0:step:330,engine_core_dp_step,0,32000x1000_b16,pure_decode,tp4dp2moetp1ep8,330,330,0,8,8,0,8,8,8,FULL:8,FULL,330,330,0,8,8,0,8,8,8,FULL:8,FULL,0,0,0,0,0,0,0,1,1,1,1,1,1,1,False,False,True
engine_dp:0:step:331,engine_core_dp_step,0,32000x1000_b16,pure_decode,tp4dp2moetp1ep8,331,331,0,8,8,0,8,8,8,FULL:8,FULL,331,331,0,8,8,0,8,8,8,FULL:8,FULL,0,0,0,0,0,0,0,1,1,1,1,1,1,1,False,False,True
engine_dp:0:step:332,engine_core_dp_step,0,32000x1000_b16,pure_decode,tp4dp2moetp1ep8,332,332,0,8,8,0,8,8,8,FULL:8,FULL,332,332,0,8,8,0,8,8,8,FULL:8,FULL,0,0,0,0,0,0,0,1,1,1,1,1,1,1,False,False,True
engine_dp:0:step:333,engine_core_dp_step,0,32000x1000_b16,pure_decode,tp4dp2moetp1ep8,333,333,0,8,8,0,8,8,8,FULL:8,FULL,333,333,0,8,8,0,8,8,8,FULL:8,FULL,0,0,0,0,0,0,0,1,1,1,1,1,1,1,False,False,True
engine_dp:0:step:334,engine_core_dp_step,0,32000x1000_b16,pure_decode,tp4dp2moetp1ep8,334,334,0,8,8,0,8,8,8,FULL:8,FULL,334,334,0,8,8,0,8,8,8,FULL:8,FULL,0,0,0,0,0,0,0,1,1,1,1,1,1,1,False,False,True
engine_dp:0:step:335,engine_core_dp_step,0,32000x1000_b16,pure_decode,tp4dp2moetp1ep8,335,335,0,8,8,0,8,8,8,FULL:8,FULL,335,335,0,8,8,0,8,8,8,FULL:8,FULL,0,0,0,0,0,0,0,1,1,1,1,1,1,1,False,False,True
engine_dp:0:step:336,engine_core_dp_step,0,32000x1000_b16,pure_decode,tp4dp2moetp1ep8,336,336,0,8,8,0,8,8,8,FULL:8,FULL,336,336,0,8,8,0,8,8,8,FULL:8,FULL,0,0,0,0,0,0,0,1,1,1,1,1,1,1,False,False,True
engine_dp:0:step:337,engine_core_dp_step,0,32000x1000_b16,pure_decode,tp4dp2moetp1ep8,337,337,0,8,8,0,8,8,8,FULL:8,FULL,337,337,0,8,8,0,8,8,8,FULL:8,FULL,0,0,0,0,0,0,0,1,1,1,1,1,1,1,False,False,True
engine_dp:0:step:338,engine_core_dp_step,0,32000x1000_b16,pure_decode,tp4dp2moetp1ep8,338,338,0,8,8,0,8,8,8,FULL:8,FULL,338,338,0,8,8,0,8,8,8,FULL:8,FULL,0,0,0,0,0,0,0,1,1,1,1,1,1,1,False,False,True
engine_dp:0:step:339,engine_core_dp_step,0,32000x1000_b16,pure_decode,tp4dp2moetp1ep8,339,339,0,8,8,0,8,8,8,FULL:8,FULL,339,339,0,8,8,0,8,8,8,FULL:8,FULL,0,0,0,0,0,0,0,1,1,1,1,1,1,1,False,False,True
engine_dp:0:step:340,engine_core_dp_step,0,32000x1000_b16,pure_decode,tp4dp2moetp1ep8,340,340,0,8,8,0,8,8,8,FULL:8,FULL,340,340,0,8,8,0,8,8,8,FULL:8,FULL,0,0,0,0,0,0,0,1,1,1,1,1,1,1,False,False,True
engine_dp:0:step:341,engine_core_dp_step,0,32000x1000_b16,pure_decode,tp4dp2moetp1ep8,341,341,0,8,8,0,8,8,8,FULL:8,FULL,341,341,0,8,8,0,8,8,8,FULL:8,FULL,0,0,0,0,0,0,0,1,1,1,1,1,1,1,False,False,True
engine_dp:0:step:342,engine_core_dp_step,0,32000x1000_b16,pure_decode,tp4dp2moetp1ep8,342,342,0,8,8,0,8,8,8,FULL:8,FULL,342,342,0,8,8,0,8,8,8,FULL:8,FULL,0,0,0,0,0,0,0,1,1,1,1,1,1,1,False,False,True
engine_dp:0:step:343,engine_core_dp_step,0,32000x1000_b16,pure_decode,tp4dp2moetp1ep8,343,343,0,8,8,0,8,8,8,FULL:8,FULL,343,343,0,8,8,0,8,8,8,FULL:8,FULL,0,0,0,0,0,0,0,1,1,1,1,1,1,1,False,False,True
engine_dp:0:step:344,engine_core_dp_step,0,32000x1000_b16,pure_decode,tp4dp2moetp1ep8,344,344,0,8,8,0,8,8,8,FULL:8,FULL,344,344,0,8,8,0,8,8,8,FULL:8,FULL,0,0,0,0,0,0,0,1,1,1,1,1,1,1,False,False,True
engine_dp:0:step:345,engine_core_dp_step,0,32000x1000_b16,pure_decode,tp4dp2moetp1ep8,345,345,0,8,8,0,8,8,8,FULL:8,FULL,345,345,0,8,8,0,8,8,8,FULL:8,FULL,0,0,0,0,0,0,0,1,1,1,1,1,1,1,False,False,True
engine_dp:0:step:346,engine_core_dp_step,0,32000x1000_b16,pure_decode,tp4dp2moetp1ep8,346,346,0,8,8,0,8,8,8,FULL:8,FULL,346,346,0,8,8,0,8,8,8,FULL:8,FULL,0,0,0,0,0,0,0,1,1,1,1,1,1,1,False,False,True
engine_dp:0:step:347,engine_core_dp_step,0,32000x1000_b16,pure_decode,tp4dp2moetp1ep8,347,347,0,8,8,0,8,8,8,FULL:8,FULL,347,347,0,8,8,0,8,8,8,FULL:8,FULL,0,0,0,0,0,0,0,1,1,1,1,1,1,1,False,False,True
engine_dp:0:step:348,engine_core_dp_step,0,32000x1000_b16,pure_decode,tp4dp2moetp1ep8,348,348,0,8,8,0,8,8,8,FULL:8,FULL,348,348,0,8,8,0,8,8,8,FULL:8,FULL,0,0,0,0,0,0,0,1,1,1,1,1,1,1,False,False,True
engine_dp:0:step:349,engine_core_dp_step,0,32000x1000_b16,pure_decode,tp4dp2moetp1ep8,349,349,0,8,8,0,8,8,8,FULL:8,FULL,349,349,0,8,8,0,8,8,8,FULL:8,FULL,0,0,0,0,0,0,0,1,1,1,1,1,1,1,False,False,True
engine_dp:0:step:350,engine_core_dp_step,0,32000x1000_b16,pure_decode,tp4dp2moetp1ep8,350,350,0,8,8,0,8,8,8,FULL:8,FULL,350,350,0,8,8,0,8,8,8,FULL:8,FULL,0,0,0,0,0,0,0,1,1,1,1,1,1,1,False,False,True
engine_dp:0:step:351,engine_core_dp_step,0,32000x1000_b16,pure_decode,tp4dp2moetp1ep8,351,351,0,8,8,0,8,8,8,FULL:8,FULL,351,351,0,8,8,0,8,8,8,FULL:8,FULL,0,0,0,0,0,0,0,1,1,1,1,1,1,1,False,False,True
engine_dp:0:step:352,engine_core_dp_step,0,32000x1000_b16,pure_decode,tp4dp2moetp1ep8,352,352,0,8,8,0,8,8,8,FULL:8,FULL,352,352,0,8,8,0,8,8,8,FULL:8,FULL,0,0,0,0,0,0,0,1,1,1,1,1,1,1,False,False,True
engine_dp:0:step:353,engine_core_dp_step,0,32000x1000_b16,pure_decode,tp4dp2moetp1ep8,353,353,0,8,8,0,8,8,8,FULL:8,FULL,353,353,0,8,8,0,8,8,8,FULL:8,FULL,0,0,0,0,0,0,0,1,1,1,1,1,1,1,False,False,True
engine_dp:0:step:354,engine_core_dp_step,0,32000x1000_b16,pure_decode,tp4dp2moetp1ep8,354,354,0,8,8,0,8,8,8,FULL:8,FULL,354,354,0,8,8,0,8,8,8,FULL:8,FULL,0,0,0,0,0,0,0,1,1,1,1,1,1,1,False,False,True
engine_dp:0:step:355,engine_core_dp_step,0,32000x1000_b16,pure_decode,tp4dp2moetp1ep8,355,355,0,8,8,0,8,8,8,FULL:8,FULL,355,355,0,8,8,0,8,8,8,FULL:8,FULL,0,0,0,0,0,0,0,1,1,1,1,1,1,1,False,False,True
engine_dp:0:step:356,engine_core_dp_step,0,32000x1000_b16,pure_decode,tp4dp2moetp1ep8,356,356,0,8,8,0,8,8,8,FULL:8,FULL,356,356,0,8,8,0,8,8,8,FULL:8,FULL,0,0,0,0,0,0,0,1,1,1,1,1,1,1,False,False,True
engine_dp:0:step:357,engine_core_dp_step,0,32000x1000_b16,pure_decode,tp4dp2moetp1ep8,357,357,0,8,8,0,8,8,8,FULL:8,FULL,357,357,0,8,8,0,8,8,8,FULL:8,FULL,0,0,0,0,0,0,0,1,1,1,1,1,1,1,False,False,True
engine_dp:0:step:358,engine_core_dp_step,0,32000x1000_b16,pure_decode,tp4dp2moetp1ep8,358,358,0,8,8,0,8,8,8,FULL:8,FULL,358,358,0,8,8,0,8,8,8,FULL:8,FULL,0,0,0,0,0,0,0,1,1,1,1,1,1,1,False,False,True
engine_dp:0:step:359,engine_core_dp_step,0,32000x1000_b16,pure_decode,tp4dp2moetp1ep8,359,359,0,8,8,0,8,8,8,FULL:8,FULL,359,359,0,8,8,0,8,8,8,FULL:8,FULL,0,0,0,0,0,0,0,1,1,1,1,1,1,1,False,False,True
engine_dp:0:step:360,engine_core_dp_step,0,32000x1000_b16,pure_decode,tp4dp2moetp1ep8,360,360,0,8,8,0,8,8,8,FULL:8,FULL,360,360,0,8,8,0,8,8,8,FULL:8,FULL,0,0,0,0,0,0,0,1,1,1,1,1,1,1,False,False,True
engine_dp:0:step:361,engine_core_dp_step,0,32000x1000_b16,pure_decode,tp4dp2moetp1ep8,361,361,0,8,8,0,8,8,8,FULL:8,FULL,361,361,0,8,8,0,8,8,8,FULL:8,FULL,0,0,0,0,0,0,0,1,1,1,1,1,1,1,False,False,True
engine_dp:0:step:362,engine_core_dp_step,0,32000x1000_b16,pure_decode,tp4dp2moetp1ep8,362,362,0,8,8,0,8,8,8,FULL:8,FULL,362,362,0,8,8,0,8,8,8,FULL:8,FULL,0,0,0,0,0,0,0,1,1,1,1,1,1,1,False,False,True
engine_dp:0:step:363,engine_core_dp_step,0,32000x1000_b16,pure_decode,tp4dp2moetp1ep8,363,363,0,8,8,0,8,8,8,FULL:8,FULL,363,363,0,8,8,0,8,8,8,FULL:8,FULL,0,0,0,0,0,0,0,1,1,1,1,1,1,1,False,False,True
engine_dp:0:step:364,engine_core_dp_step,0,32000x1000_b16,pure_decode,tp4dp2moetp1ep8,364,364,0,8,8,0,8,8,8,FULL:8,FULL,364,364,0,8,8,0,8,8,8,FULL:8,FULL,0,0,0,0,0,0,0,1,1,1,1,1,1,1,False,False,True
engine_dp:0:step:365,engine_core_dp_step,0,32000x1000_b16,pure_decode,tp4dp2moetp1ep8,365,365,0,8,8,0,8,8,8,FULL:8,FULL,365,365,0,8,8,0,8,8,8,FULL:8,FULL,0,0,0,0,0,0,0,1,1,1,1,1,1,1,False,False,True
engine_dp:0:step:366,engine_core_dp_step,0,32000x1000_b16,pure_decode,tp4dp2moetp1ep8,366,366,0,8,8,0,8,8,8,FULL:8,FULL,366,366,0,8,8,0,8,8,8,FULL:8,FULL,0,0,0,0,0,0,0,1,1,1,1,1,1,1,False,False,True
engine_dp:0:step:367,engine_core_dp_step,0,32000x1000_b16,pure_decode,tp4dp2moetp1ep8,367,367,0,8,8,0,8,8,8,FULL:8,FULL,367,367,0,8,8,0,8,8,8,FULL:8,FULL,0,0,0,0,0,0,0,1,1,1,1,1,1,1,False,False,True
engine_dp:0:step:368,engine_core_dp_step,0,32000x1000_b16,pure_decode,tp4dp2moetp1ep8,368,368,0,8,8,0,8,8,8,FULL:8,FULL,368,368,0,8,8,0,8,8,8,FULL:8,FULL,0,0,0,0,0,0,0,1,1,1,1,1,1,1,False,False,True
engine_dp:0:step:369,engine_core_dp_step,0,32000x1000_b16,pure_decode,tp4dp2moetp1ep8,369,369,0,8,8,0,8,8,8,FULL:8,FULL,369,369,0,8,8,0,8,8,8,FULL:8,FULL,0,0,0,0,0,0,0,1,1,1,1,1,1,1,False,False,True
engine_dp:0:step:370,engine_core_dp_step,0,32000x1000_b16,pure_decode,tp4dp2moetp1ep8,370,370,0,8,8,0,8,8,8,FULL:8,FULL,370,370,0,8,8,0,8,8,8,FULL:8,FULL,0,0,0,0,0,0,0,1,1,1,1,1,1,1,False,False,True
engine_dp:0:step:371,engine_core_dp_step,0,32000x1000_b16,pure_decode,tp4dp2moetp1ep8,371,371,0,8,8,0,8,8,8,FULL:8,FULL,371,371,0,8,8,0,8,8,8,FULL:8,FULL,0,0,0,0,0,0,0,1,1,1,1,1,1,1,False,False,True
engine_dp:0:step:372,engine_core_dp_step,0,32000x1000_b16,pure_decode,tp4dp2moetp1ep8,372,372,0,8,8,0,8,8,8,FULL:8,FULL,372,372,0,8,8,0,8,8,8,FULL:8,FULL,0,0,0,0,0,0,0,1,1,1,1,1,1,1,False,False,True
engine_dp:0:step:373,engine_core_dp_step,0,32000x1000_b16,pure_decode,tp4dp2moetp1ep8,373,373,0,8,8,0,8,8,8,FULL:8,FULL,373,373,0,8,8,0,8,8,8,FULL:8,FULL,0,0,0,0,0,0,0,1,1,1,1,1,1,1,False,False,True
engine_dp:0:step:374,engine_core_dp_step,0,32000x1000_b16,pure_decode,tp4dp2moetp1ep8,374,374,0,8,8,0,8,8,8,FULL:8,FULL,374,374,0,8,8,0,8,8,8,FULL:8,FULL,0,0,0,0,0,0,0,1,1,1,1,1,1,1,False,False,True
engine_dp:0:step:375,engine_core_dp_step,0,32000x1000_b16,pure_decode,tp4dp2moetp1ep8,375,375,0,8,8,0,8,8,8,FULL:8,FULL,375,375,0,8,8,0,8,8,8,FULL:8,FULL,0,0,0,0,0,0,0,1,1,1,1,1,1,1,False,False,True
engine_dp:0:step:376,engine_core_dp_step,0,32000x1000_b16,pure_decode,tp4dp2moetp1ep8,376,376,0,8,8,0,8,8,8,FULL:8,FULL,376,376,0,8,8,0,8,8,8,FULL:8,FULL,0,0,0,0,0,0,0,1,1,1,1,1,1,1,False,False,True
engine_dp:0:step:377,engine_core_dp_step,0,32000x1000_b16,pure_decode,tp4dp2moetp1ep8,377,377,0,8,8,0,8,8,8,FULL:8,FULL,377,377,0,8,8,0,8,8,8,FULL:8,FULL,0,0,0,0,0,0,0,1,1,1,1,1,1,1,False,False,True
engine_dp:0:step:378,engine_core_dp_step,0,32000x1000_b16,pure_decode,tp4dp2moetp1ep8,378,378,0,8,8,0,8,8,8,FULL:8,FULL,378,378,0,8,8,0,8,8,8,FULL:8,FULL,0,0,0,0,0,0,0,1,1,1,1,1,1,1,False,False,True
engine_dp:0:step:379,engine_core_dp_step,0,32000x1000_b16,pure_decode,tp4dp2moetp1ep8,379,379,0,8,8,0,8,8,8,FULL:8,FULL,379,379,0,8,8,0,8,8,8,FULL:8,FULL,0,0,0,0,0,0,0,1,1,1,1,1,1,1,False,False,True
engine_dp:0:step:380,engine_core_dp_step,0,32000x1000_b16,pure_decode,tp4dp2moetp1ep8,380,380,0,8,8,0,8,8,8,FULL:8,FULL,380,380,0,8,8,0,8,8,8,FULL:8,FULL,0,0,0,0,0,0,0,1,1,1,1,1,1,1,False,False,True
engine_dp:0:step:381,engine_core_dp_step,0,32000x1000_b16,pure_decode,tp4dp2moetp1ep8,381,381,0,8,8,0,8,8,8,FULL:8,FULL,381,381,0,8,8,0,8,8,8,FULL:8,FULL,0,0,0,0,0,0,0,1,1,1,1,1,1,1,False,False,True
engine_dp:0:step:382,engine_core_dp_step,0,32000x1000_b16,pure_decode,tp4dp2moetp1ep8,382,382,0,8,8,0,8,8,8,FULL:8,FULL,382,382,0,8,8,0,8,8,8,FULL:8,FULL,0,0,0,0,0,0,0,1,1,1,1,1,1,1,False,False,True
engine_dp:0:step:383,engine_core_dp_step,0,32000x1000_b16,pure_decode,tp4dp2moetp1ep8,383,383,0,8,8,0,8,8,8,FULL:8,FULL,383,383,0,8,8,0,8,8,8,FULL:8,FULL,0,0,0,0,0,0,0,1,1,1,1,1,1,1,False,False,True
engine_dp:0:step:384,engine_core_dp_step,0,32000x1000_b16,pure_decode,tp4dp2moetp1ep8,384,384,0,8,8,0,8,8,8,FULL:8,FULL,384,384,0,8,8,0,8,8,8,FULL:8,FULL,0,0,0,0,0,0,0,1,1,1,1,1,1,1,False,False,True
engine_dp:0:step:385,engine_core_dp_step,0,32000x1000_b16,pure_decode,tp4dp2moetp1ep8,385,385,0,8,8,0,8,8,8,FULL:8,FULL,385,385,0,8,8,0,8,8,8,FULL:8,FULL,0,0,0,0,0,0,0,1,1,1,1,1,1,1,False,False,True
engine_dp:0:step:386,engine_core_dp_step,0,32000x1000_b16,pure_decode,tp4dp2moetp1ep8,386,386,0,8,8,0,8,8,8,FULL:8,FULL,386,386,0,8,8,0,8,8,8,FULL:8,FULL,0,0,0,0,0,0,0,1,1,1,1,1,1,1,False,False,True
engine_dp:0:step:387,engine_core_dp_step,0,32000x1000_b16,pure_decode,tp4dp2moetp1ep8,387,387,0,8,8,0,8,8,8,FULL:8,FULL,387,387,0,8,8,0,8,8,8,FULL:8,FULL,0,0,0,0,0,0,0,1,1,1,1,1,1,1,False,False,True
engine_dp:0:step:388,engine_core_dp_step,0,32000x1000_b16,pure_decode,tp4dp2moetp1ep8,388,388,0,8,8,0,8,8,8,FULL:8,FULL,388,388,0,8,8,0,8,8,8,FULL:8,FULL,0,0,0,0,0,0,0,1,1,1,1,1,1,1,False,False,True
engine_dp:0:step:389,engine_core_dp_step,0,32000x1000_b16,pure_decode,tp4dp2moetp1ep8,389,389,0,8,8,0,8,8,8,FULL:8,FULL,389,389,0,8,8,0,8,8,8,FULL:8,FULL,0,0,0,0,0,0,0,1,1,1,1,1,1,1,False,False,True
engine_dp:0:step:390,engine_core_dp_step,0,32000x1000_b16,pure_decode,tp4dp2moetp1ep8,390,390,0,8,8,0,8,8,8,FULL:8,FULL,390,390,0,8,8,0,8,8,8,FULL:8,FULL,0,0,0,0,0,0,0,1,1,1,1,1,1,1,False,False,True
engine_dp:0:step:391,engine_core_dp_step,0,32000x1000_b16,pure_decode,tp4dp2moetp1ep8,391,391,0,8,8,0,8,8,8,FULL:8,FULL,391,391,0,8,8,0,8,8,8,FULL:8,FULL,0,0,0,0,0,0,0,1,1,1,1,1,1,1,False,False,True
engine_dp:0:step:392,engine_core_dp_step,0,32000x1000_b16,pure_decode,tp4dp2moetp1ep8,392,392,0,8,8,0,8,8,8,FULL:8,FULL,392,392,0,8,8,0,8,8,8,FULL:8,FULL,0,0,0,0,0,0,0,1,1,1,1,1,1,1,False,False,True
engine_dp:0:step:393,engine_core_dp_step,0,32000x1000_b16,pure_decode,tp4dp2moetp1ep8,393,393,0,8,8,0,8,8,8,FULL:8,FULL,393,393,0,8,8,0,8,8,8,FULL:8,FULL,0,0,0,0,0,0,0,1,1,1,1,1,1,1,False,False,True
engine_dp:0:step:394,engine_core_dp_step,0,32000x1000_b16,pure_decode,tp4dp2moetp1ep8,394,394,0,8,8,0,8,8,8,FULL:8,FULL,394,394,0,8,8,0,8,8,8,FULL:8,FULL,0,0,0,0,0,0,0,1,1,1,1,1,1,1,False,False,True
engine_dp:0:step:395,engine_core_dp_step,0,32000x1000_b16,pure_decode,tp4dp2moetp1ep8,395,395,0,8,8,0,8,8,8,FULL:8,FULL,395,395,0,8,8,0,8,8,8,FULL:8,FULL,0,0,0,0,0,0,0,1,1,1,1,1,1,1,False,False,True
engine_dp:0:step:396,engine_core_dp_step,0,32000x1000_b16,pure_decode,tp4dp2moetp1ep8,396,396,0,8,8,0,8,8,8,FULL:8,FULL,396,396,0,8,8,0,8,8,8,FULL:8,FULL,0,0,0,0,0,0,0,1,1,1,1,1,1,1,False,False,True
engine_dp:0:step:397,engine_core_dp_step,0,32000x1000_b16,pure_decode,tp4dp2moetp1ep8,397,397,0,8,8,0,8,8,8,FULL:8,FULL,397,397,0,8,8,0,8,8,8,FULL:8,FULL,0,0,0,0,0,0,0,1,1,1,1,1,1,1,False,False,True
engine_dp:0:step:398,engine_core_dp_step,0,32000x1000_b16,pure_decode,tp4dp2moetp1ep8,398,398,0,8,8,0,8,8,8,FULL:8,FULL,398,398,0,8,8,0,8,8,8,FULL:8,FULL,0,0,0,0,0,0,0,1,1,1,1,1,1,1,False,False,True
engine_dp:0:step:399,engine_core_dp_step,0,32000x1000_b16,pure_decode,tp4dp2moetp1ep8,399,399,0,8,8,0,8,8,8,FULL:8,FULL,399,399,0,8,8,0,8,8,8,FULL:8,FULL,0,0,0,0,0,0,0,1,1,1,1,1,1,1,False,False,True
engine_dp:0:step:400,engine_core_dp_step,0,32000x1000_b16,pure_decode,tp4dp2moetp1ep8,400,400,0,8,8,0,8,8,8,FULL:8,FULL,400,400,0,8,8,0,8,8,8,FULL:8,FULL,0,0,0,0,0,0,0,1,1,1,1,1,1,1,False,False,True
engine_dp:0:step:401,engine_core_dp_step,0,32000x1000_b16,pure_decode,tp4dp2moetp1ep8,401,401,0,8,8,0,8,8,8,FULL:8,FULL,401,401,0,8,8,0,8,8,8,FULL:8,FULL,0,0,0,0,0,0,0,1,1,1,1,1,1,1,False,False,True
engine_dp:0:step:402,engine_core_dp_step,0,32000x1000_b16,pure_decode,tp4dp2moetp1ep8,402,402,0,8,8,0,8,8,8,FULL:8,FULL,402,402,0,8,8,0,8,8,8,FULL:8,FULL,0,0,0,0,0,0,0,1,1,1,1,1,1,1,False,False,True
engine_dp:0:step:403,engine_core_dp_step,0,32000x1000_b16,pure_decode,tp4dp2moetp1ep8,403,403,0,8,8,0,8,8,8,FULL:8,FULL,403,403,0,8,8,0,8,8,8,FULL:8,FULL,0,0,0,0,0,0,0,1,1,1,1,1,1,1,False,False,True
engine_dp:0:step:404,engine_core_dp_step,0,32000x1000_b16,pure_decode,tp4dp2moetp1ep8,404,404,0,8,8,0,8,8,8,FULL:8,FULL,404,404,0,8,8,0,8,8,8,FULL:8,FULL,0,0,0,0,0,0,0,1,1,1,1,1,1,1,False,False,True
engine_dp:0:step:405,engine_core_dp_step,0,32000x1000_b16,pure_decode,tp4dp2moetp1ep8,405,405,0,8,8,0,8,8,8,FULL:8,FULL,405,405,0,8,8,0,8,8,8,FULL:8,FULL,0,0,0,0,0,0,0,1,1,1,1,1,1,1,False,False,True
engine_dp:0:step:406,engine_core_dp_step,0,32000x1000_b16,pure_decode,tp4dp2moetp1ep8,406,406,0,8,8,0,8,8,8,FULL:8,FULL,406,406,0,8,8,0,8,8,8,FULL:8,FULL,0,0,0,0,0,0,0,1,1,1,1,1,1,1,False,False,True
engine_dp:0:step:407,engine_core_dp_step,0,32000x1000_b16,pure_decode,tp4dp2moetp1ep8,407,407,0,8,8,0,8,8,8,FULL:8,FULL,407,407,0,8,8,0,8,8,8,FULL:8,FULL,0,0,0,0,0,0,0,1,1,1,1,1,1,1,False,False,True
engine_dp:0:step:408,engine_core_dp_step,0,32000x1000_b16,pure_decode,tp4dp2moetp1ep8,408,408,0,8,8,0,8,8,8,FULL:8,FULL,408,408,0,8,8,0,8,8,8,FULL:8,FULL,0,0,0,0,0,0,0,1,1,1,1,1,1,1,False,False,True
engine_dp:0:step:409,engine_core_dp_step,0,32000x1000_b16,pure_decode,tp4dp2moetp1ep8,409,409,0,8,8,0,8,8,8,FULL:8,FULL,409,409,0,8,8,0,8,8,8,FULL:8,FULL,0,0,0,0,0,0,0,1,1,1,1,1,1,1,False,False,True
engine_dp:0:step:410,engine_core_dp_step,0,32000x1000_b16,pure_decode,tp4dp2moetp1ep8,410,410,0,8,8,0,8,8,8,FULL:8,FULL,410,410,0,8,8,0,8,8,8,FULL:8,FULL,0,0,0,0,0,0,0,1,1,1,1,1,1,1,False,False,True
engine_dp:0:step:411,engine_core_dp_step,0,32000x1000_b16,pure_decode,tp4dp2moetp1ep8,411,411,0,8,8,0,8,8,8,FULL:8,FULL,411,411,0,8,8,0,8,8,8,FULL:8,FULL,0,0,0,0,0,0,0,1,1,1,1,1,1,1,False,False,True
engine_dp:0:step:412,engine_core_dp_step,0,32000x1000_b16,pure_decode,tp4dp2moetp1ep8,412,412,0,8,8,0,8,8,8,FULL:8,FULL,412,412,0,8,8,0,8,8,8,FULL:8,FULL,0,0,0,0,0,0,0,1,1,1,1,1,1,1,False,False,True
engine_dp:0:step:413,engine_core_dp_step,0,32000x1000_b16,pure_decode,tp4dp2moetp1ep8,413,413,0,8,8,0,8,8,8,FULL:8,FULL,413,413,0,8,8,0,8,8,8,FULL:8,FULL,0,0,0,0,0,0,0,1,1,1,1,1,1,1,False,False,True
engine_dp:0:step:414,engine_core_dp_step,0,32000x1000_b16,pure_decode,tp4dp2moetp1ep8,414,414,0,8,8,0,8,8,8,FULL:8,FULL,414,414,0,8,8,0,8,8,8,FULL:8,FULL,0,0,0,0,0,0,0,1,1,1,1,1,1,1,False,False,True
engine_dp:0:step:415,engine_core_dp_step,0,32000x1000_b16,pure_decode,tp4dp2moetp1ep8,415,415,0,8,8,0,8,8,8,FULL:8,FULL,415,415,0,8,8,0,8,8,8,FULL:8,FULL,0,0,0,0,0,0,0,1,1,1,1,1,1,1,False,False,True
engine_dp:0:step:416,engine_core_dp_step,0,32000x1000_b16,pure_decode,tp4dp2moetp1ep8,416,416,0,8,8,0,8,8,8,FULL:8,FULL,416,416,0,8,8,0,8,8,8,FULL:8,FULL,0,0,0,0,0,0,0,1,1,1,1,1,1,1,False,False,True
engine_dp:0:step:417,engine_core_dp_step,0,32000x1000_b16,pure_decode,tp4dp2moetp1ep8,417,417,0,8,8,0,8,8,8,FULL:8,FULL,417,417,0,8,8,0,8,8,8,FULL:8,FULL,0,0,0,0,0,0,0,1,1,1,1,1,1,1,False,False,True
engine_dp:0:step:418,engine_core_dp_step,0,32000x1000_b16,pure_decode,tp4dp2moetp1ep8,418,418,0,8,8,0,8,8,8,FULL:8,FULL,418,418,0,8,8,0,8,8,8,FULL:8,FULL,0,0,0,0,0,0,0,1,1,1,1,1,1,1,False,False,True
engine_dp:0:step:419,engine_core_dp_step,0,32000x1000_b16,pure_decode,tp4dp2moetp1ep8,419,419,0,8,8,0,8,8,8,FULL:8,FULL,419,419,0,8,8,0,8,8,8,FULL:8,FULL,0,0,0,0,0,0,0,1,1,1,1,1,1,1,False,False,True
engine_dp:0:step:420,engine_core_dp_step,0,32000x1000_b16,pure_decode,tp4dp2moetp1ep8,420,420,0,8,8,0,8,8,8,FULL:8,FULL,420,420,0,8,8,0,8,8,8,FULL:8,FULL,0,0,0,0,0,0,0,1,1,1,1,1,1,1,False,False,True
engine_dp:0:step:421,engine_core_dp_step,0,32000x1000_b16,pure_decode,tp4dp2moetp1ep8,421,421,0,8,8,0,8,8,8,FULL:8,FULL,421,421,0,8,8,0,8,8,8,FULL:8,FULL,0,0,0,0,0,0,0,1,1,1,1,1,1,1,False,False,True
engine_dp:0:step:422,engine_core_dp_step,0,32000x1000_b16,pure_decode,tp4dp2moetp1ep8,422,422,0,8,8,0,8,8,8,FULL:8,FULL,422,422,0,8,8,0,8,8,8,FULL:8,FULL,0,0,0,0,0,0,0,1,1,1,1,1,1,1,False,False,True
engine_dp:0:step:423,engine_core_dp_step,0,32000x1000_b16,pure_decode,tp4dp2moetp1ep8,423,423,0,8,8,0,8,8,8,FULL:8,FULL,423,423,0,8,8,0,8,8,8,FULL:8,FULL,0,0,0,0,0,0,0,1,1,1,1,1,1,1,False,False,True
engine_dp:0:step:424,engine_core_dp_step,0,32000x1000_b16,pure_decode,tp4dp2moetp1ep8,424,424,0,8,8,0,8,8,8,FULL:8,FULL,424,424,0,8,8,0,8,8,8,FULL:8,FULL,0,0,0,0,0,0,0,1,1,1,1,1,1,1,False,False,True
engine_dp:0:step:425,engine_core_dp_step,0,32000x1000_b16,pure_decode,tp4dp2moetp1ep8,425,425,0,8,8,0,8,8,8,FULL:8,FULL,425,425,0,8,8,0,8,8,8,FULL:8,FULL,0,0,0,0,0,0,0,1,1,1,1,1,1,1,False,False,True
engine_dp:0:step:426,engine_core_dp_step,0,32000x1000_b16,pure_decode,tp4dp2moetp1ep8,426,426,0,8,8,0,8,8,8,FULL:8,FULL,426,426,0,8,8,0,8,8,8,FULL:8,FULL,0,0,0,0,0,0,0,1,1,1,1,1,1,1,False,False,True
engine_dp:0:step:427,engine_core_dp_step,0,32000x1000_b16,pure_decode,tp4dp2moetp1ep8,427,427,0,8,8,0,8,8,8,FULL:8,FULL,427,427,0,8,8,0,8,8,8,FULL:8,FULL,0,0,0,0,0,0,0,1,1,1,1,1,1,1,False,False,True
engine_dp:0:step:428,engine_core_dp_step,0,32000x1000_b16,pure_decode,tp4dp2moetp1ep8,428,428,0,8,8,0,8,8,8,FULL:8,FULL,428,428,0,8,8,0,8,8,8,FULL:8,FULL,0,0,0,0,0,0,0,1,1,1,1,1,1,1,False,False,True
engine_dp:0:step:429,engine_core_dp_step,0,32000x1000_b16,pure_decode,tp4dp2moetp1ep8,429,429,0,8,8,0,8,8,8,FULL:8,FULL,429,429,0,8,8,0,8,8,8,FULL:8,FULL,0,0,0,0,0,0,0,1,1,1,1,1,1,1,False,False,True
engine_dp:0:step:430,engine_core_dp_step,0,32000x1000_b16,pure_decode,tp4dp2moetp1ep8,430,430,0,8,8,0,8,8,8,FULL:8,FULL,430,430,0,8,8,0,8,8,8,FULL:8,FULL,0,0,0,0,0,0,0,1,1,1,1,1,1,1,False,False,True
engine_dp:0:step:431,engine_core_dp_step,0,32000x1000_b16,pure_decode,tp4dp2moetp1ep8,431,431,0,8,8,0,8,8,8,FULL:8,FULL,431,431,0,8,8,0,8,8,8,FULL:8,FULL,0,0,0,0,0,0,0,1,1,1,1,1,1,1,False,False,True
engine_dp:0:step:432,engine_core_dp_step,0,32000x1000_b16,pure_decode,tp4dp2moetp1ep8,432,432,0,8,8,0,8,8,8,FULL:8,FULL,432,432,0,8,8,0,8,8,8,FULL:8,FULL,0,0,0,0,0,0,0,1,1,1,1,1,1,1,False,False,True
engine_dp:0:step:433,engine_core_dp_step,0,32000x1000_b16,pure_decode,tp4dp2moetp1ep8,433,433,0,8,8,0,8,8,8,FULL:8,FULL,433,433,0,8,8,0,8,8,8,FULL:8,FULL,0,0,0,0,0,0,0,1,1,1,1,1,1,1,False,False,True
engine_dp:0:step:434,engine_core_dp_step,0,32000x1000_b16,pure_decode,tp4dp2moetp1ep8,434,434,0,8,8,0,8,8,8,FULL:8,FULL,434,434,0,8,8,0,8,8,8,FULL:8,FULL,0,0,0,0,0,0,0,1,1,1,1,1,1,1,False,False,True
engine_dp:0:step:435,engine_core_dp_step,0,32000x1000_b16,pure_decode,tp4dp2moetp1ep8,435,435,0,8,8,0,8,8,8,FULL:8,FULL,435,435,0,8,8,0,8,8,8,FULL:8,FULL,0,0,0,0,0,0,0,1,1,1,1,1,1,1,False,False,True
engine_dp:0:step:436,engine_core_dp_step,0,32000x1000_b16,pure_decode,tp4dp2moetp1ep8,436,436,0,8,8,0,8,8,8,FULL:8,FULL,436,436,0,8,8,0,8,8,8,FULL:8,FULL,0,0,0,0,0,0,0,1,1,1,1,1,1,1,False,False,True
engine_dp:0:step:437,engine_core_dp_step,0,32000x1000_b16,pure_decode,tp4dp2moetp1ep8,437,437,0,8,8,0,8,8,8,FULL:8,FULL,437,437,0,8,8,0,8,8,8,FULL:8,FULL,0,0,0,0,0,0,0,1,1,1,1,1,1,1,False,False,True
engine_dp:0:step:438,engine_core_dp_step,0,32000x1000_b16,pure_decode,tp4dp2moetp1ep8,438,438,0,8,8,0,8,8,8,FULL:8,FULL,438,438,0,8,8,0,8,8,8,FULL:8,FULL,0,0,0,0,0,0,0,1,1,1,1,1,1,1,False,False,True
engine_dp:0:step:439,engine_core_dp_step,0,32000x1000_b16,pure_decode,tp4dp2moetp1ep8,439,439,0,8,8,0,8,8,8,FULL:8,FULL,439,439,0,8,8,0,8,8,8,FULL:8,FULL,0,0,0,0,0,0,0,1,1,1,1,1,1,1,False,False,True
engine_dp:0:step:440,engine_core_dp_step,0,32000x1000_b16,pure_decode,tp4dp2moetp1ep8,440,440,0,8,8,0,8,8,8,FULL:8,FULL,440,440,0,8,8,0,8,8,8,FULL:8,FULL,0,0,0,0,0,0,0,1,1,1,1,1,1,1,False,False,True
engine_dp:0:step:441,engine_core_dp_step,0,32000x1000_b16,pure_decode,tp4dp2moetp1ep8,441,441,0,8,8,0,8,8,8,FULL:8,FULL,441,441,0,8,8,0,8,8,8,FULL:8,FULL,0,0,0,0,0,0,0,1,1,1,1,1,1,1,False,False,True
engine_dp:0:step:442,engine_core_dp_step,0,32000x1000_b16,pure_decode,tp4dp2moetp1ep8,442,442,0,8,8,0,8,8,8,FULL:8,FULL,442,442,0,8,8,0,8,8,8,FULL:8,FULL,0,0,0,0,0,0,0,1,1,1,1,1,1,1,False,False,True
engine_dp:0:step:443,engine_core_dp_step,0,32000x1000_b16,pure_decode,tp4dp2moetp1ep8,443,443,0,8,8,0,8,8,8,FULL:8,FULL,443,443,0,8,8,0,8,8,8,FULL:8,FULL,0,0,0,0,0,0,0,1,1,1,1,1,1,1,False,False,True
engine_dp:0:step:444,engine_core_dp_step,0,32000x1000_b16,pure_decode,tp4dp2moetp1ep8,444,444,0,8,8,0,8,8,8,FULL:8,FULL,444,444,0,8,8,0,8,8,8,FULL:8,FULL,0,0,0,0,0,0,0,1,1,1,1,1,1,1,False,False,True
engine_dp:0:step:445,engine_core_dp_step,0,32000x1000_b16,pure_decode,tp4dp2moetp1ep8,445,445,0,8,8,0,8,8,8,FULL:8,FULL,445,445,0,8,8,0,8,8,8,FULL:8,FULL,0,0,0,0,0,0,0,1,1,1,1,1,1,1,False,False,True
engine_dp:0:step:446,engine_core_dp_step,0,32000x1000_b16,pure_decode,tp4dp2moetp1ep8,446,446,0,8,8,0,8,8,8,FULL:8,FULL,446,446,0,8,8,0,8,8,8,FULL:8,FULL,0,0,0,0,0,0,0,1,1,1,1,1,1,1,False,False,True
engine_dp:0:step:447,engine_core_dp_step,0,32000x1000_b16,pure_decode,tp4dp2moetp1ep8,447,447,0,8,8,0,8,8,8,FULL:8,FULL,447,447,0,8,8,0,8,8,8,FULL:8,FULL,0,0,0,0,0,0,0,1,1,1,1,1,1,1,False,False,True
engine_dp:0:step:448,engine_core_dp_step,0,32000x1000_b16,pure_decode,tp4dp2moetp1ep8,448,448,0,8,8,0,8,8,8,FULL:8,FULL,448,448,0,8,8,0,8,8,8,FULL:8,FULL,0,0,0,0,0,0,0,1,1,1,1,1,1,1,False,False,True
engine_dp:0:step:449,engine_core_dp_step,0,32000x1000_b16,pure_decode,tp4dp2moetp1ep8,449,449,0,8,8,0,8,8,8,FULL:8,FULL,449,449,0,8,8,0,8,8,8,FULL:8,FULL,0,0,0,0,0,0,0,1,1,1,1,1,1,1,False,False,True
engine_dp:0:step:450,engine_core_dp_step,0,32000x1000_b16,pure_decode,tp4dp2moetp1ep8,450,450,0,8,8,0,8,8,8,FULL:8,FULL,450,450,0,8,8,0,8,8,8,FULL:8,FULL,0,0,0,0,0,0,0,1,1,1,1,1,1,1,False,False,True
engine_dp:0:step:451,engine_core_dp_step,0,32000x1000_b16,pure_decode,tp4dp2moetp1ep8,451,451,0,8,8,0,8,8,8,FULL:8,FULL,451,451,0,8,8,0,8,8,8,FULL:8,FULL,0,0,0,0,0,0,0,1,1,1,1,1,1,1,False,False,True
engine_dp:0:step:452,engine_core_dp_step,0,32000x1000_b16,pure_decode,tp4dp2moetp1ep8,452,452,0,8,8,0,8,8,8,FULL:8,FULL,452,452,0,8,8,0,8,8,8,FULL:8,FULL,0,0,0,0,0,0,0,1,1,1,1,1,1,1,False,False,True
engine_dp:0:step:453,engine_core_dp_step,0,32000x1000_b16,pure_decode,tp4dp2moetp1ep8,453,453,0,8,8,0,8,8,8,FULL:8,FULL,453,453,0,8,8,0,8,8,8,FULL:8,FULL,0,0,0,0,0,0,0,1,1,1,1,1,1,1,False,False,True
engine_dp:0:step:454,engine_core_dp_step,0,32000x1000_b16,pure_decode,tp4dp2moetp1ep8,454,454,0,8,8,0,8,8,8,FULL:8,FULL,454,454,0,8,8,0,8,8,8,FULL:8,FULL,0,0,0,0,0,0,0,1,1,1,1,1,1,1,False,False,True
engine_dp:0:step:455,engine_core_dp_step,0,32000x1000_b16,pure_decode,tp4dp2moetp1ep8,455,455,0,8,8,0,8,8,8,FULL:8,FULL,455,455,0,8,8,0,8,8,8,FULL:8,FULL,0,0,0,0,0,0,0,1,1,1,1,1,1,1,False,False,True
engine_dp:0:step:456,engine_core_dp_step,0,32000x1000_b16,pure_decode,tp4dp2moetp1ep8,456,456,0,8,8,0,8,8,8,FULL:8,FULL,456,456,0,8,8,0,8,8,8,FULL:8,FULL,0,0,0,0,0,0,0,1,1,1,1,1,1,1,False,False,True
engine_dp:0:step:457,engine_core_dp_step,0,32000x1000_b16,pure_decode,tp4dp2moetp1ep8,457,457,0,8,8,0,8,8,8,FULL:8,FULL,457,457,0,8,8,0,8,8,8,FULL:8,FULL,0,0,0,0,0,0,0,1,1,1,1,1,1,1,False,False,True
engine_dp:0:step:458,engine_core_dp_step,0,32000x1000_b16,pure_decode,tp4dp2moetp1ep8,458,458,0,8,8,0,8,8,8,FULL:8,FULL,458,458,0,8,8,0,8,8,8,FULL:8,FULL,0,0,0,0,0,0,0,1,1,1,1,1,1,1,False,False,True
engine_dp:0:step:459,engine_core_dp_step,0,32000x1000_b16,pure_decode,tp4dp2moetp1ep8,459,459,0,8,8,0,8,8,8,FULL:8,FULL,459,459,0,8,8,0,8,8,8,FULL:8,FULL,0,0,0,0,0,0,0,1,1,1,1,1,1,1,False,False,True
engine_dp:0:step:460,engine_core_dp_step,0,32000x1000_b16,pure_decode,tp4dp2moetp1ep8,460,460,0,8,8,0,8,8,8,FULL:8,FULL,460,460,0,8,8,0,8,8,8,FULL:8,FULL,0,0,0,0,0,0,0,1,1,1,1,1,1,1,False,False,True
engine_dp:0:step:461,engine_core_dp_step,0,32000x1000_b16,pure_decode,tp4dp2moetp1ep8,461,461,0,8,8,0,8,8,8,FULL:8,FULL,461,461,0,8,8,0,8,8,8,FULL:8,FULL,0,0,0,0,0,0,0,1,1,1,1,1,1,1,False,False,True
engine_dp:0:step:462,engine_core_dp_step,0,32000x1000_b16,pure_decode,tp4dp2moetp1ep8,462,462,0,8,8,0,8,8,8,FULL:8,FULL,462,462,0,8,8,0,8,8,8,FULL:8,FULL,0,0,0,0,0,0,0,1,1,1,1,1,1,1,False,False,True
engine_dp:0:step:463,engine_core_dp_step,0,32000x1000_b16,pure_decode,tp4dp2moetp1ep8,463,463,0,8,8,0,8,8,8,FULL:8,FULL,463,463,0,8,8,0,8,8,8,FULL:8,FULL,0,0,0,0,0,0,0,1,1,1,1,1,1,1,False,False,True
engine_dp:0:step:464,engine_core_dp_step,0,32000x1000_b16,pure_decode,tp4dp2moetp1ep8,464,464,0,8,8,0,8,8,8,FULL:8,FULL,464,464,0,8,8,0,8,8,8,FULL:8,FULL,0,0,0,0,0,0,0,1,1,1,1,1,1,1,False,False,True
engine_dp:0:step:465,engine_core_dp_step,0,32000x1000_b16,pure_decode,tp4dp2moetp1ep8,465,465,0,8,8,0,8,8,8,FULL:8,FULL,465,465,0,8,8,0,8,8,8,FULL:8,FULL,0,0,0,0,0,0,0,1,1,1,1,1,1,1,False,False,True
engine_dp:0:step:466,engine_core_dp_step,0,32000x1000_b16,pure_decode,tp4dp2moetp1ep8,466,466,0,8,8,0,8,8,8,FULL:8,FULL,466,466,0,8,8,0,8,8,8,FULL:8,FULL,0,0,0,0,0,0,0,1,1,1,1,1,1,1,False,False,True
engine_dp:0:step:467,engine_core_dp_step,0,32000x1000_b16,pure_decode,tp4dp2moetp1ep8,467,467,0,8,8,0,8,8,8,FULL:8,FULL,467,467,0,8,8,0,8,8,8,FULL:8,FULL,0,0,0,0,0,0,0,1,1,1,1,1,1,1,False,False,True
engine_dp:0:step:468,engine_core_dp_step,0,32000x1000_b16,pure_decode,tp4dp2moetp1ep8,468,468,0,8,8,0,8,8,8,FULL:8,FULL,468,468,0,8,8,0,8,8,8,FULL:8,FULL,0,0,0,0,0,0,0,1,1,1,1,1,1,1,False,False,True
engine_dp:0:step:469,engine_core_dp_step,0,32000x1000_b16,pure_decode,tp4dp2moetp1ep8,469,469,0,8,8,0,8,8,8,FULL:8,FULL,469,469,0,8,8,0,8,8,8,FULL:8,FULL,0,0,0,0,0,0,0,1,1,1,1,1,1,1,False,False,True
engine_dp:0:step:470,engine_core_dp_step,0,32000x1000_b16,pure_decode,tp4dp2moetp1ep8,470,470,0,8,8,0,8,8,8,FULL:8,FULL,470,470,0,8,8,0,8,8,8,FULL:8,FULL,0,0,0,0,0,0,0,1,1,1,1,1,1,1,False,False,True
engine_dp:0:step:471,engine_core_dp_step,0,32000x1000_b16,pure_decode,tp4dp2moetp1ep8,471,471,0,8,8,0,8,8,8,FULL:8,FULL,471,471,0,8,8,0,8,8,8,FULL:8,FULL,0,0,0,0,0,0,0,1,1,1,1,1,1,1,False,False,True
engine_dp:0:step:472,engine_core_dp_step,0,32000x1000_b16,pure_decode,tp4dp2moetp1ep8,472,472,0,8,8,0,8,8,8,FULL:8,FULL,472,472,0,8,8,0,8,8,8,FULL:8,FULL,0,0,0,0,0,0,0,1,1,1,1,1,1,1,False,False,True
engine_dp:0:step:473,engine_core_dp_step,0,32000x1000_b16,pure_decode,tp4dp2moetp1ep8,473,473,0,8,8,0,8,8,8,FULL:8,FULL,473,473,0,8,8,0,8,8,8,FULL:8,FULL,0,0,0,0,0,0,0,1,1,1,1,1,1,1,False,False,True
engine_dp:0:step:474,engine_core_dp_step,0,32000x1000_b16,pure_decode,tp4dp2moetp1ep8,474,474,0,8,8,0,8,8,8,FULL:8,FULL,474,474,0,8,8,0,8,8,8,FULL:8,FULL,0,0,0,0,0,0,0,1,1,1,1,1,1,1,False,False,True
engine_dp:0:step:475,engine_core_dp_step,0,32000x1000_b16,pure_decode,tp4dp2moetp1ep8,475,475,0,8,8,0,8,8,8,FULL:8,FULL,475,475,0,8,8,0,8,8,8,FULL:8,FULL,0,0,0,0,0,0,0,1,1,1,1,1,1,1,False,False,True
engine_dp:0:step:476,engine_core_dp_step,0,32000x1000_b16,pure_decode,tp4dp2moetp1ep8,476,476,0,8,8,0,8,8,8,FULL:8,FULL,476,476,0,8,8,0,8,8,8,FULL:8,FULL,0,0,0,0,0,0,0,1,1,1,1,1,1,1,False,False,True
engine_dp:0:step:477,engine_core_dp_step,0,32000x1000_b16,pure_decode,tp4dp2moetp1ep8,477,477,0,8,8,0,8,8,8,FULL:8,FULL,477,477,0,8,8,0,8,8,8,FULL:8,FULL,0,0,0,0,0,0,0,1,1,1,1,1,1,1,False,False,True
engine_dp:0:step:478,engine_core_dp_step,0,32000x1000_b16,pure_decode,tp4dp2moetp1ep8,478,478,0,8,8,0,8,8,8,FULL:8,FULL,478,478,0,8,8,0,8,8,8,FULL:8,FULL,0,0,0,0,0,0,0,1,1,1,1,1,1,1,False,False,True
engine_dp:0:step:479,engine_core_dp_step,0,32000x1000_b16,pure_decode,tp4dp2moetp1ep8,479,479,0,8,8,0,8,8,8,FULL:8,FULL,479,479,0,8,8,0,8,8,8,FULL:8,FULL,0,0,0,0,0,0,0,1,1,1,1,1,1,1,False,False,True
engine_dp:0:step:480,engine_core_dp_step,0,32000x1000_b16,pure_decode,tp4dp2moetp1ep8,480,480,0,8,8,0,8,8,8,FULL:8,FULL,480,480,0,8,8,0,8,8,8,FULL:8,FULL,0,0,0,0,0,0,0,1,1,1,1,1,1,1,False,False,True
engine_dp:0:step:481,engine_core_dp_step,0,32000x1000_b16,pure_decode,tp4dp2moetp1ep8,481,481,0,8,8,0,8,8,8,FULL:8,FULL,481,481,0,8,8,0,8,8,8,FULL:8,FULL,0,0,0,0,0,0,0,1,1,1,1,1,1,1,False,False,True
engine_dp:0:step:482,engine_core_dp_step,0,32000x1000_b16,pure_decode,tp4dp2moetp1ep8,482,482,0,8,8,0,8,8,8,FULL:8,FULL,482,482,0,8,8,0,8,8,8,FULL:8,FULL,0,0,0,0,0,0,0,1,1,1,1,1,1,1,False,False,True
engine_dp:0:step:483,engine_core_dp_step,0,32000x1000_b16,pure_decode,tp4dp2moetp1ep8,483,483,0,8,8,0,8,8,8,FULL:8,FULL,483,483,0,8,8,0,8,8,8,FULL:8,FULL,0,0,0,0,0,0,0,1,1,1,1,1,1,1,False,False,True
engine_dp:0:step:484,engine_core_dp_step,0,32000x1000_b16,pure_decode,tp4dp2moetp1ep8,484,484,0,8,8,0,8,8,8,FULL:8,FULL,484,484,0,8,8,0,8,8,8,FULL:8,FULL,0,0,0,0,0,0,0,1,1,1,1,1,1,1,False,False,True
engine_dp:0:step:485,engine_core_dp_step,0,32000x1000_b16,pure_decode,tp4dp2moetp1ep8,485,485,0,8,8,0,8,8,8,FULL:8,FULL,485,485,0,8,8,0,8,8,8,FULL:8,FULL,0,0,0,0,0,0,0,1,1,1,1,1,1,1,False,False,True
engine_dp:0:step:486,engine_core_dp_step,0,32000x1000_b16,pure_decode,tp4dp2moetp1ep8,486,486,0,8,8,0,8,8,8,FULL:8,FULL,486,486,0,8,8,0,8,8,8,FULL:8,FULL,0,0,0,0,0,0,0,1,1,1,1,1,1,1,False,False,True
engine_dp:0:step:487,engine_core_dp_step,0,32000x1000_b16,pure_decode,tp4dp2moetp1ep8,487,487,0,8,8,0,8,8,8,FULL:8,FULL,487,487,0,8,8,0,8,8,8,FULL:8,FULL,0,0,0,0,0,0,0,1,1,1,1,1,1,1,False,False,True
engine_dp:0:step:488,engine_core_dp_step,0,32000x1000_b16,pure_decode,tp4dp2moetp1ep8,488,488,0,8,8,0,8,8,8,FULL:8,FULL,488,488,0,8,8,0,8,8,8,FULL:8,FULL,0,0,0,0,0,0,0,1,1,1,1,1,1,1,False,False,True
engine_dp:0:step:489,engine_core_dp_step,0,32000x1000_b16,pure_decode,tp4dp2moetp1ep8,489,489,0,8,8,0,8,8,8,FULL:8,FULL,489,489,0,8,8,0,8,8,8,FULL:8,FULL,0,0,0,0,0,0,0,1,1,1,1,1,1,1,False,False,True
engine_dp:0:step:490,engine_core_dp_step,0,32000x1000_b16,pure_decode,tp4dp2moetp1ep8,490,490,0,8,8,0,8,8,8,FULL:8,FULL,490,490,0,8,8,0,8,8,8,FULL:8,FULL,0,0,0,0,0,0,0,1,1,1,1,1,1,1,False,False,True
engine_dp:0:step:491,engine_core_dp_step,0,32000x1000_b16,pure_decode,tp4dp2moetp1ep8,491,491,0,8,8,0,8,8,8,FULL:8,FULL,491,491,0,8,8,0,8,8,8,FULL:8,FULL,0,0,0,0,0,0,0,1,1,1,1,1,1,1,False,False,True
engine_dp:0:step:492,engine_core_dp_step,0,32000x1000_b16,pure_decode,tp4dp2moetp1ep8,492,492,0,8,8,0,8,8,8,FULL:8,FULL,492,492,0,8,8,0,8,8,8,FULL:8,FULL,0,0,0,0,0,0,0,1,1,1,1,1,1,1,False,False,True
engine_dp:0:step:493,engine_core_dp_step,0,32000x1000_b16,pure_decode,tp4dp2moetp1ep8,493,493,0,8,8,0,8,8,8,FULL:8,FULL,493,493,0,8,8,0,8,8,8,FULL:8,FULL,0,0,0,0,0,0,0,1,1,1,1,1,1,1,False,False,True
engine_dp:0:step:494,engine_core_dp_step,0,32000x1000_b16,pure_decode,tp4dp2moetp1ep8,494,494,0,8,8,0,8,8,8,FULL:8,FULL,494,494,0,8,8,0,8,8,8,FULL:8,FULL,0,0,0,0,0,0,0,1,1,1,1,1,1,1,False,False,True
engine_dp:0:step:495,engine_core_dp_step,0,32000x1000_b16,pure_decode,tp4dp2moetp1ep8,495,495,0,8,8,0,8,8,8,FULL:8,FULL,495,495,0,8,8,0,8,8,8,FULL:8,FULL,0,0,0,0,0,0,0,1,1,1,1,1,1,1,False,False,True
engine_dp:0:step:496,engine_core_dp_step,0,32000x1000_b16,pure_decode,tp4dp2moetp1ep8,496,496,0,8,8,0,8,8,8,FULL:8,FULL,496,496,0,8,8,0,8,8,8,FULL:8,FULL,0,0,0,0,0,0,0,1,1,1,1,1,1,1,False,False,True
engine_dp:0:step:497,engine_core_dp_step,0,32000x1000_b16,pure_decode,tp4dp2moetp1ep8,497,497,0,8,8,0,8,8,8,FULL:8,FULL,497,497,0,8,8,0,8,8,8,FULL:8,FULL,0,0,0,0,0,0,0,1,1,1,1,1,1,1,False,False,True
engine_dp:0:step:498,engine_core_dp_step,0,32000x1000_b16,pure_decode,tp4dp2moetp1ep8,498,498,0,8,8,0,8,8,8,FULL:8,FULL,498,498,0,8,8,0,8,8,8,FULL:8,FULL,0,0,0,0,0,0,0,1,1,1,1,1,1,1,False,False,True
engine_dp:0:step:499,engine_core_dp_step,0,32000x1000_b16,pure_decode,tp4dp2moetp1ep8,499,499,0,8,8,0,8,8,8,FULL:8,FULL,499,499,0,8,8,0,8,8,8,FULL:8,FULL,0,0,0,0,0,0,0,1,1,1,1,1,1,1,False,False,True
engine_dp:0:step:500,engine_core_dp_step,0,32000x1000_b16,pure_decode,tp4dp2moetp1ep8,500,500,0,8,8,0,8,8,8,FULL:8,FULL,500,500,0,8,8,0,8,8,8,FULL:8,FULL,0,0,0,0,0,0,0,1,1,1,1,1,1,1,False,False,True
engine_dp:0:step:501,engine_core_dp_step,0,32000x1000_b16,pure_decode,tp4dp2moetp1ep8,501,501,0,8,8,0,8,8,8,FULL:8,FULL,501,501,0,8,8,0,8,8,8,FULL:8,FULL,0,0,0,0,0,0,0,1,1,1,1,1,1,1,False,False,True
engine_dp:0:step:502,engine_core_dp_step,0,32000x1000_b16,pure_decode,tp4dp2moetp1ep8,502,502,0,8,8,0,8,8,8,FULL:8,FULL,502,502,0,8,8,0,8,8,8,FULL:8,FULL,0,0,0,0,0,0,0,1,1,1,1,1,1,1,False,False,True
engine_dp:0:step:503,engine_core_dp_step,0,32000x1000_b16,pure_decode,tp4dp2moetp1ep8,503,503,0,8,8,0,8,8,8,FULL:8,FULL,503,503,0,8,8,0,8,8,8,FULL:8,FULL,0,0,0,0,0,0,0,1,1,1,1,1,1,1,False,False,True
engine_dp:0:step:504,engine_core_dp_step,0,32000x1000_b16,pure_decode,tp4dp2moetp1ep8,504,504,0,8,8,0,8,8,8,FULL:8,FULL,504,504,0,8,8,0,8,8,8,FULL:8,FULL,0,0,0,0,0,0,0,1,1,1,1,1,1,1,False,False,True
engine_dp:0:step:505,engine_core_dp_step,0,32000x1000_b16,pure_decode,tp4dp2moetp1ep8,505,505,0,8,8,0,8,8,8,FULL:8,FULL,505,505,0,8,8,0,8,8,8,FULL:8,FULL,0,0,0,0,0,0,0,1,1,1,1,1,1,1,False,False,True
engine_dp:0:step:506,engine_core_dp_step,0,32000x1000_b16,pure_decode,tp4dp2moetp1ep8,506,506,0,8,8,0,8,8,8,FULL:8,FULL,506,506,0,8,8,0,8,8,8,FULL:8,FULL,0,0,0,0,0,0,0,1,1,1,1,1,1,1,False,False,True
engine_dp:0:step:507,engine_core_dp_step,0,32000x1000_b16,pure_decode,tp4dp2moetp1ep8,507,507,0,8,8,0,8,8,8,FULL:8,FULL,507,507,0,8,8,0,8,8,8,FULL:8,FULL,0,0,0,0,0,0,0,1,1,1,1,1,1,1,False,False,True
engine_dp:0:step:508,engine_core_dp_step,0,32000x1000_b16,pure_decode,tp4dp2moetp1ep8,508,508,0,8,8,0,8,8,8,FULL:8,FULL,508,508,0,8,8,0,8,8,8,FULL:8,FULL,0,0,0,0,0,0,0,1,1,1,1,1,1,1,False,False,True
engine_dp:0:step:509,engine_core_dp_step,0,32000x1000_b16,pure_decode,tp4dp2moetp1ep8,509,509,0,8,8,0,8,8,8,FULL:8,FULL,509,509,0,8,8,0,8,8,8,FULL:8,FULL,0,0,0,0,0,0,0,1,1,1,1,1,1,1,False,False,True
engine_dp:0:step:510,engine_core_dp_step,0,32000x1000_b16,pure_decode,tp4dp2moetp1ep8,510,510,0,8,8,0,8,8,8,FULL:8,FULL,510,510,0,8,8,0,8,8,8,FULL:8,FULL,0,0,0,0,0,0,0,1,1,1,1,1,1,1,False,False,True
engine_dp:0:step:511,engine_core_dp_step,0,32000x1000_b16,pure_decode,tp4dp2moetp1ep8,511,511,0,8,8,0,8,8,8,FULL:8,FULL,511,511,0,8,8,0,8,8,8,FULL:8,FULL,0,0,0,0,0,0,0,1,1,1,1,1,1,1,False,False,True
engine_dp:0:step:512,engine_core_dp_step,0,32000x1000_b16,pure_decode,tp4dp2moetp1ep8,512,512,0,8,8,0,8,8,8,FULL:8,FULL,512,512,0,8,8,0,8,8,8,FULL:8,FULL,0,0,0,0,0,0,0,1,1,1,1,1,1,1,False,False,True
engine_dp:0:step:513,engine_core_dp_step,0,32000x1000_b16,pure_decode,tp4dp2moetp1ep8,513,513,0,8,8,0,8,8,8,FULL:8,FULL,513,513,0,8,8,0,8,8,8,FULL:8,FULL,0,0,0,0,0,0,0,1,1,1,1,1,1,1,False,False,True
engine_dp:0:step:514,engine_core_dp_step,0,32000x1000_b16,pure_decode,tp4dp2moetp1ep8,514,514,0,8,8,0,8,8,8,FULL:8,FULL,514,514,0,8,8,0,8,8,8,FULL:8,FULL,0,0,0,0,0,0,0,1,1,1,1,1,1,1,False,False,True
engine_dp:0:step:515,engine_core_dp_step,0,32000x1000_b16,pure_decode,tp4dp2moetp1ep8,515,515,0,8,8,0,8,8,8,FULL:8,FULL,515,515,0,8,8,0,8,8,8,FULL:8,FULL,0,0,0,0,0,0,0,1,1,1,1,1,1,1,False,False,True
engine_dp:0:step:516,engine_core_dp_step,0,32000x1000_b16,pure_decode,tp4dp2moetp1ep8,516,516,0,8,8,0,8,8,8,FULL:8,FULL,516,516,0,8,8,0,8,8,8,FULL:8,FULL,0,0,0,0,0,0,0,1,1,1,1,1,1,1,False,False,True
engine_dp:0:step:517,engine_core_dp_step,0,32000x1000_b16,pure_decode,tp4dp2moetp1ep8,517,517,0,8,8,0,8,8,8,FULL:8,FULL,517,517,0,8,8,0,8,8,8,FULL:8,FULL,0,0,0,0,0,0,0,1,1,1,1,1,1,1,False,False,True
engine_dp:0:step:518,engine_core_dp_step,0,32000x1000_b16,pure_decode,tp4dp2moetp1ep8,518,518,0,8,8,0,8,8,8,FULL:8,FULL,518,518,0,8,8,0,8,8,8,FULL:8,FULL,0,0,0,0,0,0,0,1,1,1,1,1,1,1,False,False,True
engine_dp:0:step:519,engine_core_dp_step,0,32000x1000_b16,pure_decode,tp4dp2moetp1ep8,519,519,0,8,8,0,8,8,8,FULL:8,FULL,519,519,0,8,8,0,8,8,8,FULL:8,FULL,0,0,0,0,0,0,0,1,1,1,1,1,1,1,False,False,True
engine_dp:0:step:520,engine_core_dp_step,0,32000x1000_b16,pure_decode,tp4dp2moetp1ep8,520,520,0,8,8,0,8,8,8,FULL:8,FULL,520,520,0,8,8,0,8,8,8,FULL:8,FULL,0,0,0,0,0,0,0,1,1,1,1,1,1,1,False,False,True
engine_dp:0:step:521,engine_core_dp_step,0,32000x1000_b16,pure_decode,tp4dp2moetp1ep8,521,521,0,8,8,0,8,8,8,FULL:8,FULL,521,521,0,8,8,0,8,8,8,FULL:8,FULL,0,0,0,0,0,0,0,1,1,1,1,1,1,1,False,False,True
engine_dp:0:step:522,engine_core_dp_step,0,32000x1000_b16,pure_decode,tp4dp2moetp1ep8,522,522,0,8,8,0,8,8,8,FULL:8,FULL,522,522,0,8,8,0,8,8,8,FULL:8,FULL,0,0,0,0,0,0,0,1,1,1,1,1,1,1,False,False,True
engine_dp:0:step:523,engine_core_dp_step,0,32000x1000_b16,pure_decode,tp4dp2moetp1ep8,523,523,0,8,8,0,8,8,8,FULL:8,FULL,523,523,0,8,8,0,8,8,8,FULL:8,FULL,0,0,0,0,0,0,0,1,1,1,1,1,1,1,False,False,True
engine_dp:0:step:524,engine_core_dp_step,0,32000x1000_b16,pure_decode,tp4dp2moetp1ep8,524,524,0,8,8,0,8,8,8,FULL:8,FULL,524,524,0,8,8,0,8,8,8,FULL:8,FULL,0,0,0,0,0,0,0,1,1,1,1,1,1,1,False,False,True
engine_dp:0:step:525,engine_core_dp_step,0,32000x1000_b16,pure_decode,tp4dp2moetp1ep8,525,525,0,8,8,0,8,8,8,FULL:8,FULL,525,525,0,8,8,0,8,8,8,FULL:8,FULL,0,0,0,0,0,0,0,1,1,1,1,1,1,1,False,False,True
engine_dp:0:step:526,engine_core_dp_step,0,32000x1000_b16,pure_decode,tp4dp2moetp1ep8,526,526,0,8,8,0,8,8,8,FULL:8,FULL,526,526,0,8,8,0,8,8,8,FULL:8,FULL,0,0,0,0,0,0,0,1,1,1,1,1,1,1,False,False,True
engine_dp:0:step:527,engine_core_dp_step,0,32000x1000_b16,pure_decode,tp4dp2moetp1ep8,527,527,0,8,8,0,8,8,8,FULL:8,FULL,527,527,0,8,8,0,8,8,8,FULL:8,FULL,0,0,0,0,0,0,0,1,1,1,1,1,1,1,False,False,True
engine_dp:0:step:528,engine_core_dp_step,0,32000x1000_b16,pure_decode,tp4dp2moetp1ep8,528,528,0,8,8,0,8,8,8,FULL:8,FULL,528,528,0,8,8,0,8,8,8,FULL:8,FULL,0,0,0,0,0,0,0,1,1,1,1,1,1,1,False,False,True
engine_dp:0:step:529,engine_core_dp_step,0,32000x1000_b16,pure_decode,tp4dp2moetp1ep8,529,529,0,8,8,0,8,8,8,FULL:8,FULL,529,529,0,8,8,0,8,8,8,FULL:8,FULL,0,0,0,0,0,0,0,1,1,1,1,1,1,1,False,False,True
engine_dp:0:step:530,engine_core_dp_step,0,32000x1000_b16,pure_decode,tp4dp2moetp1ep8,530,530,0,8,8,0,8,8,8,FULL:8,FULL,530,530,0,8,8,0,8,8,8,FULL:8,FULL,0,0,0,0,0,0,0,1,1,1,1,1,1,1,False,False,True
engine_dp:0:step:531,engine_core_dp_step,0,32000x1000_b16,pure_decode,tp4dp2moetp1ep8,531,531,0,8,8,0,8,8,8,FULL:8,FULL,531,531,0,8,8,0,8,8,8,FULL:8,FULL,0,0,0,0,0,0,0,1,1,1,1,1,1,1,False,False,True
engine_dp:0:step:532,engine_core_dp_step,0,32000x1000_b16,pure_decode,tp4dp2moetp1ep8,532,532,0,8,8,0,8,8,8,FULL:8,FULL,532,532,0,8,8,0,8,8,8,FULL:8,FULL,0,0,0,0,0,0,0,1,1,1,1,1,1,1,False,False,True
engine_dp:0:step:533,engine_core_dp_step,0,32000x1000_b16,pure_decode,tp4dp2moetp1ep8,533,533,0,8,8,0,8,8,8,FULL:8,FULL,533,533,0,8,8,0,8,8,8,FULL:8,FULL,0,0,0,0,0,0,0,1,1,1,1,1,1,1,False,False,True
engine_dp:0:step:534,engine_core_dp_step,0,32000x1000_b16,pure_decode,tp4dp2moetp1ep8,534,534,0,8,8,0,8,8,8,FULL:8,FULL,534,534,0,8,8,0,8,8,8,FULL:8,FULL,0,0,0,0,0,0,0,1,1,1,1,1,1,1,False,False,True
engine_dp:0:step:535,engine_core_dp_step,0,32000x1000_b16,pure_decode,tp4dp2moetp1ep8,535,535,0,8,8,0,8,8,8,FULL:8,FULL,535,535,0,8,8,0,8,8,8,FULL:8,FULL,0,0,0,0,0,0,0,1,1,1,1,1,1,1,False,False,True
engine_dp:0:step:536,engine_core_dp_step,0,32000x1000_b16,pure_decode,tp4dp2moetp1ep8,536,536,0,8,8,0,8,8,8,FULL:8,FULL,536,536,0,8,8,0,8,8,8,FULL:8,FULL,0,0,0,0,0,0,0,1,1,1,1,1,1,1,False,False,True
engine_dp:0:step:537,engine_core_dp_step,0,32000x1000_b16,pure_decode,tp4dp2moetp1ep8,537,537,0,8,8,0,8,8,8,FULL:8,FULL,537,537,0,8,8,0,8,8,8,FULL:8,FULL,0,0,0,0,0,0,0,1,1,1,1,1,1,1,False,False,True
engine_dp:0:step:538,engine_core_dp_step,0,32000x1000_b16,pure_decode,tp4dp2moetp1ep8,538,538,0,8,8,0,8,8,8,FULL:8,FULL,538,538,0,8,8,0,8,8,8,FULL:8,FULL,0,0,0,0,0,0,0,1,1,1,1,1,1,1,False,False,True
engine_dp:0:step:539,engine_core_dp_step,0,32000x1000_b16,pure_decode,tp4dp2moetp1ep8,539,539,0,8,8,0,8,8,8,FULL:8,FULL,539,539,0,8,8,0,8,8,8,FULL:8,FULL,0,0,0,0,0,0,0,1,1,1,1,1,1,1,False,False,True
engine_dp:0:step:540,engine_core_dp_step,0,32000x1000_b16,pure_decode,tp4dp2moetp1ep8,540,540,0,8,8,0,8,8,8,FULL:8,FULL,540,540,0,8,8,0,8,8,8,FULL:8,FULL,0,0,0,0,0,0,0,1,1,1,1,1,1,1,False,False,True
engine_dp:0:step:541,engine_core_dp_step,0,32000x1000_b16,pure_decode,tp4dp2moetp1ep8,541,541,0,8,8,0,8,8,8,FULL:8,FULL,541,541,0,8,8,0,8,8,8,FULL:8,FULL,0,0,0,0,0,0,0,1,1,1,1,1,1,1,False,False,True
engine_dp:0:step:542,engine_core_dp_step,0,32000x1000_b16,pure_decode,tp4dp2moetp1ep8,542,542,0,8,8,0,8,8,8,FULL:8,FULL,542,542,0,8,8,0,8,8,8,FULL:8,FULL,0,0,0,0,0,0,0,1,1,1,1,1,1,1,False,False,True
engine_dp:0:step:543,engine_core_dp_step,0,32000x1000_b16,pure_decode,tp4dp2moetp1ep8,543,543,0,8,8,0,8,8,8,FULL:8,FULL,543,543,0,8,8,0,8,8,8,FULL:8,FULL,0,0,0,0,0,0,0,1,1,1,1,1,1,1,False,False,True
engine_dp:0:step:544,engine_core_dp_step,0,32000x1000_b16,pure_decode,tp4dp2moetp1ep8,544,544,0,8,8,0,8,8,8,FULL:8,FULL,544,544,0,8,8,0,8,8,8,FULL:8,FULL,0,0,0,0,0,0,0,1,1,1,1,1,1,1,False,False,True
engine_dp:0:step:545,engine_core_dp_step,0,32000x1000_b16,pure_decode,tp4dp2moetp1ep8,545,545,0,8,8,0,8,8,8,FULL:8,FULL,545,545,0,8,8,0,8,8,8,FULL:8,FULL,0,0,0,0,0,0,0,1,1,1,1,1,1,1,False,False,True
engine_dp:0:step:546,engine_core_dp_step,0,32000x1000_b16,pure_decode,tp4dp2moetp1ep8,546,546,0,8,8,0,8,8,8,FULL:8,FULL,546,546,0,8,8,0,8,8,8,FULL:8,FULL,0,0,0,0,0,0,0,1,1,1,1,1,1,1,False,False,True
engine_dp:0:step:547,engine_core_dp_step,0,32000x1000_b16,pure_decode,tp4dp2moetp1ep8,547,547,0,8,8,0,8,8,8,FULL:8,FULL,547,547,0,8,8,0,8,8,8,FULL:8,FULL,0,0,0,0,0,0,0,1,1,1,1,1,1,1,False,False,True
engine_dp:0:step:548,engine_core_dp_step,0,32000x1000_b16,pure_decode,tp4dp2moetp1ep8,548,548,0,8,8,0,8,8,8,FULL:8,FULL,548,548,0,8,8,0,8,8,8,FULL:8,FULL,0,0,0,0,0,0,0,1,1,1,1,1,1,1,False,False,True
engine_dp:0:step:549,engine_core_dp_step,0,32000x1000_b16,pure_decode,tp4dp2moetp1ep8,549,549,0,8,8,0,8,8,8,FULL:8,FULL,549,549,0,8,8,0,8,8,8,FULL:8,FULL,0,0,0,0,0,0,0,1,1,1,1,1,1,1,False,False,True
engine_dp:0:step:550,engine_core_dp_step,0,32000x1000_b16,pure_decode,tp4dp2moetp1ep8,550,550,0,8,8,0,8,8,8,FULL:8,FULL,550,550,0,8,8,0,8,8,8,FULL:8,FULL,0,0,0,0,0,0,0,1,1,1,1,1,1,1,False,False,True
engine_dp:0:step:551,engine_core_dp_step,0,32000x1000_b16,pure_decode,tp4dp2moetp1ep8,551,551,0,8,8,0,8,8,8,FULL:8,FULL,551,551,0,8,8,0,8,8,8,FULL:8,FULL,0,0,0,0,0,0,0,1,1,1,1,1,1,1,False,False,True
engine_dp:0:step:552,engine_core_dp_step,0,32000x1000_b16,pure_decode,tp4dp2moetp1ep8,552,552,0,8,8,0,8,8,8,FULL:8,FULL,552,552,0,8,8,0,8,8,8,FULL:8,FULL,0,0,0,0,0,0,0,1,1,1,1,1,1,1,False,False,True
engine_dp:0:step:553,engine_core_dp_step,0,32000x1000_b16,pure_decode,tp4dp2moetp1ep8,553,553,0,8,8,0,8,8,8,FULL:8,FULL,553,553,0,8,8,0,8,8,8,FULL:8,FULL,0,0,0,0,0,0,0,1,1,1,1,1,1,1,False,False,True
engine_dp:0:step:554,engine_core_dp_step,0,32000x1000_b16,pure_decode,tp4dp2moetp1ep8,554,554,0,8,8,0,8,8,8,FULL:8,FULL,554,554,0,8,8,0,8,8,8,FULL:8,FULL,0,0,0,0,0,0,0,1,1,1,1,1,1,1,False,False,True
engine_dp:0:step:555,engine_core_dp_step,0,32000x1000_b16,pure_decode,tp4dp2moetp1ep8,555,555,0,8,8,0,8,8,8,FULL:8,FULL,555,555,0,8,8,0,8,8,8,FULL:8,FULL,0,0,0,0,0,0,0,1,1,1,1,1,1,1,False,False,True
engine_dp:0:step:556,engine_core_dp_step,0,32000x1000_b16,pure_decode,tp4dp2moetp1ep8,556,556,0,8,8,0,8,8,8,FULL:8,FULL,556,556,0,8,8,0,8,8,8,FULL:8,FULL,0,0,0,0,0,0,0,1,1,1,1,1,1,1,False,False,True
engine_dp:0:step:557,engine_core_dp_step,0,32000x1000_b16,pure_decode,tp4dp2moetp1ep8,557,557,0,8,8,0,8,8,8,FULL:8,FULL,557,557,0,8,8,0,8,8,8,FULL:8,FULL,0,0,0,0,0,0,0,1,1,1,1,1,1,1,False,False,True
engine_dp:0:step:558,engine_core_dp_step,0,32000x1000_b16,pure_decode,tp4dp2moetp1ep8,558,558,0,8,8,0,8,8,8,FULL:8,FULL,558,558,0,8,8,0,8,8,8,FULL:8,FULL,0,0,0,0,0,0,0,1,1,1,1,1,1,1,False,False,True
engine_dp:0:step:559,engine_core_dp_step,0,32000x1000_b16,pure_decode,tp4dp2moetp1ep8,559,559,0,8,8,0,8,8,8,FULL:8,FULL,559,559,0,8,8,0,8,8,8,FULL:8,FULL,0,0,0,0,0,0,0,1,1,1,1,1,1,1,False,False,True
engine_dp:0:step:560,engine_core_dp_step,0,32000x1000_b16,pure_decode,tp4dp2moetp1ep8,560,560,0,8,8,0,8,8,8,FULL:8,FULL,560,560,0,8,8,0,8,8,8,FULL:8,FULL,0,0,0,0,0,0,0,1,1,1,1,1,1,1,False,False,True
engine_dp:0:step:561,engine_core_dp_step,0,32000x1000_b16,pure_decode,tp4dp2moetp1ep8,561,561,0,8,8,0,8,8,8,FULL:8,FULL,561,561,0,8,8,0,8,8,8,FULL:8,FULL,0,0,0,0,0,0,0,1,1,1,1,1,1,1,False,False,True
engine_dp:0:step:562,engine_core_dp_step,0,32000x1000_b16,pure_decode,tp4dp2moetp1ep8,562,562,0,8,8,0,8,8,8,FULL:8,FULL,562,562,0,8,8,0,8,8,8,FULL:8,FULL,0,0,0,0,0,0,0,1,1,1,1,1,1,1,False,False,True
engine_dp:0:step:563,engine_core_dp_step,0,32000x1000_b16,pure_decode,tp4dp2moetp1ep8,563,563,0,8,8,0,8,8,8,FULL:8,FULL,563,563,0,8,8,0,8,8,8,FULL:8,FULL,0,0,0,0,0,0,0,1,1,1,1,1,1,1,False,False,True
engine_dp:0:step:564,engine_core_dp_step,0,32000x1000_b16,pure_decode,tp4dp2moetp1ep8,564,564,0,8,8,0,8,8,8,FULL:8,FULL,564,564,0,8,8,0,8,8,8,FULL:8,FULL,0,0,0,0,0,0,0,1,1,1,1,1,1,1,False,False,True
engine_dp:0:step:565,engine_core_dp_step,0,32000x1000_b16,pure_decode,tp4dp2moetp1ep8,565,565,0,8,8,0,8,8,8,FULL:8,FULL,565,565,0,8,8,0,8,8,8,FULL:8,FULL,0,0,0,0,0,0,0,1,1,1,1,1,1,1,False,False,True
engine_dp:0:step:566,engine_core_dp_step,0,32000x1000_b16,pure_decode,tp4dp2moetp1ep8,566,566,0,8,8,0,8,8,8,FULL:8,FULL,566,566,0,8,8,0,8,8,8,FULL:8,FULL,0,0,0,0,0,0,0,1,1,1,1,1,1,1,False,False,True
engine_dp:0:step:567,engine_core_dp_step,0,32000x1000_b16,pure_decode,tp4dp2moetp1ep8,567,567,0,8,8,0,8,8,8,FULL:8,FULL,567,567,0,8,8,0,8,8,8,FULL:8,FULL,0,0,0,0,0,0,0,1,1,1,1,1,1,1,False,False,True
engine_dp:0:step:568,engine_core_dp_step,0,32000x1000_b16,pure_decode,tp4dp2moetp1ep8,568,568,0,8,8,0,8,8,8,FULL:8,FULL,568,568,0,8,8,0,8,8,8,FULL:8,FULL,0,0,0,0,0,0,0,1,1,1,1,1,1,1,False,False,True
engine_dp:0:step:569,engine_core_dp_step,0,32000x1000_b16,pure_decode,tp4dp2moetp1ep8,569,569,0,8,8,0,8,8,8,FULL:8,FULL,569,569,0,8,8,0,8,8,8,FULL:8,FULL,0,0,0,0,0,0,0,1,1,1,1,1,1,1,False,False,True
engine_dp:0:step:570,engine_core_dp_step,0,32000x1000_b16,pure_decode,tp4dp2moetp1ep8,570,570,0,8,8,0,8,8,8,FULL:8,FULL,570,570,0,8,8,0,8,8,8,FULL:8,FULL,0,0,0,0,0,0,0,1,1,1,1,1,1,1,False,False,True
engine_dp:0:step:571,engine_core_dp_step,0,32000x1000_b16,pure_decode,tp4dp2moetp1ep8,571,571,0,8,8,0,8,8,8,FULL:8,FULL,571,571,0,8,8,0,8,8,8,FULL:8,FULL,0,0,0,0,0,0,0,1,1,1,1,1,1,1,False,False,True
engine_dp:0:step:572,engine_core_dp_step,0,32000x1000_b16,pure_decode,tp4dp2moetp1ep8,572,572,0,8,8,0,8,8,8,FULL:8,FULL,572,572,0,8,8,0,8,8,8,FULL:8,FULL,0,0,0,0,0,0,0,1,1,1,1,1,1,1,False,False,True
engine_dp:0:step:573,engine_core_dp_step,0,32000x1000_b16,pure_decode,tp4dp2moetp1ep8,573,573,0,8,8,0,8,8,8,FULL:8,FULL,573,573,0,8,8,0,8,8,8,FULL:8,FULL,0,0,0,0,0,0,0,1,1,1,1,1,1,1,False,False,True
engine_dp:0:step:574,engine_core_dp_step,0,32000x1000_b16,pure_decode,tp4dp2moetp1ep8,574,574,0,8,8,0,8,8,8,FULL:8,FULL,574,574,0,8,8,0,8,8,8,FULL:8,FULL,0,0,0,0,0,0,0,1,1,1,1,1,1,1,False,False,True
engine_dp:0:step:575,engine_core_dp_step,0,32000x1000_b16,pure_decode,tp4dp2moetp1ep8,575,575,0,8,8,0,8,8,8,FULL:8,FULL,575,575,0,8,8,0,8,8,8,FULL:8,FULL,0,0,0,0,0,0,0,1,1,1,1,1,1,1,False,False,True
engine_dp:0:step:576,engine_core_dp_step,0,32000x1000_b16,pure_decode,tp4dp2moetp1ep8,576,576,0,8,8,0,8,8,8,FULL:8,FULL,576,576,0,8,8,0,8,8,8,FULL:8,FULL,0,0,0,0,0,0,0,1,1,1,1,1,1,1,False,False,True
engine_dp:0:step:577,engine_core_dp_step,0,32000x1000_b16,pure_decode,tp4dp2moetp1ep8,577,577,0,8,8,0,8,8,8,FULL:8,FULL,577,577,0,8,8,0,8,8,8,FULL:8,FULL,0,0,0,0,0,0,0,1,1,1,1,1,1,1,False,False,True
engine_dp:0:step:578,engine_core_dp_step,0,32000x1000_b16,pure_decode,tp4dp2moetp1ep8,578,578,0,8,8,0,8,8,8,FULL:8,FULL,578,578,0,8,8,0,8,8,8,FULL:8,FULL,0,0,0,0,0,0,0,1,1,1,1,1,1,1,False,False,True
engine_dp:0:step:579,engine_core_dp_step,0,32000x1000_b16,pure_decode,tp4dp2moetp1ep8,579,579,0,8,8,0,8,8,8,FULL:8,FULL,579,579,0,8,8,0,8,8,8,FULL:8,FULL,0,0,0,0,0,0,0,1,1,1,1,1,1,1,False,False,True
engine_dp:0:step:580,engine_core_dp_step,0,32000x1000_b16,pure_decode,tp4dp2moetp1ep8,580,580,0,8,8,0,8,8,8,FULL:8,FULL,580,580,0,8,8,0,8,8,8,FULL:8,FULL,0,0,0,0,0,0,0,1,1,1,1,1,1,1,False,False,True
engine_dp:0:step:581,engine_core_dp_step,0,32000x1000_b16,pure_decode,tp4dp2moetp1ep8,581,581,0,8,8,0,8,8,8,FULL:8,FULL,581,581,0,8,8,0,8,8,8,FULL:8,FULL,0,0,0,0,0,0,0,1,1,1,1,1,1,1,False,False,True
engine_dp:0:step:582,engine_core_dp_step,0,32000x1000_b16,pure_decode,tp4dp2moetp1ep8,582,582,0,8,8,0,8,8,8,FULL:8,FULL,582,582,0,8,8,0,8,8,8,FULL:8,FULL,0,0,0,0,0,0,0,1,1,1,1,1,1,1,False,False,True
engine_dp:0:step:583,engine_core_dp_step,0,32000x1000_b16,pure_decode,tp4dp2moetp1ep8,583,583,0,8,8,0,8,8,8,FULL:8,FULL,583,583,0,8,8,0,8,8,8,FULL:8,FULL,0,0,0,0,0,0,0,1,1,1,1,1,1,1,False,False,True
engine_dp:0:step:584,engine_core_dp_step,0,32000x1000_b16,pure_decode,tp4dp2moetp1ep8,584,584,0,8,8,0,8,8,8,FULL:8,FULL,584,584,0,8,8,0,8,8,8,FULL:8,FULL,0,0,0,0,0,0,0,1,1,1,1,1,1,1,False,False,True
engine_dp:0:step:585,engine_core_dp_step,0,32000x1000_b16,pure_decode,tp4dp2moetp1ep8,585,585,0,8,8,0,8,8,8,FULL:8,FULL,585,585,0,8,8,0,8,8,8,FULL:8,FULL,0,0,0,0,0,0,0,1,1,1,1,1,1,1,False,False,True
engine_dp:0:step:586,engine_core_dp_step,0,32000x1000_b16,pure_decode,tp4dp2moetp1ep8,586,586,0,8,8,0,8,8,8,FULL:8,FULL,586,586,0,8,8,0,8,8,8,FULL:8,FULL,0,0,0,0,0,0,0,1,1,1,1,1,1,1,False,False,True
engine_dp:0:step:587,engine_core_dp_step,0,32000x1000_b16,pure_decode,tp4dp2moetp1ep8,587,587,0,8,8,0,8,8,8,FULL:8,FULL,587,587,0,8,8,0,8,8,8,FULL:8,FULL,0,0,0,0,0,0,0,1,1,1,1,1,1,1,False,False,True
engine_dp:0:step:588,engine_core_dp_step,0,32000x1000_b16,pure_decode,tp4dp2moetp1ep8,588,588,0,8,8,0,8,8,8,FULL:8,FULL,588,588,0,8,8,0,8,8,8,FULL:8,FULL,0,0,0,0,0,0,0,1,1,1,1,1,1,1,False,False,True
engine_dp:0:step:589,engine_core_dp_step,0,32000x1000_b16,pure_decode,tp4dp2moetp1ep8,589,589,0,8,8,0,8,8,8,FULL:8,FULL,589,589,0,8,8,0,8,8,8,FULL:8,FULL,0,0,0,0,0,0,0,1,1,1,1,1,1,1,False,False,True
engine_dp:0:step:590,engine_core_dp_step,0,32000x1000_b16,pure_decode,tp4dp2moetp1ep8,590,590,0,8,8,0,8,8,8,FULL:8,FULL,590,590,0,8,8,0,8,8,8,FULL:8,FULL,0,0,0,0,0,0,0,1,1,1,1,1,1,1,False,False,True
engine_dp:0:step:591,engine_core_dp_step,0,32000x1000_b16,pure_decode,tp4dp2moetp1ep8,591,591,0,8,8,0,8,8,8,FULL:8,FULL,591,591,0,8,8,0,8,8,8,FULL:8,FULL,0,0,0,0,0,0,0,1,1,1,1,1,1,1,False,False,True
engine_dp:0:step:592,engine_core_dp_step,0,32000x1000_b16,pure_decode,tp4dp2moetp1ep8,592,592,0,8,8,0,8,8,8,FULL:8,FULL,592,592,0,8,8,0,8,8,8,FULL:8,FULL,0,0,0,0,0,0,0,1,1,1,1,1,1,1,False,False,True
engine_dp:0:step:593,engine_core_dp_step,0,32000x1000_b16,pure_decode,tp4dp2moetp1ep8,593,593,0,8,8,0,8,8,8,FULL:8,FULL,593,593,0,8,8,0,8,8,8,FULL:8,FULL,0,0,0,0,0,0,0,1,1,1,1,1,1,1,False,False,True
engine_dp:0:step:594,engine_core_dp_step,0,32000x1000_b16,pure_decode,tp4dp2moetp1ep8,594,594,0,8,8,0,8,8,8,FULL:8,FULL,594,594,0,8,8,0,8,8,8,FULL:8,FULL,0,0,0,0,0,0,0,1,1,1,1,1,1,1,False,False,True
engine_dp:0:step:595,engine_core_dp_step,0,32000x1000_b16,pure_decode,tp4dp2moetp1ep8,595,595,0,8,8,0,8,8,8,FULL:8,FULL,595,595,0,8,8,0,8,8,8,FULL:8,FULL,0,0,0,0,0,0,0,1,1,1,1,1,1,1,False,False,True
engine_dp:0:step:596,engine_core_dp_step,0,32000x1000_b16,pure_decode,tp4dp2moetp1ep8,596,596,0,8,8,0,8,8,8,FULL:8,FULL,596,596,0,8,8,0,8,8,8,FULL:8,FULL,0,0,0,0,0,0,0,1,1,1,1,1,1,1,False,False,True
engine_dp:0:step:597,engine_core_dp_step,0,32000x1000_b16,pure_decode,tp4dp2moetp1ep8,597,597,0,8,8,0,8,8,8,FULL:8,FULL,597,597,0,8,8,0,8,8,8,FULL:8,FULL,0,0,0,0,0,0,0,1,1,1,1,1,1,1,False,False,True
engine_dp:0:step:598,engine_core_dp_step,0,32000x1000_b16,pure_decode,tp4dp2moetp1ep8,598,598,0,8,8,0,8,8,8,FULL:8,FULL,598,598,0,8,8,0,8,8,8,FULL:8,FULL,0,0,0,0,0,0,0,1,1,1,1,1,1,1,False,False,True
engine_dp:0:step:599,engine_core_dp_step,0,32000x1000_b16,pure_decode,tp4dp2moetp1ep8,599,599,0,8,8,0,8,8,8,FULL:8,FULL,599,599,0,8,8,0,8,8,8,FULL:8,FULL,0,0,0,0,0,0,0,1,1,1,1,1,1,1,False,False,True
engine_dp:0:step:600,engine_core_dp_step,0,32000x1000_b16,pure_decode,tp4dp2moetp1ep8,600,600,0,8,8,0,8,8,8,FULL:8,FULL,600,600,0,8,8,0,8,8,8,FULL:8,FULL,0,0,0,0,0,0,0,1,1,1,1,1,1,1,False,False,True
engine_dp:0:step:601,engine_core_dp_step,0,32000x1000_b16,pure_decode,tp4dp2moetp1ep8,601,601,0,8,8,0,8,8,8,FULL:8,FULL,601,601,0,8,8,0,8,8,8,FULL:8,FULL,0,0,0,0,0,0,0,1,1,1,1,1,1,1,False,False,True
engine_dp:0:step:602,engine_core_dp_step,0,32000x1000_b16,pure_decode,tp4dp2moetp1ep8,602,602,0,8,8,0,8,8,8,FULL:8,FULL,602,602,0,8,8,0,8,8,8,FULL:8,FULL,0,0,0,0,0,0,0,1,1,1,1,1,1,1,False,False,True
engine_dp:0:step:603,engine_core_dp_step,0,32000x1000_b16,pure_decode,tp4dp2moetp1ep8,603,603,0,8,8,0,8,8,8,FULL:8,FULL,603,603,0,8,8,0,8,8,8,FULL:8,FULL,0,0,0,0,0,0,0,1,1,1,1,1,1,1,False,False,True
engine_dp:0:step:604,engine_core_dp_step,0,32000x1000_b16,pure_decode,tp4dp2moetp1ep8,604,604,0,8,8,0,8,8,8,FULL:8,FULL,604,604,0,8,8,0,8,8,8,FULL:8,FULL,0,0,0,0,0,0,0,1,1,1,1,1,1,1,False,False,True
engine_dp:0:step:605,engine_core_dp_step,0,32000x1000_b16,pure_decode,tp4dp2moetp1ep8,605,605,0,8,8,0,8,8,8,FULL:8,FULL,605,605,0,8,8,0,8,8,8,FULL:8,FULL,0,0,0,0,0,0,0,1,1,1,1,1,1,1,False,False,True
engine_dp:0:step:606,engine_core_dp_step,0,32000x1000_b16,pure_decode,tp4dp2moetp1ep8,606,606,0,8,8,0,8,8,8,FULL:8,FULL,606,606,0,8,8,0,8,8,8,FULL:8,FULL,0,0,0,0,0,0,0,1,1,1,1,1,1,1,False,False,True
engine_dp:0:step:607,engine_core_dp_step,0,32000x1000_b16,pure_decode,tp4dp2moetp1ep8,607,607,0,8,8,0,8,8,8,FULL:8,FULL,607,607,0,8,8,0,8,8,8,FULL:8,FULL,0,0,0,0,0,0,0,1,1,1,1,1,1,1,False,False,True
engine_dp:0:step:608,engine_core_dp_step,0,32000x1000_b16,pure_decode,tp4dp2moetp1ep8,608,608,0,8,8,0,8,8,8,FULL:8,FULL,608,608,0,8,8,0,8,8,8,FULL:8,FULL,0,0,0,0,0,0,0,1,1,1,1,1,1,1,False,False,True
engine_dp:0:step:609,engine_core_dp_step,0,32000x1000_b16,pure_decode,tp4dp2moetp1ep8,609,609,0,8,8,0,8,8,8,FULL:8,FULL,609,609,0,8,8,0,8,8,8,FULL:8,FULL,0,0,0,0,0,0,0,1,1,1,1,1,1,1,False,False,True
engine_dp:0:step:610,engine_core_dp_step,0,32000x1000_b16,pure_decode,tp4dp2moetp1ep8,610,610,0,8,8,0,8,8,8,FULL:8,FULL,610,610,0,8,8,0,8,8,8,FULL:8,FULL,0,0,0,0,0,0,0,1,1,1,1,1,1,1,False,False,True
engine_dp:0:step:611,engine_core_dp_step,0,32000x1000_b16,pure_decode,tp4dp2moetp1ep8,611,611,0,8,8,0,8,8,8,FULL:8,FULL,611,611,0,8,8,0,8,8,8,FULL:8,FULL,0,0,0,0,0,0,0,1,1,1,1,1,1,1,False,False,True
engine_dp:0:step:612,engine_core_dp_step,0,32000x1000_b16,pure_decode,tp4dp2moetp1ep8,612,612,0,8,8,0,8,8,8,FULL:8,FULL,612,612,0,8,8,0,8,8,8,FULL:8,FULL,0,0,0,0,0,0,0,1,1,1,1,1,1,1,False,False,True
engine_dp:0:step:613,engine_core_dp_step,0,32000x1000_b16,pure_decode,tp4dp2moetp1ep8,613,613,0,8,8,0,8,8,8,FULL:8,FULL,613,613,0,8,8,0,8,8,8,FULL:8,FULL,0,0,0,0,0,0,0,1,1,1,1,1,1,1,False,False,True
engine_dp:0:step:614,engine_core_dp_step,0,32000x1000_b16,pure_decode,tp4dp2moetp1ep8,614,614,0,8,8,0,8,8,8,FULL:8,FULL,614,614,0,8,8,0,8,8,8,FULL:8,FULL,0,0,0,0,0,0,0,1,1,1,1,1,1,1,False,False,True
engine_dp:0:step:615,engine_core_dp_step,0,32000x1000_b16,pure_decode,tp4dp2moetp1ep8,615,615,0,8,8,0,8,8,8,FULL:8,FULL,615,615,0,8,8,0,8,8,8,FULL:8,FULL,0,0,0,0,0,0,0,1,1,1,1,1,1,1,False,False,True
engine_dp:0:step:616,engine_core_dp_step,0,32000x1000_b16,pure_decode,tp4dp2moetp1ep8,616,616,0,8,8,0,8,8,8,FULL:8,FULL,616,616,0,8,8,0,8,8,8,FULL:8,FULL,0,0,0,0,0,0,0,1,1,1,1,1,1,1,False,False,True
engine_dp:0:step:617,engine_core_dp_step,0,32000x1000_b16,pure_decode,tp4dp2moetp1ep8,617,617,0,8,8,0,8,8,8,FULL:8,FULL,617,617,0,8,8,0,8,8,8,FULL:8,FULL,0,0,0,0,0,0,0,1,1,1,1,1,1,1,False,False,True
engine_dp:0:step:618,engine_core_dp_step,0,32000x1000_b16,pure_decode,tp4dp2moetp1ep8,618,618,0,8,8,0,8,8,8,FULL:8,FULL,618,618,0,8,8,0,8,8,8,FULL:8,FULL,0,0,0,0,0,0,0,1,1,1,1,1,1,1,False,False,True
engine_dp:0:step:619,engine_core_dp_step,0,32000x1000_b16,pure_decode,tp4dp2moetp1ep8,619,619,0,8,8,0,8,8,8,FULL:8,FULL,619,619,0,8,8,0,8,8,8,FULL:8,FULL,0,0,0,0,0,0,0,1,1,1,1,1,1,1,False,False,True
engine_dp:0:step:620,engine_core_dp_step,0,32000x1000_b16,pure_decode,tp4dp2moetp1ep8,620,620,0,8,8,0,8,8,8,FULL:8,FULL,620,620,0,8,8,0,8,8,8,FULL:8,FULL,0,0,0,0,0,0,0,1,1,1,1,1,1,1,False,False,True
engine_dp:0:step:621,engine_core_dp_step,0,32000x1000_b16,pure_decode,tp4dp2moetp1ep8,621,621,0,8,8,0,8,8,8,FULL:8,FULL,621,621,0,8,8,0,8,8,8,FULL:8,FULL,0,0,0,0,0,0,0,1,1,1,1,1,1,1,False,False,True
engine_dp:0:step:622,engine_core_dp_step,0,32000x1000_b16,pure_decode,tp4dp2moetp1ep8,622,622,0,8,8,0,8,8,8,FULL:8,FULL,622,622,0,8,8,0,8,8,8,FULL:8,FULL,0,0,0,0,0,0,0,1,1,1,1,1,1,1,False,False,True
engine_dp:0:step:623,engine_core_dp_step,0,32000x1000_b16,pure_decode,tp4dp2moetp1ep8,623,623,0,8,8,0,8,8,8,FULL:8,FULL,623,623,0,8,8,0,8,8,8,FULL:8,FULL,0,0,0,0,0,0,0,1,1,1,1,1,1,1,False,False,True
engine_dp:0:step:624,engine_core_dp_step,0,32000x1000_b16,pure_decode,tp4dp2moetp1ep8,624,624,0,8,8,0,8,8,8,FULL:8,FULL,624,624,0,8,8,0,8,8,8,FULL:8,FULL,0,0,0,0,0,0,0,1,1,1,1,1,1,1,False,False,True
engine_dp:0:step:625,engine_core_dp_step,0,32000x1000_b16,pure_decode,tp4dp2moetp1ep8,625,625,0,8,8,0,8,8,8,FULL:8,FULL,625,625,0,8,8,0,8,8,8,FULL:8,FULL,0,0,0,0,0,0,0,1,1,1,1,1,1,1,False,False,True
engine_dp:0:step:626,engine_core_dp_step,0,32000x1000_b16,pure_decode,tp4dp2moetp1ep8,626,626,0,8,8,0,8,8,8,FULL:8,FULL,626,626,0,8,8,0,8,8,8,FULL:8,FULL,0,0,0,0,0,0,0,1,1,1,1,1,1,1,False,False,True
engine_dp:0:step:627,engine_core_dp_step,0,32000x1000_b16,pure_decode,tp4dp2moetp1ep8,627,627,0,8,8,0,8,8,8,FULL:8,FULL,627,627,0,8,8,0,8,8,8,FULL:8,FULL,0,0,0,0,0,0,0,1,1,1,1,1,1,1,False,False,True
engine_dp:0:step:628,engine_core_dp_step,0,32000x1000_b16,pure_decode,tp4dp2moetp1ep8,628,628,0,8,8,0,8,8,8,FULL:8,FULL,628,628,0,8,8,0,8,8,8,FULL:8,FULL,0,0,0,0,0,0,0,1,1,1,1,1,1,1,False,False,True
engine_dp:0:step:629,engine_core_dp_step,0,32000x1000_b16,pure_decode,tp4dp2moetp1ep8,629,629,0,8,8,0,8,8,8,FULL:8,FULL,629,629,0,8,8,0,8,8,8,FULL:8,FULL,0,0,0,0,0,0,0,1,1,1,1,1,1,1,False,False,True
engine_dp:0:step:630,engine_core_dp_step,0,32000x1000_b16,pure_decode,tp4dp2moetp1ep8,630,630,0,8,8,0,8,8,8,FULL:8,FULL,630,630,0,8,8,0,8,8,8,FULL:8,FULL,0,0,0,0,0,0,0,1,1,1,1,1,1,1,False,False,True
engine_dp:0:step:631,engine_core_dp_step,0,32000x1000_b16,pure_decode,tp4dp2moetp1ep8,631,631,0,8,8,0,8,8,8,FULL:8,FULL,631,631,0,8,8,0,8,8,8,FULL:8,FULL,0,0,0,0,0,0,0,1,1,1,1,1,1,1,False,False,True
engine_dp:0:step:632,engine_core_dp_step,0,32000x1000_b16,pure_decode,tp4dp2moetp1ep8,632,632,0,8,8,0,8,8,8,FULL:8,FULL,632,632,0,8,8,0,8,8,8,FULL:8,FULL,0,0,0,0,0,0,0,1,1,1,1,1,1,1,False,False,True
engine_dp:0:step:633,engine_core_dp_step,0,32000x1000_b16,pure_decode,tp4dp2moetp1ep8,633,633,0,8,8,0,8,8,8,FULL:8,FULL,633,633,0,8,8,0,8,8,8,FULL:8,FULL,0,0,0,0,0,0,0,1,1,1,1,1,1,1,False,False,True
engine_dp:0:step:634,engine_core_dp_step,0,32000x1000_b16,pure_decode,tp4dp2moetp1ep8,634,634,0,8,8,0,8,8,8,FULL:8,FULL,634,634,0,8,8,0,8,8,8,FULL:8,FULL,0,0,0,0,0,0,0,1,1,1,1,1,1,1,False,False,True
engine_dp:0:step:635,engine_core_dp_step,0,32000x1000_b16,pure_decode,tp4dp2moetp1ep8,635,635,0,8,8,0,8,8,8,FULL:8,FULL,635,635,0,8,8,0,8,8,8,FULL:8,FULL,0,0,0,0,0,0,0,1,1,1,1,1,1,1,False,False,True
engine_dp:0:step:636,engine_core_dp_step,0,32000x1000_b16,pure_decode,tp4dp2moetp1ep8,636,636,0,8,8,0,8,8,8,FULL:8,FULL,636,636,0,8,8,0,8,8,8,FULL:8,FULL,0,0,0,0,0,0,0,1,1,1,1,1,1,1,False,False,True
engine_dp:0:step:637,engine_core_dp_step,0,32000x1000_b16,pure_decode,tp4dp2moetp1ep8,637,637,0,8,8,0,8,8,8,FULL:8,FULL,637,637,0,8,8,0,8,8,8,FULL:8,FULL,0,0,0,0,0,0,0,1,1,1,1,1,1,1,False,False,True
engine_dp:0:step:638,engine_core_dp_step,0,32000x1000_b16,pure_decode,tp4dp2moetp1ep8,638,638,0,8,8,0,8,8,8,FULL:8,FULL,638,638,0,8,8,0,8,8,8,FULL:8,FULL,0,0,0,0,0,0,0,1,1,1,1,1,1,1,False,False,True
engine_dp:0:step:639,engine_core_dp_step,0,32000x1000_b16,pure_decode,tp4dp2moetp1ep8,639,639,0,8,8,0,8,8,8,FULL:8,FULL,639,639,0,8,8,0,8,8,8,FULL:8,FULL,0,0,0,0,0,0,0,1,1,1,1,1,1,1,False,False,True
engine_dp:0:step:640,engine_core_dp_step,0,32000x1000_b16,pure_decode,tp4dp2moetp1ep8,640,640,0,8,8,0,8,8,8,FULL:8,FULL,640,640,0,8,8,0,8,8,8,FULL:8,FULL,0,0,0,0,0,0,0,1,1,1,1,1,1,1,False,False,True
engine_dp:0:step:641,engine_core_dp_step,0,32000x1000_b16,pure_decode,tp4dp2moetp1ep8,641,641,0,8,8,0,8,8,8,FULL:8,FULL,641,641,0,8,8,0,8,8,8,FULL:8,FULL,0,0,0,0,0,0,0,1,1,1,1,1,1,1,False,False,True
engine_dp:0:step:642,engine_core_dp_step,0,32000x1000_b16,pure_decode,tp4dp2moetp1ep8,642,642,0,8,8,0,8,8,8,FULL:8,FULL,642,642,0,8,8,0,8,8,8,FULL:8,FULL,0,0,0,0,0,0,0,1,1,1,1,1,1,1,False,False,True
engine_dp:0:step:643,engine_core_dp_step,0,32000x1000_b16,pure_decode,tp4dp2moetp1ep8,643,643,0,8,8,0,8,8,8,FULL:8,FULL,643,643,0,8,8,0,8,8,8,FULL:8,FULL,0,0,0,0,0,0,0,1,1,1,1,1,1,1,False,False,True
engine_dp:0:step:644,engine_core_dp_step,0,32000x1000_b16,pure_decode,tp4dp2moetp1ep8,644,644,0,8,8,0,8,8,8,FULL:8,FULL,644,644,0,8,8,0,8,8,8,FULL:8,FULL,0,0,0,0,0,0,0,1,1,1,1,1,1,1,False,False,True
engine_dp:0:step:645,engine_core_dp_step,0,32000x1000_b16,pure_decode,tp4dp2moetp1ep8,645,645,0,8,8,0,8,8,8,FULL:8,FULL,645,645,0,8,8,0,8,8,8,FULL:8,FULL,0,0,0,0,0,0,0,1,1,1,1,1,1,1,False,False,True
engine_dp:0:step:646,engine_core_dp_step,0,32000x1000_b16,pure_decode,tp4dp2moetp1ep8,646,646,0,8,8,0,8,8,8,FULL:8,FULL,646,646,0,8,8,0,8,8,8,FULL:8,FULL,0,0,0,0,0,0,0,1,1,1,1,1,1,1,False,False,True
engine_dp:0:step:647,engine_core_dp_step,0,32000x1000_b16,pure_decode,tp4dp2moetp1ep8,647,647,0,8,8,0,8,8,8,FULL:8,FULL,647,647,0,8,8,0,8,8,8,FULL:8,FULL,0,0,0,0,0,0,0,1,1,1,1,1,1,1,False,False,True
engine_dp:0:step:648,engine_core_dp_step,0,32000x1000_b16,pure_decode,tp4dp2moetp1ep8,648,648,0,8,8,0,8,8,8,FULL:8,FULL,648,648,0,8,8,0,8,8,8,FULL:8,FULL,0,0,0,0,0,0,0,1,1,1,1,1,1,1,False,False,True
engine_dp:0:step:649,engine_core_dp_step,0,32000x1000_b16,pure_decode,tp4dp2moetp1ep8,649,649,0,8,8,0,8,8,8,FULL:8,FULL,649,649,0,8,8,0,8,8,8,FULL:8,FULL,0,0,0,0,0,0,0,1,1,1,1,1,1,1,False,False,True
engine_dp:0:step:650,engine_core_dp_step,0,32000x1000_b16,pure_decode,tp4dp2moetp1ep8,650,650,0,8,8,0,8,8,8,FULL:8,FULL,650,650,0,8,8,0,8,8,8,FULL:8,FULL,0,0,0,0,0,0,0,1,1,1,1,1,1,1,False,False,True
engine_dp:0:step:651,engine_core_dp_step,0,32000x1000_b16,pure_decode,tp4dp2moetp1ep8,651,651,0,8,8,0,8,8,8,FULL:8,FULL,651,651,0,8,8,0,8,8,8,FULL:8,FULL,0,0,0,0,0,0,0,1,1,1,1,1,1,1,False,False,True
engine_dp:0:step:652,engine_core_dp_step,0,32000x1000_b16,pure_decode,tp4dp2moetp1ep8,652,652,0,8,8,0,8,8,8,FULL:8,FULL,652,652,0,8,8,0,8,8,8,FULL:8,FULL,0,0,0,0,0,0,0,1,1,1,1,1,1,1,False,False,True
engine_dp:0:step:653,engine_core_dp_step,0,32000x1000_b16,pure_decode,tp4dp2moetp1ep8,653,653,0,8,8,0,8,8,8,FULL:8,FULL,653,653,0,8,8,0,8,8,8,FULL:8,FULL,0,0,0,0,0,0,0,1,1,1,1,1,1,1,False,False,True
engine_dp:0:step:654,engine_core_dp_step,0,32000x1000_b16,pure_decode,tp4dp2moetp1ep8,654,654,0,8,8,0,8,8,8,FULL:8,FULL,654,654,0,8,8,0,8,8,8,FULL:8,FULL,0,0,0,0,0,0,0,1,1,1,1,1,1,1,False,False,True
engine_dp:0:step:655,engine_core_dp_step,0,32000x1000_b16,pure_decode,tp4dp2moetp1ep8,655,655,0,8,8,0,8,8,8,FULL:8,FULL,655,655,0,8,8,0,8,8,8,FULL:8,FULL,0,0,0,0,0,0,0,1,1,1,1,1,1,1,False,False,True
engine_dp:0:step:656,engine_core_dp_step,0,32000x1000_b16,pure_decode,tp4dp2moetp1ep8,656,656,0,8,8,0,8,8,8,FULL:8,FULL,656,656,0,8,8,0,8,8,8,FULL:8,FULL,0,0,0,0,0,0,0,1,1,1,1,1,1,1,False,False,True
engine_dp:0:step:657,engine_core_dp_step,0,32000x1000_b16,pure_decode,tp4dp2moetp1ep8,657,657,0,8,8,0,8,8,8,FULL:8,FULL,657,657,0,8,8,0,8,8,8,FULL:8,FULL,0,0,0,0,0,0,0,1,1,1,1,1,1,1,False,False,True
engine_dp:0:step:658,engine_core_dp_step,0,32000x1000_b16,pure_decode,tp4dp2moetp1ep8,658,658,0,8,8,0,8,8,8,FULL:8,FULL,658,658,0,8,8,0,8,8,8,FULL:8,FULL,0,0,0,0,0,0,0,1,1,1,1,1,1,1,False,False,True
engine_dp:0:step:659,engine_core_dp_step,0,32000x1000_b16,pure_decode,tp4dp2moetp1ep8,659,659,0,8,8,0,8,8,8,FULL:8,FULL,659,659,0,8,8,0,8,8,8,FULL:8,FULL,0,0,0,0,0,0,0,1,1,1,1,1,1,1,False,False,True
engine_dp:0:step:660,engine_core_dp_step,0,32000x1000_b16,pure_decode,tp4dp2moetp1ep8,660,660,0,8,8,0,8,8,8,FULL:8,FULL,660,660,0,8,8,0,8,8,8,FULL:8,FULL,0,0,0,0,0,0,0,1,1,1,1,1,1,1,False,False,True
engine_dp:0:step:661,engine_core_dp_step,0,32000x1000_b16,pure_decode,tp4dp2moetp1ep8,661,661,0,8,8,0,8,8,8,FULL:8,FULL,661,661,0,8,8,0,8,8,8,FULL:8,FULL,0,0,0,0,0,0,0,1,1,1,1,1,1,1,False,False,True
engine_dp:0:step:662,engine_core_dp_step,0,32000x1000_b16,pure_decode,tp4dp2moetp1ep8,662,662,0,8,8,0,8,8,8,FULL:8,FULL,662,662,0,8,8,0,8,8,8,FULL:8,FULL,0,0,0,0,0,0,0,1,1,1,1,1,1,1,False,False,True
engine_dp:0:step:663,engine_core_dp_step,0,32000x1000_b16,pure_decode,tp4dp2moetp1ep8,663,663,0,8,8,0,8,8,8,FULL:8,FULL,663,663,0,8,8,0,8,8,8,FULL:8,FULL,0,0,0,0,0,0,0,1,1,1,1,1,1,1,False,False,True
engine_dp:0:step:664,engine_core_dp_step,0,32000x1000_b16,pure_decode,tp4dp2moetp1ep8,664,664,0,8,8,0,8,8,8,FULL:8,FULL,664,664,0,8,8,0,8,8,8,FULL:8,FULL,0,0,0,0,0,0,0,1,1,1,1,1,1,1,False,False,True
engine_dp:0:step:665,engine_core_dp_step,0,32000x1000_b16,pure_decode,tp4dp2moetp1ep8,665,665,0,8,8,0,8,8,8,FULL:8,FULL,665,665,0,8,8,0,8,8,8,FULL:8,FULL,0,0,0,0,0,0,0,1,1,1,1,1,1,1,False,False,True
engine_dp:0:step:666,engine_core_dp_step,0,32000x1000_b16,pure_decode,tp4dp2moetp1ep8,666,666,0,8,8,0,8,8,8,FULL:8,FULL,666,666,0,8,8,0,8,8,8,FULL:8,FULL,0,0,0,0,0,0,0,1,1,1,1,1,1,1,False,False,True
engine_dp:0:step:667,engine_core_dp_step,0,32000x1000_b16,pure_decode,tp4dp2moetp1ep8,667,667,0,8,8,0,8,8,8,FULL:8,FULL,667,667,0,8,8,0,8,8,8,FULL:8,FULL,0,0,0,0,0,0,0,1,1,1,1,1,1,1,False,False,True
engine_dp:0:step:668,engine_core_dp_step,0,32000x1000_b16,pure_decode,tp4dp2moetp1ep8,668,668,0,8,8,0,8,8,8,FULL:8,FULL,668,668,0,8,8,0,8,8,8,FULL:8,FULL,0,0,0,0,0,0,0,1,1,1,1,1,1,1,False,False,True
engine_dp:0:step:669,engine_core_dp_step,0,32000x1000_b16,pure_decode,tp4dp2moetp1ep8,669,669,0,8,8,0,8,8,8,FULL:8,FULL,669,669,0,8,8,0,8,8,8,FULL:8,FULL,0,0,0,0,0,0,0,1,1,1,1,1,1,1,False,False,True
engine_dp:0:step:670,engine_core_dp_step,0,32000x1000_b16,pure_decode,tp4dp2moetp1ep8,670,670,0,8,8,0,8,8,8,FULL:8,FULL,670,670,0,8,8,0,8,8,8,FULL:8,FULL,0,0,0,0,0,0,0,1,1,1,1,1,1,1,False,False,True
engine_dp:0:step:671,engine_core_dp_step,0,32000x1000_b16,pure_decode,tp4dp2moetp1ep8,671,671,0,8,8,0,8,8,8,FULL:8,FULL,671,671,0,8,8,0,8,8,8,FULL:8,FULL,0,0,0,0,0,0,0,1,1,1,1,1,1,1,False,False,True
engine_dp:0:step:672,engine_core_dp_step,0,32000x1000_b16,pure_decode,tp4dp2moetp1ep8,672,672,0,8,8,0,8,8,8,FULL:8,FULL,672,672,0,8,8,0,8,8,8,FULL:8,FULL,0,0,0,0,0,0,0,1,1,1,1,1,1,1,False,False,True
engine_dp:0:step:673,engine_core_dp_step,0,32000x1000_b16,pure_decode,tp4dp2moetp1ep8,673,673,0,8,8,0,8,8,8,FULL:8,FULL,673,673,0,8,8,0,8,8,8,FULL:8,FULL,0,0,0,0,0,0,0,1,1,1,1,1,1,1,False,False,True
engine_dp:0:step:674,engine_core_dp_step,0,32000x1000_b16,pure_decode,tp4dp2moetp1ep8,674,674,0,8,8,0,8,8,8,FULL:8,FULL,674,674,0,8,8,0,8,8,8,FULL:8,FULL,0,0,0,0,0,0,0,1,1,1,1,1,1,1,False,False,True
engine_dp:0:step:675,engine_core_dp_step,0,32000x1000_b16,pure_decode,tp4dp2moetp1ep8,675,675,0,8,8,0,8,8,8,FULL:8,FULL,675,675,0,8,8,0,8,8,8,FULL:8,FULL,0,0,0,0,0,0,0,1,1,1,1,1,1,1,False,False,True
engine_dp:0:step:676,engine_core_dp_step,0,32000x1000_b16,pure_decode,tp4dp2moetp1ep8,676,676,0,8,8,0,8,8,8,FULL:8,FULL,676,676,0,8,8,0,8,8,8,FULL:8,FULL,0,0,0,0,0,0,0,1,1,1,1,1,1,1,False,False,True
engine_dp:0:step:677,engine_core_dp_step,0,32000x1000_b16,pure_decode,tp4dp2moetp1ep8,677,677,0,8,8,0,8,8,8,FULL:8,FULL,677,677,0,8,8,0,8,8,8,FULL:8,FULL,0,0,0,0,0,0,0,1,1,1,1,1,1,1,False,False,True
engine_dp:0:step:678,engine_core_dp_step,0,32000x1000_b16,pure_decode,tp4dp2moetp1ep8,678,678,0,8,8,0,8,8,8,FULL:8,FULL,678,678,0,8,8,0,8,8,8,FULL:8,FULL,0,0,0,0,0,0,0,1,1,1,1,1,1,1,False,False,True
engine_dp:0:step:679,engine_core_dp_step,0,32000x1000_b16,pure_decode,tp4dp2moetp1ep8,679,679,0,8,8,0,8,8,8,FULL:8,FULL,679,679,0,8,8,0,8,8,8,FULL:8,FULL,0,0,0,0,0,0,0,1,1,1,1,1,1,1,False,False,True
engine_dp:0:step:680,engine_core_dp_step,0,32000x1000_b16,pure_decode,tp4dp2moetp1ep8,680,680,0,8,8,0,8,8,8,FULL:8,FULL,680,680,0,8,8,0,8,8,8,FULL:8,FULL,0,0,0,0,0,0,0,1,1,1,1,1,1,1,False,False,True
engine_dp:0:step:681,engine_core_dp_step,0,32000x1000_b16,pure_decode,tp4dp2moetp1ep8,681,681,0,8,8,0,8,8,8,FULL:8,FULL,681,681,0,8,8,0,8,8,8,FULL:8,FULL,0,0,0,0,0,0,0,1,1,1,1,1,1,1,False,False,True
engine_dp:0:step:682,engine_core_dp_step,0,32000x1000_b16,pure_decode,tp4dp2moetp1ep8,682,682,0,8,8,0,8,8,8,FULL:8,FULL,682,682,0,8,8,0,8,8,8,FULL:8,FULL,0,0,0,0,0,0,0,1,1,1,1,1,1,1,False,False,True
engine_dp:0:step:683,engine_core_dp_step,0,32000x1000_b16,pure_decode,tp4dp2moetp1ep8,683,683,0,8,8,0,8,8,8,FULL:8,FULL,683,683,0,8,8,0,8,8,8,FULL:8,FULL,0,0,0,0,0,0,0,1,1,1,1,1,1,1,False,False,True
engine_dp:0:step:684,engine_core_dp_step,0,32000x1000_b16,pure_decode,tp4dp2moetp1ep8,684,684,0,8,8,0,8,8,8,FULL:8,FULL,684,684,0,8,8,0,8,8,8,FULL:8,FULL,0,0,0,0,0,0,0,1,1,1,1,1,1,1,False,False,True
engine_dp:0:step:685,engine_core_dp_step,0,32000x1000_b16,pure_decode,tp4dp2moetp1ep8,685,685,0,8,8,0,8,8,8,FULL:8,FULL,685,685,0,8,8,0,8,8,8,FULL:8,FULL,0,0,0,0,0,0,0,1,1,1,1,1,1,1,False,False,True
engine_dp:0:step:686,engine_core_dp_step,0,32000x1000_b16,pure_decode,tp4dp2moetp1ep8,686,686,0,8,8,0,8,8,8,FULL:8,FULL,686,686,0,8,8,0,8,8,8,FULL:8,FULL,0,0,0,0,0,0,0,1,1,1,1,1,1,1,False,False,True
engine_dp:0:step:687,engine_core_dp_step,0,32000x1000_b16,pure_decode,tp4dp2moetp1ep8,687,687,0,8,8,0,8,8,8,FULL:8,FULL,687,687,0,8,8,0,8,8,8,FULL:8,FULL,0,0,0,0,0,0,0,1,1,1,1,1,1,1,False,False,True
engine_dp:0:step:688,engine_core_dp_step,0,32000x1000_b16,pure_decode,tp4dp2moetp1ep8,688,688,0,8,8,0,8,8,8,FULL:8,FULL,688,688,0,8,8,0,8,8,8,FULL:8,FULL,0,0,0,0,0,0,0,1,1,1,1,1,1,1,False,False,True
engine_dp:0:step:689,engine_core_dp_step,0,32000x1000_b16,pure_decode,tp4dp2moetp1ep8,689,689,0,8,8,0,8,8,8,FULL:8,FULL,689,689,0,8,8,0,8,8,8,FULL:8,FULL,0,0,0,0,0,0,0,1,1,1,1,1,1,1,False,False,True
engine_dp:0:step:690,engine_core_dp_step,0,32000x1000_b16,pure_decode,tp4dp2moetp1ep8,690,690,0,8,8,0,8,8,8,FULL:8,FULL,690,690,0,8,8,0,8,8,8,FULL:8,FULL,0,0,0,0,0,0,0,1,1,1,1,1,1,1,False,False,True
engine_dp:0:step:691,engine_core_dp_step,0,32000x1000_b16,pure_decode,tp4dp2moetp1ep8,691,691,0,8,8,0,8,8,8,FULL:8,FULL,691,691,0,8,8,0,8,8,8,FULL:8,FULL,0,0,0,0,0,0,0,1,1,1,1,1,1,1,False,False,True
engine_dp:0:step:692,engine_core_dp_step,0,32000x1000_b16,pure_decode,tp4dp2moetp1ep8,692,692,0,8,8,0,8,8,8,FULL:8,FULL,692,692,0,8,8,0,8,8,8,FULL:8,FULL,0,0,0,0,0,0,0,1,1,1,1,1,1,1,False,False,True
engine_dp:0:step:693,engine_core_dp_step,0,32000x1000_b16,pure_decode,tp4dp2moetp1ep8,693,693,0,8,8,0,8,8,8,FULL:8,FULL,693,693,0,8,8,0,8,8,8,FULL:8,FULL,0,0,0,0,0,0,0,1,1,1,1,1,1,1,False,False,True
engine_dp:0:step:694,engine_core_dp_step,0,32000x1000_b16,pure_decode,tp4dp2moetp1ep8,694,694,0,8,8,0,8,8,8,FULL:8,FULL,694,694,0,8,8,0,8,8,8,FULL:8,FULL,0,0,0,0,0,0,0,1,1,1,1,1,1,1,False,False,True
engine_dp:0:step:695,engine_core_dp_step,0,32000x1000_b16,pure_decode,tp4dp2moetp1ep8,695,695,0,8,8,0,8,8,8,FULL:8,FULL,695,695,0,8,8,0,8,8,8,FULL:8,FULL,0,0,0,0,0,0,0,1,1,1,1,1,1,1,False,False,True
engine_dp:0:step:696,engine_core_dp_step,0,32000x1000_b16,pure_decode,tp4dp2moetp1ep8,696,696,0,8,8,0,8,8,8,FULL:8,FULL,696,696,0,8,8,0,8,8,8,FULL:8,FULL,0,0,0,0,0,0,0,1,1,1,1,1,1,1,False,False,True
engine_dp:0:step:697,engine_core_dp_step,0,32000x1000_b16,pure_decode,tp4dp2moetp1ep8,697,697,0,8,8,0,8,8,8,FULL:8,FULL,697,697,0,8,8,0,8,8,8,FULL:8,FULL,0,0,0,0,0,0,0,1,1,1,1,1,1,1,False,False,True
engine_dp:0:step:698,engine_core_dp_step,0,32000x1000_b16,pure_decode,tp4dp2moetp1ep8,698,698,0,8,8,0,8,8,8,FULL:8,FULL,698,698,0,8,8,0,8,8,8,FULL:8,FULL,0,0,0,0,0,0,0,1,1,1,1,1,1,1,False,False,True
engine_dp:0:step:699,engine_core_dp_step,0,32000x1000_b16,pure_decode,tp4dp2moetp1ep8,699,699,0,8,8,0,8,8,8,FULL:8,FULL,699,699,0,8,8,0,8,8,8,FULL:8,FULL,0,0,0,0,0,0,0,1,1,1,1,1,1,1,False,False,True
engine_dp:0:step:700,engine_core_dp_step,0,32000x1000_b16,pure_decode,tp4dp2moetp1ep8,700,700,0,8,8,0,8,8,8,FULL:8,FULL,700,700,0,8,8,0,8,8,8,FULL:8,FULL,0,0,0,0,0,0,0,1,1,1,1,1,1,1,False,False,True
engine_dp:0:step:701,engine_core_dp_step,0,32000x1000_b16,pure_decode,tp4dp2moetp1ep8,701,701,0,8,8,0,8,8,8,FULL:8,FULL,701,701,0,8,8,0,8,8,8,FULL:8,FULL,0,0,0,0,0,0,0,1,1,1,1,1,1,1,False,False,True
engine_dp:0:step:702,engine_core_dp_step,0,32000x1000_b16,pure_decode,tp4dp2moetp1ep8,702,702,0,8,8,0,8,8,8,FULL:8,FULL,702,702,0,8,8,0,8,8,8,FULL:8,FULL,0,0,0,0,0,0,0,1,1,1,1,1,1,1,False,False,True
engine_dp:0:step:703,engine_core_dp_step,0,32000x1000_b16,pure_decode,tp4dp2moetp1ep8,703,703,0,8,8,0,8,8,8,FULL:8,FULL,703,703,0,8,8,0,8,8,8,FULL:8,FULL,0,0,0,0,0,0,0,1,1,1,1,1,1,1,False,False,True
engine_dp:0:step:704,engine_core_dp_step,0,32000x1000_b16,pure_decode,tp4dp2moetp1ep8,704,704,0,8,8,0,8,8,8,FULL:8,FULL,704,704,0,8,8,0,8,8,8,FULL:8,FULL,0,0,0,0,0,0,0,1,1,1,1,1,1,1,False,False,True
engine_dp:0:step:705,engine_core_dp_step,0,32000x1000_b16,pure_decode,tp4dp2moetp1ep8,705,705,0,8,8,0,8,8,8,FULL:8,FULL,705,705,0,8,8,0,8,8,8,FULL:8,FULL,0,0,0,0,0,0,0,1,1,1,1,1,1,1,False,False,True
engine_dp:0:step:706,engine_core_dp_step,0,32000x1000_b16,pure_decode,tp4dp2moetp1ep8,706,706,0,8,8,0,8,8,8,FULL:8,FULL,706,706,0,8,8,0,8,8,8,FULL:8,FULL,0,0,0,0,0,0,0,1,1,1,1,1,1,1,False,False,True
engine_dp:0:step:707,engine_core_dp_step,0,32000x1000_b16,pure_decode,tp4dp2moetp1ep8,707,707,0,8,8,0,8,8,8,FULL:8,FULL,707,707,0,8,8,0,8,8,8,FULL:8,FULL,0,0,0,0,0,0,0,1,1,1,1,1,1,1,False,False,True
engine_dp:0:step:708,engine_core_dp_step,0,32000x1000_b16,pure_decode,tp4dp2moetp1ep8,708,708,0,8,8,0,8,8,8,FULL:8,FULL,708,708,0,8,8,0,8,8,8,FULL:8,FULL,0,0,0,0,0,0,0,1,1,1,1,1,1,1,False,False,True
engine_dp:0:step:709,engine_core_dp_step,0,32000x1000_b16,pure_decode,tp4dp2moetp1ep8,709,709,0,8,8,0,8,8,8,FULL:8,FULL,709,709,0,8,8,0,8,8,8,FULL:8,FULL,0,0,0,0,0,0,0,1,1,1,1,1,1,1,False,False,True
engine_dp:0:step:710,engine_core_dp_step,0,32000x1000_b16,pure_decode,tp4dp2moetp1ep8,710,710,0,8,8,0,8,8,8,FULL:8,FULL,710,710,0,8,8,0,8,8,8,FULL:8,FULL,0,0,0,0,0,0,0,1,1,1,1,1,1,1,False,False,True
engine_dp:0:step:711,engine_core_dp_step,0,32000x1000_b16,pure_decode,tp4dp2moetp1ep8,711,711,0,8,8,0,8,8,8,FULL:8,FULL,711,711,0,8,8,0,8,8,8,FULL:8,FULL,0,0,0,0,0,0,0,1,1,1,1,1,1,1,False,False,True
engine_dp:0:step:712,engine_core_dp_step,0,32000x1000_b16,pure_decode,tp4dp2moetp1ep8,712,712,0,8,8,0,8,8,8,FULL:8,FULL,712,712,0,8,8,0,8,8,8,FULL:8,FULL,0,0,0,0,0,0,0,1,1,1,1,1,1,1,False,False,True
engine_dp:0:step:713,engine_core_dp_step,0,32000x1000_b16,pure_decode,tp4dp2moetp1ep8,713,713,0,8,8,0,8,8,8,FULL:8,FULL,713,713,0,8,8,0,8,8,8,FULL:8,FULL,0,0,0,0,0,0,0,1,1,1,1,1,1,1,False,False,True
engine_dp:0:step:714,engine_core_dp_step,0,32000x1000_b16,pure_decode,tp4dp2moetp1ep8,714,714,0,8,8,0,8,8,8,FULL:8,FULL,714,714,0,8,8,0,8,8,8,FULL:8,FULL,0,0,0,0,0,0,0,1,1,1,1,1,1,1,False,False,True
engine_dp:0:step:715,engine_core_dp_step,0,32000x1000_b16,pure_decode,tp4dp2moetp1ep8,715,715,0,8,8,0,8,8,8,FULL:8,FULL,715,715,0,8,8,0,8,8,8,FULL:8,FULL,0,0,0,0,0,0,0,1,1,1,1,1,1,1,False,False,True
engine_dp:0:step:716,engine_core_dp_step,0,32000x1000_b16,pure_decode,tp4dp2moetp1ep8,716,716,0,8,8,0,8,8,8,FULL:8,FULL,716,716,0,8,8,0,8,8,8,FULL:8,FULL,0,0,0,0,0,0,0,1,1,1,1,1,1,1,False,False,True
engine_dp:0:step:717,engine_core_dp_step,0,32000x1000_b16,pure_decode,tp4dp2moetp1ep8,717,717,0,8,8,0,8,8,8,FULL:8,FULL,717,717,0,8,8,0,8,8,8,FULL:8,FULL,0,0,0,0,0,0,0,1,1,1,1,1,1,1,False,False,True
engine_dp:0:step:718,engine_core_dp_step,0,32000x1000_b16,pure_decode,tp4dp2moetp1ep8,718,718,0,8,8,0,8,8,8,FULL:8,FULL,718,718,0,8,8,0,8,8,8,FULL:8,FULL,0,0,0,0,0,0,0,1,1,1,1,1,1,1,False,False,True
engine_dp:0:step:719,engine_core_dp_step,0,32000x1000_b16,pure_decode,tp4dp2moetp1ep8,719,719,0,8,8,0,8,8,8,FULL:8,FULL,719,719,0,8,8,0,8,8,8,FULL:8,FULL,0,0,0,0,0,0,0,1,1,1,1,1,1,1,False,False,True
engine_dp:0:step:720,engine_core_dp_step,0,32000x1000_b16,pure_decode,tp4dp2moetp1ep8,720,720,0,8,8,0,8,8,8,FULL:8,FULL,720,720,0,8,8,0,8,8,8,FULL:8,FULL,0,0,0,0,0,0,0,1,1,1,1,1,1,1,False,False,True
engine_dp:0:step:721,engine_core_dp_step,0,32000x1000_b16,pure_decode,tp4dp2moetp1ep8,721,721,0,8,8,0,8,8,8,FULL:8,FULL,721,721,0,8,8,0,8,8,8,FULL:8,FULL,0,0,0,0,0,0,0,1,1,1,1,1,1,1,False,False,True
engine_dp:0:step:722,engine_core_dp_step,0,32000x1000_b16,pure_decode,tp4dp2moetp1ep8,722,722,0,8,8,0,8,8,8,FULL:8,FULL,722,722,0,8,8,0,8,8,8,FULL:8,FULL,0,0,0,0,0,0,0,1,1,1,1,1,1,1,False,False,True
engine_dp:0:step:723,engine_core_dp_step,0,32000x1000_b16,pure_decode,tp4dp2moetp1ep8,723,723,0,8,8,0,8,8,8,FULL:8,FULL,723,723,0,8,8,0,8,8,8,FULL:8,FULL,0,0,0,0,0,0,0,1,1,1,1,1,1,1,False,False,True
engine_dp:0:step:724,engine_core_dp_step,0,32000x1000_b16,pure_decode,tp4dp2moetp1ep8,724,724,0,8,8,0,8,8,8,FULL:8,FULL,724,724,0,8,8,0,8,8,8,FULL:8,FULL,0,0,0,0,0,0,0,1,1,1,1,1,1,1,False,False,True
engine_dp:0:step:725,engine_core_dp_step,0,32000x1000_b16,pure_decode,tp4dp2moetp1ep8,725,725,0,8,8,0,8,8,8,FULL:8,FULL,725,725,0,8,8,0,8,8,8,FULL:8,FULL,0,0,0,0,0,0,0,1,1,1,1,1,1,1,False,False,True
engine_dp:0:step:726,engine_core_dp_step,0,32000x1000_b16,pure_decode,tp4dp2moetp1ep8,726,726,0,8,8,0,8,8,8,FULL:8,FULL,726,726,0,8,8,0,8,8,8,FULL:8,FULL,0,0,0,0,0,0,0,1,1,1,1,1,1,1,False,False,True
engine_dp:0:step:727,engine_core_dp_step,0,32000x1000_b16,pure_decode,tp4dp2moetp1ep8,727,727,0,8,8,0,8,8,8,FULL:8,FULL,727,727,0,8,8,0,8,8,8,FULL:8,FULL,0,0,0,0,0,0,0,1,1,1,1,1,1,1,False,False,True
engine_dp:0:step:728,engine_core_dp_step,0,32000x1000_b16,pure_decode,tp4dp2moetp1ep8,728,728,0,8,8,0,8,8,8,FULL:8,FULL,728,728,0,8,8,0,8,8,8,FULL:8,FULL,0,0,0,0,0,0,0,1,1,1,1,1,1,1,False,False,True
engine_dp:0:step:729,engine_core_dp_step,0,32000x1000_b16,pure_decode,tp4dp2moetp1ep8,729,729,0,8,8,0,8,8,8,FULL:8,FULL,729,729,0,8,8,0,8,8,8,FULL:8,FULL,0,0,0,0,0,0,0,1,1,1,1,1,1,1,False,False,True
engine_dp:0:step:730,engine_core_dp_step,0,32000x1000_b16,pure_decode,tp4dp2moetp1ep8,730,730,0,8,8,0,8,8,8,FULL:8,FULL,730,730,0,8,8,0,8,8,8,FULL:8,FULL,0,0,0,0,0,0,0,1,1,1,1,1,1,1,False,False,True
engine_dp:0:step:731,engine_core_dp_step,0,32000x1000_b16,pure_decode,tp4dp2moetp1ep8,731,731,0,8,8,0,8,8,8,FULL:8,FULL,731,731,0,8,8,0,8,8,8,FULL:8,FULL,0,0,0,0,0,0,0,1,1,1,1,1,1,1,False,False,True
engine_dp:0:step:732,engine_core_dp_step,0,32000x1000_b16,pure_decode,tp4dp2moetp1ep8,732,732,0,8,8,0,8,8,8,FULL:8,FULL,732,732,0,8,8,0,8,8,8,FULL:8,FULL,0,0,0,0,0,0,0,1,1,1,1,1,1,1,False,False,True
engine_dp:0:step:733,engine_core_dp_step,0,32000x1000_b16,pure_decode,tp4dp2moetp1ep8,733,733,0,8,8,0,8,8,8,FULL:8,FULL,733,733,0,8,8,0,8,8,8,FULL:8,FULL,0,0,0,0,0,0,0,1,1,1,1,1,1,1,False,False,True
engine_dp:0:step:734,engine_core_dp_step,0,32000x1000_b16,pure_decode,tp4dp2moetp1ep8,734,734,0,8,8,0,8,8,8,FULL:8,FULL,734,734,0,8,8,0,8,8,8,FULL:8,FULL,0,0,0,0,0,0,0,1,1,1,1,1,1,1,False,False,True
engine_dp:0:step:735,engine_core_dp_step,0,32000x1000_b16,pure_decode,tp4dp2moetp1ep8,735,735,0,8,8,0,8,8,8,FULL:8,FULL,735,735,0,8,8,0,8,8,8,FULL:8,FULL,0,0,0,0,0,0,0,1,1,1,1,1,1,1,False,False,True
engine_dp:0:step:736,engine_core_dp_step,0,32000x1000_b16,pure_decode,tp4dp2moetp1ep8,736,736,0,8,8,0,8,8,8,FULL:8,FULL,736,736,0,8,8,0,8,8,8,FULL:8,FULL,0,0,0,0,0,0,0,1,1,1,1,1,1,1,False,False,True
engine_dp:0:step:737,engine_core_dp_step,0,32000x1000_b16,pure_decode,tp4dp2moetp1ep8,737,737,0,8,8,0,8,8,8,FULL:8,FULL,737,737,0,8,8,0,8,8,8,FULL:8,FULL,0,0,0,0,0,0,0,1,1,1,1,1,1,1,False,False,True
engine_dp:0:step:738,engine_core_dp_step,0,32000x1000_b16,pure_decode,tp4dp2moetp1ep8,738,738,0,8,8,0,8,8,8,FULL:8,FULL,738,738,0,8,8,0,8,8,8,FULL:8,FULL,0,0,0,0,0,0,0,1,1,1,1,1,1,1,False,False,True
engine_dp:0:step:739,engine_core_dp_step,0,32000x1000_b16,pure_decode,tp4dp2moetp1ep8,739,739,0,8,8,0,8,8,8,FULL:8,FULL,739,739,0,8,8,0,8,8,8,FULL:8,FULL,0,0,0,0,0,0,0,1,1,1,1,1,1,1,False,False,True
engine_dp:0:step:740,engine_core_dp_step,0,32000x1000_b16,pure_decode,tp4dp2moetp1ep8,740,740,0,8,8,0,8,8,8,FULL:8,FULL,740,740,0,8,8,0,8,8,8,FULL:8,FULL,0,0,0,0,0,0,0,1,1,1,1,1,1,1,False,False,True
engine_dp:0:step:741,engine_core_dp_step,0,32000x1000_b16,pure_decode,tp4dp2moetp1ep8,741,741,0,8,8,0,8,8,8,FULL:8,FULL,741,741,0,8,8,0,8,8,8,FULL:8,FULL,0,0,0,0,0,0,0,1,1,1,1,1,1,1,False,False,True
engine_dp:0:step:742,engine_core_dp_step,0,32000x1000_b16,pure_decode,tp4dp2moetp1ep8,742,742,0,8,8,0,8,8,8,FULL:8,FULL,742,742,0,8,8,0,8,8,8,FULL:8,FULL,0,0,0,0,0,0,0,1,1,1,1,1,1,1,False,False,True
engine_dp:0:step:743,engine_core_dp_step,0,32000x1000_b16,pure_decode,tp4dp2moetp1ep8,743,743,0,8,8,0,8,8,8,FULL:8,FULL,743,743,0,8,8,0,8,8,8,FULL:8,FULL,0,0,0,0,0,0,0,1,1,1,1,1,1,1,False,False,True
engine_dp:0:step:744,engine_core_dp_step,0,32000x1000_b16,pure_decode,tp4dp2moetp1ep8,744,744,0,8,8,0,8,8,8,FULL:8,FULL,744,744,0,8,8,0,8,8,8,FULL:8,FULL,0,0,0,0,0,0,0,1,1,1,1,1,1,1,False,False,True
engine_dp:0:step:745,engine_core_dp_step,0,32000x1000_b16,pure_decode,tp4dp2moetp1ep8,745,745,0,8,8,0,8,8,8,FULL:8,FULL,745,745,0,8,8,0,8,8,8,FULL:8,FULL,0,0,0,0,0,0,0,1,1,1,1,1,1,1,False,False,True
engine_dp:0:step:746,engine_core_dp_step,0,32000x1000_b16,pure_decode,tp4dp2moetp1ep8,746,746,0,8,8,0,8,8,8,FULL:8,FULL,746,746,0,8,8,0,8,8,8,FULL:8,FULL,0,0,0,0,0,0,0,1,1,1,1,1,1,1,False,False,True
engine_dp:0:step:747,engine_core_dp_step,0,32000x1000_b16,pure_decode,tp4dp2moetp1ep8,747,747,0,8,8,0,8,8,8,FULL:8,FULL,747,747,0,8,8,0,8,8,8,FULL:8,FULL,0,0,0,0,0,0,0,1,1,1,1,1,1,1,False,False,True
engine_dp:0:step:748,engine_core_dp_step,0,32000x1000_b16,pure_decode,tp4dp2moetp1ep8,748,748,0,8,8,0,8,8,8,FULL:8,FULL,748,748,0,8,8,0,8,8,8,FULL:8,FULL,0,0,0,0,0,0,0,1,1,1,1,1,1,1,False,False,True
engine_dp:0:step:749,engine_core_dp_step,0,32000x1000_b16,pure_decode,tp4dp2moetp1ep8,749,749,0,8,8,0,8,8,8,FULL:8,FULL,749,749,0,8,8,0,8,8,8,FULL:8,FULL,0,0,0,0,0,0,0,1,1,1,1,1,1,1,False,False,True
engine_dp:0:step:750,engine_core_dp_step,0,32000x1000_b16,pure_decode,tp4dp2moetp1ep8,750,750,0,8,8,0,8,8,8,FULL:8,FULL,750,750,0,8,8,0,8,8,8,FULL:8,FULL,0,0,0,0,0,0,0,1,1,1,1,1,1,1,False,False,True
engine_dp:0:step:751,engine_core_dp_step,0,32000x1000_b16,pure_decode,tp4dp2moetp1ep8,751,751,0,8,8,0,8,8,8,FULL:8,FULL,751,751,0,8,8,0,8,8,8,FULL:8,FULL,0,0,0,0,0,0,0,1,1,1,1,1,1,1,False,False,True
engine_dp:0:step:752,engine_core_dp_step,0,32000x1000_b16,pure_decode,tp4dp2moetp1ep8,752,752,0,8,8,0,8,8,8,FULL:8,FULL,752,752,0,8,8,0,8,8,8,FULL:8,FULL,0,0,0,0,0,0,0,1,1,1,1,1,1,1,False,False,True
engine_dp:0:step:753,engine_core_dp_step,0,32000x1000_b16,pure_decode,tp4dp2moetp1ep8,753,753,0,8,8,0,8,8,8,FULL:8,FULL,753,753,0,8,8,0,8,8,8,FULL:8,FULL,0,0,0,0,0,0,0,1,1,1,1,1,1,1,False,False,True
engine_dp:0:step:754,engine_core_dp_step,0,32000x1000_b16,pure_decode,tp4dp2moetp1ep8,754,754,0,8,8,0,8,8,8,FULL:8,FULL,754,754,0,8,8,0,8,8,8,FULL:8,FULL,0,0,0,0,0,0,0,1,1,1,1,1,1,1,False,False,True
engine_dp:0:step:755,engine_core_dp_step,0,32000x1000_b16,pure_decode,tp4dp2moetp1ep8,755,755,0,8,8,0,8,8,8,FULL:8,FULL,755,755,0,8,8,0,8,8,8,FULL:8,FULL,0,0,0,0,0,0,0,1,1,1,1,1,1,1,False,False,True
engine_dp:0:step:756,engine_core_dp_step,0,32000x1000_b16,pure_decode,tp4dp2moetp1ep8,756,756,0,8,8,0,8,8,8,FULL:8,FULL,756,756,0,8,8,0,8,8,8,FULL:8,FULL,0,0,0,0,0,0,0,1,1,1,1,1,1,1,False,False,True
engine_dp:0:step:757,engine_core_dp_step,0,32000x1000_b16,pure_decode,tp4dp2moetp1ep8,757,757,0,8,8,0,8,8,8,FULL:8,FULL,757,757,0,8,8,0,8,8,8,FULL:8,FULL,0,0,0,0,0,0,0,1,1,1,1,1,1,1,False,False,True
engine_dp:0:step:758,engine_core_dp_step,0,32000x1000_b16,pure_decode,tp4dp2moetp1ep8,758,758,0,8,8,0,8,8,8,FULL:8,FULL,758,758,0,8,8,0,8,8,8,FULL:8,FULL,0,0,0,0,0,0,0,1,1,1,1,1,1,1,False,False,True
engine_dp:0:step:759,engine_core_dp_step,0,32000x1000_b16,pure_decode,tp4dp2moetp1ep8,759,759,0,8,8,0,8,8,8,FULL:8,FULL,759,759,0,8,8,0,8,8,8,FULL:8,FULL,0,0,0,0,0,0,0,1,1,1,1,1,1,1,False,False,True
engine_dp:0:step:760,engine_core_dp_step,0,32000x1000_b16,pure_decode,tp4dp2moetp1ep8,760,760,0,8,8,0,8,8,8,FULL:8,FULL,760,760,0,8,8,0,8,8,8,FULL:8,FULL,0,0,0,0,0,0,0,1,1,1,1,1,1,1,False,False,True
engine_dp:0:step:761,engine_core_dp_step,0,32000x1000_b16,pure_decode,tp4dp2moetp1ep8,761,761,0,8,8,0,8,8,8,FULL:8,FULL,761,761,0,8,8,0,8,8,8,FULL:8,FULL,0,0,0,0,0,0,0,1,1,1,1,1,1,1,False,False,True
engine_dp:0:step:762,engine_core_dp_step,0,32000x1000_b16,pure_decode,tp4dp2moetp1ep8,762,762,0,8,8,0,8,8,8,FULL:8,FULL,762,762,0,8,8,0,8,8,8,FULL:8,FULL,0,0,0,0,0,0,0,1,1,1,1,1,1,1,False,False,True
engine_dp:0:step:763,engine_core_dp_step,0,32000x1000_b16,pure_decode,tp4dp2moetp1ep8,763,763,0,8,8,0,8,8,8,FULL:8,FULL,763,763,0,8,8,0,8,8,8,FULL:8,FULL,0,0,0,0,0,0,0,1,1,1,1,1,1,1,False,False,True
engine_dp:0:step:764,engine_core_dp_step,0,32000x1000_b16,pure_decode,tp4dp2moetp1ep8,764,764,0,8,8,0,8,8,8,FULL:8,FULL,764,764,0,8,8,0,8,8,8,FULL:8,FULL,0,0,0,0,0,0,0,1,1,1,1,1,1,1,False,False,True
engine_dp:0:step:765,engine_core_dp_step,0,32000x1000_b16,pure_decode,tp4dp2moetp1ep8,765,765,0,8,8,0,8,8,8,FULL:8,FULL,765,765,0,8,8,0,8,8,8,FULL:8,FULL,0,0,0,0,0,0,0,1,1,1,1,1,1,1,False,False,True
engine_dp:0:step:766,engine_core_dp_step,0,32000x1000_b16,pure_decode,tp4dp2moetp1ep8,766,766,0,8,8,0,8,8,8,FULL:8,FULL,766,766,0,8,8,0,8,8,8,FULL:8,FULL,0,0,0,0,0,0,0,1,1,1,1,1,1,1,False,False,True
engine_dp:0:step:767,engine_core_dp_step,0,32000x1000_b16,pure_decode,tp4dp2moetp1ep8,767,767,0,8,8,0,8,8,8,FULL:8,FULL,767,767,0,8,8,0,8,8,8,FULL:8,FULL,0,0,0,0,0,0,0,1,1,1,1,1,1,1,False,False,True
engine_dp:0:step:768,engine_core_dp_step,0,32000x1000_b16,pure_decode,tp4dp2moetp1ep8,768,768,0,8,8,0,8,8,8,FULL:8,FULL,768,768,0,8,8,0,8,8,8,FULL:8,FULL,0,0,0,0,0,0,0,1,1,1,1,1,1,1,False,False,True
engine_dp:0:step:769,engine_core_dp_step,0,32000x1000_b16,pure_decode,tp4dp2moetp1ep8,769,769,0,8,8,0,8,8,8,FULL:8,FULL,769,769,0,8,8,0,8,8,8,FULL:8,FULL,0,0,0,0,0,0,0,1,1,1,1,1,1,1,False,False,True
engine_dp:0:step:770,engine_core_dp_step,0,32000x1000_b16,pure_decode,tp4dp2moetp1ep8,770,770,0,8,8,0,8,8,8,FULL:8,FULL,770,770,0,8,8,0,8,8,8,FULL:8,FULL,0,0,0,0,0,0,0,1,1,1,1,1,1,1,False,False,True
engine_dp:0:step:771,engine_core_dp_step,0,32000x1000_b16,pure_decode,tp4dp2moetp1ep8,771,771,0,8,8,0,8,8,8,FULL:8,FULL,771,771,0,8,8,0,8,8,8,FULL:8,FULL,0,0,0,0,0,0,0,1,1,1,1,1,1,1,False,False,True
engine_dp:0:step:772,engine_core_dp_step,0,32000x1000_b16,pure_decode,tp4dp2moetp1ep8,772,772,0,8,8,0,8,8,8,FULL:8,FULL,772,772,0,8,8,0,8,8,8,FULL:8,FULL,0,0,0,0,0,0,0,1,1,1,1,1,1,1,False,False,True
engine_dp:0:step:773,engine_core_dp_step,0,32000x1000_b16,pure_decode,tp4dp2moetp1ep8,773,773,0,8,8,0,8,8,8,FULL:8,FULL,773,773,0,8,8,0,8,8,8,FULL:8,FULL,0,0,0,0,0,0,0,1,1,1,1,1,1,1,False,False,True
engine_dp:0:step:774,engine_core_dp_step,0,32000x1000_b16,pure_decode,tp4dp2moetp1ep8,774,774,0,8,8,0,8,8,8,FULL:8,FULL,774,774,0,8,8,0,8,8,8,FULL:8,FULL,0,0,0,0,0,0,0,1,1,1,1,1,1,1,False,False,True
engine_dp:0:step:775,engine_core_dp_step,0,32000x1000_b16,pure_decode,tp4dp2moetp1ep8,775,775,0,8,8,0,8,8,8,FULL:8,FULL,775,775,0,8,8,0,8,8,8,FULL:8,FULL,0,0,0,0,0,0,0,1,1,1,1,1,1,1,False,False,True
engine_dp:0:step:776,engine_core_dp_step,0,32000x1000_b16,pure_decode,tp4dp2moetp1ep8,776,776,0,8,8,0,8,8,8,FULL:8,FULL,776,776,0,8,8,0,8,8,8,FULL:8,FULL,0,0,0,0,0,0,0,1,1,1,1,1,1,1,False,False,True
engine_dp:0:step:777,engine_core_dp_step,0,32000x1000_b16,pure_decode,tp4dp2moetp1ep8,777,777,0,8,8,0,8,8,8,FULL:8,FULL,777,777,0,8,8,0,8,8,8,FULL:8,FULL,0,0,0,0,0,0,0,1,1,1,1,1,1,1,False,False,True
engine_dp:0:step:778,engine_core_dp_step,0,32000x1000_b16,pure_decode,tp4dp2moetp1ep8,778,778,0,8,8,0,8,8,8,FULL:8,FULL,778,778,0,8,8,0,8,8,8,FULL:8,FULL,0,0,0,0,0,0,0,1,1,1,1,1,1,1,False,False,True
engine_dp:0:step:779,engine_core_dp_step,0,32000x1000_b16,pure_decode,tp4dp2moetp1ep8,779,779,0,8,8,0,8,8,8,FULL:8,FULL,779,779,0,8,8,0,8,8,8,FULL:8,FULL,0,0,0,0,0,0,0,1,1,1,1,1,1,1,False,False,True
engine_dp:0:step:780,engine_core_dp_step,0,32000x1000_b16,pure_decode,tp4dp2moetp1ep8,780,780,0,8,8,0,8,8,8,FULL:8,FULL,780,780,0,8,8,0,8,8,8,FULL:8,FULL,0,0,0,0,0,0,0,1,1,1,1,1,1,1,False,False,True
engine_dp:0:step:781,engine_core_dp_step,0,32000x1000_b16,pure_decode,tp4dp2moetp1ep8,781,781,0,8,8,0,8,8,8,FULL:8,FULL,781,781,0,8,8,0,8,8,8,FULL:8,FULL,0,0,0,0,0,0,0,1,1,1,1,1,1,1,False,False,True
engine_dp:0:step:782,engine_core_dp_step,0,32000x1000_b16,pure_decode,tp4dp2moetp1ep8,782,782,0,8,8,0,8,8,8,FULL:8,FULL,782,782,0,8,8,0,8,8,8,FULL:8,FULL,0,0,0,0,0,0,0,1,1,1,1,1,1,1,False,False,True
engine_dp:0:step:783,engine_core_dp_step,0,32000x1000_b16,pure_decode,tp4dp2moetp1ep8,783,783,0,8,8,0,8,8,8,FULL:8,FULL,783,783,0,8,8,0,8,8,8,FULL:8,FULL,0,0,0,0,0,0,0,1,1,1,1,1,1,1,False,False,True
engine_dp:0:step:784,engine_core_dp_step,0,32000x1000_b16,pure_decode,tp4dp2moetp1ep8,784,784,0,8,8,0,8,8,8,FULL:8,FULL,784,784,0,8,8,0,8,8,8,FULL:8,FULL,0,0,0,0,0,0,0,1,1,1,1,1,1,1,False,False,True
engine_dp:0:step:785,engine_core_dp_step,0,32000x1000_b16,pure_decode,tp4dp2moetp1ep8,785,785,0,8,8,0,8,8,8,FULL:8,FULL,785,785,0,8,8,0,8,8,8,FULL:8,FULL,0,0,0,0,0,0,0,1,1,1,1,1,1,1,False,False,True
engine_dp:0:step:786,engine_core_dp_step,0,32000x1000_b16,pure_decode,tp4dp2moetp1ep8,786,786,0,8,8,0,8,8,8,FULL:8,FULL,786,786,0,8,8,0,8,8,8,FULL:8,FULL,0,0,0,0,0,0,0,1,1,1,1,1,1,1,False,False,True
engine_dp:0:step:787,engine_core_dp_step,0,32000x1000_b16,pure_decode,tp4dp2moetp1ep8,787,787,0,8,8,0,8,8,8,FULL:8,FULL,787,787,0,8,8,0,8,8,8,FULL:8,FULL,0,0,0,0,0,0,0,1,1,1,1,1,1,1,False,False,True
engine_dp:0:step:788,engine_core_dp_step,0,32000x1000_b16,pure_decode,tp4dp2moetp1ep8,788,788,0,8,8,0,8,8,8,FULL:8,FULL,788,788,0,8,8,0,8,8,8,FULL:8,FULL,0,0,0,0,0,0,0,1,1,1,1,1,1,1,False,False,True
engine_dp:0:step:789,engine_core_dp_step,0,32000x1000_b16,pure_decode,tp4dp2moetp1ep8,789,789,0,8,8,0,8,8,8,FULL:8,FULL,789,789,0,8,8,0,8,8,8,FULL:8,FULL,0,0,0,0,0,0,0,1,1,1,1,1,1,1,False,False,True
engine_dp:0:step:790,engine_core_dp_step,0,32000x1000_b16,pure_decode,tp4dp2moetp1ep8,790,790,0,8,8,0,8,8,8,FULL:8,FULL,790,790,0,8,8,0,8,8,8,FULL:8,FULL,0,0,0,0,0,0,0,1,1,1,1,1,1,1,False,False,True
engine_dp:0:step:791,engine_core_dp_step,0,32000x1000_b16,pure_decode,tp4dp2moetp1ep8,791,791,0,8,8,0,8,8,8,FULL:8,FULL,791,791,0,8,8,0,8,8,8,FULL:8,FULL,0,0,0,0,0,0,0,1,1,1,1,1,1,1,False,False,True
engine_dp:0:step:792,engine_core_dp_step,0,32000x1000_b16,pure_decode,tp4dp2moetp1ep8,792,792,0,8,8,0,8,8,8,FULL:8,FULL,792,792,0,8,8,0,8,8,8,FULL:8,FULL,0,0,0,0,0,0,0,1,1,1,1,1,1,1,False,False,True
engine_dp:0:step:793,engine_core_dp_step,0,32000x1000_b16,pure_decode,tp4dp2moetp1ep8,793,793,0,8,8,0,8,8,8,FULL:8,FULL,793,793,0,8,8,0,8,8,8,FULL:8,FULL,0,0,0,0,0,0,0,1,1,1,1,1,1,1,False,False,True
engine_dp:0:step:794,engine_core_dp_step,0,32000x1000_b16,pure_decode,tp4dp2moetp1ep8,794,794,0,8,8,0,8,8,8,FULL:8,FULL,794,794,0,8,8,0,8,8,8,FULL:8,FULL,0,0,0,0,0,0,0,1,1,1,1,1,1,1,False,False,True
engine_dp:0:step:795,engine_core_dp_step,0,32000x1000_b16,pure_decode,tp4dp2moetp1ep8,795,795,0,8,8,0,8,8,8,FULL:8,FULL,795,795,0,8,8,0,8,8,8,FULL:8,FULL,0,0,0,0,0,0,0,1,1,1,1,1,1,1,False,False,True
engine_dp:0:step:796,engine_core_dp_step,0,32000x1000_b16,pure_decode,tp4dp2moetp1ep8,796,796,0,8,8,0,8,8,8,FULL:8,FULL,796,796,0,8,8,0,8,8,8,FULL:8,FULL,0,0,0,0,0,0,0,1,1,1,1,1,1,1,False,False,True
engine_dp:0:step:797,engine_core_dp_step,0,32000x1000_b16,pure_decode,tp4dp2moetp1ep8,797,797,0,8,8,0,8,8,8,FULL:8,FULL,797,797,0,8,8,0,8,8,8,FULL:8,FULL,0,0,0,0,0,0,0,1,1,1,1,1,1,1,False,False,True
engine_dp:0:step:798,engine_core_dp_step,0,32000x1000_b16,pure_decode,tp4dp2moetp1ep8,798,798,0,8,8,0,8,8,8,FULL:8,FULL,798,798,0,8,8,0,8,8,8,FULL:8,FULL,0,0,0,0,0,0,0,1,1,1,1,1,1,1,False,False,True
engine_dp:0:step:799,engine_core_dp_step,0,32000x1000_b16,pure_decode,tp4dp2moetp1ep8,799,799,0,8,8,0,8,8,8,FULL:8,FULL,799,799,0,8,8,0,8,8,8,FULL:8,FULL,0,0,0,0,0,0,0,1,1,1,1,1,1,1,False,False,True
engine_dp:0:step:800,engine_core_dp_step,0,32000x1000_b16,pure_decode,tp4dp2moetp1ep8,800,800,0,8,8,0,8,8,8,FULL:8,FULL,800,800,0,8,8,0,8,8,8,FULL:8,FULL,0,0,0,0,0,0,0,1,1,1,1,1,1,1,False,False,True
engine_dp:0:step:801,engine_core_dp_step,0,32000x1000_b16,pure_decode,tp4dp2moetp1ep8,801,801,0,8,8,0,8,8,8,FULL:8,FULL,801,801,0,8,8,0,8,8,8,FULL:8,FULL,0,0,0,0,0,0,0,1,1,1,1,1,1,1,False,False,True
engine_dp:0:step:802,engine_core_dp_step,0,32000x1000_b16,pure_decode,tp4dp2moetp1ep8,802,802,0,8,8,0,8,8,8,FULL:8,FULL,802,802,0,8,8,0,8,8,8,FULL:8,FULL,0,0,0,0,0,0,0,1,1,1,1,1,1,1,False,False,True
engine_dp:0:step:803,engine_core_dp_step,0,32000x1000_b16,pure_decode,tp4dp2moetp1ep8,803,803,0,8,8,0,8,8,8,FULL:8,FULL,803,803,0,8,8,0,8,8,8,FULL:8,FULL,0,0,0,0,0,0,0,1,1,1,1,1,1,1,False,False,True
engine_dp:0:step:804,engine_core_dp_step,0,32000x1000_b16,pure_decode,tp4dp2moetp1ep8,804,804,0,8,8,0,8,8,8,FULL:8,FULL,804,804,0,8,8,0,8,8,8,FULL:8,FULL,0,0,0,0,0,0,0,1,1,1,1,1,1,1,False,False,True
engine_dp:0:step:805,engine_core_dp_step,0,32000x1000_b16,pure_decode,tp4dp2moetp1ep8,805,805,0,8,8,0,8,8,8,FULL:8,FULL,805,805,0,8,8,0,8,8,8,FULL:8,FULL,0,0,0,0,0,0,0,1,1,1,1,1,1,1,False,False,True
engine_dp:0:step:806,engine_core_dp_step,0,32000x1000_b16,pure_decode,tp4dp2moetp1ep8,806,806,0,8,8,0,8,8,8,FULL:8,FULL,806,806,0,8,8,0,8,8,8,FULL:8,FULL,0,0,0,0,0,0,0,1,1,1,1,1,1,1,False,False,True
engine_dp:0:step:807,engine_core_dp_step,0,32000x1000_b16,pure_decode,tp4dp2moetp1ep8,807,807,0,8,8,0,8,8,8,FULL:8,FULL,807,807,0,8,8,0,8,8,8,FULL:8,FULL,0,0,0,0,0,0,0,1,1,1,1,1,1,1,False,False,True
engine_dp:0:step:808,engine_core_dp_step,0,32000x1000_b16,pure_decode,tp4dp2moetp1ep8,808,808,0,8,8,0,8,8,8,FULL:8,FULL,808,808,0,8,8,0,8,8,8,FULL:8,FULL,0,0,0,0,0,0,0,1,1,1,1,1,1,1,False,False,True
engine_dp:0:step:809,engine_core_dp_step,0,32000x1000_b16,pure_decode,tp4dp2moetp1ep8,809,809,0,8,8,0,8,8,8,FULL:8,FULL,809,809,0,8,8,0,8,8,8,FULL:8,FULL,0,0,0,0,0,0,0,1,1,1,1,1,1,1,False,False,True
engine_dp:0:step:810,engine_core_dp_step,0,32000x1000_b16,pure_decode,tp4dp2moetp1ep8,810,810,0,8,8,0,8,8,8,FULL:8,FULL,810,810,0,8,8,0,8,8,8,FULL:8,FULL,0,0,0,0,0,0,0,1,1,1,1,1,1,1,False,False,True
engine_dp:0:step:811,engine_core_dp_step,0,32000x1000_b16,pure_decode,tp4dp2moetp1ep8,811,811,0,8,8,0,8,8,8,FULL:8,FULL,811,811,0,8,8,0,8,8,8,FULL:8,FULL,0,0,0,0,0,0,0,1,1,1,1,1,1,1,False,False,True
engine_dp:0:step:812,engine_core_dp_step,0,32000x1000_b16,pure_decode,tp4dp2moetp1ep8,812,812,0,8,8,0,8,8,8,FULL:8,FULL,812,812,0,8,8,0,8,8,8,FULL:8,FULL,0,0,0,0,0,0,0,1,1,1,1,1,1,1,False,False,True
engine_dp:0:step:813,engine_core_dp_step,0,32000x1000_b16,pure_decode,tp4dp2moetp1ep8,813,813,0,8,8,0,8,8,8,FULL:8,FULL,813,813,0,8,8,0,8,8,8,FULL:8,FULL,0,0,0,0,0,0,0,1,1,1,1,1,1,1,False,False,True
engine_dp:0:step:814,engine_core_dp_step,0,32000x1000_b16,pure_decode,tp4dp2moetp1ep8,814,814,0,8,8,0,8,8,8,FULL:8,FULL,814,814,0,8,8,0,8,8,8,FULL:8,FULL,0,0,0,0,0,0,0,1,1,1,1,1,1,1,False,False,True
engine_dp:0:step:815,engine_core_dp_step,0,32000x1000_b16,pure_decode,tp4dp2moetp1ep8,815,815,0,8,8,0,8,8,8,FULL:8,FULL,815,815,0,8,8,0,8,8,8,FULL:8,FULL,0,0,0,0,0,0,0,1,1,1,1,1,1,1,False,False,True
engine_dp:0:step:816,engine_core_dp_step,0,32000x1000_b16,pure_decode,tp4dp2moetp1ep8,816,816,0,8,8,0,8,8,8,FULL:8,FULL,816,816,0,8,8,0,8,8,8,FULL:8,FULL,0,0,0,0,0,0,0,1,1,1,1,1,1,1,False,False,True
engine_dp:0:step:817,engine_core_dp_step,0,32000x1000_b16,pure_decode,tp4dp2moetp1ep8,817,817,0,8,8,0,8,8,8,FULL:8,FULL,817,817,0,8,8,0,8,8,8,FULL:8,FULL,0,0,0,0,0,0,0,1,1,1,1,1,1,1,False,False,True
engine_dp:0:step:818,engine_core_dp_step,0,32000x1000_b16,pure_decode,tp4dp2moetp1ep8,818,818,0,8,8,0,8,8,8,FULL:8,FULL,818,818,0,8,8,0,8,8,8,FULL:8,FULL,0,0,0,0,0,0,0,1,1,1,1,1,1,1,False,False,True
engine_dp:0:step:819,engine_core_dp_step,0,32000x1000_b16,pure_decode,tp4dp2moetp1ep8,819,819,0,8,8,0,8,8,8,FULL:8,FULL,819,819,0,8,8,0,8,8,8,FULL:8,FULL,0,0,0,0,0,0,0,1,1,1,1,1,1,1,False,False,True
engine_dp:0:step:820,engine_core_dp_step,0,32000x1000_b16,pure_decode,tp4dp2moetp1ep8,820,820,0,8,8,0,8,8,8,FULL:8,FULL,820,820,0,8,8,0,8,8,8,FULL:8,FULL,0,0,0,0,0,0,0,1,1,1,1,1,1,1,False,False,True
engine_dp:0:step:821,engine_core_dp_step,0,32000x1000_b16,pure_decode,tp4dp2moetp1ep8,821,821,0,8,8,0,8,8,8,FULL:8,FULL,821,821,0,8,8,0,8,8,8,FULL:8,FULL,0,0,0,0,0,0,0,1,1,1,1,1,1,1,False,False,True
engine_dp:0:step:822,engine_core_dp_step,0,32000x1000_b16,pure_decode,tp4dp2moetp1ep8,822,822,0,8,8,0,8,8,8,FULL:8,FULL,822,822,0,8,8,0,8,8,8,FULL:8,FULL,0,0,0,0,0,0,0,1,1,1,1,1,1,1,False,False,True
engine_dp:0:step:823,engine_core_dp_step,0,32000x1000_b16,pure_decode,tp4dp2moetp1ep8,823,823,0,8,8,0,8,8,8,FULL:8,FULL,823,823,0,8,8,0,8,8,8,FULL:8,FULL,0,0,0,0,0,0,0,1,1,1,1,1,1,1,False,False,True
engine_dp:0:step:824,engine_core_dp_step,0,32000x1000_b16,pure_decode,tp4dp2moetp1ep8,824,824,0,8,8,0,8,8,8,FULL:8,FULL,824,824,0,8,8,0,8,8,8,FULL:8,FULL,0,0,0,0,0,0,0,1,1,1,1,1,1,1,False,False,True
engine_dp:0:step:825,engine_core_dp_step,0,32000x1000_b16,pure_decode,tp4dp2moetp1ep8,825,825,0,8,8,0,8,8,8,FULL:8,FULL,825,825,0,8,8,0,8,8,8,FULL:8,FULL,0,0,0,0,0,0,0,1,1,1,1,1,1,1,False,False,True
engine_dp:0:step:826,engine_core_dp_step,0,32000x1000_b16,pure_decode,tp4dp2moetp1ep8,826,826,0,8,8,0,8,8,8,FULL:8,FULL,826,826,0,8,8,0,8,8,8,FULL:8,FULL,0,0,0,0,0,0,0,1,1,1,1,1,1,1,False,False,True
engine_dp:0:step:827,engine_core_dp_step,0,32000x1000_b16,pure_decode,tp4dp2moetp1ep8,827,827,0,8,8,0,8,8,8,FULL:8,FULL,827,827,0,8,8,0,8,8,8,FULL:8,FULL,0,0,0,0,0,0,0,1,1,1,1,1,1,1,False,False,True
engine_dp:0:step:828,engine_core_dp_step,0,32000x1000_b16,pure_decode,tp4dp2moetp1ep8,828,828,0,8,8,0,8,8,8,FULL:8,FULL,828,828,0,8,8,0,8,8,8,FULL:8,FULL,0,0,0,0,0,0,0,1,1,1,1,1,1,1,False,False,True
engine_dp:0:step:829,engine_core_dp_step,0,32000x1000_b16,pure_decode,tp4dp2moetp1ep8,829,829,0,8,8,0,8,8,8,FULL:8,FULL,829,829,0,8,8,0,8,8,8,FULL:8,FULL,0,0,0,0,0,0,0,1,1,1,1,1,1,1,False,False,True
engine_dp:0:step:830,engine_core_dp_step,0,32000x1000_b16,pure_decode,tp4dp2moetp1ep8,830,830,0,8,8,0,8,8,8,FULL:8,FULL,830,830,0,8,8,0,8,8,8,FULL:8,FULL,0,0,0,0,0,0,0,1,1,1,1,1,1,1,False,False,True
engine_dp:0:step:831,engine_core_dp_step,0,32000x1000_b16,pure_decode,tp4dp2moetp1ep8,831,831,0,8,8,0,8,8,8,FULL:8,FULL,831,831,0,8,8,0,8,8,8,FULL:8,FULL,0,0,0,0,0,0,0,1,1,1,1,1,1,1,False,False,True
engine_dp:0:step:832,engine_core_dp_step,0,32000x1000_b16,pure_decode,tp4dp2moetp1ep8,832,832,0,8,8,0,8,8,8,FULL:8,FULL,832,832,0,8,8,0,8,8,8,FULL:8,FULL,0,0,0,0,0,0,0,1,1,1,1,1,1,1,False,False,True
engine_dp:0:step:833,engine_core_dp_step,0,32000x1000_b16,pure_decode,tp4dp2moetp1ep8,833,833,0,8,8,0,8,8,8,FULL:8,FULL,833,833,0,8,8,0,8,8,8,FULL:8,FULL,0,0,0,0,0,0,0,1,1,1,1,1,1,1,False,False,True
engine_dp:0:step:834,engine_core_dp_step,0,32000x1000_b16,pure_decode,tp4dp2moetp1ep8,834,834,0,8,8,0,8,8,8,FULL:8,FULL,834,834,0,8,8,0,8,8,8,FULL:8,FULL,0,0,0,0,0,0,0,1,1,1,1,1,1,1,False,False,True
engine_dp:0:step:835,engine_core_dp_step,0,32000x1000_b16,pure_decode,tp4dp2moetp1ep8,835,835,0,8,8,0,8,8,8,FULL:8,FULL,835,835,0,8,8,0,8,8,8,FULL:8,FULL,0,0,0,0,0,0,0,1,1,1,1,1,1,1,False,False,True
engine_dp:0:step:836,engine_core_dp_step,0,32000x1000_b16,pure_decode,tp4dp2moetp1ep8,836,836,0,8,8,0,8,8,8,FULL:8,FULL,836,836,0,8,8,0,8,8,8,FULL:8,FULL,0,0,0,0,0,0,0,1,1,1,1,1,1,1,False,False,True
engine_dp:0:step:837,engine_core_dp_step,0,32000x1000_b16,pure_decode,tp4dp2moetp1ep8,837,837,0,8,8,0,8,8,8,FULL:8,FULL,837,837,0,8,8,0,8,8,8,FULL:8,FULL,0,0,0,0,0,0,0,1,1,1,1,1,1,1,False,False,True
engine_dp:0:step:838,engine_core_dp_step,0,32000x1000_b16,pure_decode,tp4dp2moetp1ep8,838,838,0,8,8,0,8,8,8,FULL:8,FULL,838,838,0,8,8,0,8,8,8,FULL:8,FULL,0,0,0,0,0,0,0,1,1,1,1,1,1,1,False,False,True
engine_dp:0:step:839,engine_core_dp_step,0,32000x1000_b16,pure_decode,tp4dp2moetp1ep8,839,839,0,8,8,0,8,8,8,FULL:8,FULL,839,839,0,8,8,0,8,8,8,FULL:8,FULL,0,0,0,0,0,0,0,1,1,1,1,1,1,1,False,False,True
engine_dp:0:step:840,engine_core_dp_step,0,32000x1000_b16,pure_decode,tp4dp2moetp1ep8,840,840,0,8,8,0,8,8,8,FULL:8,FULL,840,840,0,8,8,0,8,8,8,FULL:8,FULL,0,0,0,0,0,0,0,1,1,1,1,1,1,1,False,False,True
engine_dp:0:step:841,engine_core_dp_step,0,32000x1000_b16,pure_decode,tp4dp2moetp1ep8,841,841,0,8,8,0,8,8,8,FULL:8,FULL,841,841,0,8,8,0,8,8,8,FULL:8,FULL,0,0,0,0,0,0,0,1,1,1,1,1,1,1,False,False,True
engine_dp:0:step:842,engine_core_dp_step,0,32000x1000_b16,pure_decode,tp4dp2moetp1ep8,842,842,0,8,8,0,8,8,8,FULL:8,FULL,842,842,0,8,8,0,8,8,8,FULL:8,FULL,0,0,0,0,0,0,0,1,1,1,1,1,1,1,False,False,True
engine_dp:0:step:843,engine_core_dp_step,0,32000x1000_b16,pure_decode,tp4dp2moetp1ep8,843,843,0,8,8,0,8,8,8,FULL:8,FULL,843,843,0,8,8,0,8,8,8,FULL:8,FULL,0,0,0,0,0,0,0,1,1,1,1,1,1,1,False,False,True
engine_dp:0:step:844,engine_core_dp_step,0,32000x1000_b16,pure_decode,tp4dp2moetp1ep8,844,844,0,8,8,0,8,8,8,FULL:8,FULL,844,844,0,8,8,0,8,8,8,FULL:8,FULL,0,0,0,0,0,0,0,1,1,1,1,1,1,1,False,False,True
engine_dp:0:step:845,engine_core_dp_step,0,32000x1000_b16,pure_decode,tp4dp2moetp1ep8,845,845,0,8,8,0,8,8,8,FULL:8,FULL,845,845,0,8,8,0,8,8,8,FULL:8,FULL,0,0,0,0,0,0,0,1,1,1,1,1,1,1,False,False,True
engine_dp:0:step:846,engine_core_dp_step,0,32000x1000_b16,pure_decode,tp4dp2moetp1ep8,846,846,0,8,8,0,8,8,8,FULL:8,FULL,846,846,0,8,8,0,8,8,8,FULL:8,FULL,0,0,0,0,0,0,0,1,1,1,1,1,1,1,False,False,True
engine_dp:0:step:847,engine_core_dp_step,0,32000x1000_b16,pure_decode,tp4dp2moetp1ep8,847,847,0,8,8,0,8,8,8,FULL:8,FULL,847,847,0,8,8,0,8,8,8,FULL:8,FULL,0,0,0,0,0,0,0,1,1,1,1,1,1,1,False,False,True
engine_dp:0:step:848,engine_core_dp_step,0,32000x1000_b16,pure_decode,tp4dp2moetp1ep8,848,848,0,8,8,0,8,8,8,FULL:8,FULL,848,848,0,8,8,0,8,8,8,FULL:8,FULL,0,0,0,0,0,0,0,1,1,1,1,1,1,1,False,False,True
engine_dp:0:step:849,engine_core_dp_step,0,32000x1000_b16,pure_decode,tp4dp2moetp1ep8,849,849,0,8,8,0,8,8,8,FULL:8,FULL,849,849,0,8,8,0,8,8,8,FULL:8,FULL,0,0,0,0,0,0,0,1,1,1,1,1,1,1,False,False,True
engine_dp:0:step:850,engine_core_dp_step,0,32000x1000_b16,pure_decode,tp4dp2moetp1ep8,850,850,0,8,8,0,8,8,8,FULL:8,FULL,850,850,0,8,8,0,8,8,8,FULL:8,FULL,0,0,0,0,0,0,0,1,1,1,1,1,1,1,False,False,True
engine_dp:0:step:851,engine_core_dp_step,0,32000x1000_b16,pure_decode,tp4dp2moetp1ep8,851,851,0,8,8,0,8,8,8,FULL:8,FULL,851,851,0,8,8,0,8,8,8,FULL:8,FULL,0,0,0,0,0,0,0,1,1,1,1,1,1,1,False,False,True
engine_dp:0:step:852,engine_core_dp_step,0,32000x1000_b16,pure_decode,tp4dp2moetp1ep8,852,852,0,8,8,0,8,8,8,FULL:8,FULL,852,852,0,8,8,0,8,8,8,FULL:8,FULL,0,0,0,0,0,0,0,1,1,1,1,1,1,1,False,False,True
engine_dp:0:step:853,engine_core_dp_step,0,32000x1000_b16,pure_decode,tp4dp2moetp1ep8,853,853,0,8,8,0,8,8,8,FULL:8,FULL,853,853,0,8,8,0,8,8,8,FULL:8,FULL,0,0,0,0,0,0,0,1,1,1,1,1,1,1,False,False,True
engine_dp:0:step:854,engine_core_dp_step,0,32000x1000_b16,pure_decode,tp4dp2moetp1ep8,854,854,0,8,8,0,8,8,8,FULL:8,FULL,854,854,0,8,8,0,8,8,8,FULL:8,FULL,0,0,0,0,0,0,0,1,1,1,1,1,1,1,False,False,True
engine_dp:0:step:855,engine_core_dp_step,0,32000x1000_b16,pure_decode,tp4dp2moetp1ep8,855,855,0,8,8,0,8,8,8,FULL:8,FULL,855,855,0,8,8,0,8,8,8,FULL:8,FULL,0,0,0,0,0,0,0,1,1,1,1,1,1,1,False,False,True
engine_dp:0:step:856,engine_core_dp_step,0,32000x1000_b16,pure_decode,tp4dp2moetp1ep8,856,856,0,8,8,0,8,8,8,FULL:8,FULL,856,856,0,8,8,0,8,8,8,FULL:8,FULL,0,0,0,0,0,0,0,1,1,1,1,1,1,1,False,False,True
engine_dp:0:step:857,engine_core_dp_step,0,32000x1000_b16,pure_decode,tp4dp2moetp1ep8,857,857,0,8,8,0,8,8,8,FULL:8,FULL,857,857,0,8,8,0,8,8,8,FULL:8,FULL,0,0,0,0,0,0,0,1,1,1,1,1,1,1,False,False,True
engine_dp:0:step:858,engine_core_dp_step,0,32000x1000_b16,pure_decode,tp4dp2moetp1ep8,858,858,0,8,8,0,8,8,8,FULL:8,FULL,858,858,0,8,8,0,8,8,8,FULL:8,FULL,0,0,0,0,0,0,0,1,1,1,1,1,1,1,False,False,True
engine_dp:0:step:859,engine_core_dp_step,0,32000x1000_b16,pure_decode,tp4dp2moetp1ep8,859,859,0,8,8,0,8,8,8,FULL:8,FULL,859,859,0,8,8,0,8,8,8,FULL:8,FULL,0,0,0,0,0,0,0,1,1,1,1,1,1,1,False,False,True
engine_dp:0:step:860,engine_core_dp_step,0,32000x1000_b16,pure_decode,tp4dp2moetp1ep8,860,860,0,8,8,0,8,8,8,FULL:8,FULL,860,860,0,8,8,0,8,8,8,FULL:8,FULL,0,0,0,0,0,0,0,1,1,1,1,1,1,1,False,False,True
engine_dp:0:step:861,engine_core_dp_step,0,32000x1000_b16,pure_decode,tp4dp2moetp1ep8,861,861,0,8,8,0,8,8,8,FULL:8,FULL,861,861,0,8,8,0,8,8,8,FULL:8,FULL,0,0,0,0,0,0,0,1,1,1,1,1,1,1,False,False,True
engine_dp:0:step:862,engine_core_dp_step,0,32000x1000_b16,pure_decode,tp4dp2moetp1ep8,862,862,0,8,8,0,8,8,8,FULL:8,FULL,862,862,0,8,8,0,8,8,8,FULL:8,FULL,0,0,0,0,0,0,0,1,1,1,1,1,1,1,False,False,True
engine_dp:0:step:863,engine_core_dp_step,0,32000x1000_b16,pure_decode,tp4dp2moetp1ep8,863,863,0,8,8,0,8,8,8,FULL:8,FULL,863,863,0,8,8,0,8,8,8,FULL:8,FULL,0,0,0,0,0,0,0,1,1,1,1,1,1,1,False,False,True
engine_dp:0:step:864,engine_core_dp_step,0,32000x1000_b16,pure_decode,tp4dp2moetp1ep8,864,864,0,8,8,0,8,8,8,FULL:8,FULL,864,864,0,8,8,0,8,8,8,FULL:8,FULL,0,0,0,0,0,0,0,1,1,1,1,1,1,1,False,False,True
engine_dp:0:step:865,engine_core_dp_step,0,32000x1000_b16,pure_decode,tp4dp2moetp1ep8,865,865,0,8,8,0,8,8,8,FULL:8,FULL,865,865,0,8,8,0,8,8,8,FULL:8,FULL,0,0,0,0,0,0,0,1,1,1,1,1,1,1,False,False,True
engine_dp:0:step:866,engine_core_dp_step,0,32000x1000_b16,pure_decode,tp4dp2moetp1ep8,866,866,0,8,8,0,8,8,8,FULL:8,FULL,866,866,0,8,8,0,8,8,8,FULL:8,FULL,0,0,0,0,0,0,0,1,1,1,1,1,1,1,False,False,True
engine_dp:0:step:867,engine_core_dp_step,0,32000x1000_b16,pure_decode,tp4dp2moetp1ep8,867,867,0,8,8,0,8,8,8,FULL:8,FULL,867,867,0,8,8,0,8,8,8,FULL:8,FULL,0,0,0,0,0,0,0,1,1,1,1,1,1,1,False,False,True
engine_dp:0:step:868,engine_core_dp_step,0,32000x1000_b16,pure_decode,tp4dp2moetp1ep8,868,868,0,8,8,0,8,8,8,FULL:8,FULL,868,868,0,8,8,0,8,8,8,FULL:8,FULL,0,0,0,0,0,0,0,1,1,1,1,1,1,1,False,False,True
engine_dp:0:step:869,engine_core_dp_step,0,32000x1000_b16,pure_decode,tp4dp2moetp1ep8,869,869,0,8,8,0,8,8,8,FULL:8,FULL,869,869,0,8,8,0,8,8,8,FULL:8,FULL,0,0,0,0,0,0,0,1,1,1,1,1,1,1,False,False,True
engine_dp:0:step:870,engine_core_dp_step,0,32000x1000_b16,pure_decode,tp4dp2moetp1ep8,870,870,0,8,8,0,8,8,8,FULL:8,FULL,870,870,0,8,8,0,8,8,8,FULL:8,FULL,0,0,0,0,0,0,0,1,1,1,1,1,1,1,False,False,True
engine_dp:0:step:871,engine_core_dp_step,0,32000x1000_b16,pure_decode,tp4dp2moetp1ep8,871,871,0,8,8,0,8,8,8,FULL:8,FULL,871,871,0,8,8,0,8,8,8,FULL:8,FULL,0,0,0,0,0,0,0,1,1,1,1,1,1,1,False,False,True
engine_dp:0:step:872,engine_core_dp_step,0,32000x1000_b16,pure_decode,tp4dp2moetp1ep8,872,872,0,8,8,0,8,8,8,FULL:8,FULL,872,872,0,8,8,0,8,8,8,FULL:8,FULL,0,0,0,0,0,0,0,1,1,1,1,1,1,1,False,False,True
engine_dp:0:step:873,engine_core_dp_step,0,32000x1000_b16,pure_decode,tp4dp2moetp1ep8,873,873,0,8,8,0,8,8,8,FULL:8,FULL,873,873,0,8,8,0,8,8,8,FULL:8,FULL,0,0,0,0,0,0,0,1,1,1,1,1,1,1,False,False,True
engine_dp:0:step:874,engine_core_dp_step,0,32000x1000_b16,pure_decode,tp4dp2moetp1ep8,874,874,0,8,8,0,8,8,8,FULL:8,FULL,874,874,0,8,8,0,8,8,8,FULL:8,FULL,0,0,0,0,0,0,0,1,1,1,1,1,1,1,False,False,True
engine_dp:0:step:875,engine_core_dp_step,0,32000x1000_b16,pure_decode,tp4dp2moetp1ep8,875,875,0,8,8,0,8,8,8,FULL:8,FULL,875,875,0,8,8,0,8,8,8,FULL:8,FULL,0,0,0,0,0,0,0,1,1,1,1,1,1,1,False,False,True
engine_dp:0:step:876,engine_core_dp_step,0,32000x1000_b16,pure_decode,tp4dp2moetp1ep8,876,876,0,8,8,0,8,8,8,FULL:8,FULL,876,876,0,8,8,0,8,8,8,FULL:8,FULL,0,0,0,0,0,0,0,1,1,1,1,1,1,1,False,False,True
engine_dp:0:step:877,engine_core_dp_step,0,32000x1000_b16,pure_decode,tp4dp2moetp1ep8,877,877,0,8,8,0,8,8,8,FULL:8,FULL,877,877,0,8,8,0,8,8,8,FULL:8,FULL,0,0,0,0,0,0,0,1,1,1,1,1,1,1,False,False,True
engine_dp:0:step:878,engine_core_dp_step,0,32000x1000_b16,pure_decode,tp4dp2moetp1ep8,878,878,0,8,8,0,8,8,8,FULL:8,FULL,878,878,0,8,8,0,8,8,8,FULL:8,FULL,0,0,0,0,0,0,0,1,1,1,1,1,1,1,False,False,True
engine_dp:0:step:879,engine_core_dp_step,0,32000x1000_b16,pure_decode,tp4dp2moetp1ep8,879,879,0,8,8,0,8,8,8,FULL:8,FULL,879,879,0,8,8,0,8,8,8,FULL:8,FULL,0,0,0,0,0,0,0,1,1,1,1,1,1,1,False,False,True
engine_dp:0:step:880,engine_core_dp_step,0,32000x1000_b16,pure_decode,tp4dp2moetp1ep8,880,880,0,8,8,0,8,8,8,FULL:8,FULL,880,880,0,8,8,0,8,8,8,FULL:8,FULL,0,0,0,0,0,0,0,1,1,1,1,1,1,1,False,False,True
engine_dp:0:step:881,engine_core_dp_step,0,32000x1000_b16,pure_decode,tp4dp2moetp1ep8,881,881,0,8,8,0,8,8,8,FULL:8,FULL,881,881,0,8,8,0,8,8,8,FULL:8,FULL,0,0,0,0,0,0,0,1,1,1,1,1,1,1,False,False,True
engine_dp:0:step:882,engine_core_dp_step,0,32000x1000_b16,pure_decode,tp4dp2moetp1ep8,882,882,0,8,8,0,8,8,8,FULL:8,FULL,882,882,0,8,8,0,8,8,8,FULL:8,FULL,0,0,0,0,0,0,0,1,1,1,1,1,1,1,False,False,True
engine_dp:0:step:883,engine_core_dp_step,0,32000x1000_b16,pure_decode,tp4dp2moetp1ep8,883,883,0,8,8,0,8,8,8,FULL:8,FULL,883,883,0,8,8,0,8,8,8,FULL:8,FULL,0,0,0,0,0,0,0,1,1,1,1,1,1,1,False,False,True
engine_dp:0:step:884,engine_core_dp_step,0,32000x1000_b16,pure_decode,tp4dp2moetp1ep8,884,884,0,8,8,0,8,8,8,FULL:8,FULL,884,884,0,8,8,0,8,8,8,FULL:8,FULL,0,0,0,0,0,0,0,1,1,1,1,1,1,1,False,False,True
engine_dp:0:step:885,engine_core_dp_step,0,32000x1000_b16,pure_decode,tp4dp2moetp1ep8,885,885,0,8,8,0,8,8,8,FULL:8,FULL,885,885,0,8,8,0,8,8,8,FULL:8,FULL,0,0,0,0,0,0,0,1,1,1,1,1,1,1,False,False,True
engine_dp:0:step:886,engine_core_dp_step,0,32000x1000_b16,pure_decode,tp4dp2moetp1ep8,886,886,0,8,8,0,8,8,8,FULL:8,FULL,886,886,0,8,8,0,8,8,8,FULL:8,FULL,0,0,0,0,0,0,0,1,1,1,1,1,1,1,False,False,True
engine_dp:0:step:887,engine_core_dp_step,0,32000x1000_b16,pure_decode,tp4dp2moetp1ep8,887,887,0,8,8,0,8,8,8,FULL:8,FULL,887,887,0,8,8,0,8,8,8,FULL:8,FULL,0,0,0,0,0,0,0,1,1,1,1,1,1,1,False,False,True
engine_dp:0:step:888,engine_core_dp_step,0,32000x1000_b16,pure_decode,tp4dp2moetp1ep8,888,888,0,8,8,0,8,8,8,FULL:8,FULL,888,888,0,8,8,0,8,8,8,FULL:8,FULL,0,0,0,0,0,0,0,1,1,1,1,1,1,1,False,False,True
engine_dp:0:step:889,engine_core_dp_step,0,32000x1000_b16,pure_decode,tp4dp2moetp1ep8,889,889,0,8,8,0,8,8,8,FULL:8,FULL,889,889,0,8,8,0,8,8,8,FULL:8,FULL,0,0,0,0,0,0,0,1,1,1,1,1,1,1,False,False,True
engine_dp:0:step:890,engine_core_dp_step,0,32000x1000_b16,pure_decode,tp4dp2moetp1ep8,890,890,0,8,8,0,8,8,8,FULL:8,FULL,890,890,0,8,8,0,8,8,8,FULL:8,FULL,0,0,0,0,0,0,0,1,1,1,1,1,1,1,False,False,True
engine_dp:0:step:891,engine_core_dp_step,0,32000x1000_b16,pure_decode,tp4dp2moetp1ep8,891,891,0,8,8,0,8,8,8,FULL:8,FULL,891,891,0,8,8,0,8,8,8,FULL:8,FULL,0,0,0,0,0,0,0,1,1,1,1,1,1,1,False,False,True
engine_dp:0:step:892,engine_core_dp_step,0,32000x1000_b16,pure_decode,tp4dp2moetp1ep8,892,892,0,8,8,0,8,8,8,FULL:8,FULL,892,892,0,8,8,0,8,8,8,FULL:8,FULL,0,0,0,0,0,0,0,1,1,1,1,1,1,1,False,False,True
engine_dp:0:step:893,engine_core_dp_step,0,32000x1000_b16,pure_decode,tp4dp2moetp1ep8,893,893,0,8,8,0,8,8,8,FULL:8,FULL,893,893,0,8,8,0,8,8,8,FULL:8,FULL,0,0,0,0,0,0,0,1,1,1,1,1,1,1,False,False,True
engine_dp:0:step:894,engine_core_dp_step,0,32000x1000_b16,pure_decode,tp4dp2moetp1ep8,894,894,0,8,8,0,8,8,8,FULL:8,FULL,894,894,0,8,8,0,8,8,8,FULL:8,FULL,0,0,0,0,0,0,0,1,1,1,1,1,1,1,False,False,True
engine_dp:0:step:895,engine_core_dp_step,0,32000x1000_b16,pure_decode,tp4dp2moetp1ep8,895,895,0,8,8,0,8,8,8,FULL:8,FULL,895,895,0,8,8,0,8,8,8,FULL:8,FULL,0,0,0,0,0,0,0,1,1,1,1,1,1,1,False,False,True
engine_dp:0:step:896,engine_core_dp_step,0,32000x1000_b16,pure_decode,tp4dp2moetp1ep8,896,896,0,8,8,0,8,8,8,FULL:8,FULL,896,896,0,8,8,0,8,8,8,FULL:8,FULL,0,0,0,0,0,0,0,1,1,1,1,1,1,1,False,False,True
engine_dp:0:step:897,engine_core_dp_step,0,32000x1000_b16,pure_decode,tp4dp2moetp1ep8,897,897,0,8,8,0,8,8,8,FULL:8,FULL,897,897,0,8,8,0,8,8,8,FULL:8,FULL,0,0,0,0,0,0,0,1,1,1,1,1,1,1,False,False,True
engine_dp:0:step:898,engine_core_dp_step,0,32000x1000_b16,pure_decode,tp4dp2moetp1ep8,898,898,0,8,8,0,8,8,8,FULL:8,FULL,898,898,0,8,8,0,8,8,8,FULL:8,FULL,0,0,0,0,0,0,0,1,1,1,1,1,1,1,False,False,True
engine_dp:0:step:899,engine_core_dp_step,0,32000x1000_b16,pure_decode,tp4dp2moetp1ep8,899,899,0,8,8,0,8,8,8,FULL:8,FULL,899,899,0,8,8,0,8,8,8,FULL:8,FULL,0,0,0,0,0,0,0,1,1,1,1,1,1,1,False,False,True
engine_dp:0:step:900,engine_core_dp_step,0,32000x1000_b16,pure_decode,tp4dp2moetp1ep8,900,900,0,8,8,0,8,8,8,FULL:8,FULL,900,900,0,8,8,0,8,8,8,FULL:8,FULL,0,0,0,0,0,0,0,1,1,1,1,1,1,1,False,False,True
engine_dp:0:step:901,engine_core_dp_step,0,32000x1000_b16,pure_decode,tp4dp2moetp1ep8,901,901,0,8,8,0,8,8,8,FULL:8,FULL,901,901,0,8,8,0,8,8,8,FULL:8,FULL,0,0,0,0,0,0,0,1,1,1,1,1,1,1,False,False,True
engine_dp:0:step:902,engine_core_dp_step,0,32000x1000_b16,pure_decode,tp4dp2moetp1ep8,902,902,0,8,8,0,8,8,8,FULL:8,FULL,902,902,0,8,8,0,8,8,8,FULL:8,FULL,0,0,0,0,0,0,0,1,1,1,1,1,1,1,False,False,True
engine_dp:0:step:903,engine_core_dp_step,0,32000x1000_b16,pure_decode,tp4dp2moetp1ep8,903,903,0,8,8,0,8,8,8,FULL:8,FULL,903,903,0,8,8,0,8,8,8,FULL:8,FULL,0,0,0,0,0,0,0,1,1,1,1,1,1,1,False,False,True
engine_dp:0:step:904,engine_core_dp_step,0,32000x1000_b16,pure_decode,tp4dp2moetp1ep8,904,904,0,8,8,0,8,8,8,FULL:8,FULL,904,904,0,8,8,0,8,8,8,FULL:8,FULL,0,0,0,0,0,0,0,1,1,1,1,1,1,1,False,False,True
engine_dp:0:step:905,engine_core_dp_step,0,32000x1000_b16,pure_decode,tp4dp2moetp1ep8,905,905,0,8,8,0,8,8,8,FULL:8,FULL,905,905,0,8,8,0,8,8,8,FULL:8,FULL,0,0,0,0,0,0,0,1,1,1,1,1,1,1,False,False,True
engine_dp:0:step:906,engine_core_dp_step,0,32000x1000_b16,pure_decode,tp4dp2moetp1ep8,906,906,0,8,8,0,8,8,8,FULL:8,FULL,906,906,0,8,8,0,8,8,8,FULL:8,FULL,0,0,0,0,0,0,0,1,1,1,1,1,1,1,False,False,True
engine_dp:0:step:907,engine_core_dp_step,0,32000x1000_b16,pure_decode,tp4dp2moetp1ep8,907,907,0,8,8,0,8,8,8,FULL:8,FULL,907,907,0,8,8,0,8,8,8,FULL:8,FULL,0,0,0,0,0,0,0,1,1,1,1,1,1,1,False,False,True
engine_dp:0:step:908,engine_core_dp_step,0,32000x1000_b16,pure_decode,tp4dp2moetp1ep8,908,908,0,8,8,0,8,8,8,FULL:8,FULL,908,908,0,8,8,0,8,8,8,FULL:8,FULL,0,0,0,0,0,0,0,1,1,1,1,1,1,1,False,False,True
engine_dp:0:step:909,engine_core_dp_step,0,32000x1000_b16,pure_decode,tp4dp2moetp1ep8,909,909,0,8,8,0,8,8,8,FULL:8,FULL,909,909,0,8,8,0,8,8,8,FULL:8,FULL,0,0,0,0,0,0,0,1,1,1,1,1,1,1,False,False,True
engine_dp:0:step:910,engine_core_dp_step,0,32000x1000_b16,pure_decode,tp4dp2moetp1ep8,910,910,0,8,8,0,8,8,8,FULL:8,FULL,910,910,0,8,8,0,8,8,8,FULL:8,FULL,0,0,0,0,0,0,0,1,1,1,1,1,1,1,False,False,True
engine_dp:0:step:911,engine_core_dp_step,0,32000x1000_b16,pure_decode,tp4dp2moetp1ep8,911,911,0,8,8,0,8,8,8,FULL:8,FULL,911,911,0,8,8,0,8,8,8,FULL:8,FULL,0,0,0,0,0,0,0,1,1,1,1,1,1,1,False,False,True
engine_dp:0:step:912,engine_core_dp_step,0,32000x1000_b16,pure_decode,tp4dp2moetp1ep8,912,912,0,8,8,0,8,8,8,FULL:8,FULL,912,912,0,8,8,0,8,8,8,FULL:8,FULL,0,0,0,0,0,0,0,1,1,1,1,1,1,1,False,False,True
engine_dp:0:step:913,engine_core_dp_step,0,32000x1000_b16,pure_decode,tp4dp2moetp1ep8,913,913,0,8,8,0,8,8,8,FULL:8,FULL,913,913,0,8,8,0,8,8,8,FULL:8,FULL,0,0,0,0,0,0,0,1,1,1,1,1,1,1,False,False,True
engine_dp:0:step:914,engine_core_dp_step,0,32000x1000_b16,pure_decode,tp4dp2moetp1ep8,914,914,0,8,8,0,8,8,8,FULL:8,FULL,914,914,0,8,8,0,8,8,8,FULL:8,FULL,0,0,0,0,0,0,0,1,1,1,1,1,1,1,False,False,True
engine_dp:0:step:915,engine_core_dp_step,0,32000x1000_b16,pure_decode,tp4dp2moetp1ep8,915,915,0,8,8,0,8,8,8,FULL:8,FULL,915,915,0,8,8,0,8,8,8,FULL:8,FULL,0,0,0,0,0,0,0,1,1,1,1,1,1,1,False,False,True
engine_dp:0:step:916,engine_core_dp_step,0,32000x1000_b16,pure_decode,tp4dp2moetp1ep8,916,916,0,8,8,0,8,8,8,FULL:8,FULL,916,916,0,8,8,0,8,8,8,FULL:8,FULL,0,0,0,0,0,0,0,1,1,1,1,1,1,1,False,False,True
engine_dp:0:step:917,engine_core_dp_step,0,32000x1000_b16,pure_decode,tp4dp2moetp1ep8,917,917,0,8,8,0,8,8,8,FULL:8,FULL,917,917,0,8,8,0,8,8,8,FULL:8,FULL,0,0,0,0,0,0,0,1,1,1,1,1,1,1,False,False,True
engine_dp:0:step:918,engine_core_dp_step,0,32000x1000_b16,pure_decode,tp4dp2moetp1ep8,918,918,0,8,8,0,8,8,8,FULL:8,FULL,918,918,0,8,8,0,8,8,8,FULL:8,FULL,0,0,0,0,0,0,0,1,1,1,1,1,1,1,False,False,True
engine_dp:0:step:919,engine_core_dp_step,0,32000x1000_b16,pure_decode,tp4dp2moetp1ep8,919,919,0,8,8,0,8,8,8,FULL:8,FULL,919,919,0,8,8,0,8,8,8,FULL:8,FULL,0,0,0,0,0,0,0,1,1,1,1,1,1,1,False,False,True
engine_dp:0:step:920,engine_core_dp_step,0,32000x1000_b16,pure_decode,tp4dp2moetp1ep8,920,920,0,8,8,0,8,8,8,FULL:8,FULL,920,920,0,8,8,0,8,8,8,FULL:8,FULL,0,0,0,0,0,0,0,1,1,1,1,1,1,1,False,False,True
engine_dp:0:step:921,engine_core_dp_step,0,32000x1000_b16,pure_decode,tp4dp2moetp1ep8,921,921,0,8,8,0,8,8,8,FULL:8,FULL,921,921,0,8,8,0,8,8,8,FULL:8,FULL,0,0,0,0,0,0,0,1,1,1,1,1,1,1,False,False,True
engine_dp:0:step:922,engine_core_dp_step,0,32000x1000_b16,pure_decode,tp4dp2moetp1ep8,922,922,0,8,8,0,8,8,8,FULL:8,FULL,922,922,0,8,8,0,8,8,8,FULL:8,FULL,0,0,0,0,0,0,0,1,1,1,1,1,1,1,False,False,True
engine_dp:0:step:923,engine_core_dp_step,0,32000x1000_b16,pure_decode,tp4dp2moetp1ep8,923,923,0,8,8,0,8,8,8,FULL:8,FULL,923,923,0,8,8,0,8,8,8,FULL:8,FULL,0,0,0,0,0,0,0,1,1,1,1,1,1,1,False,False,True
engine_dp:0:step:924,engine_core_dp_step,0,32000x1000_b16,pure_decode,tp4dp2moetp1ep8,924,924,0,8,8,0,8,8,8,FULL:8,FULL,924,924,0,8,8,0,8,8,8,FULL:8,FULL,0,0,0,0,0,0,0,1,1,1,1,1,1,1,False,False,True
engine_dp:0:step:925,engine_core_dp_step,0,32000x1000_b16,pure_decode,tp4dp2moetp1ep8,925,925,0,8,8,0,8,8,8,FULL:8,FULL,925,925,0,8,8,0,8,8,8,FULL:8,FULL,0,0,0,0,0,0,0,1,1,1,1,1,1,1,False,False,True
engine_dp:0:step:926,engine_core_dp_step,0,32000x1000_b16,pure_decode,tp4dp2moetp1ep8,926,926,0,8,8,0,8,8,8,FULL:8,FULL,926,926,0,8,8,0,8,8,8,FULL:8,FULL,0,0,0,0,0,0,0,1,1,1,1,1,1,1,False,False,True
engine_dp:0:step:927,engine_core_dp_step,0,32000x1000_b16,pure_decode,tp4dp2moetp1ep8,927,927,0,8,8,0,8,8,8,FULL:8,FULL,927,927,0,8,8,0,8,8,8,FULL:8,FULL,0,0,0,0,0,0,0,1,1,1,1,1,1,1,False,False,True
engine_dp:0:step:928,engine_core_dp_step,0,32000x1000_b16,pure_decode,tp4dp2moetp1ep8,928,928,0,8,8,0,8,8,8,FULL:8,FULL,928,928,0,8,8,0,8,8,8,FULL:8,FULL,0,0,0,0,0,0,0,1,1,1,1,1,1,1,False,False,True
engine_dp:0:step:929,engine_core_dp_step,0,32000x1000_b16,pure_decode,tp4dp2moetp1ep8,929,929,0,8,8,0,8,8,8,FULL:8,FULL,929,929,0,8,8,0,8,8,8,FULL:8,FULL,0,0,0,0,0,0,0,1,1,1,1,1,1,1,False,False,True
engine_dp:0:step:930,engine_core_dp_step,0,32000x1000_b16,pure_decode,tp4dp2moetp1ep8,930,930,0,8,8,0,8,8,8,FULL:8,FULL,930,930,0,8,8,0,8,8,8,FULL:8,FULL,0,0,0,0,0,0,0,1,1,1,1,1,1,1,False,False,True
engine_dp:0:step:931,engine_core_dp_step,0,32000x1000_b16,pure_decode,tp4dp2moetp1ep8,931,931,0,8,8,0,8,8,8,FULL:8,FULL,931,931,0,8,8,0,8,8,8,FULL:8,FULL,0,0,0,0,0,0,0,1,1,1,1,1,1,1,False,False,True
engine_dp:0:step:932,engine_core_dp_step,0,32000x1000_b16,pure_decode,tp4dp2moetp1ep8,932,932,0,8,8,0,8,8,8,FULL:8,FULL,932,932,0,8,8,0,8,8,8,FULL:8,FULL,0,0,0,0,0,0,0,1,1,1,1,1,1,1,False,False,True
engine_dp:0:step:933,engine_core_dp_step,0,32000x1000_b16,pure_decode,tp4dp2moetp1ep8,933,933,0,8,8,0,8,8,8,FULL:8,FULL,933,933,0,8,8,0,8,8,8,FULL:8,FULL,0,0,0,0,0,0,0,1,1,1,1,1,1,1,False,False,True
engine_dp:0:step:934,engine_core_dp_step,0,32000x1000_b16,pure_decode,tp4dp2moetp1ep8,934,934,0,8,8,0,8,8,8,FULL:8,FULL,934,934,0,8,8,0,8,8,8,FULL:8,FULL,0,0,0,0,0,0,0,1,1,1,1,1,1,1,False,False,True
engine_dp:0:step:935,engine_core_dp_step,0,32000x1000_b16,pure_decode,tp4dp2moetp1ep8,935,935,0,8,8,0,8,8,8,FULL:8,FULL,935,935,0,8,8,0,8,8,8,FULL:8,FULL,0,0,0,0,0,0,0,1,1,1,1,1,1,1,False,False,True
engine_dp:0:step:936,engine_core_dp_step,0,32000x1000_b16,pure_decode,tp4dp2moetp1ep8,936,936,0,8,8,0,8,8,8,FULL:8,FULL,936,936,0,8,8,0,8,8,8,FULL:8,FULL,0,0,0,0,0,0,0,1,1,1,1,1,1,1,False,False,True
engine_dp:0:step:937,engine_core_dp_step,0,32000x1000_b16,pure_decode,tp4dp2moetp1ep8,937,937,0,8,8,0,8,8,8,FULL:8,FULL,937,937,0,8,8,0,8,8,8,FULL:8,FULL,0,0,0,0,0,0,0,1,1,1,1,1,1,1,False,False,True
engine_dp:0:step:938,engine_core_dp_step,0,32000x1000_b16,pure_decode,tp4dp2moetp1ep8,938,938,0,8,8,0,8,8,8,FULL:8,FULL,938,938,0,8,8,0,8,8,8,FULL:8,FULL,0,0,0,0,0,0,0,1,1,1,1,1,1,1,False,False,True
engine_dp:0:step:939,engine_core_dp_step,0,32000x1000_b16,pure_decode,tp4dp2moetp1ep8,939,939,0,8,8,0,8,8,8,FULL:8,FULL,939,939,0,8,8,0,8,8,8,FULL:8,FULL,0,0,0,0,0,0,0,1,1,1,1,1,1,1,False,False,True
engine_dp:0:step:940,engine_core_dp_step,0,32000x1000_b16,pure_decode,tp4dp2moetp1ep8,940,940,0,8,8,0,8,8,8,FULL:8,FULL,940,940,0,8,8,0,8,8,8,FULL:8,FULL,0,0,0,0,0,0,0,1,1,1,1,1,1,1,False,False,True
engine_dp:0:step:941,engine_core_dp_step,0,32000x1000_b16,pure_decode,tp4dp2moetp1ep8,941,941,0,8,8,0,8,8,8,FULL:8,FULL,941,941,0,8,8,0,8,8,8,FULL:8,FULL,0,0,0,0,0,0,0,1,1,1,1,1,1,1,False,False,True
engine_dp:0:step:942,engine_core_dp_step,0,32000x1000_b16,pure_decode,tp4dp2moetp1ep8,942,942,0,8,8,0,8,8,8,FULL:8,FULL,942,942,0,8,8,0,8,8,8,FULL:8,FULL,0,0,0,0,0,0,0,1,1,1,1,1,1,1,False,False,True
engine_dp:0:step:943,engine_core_dp_step,0,32000x1000_b16,pure_decode,tp4dp2moetp1ep8,943,943,0,8,8,0,8,8,8,FULL:8,FULL,943,943,0,8,8,0,8,8,8,FULL:8,FULL,0,0,0,0,0,0,0,1,1,1,1,1,1,1,False,False,True
engine_dp:0:step:944,engine_core_dp_step,0,32000x1000_b16,pure_decode,tp4dp2moetp1ep8,944,944,0,8,8,0,8,8,8,FULL:8,FULL,944,944,0,8,8,0,8,8,8,FULL:8,FULL,0,0,0,0,0,0,0,1,1,1,1,1,1,1,False,False,True
engine_dp:0:step:945,engine_core_dp_step,0,32000x1000_b16,pure_decode,tp4dp2moetp1ep8,945,945,0,8,8,0,8,8,8,FULL:8,FULL,945,945,0,8,8,0,8,8,8,FULL:8,FULL,0,0,0,0,0,0,0,1,1,1,1,1,1,1,False,False,True
engine_dp:0:step:946,engine_core_dp_step,0,32000x1000_b16,pure_decode,tp4dp2moetp1ep8,946,946,0,8,8,0,8,8,8,FULL:8,FULL,946,946,0,8,8,0,8,8,8,FULL:8,FULL,0,0,0,0,0,0,0,1,1,1,1,1,1,1,False,False,True
engine_dp:0:step:947,engine_core_dp_step,0,32000x1000_b16,pure_decode,tp4dp2moetp1ep8,947,947,0,8,8,0,8,8,8,FULL:8,FULL,947,947,0,8,8,0,8,8,8,FULL:8,FULL,0,0,0,0,0,0,0,1,1,1,1,1,1,1,False,False,True
engine_dp:0:step:948,engine_core_dp_step,0,32000x1000_b16,pure_decode,tp4dp2moetp1ep8,948,948,0,8,8,0,8,8,8,FULL:8,FULL,948,948,0,8,8,0,8,8,8,FULL:8,FULL,0,0,0,0,0,0,0,1,1,1,1,1,1,1,False,False,True
engine_dp:0:step:949,engine_core_dp_step,0,32000x1000_b16,pure_decode,tp4dp2moetp1ep8,949,949,0,8,8,0,8,8,8,FULL:8,FULL,949,949,0,8,8,0,8,8,8,FULL:8,FULL,0,0,0,0,0,0,0,1,1,1,1,1,1,1,False,False,True
engine_dp:0:step:950,engine_core_dp_step,0,32000x1000_b16,pure_decode,tp4dp2moetp1ep8,950,950,0,8,8,0,8,8,8,FULL:8,FULL,950,950,0,8,8,0,8,8,8,FULL:8,FULL,0,0,0,0,0,0,0,1,1,1,1,1,1,1,False,False,True
engine_dp:0:step:951,engine_core_dp_step,0,32000x1000_b16,pure_decode,tp4dp2moetp1ep8,951,951,0,8,8,0,8,8,8,FULL:8,FULL,951,951,0,8,8,0,8,8,8,FULL:8,FULL,0,0,0,0,0,0,0,1,1,1,1,1,1,1,False,False,True
engine_dp:0:step:952,engine_core_dp_step,0,32000x1000_b16,pure_decode,tp4dp2moetp1ep8,952,952,0,8,8,0,8,8,8,FULL:8,FULL,952,952,0,8,8,0,8,8,8,FULL:8,FULL,0,0,0,0,0,0,0,1,1,1,1,1,1,1,False,False,True
engine_dp:0:step:953,engine_core_dp_step,0,32000x1000_b16,pure_decode,tp4dp2moetp1ep8,953,953,0,8,8,0,8,8,8,FULL:8,FULL,953,953,0,8,8,0,8,8,8,FULL:8,FULL,0,0,0,0,0,0,0,1,1,1,1,1,1,1,False,False,True
engine_dp:0:step:954,engine_core_dp_step,0,32000x1000_b16,pure_decode,tp4dp2moetp1ep8,954,954,0,8,8,0,8,8,8,FULL:8,FULL,954,954,0,8,8,0,8,8,8,FULL:8,FULL,0,0,0,0,0,0,0,1,1,1,1,1,1,1,False,False,True
engine_dp:0:step:955,engine_core_dp_step,0,32000x1000_b16,pure_decode,tp4dp2moetp1ep8,955,955,0,8,8,0,8,8,8,FULL:8,FULL,955,955,0,8,8,0,8,8,8,FULL:8,FULL,0,0,0,0,0,0,0,1,1,1,1,1,1,1,False,False,True
engine_dp:0:step:956,engine_core_dp_step,0,32000x1000_b16,pure_decode,tp4dp2moetp1ep8,956,956,0,8,8,0,8,8,8,FULL:8,FULL,956,956,0,8,8,0,8,8,8,FULL:8,FULL,0,0,0,0,0,0,0,1,1,1,1,1,1,1,False,False,True
engine_dp:0:step:957,engine_core_dp_step,0,32000x1000_b16,pure_decode,tp4dp2moetp1ep8,957,957,0,8,8,0,8,8,8,FULL:8,FULL,957,957,0,8,8,0,8,8,8,FULL:8,FULL,0,0,0,0,0,0,0,1,1,1,1,1,1,1,False,False,True
engine_dp:0:step:958,engine_core_dp_step,0,32000x1000_b16,pure_decode,tp4dp2moetp1ep8,958,958,0,8,8,0,8,8,8,FULL:8,FULL,958,958,0,8,8,0,8,8,8,FULL:8,FULL,0,0,0,0,0,0,0,1,1,1,1,1,1,1,False,False,True
engine_dp:0:step:959,engine_core_dp_step,0,32000x1000_b16,pure_decode,tp4dp2moetp1ep8,959,959,0,8,8,0,8,8,8,FULL:8,FULL,959,959,0,8,8,0,8,8,8,FULL:8,FULL,0,0,0,0,0,0,0,1,1,1,1,1,1,1,False,False,True
engine_dp:0:step:960,engine_core_dp_step,0,32000x1000_b16,pure_decode,tp4dp2moetp1ep8,960,960,0,8,8,0,8,8,8,FULL:8,FULL,960,960,0,8,8,0,8,8,8,FULL:8,FULL,0,0,0,0,0,0,0,1,1,1,1,1,1,1,False,False,True
engine_dp:0:step:961,engine_core_dp_step,0,32000x1000_b16,pure_decode,tp4dp2moetp1ep8,961,961,0,8,8,0,8,8,8,FULL:8,FULL,961,961,0,8,8,0,8,8,8,FULL:8,FULL,0,0,0,0,0,0,0,1,1,1,1,1,1,1,False,False,True
engine_dp:0:step:962,engine_core_dp_step,0,32000x1000_b16,pure_decode,tp4dp2moetp1ep8,962,962,0,8,8,0,8,8,8,FULL:8,FULL,962,962,0,8,8,0,8,8,8,FULL:8,FULL,0,0,0,0,0,0,0,1,1,1,1,1,1,1,False,False,True
engine_dp:0:step:963,engine_core_dp_step,0,32000x1000_b16,pure_decode,tp4dp2moetp1ep8,963,963,0,8,8,0,8,8,8,FULL:8,FULL,963,963,0,8,8,0,8,8,8,FULL:8,FULL,0,0,0,0,0,0,0,1,1,1,1,1,1,1,False,False,True
engine_dp:0:step:964,engine_core_dp_step,0,32000x1000_b16,pure_decode,tp4dp2moetp1ep8,964,964,0,8,8,0,8,8,8,FULL:8,FULL,964,964,0,8,8,0,8,8,8,FULL:8,FULL,0,0,0,0,0,0,0,1,1,1,1,1,1,1,False,False,True
engine_dp:0:step:965,engine_core_dp_step,0,32000x1000_b16,pure_decode,tp4dp2moetp1ep8,965,965,0,8,8,0,8,8,8,FULL:8,FULL,965,965,0,8,8,0,8,8,8,FULL:8,FULL,0,0,0,0,0,0,0,1,1,1,1,1,1,1,False,False,True
engine_dp:0:step:966,engine_core_dp_step,0,32000x1000_b16,pure_decode,tp4dp2moetp1ep8,966,966,0,8,8,0,8,8,8,FULL:8,FULL,966,966,0,8,8,0,8,8,8,FULL:8,FULL,0,0,0,0,0,0,0,1,1,1,1,1,1,1,False,False,True
engine_dp:0:step:967,engine_core_dp_step,0,32000x1000_b16,pure_decode,tp4dp2moetp1ep8,967,967,0,8,8,0,8,8,8,FULL:8,FULL,967,967,0,8,8,0,8,8,8,FULL:8,FULL,0,0,0,0,0,0,0,1,1,1,1,1,1,1,False,False,True
engine_dp:0:step:968,engine_core_dp_step,0,32000x1000_b16,pure_decode,tp4dp2moetp1ep8,968,968,0,8,8,0,8,8,8,FULL:8,FULL,968,968,0,8,8,0,8,8,8,FULL:8,FULL,0,0,0,0,0,0,0,1,1,1,1,1,1,1,False,False,True
engine_dp:0:step:969,engine_core_dp_step,0,32000x1000_b16,pure_decode,tp4dp2moetp1ep8,969,969,0,8,8,0,8,8,8,FULL:8,FULL,969,969,0,8,8,0,8,8,8,FULL:8,FULL,0,0,0,0,0,0,0,1,1,1,1,1,1,1,False,False,True
engine_dp:0:step:970,engine_core_dp_step,0,32000x1000_b16,pure_decode,tp4dp2moetp1ep8,970,970,0,8,8,0,8,8,8,FULL:8,FULL,970,970,0,8,8,0,8,8,8,FULL:8,FULL,0,0,0,0,0,0,0,1,1,1,1,1,1,1,False,False,True
engine_dp:0:step:971,engine_core_dp_step,0,32000x1000_b16,pure_decode,tp4dp2moetp1ep8,971,971,0,8,8,0,8,8,8,FULL:8,FULL,971,971,0,8,8,0,8,8,8,FULL:8,FULL,0,0,0,0,0,0,0,1,1,1,1,1,1,1,False,False,True
engine_dp:0:step:972,engine_core_dp_step,0,32000x1000_b16,pure_decode,tp4dp2moetp1ep8,972,972,0,8,8,0,8,8,8,FULL:8,FULL,972,972,0,8,8,0,8,8,8,FULL:8,FULL,0,0,0,0,0,0,0,1,1,1,1,1,1,1,False,False,True
engine_dp:0:step:973,engine_core_dp_step,0,32000x1000_b16,pure_decode,tp4dp2moetp1ep8,973,973,0,8,8,0,8,8,8,FULL:8,FULL,973,973,0,8,8,0,8,8,8,FULL:8,FULL,0,0,0,0,0,0,0,1,1,1,1,1,1,1,False,False,True
engine_dp:0:step:974,engine_core_dp_step,0,32000x1000_b16,pure_decode,tp4dp2moetp1ep8,974,974,0,8,8,0,8,8,8,FULL:8,FULL,974,974,0,8,8,0,8,8,8,FULL:8,FULL,0,0,0,0,0,0,0,1,1,1,1,1,1,1,False,False,True
engine_dp:0:step:975,engine_core_dp_step,0,32000x1000_b16,pure_decode,tp4dp2moetp1ep8,975,975,0,8,8,0,8,8,8,FULL:8,FULL,975,975,0,8,8,0,8,8,8,FULL:8,FULL,0,0,0,0,0,0,0,1,1,1,1,1,1,1,False,False,True
engine_dp:0:step:976,engine_core_dp_step,0,32000x1000_b16,pure_decode,tp4dp2moetp1ep8,976,976,0,8,8,0,8,8,8,FULL:8,FULL,976,976,0,8,8,0,8,8,8,FULL:8,FULL,0,0,0,0,0,0,0,1,1,1,1,1,1,1,False,False,True
engine_dp:0:step:977,engine_core_dp_step,0,32000x1000_b16,pure_decode,tp4dp2moetp1ep8,977,977,0,8,8,0,8,8,8,FULL:8,FULL,977,977,0,8,8,0,8,8,8,FULL:8,FULL,0,0,0,0,0,0,0,1,1,1,1,1,1,1,False,False,True
engine_dp:0:step:978,engine_core_dp_step,0,32000x1000_b16,pure_decode,tp4dp2moetp1ep8,978,978,0,8,8,0,8,8,8,FULL:8,FULL,978,978,0,8,8,0,8,8,8,FULL:8,FULL,0,0,0,0,0,0,0,1,1,1,1,1,1,1,False,False,True
engine_dp:0:step:979,engine_core_dp_step,0,32000x1000_b16,pure_decode,tp4dp2moetp1ep8,979,979,0,8,8,0,8,8,8,FULL:8,FULL,979,979,0,8,8,0,8,8,8,FULL:8,FULL,0,0,0,0,0,0,0,1,1,1,1,1,1,1,False,False,True
engine_dp:0:step:980,engine_core_dp_step,0,32000x1000_b16,pure_decode,tp4dp2moetp1ep8,980,980,0,8,8,0,8,8,8,FULL:8,FULL,980,980,0,8,8,0,8,8,8,FULL:8,FULL,0,0,0,0,0,0,0,1,1,1,1,1,1,1,False,False,True
engine_dp:0:step:981,engine_core_dp_step,0,32000x1000_b16,pure_decode,tp4dp2moetp1ep8,981,981,0,8,8,0,8,8,8,FULL:8,FULL,981,981,0,8,8,0,8,8,8,FULL:8,FULL,0,0,0,0,0,0,0,1,1,1,1,1,1,1,False,False,True
engine_dp:0:step:982,engine_core_dp_step,0,32000x1000_b16,pure_decode,tp4dp2moetp1ep8,982,982,0,8,8,0,8,8,8,FULL:8,FULL,982,982,0,8,8,0,8,8,8,FULL:8,FULL,0,0,0,0,0,0,0,1,1,1,1,1,1,1,False,False,True
engine_dp:0:step:983,engine_core_dp_step,0,32000x1000_b16,pure_decode,tp4dp2moetp1ep8,983,983,0,8,8,0,8,8,8,FULL:8,FULL,983,983,0,8,8,0,8,8,8,FULL:8,FULL,0,0,0,0,0,0,0,1,1,1,1,1,1,1,False,False,True
engine_dp:0:step:984,engine_core_dp_step,0,32000x1000_b16,pure_decode,tp4dp2moetp1ep8,984,984,0,8,8,0,8,8,8,FULL:8,FULL,984,984,0,8,8,0,8,8,8,FULL:8,FULL,0,0,0,0,0,0,0,1,1,1,1,1,1,1,False,False,True
engine_dp:0:step:985,engine_core_dp_step,0,32000x1000_b16,pure_decode,tp4dp2moetp1ep8,985,985,0,8,8,0,8,8,8,FULL:8,FULL,985,985,0,8,8,0,8,8,8,FULL:8,FULL,0,0,0,0,0,0,0,1,1,1,1,1,1,1,False,False,True
engine_dp:0:step:986,engine_core_dp_step,0,32000x1000_b16,pure_decode,tp4dp2moetp1ep8,986,986,0,8,8,0,8,8,8,FULL:8,FULL,986,986,0,8,8,0,8,8,8,FULL:8,FULL,0,0,0,0,0,0,0,1,1,1,1,1,1,1,False,False,True
engine_dp:0:step:987,engine_core_dp_step,0,32000x1000_b16,pure_decode,tp4dp2moetp1ep8,987,987,0,8,8,0,8,8,8,FULL:8,FULL,987,987,0,8,8,0,8,8,8,FULL:8,FULL,0,0,0,0,0,0,0,1,1,1,1,1,1,1,False,False,True
engine_dp:0:step:988,engine_core_dp_step,0,32000x1000_b16,pure_decode,tp4dp2moetp1ep8,988,988,0,8,8,0,8,8,8,FULL:8,FULL,988,988,0,8,8,0,8,8,8,FULL:8,FULL,0,0,0,0,0,0,0,1,1,1,1,1,1,1,False,False,True
engine_dp:0:step:989,engine_core_dp_step,0,32000x1000_b16,pure_decode,tp4dp2moetp1ep8,989,989,0,8,8,0,8,8,8,FULL:8,FULL,989,989,0,8,8,0,8,8,8,FULL:8,FULL,0,0,0,0,0,0,0,1,1,1,1,1,1,1,False,False,True
engine_dp:0:step:990,engine_core_dp_step,0,32000x1000_b16,pure_decode,tp4dp2moetp1ep8,990,990,0,8,8,0,8,8,8,FULL:8,FULL,990,990,0,8,8,0,8,8,8,FULL:8,FULL,0,0,0,0,0,0,0,1,1,1,1,1,1,1,False,False,True
engine_dp:0:step:991,engine_core_dp_step,0,32000x1000_b16,pure_decode,tp4dp2moetp1ep8,991,991,0,8,8,0,8,8,8,FULL:8,FULL,991,991,0,8,8,0,8,8,8,FULL:8,FULL,0,0,0,0,0,0,0,1,1,1,1,1,1,1,False,False,True
engine_dp:0:step:992,engine_core_dp_step,0,32000x1000_b16,pure_decode,tp4dp2moetp1ep8,992,992,0,8,8,0,8,8,8,FULL:8,FULL,992,992,0,8,8,0,8,8,8,FULL:8,FULL,0,0,0,0,0,0,0,1,1,1,1,1,1,1,False,False,True
engine_dp:0:step:993,engine_core_dp_step,0,32000x1000_b16,pure_decode,tp4dp2moetp1ep8,993,993,0,8,8,0,8,8,8,FULL:8,FULL,993,993,0,8,8,0,8,8,8,FULL:8,FULL,0,0,0,0,0,0,0,1,1,1,1,1,1,1,False,False,True
engine_dp:0:step:994,engine_core_dp_step,0,32000x1000_b16,pure_decode,tp4dp2moetp1ep8,994,994,0,8,8,0,8,8,8,FULL:8,FULL,994,994,0,8,8,0,8,8,8,FULL:8,FULL,0,0,0,0,0,0,0,1,1,1,1,1,1,1,False,False,True
engine_dp:0:step:995,engine_core_dp_step,0,32000x1000_b16,pure_decode,tp4dp2moetp1ep8,995,995,0,8,8,0,8,8,8,FULL:8,FULL,995,995,0,8,8,0,8,8,8,FULL:8,FULL,0,0,0,0,0,0,0,1,1,1,1,1,1,1,False,False,True
engine_dp:0:step:996,engine_core_dp_step,0,32000x1000_b16,pure_decode,tp4dp2moetp1ep8,996,996,0,8,8,0,8,8,8,FULL:8,FULL,996,996,0,8,8,0,8,8,8,FULL:8,FULL,0,0,0,0,0,0,0,1,1,1,1,1,1,1,False,False,True
engine_dp:0:step:997,engine_core_dp_step,0,32000x1000_b16,pure_decode,tp4dp2moetp1ep8,997,997,0,8,8,0,8,8,8,FULL:8,FULL,997,997,0,8,8,0,8,8,8,FULL:8,FULL,0,0,0,0,0,0,0,1,1,1,1,1,1,1,False,False,True
engine_dp:0:step:998,engine_core_dp_step,0,32000x1000_b16,pure_decode,tp4dp2moetp1ep8,998,998,0,8,8,0,8,8,8,FULL:8,FULL,998,998,0,8,8,0,8,8,8,FULL:8,FULL,0,0,0,0,0,0,0,1,1,1,1,1,1,1,False,False,True
engine_dp:0:step:999,engine_core_dp_step,0,32000x1000_b16,pure_decode,tp4dp2moetp1ep8,999,999,0,8,8,0,8,8,8,FULL:8,FULL,999,999,0,8,8,0,8,8,8,FULL:8,FULL,0,0,0,0,0,0,0,1,1,1,1,1,1,1,False,False,True
engine_dp:0:step:1000,engine_core_dp_step,0,32000x1000_b16,pure_decode,tp4dp2moetp1ep8,1000,1000,0,8,8,0,8,8,8,FULL:8,FULL,1000,1000,0,8,8,0,8,8,8,FULL:8,FULL,0,0,0,0,0,0,0,1,1,1,1,1,1,1,False,False,True
engine_dp:0:step:1001,engine_core_dp_step,0,32000x1000_b16,pure_decode,tp4dp2moetp1ep8,1001,1001,0,8,8,0,8,8,8,FULL:8,FULL,1001,1001,0,8,8,0,8,8,8,FULL:8,FULL,0,0,0,0,0,0,0,1,1,1,1,1,1,1,False,False,True
engine_dp:0:step:1002,engine_core_dp_step,0,32000x1000_b16,pure_decode,tp4dp2moetp1ep8,1002,1002,0,8,8,0,8,8,8,FULL:8,FULL,1002,1002,0,8,8,0,8,8,8,FULL:8,FULL,0,0,0,0,0,0,0,1,1,1,1,1,1,1,False,False,True
engine_dp:1:step:0,engine_core_dp_step,1,32000x1000_b16,prefill,tp4dp2moetp1ep8,0,0,8192,0,8192,1,0,1,8192,NONE:8192,NONE,0,0,8192,0,8192,1,0,1,8192,NONE:8192,NONE,0,0,0,0,0,0,0,1,1,1,1,1,1,1,False,False,True
engine_dp:1:step:1,engine_core_dp_step,1,32000x1000_b16,prefill,tp4dp2moetp1ep8,1,1,8192,0,8192,1,0,1,8192,NONE:8192,NONE,1,1,8192,0,8192,1,0,1,8192,NONE:8192,NONE,0,0,0,0,0,0,0,1,1,1,1,1,1,1,False,False,True
engine_dp:1:step:2,engine_core_dp_step,1,32000x1000_b16,prefill,tp4dp2moetp1ep8,2,2,8192,0,8192,1,0,1,8192,NONE:8192,NONE,2,2,8192,0,8192,1,0,1,8192,NONE:8192,NONE,0,0,0,0,0,0,0,1,1,1,1,1,1,1,False,False,True
engine_dp:1:step:3,engine_core_dp_step,1,32000x1000_b16,prefill,tp4dp2moetp1ep8,3,3,7536,0,7536,8,0,8,7536,NONE:7536,NONE,3,3,7536,0,7536,8,0,8,7536,NONE:7536,NONE,0,0,0,0,0,0,0,1,1,1,1,1,1,1,False,False,True
engine_dp:1:step:4,engine_core_dp_step,1,32000x1000_b16,pure_decode,tp4dp2moetp1ep8,4,4,0,8,8,0,8,8,8,NONE:8,NONE,4,4,0,8,8,0,8,8,8,NONE:8,NONE,0,0,0,0,0,0,0,1,1,1,1,1,1,1,False,False,True
engine_dp:1:step:5,engine_core_dp_step,1,32000x1000_b16,pure_decode,tp4dp2moetp1ep8,5,5,0,8,8,0,8,8,8,FULL:8,FULL,5,5,0,8,8,0,8,8,8,FULL:8,FULL,0,0,0,0,0,0,0,1,1,1,1,1,1,1,False,False,True
engine_dp:1:step:6,engine_core_dp_step,1,32000x1000_b16,pure_decode,tp4dp2moetp1ep8,6,6,0,8,8,0,8,8,8,FULL:8,FULL,6,6,0,8,8,0,8,8,8,FULL:8,FULL,0,0,0,0,0,0,0,1,1,1,1,1,1,1,False,False,True
engine_dp:1:step:7,engine_core_dp_step,1,32000x1000_b16,pure_decode,tp4dp2moetp1ep8,7,7,0,8,8,0,8,8,8,FULL:8,FULL,7,7,0,8,8,0,8,8,8,FULL:8,FULL,0,0,0,0,0,0,0,1,1,1,1,1,1,1,False,False,True
engine_dp:1:step:8,engine_core_dp_step,1,32000x1000_b16,pure_decode,tp4dp2moetp1ep8,8,8,0,8,8,0,8,8,8,FULL:8,FULL,8,8,0,8,8,0,8,8,8,FULL:8,FULL,0,0,0,0,0,0,0,1,1,1,1,1,1,1,False,False,True
engine_dp:1:step:9,engine_core_dp_step,1,32000x1000_b16,pure_decode,tp4dp2moetp1ep8,9,9,0,8,8,0,8,8,8,FULL:8,FULL,9,9,0,8,8,0,8,8,8,FULL:8,FULL,0,0,0,0,0,0,0,1,1,1,1,1,1,1,False,False,True
engine_dp:1:step:10,engine_core_dp_step,1,32000x1000_b16,pure_decode,tp4dp2moetp1ep8,10,10,0,8,8,0,8,8,8,FULL:8,FULL,10,10,0,8,8,0,8,8,8,FULL:8,FULL,0,0,0,0,0,0,0,1,1,1,1,1,1,1,False,False,True
engine_dp:1:step:11,engine_core_dp_step,1,32000x1000_b16,pure_decode,tp4dp2moetp1ep8,11,11,0,8,8,0,8,8,8,FULL:8,FULL,11,11,0,8,8,0,8,8,8,FULL:8,FULL,0,0,0,0,0,0,0,1,1,1,1,1,1,1,False,False,True
engine_dp:1:step:12,engine_core_dp_step,1,32000x1000_b16,pure_decode,tp4dp2moetp1ep8,12,12,0,8,8,0,8,8,8,FULL:8,FULL,12,12,0,8,8,0,8,8,8,FULL:8,FULL,0,0,0,0,0,0,0,1,1,1,1,1,1,1,False,False,True
engine_dp:1:step:13,engine_core_dp_step,1,32000x1000_b16,pure_decode,tp4dp2moetp1ep8,13,13,0,8,8,0,8,8,8,FULL:8,FULL,13,13,0,8,8,0,8,8,8,FULL:8,FULL,0,0,0,0,0,0,0,1,1,1,1,1,1,1,False,False,True
engine_dp:1:step:14,engine_core_dp_step,1,32000x1000_b16,pure_decode,tp4dp2moetp1ep8,14,14,0,8,8,0,8,8,8,FULL:8,FULL,14,14,0,8,8,0,8,8,8,FULL:8,FULL,0,0,0,0,0,0,0,1,1,1,1,1,1,1,False,False,True
engine_dp:1:step:15,engine_core_dp_step,1,32000x1000_b16,pure_decode,tp4dp2moetp1ep8,15,15,0,8,8,0,8,8,8,FULL:8,FULL,15,15,0,8,8,0,8,8,8,FULL:8,FULL,0,0,0,0,0,0,0,1,1,1,1,1,1,1,False,False,True
engine_dp:1:step:16,engine_core_dp_step,1,32000x1000_b16,pure_decode,tp4dp2moetp1ep8,16,16,0,8,8,0,8,8,8,FULL:8,FULL,16,16,0,8,8,0,8,8,8,FULL:8,FULL,0,0,0,0,0,0,0,1,1,1,1,1,1,1,False,False,True
engine_dp:1:step:17,engine_core_dp_step,1,32000x1000_b16,pure_decode,tp4dp2moetp1ep8,17,17,0,8,8,0,8,8,8,FULL:8,FULL,17,17,0,8,8,0,8,8,8,FULL:8,FULL,0,0,0,0,0,0,0,1,1,1,1,1,1,1,False,False,True
engine_dp:1:step:18,engine_core_dp_step,1,32000x1000_b16,pure_decode,tp4dp2moetp1ep8,18,18,0,8,8,0,8,8,8,FULL:8,FULL,18,18,0,8,8,0,8,8,8,FULL:8,FULL,0,0,0,0,0,0,0,1,1,1,1,1,1,1,False,False,True
engine_dp:1:step:19,engine_core_dp_step,1,32000x1000_b16,pure_decode,tp4dp2moetp1ep8,19,19,0,8,8,0,8,8,8,FULL:8,FULL,19,19,0,8,8,0,8,8,8,FULL:8,FULL,0,0,0,0,0,0,0,1,1,1,1,1,1,1,False,False,True
engine_dp:1:step:20,engine_core_dp_step,1,32000x1000_b16,pure_decode,tp4dp2moetp1ep8,20,20,0,8,8,0,8,8,8,FULL:8,FULL,20,20,0,8,8,0,8,8,8,FULL:8,FULL,0,0,0,0,0,0,0,1,1,1,1,1,1,1,False,False,True
engine_dp:1:step:21,engine_core_dp_step,1,32000x1000_b16,pure_decode,tp4dp2moetp1ep8,21,21,0,8,8,0,8,8,8,FULL:8,FULL,21,21,0,8,8,0,8,8,8,FULL:8,FULL,0,0,0,0,0,0,0,1,1,1,1,1,1,1,False,False,True
engine_dp:1:step:22,engine_core_dp_step,1,32000x1000_b16,pure_decode,tp4dp2moetp1ep8,22,22,0,8,8,0,8,8,8,FULL:8,FULL,22,22,0,8,8,0,8,8,8,FULL:8,FULL,0,0,0,0,0,0,0,1,1,1,1,1,1,1,False,False,True
engine_dp:1:step:23,engine_core_dp_step,1,32000x1000_b16,pure_decode,tp4dp2moetp1ep8,23,23,0,8,8,0,8,8,8,FULL:8,FULL,23,23,0,8,8,0,8,8,8,FULL:8,FULL,0,0,0,0,0,0,0,1,1,1,1,1,1,1,False,False,True
engine_dp:1:step:24,engine_core_dp_step,1,32000x1000_b16,pure_decode,tp4dp2moetp1ep8,24,24,0,8,8,0,8,8,8,FULL:8,FULL,24,24,0,8,8,0,8,8,8,FULL:8,FULL,0,0,0,0,0,0,0,1,1,1,1,1,1,1,False,False,True
engine_dp:1:step:25,engine_core_dp_step,1,32000x1000_b16,pure_decode,tp4dp2moetp1ep8,25,25,0,8,8,0,8,8,8,FULL:8,FULL,25,25,0,8,8,0,8,8,8,FULL:8,FULL,0,0,0,0,0,0,0,1,1,1,1,1,1,1,False,False,True
engine_dp:1:step:26,engine_core_dp_step,1,32000x1000_b16,pure_decode,tp4dp2moetp1ep8,26,26,0,8,8,0,8,8,8,FULL:8,FULL,26,26,0,8,8,0,8,8,8,FULL:8,FULL,0,0,0,0,0,0,0,1,1,1,1,1,1,1,False,False,True
engine_dp:1:step:27,engine_core_dp_step,1,32000x1000_b16,pure_decode,tp4dp2moetp1ep8,27,27,0,8,8,0,8,8,8,FULL:8,FULL,27,27,0,8,8,0,8,8,8,FULL:8,FULL,0,0,0,0,0,0,0,1,1,1,1,1,1,1,False,False,True
engine_dp:1:step:28,engine_core_dp_step,1,32000x1000_b16,pure_decode,tp4dp2moetp1ep8,28,28,0,8,8,0,8,8,8,FULL:8,FULL,28,28,0,8,8,0,8,8,8,FULL:8,FULL,0,0,0,0,0,0,0,1,1,1,1,1,1,1,False,False,True
engine_dp:1:step:29,engine_core_dp_step,1,32000x1000_b16,pure_decode,tp4dp2moetp1ep8,29,29,0,8,8,0,8,8,8,FULL:8,FULL,29,29,0,8,8,0,8,8,8,FULL:8,FULL,0,0,0,0,0,0,0,1,1,1,1,1,1,1,False,False,True
engine_dp:1:step:30,engine_core_dp_step,1,32000x1000_b16,pure_decode,tp4dp2moetp1ep8,30,30,0,8,8,0,8,8,8,FULL:8,FULL,30,30,0,8,8,0,8,8,8,FULL:8,FULL,0,0,0,0,0,0,0,1,1,1,1,1,1,1,False,False,True
engine_dp:1:step:31,engine_core_dp_step,1,32000x1000_b16,pure_decode,tp4dp2moetp1ep8,31,31,0,8,8,0,8,8,8,FULL:8,FULL,31,31,0,8,8,0,8,8,8,FULL:8,FULL,0,0,0,0,0,0,0,1,1,1,1,1,1,1,False,False,True
engine_dp:1:step:32,engine_core_dp_step,1,32000x1000_b16,pure_decode,tp4dp2moetp1ep8,32,32,0,8,8,0,8,8,8,FULL:8,FULL,32,32,0,8,8,0,8,8,8,FULL:8,FULL,0,0,0,0,0,0,0,1,1,1,1,1,1,1,False,False,True
engine_dp:1:step:33,engine_core_dp_step,1,32000x1000_b16,pure_decode,tp4dp2moetp1ep8,33,33,0,8,8,0,8,8,8,FULL:8,FULL,33,33,0,8,8,0,8,8,8,FULL:8,FULL,0,0,0,0,0,0,0,1,1,1,1,1,1,1,False,False,True
engine_dp:1:step:34,engine_core_dp_step,1,32000x1000_b16,pure_decode,tp4dp2moetp1ep8,34,34,0,8,8,0,8,8,8,FULL:8,FULL,34,34,0,8,8,0,8,8,8,FULL:8,FULL,0,0,0,0,0,0,0,1,1,1,1,1,1,1,False,False,True
engine_dp:1:step:35,engine_core_dp_step,1,32000x1000_b16,pure_decode,tp4dp2moetp1ep8,35,35,0,8,8,0,8,8,8,FULL:8,FULL,35,35,0,8,8,0,8,8,8,FULL:8,FULL,0,0,0,0,0,0,0,1,1,1,1,1,1,1,False,False,True
engine_dp:1:step:36,engine_core_dp_step,1,32000x1000_b16,pure_decode,tp4dp2moetp1ep8,36,36,0,8,8,0,8,8,8,FULL:8,FULL,36,36,0,8,8,0,8,8,8,FULL:8,FULL,0,0,0,0,0,0,0,1,1,1,1,1,1,1,False,False,True
engine_dp:1:step:37,engine_core_dp_step,1,32000x1000_b16,pure_decode,tp4dp2moetp1ep8,37,37,0,8,8,0,8,8,8,FULL:8,FULL,37,37,0,8,8,0,8,8,8,FULL:8,FULL,0,0,0,0,0,0,0,1,1,1,1,1,1,1,False,False,True
engine_dp:1:step:38,engine_core_dp_step,1,32000x1000_b16,pure_decode,tp4dp2moetp1ep8,38,38,0,8,8,0,8,8,8,FULL:8,FULL,38,38,0,8,8,0,8,8,8,FULL:8,FULL,0,0,0,0,0,0,0,1,1,1,1,1,1,1,False,False,True
engine_dp:1:step:39,engine_core_dp_step,1,32000x1000_b16,pure_decode,tp4dp2moetp1ep8,39,39,0,8,8,0,8,8,8,FULL:8,FULL,39,39,0,8,8,0,8,8,8,FULL:8,FULL,0,0,0,0,0,0,0,1,1,1,1,1,1,1,False,False,True
engine_dp:1:step:40,engine_core_dp_step,1,32000x1000_b16,pure_decode,tp4dp2moetp1ep8,40,40,0,8,8,0,8,8,8,FULL:8,FULL,40,40,0,8,8,0,8,8,8,FULL:8,FULL,0,0,0,0,0,0,0,1,1,1,1,1,1,1,False,False,True
engine_dp:1:step:41,engine_core_dp_step,1,32000x1000_b16,pure_decode,tp4dp2moetp1ep8,41,41,0,8,8,0,8,8,8,FULL:8,FULL,41,41,0,8,8,0,8,8,8,FULL:8,FULL,0,0,0,0,0,0,0,1,1,1,1,1,1,1,False,False,True
engine_dp:1:step:42,engine_core_dp_step,1,32000x1000_b16,pure_decode,tp4dp2moetp1ep8,42,42,0,8,8,0,8,8,8,FULL:8,FULL,42,42,0,8,8,0,8,8,8,FULL:8,FULL,0,0,0,0,0,0,0,1,1,1,1,1,1,1,False,False,True
engine_dp:1:step:43,engine_core_dp_step,1,32000x1000_b16,pure_decode,tp4dp2moetp1ep8,43,43,0,8,8,0,8,8,8,FULL:8,FULL,43,43,0,8,8,0,8,8,8,FULL:8,FULL,0,0,0,0,0,0,0,1,1,1,1,1,1,1,False,False,True
engine_dp:1:step:44,engine_core_dp_step,1,32000x1000_b16,pure_decode,tp4dp2moetp1ep8,44,44,0,8,8,0,8,8,8,FULL:8,FULL,44,44,0,8,8,0,8,8,8,FULL:8,FULL,0,0,0,0,0,0,0,1,1,1,1,1,1,1,False,False,True
engine_dp:1:step:45,engine_core_dp_step,1,32000x1000_b16,pure_decode,tp4dp2moetp1ep8,45,45,0,8,8,0,8,8,8,FULL:8,FULL,45,45,0,8,8,0,8,8,8,FULL:8,FULL,0,0,0,0,0,0,0,1,1,1,1,1,1,1,False,False,True
engine_dp:1:step:46,engine_core_dp_step,1,32000x1000_b16,pure_decode,tp4dp2moetp1ep8,46,46,0,8,8,0,8,8,8,FULL:8,FULL,46,46,0,8,8,0,8,8,8,FULL:8,FULL,0,0,0,0,0,0,0,1,1,1,1,1,1,1,False,False,True
engine_dp:1:step:47,engine_core_dp_step,1,32000x1000_b16,pure_decode,tp4dp2moetp1ep8,47,47,0,8,8,0,8,8,8,FULL:8,FULL,47,47,0,8,8,0,8,8,8,FULL:8,FULL,0,0,0,0,0,0,0,1,1,1,1,1,1,1,False,False,True
engine_dp:1:step:48,engine_core_dp_step,1,32000x1000_b16,pure_decode,tp4dp2moetp1ep8,48,48,0,8,8,0,8,8,8,FULL:8,FULL,48,48,0,8,8,0,8,8,8,FULL:8,FULL,0,0,0,0,0,0,0,1,1,1,1,1,1,1,False,False,True
engine_dp:1:step:49,engine_core_dp_step,1,32000x1000_b16,pure_decode,tp4dp2moetp1ep8,49,49,0,8,8,0,8,8,8,FULL:8,FULL,49,49,0,8,8,0,8,8,8,FULL:8,FULL,0,0,0,0,0,0,0,1,1,1,1,1,1,1,False,False,True
engine_dp:1:step:50,engine_core_dp_step,1,32000x1000_b16,pure_decode,tp4dp2moetp1ep8,50,50,0,8,8,0,8,8,8,FULL:8,FULL,50,50,0,8,8,0,8,8,8,FULL:8,FULL,0,0,0,0,0,0,0,1,1,1,1,1,1,1,False,False,True
engine_dp:1:step:51,engine_core_dp_step,1,32000x1000_b16,pure_decode,tp4dp2moetp1ep8,51,51,0,8,8,0,8,8,8,FULL:8,FULL,51,51,0,8,8,0,8,8,8,FULL:8,FULL,0,0,0,0,0,0,0,1,1,1,1,1,1,1,False,False,True
engine_dp:1:step:52,engine_core_dp_step,1,32000x1000_b16,pure_decode,tp4dp2moetp1ep8,52,52,0,8,8,0,8,8,8,FULL:8,FULL,52,52,0,8,8,0,8,8,8,FULL:8,FULL,0,0,0,0,0,0,0,1,1,1,1,1,1,1,False,False,True
engine_dp:1:step:53,engine_core_dp_step,1,32000x1000_b16,pure_decode,tp4dp2moetp1ep8,53,53,0,8,8,0,8,8,8,FULL:8,FULL,53,53,0,8,8,0,8,8,8,FULL:8,FULL,0,0,0,0,0,0,0,1,1,1,1,1,1,1,False,False,True
engine_dp:1:step:54,engine_core_dp_step,1,32000x1000_b16,pure_decode,tp4dp2moetp1ep8,54,54,0,8,8,0,8,8,8,FULL:8,FULL,54,54,0,8,8,0,8,8,8,FULL:8,FULL,0,0,0,0,0,0,0,1,1,1,1,1,1,1,False,False,True
engine_dp:1:step:55,engine_core_dp_step,1,32000x1000_b16,pure_decode,tp4dp2moetp1ep8,55,55,0,8,8,0,8,8,8,FULL:8,FULL,55,55,0,8,8,0,8,8,8,FULL:8,FULL,0,0,0,0,0,0,0,1,1,1,1,1,1,1,False,False,True
engine_dp:1:step:56,engine_core_dp_step,1,32000x1000_b16,pure_decode,tp4dp2moetp1ep8,56,56,0,8,8,0,8,8,8,FULL:8,FULL,56,56,0,8,8,0,8,8,8,FULL:8,FULL,0,0,0,0,0,0,0,1,1,1,1,1,1,1,False,False,True
engine_dp:1:step:57,engine_core_dp_step,1,32000x1000_b16,pure_decode,tp4dp2moetp1ep8,57,57,0,8,8,0,8,8,8,FULL:8,FULL,57,57,0,8,8,0,8,8,8,FULL:8,FULL,0,0,0,0,0,0,0,1,1,1,1,1,1,1,False,False,True
engine_dp:1:step:58,engine_core_dp_step,1,32000x1000_b16,pure_decode,tp4dp2moetp1ep8,58,58,0,8,8,0,8,8,8,FULL:8,FULL,58,58,0,8,8,0,8,8,8,FULL:8,FULL,0,0,0,0,0,0,0,1,1,1,1,1,1,1,False,False,True
engine_dp:1:step:59,engine_core_dp_step,1,32000x1000_b16,pure_decode,tp4dp2moetp1ep8,59,59,0,8,8,0,8,8,8,FULL:8,FULL,59,59,0,8,8,0,8,8,8,FULL:8,FULL,0,0,0,0,0,0,0,1,1,1,1,1,1,1,False,False,True
engine_dp:1:step:60,engine_core_dp_step,1,32000x1000_b16,pure_decode,tp4dp2moetp1ep8,60,60,0,8,8,0,8,8,8,FULL:8,FULL,60,60,0,8,8,0,8,8,8,FULL:8,FULL,0,0,0,0,0,0,0,1,1,1,1,1,1,1,False,False,True
engine_dp:1:step:61,engine_core_dp_step,1,32000x1000_b16,pure_decode,tp4dp2moetp1ep8,61,61,0,8,8,0,8,8,8,FULL:8,FULL,61,61,0,8,8,0,8,8,8,FULL:8,FULL,0,0,0,0,0,0,0,1,1,1,1,1,1,1,False,False,True
engine_dp:1:step:62,engine_core_dp_step,1,32000x1000_b16,pure_decode,tp4dp2moetp1ep8,62,62,0,8,8,0,8,8,8,FULL:8,FULL,62,62,0,8,8,0,8,8,8,FULL:8,FULL,0,0,0,0,0,0,0,1,1,1,1,1,1,1,False,False,True
engine_dp:1:step:63,engine_core_dp_step,1,32000x1000_b16,pure_decode,tp4dp2moetp1ep8,63,63,0,8,8,0,8,8,8,FULL:8,FULL,63,63,0,8,8,0,8,8,8,FULL:8,FULL,0,0,0,0,0,0,0,1,1,1,1,1,1,1,False,False,True
engine_dp:1:step:64,engine_core_dp_step,1,32000x1000_b16,pure_decode,tp4dp2moetp1ep8,64,64,0,8,8,0,8,8,8,FULL:8,FULL,64,64,0,8,8,0,8,8,8,FULL:8,FULL,0,0,0,0,0,0,0,1,1,1,1,1,1,1,False,False,True
engine_dp:1:step:65,engine_core_dp_step,1,32000x1000_b16,pure_decode,tp4dp2moetp1ep8,65,65,0,8,8,0,8,8,8,FULL:8,FULL,65,65,0,8,8,0,8,8,8,FULL:8,FULL,0,0,0,0,0,0,0,1,1,1,1,1,1,1,False,False,True
engine_dp:1:step:66,engine_core_dp_step,1,32000x1000_b16,pure_decode,tp4dp2moetp1ep8,66,66,0,8,8,0,8,8,8,FULL:8,FULL,66,66,0,8,8,0,8,8,8,FULL:8,FULL,0,0,0,0,0,0,0,1,1,1,1,1,1,1,False,False,True
engine_dp:1:step:67,engine_core_dp_step,1,32000x1000_b16,pure_decode,tp4dp2moetp1ep8,67,67,0,8,8,0,8,8,8,FULL:8,FULL,67,67,0,8,8,0,8,8,8,FULL:8,FULL,0,0,0,0,0,0,0,1,1,1,1,1,1,1,False,False,True
engine_dp:1:step:68,engine_core_dp_step,1,32000x1000_b16,pure_decode,tp4dp2moetp1ep8,68,68,0,8,8,0,8,8,8,FULL:8,FULL,68,68,0,8,8,0,8,8,8,FULL:8,FULL,0,0,0,0,0,0,0,1,1,1,1,1,1,1,False,False,True
engine_dp:1:step:69,engine_core_dp_step,1,32000x1000_b16,pure_decode,tp4dp2moetp1ep8,69,69,0,8,8,0,8,8,8,FULL:8,FULL,69,69,0,8,8,0,8,8,8,FULL:8,FULL,0,0,0,0,0,0,0,1,1,1,1,1,1,1,False,False,True
engine_dp:1:step:70,engine_core_dp_step,1,32000x1000_b16,pure_decode,tp4dp2moetp1ep8,70,70,0,8,8,0,8,8,8,FULL:8,FULL,70,70,0,8,8,0,8,8,8,FULL:8,FULL,0,0,0,0,0,0,0,1,1,1,1,1,1,1,False,False,True
engine_dp:1:step:71,engine_core_dp_step,1,32000x1000_b16,pure_decode,tp4dp2moetp1ep8,71,71,0,8,8,0,8,8,8,FULL:8,FULL,71,71,0,8,8,0,8,8,8,FULL:8,FULL,0,0,0,0,0,0,0,1,1,1,1,1,1,1,False,False,True
engine_dp:1:step:72,engine_core_dp_step,1,32000x1000_b16,pure_decode,tp4dp2moetp1ep8,72,72,0,8,8,0,8,8,8,FULL:8,FULL,72,72,0,8,8,0,8,8,8,FULL:8,FULL,0,0,0,0,0,0,0,1,1,1,1,1,1,1,False,False,True
engine_dp:1:step:73,engine_core_dp_step,1,32000x1000_b16,pure_decode,tp4dp2moetp1ep8,73,73,0,8,8,0,8,8,8,FULL:8,FULL,73,73,0,8,8,0,8,8,8,FULL:8,FULL,0,0,0,0,0,0,0,1,1,1,1,1,1,1,False,False,True
engine_dp:1:step:74,engine_core_dp_step,1,32000x1000_b16,pure_decode,tp4dp2moetp1ep8,74,74,0,8,8,0,8,8,8,FULL:8,FULL,74,74,0,8,8,0,8,8,8,FULL:8,FULL,0,0,0,0,0,0,0,1,1,1,1,1,1,1,False,False,True
engine_dp:1:step:75,engine_core_dp_step,1,32000x1000_b16,pure_decode,tp4dp2moetp1ep8,75,75,0,8,8,0,8,8,8,FULL:8,FULL,75,75,0,8,8,0,8,8,8,FULL:8,FULL,0,0,0,0,0,0,0,1,1,1,1,1,1,1,False,False,True
engine_dp:1:step:76,engine_core_dp_step,1,32000x1000_b16,pure_decode,tp4dp2moetp1ep8,76,76,0,8,8,0,8,8,8,FULL:8,FULL,76,76,0,8,8,0,8,8,8,FULL:8,FULL,0,0,0,0,0,0,0,1,1,1,1,1,1,1,False,False,True
engine_dp:1:step:77,engine_core_dp_step,1,32000x1000_b16,pure_decode,tp4dp2moetp1ep8,77,77,0,8,8,0,8,8,8,FULL:8,FULL,77,77,0,8,8,0,8,8,8,FULL:8,FULL,0,0,0,0,0,0,0,1,1,1,1,1,1,1,False,False,True
engine_dp:1:step:78,engine_core_dp_step,1,32000x1000_b16,pure_decode,tp4dp2moetp1ep8,78,78,0,8,8,0,8,8,8,FULL:8,FULL,78,78,0,8,8,0,8,8,8,FULL:8,FULL,0,0,0,0,0,0,0,1,1,1,1,1,1,1,False,False,True
engine_dp:1:step:79,engine_core_dp_step,1,32000x1000_b16,pure_decode,tp4dp2moetp1ep8,79,79,0,8,8,0,8,8,8,FULL:8,FULL,79,79,0,8,8,0,8,8,8,FULL:8,FULL,0,0,0,0,0,0,0,1,1,1,1,1,1,1,False,False,True
engine_dp:1:step:80,engine_core_dp_step,1,32000x1000_b16,pure_decode,tp4dp2moetp1ep8,80,80,0,8,8,0,8,8,8,FULL:8,FULL,80,80,0,8,8,0,8,8,8,FULL:8,FULL,0,0,0,0,0,0,0,1,1,1,1,1,1,1,False,False,True
engine_dp:1:step:81,engine_core_dp_step,1,32000x1000_b16,pure_decode,tp4dp2moetp1ep8,81,81,0,8,8,0,8,8,8,FULL:8,FULL,81,81,0,8,8,0,8,8,8,FULL:8,FULL,0,0,0,0,0,0,0,1,1,1,1,1,1,1,False,False,True
engine_dp:1:step:82,engine_core_dp_step,1,32000x1000_b16,pure_decode,tp4dp2moetp1ep8,82,82,0,8,8,0,8,8,8,FULL:8,FULL,82,82,0,8,8,0,8,8,8,FULL:8,FULL,0,0,0,0,0,0,0,1,1,1,1,1,1,1,False,False,True
engine_dp:1:step:83,engine_core_dp_step,1,32000x1000_b16,pure_decode,tp4dp2moetp1ep8,83,83,0,8,8,0,8,8,8,FULL:8,FULL,83,83,0,8,8,0,8,8,8,FULL:8,FULL,0,0,0,0,0,0,0,1,1,1,1,1,1,1,False,False,True
engine_dp:1:step:84,engine_core_dp_step,1,32000x1000_b16,pure_decode,tp4dp2moetp1ep8,84,84,0,8,8,0,8,8,8,FULL:8,FULL,84,84,0,8,8,0,8,8,8,FULL:8,FULL,0,0,0,0,0,0,0,1,1,1,1,1,1,1,False,False,True
engine_dp:1:step:85,engine_core_dp_step,1,32000x1000_b16,pure_decode,tp4dp2moetp1ep8,85,85,0,8,8,0,8,8,8,FULL:8,FULL,85,85,0,8,8,0,8,8,8,FULL:8,FULL,0,0,0,0,0,0,0,1,1,1,1,1,1,1,False,False,True
engine_dp:1:step:86,engine_core_dp_step,1,32000x1000_b16,pure_decode,tp4dp2moetp1ep8,86,86,0,8,8,0,8,8,8,FULL:8,FULL,86,86,0,8,8,0,8,8,8,FULL:8,FULL,0,0,0,0,0,0,0,1,1,1,1,1,1,1,False,False,True
engine_dp:1:step:87,engine_core_dp_step,1,32000x1000_b16,pure_decode,tp4dp2moetp1ep8,87,87,0,8,8,0,8,8,8,FULL:8,FULL,87,87,0,8,8,0,8,8,8,FULL:8,FULL,0,0,0,0,0,0,0,1,1,1,1,1,1,1,False,False,True
engine_dp:1:step:88,engine_core_dp_step,1,32000x1000_b16,pure_decode,tp4dp2moetp1ep8,88,88,0,8,8,0,8,8,8,FULL:8,FULL,88,88,0,8,8,0,8,8,8,FULL:8,FULL,0,0,0,0,0,0,0,1,1,1,1,1,1,1,False,False,True
engine_dp:1:step:89,engine_core_dp_step,1,32000x1000_b16,pure_decode,tp4dp2moetp1ep8,89,89,0,8,8,0,8,8,8,FULL:8,FULL,89,89,0,8,8,0,8,8,8,FULL:8,FULL,0,0,0,0,0,0,0,1,1,1,1,1,1,1,False,False,True
engine_dp:1:step:90,engine_core_dp_step,1,32000x1000_b16,pure_decode,tp4dp2moetp1ep8,90,90,0,8,8,0,8,8,8,FULL:8,FULL,90,90,0,8,8,0,8,8,8,FULL:8,FULL,0,0,0,0,0,0,0,1,1,1,1,1,1,1,False,False,True
engine_dp:1:step:91,engine_core_dp_step,1,32000x1000_b16,pure_decode,tp4dp2moetp1ep8,91,91,0,8,8,0,8,8,8,FULL:8,FULL,91,91,0,8,8,0,8,8,8,FULL:8,FULL,0,0,0,0,0,0,0,1,1,1,1,1,1,1,False,False,True
engine_dp:1:step:92,engine_core_dp_step,1,32000x1000_b16,pure_decode,tp4dp2moetp1ep8,92,92,0,8,8,0,8,8,8,FULL:8,FULL,92,92,0,8,8,0,8,8,8,FULL:8,FULL,0,0,0,0,0,0,0,1,1,1,1,1,1,1,False,False,True
engine_dp:1:step:93,engine_core_dp_step,1,32000x1000_b16,pure_decode,tp4dp2moetp1ep8,93,93,0,8,8,0,8,8,8,FULL:8,FULL,93,93,0,8,8,0,8,8,8,FULL:8,FULL,0,0,0,0,0,0,0,1,1,1,1,1,1,1,False,False,True
engine_dp:1:step:94,engine_core_dp_step,1,32000x1000_b16,pure_decode,tp4dp2moetp1ep8,94,94,0,8,8,0,8,8,8,FULL:8,FULL,94,94,0,8,8,0,8,8,8,FULL:8,FULL,0,0,0,0,0,0,0,1,1,1,1,1,1,1,False,False,True
engine_dp:1:step:95,engine_core_dp_step,1,32000x1000_b16,pure_decode,tp4dp2moetp1ep8,95,95,0,8,8,0,8,8,8,FULL:8,FULL,95,95,0,8,8,0,8,8,8,FULL:8,FULL,0,0,0,0,0,0,0,1,1,1,1,1,1,1,False,False,True
engine_dp:1:step:96,engine_core_dp_step,1,32000x1000_b16,pure_decode,tp4dp2moetp1ep8,96,96,0,8,8,0,8,8,8,FULL:8,FULL,96,96,0,8,8,0,8,8,8,FULL:8,FULL,0,0,0,0,0,0,0,1,1,1,1,1,1,1,False,False,True
engine_dp:1:step:97,engine_core_dp_step,1,32000x1000_b16,pure_decode,tp4dp2moetp1ep8,97,97,0,8,8,0,8,8,8,FULL:8,FULL,97,97,0,8,8,0,8,8,8,FULL:8,FULL,0,0,0,0,0,0,0,1,1,1,1,1,1,1,False,False,True
engine_dp:1:step:98,engine_core_dp_step,1,32000x1000_b16,pure_decode,tp4dp2moetp1ep8,98,98,0,8,8,0,8,8,8,FULL:8,FULL,98,98,0,8,8,0,8,8,8,FULL:8,FULL,0,0,0,0,0,0,0,1,1,1,1,1,1,1,False,False,True
engine_dp:1:step:99,engine_core_dp_step,1,32000x1000_b16,pure_decode,tp4dp2moetp1ep8,99,99,0,8,8,0,8,8,8,FULL:8,FULL,99,99,0,8,8,0,8,8,8,FULL:8,FULL,0,0,0,0,0,0,0,1,1,1,1,1,1,1,False,False,True
engine_dp:1:step:100,engine_core_dp_step,1,32000x1000_b16,pure_decode,tp4dp2moetp1ep8,100,100,0,8,8,0,8,8,8,FULL:8,FULL,100,100,0,8,8,0,8,8,8,FULL:8,FULL,0,0,0,0,0,0,0,1,1,1,1,1,1,1,False,False,True
engine_dp:1:step:101,engine_core_dp_step,1,32000x1000_b16,pure_decode,tp4dp2moetp1ep8,101,101,0,8,8,0,8,8,8,FULL:8,FULL,101,101,0,8,8,0,8,8,8,FULL:8,FULL,0,0,0,0,0,0,0,1,1,1,1,1,1,1,False,False,True
engine_dp:1:step:102,engine_core_dp_step,1,32000x1000_b16,pure_decode,tp4dp2moetp1ep8,102,102,0,8,8,0,8,8,8,FULL:8,FULL,102,102,0,8,8,0,8,8,8,FULL:8,FULL,0,0,0,0,0,0,0,1,1,1,1,1,1,1,False,False,True
engine_dp:1:step:103,engine_core_dp_step,1,32000x1000_b16,pure_decode,tp4dp2moetp1ep8,103,103,0,8,8,0,8,8,8,FULL:8,FULL,103,103,0,8,8,0,8,8,8,FULL:8,FULL,0,0,0,0,0,0,0,1,1,1,1,1,1,1,False,False,True
engine_dp:1:step:104,engine_core_dp_step,1,32000x1000_b16,pure_decode,tp4dp2moetp1ep8,104,104,0,8,8,0,8,8,8,FULL:8,FULL,104,104,0,8,8,0,8,8,8,FULL:8,FULL,0,0,0,0,0,0,0,1,1,1,1,1,1,1,False,False,True
engine_dp:1:step:105,engine_core_dp_step,1,32000x1000_b16,pure_decode,tp4dp2moetp1ep8,105,105,0,8,8,0,8,8,8,FULL:8,FULL,105,105,0,8,8,0,8,8,8,FULL:8,FULL,0,0,0,0,0,0,0,1,1,1,1,1,1,1,False,False,True
engine_dp:1:step:106,engine_core_dp_step,1,32000x1000_b16,pure_decode,tp4dp2moetp1ep8,106,106,0,8,8,0,8,8,8,FULL:8,FULL,106,106,0,8,8,0,8,8,8,FULL:8,FULL,0,0,0,0,0,0,0,1,1,1,1,1,1,1,False,False,True
engine_dp:1:step:107,engine_core_dp_step,1,32000x1000_b16,pure_decode,tp4dp2moetp1ep8,107,107,0,8,8,0,8,8,8,FULL:8,FULL,107,107,0,8,8,0,8,8,8,FULL:8,FULL,0,0,0,0,0,0,0,1,1,1,1,1,1,1,False,False,True
engine_dp:1:step:108,engine_core_dp_step,1,32000x1000_b16,pure_decode,tp4dp2moetp1ep8,108,108,0,8,8,0,8,8,8,FULL:8,FULL,108,108,0,8,8,0,8,8,8,FULL:8,FULL,0,0,0,0,0,0,0,1,1,1,1,1,1,1,False,False,True
engine_dp:1:step:109,engine_core_dp_step,1,32000x1000_b16,pure_decode,tp4dp2moetp1ep8,109,109,0,8,8,0,8,8,8,FULL:8,FULL,109,109,0,8,8,0,8,8,8,FULL:8,FULL,0,0,0,0,0,0,0,1,1,1,1,1,1,1,False,False,True
engine_dp:1:step:110,engine_core_dp_step,1,32000x1000_b16,pure_decode,tp4dp2moetp1ep8,110,110,0,8,8,0,8,8,8,FULL:8,FULL,110,110,0,8,8,0,8,8,8,FULL:8,FULL,0,0,0,0,0,0,0,1,1,1,1,1,1,1,False,False,True
engine_dp:1:step:111,engine_core_dp_step,1,32000x1000_b16,pure_decode,tp4dp2moetp1ep8,111,111,0,8,8,0,8,8,8,FULL:8,FULL,111,111,0,8,8,0,8,8,8,FULL:8,FULL,0,0,0,0,0,0,0,1,1,1,1,1,1,1,False,False,True
engine_dp:1:step:112,engine_core_dp_step,1,32000x1000_b16,pure_decode,tp4dp2moetp1ep8,112,112,0,8,8,0,8,8,8,FULL:8,FULL,112,112,0,8,8,0,8,8,8,FULL:8,FULL,0,0,0,0,0,0,0,1,1,1,1,1,1,1,False,False,True
engine_dp:1:step:113,engine_core_dp_step,1,32000x1000_b16,pure_decode,tp4dp2moetp1ep8,113,113,0,8,8,0,8,8,8,FULL:8,FULL,113,113,0,8,8,0,8,8,8,FULL:8,FULL,0,0,0,0,0,0,0,1,1,1,1,1,1,1,False,False,True
engine_dp:1:step:114,engine_core_dp_step,1,32000x1000_b16,pure_decode,tp4dp2moetp1ep8,114,114,0,8,8,0,8,8,8,FULL:8,FULL,114,114,0,8,8,0,8,8,8,FULL:8,FULL,0,0,0,0,0,0,0,1,1,1,1,1,1,1,False,False,True
engine_dp:1:step:115,engine_core_dp_step,1,32000x1000_b16,pure_decode,tp4dp2moetp1ep8,115,115,0,8,8,0,8,8,8,FULL:8,FULL,115,115,0,8,8,0,8,8,8,FULL:8,FULL,0,0,0,0,0,0,0,1,1,1,1,1,1,1,False,False,True
engine_dp:1:step:116,engine_core_dp_step,1,32000x1000_b16,pure_decode,tp4dp2moetp1ep8,116,116,0,8,8,0,8,8,8,FULL:8,FULL,116,116,0,8,8,0,8,8,8,FULL:8,FULL,0,0,0,0,0,0,0,1,1,1,1,1,1,1,False,False,True
engine_dp:1:step:117,engine_core_dp_step,1,32000x1000_b16,pure_decode,tp4dp2moetp1ep8,117,117,0,8,8,0,8,8,8,FULL:8,FULL,117,117,0,8,8,0,8,8,8,FULL:8,FULL,0,0,0,0,0,0,0,1,1,1,1,1,1,1,False,False,True
engine_dp:1:step:118,engine_core_dp_step,1,32000x1000_b16,pure_decode,tp4dp2moetp1ep8,118,118,0,8,8,0,8,8,8,FULL:8,FULL,118,118,0,8,8,0,8,8,8,FULL:8,FULL,0,0,0,0,0,0,0,1,1,1,1,1,1,1,False,False,True
engine_dp:1:step:119,engine_core_dp_step,1,32000x1000_b16,pure_decode,tp4dp2moetp1ep8,119,119,0,8,8,0,8,8,8,FULL:8,FULL,119,119,0,8,8,0,8,8,8,FULL:8,FULL,0,0,0,0,0,0,0,1,1,1,1,1,1,1,False,False,True
engine_dp:1:step:120,engine_core_dp_step,1,32000x1000_b16,pure_decode,tp4dp2moetp1ep8,120,120,0,8,8,0,8,8,8,FULL:8,FULL,120,120,0,8,8,0,8,8,8,FULL:8,FULL,0,0,0,0,0,0,0,1,1,1,1,1,1,1,False,False,True
engine_dp:1:step:121,engine_core_dp_step,1,32000x1000_b16,pure_decode,tp4dp2moetp1ep8,121,121,0,8,8,0,8,8,8,FULL:8,FULL,121,121,0,8,8,0,8,8,8,FULL:8,FULL,0,0,0,0,0,0,0,1,1,1,1,1,1,1,False,False,True
engine_dp:1:step:122,engine_core_dp_step,1,32000x1000_b16,pure_decode,tp4dp2moetp1ep8,122,122,0,8,8,0,8,8,8,FULL:8,FULL,122,122,0,8,8,0,8,8,8,FULL:8,FULL,0,0,0,0,0,0,0,1,1,1,1,1,1,1,False,False,True
engine_dp:1:step:123,engine_core_dp_step,1,32000x1000_b16,pure_decode,tp4dp2moetp1ep8,123,123,0,8,8,0,8,8,8,FULL:8,FULL,123,123,0,8,8,0,8,8,8,FULL:8,FULL,0,0,0,0,0,0,0,1,1,1,1,1,1,1,False,False,True
engine_dp:1:step:124,engine_core_dp_step,1,32000x1000_b16,pure_decode,tp4dp2moetp1ep8,124,124,0,8,8,0,8,8,8,FULL:8,FULL,124,124,0,8,8,0,8,8,8,FULL:8,FULL,0,0,0,0,0,0,0,1,1,1,1,1,1,1,False,False,True
engine_dp:1:step:125,engine_core_dp_step,1,32000x1000_b16,pure_decode,tp4dp2moetp1ep8,125,125,0,8,8,0,8,8,8,FULL:8,FULL,125,125,0,8,8,0,8,8,8,FULL:8,FULL,0,0,0,0,0,0,0,1,1,1,1,1,1,1,False,False,True
engine_dp:1:step:126,engine_core_dp_step,1,32000x1000_b16,pure_decode,tp4dp2moetp1ep8,126,126,0,8,8,0,8,8,8,FULL:8,FULL,126,126,0,8,8,0,8,8,8,FULL:8,FULL,0,0,0,0,0,0,0,1,1,1,1,1,1,1,False,False,True
engine_dp:1:step:127,engine_core_dp_step,1,32000x1000_b16,pure_decode,tp4dp2moetp1ep8,127,127,0,8,8,0,8,8,8,FULL:8,FULL,127,127,0,8,8,0,8,8,8,FULL:8,FULL,0,0,0,0,0,0,0,1,1,1,1,1,1,1,False,False,True
engine_dp:1:step:128,engine_core_dp_step,1,32000x1000_b16,pure_decode,tp4dp2moetp1ep8,128,128,0,8,8,0,8,8,8,FULL:8,FULL,128,128,0,8,8,0,8,8,8,FULL:8,FULL,0,0,0,0,0,0,0,1,1,1,1,1,1,1,False,False,True
engine_dp:1:step:129,engine_core_dp_step,1,32000x1000_b16,pure_decode,tp4dp2moetp1ep8,129,129,0,8,8,0,8,8,8,FULL:8,FULL,129,129,0,8,8,0,8,8,8,FULL:8,FULL,0,0,0,0,0,0,0,1,1,1,1,1,1,1,False,False,True
engine_dp:1:step:130,engine_core_dp_step,1,32000x1000_b16,pure_decode,tp4dp2moetp1ep8,130,130,0,8,8,0,8,8,8,FULL:8,FULL,130,130,0,8,8,0,8,8,8,FULL:8,FULL,0,0,0,0,0,0,0,1,1,1,1,1,1,1,False,False,True
engine_dp:1:step:131,engine_core_dp_step,1,32000x1000_b16,pure_decode,tp4dp2moetp1ep8,131,131,0,8,8,0,8,8,8,FULL:8,FULL,131,131,0,8,8,0,8,8,8,FULL:8,FULL,0,0,0,0,0,0,0,1,1,1,1,1,1,1,False,False,True
engine_dp:1:step:132,engine_core_dp_step,1,32000x1000_b16,pure_decode,tp4dp2moetp1ep8,132,132,0,8,8,0,8,8,8,FULL:8,FULL,132,132,0,8,8,0,8,8,8,FULL:8,FULL,0,0,0,0,0,0,0,1,1,1,1,1,1,1,False,False,True
engine_dp:1:step:133,engine_core_dp_step,1,32000x1000_b16,pure_decode,tp4dp2moetp1ep8,133,133,0,8,8,0,8,8,8,FULL:8,FULL,133,133,0,8,8,0,8,8,8,FULL:8,FULL,0,0,0,0,0,0,0,1,1,1,1,1,1,1,False,False,True
engine_dp:1:step:134,engine_core_dp_step,1,32000x1000_b16,pure_decode,tp4dp2moetp1ep8,134,134,0,8,8,0,8,8,8,FULL:8,FULL,134,134,0,8,8,0,8,8,8,FULL:8,FULL,0,0,0,0,0,0,0,1,1,1,1,1,1,1,False,False,True
engine_dp:1:step:135,engine_core_dp_step,1,32000x1000_b16,pure_decode,tp4dp2moetp1ep8,135,135,0,8,8,0,8,8,8,FULL:8,FULL,135,135,0,8,8,0,8,8,8,FULL:8,FULL,0,0,0,0,0,0,0,1,1,1,1,1,1,1,False,False,True
engine_dp:1:step:136,engine_core_dp_step,1,32000x1000_b16,pure_decode,tp4dp2moetp1ep8,136,136,0,8,8,0,8,8,8,FULL:8,FULL,136,136,0,8,8,0,8,8,8,FULL:8,FULL,0,0,0,0,0,0,0,1,1,1,1,1,1,1,False,False,True
engine_dp:1:step:137,engine_core_dp_step,1,32000x1000_b16,pure_decode,tp4dp2moetp1ep8,137,137,0,8,8,0,8,8,8,FULL:8,FULL,137,137,0,8,8,0,8,8,8,FULL:8,FULL,0,0,0,0,0,0,0,1,1,1,1,1,1,1,False,False,True
engine_dp:1:step:138,engine_core_dp_step,1,32000x1000_b16,pure_decode,tp4dp2moetp1ep8,138,138,0,8,8,0,8,8,8,FULL:8,FULL,138,138,0,8,8,0,8,8,8,FULL:8,FULL,0,0,0,0,0,0,0,1,1,1,1,1,1,1,False,False,True
engine_dp:1:step:139,engine_core_dp_step,1,32000x1000_b16,pure_decode,tp4dp2moetp1ep8,139,139,0,8,8,0,8,8,8,FULL:8,FULL,139,139,0,8,8,0,8,8,8,FULL:8,FULL,0,0,0,0,0,0,0,1,1,1,1,1,1,1,False,False,True
engine_dp:1:step:140,engine_core_dp_step,1,32000x1000_b16,pure_decode,tp4dp2moetp1ep8,140,140,0,8,8,0,8,8,8,FULL:8,FULL,140,140,0,8,8,0,8,8,8,FULL:8,FULL,0,0,0,0,0,0,0,1,1,1,1,1,1,1,False,False,True
engine_dp:1:step:141,engine_core_dp_step,1,32000x1000_b16,pure_decode,tp4dp2moetp1ep8,141,141,0,8,8,0,8,8,8,FULL:8,FULL,141,141,0,8,8,0,8,8,8,FULL:8,FULL,0,0,0,0,0,0,0,1,1,1,1,1,1,1,False,False,True
engine_dp:1:step:142,engine_core_dp_step,1,32000x1000_b16,pure_decode,tp4dp2moetp1ep8,142,142,0,8,8,0,8,8,8,FULL:8,FULL,142,142,0,8,8,0,8,8,8,FULL:8,FULL,0,0,0,0,0,0,0,1,1,1,1,1,1,1,False,False,True
engine_dp:1:step:143,engine_core_dp_step,1,32000x1000_b16,pure_decode,tp4dp2moetp1ep8,143,143,0,8,8,0,8,8,8,FULL:8,FULL,143,143,0,8,8,0,8,8,8,FULL:8,FULL,0,0,0,0,0,0,0,1,1,1,1,1,1,1,False,False,True
engine_dp:1:step:144,engine_core_dp_step,1,32000x1000_b16,pure_decode,tp4dp2moetp1ep8,144,144,0,8,8,0,8,8,8,FULL:8,FULL,144,144,0,8,8,0,8,8,8,FULL:8,FULL,0,0,0,0,0,0,0,1,1,1,1,1,1,1,False,False,True
engine_dp:1:step:145,engine_core_dp_step,1,32000x1000_b16,pure_decode,tp4dp2moetp1ep8,145,145,0,8,8,0,8,8,8,FULL:8,FULL,145,145,0,8,8,0,8,8,8,FULL:8,FULL,0,0,0,0,0,0,0,1,1,1,1,1,1,1,False,False,True
engine_dp:1:step:146,engine_core_dp_step,1,32000x1000_b16,pure_decode,tp4dp2moetp1ep8,146,146,0,8,8,0,8,8,8,FULL:8,FULL,146,146,0,8,8,0,8,8,8,FULL:8,FULL,0,0,0,0,0,0,0,1,1,1,1,1,1,1,False,False,True
engine_dp:1:step:147,engine_core_dp_step,1,32000x1000_b16,pure_decode,tp4dp2moetp1ep8,147,147,0,8,8,0,8,8,8,FULL:8,FULL,147,147,0,8,8,0,8,8,8,FULL:8,FULL,0,0,0,0,0,0,0,1,1,1,1,1,1,1,False,False,True
engine_dp:1:step:148,engine_core_dp_step,1,32000x1000_b16,pure_decode,tp4dp2moetp1ep8,148,148,0,8,8,0,8,8,8,FULL:8,FULL,148,148,0,8,8,0,8,8,8,FULL:8,FULL,0,0,0,0,0,0,0,1,1,1,1,1,1,1,False,False,True
engine_dp:1:step:149,engine_core_dp_step,1,32000x1000_b16,pure_decode,tp4dp2moetp1ep8,149,149,0,8,8,0,8,8,8,FULL:8,FULL,149,149,0,8,8,0,8,8,8,FULL:8,FULL,0,0,0,0,0,0,0,1,1,1,1,1,1,1,False,False,True
engine_dp:1:step:150,engine_core_dp_step,1,32000x1000_b16,pure_decode,tp4dp2moetp1ep8,150,150,0,8,8,0,8,8,8,FULL:8,FULL,150,150,0,8,8,0,8,8,8,FULL:8,FULL,0,0,0,0,0,0,0,1,1,1,1,1,1,1,False,False,True
engine_dp:1:step:151,engine_core_dp_step,1,32000x1000_b16,pure_decode,tp4dp2moetp1ep8,151,151,0,8,8,0,8,8,8,FULL:8,FULL,151,151,0,8,8,0,8,8,8,FULL:8,FULL,0,0,0,0,0,0,0,1,1,1,1,1,1,1,False,False,True
engine_dp:1:step:152,engine_core_dp_step,1,32000x1000_b16,pure_decode,tp4dp2moetp1ep8,152,152,0,8,8,0,8,8,8,FULL:8,FULL,152,152,0,8,8,0,8,8,8,FULL:8,FULL,0,0,0,0,0,0,0,1,1,1,1,1,1,1,False,False,True
engine_dp:1:step:153,engine_core_dp_step,1,32000x1000_b16,pure_decode,tp4dp2moetp1ep8,153,153,0,8,8,0,8,8,8,FULL:8,FULL,153,153,0,8,8,0,8,8,8,FULL:8,FULL,0,0,0,0,0,0,0,1,1,1,1,1,1,1,False,False,True
engine_dp:1:step:154,engine_core_dp_step,1,32000x1000_b16,pure_decode,tp4dp2moetp1ep8,154,154,0,8,8,0,8,8,8,FULL:8,FULL,154,154,0,8,8,0,8,8,8,FULL:8,FULL,0,0,0,0,0,0,0,1,1,1,1,1,1,1,False,False,True
engine_dp:1:step:155,engine_core_dp_step,1,32000x1000_b16,pure_decode,tp4dp2moetp1ep8,155,155,0,8,8,0,8,8,8,FULL:8,FULL,155,155,0,8,8,0,8,8,8,FULL:8,FULL,0,0,0,0,0,0,0,1,1,1,1,1,1,1,False,False,True
engine_dp:1:step:156,engine_core_dp_step,1,32000x1000_b16,pure_decode,tp4dp2moetp1ep8,156,156,0,8,8,0,8,8,8,FULL:8,FULL,156,156,0,8,8,0,8,8,8,FULL:8,FULL,0,0,0,0,0,0,0,1,1,1,1,1,1,1,False,False,True
engine_dp:1:step:157,engine_core_dp_step,1,32000x1000_b16,pure_decode,tp4dp2moetp1ep8,157,157,0,8,8,0,8,8,8,FULL:8,FULL,157,157,0,8,8,0,8,8,8,FULL:8,FULL,0,0,0,0,0,0,0,1,1,1,1,1,1,1,False,False,True
engine_dp:1:step:158,engine_core_dp_step,1,32000x1000_b16,pure_decode,tp4dp2moetp1ep8,158,158,0,8,8,0,8,8,8,FULL:8,FULL,158,158,0,8,8,0,8,8,8,FULL:8,FULL,0,0,0,0,0,0,0,1,1,1,1,1,1,1,False,False,True
engine_dp:1:step:159,engine_core_dp_step,1,32000x1000_b16,pure_decode,tp4dp2moetp1ep8,159,159,0,8,8,0,8,8,8,FULL:8,FULL,159,159,0,8,8,0,8,8,8,FULL:8,FULL,0,0,0,0,0,0,0,1,1,1,1,1,1,1,False,False,True
engine_dp:1:step:160,engine_core_dp_step,1,32000x1000_b16,pure_decode,tp4dp2moetp1ep8,160,160,0,8,8,0,8,8,8,FULL:8,FULL,160,160,0,8,8,0,8,8,8,FULL:8,FULL,0,0,0,0,0,0,0,1,1,1,1,1,1,1,False,False,True
engine_dp:1:step:161,engine_core_dp_step,1,32000x1000_b16,pure_decode,tp4dp2moetp1ep8,161,161,0,8,8,0,8,8,8,FULL:8,FULL,161,161,0,8,8,0,8,8,8,FULL:8,FULL,0,0,0,0,0,0,0,1,1,1,1,1,1,1,False,False,True
engine_dp:1:step:162,engine_core_dp_step,1,32000x1000_b16,pure_decode,tp4dp2moetp1ep8,162,162,0,8,8,0,8,8,8,FULL:8,FULL,162,162,0,8,8,0,8,8,8,FULL:8,FULL,0,0,0,0,0,0,0,1,1,1,1,1,1,1,False,False,True
engine_dp:1:step:163,engine_core_dp_step,1,32000x1000_b16,pure_decode,tp4dp2moetp1ep8,163,163,0,8,8,0,8,8,8,FULL:8,FULL,163,163,0,8,8,0,8,8,8,FULL:8,FULL,0,0,0,0,0,0,0,1,1,1,1,1,1,1,False,False,True
engine_dp:1:step:164,engine_core_dp_step,1,32000x1000_b16,pure_decode,tp4dp2moetp1ep8,164,164,0,8,8,0,8,8,8,FULL:8,FULL,164,164,0,8,8,0,8,8,8,FULL:8,FULL,0,0,0,0,0,0,0,1,1,1,1,1,1,1,False,False,True
engine_dp:1:step:165,engine_core_dp_step,1,32000x1000_b16,pure_decode,tp4dp2moetp1ep8,165,165,0,8,8,0,8,8,8,FULL:8,FULL,165,165,0,8,8,0,8,8,8,FULL:8,FULL,0,0,0,0,0,0,0,1,1,1,1,1,1,1,False,False,True
engine_dp:1:step:166,engine_core_dp_step,1,32000x1000_b16,pure_decode,tp4dp2moetp1ep8,166,166,0,8,8,0,8,8,8,FULL:8,FULL,166,166,0,8,8,0,8,8,8,FULL:8,FULL,0,0,0,0,0,0,0,1,1,1,1,1,1,1,False,False,True
engine_dp:1:step:167,engine_core_dp_step,1,32000x1000_b16,pure_decode,tp4dp2moetp1ep8,167,167,0,8,8,0,8,8,8,FULL:8,FULL,167,167,0,8,8,0,8,8,8,FULL:8,FULL,0,0,0,0,0,0,0,1,1,1,1,1,1,1,False,False,True
engine_dp:1:step:168,engine_core_dp_step,1,32000x1000_b16,pure_decode,tp4dp2moetp1ep8,168,168,0,8,8,0,8,8,8,FULL:8,FULL,168,168,0,8,8,0,8,8,8,FULL:8,FULL,0,0,0,0,0,0,0,1,1,1,1,1,1,1,False,False,True
engine_dp:1:step:169,engine_core_dp_step,1,32000x1000_b16,pure_decode,tp4dp2moetp1ep8,169,169,0,8,8,0,8,8,8,FULL:8,FULL,169,169,0,8,8,0,8,8,8,FULL:8,FULL,0,0,0,0,0,0,0,1,1,1,1,1,1,1,False,False,True
engine_dp:1:step:170,engine_core_dp_step,1,32000x1000_b16,pure_decode,tp4dp2moetp1ep8,170,170,0,8,8,0,8,8,8,FULL:8,FULL,170,170,0,8,8,0,8,8,8,FULL:8,FULL,0,0,0,0,0,0,0,1,1,1,1,1,1,1,False,False,True
engine_dp:1:step:171,engine_core_dp_step,1,32000x1000_b16,pure_decode,tp4dp2moetp1ep8,171,171,0,8,8,0,8,8,8,FULL:8,FULL,171,171,0,8,8,0,8,8,8,FULL:8,FULL,0,0,0,0,0,0,0,1,1,1,1,1,1,1,False,False,True
engine_dp:1:step:172,engine_core_dp_step,1,32000x1000_b16,pure_decode,tp4dp2moetp1ep8,172,172,0,8,8,0,8,8,8,FULL:8,FULL,172,172,0,8,8,0,8,8,8,FULL:8,FULL,0,0,0,0,0,0,0,1,1,1,1,1,1,1,False,False,True
engine_dp:1:step:173,engine_core_dp_step,1,32000x1000_b16,pure_decode,tp4dp2moetp1ep8,173,173,0,8,8,0,8,8,8,FULL:8,FULL,173,173,0,8,8,0,8,8,8,FULL:8,FULL,0,0,0,0,0,0,0,1,1,1,1,1,1,1,False,False,True
engine_dp:1:step:174,engine_core_dp_step,1,32000x1000_b16,pure_decode,tp4dp2moetp1ep8,174,174,0,8,8,0,8,8,8,FULL:8,FULL,174,174,0,8,8,0,8,8,8,FULL:8,FULL,0,0,0,0,0,0,0,1,1,1,1,1,1,1,False,False,True
engine_dp:1:step:175,engine_core_dp_step,1,32000x1000_b16,pure_decode,tp4dp2moetp1ep8,175,175,0,8,8,0,8,8,8,FULL:8,FULL,175,175,0,8,8,0,8,8,8,FULL:8,FULL,0,0,0,0,0,0,0,1,1,1,1,1,1,1,False,False,True
engine_dp:1:step:176,engine_core_dp_step,1,32000x1000_b16,pure_decode,tp4dp2moetp1ep8,176,176,0,8,8,0,8,8,8,FULL:8,FULL,176,176,0,8,8,0,8,8,8,FULL:8,FULL,0,0,0,0,0,0,0,1,1,1,1,1,1,1,False,False,True
engine_dp:1:step:177,engine_core_dp_step,1,32000x1000_b16,pure_decode,tp4dp2moetp1ep8,177,177,0,8,8,0,8,8,8,FULL:8,FULL,177,177,0,8,8,0,8,8,8,FULL:8,FULL,0,0,0,0,0,0,0,1,1,1,1,1,1,1,False,False,True
engine_dp:1:step:178,engine_core_dp_step,1,32000x1000_b16,pure_decode,tp4dp2moetp1ep8,178,178,0,8,8,0,8,8,8,FULL:8,FULL,178,178,0,8,8,0,8,8,8,FULL:8,FULL,0,0,0,0,0,0,0,1,1,1,1,1,1,1,False,False,True
engine_dp:1:step:179,engine_core_dp_step,1,32000x1000_b16,pure_decode,tp4dp2moetp1ep8,179,179,0,8,8,0,8,8,8,FULL:8,FULL,179,179,0,8,8,0,8,8,8,FULL:8,FULL,0,0,0,0,0,0,0,1,1,1,1,1,1,1,False,False,True
engine_dp:1:step:180,engine_core_dp_step,1,32000x1000_b16,pure_decode,tp4dp2moetp1ep8,180,180,0,8,8,0,8,8,8,FULL:8,FULL,180,180,0,8,8,0,8,8,8,FULL:8,FULL,0,0,0,0,0,0,0,1,1,1,1,1,1,1,False,False,True
engine_dp:1:step:181,engine_core_dp_step,1,32000x1000_b16,pure_decode,tp4dp2moetp1ep8,181,181,0,8,8,0,8,8,8,FULL:8,FULL,181,181,0,8,8,0,8,8,8,FULL:8,FULL,0,0,0,0,0,0,0,1,1,1,1,1,1,1,False,False,True
engine_dp:1:step:182,engine_core_dp_step,1,32000x1000_b16,pure_decode,tp4dp2moetp1ep8,182,182,0,8,8,0,8,8,8,FULL:8,FULL,182,182,0,8,8,0,8,8,8,FULL:8,FULL,0,0,0,0,0,0,0,1,1,1,1,1,1,1,False,False,True
engine_dp:1:step:183,engine_core_dp_step,1,32000x1000_b16,pure_decode,tp4dp2moetp1ep8,183,183,0,8,8,0,8,8,8,FULL:8,FULL,183,183,0,8,8,0,8,8,8,FULL:8,FULL,0,0,0,0,0,0,0,1,1,1,1,1,1,1,False,False,True
engine_dp:1:step:184,engine_core_dp_step,1,32000x1000_b16,pure_decode,tp4dp2moetp1ep8,184,184,0,8,8,0,8,8,8,FULL:8,FULL,184,184,0,8,8,0,8,8,8,FULL:8,FULL,0,0,0,0,0,0,0,1,1,1,1,1,1,1,False,False,True
engine_dp:1:step:185,engine_core_dp_step,1,32000x1000_b16,pure_decode,tp4dp2moetp1ep8,185,185,0,8,8,0,8,8,8,FULL:8,FULL,185,185,0,8,8,0,8,8,8,FULL:8,FULL,0,0,0,0,0,0,0,1,1,1,1,1,1,1,False,False,True
engine_dp:1:step:186,engine_core_dp_step,1,32000x1000_b16,pure_decode,tp4dp2moetp1ep8,186,186,0,8,8,0,8,8,8,FULL:8,FULL,186,186,0,8,8,0,8,8,8,FULL:8,FULL,0,0,0,0,0,0,0,1,1,1,1,1,1,1,False,False,True
engine_dp:1:step:187,engine_core_dp_step,1,32000x1000_b16,pure_decode,tp4dp2moetp1ep8,187,187,0,8,8,0,8,8,8,FULL:8,FULL,187,187,0,8,8,0,8,8,8,FULL:8,FULL,0,0,0,0,0,0,0,1,1,1,1,1,1,1,False,False,True
engine_dp:1:step:188,engine_core_dp_step,1,32000x1000_b16,pure_decode,tp4dp2moetp1ep8,188,188,0,8,8,0,8,8,8,FULL:8,FULL,188,188,0,8,8,0,8,8,8,FULL:8,FULL,0,0,0,0,0,0,0,1,1,1,1,1,1,1,False,False,True
engine_dp:1:step:189,engine_core_dp_step,1,32000x1000_b16,pure_decode,tp4dp2moetp1ep8,189,189,0,8,8,0,8,8,8,FULL:8,FULL,189,189,0,8,8,0,8,8,8,FULL:8,FULL,0,0,0,0,0,0,0,1,1,1,1,1,1,1,False,False,True
engine_dp:1:step:190,engine_core_dp_step,1,32000x1000_b16,pure_decode,tp4dp2moetp1ep8,190,190,0,8,8,0,8,8,8,FULL:8,FULL,190,190,0,8,8,0,8,8,8,FULL:8,FULL,0,0,0,0,0,0,0,1,1,1,1,1,1,1,False,False,True
engine_dp:1:step:191,engine_core_dp_step,1,32000x1000_b16,pure_decode,tp4dp2moetp1ep8,191,191,0,8,8,0,8,8,8,FULL:8,FULL,191,191,0,8,8,0,8,8,8,FULL:8,FULL,0,0,0,0,0,0,0,1,1,1,1,1,1,1,False,False,True
engine_dp:1:step:192,engine_core_dp_step,1,32000x1000_b16,pure_decode,tp4dp2moetp1ep8,192,192,0,8,8,0,8,8,8,FULL:8,FULL,192,192,0,8,8,0,8,8,8,FULL:8,FULL,0,0,0,0,0,0,0,1,1,1,1,1,1,1,False,False,True
engine_dp:1:step:193,engine_core_dp_step,1,32000x1000_b16,pure_decode,tp4dp2moetp1ep8,193,193,0,8,8,0,8,8,8,FULL:8,FULL,193,193,0,8,8,0,8,8,8,FULL:8,FULL,0,0,0,0,0,0,0,1,1,1,1,1,1,1,False,False,True
engine_dp:1:step:194,engine_core_dp_step,1,32000x1000_b16,pure_decode,tp4dp2moetp1ep8,194,194,0,8,8,0,8,8,8,FULL:8,FULL,194,194,0,8,8,0,8,8,8,FULL:8,FULL,0,0,0,0,0,0,0,1,1,1,1,1,1,1,False,False,True
engine_dp:1:step:195,engine_core_dp_step,1,32000x1000_b16,pure_decode,tp4dp2moetp1ep8,195,195,0,8,8,0,8,8,8,FULL:8,FULL,195,195,0,8,8,0,8,8,8,FULL:8,FULL,0,0,0,0,0,0,0,1,1,1,1,1,1,1,False,False,True
engine_dp:1:step:196,engine_core_dp_step,1,32000x1000_b16,pure_decode,tp4dp2moetp1ep8,196,196,0,8,8,0,8,8,8,FULL:8,FULL,196,196,0,8,8,0,8,8,8,FULL:8,FULL,0,0,0,0,0,0,0,1,1,1,1,1,1,1,False,False,True
engine_dp:1:step:197,engine_core_dp_step,1,32000x1000_b16,pure_decode,tp4dp2moetp1ep8,197,197,0,8,8,0,8,8,8,FULL:8,FULL,197,197,0,8,8,0,8,8,8,FULL:8,FULL,0,0,0,0,0,0,0,1,1,1,1,1,1,1,False,False,True
engine_dp:1:step:198,engine_core_dp_step,1,32000x1000_b16,pure_decode,tp4dp2moetp1ep8,198,198,0,8,8,0,8,8,8,FULL:8,FULL,198,198,0,8,8,0,8,8,8,FULL:8,FULL,0,0,0,0,0,0,0,1,1,1,1,1,1,1,False,False,True
engine_dp:1:step:199,engine_core_dp_step,1,32000x1000_b16,pure_decode,tp4dp2moetp1ep8,199,199,0,8,8,0,8,8,8,FULL:8,FULL,199,199,0,8,8,0,8,8,8,FULL:8,FULL,0,0,0,0,0,0,0,1,1,1,1,1,1,1,False,False,True
engine_dp:1:step:200,engine_core_dp_step,1,32000x1000_b16,pure_decode,tp4dp2moetp1ep8,200,200,0,8,8,0,8,8,8,FULL:8,FULL,200,200,0,8,8,0,8,8,8,FULL:8,FULL,0,0,0,0,0,0,0,1,1,1,1,1,1,1,False,False,True
engine_dp:1:step:201,engine_core_dp_step,1,32000x1000_b16,pure_decode,tp4dp2moetp1ep8,201,201,0,8,8,0,8,8,8,FULL:8,FULL,201,201,0,8,8,0,8,8,8,FULL:8,FULL,0,0,0,0,0,0,0,1,1,1,1,1,1,1,False,False,True
engine_dp:1:step:202,engine_core_dp_step,1,32000x1000_b16,pure_decode,tp4dp2moetp1ep8,202,202,0,8,8,0,8,8,8,FULL:8,FULL,202,202,0,8,8,0,8,8,8,FULL:8,FULL,0,0,0,0,0,0,0,1,1,1,1,1,1,1,False,False,True
engine_dp:1:step:203,engine_core_dp_step,1,32000x1000_b16,pure_decode,tp4dp2moetp1ep8,203,203,0,8,8,0,8,8,8,FULL:8,FULL,203,203,0,8,8,0,8,8,8,FULL:8,FULL,0,0,0,0,0,0,0,1,1,1,1,1,1,1,False,False,True
engine_dp:1:step:204,engine_core_dp_step,1,32000x1000_b16,pure_decode,tp4dp2moetp1ep8,204,204,0,8,8,0,8,8,8,FULL:8,FULL,204,204,0,8,8,0,8,8,8,FULL:8,FULL,0,0,0,0,0,0,0,1,1,1,1,1,1,1,False,False,True
engine_dp:1:step:205,engine_core_dp_step,1,32000x1000_b16,pure_decode,tp4dp2moetp1ep8,205,205,0,8,8,0,8,8,8,FULL:8,FULL,205,205,0,8,8,0,8,8,8,FULL:8,FULL,0,0,0,0,0,0,0,1,1,1,1,1,1,1,False,False,True
engine_dp:1:step:206,engine_core_dp_step,1,32000x1000_b16,pure_decode,tp4dp2moetp1ep8,206,206,0,8,8,0,8,8,8,FULL:8,FULL,206,206,0,8,8,0,8,8,8,FULL:8,FULL,0,0,0,0,0,0,0,1,1,1,1,1,1,1,False,False,True
engine_dp:1:step:207,engine_core_dp_step,1,32000x1000_b16,pure_decode,tp4dp2moetp1ep8,207,207,0,8,8,0,8,8,8,FULL:8,FULL,207,207,0,8,8,0,8,8,8,FULL:8,FULL,0,0,0,0,0,0,0,1,1,1,1,1,1,1,False,False,True
engine_dp:1:step:208,engine_core_dp_step,1,32000x1000_b16,pure_decode,tp4dp2moetp1ep8,208,208,0,8,8,0,8,8,8,FULL:8,FULL,208,208,0,8,8,0,8,8,8,FULL:8,FULL,0,0,0,0,0,0,0,1,1,1,1,1,1,1,False,False,True
engine_dp:1:step:209,engine_core_dp_step,1,32000x1000_b16,pure_decode,tp4dp2moetp1ep8,209,209,0,8,8,0,8,8,8,FULL:8,FULL,209,209,0,8,8,0,8,8,8,FULL:8,FULL,0,0,0,0,0,0,0,1,1,1,1,1,1,1,False,False,True
engine_dp:1:step:210,engine_core_dp_step,1,32000x1000_b16,pure_decode,tp4dp2moetp1ep8,210,210,0,8,8,0,8,8,8,FULL:8,FULL,210,210,0,8,8,0,8,8,8,FULL:8,FULL,0,0,0,0,0,0,0,1,1,1,1,1,1,1,False,False,True
engine_dp:1:step:211,engine_core_dp_step,1,32000x1000_b16,pure_decode,tp4dp2moetp1ep8,211,211,0,8,8,0,8,8,8,FULL:8,FULL,211,211,0,8,8,0,8,8,8,FULL:8,FULL,0,0,0,0,0,0,0,1,1,1,1,1,1,1,False,False,True
engine_dp:1:step:212,engine_core_dp_step,1,32000x1000_b16,pure_decode,tp4dp2moetp1ep8,212,212,0,8,8,0,8,8,8,FULL:8,FULL,212,212,0,8,8,0,8,8,8,FULL:8,FULL,0,0,0,0,0,0,0,1,1,1,1,1,1,1,False,False,True
engine_dp:1:step:213,engine_core_dp_step,1,32000x1000_b16,pure_decode,tp4dp2moetp1ep8,213,213,0,8,8,0,8,8,8,FULL:8,FULL,213,213,0,8,8,0,8,8,8,FULL:8,FULL,0,0,0,0,0,0,0,1,1,1,1,1,1,1,False,False,True
engine_dp:1:step:214,engine_core_dp_step,1,32000x1000_b16,pure_decode,tp4dp2moetp1ep8,214,214,0,8,8,0,8,8,8,FULL:8,FULL,214,214,0,8,8,0,8,8,8,FULL:8,FULL,0,0,0,0,0,0,0,1,1,1,1,1,1,1,False,False,True
engine_dp:1:step:215,engine_core_dp_step,1,32000x1000_b16,pure_decode,tp4dp2moetp1ep8,215,215,0,8,8,0,8,8,8,FULL:8,FULL,215,215,0,8,8,0,8,8,8,FULL:8,FULL,0,0,0,0,0,0,0,1,1,1,1,1,1,1,False,False,True
engine_dp:1:step:216,engine_core_dp_step,1,32000x1000_b16,pure_decode,tp4dp2moetp1ep8,216,216,0,8,8,0,8,8,8,FULL:8,FULL,216,216,0,8,8,0,8,8,8,FULL:8,FULL,0,0,0,0,0,0,0,1,1,1,1,1,1,1,False,False,True
engine_dp:1:step:217,engine_core_dp_step,1,32000x1000_b16,pure_decode,tp4dp2moetp1ep8,217,217,0,8,8,0,8,8,8,FULL:8,FULL,217,217,0,8,8,0,8,8,8,FULL:8,FULL,0,0,0,0,0,0,0,1,1,1,1,1,1,1,False,False,True
engine_dp:1:step:218,engine_core_dp_step,1,32000x1000_b16,pure_decode,tp4dp2moetp1ep8,218,218,0,8,8,0,8,8,8,FULL:8,FULL,218,218,0,8,8,0,8,8,8,FULL:8,FULL,0,0,0,0,0,0,0,1,1,1,1,1,1,1,False,False,True
engine_dp:1:step:219,engine_core_dp_step,1,32000x1000_b16,pure_decode,tp4dp2moetp1ep8,219,219,0,8,8,0,8,8,8,FULL:8,FULL,219,219,0,8,8,0,8,8,8,FULL:8,FULL,0,0,0,0,0,0,0,1,1,1,1,1,1,1,False,False,True
engine_dp:1:step:220,engine_core_dp_step,1,32000x1000_b16,pure_decode,tp4dp2moetp1ep8,220,220,0,8,8,0,8,8,8,FULL:8,FULL,220,220,0,8,8,0,8,8,8,FULL:8,FULL,0,0,0,0,0,0,0,1,1,1,1,1,1,1,False,False,True
engine_dp:1:step:221,engine_core_dp_step,1,32000x1000_b16,pure_decode,tp4dp2moetp1ep8,221,221,0,8,8,0,8,8,8,FULL:8,FULL,221,221,0,8,8,0,8,8,8,FULL:8,FULL,0,0,0,0,0,0,0,1,1,1,1,1,1,1,False,False,True
engine_dp:1:step:222,engine_core_dp_step,1,32000x1000_b16,pure_decode,tp4dp2moetp1ep8,222,222,0,8,8,0,8,8,8,FULL:8,FULL,222,222,0,8,8,0,8,8,8,FULL:8,FULL,0,0,0,0,0,0,0,1,1,1,1,1,1,1,False,False,True
engine_dp:1:step:223,engine_core_dp_step,1,32000x1000_b16,pure_decode,tp4dp2moetp1ep8,223,223,0,8,8,0,8,8,8,FULL:8,FULL,223,223,0,8,8,0,8,8,8,FULL:8,FULL,0,0,0,0,0,0,0,1,1,1,1,1,1,1,False,False,True
engine_dp:1:step:224,engine_core_dp_step,1,32000x1000_b16,pure_decode,tp4dp2moetp1ep8,224,224,0,8,8,0,8,8,8,FULL:8,FULL,224,224,0,8,8,0,8,8,8,FULL:8,FULL,0,0,0,0,0,0,0,1,1,1,1,1,1,1,False,False,True
engine_dp:1:step:225,engine_core_dp_step,1,32000x1000_b16,pure_decode,tp4dp2moetp1ep8,225,225,0,8,8,0,8,8,8,FULL:8,FULL,225,225,0,8,8,0,8,8,8,FULL:8,FULL,0,0,0,0,0,0,0,1,1,1,1,1,1,1,False,False,True
engine_dp:1:step:226,engine_core_dp_step,1,32000x1000_b16,pure_decode,tp4dp2moetp1ep8,226,226,0,8,8,0,8,8,8,FULL:8,FULL,226,226,0,8,8,0,8,8,8,FULL:8,FULL,0,0,0,0,0,0,0,1,1,1,1,1,1,1,False,False,True
engine_dp:1:step:227,engine_core_dp_step,1,32000x1000_b16,pure_decode,tp4dp2moetp1ep8,227,227,0,8,8,0,8,8,8,FULL:8,FULL,227,227,0,8,8,0,8,8,8,FULL:8,FULL,0,0,0,0,0,0,0,1,1,1,1,1,1,1,False,False,True
engine_dp:1:step:228,engine_core_dp_step,1,32000x1000_b16,pure_decode,tp4dp2moetp1ep8,228,228,0,8,8,0,8,8,8,FULL:8,FULL,228,228,0,8,8,0,8,8,8,FULL:8,FULL,0,0,0,0,0,0,0,1,1,1,1,1,1,1,False,False,True
engine_dp:1:step:229,engine_core_dp_step,1,32000x1000_b16,pure_decode,tp4dp2moetp1ep8,229,229,0,8,8,0,8,8,8,FULL:8,FULL,229,229,0,8,8,0,8,8,8,FULL:8,FULL,0,0,0,0,0,0,0,1,1,1,1,1,1,1,False,False,True
engine_dp:1:step:230,engine_core_dp_step,1,32000x1000_b16,pure_decode,tp4dp2moetp1ep8,230,230,0,8,8,0,8,8,8,FULL:8,FULL,230,230,0,8,8,0,8,8,8,FULL:8,FULL,0,0,0,0,0,0,0,1,1,1,1,1,1,1,False,False,True
engine_dp:1:step:231,engine_core_dp_step,1,32000x1000_b16,pure_decode,tp4dp2moetp1ep8,231,231,0,8,8,0,8,8,8,FULL:8,FULL,231,231,0,8,8,0,8,8,8,FULL:8,FULL,0,0,0,0,0,0,0,1,1,1,1,1,1,1,False,False,True
engine_dp:1:step:232,engine_core_dp_step,1,32000x1000_b16,pure_decode,tp4dp2moetp1ep8,232,232,0,8,8,0,8,8,8,FULL:8,FULL,232,232,0,8,8,0,8,8,8,FULL:8,FULL,0,0,0,0,0,0,0,1,1,1,1,1,1,1,False,False,True
engine_dp:1:step:233,engine_core_dp_step,1,32000x1000_b16,pure_decode,tp4dp2moetp1ep8,233,233,0,8,8,0,8,8,8,FULL:8,FULL,233,233,0,8,8,0,8,8,8,FULL:8,FULL,0,0,0,0,0,0,0,1,1,1,1,1,1,1,False,False,True
engine_dp:1:step:234,engine_core_dp_step,1,32000x1000_b16,pure_decode,tp4dp2moetp1ep8,234,234,0,8,8,0,8,8,8,FULL:8,FULL,234,234,0,8,8,0,8,8,8,FULL:8,FULL,0,0,0,0,0,0,0,1,1,1,1,1,1,1,False,False,True
engine_dp:1:step:235,engine_core_dp_step,1,32000x1000_b16,pure_decode,tp4dp2moetp1ep8,235,235,0,8,8,0,8,8,8,FULL:8,FULL,235,235,0,8,8,0,8,8,8,FULL:8,FULL,0,0,0,0,0,0,0,1,1,1,1,1,1,1,False,False,True
engine_dp:1:step:236,engine_core_dp_step,1,32000x1000_b16,pure_decode,tp4dp2moetp1ep8,236,236,0,8,8,0,8,8,8,FULL:8,FULL,236,236,0,8,8,0,8,8,8,FULL:8,FULL,0,0,0,0,0,0,0,1,1,1,1,1,1,1,False,False,True
engine_dp:1:step:237,engine_core_dp_step,1,32000x1000_b16,pure_decode,tp4dp2moetp1ep8,237,237,0,8,8,0,8,8,8,FULL:8,FULL,237,237,0,8,8,0,8,8,8,FULL:8,FULL,0,0,0,0,0,0,0,1,1,1,1,1,1,1,False,False,True
engine_dp:1:step:238,engine_core_dp_step,1,32000x1000_b16,pure_decode,tp4dp2moetp1ep8,238,238,0,8,8,0,8,8,8,FULL:8,FULL,238,238,0,8,8,0,8,8,8,FULL:8,FULL,0,0,0,0,0,0,0,1,1,1,1,1,1,1,False,False,True
engine_dp:1:step:239,engine_core_dp_step,1,32000x1000_b16,pure_decode,tp4dp2moetp1ep8,239,239,0,8,8,0,8,8,8,FULL:8,FULL,239,239,0,8,8,0,8,8,8,FULL:8,FULL,0,0,0,0,0,0,0,1,1,1,1,1,1,1,False,False,True
engine_dp:1:step:240,engine_core_dp_step,1,32000x1000_b16,pure_decode,tp4dp2moetp1ep8,240,240,0,8,8,0,8,8,8,FULL:8,FULL,240,240,0,8,8,0,8,8,8,FULL:8,FULL,0,0,0,0,0,0,0,1,1,1,1,1,1,1,False,False,True
engine_dp:1:step:241,engine_core_dp_step,1,32000x1000_b16,pure_decode,tp4dp2moetp1ep8,241,241,0,8,8,0,8,8,8,FULL:8,FULL,241,241,0,8,8,0,8,8,8,FULL:8,FULL,0,0,0,0,0,0,0,1,1,1,1,1,1,1,False,False,True
engine_dp:1:step:242,engine_core_dp_step,1,32000x1000_b16,pure_decode,tp4dp2moetp1ep8,242,242,0,8,8,0,8,8,8,FULL:8,FULL,242,242,0,8,8,0,8,8,8,FULL:8,FULL,0,0,0,0,0,0,0,1,1,1,1,1,1,1,False,False,True
engine_dp:1:step:243,engine_core_dp_step,1,32000x1000_b16,pure_decode,tp4dp2moetp1ep8,243,243,0,8,8,0,8,8,8,FULL:8,FULL,243,243,0,8,8,0,8,8,8,FULL:8,FULL,0,0,0,0,0,0,0,1,1,1,1,1,1,1,False,False,True
engine_dp:1:step:244,engine_core_dp_step,1,32000x1000_b16,pure_decode,tp4dp2moetp1ep8,244,244,0,8,8,0,8,8,8,FULL:8,FULL,244,244,0,8,8,0,8,8,8,FULL:8,FULL,0,0,0,0,0,0,0,1,1,1,1,1,1,1,False,False,True
engine_dp:1:step:245,engine_core_dp_step,1,32000x1000_b16,pure_decode,tp4dp2moetp1ep8,245,245,0,8,8,0,8,8,8,FULL:8,FULL,245,245,0,8,8,0,8,8,8,FULL:8,FULL,0,0,0,0,0,0,0,1,1,1,1,1,1,1,False,False,True
engine_dp:1:step:246,engine_core_dp_step,1,32000x1000_b16,pure_decode,tp4dp2moetp1ep8,246,246,0,8,8,0,8,8,8,FULL:8,FULL,246,246,0,8,8,0,8,8,8,FULL:8,FULL,0,0,0,0,0,0,0,1,1,1,1,1,1,1,False,False,True
engine_dp:1:step:247,engine_core_dp_step,1,32000x1000_b16,pure_decode,tp4dp2moetp1ep8,247,247,0,8,8,0,8,8,8,FULL:8,FULL,247,247,0,8,8,0,8,8,8,FULL:8,FULL,0,0,0,0,0,0,0,1,1,1,1,1,1,1,False,False,True
engine_dp:1:step:248,engine_core_dp_step,1,32000x1000_b16,pure_decode,tp4dp2moetp1ep8,248,248,0,8,8,0,8,8,8,FULL:8,FULL,248,248,0,8,8,0,8,8,8,FULL:8,FULL,0,0,0,0,0,0,0,1,1,1,1,1,1,1,False,False,True
engine_dp:1:step:249,engine_core_dp_step,1,32000x1000_b16,pure_decode,tp4dp2moetp1ep8,249,249,0,8,8,0,8,8,8,FULL:8,FULL,249,249,0,8,8,0,8,8,8,FULL:8,FULL,0,0,0,0,0,0,0,1,1,1,1,1,1,1,False,False,True
engine_dp:1:step:250,engine_core_dp_step,1,32000x1000_b16,pure_decode,tp4dp2moetp1ep8,250,250,0,8,8,0,8,8,8,FULL:8,FULL,250,250,0,8,8,0,8,8,8,FULL:8,FULL,0,0,0,0,0,0,0,1,1,1,1,1,1,1,False,False,True
engine_dp:1:step:251,engine_core_dp_step,1,32000x1000_b16,pure_decode,tp4dp2moetp1ep8,251,251,0,8,8,0,8,8,8,FULL:8,FULL,251,251,0,8,8,0,8,8,8,FULL:8,FULL,0,0,0,0,0,0,0,1,1,1,1,1,1,1,False,False,True
engine_dp:1:step:252,engine_core_dp_step,1,32000x1000_b16,pure_decode,tp4dp2moetp1ep8,252,252,0,8,8,0,8,8,8,FULL:8,FULL,252,252,0,8,8,0,8,8,8,FULL:8,FULL,0,0,0,0,0,0,0,1,1,1,1,1,1,1,False,False,True
engine_dp:1:step:253,engine_core_dp_step,1,32000x1000_b16,pure_decode,tp4dp2moetp1ep8,253,253,0,8,8,0,8,8,8,FULL:8,FULL,253,253,0,8,8,0,8,8,8,FULL:8,FULL,0,0,0,0,0,0,0,1,1,1,1,1,1,1,False,False,True
engine_dp:1:step:254,engine_core_dp_step,1,32000x1000_b16,pure_decode,tp4dp2moetp1ep8,254,254,0,8,8,0,8,8,8,FULL:8,FULL,254,254,0,8,8,0,8,8,8,FULL:8,FULL,0,0,0,0,0,0,0,1,1,1,1,1,1,1,False,False,True
engine_dp:1:step:255,engine_core_dp_step,1,32000x1000_b16,pure_decode,tp4dp2moetp1ep8,255,255,0,8,8,0,8,8,8,FULL:8,FULL,255,255,0,8,8,0,8,8,8,FULL:8,FULL,0,0,0,0,0,0,0,1,1,1,1,1,1,1,False,False,True
engine_dp:1:step:256,engine_core_dp_step,1,32000x1000_b16,pure_decode,tp4dp2moetp1ep8,256,256,0,8,8,0,8,8,8,FULL:8,FULL,256,256,0,8,8,0,8,8,8,FULL:8,FULL,0,0,0,0,0,0,0,1,1,1,1,1,1,1,False,False,True
engine_dp:1:step:257,engine_core_dp_step,1,32000x1000_b16,pure_decode,tp4dp2moetp1ep8,257,257,0,8,8,0,8,8,8,FULL:8,FULL,257,257,0,8,8,0,8,8,8,FULL:8,FULL,0,0,0,0,0,0,0,1,1,1,1,1,1,1,False,False,True
engine_dp:1:step:258,engine_core_dp_step,1,32000x1000_b16,pure_decode,tp4dp2moetp1ep8,258,258,0,8,8,0,8,8,8,FULL:8,FULL,258,258,0,8,8,0,8,8,8,FULL:8,FULL,0,0,0,0,0,0,0,1,1,1,1,1,1,1,False,False,True
engine_dp:1:step:259,engine_core_dp_step,1,32000x1000_b16,pure_decode,tp4dp2moetp1ep8,259,259,0,8,8,0,8,8,8,FULL:8,FULL,259,259,0,8,8,0,8,8,8,FULL:8,FULL,0,0,0,0,0,0,0,1,1,1,1,1,1,1,False,False,True
engine_dp:1:step:260,engine_core_dp_step,1,32000x1000_b16,pure_decode,tp4dp2moetp1ep8,260,260,0,8,8,0,8,8,8,FULL:8,FULL,260,260,0,8,8,0,8,8,8,FULL:8,FULL,0,0,0,0,0,0,0,1,1,1,1,1,1,1,False,False,True
engine_dp:1:step:261,engine_core_dp_step,1,32000x1000_b16,pure_decode,tp4dp2moetp1ep8,261,261,0,8,8,0,8,8,8,FULL:8,FULL,261,261,0,8,8,0,8,8,8,FULL:8,FULL,0,0,0,0,0,0,0,1,1,1,1,1,1,1,False,False,True
engine_dp:1:step:262,engine_core_dp_step,1,32000x1000_b16,pure_decode,tp4dp2moetp1ep8,262,262,0,8,8,0,8,8,8,FULL:8,FULL,262,262,0,8,8,0,8,8,8,FULL:8,FULL,0,0,0,0,0,0,0,1,1,1,1,1,1,1,False,False,True
engine_dp:1:step:263,engine_core_dp_step,1,32000x1000_b16,pure_decode,tp4dp2moetp1ep8,263,263,0,8,8,0,8,8,8,FULL:8,FULL,263,263,0,8,8,0,8,8,8,FULL:8,FULL,0,0,0,0,0,0,0,1,1,1,1,1,1,1,False,False,True
engine_dp:1:step:264,engine_core_dp_step,1,32000x1000_b16,pure_decode,tp4dp2moetp1ep8,264,264,0,8,8,0,8,8,8,FULL:8,FULL,264,264,0,8,8,0,8,8,8,FULL:8,FULL,0,0,0,0,0,0,0,1,1,1,1,1,1,1,False,False,True
engine_dp:1:step:265,engine_core_dp_step,1,32000x1000_b16,pure_decode,tp4dp2moetp1ep8,265,265,0,8,8,0,8,8,8,FULL:8,FULL,265,265,0,8,8,0,8,8,8,FULL:8,FULL,0,0,0,0,0,0,0,1,1,1,1,1,1,1,False,False,True
engine_dp:1:step:266,engine_core_dp_step,1,32000x1000_b16,pure_decode,tp4dp2moetp1ep8,266,266,0,8,8,0,8,8,8,FULL:8,FULL,266,266,0,8,8,0,8,8,8,FULL:8,FULL,0,0,0,0,0,0,0,1,1,1,1,1,1,1,False,False,True
engine_dp:1:step:267,engine_core_dp_step,1,32000x1000_b16,pure_decode,tp4dp2moetp1ep8,267,267,0,8,8,0,8,8,8,FULL:8,FULL,267,267,0,8,8,0,8,8,8,FULL:8,FULL,0,0,0,0,0,0,0,1,1,1,1,1,1,1,False,False,True
engine_dp:1:step:268,engine_core_dp_step,1,32000x1000_b16,pure_decode,tp4dp2moetp1ep8,268,268,0,8,8,0,8,8,8,FULL:8,FULL,268,268,0,8,8,0,8,8,8,FULL:8,FULL,0,0,0,0,0,0,0,1,1,1,1,1,1,1,False,False,True
engine_dp:1:step:269,engine_core_dp_step,1,32000x1000_b16,pure_decode,tp4dp2moetp1ep8,269,269,0,8,8,0,8,8,8,FULL:8,FULL,269,269,0,8,8,0,8,8,8,FULL:8,FULL,0,0,0,0,0,0,0,1,1,1,1,1,1,1,False,False,True
engine_dp:1:step:270,engine_core_dp_step,1,32000x1000_b16,pure_decode,tp4dp2moetp1ep8,270,270,0,8,8,0,8,8,8,FULL:8,FULL,270,270,0,8,8,0,8,8,8,FULL:8,FULL,0,0,0,0,0,0,0,1,1,1,1,1,1,1,False,False,True
engine_dp:1:step:271,engine_core_dp_step,1,32000x1000_b16,pure_decode,tp4dp2moetp1ep8,271,271,0,8,8,0,8,8,8,FULL:8,FULL,271,271,0,8,8,0,8,8,8,FULL:8,FULL,0,0,0,0,0,0,0,1,1,1,1,1,1,1,False,False,True
engine_dp:1:step:272,engine_core_dp_step,1,32000x1000_b16,pure_decode,tp4dp2moetp1ep8,272,272,0,8,8,0,8,8,8,FULL:8,FULL,272,272,0,8,8,0,8,8,8,FULL:8,FULL,0,0,0,0,0,0,0,1,1,1,1,1,1,1,False,False,True
engine_dp:1:step:273,engine_core_dp_step,1,32000x1000_b16,pure_decode,tp4dp2moetp1ep8,273,273,0,8,8,0,8,8,8,FULL:8,FULL,273,273,0,8,8,0,8,8,8,FULL:8,FULL,0,0,0,0,0,0,0,1,1,1,1,1,1,1,False,False,True
engine_dp:1:step:274,engine_core_dp_step,1,32000x1000_b16,pure_decode,tp4dp2moetp1ep8,274,274,0,8,8,0,8,8,8,FULL:8,FULL,274,274,0,8,8,0,8,8,8,FULL:8,FULL,0,0,0,0,0,0,0,1,1,1,1,1,1,1,False,False,True
engine_dp:1:step:275,engine_core_dp_step,1,32000x1000_b16,pure_decode,tp4dp2moetp1ep8,275,275,0,8,8,0,8,8,8,FULL:8,FULL,275,275,0,8,8,0,8,8,8,FULL:8,FULL,0,0,0,0,0,0,0,1,1,1,1,1,1,1,False,False,True
engine_dp:1:step:276,engine_core_dp_step,1,32000x1000_b16,pure_decode,tp4dp2moetp1ep8,276,276,0,8,8,0,8,8,8,FULL:8,FULL,276,276,0,8,8,0,8,8,8,FULL:8,FULL,0,0,0,0,0,0,0,1,1,1,1,1,1,1,False,False,True
engine_dp:1:step:277,engine_core_dp_step,1,32000x1000_b16,pure_decode,tp4dp2moetp1ep8,277,277,0,8,8,0,8,8,8,FULL:8,FULL,277,277,0,8,8,0,8,8,8,FULL:8,FULL,0,0,0,0,0,0,0,1,1,1,1,1,1,1,False,False,True
engine_dp:1:step:278,engine_core_dp_step,1,32000x1000_b16,pure_decode,tp4dp2moetp1ep8,278,278,0,8,8,0,8,8,8,FULL:8,FULL,278,278,0,8,8,0,8,8,8,FULL:8,FULL,0,0,0,0,0,0,0,1,1,1,1,1,1,1,False,False,True
engine_dp:1:step:279,engine_core_dp_step,1,32000x1000_b16,pure_decode,tp4dp2moetp1ep8,279,279,0,8,8,0,8,8,8,FULL:8,FULL,279,279,0,8,8,0,8,8,8,FULL:8,FULL,0,0,0,0,0,0,0,1,1,1,1,1,1,1,False,False,True
engine_dp:1:step:280,engine_core_dp_step,1,32000x1000_b16,pure_decode,tp4dp2moetp1ep8,280,280,0,8,8,0,8,8,8,FULL:8,FULL,280,280,0,8,8,0,8,8,8,FULL:8,FULL,0,0,0,0,0,0,0,1,1,1,1,1,1,1,False,False,True
engine_dp:1:step:281,engine_core_dp_step,1,32000x1000_b16,pure_decode,tp4dp2moetp1ep8,281,281,0,8,8,0,8,8,8,FULL:8,FULL,281,281,0,8,8,0,8,8,8,FULL:8,FULL,0,0,0,0,0,0,0,1,1,1,1,1,1,1,False,False,True
engine_dp:1:step:282,engine_core_dp_step,1,32000x1000_b16,pure_decode,tp4dp2moetp1ep8,282,282,0,8,8,0,8,8,8,FULL:8,FULL,282,282,0,8,8,0,8,8,8,FULL:8,FULL,0,0,0,0,0,0,0,1,1,1,1,1,1,1,False,False,True
engine_dp:1:step:283,engine_core_dp_step,1,32000x1000_b16,pure_decode,tp4dp2moetp1ep8,283,283,0,8,8,0,8,8,8,FULL:8,FULL,283,283,0,8,8,0,8,8,8,FULL:8,FULL,0,0,0,0,0,0,0,1,1,1,1,1,1,1,False,False,True
engine_dp:1:step:284,engine_core_dp_step,1,32000x1000_b16,pure_decode,tp4dp2moetp1ep8,284,284,0,8,8,0,8,8,8,FULL:8,FULL,284,284,0,8,8,0,8,8,8,FULL:8,FULL,0,0,0,0,0,0,0,1,1,1,1,1,1,1,False,False,True
engine_dp:1:step:285,engine_core_dp_step,1,32000x1000_b16,pure_decode,tp4dp2moetp1ep8,285,285,0,8,8,0,8,8,8,FULL:8,FULL,285,285,0,8,8,0,8,8,8,FULL:8,FULL,0,0,0,0,0,0,0,1,1,1,1,1,1,1,False,False,True
engine_dp:1:step:286,engine_core_dp_step,1,32000x1000_b16,pure_decode,tp4dp2moetp1ep8,286,286,0,8,8,0,8,8,8,FULL:8,FULL,286,286,0,8,8,0,8,8,8,FULL:8,FULL,0,0,0,0,0,0,0,1,1,1,1,1,1,1,False,False,True
engine_dp:1:step:287,engine_core_dp_step,1,32000x1000_b16,pure_decode,tp4dp2moetp1ep8,287,287,0,8,8,0,8,8,8,FULL:8,FULL,287,287,0,8,8,0,8,8,8,FULL:8,FULL,0,0,0,0,0,0,0,1,1,1,1,1,1,1,False,False,True
engine_dp:1:step:288,engine_core_dp_step,1,32000x1000_b16,pure_decode,tp4dp2moetp1ep8,288,288,0,8,8,0,8,8,8,FULL:8,FULL,288,288,0,8,8,0,8,8,8,FULL:8,FULL,0,0,0,0,0,0,0,1,1,1,1,1,1,1,False,False,True
engine_dp:1:step:289,engine_core_dp_step,1,32000x1000_b16,pure_decode,tp4dp2moetp1ep8,289,289,0,8,8,0,8,8,8,FULL:8,FULL,289,289,0,8,8,0,8,8,8,FULL:8,FULL,0,0,0,0,0,0,0,1,1,1,1,1,1,1,False,False,True
engine_dp:1:step:290,engine_core_dp_step,1,32000x1000_b16,pure_decode,tp4dp2moetp1ep8,290,290,0,8,8,0,8,8,8,FULL:8,FULL,290,290,0,8,8,0,8,8,8,FULL:8,FULL,0,0,0,0,0,0,0,1,1,1,1,1,1,1,False,False,True
engine_dp:1:step:291,engine_core_dp_step,1,32000x1000_b16,pure_decode,tp4dp2moetp1ep8,291,291,0,8,8,0,8,8,8,FULL:8,FULL,291,291,0,8,8,0,8,8,8,FULL:8,FULL,0,0,0,0,0,0,0,1,1,1,1,1,1,1,False,False,True
engine_dp:1:step:292,engine_core_dp_step,1,32000x1000_b16,pure_decode,tp4dp2moetp1ep8,292,292,0,8,8,0,8,8,8,FULL:8,FULL,292,292,0,8,8,0,8,8,8,FULL:8,FULL,0,0,0,0,0,0,0,1,1,1,1,1,1,1,False,False,True
engine_dp:1:step:293,engine_core_dp_step,1,32000x1000_b16,pure_decode,tp4dp2moetp1ep8,293,293,0,8,8,0,8,8,8,FULL:8,FULL,293,293,0,8,8,0,8,8,8,FULL:8,FULL,0,0,0,0,0,0,0,1,1,1,1,1,1,1,False,False,True
engine_dp:1:step:294,engine_core_dp_step,1,32000x1000_b16,pure_decode,tp4dp2moetp1ep8,294,294,0,8,8,0,8,8,8,FULL:8,FULL,294,294,0,8,8,0,8,8,8,FULL:8,FULL,0,0,0,0,0,0,0,1,1,1,1,1,1,1,False,False,True
engine_dp:1:step:295,engine_core_dp_step,1,32000x1000_b16,pure_decode,tp4dp2moetp1ep8,295,295,0,8,8,0,8,8,8,FULL:8,FULL,295,295,0,8,8,0,8,8,8,FULL:8,FULL,0,0,0,0,0,0,0,1,1,1,1,1,1,1,False,False,True
engine_dp:1:step:296,engine_core_dp_step,1,32000x1000_b16,pure_decode,tp4dp2moetp1ep8,296,296,0,8,8,0,8,8,8,FULL:8,FULL,296,296,0,8,8,0,8,8,8,FULL:8,FULL,0,0,0,0,0,0,0,1,1,1,1,1,1,1,False,False,True
engine_dp:1:step:297,engine_core_dp_step,1,32000x1000_b16,pure_decode,tp4dp2moetp1ep8,297,297,0,8,8,0,8,8,8,FULL:8,FULL,297,297,0,8,8,0,8,8,8,FULL:8,FULL,0,0,0,0,0,0,0,1,1,1,1,1,1,1,False,False,True
engine_dp:1:step:298,engine_core_dp_step,1,32000x1000_b16,pure_decode,tp4dp2moetp1ep8,298,298,0,8,8,0,8,8,8,FULL:8,FULL,298,298,0,8,8,0,8,8,8,FULL:8,FULL,0,0,0,0,0,0,0,1,1,1,1,1,1,1,False,False,True
engine_dp:1:step:299,engine_core_dp_step,1,32000x1000_b16,pure_decode,tp4dp2moetp1ep8,299,299,0,8,8,0,8,8,8,FULL:8,FULL,299,299,0,8,8,0,8,8,8,FULL:8,FULL,0,0,0,0,0,0,0,1,1,1,1,1,1,1,False,False,True
engine_dp:1:step:300,engine_core_dp_step,1,32000x1000_b16,pure_decode,tp4dp2moetp1ep8,300,300,0,8,8,0,8,8,8,FULL:8,FULL,300,300,0,8,8,0,8,8,8,FULL:8,FULL,0,0,0,0,0,0,0,1,1,1,1,1,1,1,False,False,True
engine_dp:1:step:301,engine_core_dp_step,1,32000x1000_b16,pure_decode,tp4dp2moetp1ep8,301,301,0,8,8,0,8,8,8,FULL:8,FULL,301,301,0,8,8,0,8,8,8,FULL:8,FULL,0,0,0,0,0,0,0,1,1,1,1,1,1,1,False,False,True
engine_dp:1:step:302,engine_core_dp_step,1,32000x1000_b16,pure_decode,tp4dp2moetp1ep8,302,302,0,8,8,0,8,8,8,FULL:8,FULL,302,302,0,8,8,0,8,8,8,FULL:8,FULL,0,0,0,0,0,0,0,1,1,1,1,1,1,1,False,False,True
engine_dp:1:step:303,engine_core_dp_step,1,32000x1000_b16,pure_decode,tp4dp2moetp1ep8,303,303,0,8,8,0,8,8,8,FULL:8,FULL,303,303,0,8,8,0,8,8,8,FULL:8,FULL,0,0,0,0,0,0,0,1,1,1,1,1,1,1,False,False,True
engine_dp:1:step:304,engine_core_dp_step,1,32000x1000_b16,pure_decode,tp4dp2moetp1ep8,304,304,0,8,8,0,8,8,8,FULL:8,FULL,304,304,0,8,8,0,8,8,8,FULL:8,FULL,0,0,0,0,0,0,0,1,1,1,1,1,1,1,False,False,True
engine_dp:1:step:305,engine_core_dp_step,1,32000x1000_b16,pure_decode,tp4dp2moetp1ep8,305,305,0,8,8,0,8,8,8,FULL:8,FULL,305,305,0,8,8,0,8,8,8,FULL:8,FULL,0,0,0,0,0,0,0,1,1,1,1,1,1,1,False,False,True
engine_dp:1:step:306,engine_core_dp_step,1,32000x1000_b16,pure_decode,tp4dp2moetp1ep8,306,306,0,8,8,0,8,8,8,FULL:8,FULL,306,306,0,8,8,0,8,8,8,FULL:8,FULL,0,0,0,0,0,0,0,1,1,1,1,1,1,1,False,False,True
engine_dp:1:step:307,engine_core_dp_step,1,32000x1000_b16,pure_decode,tp4dp2moetp1ep8,307,307,0,8,8,0,8,8,8,FULL:8,FULL,307,307,0,8,8,0,8,8,8,FULL:8,FULL,0,0,0,0,0,0,0,1,1,1,1,1,1,1,False,False,True
engine_dp:1:step:308,engine_core_dp_step,1,32000x1000_b16,pure_decode,tp4dp2moetp1ep8,308,308,0,8,8,0,8,8,8,FULL:8,FULL,308,308,0,8,8,0,8,8,8,FULL:8,FULL,0,0,0,0,0,0,0,1,1,1,1,1,1,1,False,False,True
engine_dp:1:step:309,engine_core_dp_step,1,32000x1000_b16,pure_decode,tp4dp2moetp1ep8,309,309,0,8,8,0,8,8,8,FULL:8,FULL,309,309,0,8,8,0,8,8,8,FULL:8,FULL,0,0,0,0,0,0,0,1,1,1,1,1,1,1,False,False,True
engine_dp:1:step:310,engine_core_dp_step,1,32000x1000_b16,pure_decode,tp4dp2moetp1ep8,310,310,0,8,8,0,8,8,8,FULL:8,FULL,310,310,0,8,8,0,8,8,8,FULL:8,FULL,0,0,0,0,0,0,0,1,1,1,1,1,1,1,False,False,True
engine_dp:1:step:311,engine_core_dp_step,1,32000x1000_b16,pure_decode,tp4dp2moetp1ep8,311,311,0,8,8,0,8,8,8,FULL:8,FULL,311,311,0,8,8,0,8,8,8,FULL:8,FULL,0,0,0,0,0,0,0,1,1,1,1,1,1,1,False,False,True
engine_dp:1:step:312,engine_core_dp_step,1,32000x1000_b16,pure_decode,tp4dp2moetp1ep8,312,312,0,8,8,0,8,8,8,FULL:8,FULL,312,312,0,8,8,0,8,8,8,FULL:8,FULL,0,0,0,0,0,0,0,1,1,1,1,1,1,1,False,False,True
engine_dp:1:step:313,engine_core_dp_step,1,32000x1000_b16,pure_decode,tp4dp2moetp1ep8,313,313,0,8,8,0,8,8,8,FULL:8,FULL,313,313,0,8,8,0,8,8,8,FULL:8,FULL,0,0,0,0,0,0,0,1,1,1,1,1,1,1,False,False,True
engine_dp:1:step:314,engine_core_dp_step,1,32000x1000_b16,pure_decode,tp4dp2moetp1ep8,314,314,0,8,8,0,8,8,8,FULL:8,FULL,314,314,0,8,8,0,8,8,8,FULL:8,FULL,0,0,0,0,0,0,0,1,1,1,1,1,1,1,False,False,True
engine_dp:1:step:315,engine_core_dp_step,1,32000x1000_b16,pure_decode,tp4dp2moetp1ep8,315,315,0,8,8,0,8,8,8,FULL:8,FULL,315,315,0,8,8,0,8,8,8,FULL:8,FULL,0,0,0,0,0,0,0,1,1,1,1,1,1,1,False,False,True
engine_dp:1:step:316,engine_core_dp_step,1,32000x1000_b16,pure_decode,tp4dp2moetp1ep8,316,316,0,8,8,0,8,8,8,FULL:8,FULL,316,316,0,8,8,0,8,8,8,FULL:8,FULL,0,0,0,0,0,0,0,1,1,1,1,1,1,1,False,False,True
engine_dp:1:step:317,engine_core_dp_step,1,32000x1000_b16,pure_decode,tp4dp2moetp1ep8,317,317,0,8,8,0,8,8,8,FULL:8,FULL,317,317,0,8,8,0,8,8,8,FULL:8,FULL,0,0,0,0,0,0,0,1,1,1,1,1,1,1,False,False,True
engine_dp:1:step:318,engine_core_dp_step,1,32000x1000_b16,pure_decode,tp4dp2moetp1ep8,318,318,0,8,8,0,8,8,8,FULL:8,FULL,318,318,0,8,8,0,8,8,8,FULL:8,FULL,0,0,0,0,0,0,0,1,1,1,1,1,1,1,False,False,True
engine_dp:1:step:319,engine_core_dp_step,1,32000x1000_b16,pure_decode,tp4dp2moetp1ep8,319,319,0,8,8,0,8,8,8,FULL:8,FULL,319,319,0,8,8,0,8,8,8,FULL:8,FULL,0,0,0,0,0,0,0,1,1,1,1,1,1,1,False,False,True
engine_dp:1:step:320,engine_core_dp_step,1,32000x1000_b16,pure_decode,tp4dp2moetp1ep8,320,320,0,8,8,0,8,8,8,FULL:8,FULL,320,320,0,8,8,0,8,8,8,FULL:8,FULL,0,0,0,0,0,0,0,1,1,1,1,1,1,1,False,False,True
engine_dp:1:step:321,engine_core_dp_step,1,32000x1000_b16,pure_decode,tp4dp2moetp1ep8,321,321,0,8,8,0,8,8,8,FULL:8,FULL,321,321,0,8,8,0,8,8,8,FULL:8,FULL,0,0,0,0,0,0,0,1,1,1,1,1,1,1,False,False,True
engine_dp:1:step:322,engine_core_dp_step,1,32000x1000_b16,pure_decode,tp4dp2moetp1ep8,322,322,0,8,8,0,8,8,8,FULL:8,FULL,322,322,0,8,8,0,8,8,8,FULL:8,FULL,0,0,0,0,0,0,0,1,1,1,1,1,1,1,False,False,True
engine_dp:1:step:323,engine_core_dp_step,1,32000x1000_b16,pure_decode,tp4dp2moetp1ep8,323,323,0,8,8,0,8,8,8,FULL:8,FULL,323,323,0,8,8,0,8,8,8,FULL:8,FULL,0,0,0,0,0,0,0,1,1,1,1,1,1,1,False,False,True
engine_dp:1:step:324,engine_core_dp_step,1,32000x1000_b16,pure_decode,tp4dp2moetp1ep8,324,324,0,8,8,0,8,8,8,FULL:8,FULL,324,324,0,8,8,0,8,8,8,FULL:8,FULL,0,0,0,0,0,0,0,1,1,1,1,1,1,1,False,False,True
engine_dp:1:step:325,engine_core_dp_step,1,32000x1000_b16,pure_decode,tp4dp2moetp1ep8,325,325,0,8,8,0,8,8,8,FULL:8,FULL,325,325,0,8,8,0,8,8,8,FULL:8,FULL,0,0,0,0,0,0,0,1,1,1,1,1,1,1,False,False,True
engine_dp:1:step:326,engine_core_dp_step,1,32000x1000_b16,pure_decode,tp4dp2moetp1ep8,326,326,0,8,8,0,8,8,8,FULL:8,FULL,326,326,0,8,8,0,8,8,8,FULL:8,FULL,0,0,0,0,0,0,0,1,1,1,1,1,1,1,False,False,True
engine_dp:1:step:327,engine_core_dp_step,1,32000x1000_b16,pure_decode,tp4dp2moetp1ep8,327,327,0,8,8,0,8,8,8,FULL:8,FULL,327,327,0,8,8,0,8,8,8,FULL:8,FULL,0,0,0,0,0,0,0,1,1,1,1,1,1,1,False,False,True
engine_dp:1:step:328,engine_core_dp_step,1,32000x1000_b16,pure_decode,tp4dp2moetp1ep8,328,328,0,8,8,0,8,8,8,FULL:8,FULL,328,328,0,8,8,0,8,8,8,FULL:8,FULL,0,0,0,0,0,0,0,1,1,1,1,1,1,1,False,False,True
engine_dp:1:step:329,engine_core_dp_step,1,32000x1000_b16,pure_decode,tp4dp2moetp1ep8,329,329,0,8,8,0,8,8,8,FULL:8,FULL,329,329,0,8,8,0,8,8,8,FULL:8,FULL,0,0,0,0,0,0,0,1,1,1,1,1,1,1,False,False,True
engine_dp:1:step:330,engine_core_dp_step,1,32000x1000_b16,pure_decode,tp4dp2moetp1ep8,330,330,0,8,8,0,8,8,8,FULL:8,FULL,330,330,0,8,8,0,8,8,8,FULL:8,FULL,0,0,0,0,0,0,0,1,1,1,1,1,1,1,False,False,True
engine_dp:1:step:331,engine_core_dp_step,1,32000x1000_b16,pure_decode,tp4dp2moetp1ep8,331,331,0,8,8,0,8,8,8,FULL:8,FULL,331,331,0,8,8,0,8,8,8,FULL:8,FULL,0,0,0,0,0,0,0,1,1,1,1,1,1,1,False,False,True
engine_dp:1:step:332,engine_core_dp_step,1,32000x1000_b16,pure_decode,tp4dp2moetp1ep8,332,332,0,8,8,0,8,8,8,FULL:8,FULL,332,332,0,8,8,0,8,8,8,FULL:8,FULL,0,0,0,0,0,0,0,1,1,1,1,1,1,1,False,False,True
engine_dp:1:step:333,engine_core_dp_step,1,32000x1000_b16,pure_decode,tp4dp2moetp1ep8,333,333,0,8,8,0,8,8,8,FULL:8,FULL,333,333,0,8,8,0,8,8,8,FULL:8,FULL,0,0,0,0,0,0,0,1,1,1,1,1,1,1,False,False,True
engine_dp:1:step:334,engine_core_dp_step,1,32000x1000_b16,pure_decode,tp4dp2moetp1ep8,334,334,0,8,8,0,8,8,8,FULL:8,FULL,334,334,0,8,8,0,8,8,8,FULL:8,FULL,0,0,0,0,0,0,0,1,1,1,1,1,1,1,False,False,True
engine_dp:1:step:335,engine_core_dp_step,1,32000x1000_b16,pure_decode,tp4dp2moetp1ep8,335,335,0,8,8,0,8,8,8,FULL:8,FULL,335,335,0,8,8,0,8,8,8,FULL:8,FULL,0,0,0,0,0,0,0,1,1,1,1,1,1,1,False,False,True
engine_dp:1:step:336,engine_core_dp_step,1,32000x1000_b16,pure_decode,tp4dp2moetp1ep8,336,336,0,8,8,0,8,8,8,FULL:8,FULL,336,336,0,8,8,0,8,8,8,FULL:8,FULL,0,0,0,0,0,0,0,1,1,1,1,1,1,1,False,False,True
engine_dp:1:step:337,engine_core_dp_step,1,32000x1000_b16,pure_decode,tp4dp2moetp1ep8,337,337,0,8,8,0,8,8,8,FULL:8,FULL,337,337,0,8,8,0,8,8,8,FULL:8,FULL,0,0,0,0,0,0,0,1,1,1,1,1,1,1,False,False,True
engine_dp:1:step:338,engine_core_dp_step,1,32000x1000_b16,pure_decode,tp4dp2moetp1ep8,338,338,0,8,8,0,8,8,8,FULL:8,FULL,338,338,0,8,8,0,8,8,8,FULL:8,FULL,0,0,0,0,0,0,0,1,1,1,1,1,1,1,False,False,True
engine_dp:1:step:339,engine_core_dp_step,1,32000x1000_b16,pure_decode,tp4dp2moetp1ep8,339,339,0,8,8,0,8,8,8,FULL:8,FULL,339,339,0,8,8,0,8,8,8,FULL:8,FULL,0,0,0,0,0,0,0,1,1,1,1,1,1,1,False,False,True
engine_dp:1:step:340,engine_core_dp_step,1,32000x1000_b16,pure_decode,tp4dp2moetp1ep8,340,340,0,8,8,0,8,8,8,FULL:8,FULL,340,340,0,8,8,0,8,8,8,FULL:8,FULL,0,0,0,0,0,0,0,1,1,1,1,1,1,1,False,False,True
engine_dp:1:step:341,engine_core_dp_step,1,32000x1000_b16,pure_decode,tp4dp2moetp1ep8,341,341,0,8,8,0,8,8,8,FULL:8,FULL,341,341,0,8,8,0,8,8,8,FULL:8,FULL,0,0,0,0,0,0,0,1,1,1,1,1,1,1,False,False,True
engine_dp:1:step:342,engine_core_dp_step,1,32000x1000_b16,pure_decode,tp4dp2moetp1ep8,342,342,0,8,8,0,8,8,8,FULL:8,FULL,342,342,0,8,8,0,8,8,8,FULL:8,FULL,0,0,0,0,0,0,0,1,1,1,1,1,1,1,False,False,True
engine_dp:1:step:343,engine_core_dp_step,1,32000x1000_b16,pure_decode,tp4dp2moetp1ep8,343,343,0,8,8,0,8,8,8,FULL:8,FULL,343,343,0,8,8,0,8,8,8,FULL:8,FULL,0,0,0,0,0,0,0,1,1,1,1,1,1,1,False,False,True
engine_dp:1:step:344,engine_core_dp_step,1,32000x1000_b16,pure_decode,tp4dp2moetp1ep8,344,344,0,8,8,0,8,8,8,FULL:8,FULL,344,344,0,8,8,0,8,8,8,FULL:8,FULL,0,0,0,0,0,0,0,1,1,1,1,1,1,1,False,False,True
engine_dp:1:step:345,engine_core_dp_step,1,32000x1000_b16,pure_decode,tp4dp2moetp1ep8,345,345,0,8,8,0,8,8,8,FULL:8,FULL,345,345,0,8,8,0,8,8,8,FULL:8,FULL,0,0,0,0,0,0,0,1,1,1,1,1,1,1,False,False,True
engine_dp:1:step:346,engine_core_dp_step,1,32000x1000_b16,pure_decode,tp4dp2moetp1ep8,346,346,0,8,8,0,8,8,8,FULL:8,FULL,346,346,0,8,8,0,8,8,8,FULL:8,FULL,0,0,0,0,0,0,0,1,1,1,1,1,1,1,False,False,True
engine_dp:1:step:347,engine_core_dp_step,1,32000x1000_b16,pure_decode,tp4dp2moetp1ep8,347,347,0,8,8,0,8,8,8,FULL:8,FULL,347,347,0,8,8,0,8,8,8,FULL:8,FULL,0,0,0,0,0,0,0,1,1,1,1,1,1,1,False,False,True
engine_dp:1:step:348,engine_core_dp_step,1,32000x1000_b16,pure_decode,tp4dp2moetp1ep8,348,348,0,8,8,0,8,8,8,FULL:8,FULL,348,348,0,8,8,0,8,8,8,FULL:8,FULL,0,0,0,0,0,0,0,1,1,1,1,1,1,1,False,False,True
engine_dp:1:step:349,engine_core_dp_step,1,32000x1000_b16,pure_decode,tp4dp2moetp1ep8,349,349,0,8,8,0,8,8,8,FULL:8,FULL,349,349,0,8,8,0,8,8,8,FULL:8,FULL,0,0,0,0,0,0,0,1,1,1,1,1,1,1,False,False,True
engine_dp:1:step:350,engine_core_dp_step,1,32000x1000_b16,pure_decode,tp4dp2moetp1ep8,350,350,0,8,8,0,8,8,8,FULL:8,FULL,350,350,0,8,8,0,8,8,8,FULL:8,FULL,0,0,0,0,0,0,0,1,1,1,1,1,1,1,False,False,True
engine_dp:1:step:351,engine_core_dp_step,1,32000x1000_b16,pure_decode,tp4dp2moetp1ep8,351,351,0,8,8,0,8,8,8,FULL:8,FULL,351,351,0,8,8,0,8,8,8,FULL:8,FULL,0,0,0,0,0,0,0,1,1,1,1,1,1,1,False,False,True
engine_dp:1:step:352,engine_core_dp_step,1,32000x1000_b16,pure_decode,tp4dp2moetp1ep8,352,352,0,8,8,0,8,8,8,FULL:8,FULL,352,352,0,8,8,0,8,8,8,FULL:8,FULL,0,0,0,0,0,0,0,1,1,1,1,1,1,1,False,False,True
engine_dp:1:step:353,engine_core_dp_step,1,32000x1000_b16,pure_decode,tp4dp2moetp1ep8,353,353,0,8,8,0,8,8,8,FULL:8,FULL,353,353,0,8,8,0,8,8,8,FULL:8,FULL,0,0,0,0,0,0,0,1,1,1,1,1,1,1,False,False,True
engine_dp:1:step:354,engine_core_dp_step,1,32000x1000_b16,pure_decode,tp4dp2moetp1ep8,354,354,0,8,8,0,8,8,8,FULL:8,FULL,354,354,0,8,8,0,8,8,8,FULL:8,FULL,0,0,0,0,0,0,0,1,1,1,1,1,1,1,False,False,True
engine_dp:1:step:355,engine_core_dp_step,1,32000x1000_b16,pure_decode,tp4dp2moetp1ep8,355,355,0,8,8,0,8,8,8,FULL:8,FULL,355,355,0,8,8,0,8,8,8,FULL:8,FULL,0,0,0,0,0,0,0,1,1,1,1,1,1,1,False,False,True
engine_dp:1:step:356,engine_core_dp_step,1,32000x1000_b16,pure_decode,tp4dp2moetp1ep8,356,356,0,8,8,0,8,8,8,FULL:8,FULL,356,356,0,8,8,0,8,8,8,FULL:8,FULL,0,0,0,0,0,0,0,1,1,1,1,1,1,1,False,False,True
engine_dp:1:step:357,engine_core_dp_step,1,32000x1000_b16,pure_decode,tp4dp2moetp1ep8,357,357,0,8,8,0,8,8,8,FULL:8,FULL,357,357,0,8,8,0,8,8,8,FULL:8,FULL,0,0,0,0,0,0,0,1,1,1,1,1,1,1,False,False,True
engine_dp:1:step:358,engine_core_dp_step,1,32000x1000_b16,pure_decode,tp4dp2moetp1ep8,358,358,0,8,8,0,8,8,8,FULL:8,FULL,358,358,0,8,8,0,8,8,8,FULL:8,FULL,0,0,0,0,0,0,0,1,1,1,1,1,1,1,False,False,True
engine_dp:1:step:359,engine_core_dp_step,1,32000x1000_b16,pure_decode,tp4dp2moetp1ep8,359,359,0,8,8,0,8,8,8,FULL:8,FULL,359,359,0,8,8,0,8,8,8,FULL:8,FULL,0,0,0,0,0,0,0,1,1,1,1,1,1,1,False,False,True
engine_dp:1:step:360,engine_core_dp_step,1,32000x1000_b16,pure_decode,tp4dp2moetp1ep8,360,360,0,8,8,0,8,8,8,FULL:8,FULL,360,360,0,8,8,0,8,8,8,FULL:8,FULL,0,0,0,0,0,0,0,1,1,1,1,1,1,1,False,False,True
engine_dp:1:step:361,engine_core_dp_step,1,32000x1000_b16,pure_decode,tp4dp2moetp1ep8,361,361,0,8,8,0,8,8,8,FULL:8,FULL,361,361,0,8,8,0,8,8,8,FULL:8,FULL,0,0,0,0,0,0,0,1,1,1,1,1,1,1,False,False,True
engine_dp:1:step:362,engine_core_dp_step,1,32000x1000_b16,pure_decode,tp4dp2moetp1ep8,362,362,0,8,8,0,8,8,8,FULL:8,FULL,362,362,0,8,8,0,8,8,8,FULL:8,FULL,0,0,0,0,0,0,0,1,1,1,1,1,1,1,False,False,True
engine_dp:1:step:363,engine_core_dp_step,1,32000x1000_b16,pure_decode,tp4dp2moetp1ep8,363,363,0,8,8,0,8,8,8,FULL:8,FULL,363,363,0,8,8,0,8,8,8,FULL:8,FULL,0,0,0,0,0,0,0,1,1,1,1,1,1,1,False,False,True
engine_dp:1:step:364,engine_core_dp_step,1,32000x1000_b16,pure_decode,tp4dp2moetp1ep8,364,364,0,8,8,0,8,8,8,FULL:8,FULL,364,364,0,8,8,0,8,8,8,FULL:8,FULL,0,0,0,0,0,0,0,1,1,1,1,1,1,1,False,False,True
engine_dp:1:step:365,engine_core_dp_step,1,32000x1000_b16,pure_decode,tp4dp2moetp1ep8,365,365,0,8,8,0,8,8,8,FULL:8,FULL,365,365,0,8,8,0,8,8,8,FULL:8,FULL,0,0,0,0,0,0,0,1,1,1,1,1,1,1,False,False,True
engine_dp:1:step:366,engine_core_dp_step,1,32000x1000_b16,pure_decode,tp4dp2moetp1ep8,366,366,0,8,8,0,8,8,8,FULL:8,FULL,366,366,0,8,8,0,8,8,8,FULL:8,FULL,0,0,0,0,0,0,0,1,1,1,1,1,1,1,False,False,True
engine_dp:1:step:367,engine_core_dp_step,1,32000x1000_b16,pure_decode,tp4dp2moetp1ep8,367,367,0,8,8,0,8,8,8,FULL:8,FULL,367,367,0,8,8,0,8,8,8,FULL:8,FULL,0,0,0,0,0,0,0,1,1,1,1,1,1,1,False,False,True
engine_dp:1:step:368,engine_core_dp_step,1,32000x1000_b16,pure_decode,tp4dp2moetp1ep8,368,368,0,8,8,0,8,8,8,FULL:8,FULL,368,368,0,8,8,0,8,8,8,FULL:8,FULL,0,0,0,0,0,0,0,1,1,1,1,1,1,1,False,False,True
engine_dp:1:step:369,engine_core_dp_step,1,32000x1000_b16,pure_decode,tp4dp2moetp1ep8,369,369,0,8,8,0,8,8,8,FULL:8,FULL,369,369,0,8,8,0,8,8,8,FULL:8,FULL,0,0,0,0,0,0,0,1,1,1,1,1,1,1,False,False,True
engine_dp:1:step:370,engine_core_dp_step,1,32000x1000_b16,pure_decode,tp4dp2moetp1ep8,370,370,0,8,8,0,8,8,8,FULL:8,FULL,370,370,0,8,8,0,8,8,8,FULL:8,FULL,0,0,0,0,0,0,0,1,1,1,1,1,1,1,False,False,True
engine_dp:1:step:371,engine_core_dp_step,1,32000x1000_b16,pure_decode,tp4dp2moetp1ep8,371,371,0,8,8,0,8,8,8,FULL:8,FULL,371,371,0,8,8,0,8,8,8,FULL:8,FULL,0,0,0,0,0,0,0,1,1,1,1,1,1,1,False,False,True
engine_dp:1:step:372,engine_core_dp_step,1,32000x1000_b16,pure_decode,tp4dp2moetp1ep8,372,372,0,8,8,0,8,8,8,FULL:8,FULL,372,372,0,8,8,0,8,8,8,FULL:8,FULL,0,0,0,0,0,0,0,1,1,1,1,1,1,1,False,False,True
engine_dp:1:step:373,engine_core_dp_step,1,32000x1000_b16,pure_decode,tp4dp2moetp1ep8,373,373,0,8,8,0,8,8,8,FULL:8,FULL,373,373,0,8,8,0,8,8,8,FULL:8,FULL,0,0,0,0,0,0,0,1,1,1,1,1,1,1,False,False,True
engine_dp:1:step:374,engine_core_dp_step,1,32000x1000_b16,pure_decode,tp4dp2moetp1ep8,374,374,0,8,8,0,8,8,8,FULL:8,FULL,374,374,0,8,8,0,8,8,8,FULL:8,FULL,0,0,0,0,0,0,0,1,1,1,1,1,1,1,False,False,True
engine_dp:1:step:375,engine_core_dp_step,1,32000x1000_b16,pure_decode,tp4dp2moetp1ep8,375,375,0,8,8,0,8,8,8,FULL:8,FULL,375,375,0,8,8,0,8,8,8,FULL:8,FULL,0,0,0,0,0,0,0,1,1,1,1,1,1,1,False,False,True
engine_dp:1:step:376,engine_core_dp_step,1,32000x1000_b16,pure_decode,tp4dp2moetp1ep8,376,376,0,8,8,0,8,8,8,FULL:8,FULL,376,376,0,8,8,0,8,8,8,FULL:8,FULL,0,0,0,0,0,0,0,1,1,1,1,1,1,1,False,False,True
engine_dp:1:step:377,engine_core_dp_step,1,32000x1000_b16,pure_decode,tp4dp2moetp1ep8,377,377,0,8,8,0,8,8,8,FULL:8,FULL,377,377,0,8,8,0,8,8,8,FULL:8,FULL,0,0,0,0,0,0,0,1,1,1,1,1,1,1,False,False,True
engine_dp:1:step:378,engine_core_dp_step,1,32000x1000_b16,pure_decode,tp4dp2moetp1ep8,378,378,0,8,8,0,8,8,8,FULL:8,FULL,378,378,0,8,8,0,8,8,8,FULL:8,FULL,0,0,0,0,0,0,0,1,1,1,1,1,1,1,False,False,True
engine_dp:1:step:379,engine_core_dp_step,1,32000x1000_b16,pure_decode,tp4dp2moetp1ep8,379,379,0,8,8,0,8,8,8,FULL:8,FULL,379,379,0,8,8,0,8,8,8,FULL:8,FULL,0,0,0,0,0,0,0,1,1,1,1,1,1,1,False,False,True
engine_dp:1:step:380,engine_core_dp_step,1,32000x1000_b16,pure_decode,tp4dp2moetp1ep8,380,380,0,8,8,0,8,8,8,FULL:8,FULL,380,380,0,8,8,0,8,8,8,FULL:8,FULL,0,0,0,0,0,0,0,1,1,1,1,1,1,1,False,False,True
engine_dp:1:step:381,engine_core_dp_step,1,32000x1000_b16,pure_decode,tp4dp2moetp1ep8,381,381,0,8,8,0,8,8,8,FULL:8,FULL,381,381,0,8,8,0,8,8,8,FULL:8,FULL,0,0,0,0,0,0,0,1,1,1,1,1,1,1,False,False,True
engine_dp:1:step:382,engine_core_dp_step,1,32000x1000_b16,pure_decode,tp4dp2moetp1ep8,382,382,0,8,8,0,8,8,8,FULL:8,FULL,382,382,0,8,8,0,8,8,8,FULL:8,FULL,0,0,0,0,0,0,0,1,1,1,1,1,1,1,False,False,True
engine_dp:1:step:383,engine_core_dp_step,1,32000x1000_b16,pure_decode,tp4dp2moetp1ep8,383,383,0,8,8,0,8,8,8,FULL:8,FULL,383,383,0,8,8,0,8,8,8,FULL:8,FULL,0,0,0,0,0,0,0,1,1,1,1,1,1,1,False,False,True
engine_dp:1:step:384,engine_core_dp_step,1,32000x1000_b16,pure_decode,tp4dp2moetp1ep8,384,384,0,8,8,0,8,8,8,FULL:8,FULL,384,384,0,8,8,0,8,8,8,FULL:8,FULL,0,0,0,0,0,0,0,1,1,1,1,1,1,1,False,False,True
engine_dp:1:step:385,engine_core_dp_step,1,32000x1000_b16,pure_decode,tp4dp2moetp1ep8,385,385,0,8,8,0,8,8,8,FULL:8,FULL,385,385,0,8,8,0,8,8,8,FULL:8,FULL,0,0,0,0,0,0,0,1,1,1,1,1,1,1,False,False,True
engine_dp:1:step:386,engine_core_dp_step,1,32000x1000_b16,pure_decode,tp4dp2moetp1ep8,386,386,0,8,8,0,8,8,8,FULL:8,FULL,386,386,0,8,8,0,8,8,8,FULL:8,FULL,0,0,0,0,0,0,0,1,1,1,1,1,1,1,False,False,True
engine_dp:1:step:387,engine_core_dp_step,1,32000x1000_b16,pure_decode,tp4dp2moetp1ep8,387,387,0,8,8,0,8,8,8,FULL:8,FULL,387,387,0,8,8,0,8,8,8,FULL:8,FULL,0,0,0,0,0,0,0,1,1,1,1,1,1,1,False,False,True
engine_dp:1:step:388,engine_core_dp_step,1,32000x1000_b16,pure_decode,tp4dp2moetp1ep8,388,388,0,8,8,0,8,8,8,FULL:8,FULL,388,388,0,8,8,0,8,8,8,FULL:8,FULL,0,0,0,0,0,0,0,1,1,1,1,1,1,1,False,False,True
engine_dp:1:step:389,engine_core_dp_step,1,32000x1000_b16,pure_decode,tp4dp2moetp1ep8,389,389,0,8,8,0,8,8,8,FULL:8,FULL,389,389,0,8,8,0,8,8,8,FULL:8,FULL,0,0,0,0,0,0,0,1,1,1,1,1,1,1,False,False,True
engine_dp:1:step:390,engine_core_dp_step,1,32000x1000_b16,pure_decode,tp4dp2moetp1ep8,390,390,0,8,8,0,8,8,8,FULL:8,FULL,390,390,0,8,8,0,8,8,8,FULL:8,FULL,0,0,0,0,0,0,0,1,1,1,1,1,1,1,False,False,True
engine_dp:1:step:391,engine_core_dp_step,1,32000x1000_b16,pure_decode,tp4dp2moetp1ep8,391,391,0,8,8,0,8,8,8,FULL:8,FULL,391,391,0,8,8,0,8,8,8,FULL:8,FULL,0,0,0,0,0,0,0,1,1,1,1,1,1,1,False,False,True
engine_dp:1:step:392,engine_core_dp_step,1,32000x1000_b16,pure_decode,tp4dp2moetp1ep8,392,392,0,8,8,0,8,8,8,FULL:8,FULL,392,392,0,8,8,0,8,8,8,FULL:8,FULL,0,0,0,0,0,0,0,1,1,1,1,1,1,1,False,False,True
engine_dp:1:step:393,engine_core_dp_step,1,32000x1000_b16,pure_decode,tp4dp2moetp1ep8,393,393,0,8,8,0,8,8,8,FULL:8,FULL,393,393,0,8,8,0,8,8,8,FULL:8,FULL,0,0,0,0,0,0,0,1,1,1,1,1,1,1,False,False,True
engine_dp:1:step:394,engine_core_dp_step,1,32000x1000_b16,pure_decode,tp4dp2moetp1ep8,394,394,0,8,8,0,8,8,8,FULL:8,FULL,394,394,0,8,8,0,8,8,8,FULL:8,FULL,0,0,0,0,0,0,0,1,1,1,1,1,1,1,False,False,True
engine_dp:1:step:395,engine_core_dp_step,1,32000x1000_b16,pure_decode,tp4dp2moetp1ep8,395,395,0,8,8,0,8,8,8,FULL:8,FULL,395,395,0,8,8,0,8,8,8,FULL:8,FULL,0,0,0,0,0,0,0,1,1,1,1,1,1,1,False,False,True
engine_dp:1:step:396,engine_core_dp_step,1,32000x1000_b16,pure_decode,tp4dp2moetp1ep8,396,396,0,8,8,0,8,8,8,FULL:8,FULL,396,396,0,8,8,0,8,8,8,FULL:8,FULL,0,0,0,0,0,0,0,1,1,1,1,1,1,1,False,False,True
engine_dp:1:step:397,engine_core_dp_step,1,32000x1000_b16,pure_decode,tp4dp2moetp1ep8,397,397,0,8,8,0,8,8,8,FULL:8,FULL,397,397,0,8,8,0,8,8,8,FULL:8,FULL,0,0,0,0,0,0,0,1,1,1,1,1,1,1,False,False,True
engine_dp:1:step:398,engine_core_dp_step,1,32000x1000_b16,pure_decode,tp4dp2moetp1ep8,398,398,0,8,8,0,8,8,8,FULL:8,FULL,398,398,0,8,8,0,8,8,8,FULL:8,FULL,0,0,0,0,0,0,0,1,1,1,1,1,1,1,False,False,True
engine_dp:1:step:399,engine_core_dp_step,1,32000x1000_b16,pure_decode,tp4dp2moetp1ep8,399,399,0,8,8,0,8,8,8,FULL:8,FULL,399,399,0,8,8,0,8,8,8,FULL:8,FULL,0,0,0,0,0,0,0,1,1,1,1,1,1,1,False,False,True
engine_dp:1:step:400,engine_core_dp_step,1,32000x1000_b16,pure_decode,tp4dp2moetp1ep8,400,400,0,8,8,0,8,8,8,FULL:8,FULL,400,400,0,8,8,0,8,8,8,FULL:8,FULL,0,0,0,0,0,0,0,1,1,1,1,1,1,1,False,False,True
engine_dp:1:step:401,engine_core_dp_step,1,32000x1000_b16,pure_decode,tp4dp2moetp1ep8,401,401,0,8,8,0,8,8,8,FULL:8,FULL,401,401,0,8,8,0,8,8,8,FULL:8,FULL,0,0,0,0,0,0,0,1,1,1,1,1,1,1,False,False,True
engine_dp:1:step:402,engine_core_dp_step,1,32000x1000_b16,pure_decode,tp4dp2moetp1ep8,402,402,0,8,8,0,8,8,8,FULL:8,FULL,402,402,0,8,8,0,8,8,8,FULL:8,FULL,0,0,0,0,0,0,0,1,1,1,1,1,1,1,False,False,True
engine_dp:1:step:403,engine_core_dp_step,1,32000x1000_b16,pure_decode,tp4dp2moetp1ep8,403,403,0,8,8,0,8,8,8,FULL:8,FULL,403,403,0,8,8,0,8,8,8,FULL:8,FULL,0,0,0,0,0,0,0,1,1,1,1,1,1,1,False,False,True
engine_dp:1:step:404,engine_core_dp_step,1,32000x1000_b16,pure_decode,tp4dp2moetp1ep8,404,404,0,8,8,0,8,8,8,FULL:8,FULL,404,404,0,8,8,0,8,8,8,FULL:8,FULL,0,0,0,0,0,0,0,1,1,1,1,1,1,1,False,False,True
engine_dp:1:step:405,engine_core_dp_step,1,32000x1000_b16,pure_decode,tp4dp2moetp1ep8,405,405,0,8,8,0,8,8,8,FULL:8,FULL,405,405,0,8,8,0,8,8,8,FULL:8,FULL,0,0,0,0,0,0,0,1,1,1,1,1,1,1,False,False,True
engine_dp:1:step:406,engine_core_dp_step,1,32000x1000_b16,pure_decode,tp4dp2moetp1ep8,406,406,0,8,8,0,8,8,8,FULL:8,FULL,406,406,0,8,8,0,8,8,8,FULL:8,FULL,0,0,0,0,0,0,0,1,1,1,1,1,1,1,False,False,True
engine_dp:1:step:407,engine_core_dp_step,1,32000x1000_b16,pure_decode,tp4dp2moetp1ep8,407,407,0,8,8,0,8,8,8,FULL:8,FULL,407,407,0,8,8,0,8,8,8,FULL:8,FULL,0,0,0,0,0,0,0,1,1,1,1,1,1,1,False,False,True
engine_dp:1:step:408,engine_core_dp_step,1,32000x1000_b16,pure_decode,tp4dp2moetp1ep8,408,408,0,8,8,0,8,8,8,FULL:8,FULL,408,408,0,8,8,0,8,8,8,FULL:8,FULL,0,0,0,0,0,0,0,1,1,1,1,1,1,1,False,False,True
engine_dp:1:step:409,engine_core_dp_step,1,32000x1000_b16,pure_decode,tp4dp2moetp1ep8,409,409,0,8,8,0,8,8,8,FULL:8,FULL,409,409,0,8,8,0,8,8,8,FULL:8,FULL,0,0,0,0,0,0,0,1,1,1,1,1,1,1,False,False,True
engine_dp:1:step:410,engine_core_dp_step,1,32000x1000_b16,pure_decode,tp4dp2moetp1ep8,410,410,0,8,8,0,8,8,8,FULL:8,FULL,410,410,0,8,8,0,8,8,8,FULL:8,FULL,0,0,0,0,0,0,0,1,1,1,1,1,1,1,False,False,True
engine_dp:1:step:411,engine_core_dp_step,1,32000x1000_b16,pure_decode,tp4dp2moetp1ep8,411,411,0,8,8,0,8,8,8,FULL:8,FULL,411,411,0,8,8,0,8,8,8,FULL:8,FULL,0,0,0,0,0,0,0,1,1,1,1,1,1,1,False,False,True
engine_dp:1:step:412,engine_core_dp_step,1,32000x1000_b16,pure_decode,tp4dp2moetp1ep8,412,412,0,8,8,0,8,8,8,FULL:8,FULL,412,412,0,8,8,0,8,8,8,FULL:8,FULL,0,0,0,0,0,0,0,1,1,1,1,1,1,1,False,False,True
engine_dp:1:step:413,engine_core_dp_step,1,32000x1000_b16,pure_decode,tp4dp2moetp1ep8,413,413,0,8,8,0,8,8,8,FULL:8,FULL,413,413,0,8,8,0,8,8,8,FULL:8,FULL,0,0,0,0,0,0,0,1,1,1,1,1,1,1,False,False,True
engine_dp:1:step:414,engine_core_dp_step,1,32000x1000_b16,pure_decode,tp4dp2moetp1ep8,414,414,0,8,8,0,8,8,8,FULL:8,FULL,414,414,0,8,8,0,8,8,8,FULL:8,FULL,0,0,0,0,0,0,0,1,1,1,1,1,1,1,False,False,True
engine_dp:1:step:415,engine_core_dp_step,1,32000x1000_b16,pure_decode,tp4dp2moetp1ep8,415,415,0,8,8,0,8,8,8,FULL:8,FULL,415,415,0,8,8,0,8,8,8,FULL:8,FULL,0,0,0,0,0,0,0,1,1,1,1,1,1,1,False,False,True
engine_dp:1:step:416,engine_core_dp_step,1,32000x1000_b16,pure_decode,tp4dp2moetp1ep8,416,416,0,8,8,0,8,8,8,FULL:8,FULL,416,416,0,8,8,0,8,8,8,FULL:8,FULL,0,0,0,0,0,0,0,1,1,1,1,1,1,1,False,False,True
engine_dp:1:step:417,engine_core_dp_step,1,32000x1000_b16,pure_decode,tp4dp2moetp1ep8,417,417,0,8,8,0,8,8,8,FULL:8,FULL,417,417,0,8,8,0,8,8,8,FULL:8,FULL,0,0,0,0,0,0,0,1,1,1,1,1,1,1,False,False,True
engine_dp:1:step:418,engine_core_dp_step,1,32000x1000_b16,pure_decode,tp4dp2moetp1ep8,418,418,0,8,8,0,8,8,8,FULL:8,FULL,418,418,0,8,8,0,8,8,8,FULL:8,FULL,0,0,0,0,0,0,0,1,1,1,1,1,1,1,False,False,True
engine_dp:1:step:419,engine_core_dp_step,1,32000x1000_b16,pure_decode,tp4dp2moetp1ep8,419,419,0,8,8,0,8,8,8,FULL:8,FULL,419,419,0,8,8,0,8,8,8,FULL:8,FULL,0,0,0,0,0,0,0,1,1,1,1,1,1,1,False,False,True
engine_dp:1:step:420,engine_core_dp_step,1,32000x1000_b16,pure_decode,tp4dp2moetp1ep8,420,420,0,8,8,0,8,8,8,FULL:8,FULL,420,420,0,8,8,0,8,8,8,FULL:8,FULL,0,0,0,0,0,0,0,1,1,1,1,1,1,1,False,False,True
engine_dp:1:step:421,engine_core_dp_step,1,32000x1000_b16,pure_decode,tp4dp2moetp1ep8,421,421,0,8,8,0,8,8,8,FULL:8,FULL,421,421,0,8,8,0,8,8,8,FULL:8,FULL,0,0,0,0,0,0,0,1,1,1,1,1,1,1,False,False,True
engine_dp:1:step:422,engine_core_dp_step,1,32000x1000_b16,pure_decode,tp4dp2moetp1ep8,422,422,0,8,8,0,8,8,8,FULL:8,FULL,422,422,0,8,8,0,8,8,8,FULL:8,FULL,0,0,0,0,0,0,0,1,1,1,1,1,1,1,False,False,True
engine_dp:1:step:423,engine_core_dp_step,1,32000x1000_b16,pure_decode,tp4dp2moetp1ep8,423,423,0,8,8,0,8,8,8,FULL:8,FULL,423,423,0,8,8,0,8,8,8,FULL:8,FULL,0,0,0,0,0,0,0,1,1,1,1,1,1,1,False,False,True
engine_dp:1:step:424,engine_core_dp_step,1,32000x1000_b16,pure_decode,tp4dp2moetp1ep8,424,424,0,8,8,0,8,8,8,FULL:8,FULL,424,424,0,8,8,0,8,8,8,FULL:8,FULL,0,0,0,0,0,0,0,1,1,1,1,1,1,1,False,False,True
engine_dp:1:step:425,engine_core_dp_step,1,32000x1000_b16,pure_decode,tp4dp2moetp1ep8,425,425,0,8,8,0,8,8,8,FULL:8,FULL,425,425,0,8,8,0,8,8,8,FULL:8,FULL,0,0,0,0,0,0,0,1,1,1,1,1,1,1,False,False,True
engine_dp:1:step:426,engine_core_dp_step,1,32000x1000_b16,pure_decode,tp4dp2moetp1ep8,426,426,0,8,8,0,8,8,8,FULL:8,FULL,426,426,0,8,8,0,8,8,8,FULL:8,FULL,0,0,0,0,0,0,0,1,1,1,1,1,1,1,False,False,True
engine_dp:1:step:427,engine_core_dp_step,1,32000x1000_b16,pure_decode,tp4dp2moetp1ep8,427,427,0,8,8,0,8,8,8,FULL:8,FULL,427,427,0,8,8,0,8,8,8,FULL:8,FULL,0,0,0,0,0,0,0,1,1,1,1,1,1,1,False,False,True
engine_dp:1:step:428,engine_core_dp_step,1,32000x1000_b16,pure_decode,tp4dp2moetp1ep8,428,428,0,8,8,0,8,8,8,FULL:8,FULL,428,428,0,8,8,0,8,8,8,FULL:8,FULL,0,0,0,0,0,0,0,1,1,1,1,1,1,1,False,False,True
engine_dp:1:step:429,engine_core_dp_step,1,32000x1000_b16,pure_decode,tp4dp2moetp1ep8,429,429,0,8,8,0,8,8,8,FULL:8,FULL,429,429,0,8,8,0,8,8,8,FULL:8,FULL,0,0,0,0,0,0,0,1,1,1,1,1,1,1,False,False,True
engine_dp:1:step:430,engine_core_dp_step,1,32000x1000_b16,pure_decode,tp4dp2moetp1ep8,430,430,0,8,8,0,8,8,8,FULL:8,FULL,430,430,0,8,8,0,8,8,8,FULL:8,FULL,0,0,0,0,0,0,0,1,1,1,1,1,1,1,False,False,True
engine_dp:1:step:431,engine_core_dp_step,1,32000x1000_b16,pure_decode,tp4dp2moetp1ep8,431,431,0,8,8,0,8,8,8,FULL:8,FULL,431,431,0,8,8,0,8,8,8,FULL:8,FULL,0,0,0,0,0,0,0,1,1,1,1,1,1,1,False,False,True
engine_dp:1:step:432,engine_core_dp_step,1,32000x1000_b16,pure_decode,tp4dp2moetp1ep8,432,432,0,8,8,0,8,8,8,FULL:8,FULL,432,432,0,8,8,0,8,8,8,FULL:8,FULL,0,0,0,0,0,0,0,1,1,1,1,1,1,1,False,False,True
engine_dp:1:step:433,engine_core_dp_step,1,32000x1000_b16,pure_decode,tp4dp2moetp1ep8,433,433,0,8,8,0,8,8,8,FULL:8,FULL,433,433,0,8,8,0,8,8,8,FULL:8,FULL,0,0,0,0,0,0,0,1,1,1,1,1,1,1,False,False,True
engine_dp:1:step:434,engine_core_dp_step,1,32000x1000_b16,pure_decode,tp4dp2moetp1ep8,434,434,0,8,8,0,8,8,8,FULL:8,FULL,434,434,0,8,8,0,8,8,8,FULL:8,FULL,0,0,0,0,0,0,0,1,1,1,1,1,1,1,False,False,True
engine_dp:1:step:435,engine_core_dp_step,1,32000x1000_b16,pure_decode,tp4dp2moetp1ep8,435,435,0,8,8,0,8,8,8,FULL:8,FULL,435,435,0,8,8,0,8,8,8,FULL:8,FULL,0,0,0,0,0,0,0,1,1,1,1,1,1,1,False,False,True
engine_dp:1:step:436,engine_core_dp_step,1,32000x1000_b16,pure_decode,tp4dp2moetp1ep8,436,436,0,8,8,0,8,8,8,FULL:8,FULL,436,436,0,8,8,0,8,8,8,FULL:8,FULL,0,0,0,0,0,0,0,1,1,1,1,1,1,1,False,False,True
engine_dp:1:step:437,engine_core_dp_step,1,32000x1000_b16,pure_decode,tp4dp2moetp1ep8,437,437,0,8,8,0,8,8,8,FULL:8,FULL,437,437,0,8,8,0,8,8,8,FULL:8,FULL,0,0,0,0,0,0,0,1,1,1,1,1,1,1,False,False,True
engine_dp:1:step:438,engine_core_dp_step,1,32000x1000_b16,pure_decode,tp4dp2moetp1ep8,438,438,0,8,8,0,8,8,8,FULL:8,FULL,438,438,0,8,8,0,8,8,8,FULL:8,FULL,0,0,0,0,0,0,0,1,1,1,1,1,1,1,False,False,True
engine_dp:1:step:439,engine_core_dp_step,1,32000x1000_b16,pure_decode,tp4dp2moetp1ep8,439,439,0,8,8,0,8,8,8,FULL:8,FULL,439,439,0,8,8,0,8,8,8,FULL:8,FULL,0,0,0,0,0,0,0,1,1,1,1,1,1,1,False,False,True
engine_dp:1:step:440,engine_core_dp_step,1,32000x1000_b16,pure_decode,tp4dp2moetp1ep8,440,440,0,8,8,0,8,8,8,FULL:8,FULL,440,440,0,8,8,0,8,8,8,FULL:8,FULL,0,0,0,0,0,0,0,1,1,1,1,1,1,1,False,False,True
engine_dp:1:step:441,engine_core_dp_step,1,32000x1000_b16,pure_decode,tp4dp2moetp1ep8,441,441,0,8,8,0,8,8,8,FULL:8,FULL,441,441,0,8,8,0,8,8,8,FULL:8,FULL,0,0,0,0,0,0,0,1,1,1,1,1,1,1,False,False,True
engine_dp:1:step:442,engine_core_dp_step,1,32000x1000_b16,pure_decode,tp4dp2moetp1ep8,442,442,0,8,8,0,8,8,8,FULL:8,FULL,442,442,0,8,8,0,8,8,8,FULL:8,FULL,0,0,0,0,0,0,0,1,1,1,1,1,1,1,False,False,True
engine_dp:1:step:443,engine_core_dp_step,1,32000x1000_b16,pure_decode,tp4dp2moetp1ep8,443,443,0,8,8,0,8,8,8,FULL:8,FULL,443,443,0,8,8,0,8,8,8,FULL:8,FULL,0,0,0,0,0,0,0,1,1,1,1,1,1,1,False,False,True
engine_dp:1:step:444,engine_core_dp_step,1,32000x1000_b16,pure_decode,tp4dp2moetp1ep8,444,444,0,8,8,0,8,8,8,FULL:8,FULL,444,444,0,8,8,0,8,8,8,FULL:8,FULL,0,0,0,0,0,0,0,1,1,1,1,1,1,1,False,False,True
engine_dp:1:step:445,engine_core_dp_step,1,32000x1000_b16,pure_decode,tp4dp2moetp1ep8,445,445,0,8,8,0,8,8,8,FULL:8,FULL,445,445,0,8,8,0,8,8,8,FULL:8,FULL,0,0,0,0,0,0,0,1,1,1,1,1,1,1,False,False,True
engine_dp:1:step:446,engine_core_dp_step,1,32000x1000_b16,pure_decode,tp4dp2moetp1ep8,446,446,0,8,8,0,8,8,8,FULL:8,FULL,446,446,0,8,8,0,8,8,8,FULL:8,FULL,0,0,0,0,0,0,0,1,1,1,1,1,1,1,False,False,True
engine_dp:1:step:447,engine_core_dp_step,1,32000x1000_b16,pure_decode,tp4dp2moetp1ep8,447,447,0,8,8,0,8,8,8,FULL:8,FULL,447,447,0,8,8,0,8,8,8,FULL:8,FULL,0,0,0,0,0,0,0,1,1,1,1,1,1,1,False,False,True
engine_dp:1:step:448,engine_core_dp_step,1,32000x1000_b16,pure_decode,tp4dp2moetp1ep8,448,448,0,8,8,0,8,8,8,FULL:8,FULL,448,448,0,8,8,0,8,8,8,FULL:8,FULL,0,0,0,0,0,0,0,1,1,1,1,1,1,1,False,False,True
engine_dp:1:step:449,engine_core_dp_step,1,32000x1000_b16,pure_decode,tp4dp2moetp1ep8,449,449,0,8,8,0,8,8,8,FULL:8,FULL,449,449,0,8,8,0,8,8,8,FULL:8,FULL,0,0,0,0,0,0,0,1,1,1,1,1,1,1,False,False,True
engine_dp:1:step:450,engine_core_dp_step,1,32000x1000_b16,pure_decode,tp4dp2moetp1ep8,450,450,0,8,8,0,8,8,8,FULL:8,FULL,450,450,0,8,8,0,8,8,8,FULL:8,FULL,0,0,0,0,0,0,0,1,1,1,1,1,1,1,False,False,True
engine_dp:1:step:451,engine_core_dp_step,1,32000x1000_b16,pure_decode,tp4dp2moetp1ep8,451,451,0,8,8,0,8,8,8,FULL:8,FULL,451,451,0,8,8,0,8,8,8,FULL:8,FULL,0,0,0,0,0,0,0,1,1,1,1,1,1,1,False,False,True
engine_dp:1:step:452,engine_core_dp_step,1,32000x1000_b16,pure_decode,tp4dp2moetp1ep8,452,452,0,8,8,0,8,8,8,FULL:8,FULL,452,452,0,8,8,0,8,8,8,FULL:8,FULL,0,0,0,0,0,0,0,1,1,1,1,1,1,1,False,False,True
engine_dp:1:step:453,engine_core_dp_step,1,32000x1000_b16,pure_decode,tp4dp2moetp1ep8,453,453,0,8,8,0,8,8,8,FULL:8,FULL,453,453,0,8,8,0,8,8,8,FULL:8,FULL,0,0,0,0,0,0,0,1,1,1,1,1,1,1,False,False,True
engine_dp:1:step:454,engine_core_dp_step,1,32000x1000_b16,pure_decode,tp4dp2moetp1ep8,454,454,0,8,8,0,8,8,8,FULL:8,FULL,454,454,0,8,8,0,8,8,8,FULL:8,FULL,0,0,0,0,0,0,0,1,1,1,1,1,1,1,False,False,True
engine_dp:1:step:455,engine_core_dp_step,1,32000x1000_b16,pure_decode,tp4dp2moetp1ep8,455,455,0,8,8,0,8,8,8,FULL:8,FULL,455,455,0,8,8,0,8,8,8,FULL:8,FULL,0,0,0,0,0,0,0,1,1,1,1,1,1,1,False,False,True
engine_dp:1:step:456,engine_core_dp_step,1,32000x1000_b16,pure_decode,tp4dp2moetp1ep8,456,456,0,8,8,0,8,8,8,FULL:8,FULL,456,456,0,8,8,0,8,8,8,FULL:8,FULL,0,0,0,0,0,0,0,1,1,1,1,1,1,1,False,False,True
engine_dp:1:step:457,engine_core_dp_step,1,32000x1000_b16,pure_decode,tp4dp2moetp1ep8,457,457,0,8,8,0,8,8,8,FULL:8,FULL,457,457,0,8,8,0,8,8,8,FULL:8,FULL,0,0,0,0,0,0,0,1,1,1,1,1,1,1,False,False,True
engine_dp:1:step:458,engine_core_dp_step,1,32000x1000_b16,pure_decode,tp4dp2moetp1ep8,458,458,0,8,8,0,8,8,8,FULL:8,FULL,458,458,0,8,8,0,8,8,8,FULL:8,FULL,0,0,0,0,0,0,0,1,1,1,1,1,1,1,False,False,True
engine_dp:1:step:459,engine_core_dp_step,1,32000x1000_b16,pure_decode,tp4dp2moetp1ep8,459,459,0,8,8,0,8,8,8,FULL:8,FULL,459,459,0,8,8,0,8,8,8,FULL:8,FULL,0,0,0,0,0,0,0,1,1,1,1,1,1,1,False,False,True
engine_dp:1:step:460,engine_core_dp_step,1,32000x1000_b16,pure_decode,tp4dp2moetp1ep8,460,460,0,8,8,0,8,8,8,FULL:8,FULL,460,460,0,8,8,0,8,8,8,FULL:8,FULL,0,0,0,0,0,0,0,1,1,1,1,1,1,1,False,False,True
engine_dp:1:step:461,engine_core_dp_step,1,32000x1000_b16,pure_decode,tp4dp2moetp1ep8,461,461,0,8,8,0,8,8,8,FULL:8,FULL,461,461,0,8,8,0,8,8,8,FULL:8,FULL,0,0,0,0,0,0,0,1,1,1,1,1,1,1,False,False,True
engine_dp:1:step:462,engine_core_dp_step,1,32000x1000_b16,pure_decode,tp4dp2moetp1ep8,462,462,0,8,8,0,8,8,8,FULL:8,FULL,462,462,0,8,8,0,8,8,8,FULL:8,FULL,0,0,0,0,0,0,0,1,1,1,1,1,1,1,False,False,True
engine_dp:1:step:463,engine_core_dp_step,1,32000x1000_b16,pure_decode,tp4dp2moetp1ep8,463,463,0,8,8,0,8,8,8,FULL:8,FULL,463,463,0,8,8,0,8,8,8,FULL:8,FULL,0,0,0,0,0,0,0,1,1,1,1,1,1,1,False,False,True
engine_dp:1:step:464,engine_core_dp_step,1,32000x1000_b16,pure_decode,tp4dp2moetp1ep8,464,464,0,8,8,0,8,8,8,FULL:8,FULL,464,464,0,8,8,0,8,8,8,FULL:8,FULL,0,0,0,0,0,0,0,1,1,1,1,1,1,1,False,False,True
engine_dp:1:step:465,engine_core_dp_step,1,32000x1000_b16,pure_decode,tp4dp2moetp1ep8,465,465,0,8,8,0,8,8,8,FULL:8,FULL,465,465,0,8,8,0,8,8,8,FULL:8,FULL,0,0,0,0,0,0,0,1,1,1,1,1,1,1,False,False,True
engine_dp:1:step:466,engine_core_dp_step,1,32000x1000_b16,pure_decode,tp4dp2moetp1ep8,466,466,0,8,8,0,8,8,8,FULL:8,FULL,466,466,0,8,8,0,8,8,8,FULL:8,FULL,0,0,0,0,0,0,0,1,1,1,1,1,1,1,False,False,True
engine_dp:1:step:467,engine_core_dp_step,1,32000x1000_b16,pure_decode,tp4dp2moetp1ep8,467,467,0,8,8,0,8,8,8,FULL:8,FULL,467,467,0,8,8,0,8,8,8,FULL:8,FULL,0,0,0,0,0,0,0,1,1,1,1,1,1,1,False,False,True
engine_dp:1:step:468,engine_core_dp_step,1,32000x1000_b16,pure_decode,tp4dp2moetp1ep8,468,468,0,8,8,0,8,8,8,FULL:8,FULL,468,468,0,8,8,0,8,8,8,FULL:8,FULL,0,0,0,0,0,0,0,1,1,1,1,1,1,1,False,False,True
engine_dp:1:step:469,engine_core_dp_step,1,32000x1000_b16,pure_decode,tp4dp2moetp1ep8,469,469,0,8,8,0,8,8,8,FULL:8,FULL,469,469,0,8,8,0,8,8,8,FULL:8,FULL,0,0,0,0,0,0,0,1,1,1,1,1,1,1,False,False,True
engine_dp:1:step:470,engine_core_dp_step,1,32000x1000_b16,pure_decode,tp4dp2moetp1ep8,470,470,0,8,8,0,8,8,8,FULL:8,FULL,470,470,0,8,8,0,8,8,8,FULL:8,FULL,0,0,0,0,0,0,0,1,1,1,1,1,1,1,False,False,True
engine_dp:1:step:471,engine_core_dp_step,1,32000x1000_b16,pure_decode,tp4dp2moetp1ep8,471,471,0,8,8,0,8,8,8,FULL:8,FULL,471,471,0,8,8,0,8,8,8,FULL:8,FULL,0,0,0,0,0,0,0,1,1,1,1,1,1,1,False,False,True
engine_dp:1:step:472,engine_core_dp_step,1,32000x1000_b16,pure_decode,tp4dp2moetp1ep8,472,472,0,8,8,0,8,8,8,FULL:8,FULL,472,472,0,8,8,0,8,8,8,FULL:8,FULL,0,0,0,0,0,0,0,1,1,1,1,1,1,1,False,False,True
engine_dp:1:step:473,engine_core_dp_step,1,32000x1000_b16,pure_decode,tp4dp2moetp1ep8,473,473,0,8,8,0,8,8,8,FULL:8,FULL,473,473,0,8,8,0,8,8,8,FULL:8,FULL,0,0,0,0,0,0,0,1,1,1,1,1,1,1,False,False,True
engine_dp:1:step:474,engine_core_dp_step,1,32000x1000_b16,pure_decode,tp4dp2moetp1ep8,474,474,0,8,8,0,8,8,8,FULL:8,FULL,474,474,0,8,8,0,8,8,8,FULL:8,FULL,0,0,0,0,0,0,0,1,1,1,1,1,1,1,False,False,True
engine_dp:1:step:475,engine_core_dp_step,1,32000x1000_b16,pure_decode,tp4dp2moetp1ep8,475,475,0,8,8,0,8,8,8,FULL:8,FULL,475,475,0,8,8,0,8,8,8,FULL:8,FULL,0,0,0,0,0,0,0,1,1,1,1,1,1,1,False,False,True
engine_dp:1:step:476,engine_core_dp_step,1,32000x1000_b16,pure_decode,tp4dp2moetp1ep8,476,476,0,8,8,0,8,8,8,FULL:8,FULL,476,476,0,8,8,0,8,8,8,FULL:8,FULL,0,0,0,0,0,0,0,1,1,1,1,1,1,1,False,False,True
engine_dp:1:step:477,engine_core_dp_step,1,32000x1000_b16,pure_decode,tp4dp2moetp1ep8,477,477,0,8,8,0,8,8,8,FULL:8,FULL,477,477,0,8,8,0,8,8,8,FULL:8,FULL,0,0,0,0,0,0,0,1,1,1,1,1,1,1,False,False,True
engine_dp:1:step:478,engine_core_dp_step,1,32000x1000_b16,pure_decode,tp4dp2moetp1ep8,478,478,0,8,8,0,8,8,8,FULL:8,FULL,478,478,0,8,8,0,8,8,8,FULL:8,FULL,0,0,0,0,0,0,0,1,1,1,1,1,1,1,False,False,True
engine_dp:1:step:479,engine_core_dp_step,1,32000x1000_b16,pure_decode,tp4dp2moetp1ep8,479,479,0,8,8,0,8,8,8,FULL:8,FULL,479,479,0,8,8,0,8,8,8,FULL:8,FULL,0,0,0,0,0,0,0,1,1,1,1,1,1,1,False,False,True
engine_dp:1:step:480,engine_core_dp_step,1,32000x1000_b16,pure_decode,tp4dp2moetp1ep8,480,480,0,8,8,0,8,8,8,FULL:8,FULL,480,480,0,8,8,0,8,8,8,FULL:8,FULL,0,0,0,0,0,0,0,1,1,1,1,1,1,1,False,False,True
engine_dp:1:step:481,engine_core_dp_step,1,32000x1000_b16,pure_decode,tp4dp2moetp1ep8,481,481,0,8,8,0,8,8,8,FULL:8,FULL,481,481,0,8,8,0,8,8,8,FULL:8,FULL,0,0,0,0,0,0,0,1,1,1,1,1,1,1,False,False,True
engine_dp:1:step:482,engine_core_dp_step,1,32000x1000_b16,pure_decode,tp4dp2moetp1ep8,482,482,0,8,8,0,8,8,8,FULL:8,FULL,482,482,0,8,8,0,8,8,8,FULL:8,FULL,0,0,0,0,0,0,0,1,1,1,1,1,1,1,False,False,True
engine_dp:1:step:483,engine_core_dp_step,1,32000x1000_b16,pure_decode,tp4dp2moetp1ep8,483,483,0,8,8,0,8,8,8,FULL:8,FULL,483,483,0,8,8,0,8,8,8,FULL:8,FULL,0,0,0,0,0,0,0,1,1,1,1,1,1,1,False,False,True
engine_dp:1:step:484,engine_core_dp_step,1,32000x1000_b16,pure_decode,tp4dp2moetp1ep8,484,484,0,8,8,0,8,8,8,FULL:8,FULL,484,484,0,8,8,0,8,8,8,FULL:8,FULL,0,0,0,0,0,0,0,1,1,1,1,1,1,1,False,False,True
engine_dp:1:step:485,engine_core_dp_step,1,32000x1000_b16,pure_decode,tp4dp2moetp1ep8,485,485,0,8,8,0,8,8,8,FULL:8,FULL,485,485,0,8,8,0,8,8,8,FULL:8,FULL,0,0,0,0,0,0,0,1,1,1,1,1,1,1,False,False,True
engine_dp:1:step:486,engine_core_dp_step,1,32000x1000_b16,pure_decode,tp4dp2moetp1ep8,486,486,0,8,8,0,8,8,8,FULL:8,FULL,486,486,0,8,8,0,8,8,8,FULL:8,FULL,0,0,0,0,0,0,0,1,1,1,1,1,1,1,False,False,True
engine_dp:1:step:487,engine_core_dp_step,1,32000x1000_b16,pure_decode,tp4dp2moetp1ep8,487,487,0,8,8,0,8,8,8,FULL:8,FULL,487,487,0,8,8,0,8,8,8,FULL:8,FULL,0,0,0,0,0,0,0,1,1,1,1,1,1,1,False,False,True
engine_dp:1:step:488,engine_core_dp_step,1,32000x1000_b16,pure_decode,tp4dp2moetp1ep8,488,488,0,8,8,0,8,8,8,FULL:8,FULL,488,488,0,8,8,0,8,8,8,FULL:8,FULL,0,0,0,0,0,0,0,1,1,1,1,1,1,1,False,False,True
engine_dp:1:step:489,engine_core_dp_step,1,32000x1000_b16,pure_decode,tp4dp2moetp1ep8,489,489,0,8,8,0,8,8,8,FULL:8,FULL,489,489,0,8,8,0,8,8,8,FULL:8,FULL,0,0,0,0,0,0,0,1,1,1,1,1,1,1,False,False,True
engine_dp:1:step:490,engine_core_dp_step,1,32000x1000_b16,pure_decode,tp4dp2moetp1ep8,490,490,0,8,8,0,8,8,8,FULL:8,FULL,490,490,0,8,8,0,8,8,8,FULL:8,FULL,0,0,0,0,0,0,0,1,1,1,1,1,1,1,False,False,True
engine_dp:1:step:491,engine_core_dp_step,1,32000x1000_b16,pure_decode,tp4dp2moetp1ep8,491,491,0,8,8,0,8,8,8,FULL:8,FULL,491,491,0,8,8,0,8,8,8,FULL:8,FULL,0,0,0,0,0,0,0,1,1,1,1,1,1,1,False,False,True
engine_dp:1:step:492,engine_core_dp_step,1,32000x1000_b16,pure_decode,tp4dp2moetp1ep8,492,492,0,8,8,0,8,8,8,FULL:8,FULL,492,492,0,8,8,0,8,8,8,FULL:8,FULL,0,0,0,0,0,0,0,1,1,1,1,1,1,1,False,False,True
engine_dp:1:step:493,engine_core_dp_step,1,32000x1000_b16,pure_decode,tp4dp2moetp1ep8,493,493,0,8,8,0,8,8,8,FULL:8,FULL,493,493,0,8,8,0,8,8,8,FULL:8,FULL,0,0,0,0,0,0,0,1,1,1,1,1,1,1,False,False,True
engine_dp:1:step:494,engine_core_dp_step,1,32000x1000_b16,pure_decode,tp4dp2moetp1ep8,494,494,0,8,8,0,8,8,8,FULL:8,FULL,494,494,0,8,8,0,8,8,8,FULL:8,FULL,0,0,0,0,0,0,0,1,1,1,1,1,1,1,False,False,True
engine_dp:1:step:495,engine_core_dp_step,1,32000x1000_b16,pure_decode,tp4dp2moetp1ep8,495,495,0,8,8,0,8,8,8,FULL:8,FULL,495,495,0,8,8,0,8,8,8,FULL:8,FULL,0,0,0,0,0,0,0,1,1,1,1,1,1,1,False,False,True
engine_dp:1:step:496,engine_core_dp_step,1,32000x1000_b16,pure_decode,tp4dp2moetp1ep8,496,496,0,8,8,0,8,8,8,FULL:8,FULL,496,496,0,8,8,0,8,8,8,FULL:8,FULL,0,0,0,0,0,0,0,1,1,1,1,1,1,1,False,False,True
engine_dp:1:step:497,engine_core_dp_step,1,32000x1000_b16,pure_decode,tp4dp2moetp1ep8,497,497,0,8,8,0,8,8,8,FULL:8,FULL,497,497,0,8,8,0,8,8,8,FULL:8,FULL,0,0,0,0,0,0,0,1,1,1,1,1,1,1,False,False,True
engine_dp:1:step:498,engine_core_dp_step,1,32000x1000_b16,pure_decode,tp4dp2moetp1ep8,498,498,0,8,8,0,8,8,8,FULL:8,FULL,498,498,0,8,8,0,8,8,8,FULL:8,FULL,0,0,0,0,0,0,0,1,1,1,1,1,1,1,False,False,True
engine_dp:1:step:499,engine_core_dp_step,1,32000x1000_b16,pure_decode,tp4dp2moetp1ep8,499,499,0,8,8,0,8,8,8,FULL:8,FULL,499,499,0,8,8,0,8,8,8,FULL:8,FULL,0,0,0,0,0,0,0,1,1,1,1,1,1,1,False,False,True
engine_dp:1:step:500,engine_core_dp_step,1,32000x1000_b16,pure_decode,tp4dp2moetp1ep8,500,500,0,8,8,0,8,8,8,FULL:8,FULL,500,500,0,8,8,0,8,8,8,FULL:8,FULL,0,0,0,0,0,0,0,1,1,1,1,1,1,1,False,False,True
engine_dp:1:step:501,engine_core_dp_step,1,32000x1000_b16,pure_decode,tp4dp2moetp1ep8,501,501,0,8,8,0,8,8,8,FULL:8,FULL,501,501,0,8,8,0,8,8,8,FULL:8,FULL,0,0,0,0,0,0,0,1,1,1,1,1,1,1,False,False,True
engine_dp:1:step:502,engine_core_dp_step,1,32000x1000_b16,pure_decode,tp4dp2moetp1ep8,502,502,0,8,8,0,8,8,8,FULL:8,FULL,502,502,0,8,8,0,8,8,8,FULL:8,FULL,0,0,0,0,0,0,0,1,1,1,1,1,1,1,False,False,True
engine_dp:1:step:503,engine_core_dp_step,1,32000x1000_b16,pure_decode,tp4dp2moetp1ep8,503,503,0,8,8,0,8,8,8,FULL:8,FULL,503,503,0,8,8,0,8,8,8,FULL:8,FULL,0,0,0,0,0,0,0,1,1,1,1,1,1,1,False,False,True
engine_dp:1:step:504,engine_core_dp_step,1,32000x1000_b16,pure_decode,tp4dp2moetp1ep8,504,504,0,8,8,0,8,8,8,FULL:8,FULL,504,504,0,8,8,0,8,8,8,FULL:8,FULL,0,0,0,0,0,0,0,1,1,1,1,1,1,1,False,False,True
engine_dp:1:step:505,engine_core_dp_step,1,32000x1000_b16,pure_decode,tp4dp2moetp1ep8,505,505,0,8,8,0,8,8,8,FULL:8,FULL,505,505,0,8,8,0,8,8,8,FULL:8,FULL,0,0,0,0,0,0,0,1,1,1,1,1,1,1,False,False,True
engine_dp:1:step:506,engine_core_dp_step,1,32000x1000_b16,pure_decode,tp4dp2moetp1ep8,506,506,0,8,8,0,8,8,8,FULL:8,FULL,506,506,0,8,8,0,8,8,8,FULL:8,FULL,0,0,0,0,0,0,0,1,1,1,1,1,1,1,False,False,True
engine_dp:1:step:507,engine_core_dp_step,1,32000x1000_b16,pure_decode,tp4dp2moetp1ep8,507,507,0,8,8,0,8,8,8,FULL:8,FULL,507,507,0,8,8,0,8,8,8,FULL:8,FULL,0,0,0,0,0,0,0,1,1,1,1,1,1,1,False,False,True
engine_dp:1:step:508,engine_core_dp_step,1,32000x1000_b16,pure_decode,tp4dp2moetp1ep8,508,508,0,8,8,0,8,8,8,FULL:8,FULL,508,508,0,8,8,0,8,8,8,FULL:8,FULL,0,0,0,0,0,0,0,1,1,1,1,1,1,1,False,False,True
engine_dp:1:step:509,engine_core_dp_step,1,32000x1000_b16,pure_decode,tp4dp2moetp1ep8,509,509,0,8,8,0,8,8,8,FULL:8,FULL,509,509,0,8,8,0,8,8,8,FULL:8,FULL,0,0,0,0,0,0,0,1,1,1,1,1,1,1,False,False,True
engine_dp:1:step:510,engine_core_dp_step,1,32000x1000_b16,pure_decode,tp4dp2moetp1ep8,510,510,0,8,8,0,8,8,8,FULL:8,FULL,510,510,0,8,8,0,8,8,8,FULL:8,FULL,0,0,0,0,0,0,0,1,1,1,1,1,1,1,False,False,True
engine_dp:1:step:511,engine_core_dp_step,1,32000x1000_b16,pure_decode,tp4dp2moetp1ep8,511,511,0,8,8,0,8,8,8,FULL:8,FULL,511,511,0,8,8,0,8,8,8,FULL:8,FULL,0,0,0,0,0,0,0,1,1,1,1,1,1,1,False,False,True
engine_dp:1:step:512,engine_core_dp_step,1,32000x1000_b16,pure_decode,tp4dp2moetp1ep8,512,512,0,8,8,0,8,8,8,FULL:8,FULL,512,512,0,8,8,0,8,8,8,FULL:8,FULL,0,0,0,0,0,0,0,1,1,1,1,1,1,1,False,False,True
engine_dp:1:step:513,engine_core_dp_step,1,32000x1000_b16,pure_decode,tp4dp2moetp1ep8,513,513,0,8,8,0,8,8,8,FULL:8,FULL,513,513,0,8,8,0,8,8,8,FULL:8,FULL,0,0,0,0,0,0,0,1,1,1,1,1,1,1,False,False,True
engine_dp:1:step:514,engine_core_dp_step,1,32000x1000_b16,pure_decode,tp4dp2moetp1ep8,514,514,0,8,8,0,8,8,8,FULL:8,FULL,514,514,0,8,8,0,8,8,8,FULL:8,FULL,0,0,0,0,0,0,0,1,1,1,1,1,1,1,False,False,True
engine_dp:1:step:515,engine_core_dp_step,1,32000x1000_b16,pure_decode,tp4dp2moetp1ep8,515,515,0,8,8,0,8,8,8,FULL:8,FULL,515,515,0,8,8,0,8,8,8,FULL:8,FULL,0,0,0,0,0,0,0,1,1,1,1,1,1,1,False,False,True
engine_dp:1:step:516,engine_core_dp_step,1,32000x1000_b16,pure_decode,tp4dp2moetp1ep8,516,516,0,8,8,0,8,8,8,FULL:8,FULL,516,516,0,8,8,0,8,8,8,FULL:8,FULL,0,0,0,0,0,0,0,1,1,1,1,1,1,1,False,False,True
engine_dp:1:step:517,engine_core_dp_step,1,32000x1000_b16,pure_decode,tp4dp2moetp1ep8,517,517,0,8,8,0,8,8,8,FULL:8,FULL,517,517,0,8,8,0,8,8,8,FULL:8,FULL,0,0,0,0,0,0,0,1,1,1,1,1,1,1,False,False,True
engine_dp:1:step:518,engine_core_dp_step,1,32000x1000_b16,pure_decode,tp4dp2moetp1ep8,518,518,0,8,8,0,8,8,8,FULL:8,FULL,518,518,0,8,8,0,8,8,8,FULL:8,FULL,0,0,0,0,0,0,0,1,1,1,1,1,1,1,False,False,True
engine_dp:1:step:519,engine_core_dp_step,1,32000x1000_b16,pure_decode,tp4dp2moetp1ep8,519,519,0,8,8,0,8,8,8,FULL:8,FULL,519,519,0,8,8,0,8,8,8,FULL:8,FULL,0,0,0,0,0,0,0,1,1,1,1,1,1,1,False,False,True
engine_dp:1:step:520,engine_core_dp_step,1,32000x1000_b16,pure_decode,tp4dp2moetp1ep8,520,520,0,8,8,0,8,8,8,FULL:8,FULL,520,520,0,8,8,0,8,8,8,FULL:8,FULL,0,0,0,0,0,0,0,1,1,1,1,1,1,1,False,False,True
engine_dp:1:step:521,engine_core_dp_step,1,32000x1000_b16,pure_decode,tp4dp2moetp1ep8,521,521,0,8,8,0,8,8,8,FULL:8,FULL,521,521,0,8,8,0,8,8,8,FULL:8,FULL,0,0,0,0,0,0,0,1,1,1,1,1,1,1,False,False,True
engine_dp:1:step:522,engine_core_dp_step,1,32000x1000_b16,pure_decode,tp4dp2moetp1ep8,522,522,0,8,8,0,8,8,8,FULL:8,FULL,522,522,0,8,8,0,8,8,8,FULL:8,FULL,0,0,0,0,0,0,0,1,1,1,1,1,1,1,False,False,True
engine_dp:1:step:523,engine_core_dp_step,1,32000x1000_b16,pure_decode,tp4dp2moetp1ep8,523,523,0,8,8,0,8,8,8,FULL:8,FULL,523,523,0,8,8,0,8,8,8,FULL:8,FULL,0,0,0,0,0,0,0,1,1,1,1,1,1,1,False,False,True
engine_dp:1:step:524,engine_core_dp_step,1,32000x1000_b16,pure_decode,tp4dp2moetp1ep8,524,524,0,8,8,0,8,8,8,FULL:8,FULL,524,524,0,8,8,0,8,8,8,FULL:8,FULL,0,0,0,0,0,0,0,1,1,1,1,1,1,1,False,False,True
engine_dp:1:step:525,engine_core_dp_step,1,32000x1000_b16,pure_decode,tp4dp2moetp1ep8,525,525,0,8,8,0,8,8,8,FULL:8,FULL,525,525,0,8,8,0,8,8,8,FULL:8,FULL,0,0,0,0,0,0,0,1,1,1,1,1,1,1,False,False,True
engine_dp:1:step:526,engine_core_dp_step,1,32000x1000_b16,pure_decode,tp4dp2moetp1ep8,526,526,0,8,8,0,8,8,8,FULL:8,FULL,526,526,0,8,8,0,8,8,8,FULL:8,FULL,0,0,0,0,0,0,0,1,1,1,1,1,1,1,False,False,True
engine_dp:1:step:527,engine_core_dp_step,1,32000x1000_b16,pure_decode,tp4dp2moetp1ep8,527,527,0,8,8,0,8,8,8,FULL:8,FULL,527,527,0,8,8,0,8,8,8,FULL:8,FULL,0,0,0,0,0,0,0,1,1,1,1,1,1,1,False,False,True
engine_dp:1:step:528,engine_core_dp_step,1,32000x1000_b16,pure_decode,tp4dp2moetp1ep8,528,528,0,8,8,0,8,8,8,FULL:8,FULL,528,528,0,8,8,0,8,8,8,FULL:8,FULL,0,0,0,0,0,0,0,1,1,1,1,1,1,1,False,False,True
engine_dp:1:step:529,engine_core_dp_step,1,32000x1000_b16,pure_decode,tp4dp2moetp1ep8,529,529,0,8,8,0,8,8,8,FULL:8,FULL,529,529,0,8,8,0,8,8,8,FULL:8,FULL,0,0,0,0,0,0,0,1,1,1,1,1,1,1,False,False,True
engine_dp:1:step:530,engine_core_dp_step,1,32000x1000_b16,pure_decode,tp4dp2moetp1ep8,530,530,0,8,8,0,8,8,8,FULL:8,FULL,530,530,0,8,8,0,8,8,8,FULL:8,FULL,0,0,0,0,0,0,0,1,1,1,1,1,1,1,False,False,True
engine_dp:1:step:531,engine_core_dp_step,1,32000x1000_b16,pure_decode,tp4dp2moetp1ep8,531,531,0,8,8,0,8,8,8,FULL:8,FULL,531,531,0,8,8,0,8,8,8,FULL:8,FULL,0,0,0,0,0,0,0,1,1,1,1,1,1,1,False,False,True
engine_dp:1:step:532,engine_core_dp_step,1,32000x1000_b16,pure_decode,tp4dp2moetp1ep8,532,532,0,8,8,0,8,8,8,FULL:8,FULL,532,532,0,8,8,0,8,8,8,FULL:8,FULL,0,0,0,0,0,0,0,1,1,1,1,1,1,1,False,False,True
engine_dp:1:step:533,engine_core_dp_step,1,32000x1000_b16,pure_decode,tp4dp2moetp1ep8,533,533,0,8,8,0,8,8,8,FULL:8,FULL,533,533,0,8,8,0,8,8,8,FULL:8,FULL,0,0,0,0,0,0,0,1,1,1,1,1,1,1,False,False,True
engine_dp:1:step:534,engine_core_dp_step,1,32000x1000_b16,pure_decode,tp4dp2moetp1ep8,534,534,0,8,8,0,8,8,8,FULL:8,FULL,534,534,0,8,8,0,8,8,8,FULL:8,FULL,0,0,0,0,0,0,0,1,1,1,1,1,1,1,False,False,True
engine_dp:1:step:535,engine_core_dp_step,1,32000x1000_b16,pure_decode,tp4dp2moetp1ep8,535,535,0,8,8,0,8,8,8,FULL:8,FULL,535,535,0,8,8,0,8,8,8,FULL:8,FULL,0,0,0,0,0,0,0,1,1,1,1,1,1,1,False,False,True
engine_dp:1:step:536,engine_core_dp_step,1,32000x1000_b16,pure_decode,tp4dp2moetp1ep8,536,536,0,8,8,0,8,8,8,FULL:8,FULL,536,536,0,8,8,0,8,8,8,FULL:8,FULL,0,0,0,0,0,0,0,1,1,1,1,1,1,1,False,False,True
engine_dp:1:step:537,engine_core_dp_step,1,32000x1000_b16,pure_decode,tp4dp2moetp1ep8,537,537,0,8,8,0,8,8,8,FULL:8,FULL,537,537,0,8,8,0,8,8,8,FULL:8,FULL,0,0,0,0,0,0,0,1,1,1,1,1,1,1,False,False,True
engine_dp:1:step:538,engine_core_dp_step,1,32000x1000_b16,pure_decode,tp4dp2moetp1ep8,538,538,0,8,8,0,8,8,8,FULL:8,FULL,538,538,0,8,8,0,8,8,8,FULL:8,FULL,0,0,0,0,0,0,0,1,1,1,1,1,1,1,False,False,True
engine_dp:1:step:539,engine_core_dp_step,1,32000x1000_b16,pure_decode,tp4dp2moetp1ep8,539,539,0,8,8,0,8,8,8,FULL:8,FULL,539,539,0,8,8,0,8,8,8,FULL:8,FULL,0,0,0,0,0,0,0,1,1,1,1,1,1,1,False,False,True
engine_dp:1:step:540,engine_core_dp_step,1,32000x1000_b16,pure_decode,tp4dp2moetp1ep8,540,540,0,8,8,0,8,8,8,FULL:8,FULL,540,540,0,8,8,0,8,8,8,FULL:8,FULL,0,0,0,0,0,0,0,1,1,1,1,1,1,1,False,False,True
engine_dp:1:step:541,engine_core_dp_step,1,32000x1000_b16,pure_decode,tp4dp2moetp1ep8,541,541,0,8,8,0,8,8,8,FULL:8,FULL,541,541,0,8,8,0,8,8,8,FULL:8,FULL,0,0,0,0,0,0,0,1,1,1,1,1,1,1,False,False,True
engine_dp:1:step:542,engine_core_dp_step,1,32000x1000_b16,pure_decode,tp4dp2moetp1ep8,542,542,0,8,8,0,8,8,8,FULL:8,FULL,542,542,0,8,8,0,8,8,8,FULL:8,FULL,0,0,0,0,0,0,0,1,1,1,1,1,1,1,False,False,True
engine_dp:1:step:543,engine_core_dp_step,1,32000x1000_b16,pure_decode,tp4dp2moetp1ep8,543,543,0,8,8,0,8,8,8,FULL:8,FULL,543,543,0,8,8,0,8,8,8,FULL:8,FULL,0,0,0,0,0,0,0,1,1,1,1,1,1,1,False,False,True
engine_dp:1:step:544,engine_core_dp_step,1,32000x1000_b16,pure_decode,tp4dp2moetp1ep8,544,544,0,8,8,0,8,8,8,FULL:8,FULL,544,544,0,8,8,0,8,8,8,FULL:8,FULL,0,0,0,0,0,0,0,1,1,1,1,1,1,1,False,False,True
engine_dp:1:step:545,engine_core_dp_step,1,32000x1000_b16,pure_decode,tp4dp2moetp1ep8,545,545,0,8,8,0,8,8,8,FULL:8,FULL,545,545,0,8,8,0,8,8,8,FULL:8,FULL,0,0,0,0,0,0,0,1,1,1,1,1,1,1,False,False,True
engine_dp:1:step:546,engine_core_dp_step,1,32000x1000_b16,pure_decode,tp4dp2moetp1ep8,546,546,0,8,8,0,8,8,8,FULL:8,FULL,546,546,0,8,8,0,8,8,8,FULL:8,FULL,0,0,0,0,0,0,0,1,1,1,1,1,1,1,False,False,True
engine_dp:1:step:547,engine_core_dp_step,1,32000x1000_b16,pure_decode,tp4dp2moetp1ep8,547,547,0,8,8,0,8,8,8,FULL:8,FULL,547,547,0,8,8,0,8,8,8,FULL:8,FULL,0,0,0,0,0,0,0,1,1,1,1,1,1,1,False,False,True
engine_dp:1:step:548,engine_core_dp_step,1,32000x1000_b16,pure_decode,tp4dp2moetp1ep8,548,548,0,8,8,0,8,8,8,FULL:8,FULL,548,548,0,8,8,0,8,8,8,FULL:8,FULL,0,0,0,0,0,0,0,1,1,1,1,1,1,1,False,False,True
engine_dp:1:step:549,engine_core_dp_step,1,32000x1000_b16,pure_decode,tp4dp2moetp1ep8,549,549,0,8,8,0,8,8,8,FULL:8,FULL,549,549,0,8,8,0,8,8,8,FULL:8,FULL,0,0,0,0,0,0,0,1,1,1,1,1,1,1,False,False,True
engine_dp:1:step:550,engine_core_dp_step,1,32000x1000_b16,pure_decode,tp4dp2moetp1ep8,550,550,0,8,8,0,8,8,8,FULL:8,FULL,550,550,0,8,8,0,8,8,8,FULL:8,FULL,0,0,0,0,0,0,0,1,1,1,1,1,1,1,False,False,True
engine_dp:1:step:551,engine_core_dp_step,1,32000x1000_b16,pure_decode,tp4dp2moetp1ep8,551,551,0,8,8,0,8,8,8,FULL:8,FULL,551,551,0,8,8,0,8,8,8,FULL:8,FULL,0,0,0,0,0,0,0,1,1,1,1,1,1,1,False,False,True
engine_dp:1:step:552,engine_core_dp_step,1,32000x1000_b16,pure_decode,tp4dp2moetp1ep8,552,552,0,8,8,0,8,8,8,FULL:8,FULL,552,552,0,8,8,0,8,8,8,FULL:8,FULL,0,0,0,0,0,0,0,1,1,1,1,1,1,1,False,False,True
engine_dp:1:step:553,engine_core_dp_step,1,32000x1000_b16,pure_decode,tp4dp2moetp1ep8,553,553,0,8,8,0,8,8,8,FULL:8,FULL,553,553,0,8,8,0,8,8,8,FULL:8,FULL,0,0,0,0,0,0,0,1,1,1,1,1,1,1,False,False,True
engine_dp:1:step:554,engine_core_dp_step,1,32000x1000_b16,pure_decode,tp4dp2moetp1ep8,554,554,0,8,8,0,8,8,8,FULL:8,FULL,554,554,0,8,8,0,8,8,8,FULL:8,FULL,0,0,0,0,0,0,0,1,1,1,1,1,1,1,False,False,True
engine_dp:1:step:555,engine_core_dp_step,1,32000x1000_b16,pure_decode,tp4dp2moetp1ep8,555,555,0,8,8,0,8,8,8,FULL:8,FULL,555,555,0,8,8,0,8,8,8,FULL:8,FULL,0,0,0,0,0,0,0,1,1,1,1,1,1,1,False,False,True
engine_dp:1:step:556,engine_core_dp_step,1,32000x1000_b16,pure_decode,tp4dp2moetp1ep8,556,556,0,8,8,0,8,8,8,FULL:8,FULL,556,556,0,8,8,0,8,8,8,FULL:8,FULL,0,0,0,0,0,0,0,1,1,1,1,1,1,1,False,False,True
engine_dp:1:step:557,engine_core_dp_step,1,32000x1000_b16,pure_decode,tp4dp2moetp1ep8,557,557,0,8,8,0,8,8,8,FULL:8,FULL,557,557,0,8,8,0,8,8,8,FULL:8,FULL,0,0,0,0,0,0,0,1,1,1,1,1,1,1,False,False,True
engine_dp:1:step:558,engine_core_dp_step,1,32000x1000_b16,pure_decode,tp4dp2moetp1ep8,558,558,0,8,8,0,8,8,8,FULL:8,FULL,558,558,0,8,8,0,8,8,8,FULL:8,FULL,0,0,0,0,0,0,0,1,1,1,1,1,1,1,False,False,True
engine_dp:1:step:559,engine_core_dp_step,1,32000x1000_b16,pure_decode,tp4dp2moetp1ep8,559,559,0,8,8,0,8,8,8,FULL:8,FULL,559,559,0,8,8,0,8,8,8,FULL:8,FULL,0,0,0,0,0,0,0,1,1,1,1,1,1,1,False,False,True
engine_dp:1:step:560,engine_core_dp_step,1,32000x1000_b16,pure_decode,tp4dp2moetp1ep8,560,560,0,8,8,0,8,8,8,FULL:8,FULL,560,560,0,8,8,0,8,8,8,FULL:8,FULL,0,0,0,0,0,0,0,1,1,1,1,1,1,1,False,False,True
engine_dp:1:step:561,engine_core_dp_step,1,32000x1000_b16,pure_decode,tp4dp2moetp1ep8,561,561,0,8,8,0,8,8,8,FULL:8,FULL,561,561,0,8,8,0,8,8,8,FULL:8,FULL,0,0,0,0,0,0,0,1,1,1,1,1,1,1,False,False,True
engine_dp:1:step:562,engine_core_dp_step,1,32000x1000_b16,pure_decode,tp4dp2moetp1ep8,562,562,0,8,8,0,8,8,8,FULL:8,FULL,562,562,0,8,8,0,8,8,8,FULL:8,FULL,0,0,0,0,0,0,0,1,1,1,1,1,1,1,False,False,True
engine_dp:1:step:563,engine_core_dp_step,1,32000x1000_b16,pure_decode,tp4dp2moetp1ep8,563,563,0,8,8,0,8,8,8,FULL:8,FULL,563,563,0,8,8,0,8,8,8,FULL:8,FULL,0,0,0,0,0,0,0,1,1,1,1,1,1,1,False,False,True
engine_dp:1:step:564,engine_core_dp_step,1,32000x1000_b16,pure_decode,tp4dp2moetp1ep8,564,564,0,8,8,0,8,8,8,FULL:8,FULL,564,564,0,8,8,0,8,8,8,FULL:8,FULL,0,0,0,0,0,0,0,1,1,1,1,1,1,1,False,False,True
engine_dp:1:step:565,engine_core_dp_step,1,32000x1000_b16,pure_decode,tp4dp2moetp1ep8,565,565,0,8,8,0,8,8,8,FULL:8,FULL,565,565,0,8,8,0,8,8,8,FULL:8,FULL,0,0,0,0,0,0,0,1,1,1,1,1,1,1,False,False,True
engine_dp:1:step:566,engine_core_dp_step,1,32000x1000_b16,pure_decode,tp4dp2moetp1ep8,566,566,0,8,8,0,8,8,8,FULL:8,FULL,566,566,0,8,8,0,8,8,8,FULL:8,FULL,0,0,0,0,0,0,0,1,1,1,1,1,1,1,False,False,True
engine_dp:1:step:567,engine_core_dp_step,1,32000x1000_b16,pure_decode,tp4dp2moetp1ep8,567,567,0,8,8,0,8,8,8,FULL:8,FULL,567,567,0,8,8,0,8,8,8,FULL:8,FULL,0,0,0,0,0,0,0,1,1,1,1,1,1,1,False,False,True
engine_dp:1:step:568,engine_core_dp_step,1,32000x1000_b16,pure_decode,tp4dp2moetp1ep8,568,568,0,8,8,0,8,8,8,FULL:8,FULL,568,568,0,8,8,0,8,8,8,FULL:8,FULL,0,0,0,0,0,0,0,1,1,1,1,1,1,1,False,False,True
engine_dp:1:step:569,engine_core_dp_step,1,32000x1000_b16,pure_decode,tp4dp2moetp1ep8,569,569,0,8,8,0,8,8,8,FULL:8,FULL,569,569,0,8,8,0,8,8,8,FULL:8,FULL,0,0,0,0,0,0,0,1,1,1,1,1,1,1,False,False,True
engine_dp:1:step:570,engine_core_dp_step,1,32000x1000_b16,pure_decode,tp4dp2moetp1ep8,570,570,0,8,8,0,8,8,8,FULL:8,FULL,570,570,0,8,8,0,8,8,8,FULL:8,FULL,0,0,0,0,0,0,0,1,1,1,1,1,1,1,False,False,True
engine_dp:1:step:571,engine_core_dp_step,1,32000x1000_b16,pure_decode,tp4dp2moetp1ep8,571,571,0,8,8,0,8,8,8,FULL:8,FULL,571,571,0,8,8,0,8,8,8,FULL:8,FULL,0,0,0,0,0,0,0,1,1,1,1,1,1,1,False,False,True
engine_dp:1:step:572,engine_core_dp_step,1,32000x1000_b16,pure_decode,tp4dp2moetp1ep8,572,572,0,8,8,0,8,8,8,FULL:8,FULL,572,572,0,8,8,0,8,8,8,FULL:8,FULL,0,0,0,0,0,0,0,1,1,1,1,1,1,1,False,False,True
engine_dp:1:step:573,engine_core_dp_step,1,32000x1000_b16,pure_decode,tp4dp2moetp1ep8,573,573,0,8,8,0,8,8,8,FULL:8,FULL,573,573,0,8,8,0,8,8,8,FULL:8,FULL,0,0,0,0,0,0,0,1,1,1,1,1,1,1,False,False,True
engine_dp:1:step:574,engine_core_dp_step,1,32000x1000_b16,pure_decode,tp4dp2moetp1ep8,574,574,0,8,8,0,8,8,8,FULL:8,FULL,574,574,0,8,8,0,8,8,8,FULL:8,FULL,0,0,0,0,0,0,0,1,1,1,1,1,1,1,False,False,True
engine_dp:1:step:575,engine_core_dp_step,1,32000x1000_b16,pure_decode,tp4dp2moetp1ep8,575,575,0,8,8,0,8,8,8,FULL:8,FULL,575,575,0,8,8,0,8,8,8,FULL:8,FULL,0,0,0,0,0,0,0,1,1,1,1,1,1,1,False,False,True
engine_dp:1:step:576,engine_core_dp_step,1,32000x1000_b16,pure_decode,tp4dp2moetp1ep8,576,576,0,8,8,0,8,8,8,FULL:8,FULL,576,576,0,8,8,0,8,8,8,FULL:8,FULL,0,0,0,0,0,0,0,1,1,1,1,1,1,1,False,False,True
engine_dp:1:step:577,engine_core_dp_step,1,32000x1000_b16,pure_decode,tp4dp2moetp1ep8,577,577,0,8,8,0,8,8,8,FULL:8,FULL,577,577,0,8,8,0,8,8,8,FULL:8,FULL,0,0,0,0,0,0,0,1,1,1,1,1,1,1,False,False,True
engine_dp:1:step:578,engine_core_dp_step,1,32000x1000_b16,pure_decode,tp4dp2moetp1ep8,578,578,0,8,8,0,8,8,8,FULL:8,FULL,578,578,0,8,8,0,8,8,8,FULL:8,FULL,0,0,0,0,0,0,0,1,1,1,1,1,1,1,False,False,True
engine_dp:1:step:579,engine_core_dp_step,1,32000x1000_b16,pure_decode,tp4dp2moetp1ep8,579,579,0,8,8,0,8,8,8,FULL:8,FULL,579,579,0,8,8,0,8,8,8,FULL:8,FULL,0,0,0,0,0,0,0,1,1,1,1,1,1,1,False,False,True
engine_dp:1:step:580,engine_core_dp_step,1,32000x1000_b16,pure_decode,tp4dp2moetp1ep8,580,580,0,8,8,0,8,8,8,FULL:8,FULL,580,580,0,8,8,0,8,8,8,FULL:8,FULL,0,0,0,0,0,0,0,1,1,1,1,1,1,1,False,False,True
engine_dp:1:step:581,engine_core_dp_step,1,32000x1000_b16,pure_decode,tp4dp2moetp1ep8,581,581,0,8,8,0,8,8,8,FULL:8,FULL,581,581,0,8,8,0,8,8,8,FULL:8,FULL,0,0,0,0,0,0,0,1,1,1,1,1,1,1,False,False,True
engine_dp:1:step:582,engine_core_dp_step,1,32000x1000_b16,pure_decode,tp4dp2moetp1ep8,582,582,0,8,8,0,8,8,8,FULL:8,FULL,582,582,0,8,8,0,8,8,8,FULL:8,FULL,0,0,0,0,0,0,0,1,1,1,1,1,1,1,False,False,True
engine_dp:1:step:583,engine_core_dp_step,1,32000x1000_b16,pure_decode,tp4dp2moetp1ep8,583,583,0,8,8,0,8,8,8,FULL:8,FULL,583,583,0,8,8,0,8,8,8,FULL:8,FULL,0,0,0,0,0,0,0,1,1,1,1,1,1,1,False,False,True
engine_dp:1:step:584,engine_core_dp_step,1,32000x1000_b16,pure_decode,tp4dp2moetp1ep8,584,584,0,8,8,0,8,8,8,FULL:8,FULL,584,584,0,8,8,0,8,8,8,FULL:8,FULL,0,0,0,0,0,0,0,1,1,1,1,1,1,1,False,False,True
engine_dp:1:step:585,engine_core_dp_step,1,32000x1000_b16,pure_decode,tp4dp2moetp1ep8,585,585,0,8,8,0,8,8,8,FULL:8,FULL,585,585,0,8,8,0,8,8,8,FULL:8,FULL,0,0,0,0,0,0,0,1,1,1,1,1,1,1,False,False,True
engine_dp:1:step:586,engine_core_dp_step,1,32000x1000_b16,pure_decode,tp4dp2moetp1ep8,586,586,0,8,8,0,8,8,8,FULL:8,FULL,586,586,0,8,8,0,8,8,8,FULL:8,FULL,0,0,0,0,0,0,0,1,1,1,1,1,1,1,False,False,True
engine_dp:1:step:587,engine_core_dp_step,1,32000x1000_b16,pure_decode,tp4dp2moetp1ep8,587,587,0,8,8,0,8,8,8,FULL:8,FULL,587,587,0,8,8,0,8,8,8,FULL:8,FULL,0,0,0,0,0,0,0,1,1,1,1,1,1,1,False,False,True
engine_dp:1:step:588,engine_core_dp_step,1,32000x1000_b16,pure_decode,tp4dp2moetp1ep8,588,588,0,8,8,0,8,8,8,FULL:8,FULL,588,588,0,8,8,0,8,8,8,FULL:8,FULL,0,0,0,0,0,0,0,1,1,1,1,1,1,1,False,False,True
engine_dp:1:step:589,engine_core_dp_step,1,32000x1000_b16,pure_decode,tp4dp2moetp1ep8,589,589,0,8,8,0,8,8,8,FULL:8,FULL,589,589,0,8,8,0,8,8,8,FULL:8,FULL,0,0,0,0,0,0,0,1,1,1,1,1,1,1,False,False,True
engine_dp:1:step:590,engine_core_dp_step,1,32000x1000_b16,pure_decode,tp4dp2moetp1ep8,590,590,0,8,8,0,8,8,8,FULL:8,FULL,590,590,0,8,8,0,8,8,8,FULL:8,FULL,0,0,0,0,0,0,0,1,1,1,1,1,1,1,False,False,True
engine_dp:1:step:591,engine_core_dp_step,1,32000x1000_b16,pure_decode,tp4dp2moetp1ep8,591,591,0,8,8,0,8,8,8,FULL:8,FULL,591,591,0,8,8,0,8,8,8,FULL:8,FULL,0,0,0,0,0,0,0,1,1,1,1,1,1,1,False,False,True
engine_dp:1:step:592,engine_core_dp_step,1,32000x1000_b16,pure_decode,tp4dp2moetp1ep8,592,592,0,8,8,0,8,8,8,FULL:8,FULL,592,592,0,8,8,0,8,8,8,FULL:8,FULL,0,0,0,0,0,0,0,1,1,1,1,1,1,1,False,False,True
engine_dp:1:step:593,engine_core_dp_step,1,32000x1000_b16,pure_decode,tp4dp2moetp1ep8,593,593,0,8,8,0,8,8,8,FULL:8,FULL,593,593,0,8,8,0,8,8,8,FULL:8,FULL,0,0,0,0,0,0,0,1,1,1,1,1,1,1,False,False,True
engine_dp:1:step:594,engine_core_dp_step,1,32000x1000_b16,pure_decode,tp4dp2moetp1ep8,594,594,0,8,8,0,8,8,8,FULL:8,FULL,594,594,0,8,8,0,8,8,8,FULL:8,FULL,0,0,0,0,0,0,0,1,1,1,1,1,1,1,False,False,True
engine_dp:1:step:595,engine_core_dp_step,1,32000x1000_b16,pure_decode,tp4dp2moetp1ep8,595,595,0,8,8,0,8,8,8,FULL:8,FULL,595,595,0,8,8,0,8,8,8,FULL:8,FULL,0,0,0,0,0,0,0,1,1,1,1,1,1,1,False,False,True
engine_dp:1:step:596,engine_core_dp_step,1,32000x1000_b16,pure_decode,tp4dp2moetp1ep8,596,596,0,8,8,0,8,8,8,FULL:8,FULL,596,596,0,8,8,0,8,8,8,FULL:8,FULL,0,0,0,0,0,0,0,1,1,1,1,1,1,1,False,False,True
engine_dp:1:step:597,engine_core_dp_step,1,32000x1000_b16,pure_decode,tp4dp2moetp1ep8,597,597,0,8,8,0,8,8,8,FULL:8,FULL,597,597,0,8,8,0,8,8,8,FULL:8,FULL,0,0,0,0,0,0,0,1,1,1,1,1,1,1,False,False,True
engine_dp:1:step:598,engine_core_dp_step,1,32000x1000_b16,pure_decode,tp4dp2moetp1ep8,598,598,0,8,8,0,8,8,8,FULL:8,FULL,598,598,0,8,8,0,8,8,8,FULL:8,FULL,0,0,0,0,0,0,0,1,1,1,1,1,1,1,False,False,True
engine_dp:1:step:599,engine_core_dp_step,1,32000x1000_b16,pure_decode,tp4dp2moetp1ep8,599,599,0,8,8,0,8,8,8,FULL:8,FULL,599,599,0,8,8,0,8,8,8,FULL:8,FULL,0,0,0,0,0,0,0,1,1,1,1,1,1,1,False,False,True
engine_dp:1:step:600,engine_core_dp_step,1,32000x1000_b16,pure_decode,tp4dp2moetp1ep8,600,600,0,8,8,0,8,8,8,FULL:8,FULL,600,600,0,8,8,0,8,8,8,FULL:8,FULL,0,0,0,0,0,0,0,1,1,1,1,1,1,1,False,False,True
engine_dp:1:step:601,engine_core_dp_step,1,32000x1000_b16,pure_decode,tp4dp2moetp1ep8,601,601,0,8,8,0,8,8,8,FULL:8,FULL,601,601,0,8,8,0,8,8,8,FULL:8,FULL,0,0,0,0,0,0,0,1,1,1,1,1,1,1,False,False,True
engine_dp:1:step:602,engine_core_dp_step,1,32000x1000_b16,pure_decode,tp4dp2moetp1ep8,602,602,0,8,8,0,8,8,8,FULL:8,FULL,602,602,0,8,8,0,8,8,8,FULL:8,FULL,0,0,0,0,0,0,0,1,1,1,1,1,1,1,False,False,True
engine_dp:1:step:603,engine_core_dp_step,1,32000x1000_b16,pure_decode,tp4dp2moetp1ep8,603,603,0,8,8,0,8,8,8,FULL:8,FULL,603,603,0,8,8,0,8,8,8,FULL:8,FULL,0,0,0,0,0,0,0,1,1,1,1,1,1,1,False,False,True
engine_dp:1:step:604,engine_core_dp_step,1,32000x1000_b16,pure_decode,tp4dp2moetp1ep8,604,604,0,8,8,0,8,8,8,FULL:8,FULL,604,604,0,8,8,0,8,8,8,FULL:8,FULL,0,0,0,0,0,0,0,1,1,1,1,1,1,1,False,False,True
engine_dp:1:step:605,engine_core_dp_step,1,32000x1000_b16,pure_decode,tp4dp2moetp1ep8,605,605,0,8,8,0,8,8,8,FULL:8,FULL,605,605,0,8,8,0,8,8,8,FULL:8,FULL,0,0,0,0,0,0,0,1,1,1,1,1,1,1,False,False,True
engine_dp:1:step:606,engine_core_dp_step,1,32000x1000_b16,pure_decode,tp4dp2moetp1ep8,606,606,0,8,8,0,8,8,8,FULL:8,FULL,606,606,0,8,8,0,8,8,8,FULL:8,FULL,0,0,0,0,0,0,0,1,1,1,1,1,1,1,False,False,True
engine_dp:1:step:607,engine_core_dp_step,1,32000x1000_b16,pure_decode,tp4dp2moetp1ep8,607,607,0,8,8,0,8,8,8,FULL:8,FULL,607,607,0,8,8,0,8,8,8,FULL:8,FULL,0,0,0,0,0,0,0,1,1,1,1,1,1,1,False,False,True
engine_dp:1:step:608,engine_core_dp_step,1,32000x1000_b16,pure_decode,tp4dp2moetp1ep8,608,608,0,8,8,0,8,8,8,FULL:8,FULL,608,608,0,8,8,0,8,8,8,FULL:8,FULL,0,0,0,0,0,0,0,1,1,1,1,1,1,1,False,False,True
engine_dp:1:step:609,engine_core_dp_step,1,32000x1000_b16,pure_decode,tp4dp2moetp1ep8,609,609,0,8,8,0,8,8,8,FULL:8,FULL,609,609,0,8,8,0,8,8,8,FULL:8,FULL,0,0,0,0,0,0,0,1,1,1,1,1,1,1,False,False,True
engine_dp:1:step:610,engine_core_dp_step,1,32000x1000_b16,pure_decode,tp4dp2moetp1ep8,610,610,0,8,8,0,8,8,8,FULL:8,FULL,610,610,0,8,8,0,8,8,8,FULL:8,FULL,0,0,0,0,0,0,0,1,1,1,1,1,1,1,False,False,True
engine_dp:1:step:611,engine_core_dp_step,1,32000x1000_b16,pure_decode,tp4dp2moetp1ep8,611,611,0,8,8,0,8,8,8,FULL:8,FULL,611,611,0,8,8,0,8,8,8,FULL:8,FULL,0,0,0,0,0,0,0,1,1,1,1,1,1,1,False,False,True
engine_dp:1:step:612,engine_core_dp_step,1,32000x1000_b16,pure_decode,tp4dp2moetp1ep8,612,612,0,8,8,0,8,8,8,FULL:8,FULL,612,612,0,8,8,0,8,8,8,FULL:8,FULL,0,0,0,0,0,0,0,1,1,1,1,1,1,1,False,False,True
engine_dp:1:step:613,engine_core_dp_step,1,32000x1000_b16,pure_decode,tp4dp2moetp1ep8,613,613,0,8,8,0,8,8,8,FULL:8,FULL,613,613,0,8,8,0,8,8,8,FULL:8,FULL,0,0,0,0,0,0,0,1,1,1,1,1,1,1,False,False,True
engine_dp:1:step:614,engine_core_dp_step,1,32000x1000_b16,pure_decode,tp4dp2moetp1ep8,614,614,0,8,8,0,8,8,8,FULL:8,FULL,614,614,0,8,8,0,8,8,8,FULL:8,FULL,0,0,0,0,0,0,0,1,1,1,1,1,1,1,False,False,True
engine_dp:1:step:615,engine_core_dp_step,1,32000x1000_b16,pure_decode,tp4dp2moetp1ep8,615,615,0,8,8,0,8,8,8,FULL:8,FULL,615,615,0,8,8,0,8,8,8,FULL:8,FULL,0,0,0,0,0,0,0,1,1,1,1,1,1,1,False,False,True
engine_dp:1:step:616,engine_core_dp_step,1,32000x1000_b16,pure_decode,tp4dp2moetp1ep8,616,616,0,8,8,0,8,8,8,FULL:8,FULL,616,616,0,8,8,0,8,8,8,FULL:8,FULL,0,0,0,0,0,0,0,1,1,1,1,1,1,1,False,False,True
engine_dp:1:step:617,engine_core_dp_step,1,32000x1000_b16,pure_decode,tp4dp2moetp1ep8,617,617,0,8,8,0,8,8,8,FULL:8,FULL,617,617,0,8,8,0,8,8,8,FULL:8,FULL,0,0,0,0,0,0,0,1,1,1,1,1,1,1,False,False,True
engine_dp:1:step:618,engine_core_dp_step,1,32000x1000_b16,pure_decode,tp4dp2moetp1ep8,618,618,0,8,8,0,8,8,8,FULL:8,FULL,618,618,0,8,8,0,8,8,8,FULL:8,FULL,0,0,0,0,0,0,0,1,1,1,1,1,1,1,False,False,True
engine_dp:1:step:619,engine_core_dp_step,1,32000x1000_b16,pure_decode,tp4dp2moetp1ep8,619,619,0,8,8,0,8,8,8,FULL:8,FULL,619,619,0,8,8,0,8,8,8,FULL:8,FULL,0,0,0,0,0,0,0,1,1,1,1,1,1,1,False,False,True
engine_dp:1:step:620,engine_core_dp_step,1,32000x1000_b16,pure_decode,tp4dp2moetp1ep8,620,620,0,8,8,0,8,8,8,FULL:8,FULL,620,620,0,8,8,0,8,8,8,FULL:8,FULL,0,0,0,0,0,0,0,1,1,1,1,1,1,1,False,False,True
engine_dp:1:step:621,engine_core_dp_step,1,32000x1000_b16,pure_decode,tp4dp2moetp1ep8,621,621,0,8,8,0,8,8,8,FULL:8,FULL,621,621,0,8,8,0,8,8,8,FULL:8,FULL,0,0,0,0,0,0,0,1,1,1,1,1,1,1,False,False,True
engine_dp:1:step:622,engine_core_dp_step,1,32000x1000_b16,pure_decode,tp4dp2moetp1ep8,622,622,0,8,8,0,8,8,8,FULL:8,FULL,622,622,0,8,8,0,8,8,8,FULL:8,FULL,0,0,0,0,0,0,0,1,1,1,1,1,1,1,False,False,True
engine_dp:1:step:623,engine_core_dp_step,1,32000x1000_b16,pure_decode,tp4dp2moetp1ep8,623,623,0,8,8,0,8,8,8,FULL:8,FULL,623,623,0,8,8,0,8,8,8,FULL:8,FULL,0,0,0,0,0,0,0,1,1,1,1,1,1,1,False,False,True
engine_dp:1:step:624,engine_core_dp_step,1,32000x1000_b16,pure_decode,tp4dp2moetp1ep8,624,624,0,8,8,0,8,8,8,FULL:8,FULL,624,624,0,8,8,0,8,8,8,FULL:8,FULL,0,0,0,0,0,0,0,1,1,1,1,1,1,1,False,False,True
engine_dp:1:step:625,engine_core_dp_step,1,32000x1000_b16,pure_decode,tp4dp2moetp1ep8,625,625,0,8,8,0,8,8,8,FULL:8,FULL,625,625,0,8,8,0,8,8,8,FULL:8,FULL,0,0,0,0,0,0,0,1,1,1,1,1,1,1,False,False,True
engine_dp:1:step:626,engine_core_dp_step,1,32000x1000_b16,pure_decode,tp4dp2moetp1ep8,626,626,0,8,8,0,8,8,8,FULL:8,FULL,626,626,0,8,8,0,8,8,8,FULL:8,FULL,0,0,0,0,0,0,0,1,1,1,1,1,1,1,False,False,True
engine_dp:1:step:627,engine_core_dp_step,1,32000x1000_b16,pure_decode,tp4dp2moetp1ep8,627,627,0,8,8,0,8,8,8,FULL:8,FULL,627,627,0,8,8,0,8,8,8,FULL:8,FULL,0,0,0,0,0,0,0,1,1,1,1,1,1,1,False,False,True
engine_dp:1:step:628,engine_core_dp_step,1,32000x1000_b16,pure_decode,tp4dp2moetp1ep8,628,628,0,8,8,0,8,8,8,FULL:8,FULL,628,628,0,8,8,0,8,8,8,FULL:8,FULL,0,0,0,0,0,0,0,1,1,1,1,1,1,1,False,False,True
engine_dp:1:step:629,engine_core_dp_step,1,32000x1000_b16,pure_decode,tp4dp2moetp1ep8,629,629,0,8,8,0,8,8,8,FULL:8,FULL,629,629,0,8,8,0,8,8,8,FULL:8,FULL,0,0,0,0,0,0,0,1,1,1,1,1,1,1,False,False,True
engine_dp:1:step:630,engine_core_dp_step,1,32000x1000_b16,pure_decode,tp4dp2moetp1ep8,630,630,0,8,8,0,8,8,8,FULL:8,FULL,630,630,0,8,8,0,8,8,8,FULL:8,FULL,0,0,0,0,0,0,0,1,1,1,1,1,1,1,False,False,True
engine_dp:1:step:631,engine_core_dp_step,1,32000x1000_b16,pure_decode,tp4dp2moetp1ep8,631,631,0,8,8,0,8,8,8,FULL:8,FULL,631,631,0,8,8,0,8,8,8,FULL:8,FULL,0,0,0,0,0,0,0,1,1,1,1,1,1,1,False,False,True
engine_dp:1:step:632,engine_core_dp_step,1,32000x1000_b16,pure_decode,tp4dp2moetp1ep8,632,632,0,8,8,0,8,8,8,FULL:8,FULL,632,632,0,8,8,0,8,8,8,FULL:8,FULL,0,0,0,0,0,0,0,1,1,1,1,1,1,1,False,False,True
engine_dp:1:step:633,engine_core_dp_step,1,32000x1000_b16,pure_decode,tp4dp2moetp1ep8,633,633,0,8,8,0,8,8,8,FULL:8,FULL,633,633,0,8,8,0,8,8,8,FULL:8,FULL,0,0,0,0,0,0,0,1,1,1,1,1,1,1,False,False,True
engine_dp:1:step:634,engine_core_dp_step,1,32000x1000_b16,pure_decode,tp4dp2moetp1ep8,634,634,0,8,8,0,8,8,8,FULL:8,FULL,634,634,0,8,8,0,8,8,8,FULL:8,FULL,0,0,0,0,0,0,0,1,1,1,1,1,1,1,False,False,True
engine_dp:1:step:635,engine_core_dp_step,1,32000x1000_b16,pure_decode,tp4dp2moetp1ep8,635,635,0,8,8,0,8,8,8,FULL:8,FULL,635,635,0,8,8,0,8,8,8,FULL:8,FULL,0,0,0,0,0,0,0,1,1,1,1,1,1,1,False,False,True
engine_dp:1:step:636,engine_core_dp_step,1,32000x1000_b16,pure_decode,tp4dp2moetp1ep8,636,636,0,8,8,0,8,8,8,FULL:8,FULL,636,636,0,8,8,0,8,8,8,FULL:8,FULL,0,0,0,0,0,0,0,1,1,1,1,1,1,1,False,False,True
engine_dp:1:step:637,engine_core_dp_step,1,32000x1000_b16,pure_decode,tp4dp2moetp1ep8,637,637,0,8,8,0,8,8,8,FULL:8,FULL,637,637,0,8,8,0,8,8,8,FULL:8,FULL,0,0,0,0,0,0,0,1,1,1,1,1,1,1,False,False,True
engine_dp:1:step:638,engine_core_dp_step,1,32000x1000_b16,pure_decode,tp4dp2moetp1ep8,638,638,0,8,8,0,8,8,8,FULL:8,FULL,638,638,0,8,8,0,8,8,8,FULL:8,FULL,0,0,0,0,0,0,0,1,1,1,1,1,1,1,False,False,True
engine_dp:1:step:639,engine_core_dp_step,1,32000x1000_b16,pure_decode,tp4dp2moetp1ep8,639,639,0,8,8,0,8,8,8,FULL:8,FULL,639,639,0,8,8,0,8,8,8,FULL:8,FULL,0,0,0,0,0,0,0,1,1,1,1,1,1,1,False,False,True
engine_dp:1:step:640,engine_core_dp_step,1,32000x1000_b16,pure_decode,tp4dp2moetp1ep8,640,640,0,8,8,0,8,8,8,FULL:8,FULL,640,640,0,8,8,0,8,8,8,FULL:8,FULL,0,0,0,0,0,0,0,1,1,1,1,1,1,1,False,False,True
engine_dp:1:step:641,engine_core_dp_step,1,32000x1000_b16,pure_decode,tp4dp2moetp1ep8,641,641,0,8,8,0,8,8,8,FULL:8,FULL,641,641,0,8,8,0,8,8,8,FULL:8,FULL,0,0,0,0,0,0,0,1,1,1,1,1,1,1,False,False,True
engine_dp:1:step:642,engine_core_dp_step,1,32000x1000_b16,pure_decode,tp4dp2moetp1ep8,642,642,0,8,8,0,8,8,8,FULL:8,FULL,642,642,0,8,8,0,8,8,8,FULL:8,FULL,0,0,0,0,0,0,0,1,1,1,1,1,1,1,False,False,True
engine_dp:1:step:643,engine_core_dp_step,1,32000x1000_b16,pure_decode,tp4dp2moetp1ep8,643,643,0,8,8,0,8,8,8,FULL:8,FULL,643,643,0,8,8,0,8,8,8,FULL:8,FULL,0,0,0,0,0,0,0,1,1,1,1,1,1,1,False,False,True
engine_dp:1:step:644,engine_core_dp_step,1,32000x1000_b16,pure_decode,tp4dp2moetp1ep8,644,644,0,8,8,0,8,8,8,FULL:8,FULL,644,644,0,8,8,0,8,8,8,FULL:8,FULL,0,0,0,0,0,0,0,1,1,1,1,1,1,1,False,False,True
engine_dp:1:step:645,engine_core_dp_step,1,32000x1000_b16,pure_decode,tp4dp2moetp1ep8,645,645,0,8,8,0,8,8,8,FULL:8,FULL,645,645,0,8,8,0,8,8,8,FULL:8,FULL,0,0,0,0,0,0,0,1,1,1,1,1,1,1,False,False,True
engine_dp:1:step:646,engine_core_dp_step,1,32000x1000_b16,pure_decode,tp4dp2moetp1ep8,646,646,0,8,8,0,8,8,8,FULL:8,FULL,646,646,0,8,8,0,8,8,8,FULL:8,FULL,0,0,0,0,0,0,0,1,1,1,1,1,1,1,False,False,True
engine_dp:1:step:647,engine_core_dp_step,1,32000x1000_b16,pure_decode,tp4dp2moetp1ep8,647,647,0,8,8,0,8,8,8,FULL:8,FULL,647,647,0,8,8,0,8,8,8,FULL:8,FULL,0,0,0,0,0,0,0,1,1,1,1,1,1,1,False,False,True
engine_dp:1:step:648,engine_core_dp_step,1,32000x1000_b16,pure_decode,tp4dp2moetp1ep8,648,648,0,8,8,0,8,8,8,FULL:8,FULL,648,648,0,8,8,0,8,8,8,FULL:8,FULL,0,0,0,0,0,0,0,1,1,1,1,1,1,1,False,False,True
engine_dp:1:step:649,engine_core_dp_step,1,32000x1000_b16,pure_decode,tp4dp2moetp1ep8,649,649,0,8,8,0,8,8,8,FULL:8,FULL,649,649,0,8,8,0,8,8,8,FULL:8,FULL,0,0,0,0,0,0,0,1,1,1,1,1,1,1,False,False,True
engine_dp:1:step:650,engine_core_dp_step,1,32000x1000_b16,pure_decode,tp4dp2moetp1ep8,650,650,0,8,8,0,8,8,8,FULL:8,FULL,650,650,0,8,8,0,8,8,8,FULL:8,FULL,0,0,0,0,0,0,0,1,1,1,1,1,1,1,False,False,True
engine_dp:1:step:651,engine_core_dp_step,1,32000x1000_b16,pure_decode,tp4dp2moetp1ep8,651,651,0,8,8,0,8,8,8,FULL:8,FULL,651,651,0,8,8,0,8,8,8,FULL:8,FULL,0,0,0,0,0,0,0,1,1,1,1,1,1,1,False,False,True
engine_dp:1:step:652,engine_core_dp_step,1,32000x1000_b16,pure_decode,tp4dp2moetp1ep8,652,652,0,8,8,0,8,8,8,FULL:8,FULL,652,652,0,8,8,0,8,8,8,FULL:8,FULL,0,0,0,0,0,0,0,1,1,1,1,1,1,1,False,False,True
engine_dp:1:step:653,engine_core_dp_step,1,32000x1000_b16,pure_decode,tp4dp2moetp1ep8,653,653,0,8,8,0,8,8,8,FULL:8,FULL,653,653,0,8,8,0,8,8,8,FULL:8,FULL,0,0,0,0,0,0,0,1,1,1,1,1,1,1,False,False,True
engine_dp:1:step:654,engine_core_dp_step,1,32000x1000_b16,pure_decode,tp4dp2moetp1ep8,654,654,0,8,8,0,8,8,8,FULL:8,FULL,654,654,0,8,8,0,8,8,8,FULL:8,FULL,0,0,0,0,0,0,0,1,1,1,1,1,1,1,False,False,True
engine_dp:1:step:655,engine_core_dp_step,1,32000x1000_b16,pure_decode,tp4dp2moetp1ep8,655,655,0,8,8,0,8,8,8,FULL:8,FULL,655,655,0,8,8,0,8,8,8,FULL:8,FULL,0,0,0,0,0,0,0,1,1,1,1,1,1,1,False,False,True
engine_dp:1:step:656,engine_core_dp_step,1,32000x1000_b16,pure_decode,tp4dp2moetp1ep8,656,656,0,8,8,0,8,8,8,FULL:8,FULL,656,656,0,8,8,0,8,8,8,FULL:8,FULL,0,0,0,0,0,0,0,1,1,1,1,1,1,1,False,False,True
engine_dp:1:step:657,engine_core_dp_step,1,32000x1000_b16,pure_decode,tp4dp2moetp1ep8,657,657,0,8,8,0,8,8,8,FULL:8,FULL,657,657,0,8,8,0,8,8,8,FULL:8,FULL,0,0,0,0,0,0,0,1,1,1,1,1,1,1,False,False,True
engine_dp:1:step:658,engine_core_dp_step,1,32000x1000_b16,pure_decode,tp4dp2moetp1ep8,658,658,0,8,8,0,8,8,8,FULL:8,FULL,658,658,0,8,8,0,8,8,8,FULL:8,FULL,0,0,0,0,0,0,0,1,1,1,1,1,1,1,False,False,True
engine_dp:1:step:659,engine_core_dp_step,1,32000x1000_b16,pure_decode,tp4dp2moetp1ep8,659,659,0,8,8,0,8,8,8,FULL:8,FULL,659,659,0,8,8,0,8,8,8,FULL:8,FULL,0,0,0,0,0,0,0,1,1,1,1,1,1,1,False,False,True
engine_dp:1:step:660,engine_core_dp_step,1,32000x1000_b16,pure_decode,tp4dp2moetp1ep8,660,660,0,8,8,0,8,8,8,FULL:8,FULL,660,660,0,8,8,0,8,8,8,FULL:8,FULL,0,0,0,0,0,0,0,1,1,1,1,1,1,1,False,False,True
engine_dp:1:step:661,engine_core_dp_step,1,32000x1000_b16,pure_decode,tp4dp2moetp1ep8,661,661,0,8,8,0,8,8,8,FULL:8,FULL,661,661,0,8,8,0,8,8,8,FULL:8,FULL,0,0,0,0,0,0,0,1,1,1,1,1,1,1,False,False,True
engine_dp:1:step:662,engine_core_dp_step,1,32000x1000_b16,pure_decode,tp4dp2moetp1ep8,662,662,0,8,8,0,8,8,8,FULL:8,FULL,662,662,0,8,8,0,8,8,8,FULL:8,FULL,0,0,0,0,0,0,0,1,1,1,1,1,1,1,False,False,True
engine_dp:1:step:663,engine_core_dp_step,1,32000x1000_b16,pure_decode,tp4dp2moetp1ep8,663,663,0,8,8,0,8,8,8,FULL:8,FULL,663,663,0,8,8,0,8,8,8,FULL:8,FULL,0,0,0,0,0,0,0,1,1,1,1,1,1,1,False,False,True
engine_dp:1:step:664,engine_core_dp_step,1,32000x1000_b16,pure_decode,tp4dp2moetp1ep8,664,664,0,8,8,0,8,8,8,FULL:8,FULL,664,664,0,8,8,0,8,8,8,FULL:8,FULL,0,0,0,0,0,0,0,1,1,1,1,1,1,1,False,False,True
engine_dp:1:step:665,engine_core_dp_step,1,32000x1000_b16,pure_decode,tp4dp2moetp1ep8,665,665,0,8,8,0,8,8,8,FULL:8,FULL,665,665,0,8,8,0,8,8,8,FULL:8,FULL,0,0,0,0,0,0,0,1,1,1,1,1,1,1,False,False,True
engine_dp:1:step:666,engine_core_dp_step,1,32000x1000_b16,pure_decode,tp4dp2moetp1ep8,666,666,0,8,8,0,8,8,8,FULL:8,FULL,666,666,0,8,8,0,8,8,8,FULL:8,FULL,0,0,0,0,0,0,0,1,1,1,1,1,1,1,False,False,True
engine_dp:1:step:667,engine_core_dp_step,1,32000x1000_b16,pure_decode,tp4dp2moetp1ep8,667,667,0,8,8,0,8,8,8,FULL:8,FULL,667,667,0,8,8,0,8,8,8,FULL:8,FULL,0,0,0,0,0,0,0,1,1,1,1,1,1,1,False,False,True
engine_dp:1:step:668,engine_core_dp_step,1,32000x1000_b16,pure_decode,tp4dp2moetp1ep8,668,668,0,8,8,0,8,8,8,FULL:8,FULL,668,668,0,8,8,0,8,8,8,FULL:8,FULL,0,0,0,0,0,0,0,1,1,1,1,1,1,1,False,False,True
engine_dp:1:step:669,engine_core_dp_step,1,32000x1000_b16,pure_decode,tp4dp2moetp1ep8,669,669,0,8,8,0,8,8,8,FULL:8,FULL,669,669,0,8,8,0,8,8,8,FULL:8,FULL,0,0,0,0,0,0,0,1,1,1,1,1,1,1,False,False,True
engine_dp:1:step:670,engine_core_dp_step,1,32000x1000_b16,pure_decode,tp4dp2moetp1ep8,670,670,0,8,8,0,8,8,8,FULL:8,FULL,670,670,0,8,8,0,8,8,8,FULL:8,FULL,0,0,0,0,0,0,0,1,1,1,1,1,1,1,False,False,True
engine_dp:1:step:671,engine_core_dp_step,1,32000x1000_b16,pure_decode,tp4dp2moetp1ep8,671,671,0,8,8,0,8,8,8,FULL:8,FULL,671,671,0,8,8,0,8,8,8,FULL:8,FULL,0,0,0,0,0,0,0,1,1,1,1,1,1,1,False,False,True
engine_dp:1:step:672,engine_core_dp_step,1,32000x1000_b16,pure_decode,tp4dp2moetp1ep8,672,672,0,8,8,0,8,8,8,FULL:8,FULL,672,672,0,8,8,0,8,8,8,FULL:8,FULL,0,0,0,0,0,0,0,1,1,1,1,1,1,1,False,False,True
engine_dp:1:step:673,engine_core_dp_step,1,32000x1000_b16,pure_decode,tp4dp2moetp1ep8,673,673,0,8,8,0,8,8,8,FULL:8,FULL,673,673,0,8,8,0,8,8,8,FULL:8,FULL,0,0,0,0,0,0,0,1,1,1,1,1,1,1,False,False,True
engine_dp:1:step:674,engine_core_dp_step,1,32000x1000_b16,pure_decode,tp4dp2moetp1ep8,674,674,0,8,8,0,8,8,8,FULL:8,FULL,674,674,0,8,8,0,8,8,8,FULL:8,FULL,0,0,0,0,0,0,0,1,1,1,1,1,1,1,False,False,True
engine_dp:1:step:675,engine_core_dp_step,1,32000x1000_b16,pure_decode,tp4dp2moetp1ep8,675,675,0,8,8,0,8,8,8,FULL:8,FULL,675,675,0,8,8,0,8,8,8,FULL:8,FULL,0,0,0,0,0,0,0,1,1,1,1,1,1,1,False,False,True
engine_dp:1:step:676,engine_core_dp_step,1,32000x1000_b16,pure_decode,tp4dp2moetp1ep8,676,676,0,8,8,0,8,8,8,FULL:8,FULL,676,676,0,8,8,0,8,8,8,FULL:8,FULL,0,0,0,0,0,0,0,1,1,1,1,1,1,1,False,False,True
engine_dp:1:step:677,engine_core_dp_step,1,32000x1000_b16,pure_decode,tp4dp2moetp1ep8,677,677,0,8,8,0,8,8,8,FULL:8,FULL,677,677,0,8,8,0,8,8,8,FULL:8,FULL,0,0,0,0,0,0,0,1,1,1,1,1,1,1,False,False,True
engine_dp:1:step:678,engine_core_dp_step,1,32000x1000_b16,pure_decode,tp4dp2moetp1ep8,678,678,0,8,8,0,8,8,8,FULL:8,FULL,678,678,0,8,8,0,8,8,8,FULL:8,FULL,0,0,0,0,0,0,0,1,1,1,1,1,1,1,False,False,True
engine_dp:1:step:679,engine_core_dp_step,1,32000x1000_b16,pure_decode,tp4dp2moetp1ep8,679,679,0,8,8,0,8,8,8,FULL:8,FULL,679,679,0,8,8,0,8,8,8,FULL:8,FULL,0,0,0,0,0,0,0,1,1,1,1,1,1,1,False,False,True
engine_dp:1:step:680,engine_core_dp_step,1,32000x1000_b16,pure_decode,tp4dp2moetp1ep8,680,680,0,8,8,0,8,8,8,FULL:8,FULL,680,680,0,8,8,0,8,8,8,FULL:8,FULL,0,0,0,0,0,0,0,1,1,1,1,1,1,1,False,False,True
engine_dp:1:step:681,engine_core_dp_step,1,32000x1000_b16,pure_decode,tp4dp2moetp1ep8,681,681,0,8,8,0,8,8,8,FULL:8,FULL,681,681,0,8,8,0,8,8,8,FULL:8,FULL,0,0,0,0,0,0,0,1,1,1,1,1,1,1,False,False,True
engine_dp:1:step:682,engine_core_dp_step,1,32000x1000_b16,pure_decode,tp4dp2moetp1ep8,682,682,0,8,8,0,8,8,8,FULL:8,FULL,682,682,0,8,8,0,8,8,8,FULL:8,FULL,0,0,0,0,0,0,0,1,1,1,1,1,1,1,False,False,True
engine_dp:1:step:683,engine_core_dp_step,1,32000x1000_b16,pure_decode,tp4dp2moetp1ep8,683,683,0,8,8,0,8,8,8,FULL:8,FULL,683,683,0,8,8,0,8,8,8,FULL:8,FULL,0,0,0,0,0,0,0,1,1,1,1,1,1,1,False,False,True
engine_dp:1:step:684,engine_core_dp_step,1,32000x1000_b16,pure_decode,tp4dp2moetp1ep8,684,684,0,8,8,0,8,8,8,FULL:8,FULL,684,684,0,8,8,0,8,8,8,FULL:8,FULL,0,0,0,0,0,0,0,1,1,1,1,1,1,1,False,False,True
engine_dp:1:step:685,engine_core_dp_step,1,32000x1000_b16,pure_decode,tp4dp2moetp1ep8,685,685,0,8,8,0,8,8,8,FULL:8,FULL,685,685,0,8,8,0,8,8,8,FULL:8,FULL,0,0,0,0,0,0,0,1,1,1,1,1,1,1,False,False,True
engine_dp:1:step:686,engine_core_dp_step,1,32000x1000_b16,pure_decode,tp4dp2moetp1ep8,686,686,0,8,8,0,8,8,8,FULL:8,FULL,686,686,0,8,8,0,8,8,8,FULL:8,FULL,0,0,0,0,0,0,0,1,1,1,1,1,1,1,False,False,True
engine_dp:1:step:687,engine_core_dp_step,1,32000x1000_b16,pure_decode,tp4dp2moetp1ep8,687,687,0,8,8,0,8,8,8,FULL:8,FULL,687,687,0,8,8,0,8,8,8,FULL:8,FULL,0,0,0,0,0,0,0,1,1,1,1,1,1,1,False,False,True
engine_dp:1:step:688,engine_core_dp_step,1,32000x1000_b16,pure_decode,tp4dp2moetp1ep8,688,688,0,8,8,0,8,8,8,FULL:8,FULL,688,688,0,8,8,0,8,8,8,FULL:8,FULL,0,0,0,0,0,0,0,1,1,1,1,1,1,1,False,False,True
engine_dp:1:step:689,engine_core_dp_step,1,32000x1000_b16,pure_decode,tp4dp2moetp1ep8,689,689,0,8,8,0,8,8,8,FULL:8,FULL,689,689,0,8,8,0,8,8,8,FULL:8,FULL,0,0,0,0,0,0,0,1,1,1,1,1,1,1,False,False,True
engine_dp:1:step:690,engine_core_dp_step,1,32000x1000_b16,pure_decode,tp4dp2moetp1ep8,690,690,0,8,8,0,8,8,8,FULL:8,FULL,690,690,0,8,8,0,8,8,8,FULL:8,FULL,0,0,0,0,0,0,0,1,1,1,1,1,1,1,False,False,True
engine_dp:1:step:691,engine_core_dp_step,1,32000x1000_b16,pure_decode,tp4dp2moetp1ep8,691,691,0,8,8,0,8,8,8,FULL:8,FULL,691,691,0,8,8,0,8,8,8,FULL:8,FULL,0,0,0,0,0,0,0,1,1,1,1,1,1,1,False,False,True
engine_dp:1:step:692,engine_core_dp_step,1,32000x1000_b16,pure_decode,tp4dp2moetp1ep8,692,692,0,8,8,0,8,8,8,FULL:8,FULL,692,692,0,8,8,0,8,8,8,FULL:8,FULL,0,0,0,0,0,0,0,1,1,1,1,1,1,1,False,False,True
engine_dp:1:step:693,engine_core_dp_step,1,32000x1000_b16,pure_decode,tp4dp2moetp1ep8,693,693,0,8,8,0,8,8,8,FULL:8,FULL,693,693,0,8,8,0,8,8,8,FULL:8,FULL,0,0,0,0,0,0,0,1,1,1,1,1,1,1,False,False,True
engine_dp:1:step:694,engine_core_dp_step,1,32000x1000_b16,pure_decode,tp4dp2moetp1ep8,694,694,0,8,8,0,8,8,8,FULL:8,FULL,694,694,0,8,8,0,8,8,8,FULL:8,FULL,0,0,0,0,0,0,0,1,1,1,1,1,1,1,False,False,True
engine_dp:1:step:695,engine_core_dp_step,1,32000x1000_b16,pure_decode,tp4dp2moetp1ep8,695,695,0,8,8,0,8,8,8,FULL:8,FULL,695,695,0,8,8,0,8,8,8,FULL:8,FULL,0,0,0,0,0,0,0,1,1,1,1,1,1,1,False,False,True
engine_dp:1:step:696,engine_core_dp_step,1,32000x1000_b16,pure_decode,tp4dp2moetp1ep8,696,696,0,8,8,0,8,8,8,FULL:8,FULL,696,696,0,8,8,0,8,8,8,FULL:8,FULL,0,0,0,0,0,0,0,1,1,1,1,1,1,1,False,False,True
engine_dp:1:step:697,engine_core_dp_step,1,32000x1000_b16,pure_decode,tp4dp2moetp1ep8,697,697,0,8,8,0,8,8,8,FULL:8,FULL,697,697,0,8,8,0,8,8,8,FULL:8,FULL,0,0,0,0,0,0,0,1,1,1,1,1,1,1,False,False,True
engine_dp:1:step:698,engine_core_dp_step,1,32000x1000_b16,pure_decode,tp4dp2moetp1ep8,698,698,0,8,8,0,8,8,8,FULL:8,FULL,698,698,0,8,8,0,8,8,8,FULL:8,FULL,0,0,0,0,0,0,0,1,1,1,1,1,1,1,False,False,True
engine_dp:1:step:699,engine_core_dp_step,1,32000x1000_b16,pure_decode,tp4dp2moetp1ep8,699,699,0,8,8,0,8,8,8,FULL:8,FULL,699,699,0,8,8,0,8,8,8,FULL:8,FULL,0,0,0,0,0,0,0,1,1,1,1,1,1,1,False,False,True
engine_dp:1:step:700,engine_core_dp_step,1,32000x1000_b16,pure_decode,tp4dp2moetp1ep8,700,700,0,8,8,0,8,8,8,FULL:8,FULL,700,700,0,8,8,0,8,8,8,FULL:8,FULL,0,0,0,0,0,0,0,1,1,1,1,1,1,1,False,False,True
engine_dp:1:step:701,engine_core_dp_step,1,32000x1000_b16,pure_decode,tp4dp2moetp1ep8,701,701,0,8,8,0,8,8,8,FULL:8,FULL,701,701,0,8,8,0,8,8,8,FULL:8,FULL,0,0,0,0,0,0,0,1,1,1,1,1,1,1,False,False,True
engine_dp:1:step:702,engine_core_dp_step,1,32000x1000_b16,pure_decode,tp4dp2moetp1ep8,702,702,0,8,8,0,8,8,8,FULL:8,FULL,702,702,0,8,8,0,8,8,8,FULL:8,FULL,0,0,0,0,0,0,0,1,1,1,1,1,1,1,False,False,True
engine_dp:1:step:703,engine_core_dp_step,1,32000x1000_b16,pure_decode,tp4dp2moetp1ep8,703,703,0,8,8,0,8,8,8,FULL:8,FULL,703,703,0,8,8,0,8,8,8,FULL:8,FULL,0,0,0,0,0,0,0,1,1,1,1,1,1,1,False,False,True
engine_dp:1:step:704,engine_core_dp_step,1,32000x1000_b16,pure_decode,tp4dp2moetp1ep8,704,704,0,8,8,0,8,8,8,FULL:8,FULL,704,704,0,8,8,0,8,8,8,FULL:8,FULL,0,0,0,0,0,0,0,1,1,1,1,1,1,1,False,False,True
engine_dp:1:step:705,engine_core_dp_step,1,32000x1000_b16,pure_decode,tp4dp2moetp1ep8,705,705,0,8,8,0,8,8,8,FULL:8,FULL,705,705,0,8,8,0,8,8,8,FULL:8,FULL,0,0,0,0,0,0,0,1,1,1,1,1,1,1,False,False,True
engine_dp:1:step:706,engine_core_dp_step,1,32000x1000_b16,pure_decode,tp4dp2moetp1ep8,706,706,0,8,8,0,8,8,8,FULL:8,FULL,706,706,0,8,8,0,8,8,8,FULL:8,FULL,0,0,0,0,0,0,0,1,1,1,1,1,1,1,False,False,True
engine_dp:1:step:707,engine_core_dp_step,1,32000x1000_b16,pure_decode,tp4dp2moetp1ep8,707,707,0,8,8,0,8,8,8,FULL:8,FULL,707,707,0,8,8,0,8,8,8,FULL:8,FULL,0,0,0,0,0,0,0,1,1,1,1,1,1,1,False,False,True
engine_dp:1:step:708,engine_core_dp_step,1,32000x1000_b16,pure_decode,tp4dp2moetp1ep8,708,708,0,8,8,0,8,8,8,FULL:8,FULL,708,708,0,8,8,0,8,8,8,FULL:8,FULL,0,0,0,0,0,0,0,1,1,1,1,1,1,1,False,False,True
engine_dp:1:step:709,engine_core_dp_step,1,32000x1000_b16,pure_decode,tp4dp2moetp1ep8,709,709,0,8,8,0,8,8,8,FULL:8,FULL,709,709,0,8,8,0,8,8,8,FULL:8,FULL,0,0,0,0,0,0,0,1,1,1,1,1,1,1,False,False,True
engine_dp:1:step:710,engine_core_dp_step,1,32000x1000_b16,pure_decode,tp4dp2moetp1ep8,710,710,0,8,8,0,8,8,8,FULL:8,FULL,710,710,0,8,8,0,8,8,8,FULL:8,FULL,0,0,0,0,0,0,0,1,1,1,1,1,1,1,False,False,True
engine_dp:1:step:711,engine_core_dp_step,1,32000x1000_b16,pure_decode,tp4dp2moetp1ep8,711,711,0,8,8,0,8,8,8,FULL:8,FULL,711,711,0,8,8,0,8,8,8,FULL:8,FULL,0,0,0,0,0,0,0,1,1,1,1,1,1,1,False,False,True
engine_dp:1:step:712,engine_core_dp_step,1,32000x1000_b16,pure_decode,tp4dp2moetp1ep8,712,712,0,8,8,0,8,8,8,FULL:8,FULL,712,712,0,8,8,0,8,8,8,FULL:8,FULL,0,0,0,0,0,0,0,1,1,1,1,1,1,1,False,False,True
engine_dp:1:step:713,engine_core_dp_step,1,32000x1000_b16,pure_decode,tp4dp2moetp1ep8,713,713,0,8,8,0,8,8,8,FULL:8,FULL,713,713,0,8,8,0,8,8,8,FULL:8,FULL,0,0,0,0,0,0,0,1,1,1,1,1,1,1,False,False,True
engine_dp:1:step:714,engine_core_dp_step,1,32000x1000_b16,pure_decode,tp4dp2moetp1ep8,714,714,0,8,8,0,8,8,8,FULL:8,FULL,714,714,0,8,8,0,8,8,8,FULL:8,FULL,0,0,0,0,0,0,0,1,1,1,1,1,1,1,False,False,True
engine_dp:1:step:715,engine_core_dp_step,1,32000x1000_b16,pure_decode,tp4dp2moetp1ep8,715,715,0,8,8,0,8,8,8,FULL:8,FULL,715,715,0,8,8,0,8,8,8,FULL:8,FULL,0,0,0,0,0,0,0,1,1,1,1,1,1,1,False,False,True
engine_dp:1:step:716,engine_core_dp_step,1,32000x1000_b16,pure_decode,tp4dp2moetp1ep8,716,716,0,8,8,0,8,8,8,FULL:8,FULL,716,716,0,8,8,0,8,8,8,FULL:8,FULL,0,0,0,0,0,0,0,1,1,1,1,1,1,1,False,False,True
engine_dp:1:step:717,engine_core_dp_step,1,32000x1000_b16,pure_decode,tp4dp2moetp1ep8,717,717,0,8,8,0,8,8,8,FULL:8,FULL,717,717,0,8,8,0,8,8,8,FULL:8,FULL,0,0,0,0,0,0,0,1,1,1,1,1,1,1,False,False,True
engine_dp:1:step:718,engine_core_dp_step,1,32000x1000_b16,pure_decode,tp4dp2moetp1ep8,718,718,0,8,8,0,8,8,8,FULL:8,FULL,718,718,0,8,8,0,8,8,8,FULL:8,FULL,0,0,0,0,0,0,0,1,1,1,1,1,1,1,False,False,True
engine_dp:1:step:719,engine_core_dp_step,1,32000x1000_b16,pure_decode,tp4dp2moetp1ep8,719,719,0,8,8,0,8,8,8,FULL:8,FULL,719,719,0,8,8,0,8,8,8,FULL:8,FULL,0,0,0,0,0,0,0,1,1,1,1,1,1,1,False,False,True
engine_dp:1:step:720,engine_core_dp_step,1,32000x1000_b16,pure_decode,tp4dp2moetp1ep8,720,720,0,8,8,0,8,8,8,FULL:8,FULL,720,720,0,8,8,0,8,8,8,FULL:8,FULL,0,0,0,0,0,0,0,1,1,1,1,1,1,1,False,False,True
engine_dp:1:step:721,engine_core_dp_step,1,32000x1000_b16,pure_decode,tp4dp2moetp1ep8,721,721,0,8,8,0,8,8,8,FULL:8,FULL,721,721,0,8,8,0,8,8,8,FULL:8,FULL,0,0,0,0,0,0,0,1,1,1,1,1,1,1,False,False,True
engine_dp:1:step:722,engine_core_dp_step,1,32000x1000_b16,pure_decode,tp4dp2moetp1ep8,722,722,0,8,8,0,8,8,8,FULL:8,FULL,722,722,0,8,8,0,8,8,8,FULL:8,FULL,0,0,0,0,0,0,0,1,1,1,1,1,1,1,False,False,True
engine_dp:1:step:723,engine_core_dp_step,1,32000x1000_b16,pure_decode,tp4dp2moetp1ep8,723,723,0,8,8,0,8,8,8,FULL:8,FULL,723,723,0,8,8,0,8,8,8,FULL:8,FULL,0,0,0,0,0,0,0,1,1,1,1,1,1,1,False,False,True
engine_dp:1:step:724,engine_core_dp_step,1,32000x1000_b16,pure_decode,tp4dp2moetp1ep8,724,724,0,8,8,0,8,8,8,FULL:8,FULL,724,724,0,8,8,0,8,8,8,FULL:8,FULL,0,0,0,0,0,0,0,1,1,1,1,1,1,1,False,False,True
engine_dp:1:step:725,engine_core_dp_step,1,32000x1000_b16,pure_decode,tp4dp2moetp1ep8,725,725,0,8,8,0,8,8,8,FULL:8,FULL,725,725,0,8,8,0,8,8,8,FULL:8,FULL,0,0,0,0,0,0,0,1,1,1,1,1,1,1,False,False,True
engine_dp:1:step:726,engine_core_dp_step,1,32000x1000_b16,pure_decode,tp4dp2moetp1ep8,726,726,0,8,8,0,8,8,8,FULL:8,FULL,726,726,0,8,8,0,8,8,8,FULL:8,FULL,0,0,0,0,0,0,0,1,1,1,1,1,1,1,False,False,True
engine_dp:1:step:727,engine_core_dp_step,1,32000x1000_b16,pure_decode,tp4dp2moetp1ep8,727,727,0,8,8,0,8,8,8,FULL:8,FULL,727,727,0,8,8,0,8,8,8,FULL:8,FULL,0,0,0,0,0,0,0,1,1,1,1,1,1,1,False,False,True
engine_dp:1:step:728,engine_core_dp_step,1,32000x1000_b16,pure_decode,tp4dp2moetp1ep8,728,728,0,8,8,0,8,8,8,FULL:8,FULL,728,728,0,8,8,0,8,8,8,FULL:8,FULL,0,0,0,0,0,0,0,1,1,1,1,1,1,1,False,False,True
engine_dp:1:step:729,engine_core_dp_step,1,32000x1000_b16,pure_decode,tp4dp2moetp1ep8,729,729,0,8,8,0,8,8,8,FULL:8,FULL,729,729,0,8,8,0,8,8,8,FULL:8,FULL,0,0,0,0,0,0,0,1,1,1,1,1,1,1,False,False,True
engine_dp:1:step:730,engine_core_dp_step,1,32000x1000_b16,pure_decode,tp4dp2moetp1ep8,730,730,0,8,8,0,8,8,8,FULL:8,FULL,730,730,0,8,8,0,8,8,8,FULL:8,FULL,0,0,0,0,0,0,0,1,1,1,1,1,1,1,False,False,True
engine_dp:1:step:731,engine_core_dp_step,1,32000x1000_b16,pure_decode,tp4dp2moetp1ep8,731,731,0,8,8,0,8,8,8,FULL:8,FULL,731,731,0,8,8,0,8,8,8,FULL:8,FULL,0,0,0,0,0,0,0,1,1,1,1,1,1,1,False,False,True
engine_dp:1:step:732,engine_core_dp_step,1,32000x1000_b16,pure_decode,tp4dp2moetp1ep8,732,732,0,8,8,0,8,8,8,FULL:8,FULL,732,732,0,8,8,0,8,8,8,FULL:8,FULL,0,0,0,0,0,0,0,1,1,1,1,1,1,1,False,False,True
engine_dp:1:step:733,engine_core_dp_step,1,32000x1000_b16,pure_decode,tp4dp2moetp1ep8,733,733,0,8,8,0,8,8,8,FULL:8,FULL,733,733,0,8,8,0,8,8,8,FULL:8,FULL,0,0,0,0,0,0,0,1,1,1,1,1,1,1,False,False,True
engine_dp:1:step:734,engine_core_dp_step,1,32000x1000_b16,pure_decode,tp4dp2moetp1ep8,734,734,0,8,8,0,8,8,8,FULL:8,FULL,734,734,0,8,8,0,8,8,8,FULL:8,FULL,0,0,0,0,0,0,0,1,1,1,1,1,1,1,False,False,True
engine_dp:1:step:735,engine_core_dp_step,1,32000x1000_b16,pure_decode,tp4dp2moetp1ep8,735,735,0,8,8,0,8,8,8,FULL:8,FULL,735,735,0,8,8,0,8,8,8,FULL:8,FULL,0,0,0,0,0,0,0,1,1,1,1,1,1,1,False,False,True
engine_dp:1:step:736,engine_core_dp_step,1,32000x1000_b16,pure_decode,tp4dp2moetp1ep8,736,736,0,8,8,0,8,8,8,FULL:8,FULL,736,736,0,8,8,0,8,8,8,FULL:8,FULL,0,0,0,0,0,0,0,1,1,1,1,1,1,1,False,False,True
engine_dp:1:step:737,engine_core_dp_step,1,32000x1000_b16,pure_decode,tp4dp2moetp1ep8,737,737,0,8,8,0,8,8,8,FULL:8,FULL,737,737,0,8,8,0,8,8,8,FULL:8,FULL,0,0,0,0,0,0,0,1,1,1,1,1,1,1,False,False,True
engine_dp:1:step:738,engine_core_dp_step,1,32000x1000_b16,pure_decode,tp4dp2moetp1ep8,738,738,0,8,8,0,8,8,8,FULL:8,FULL,738,738,0,8,8,0,8,8,8,FULL:8,FULL,0,0,0,0,0,0,0,1,1,1,1,1,1,1,False,False,True
engine_dp:1:step:739,engine_core_dp_step,1,32000x1000_b16,pure_decode,tp4dp2moetp1ep8,739,739,0,8,8,0,8,8,8,FULL:8,FULL,739,739,0,8,8,0,8,8,8,FULL:8,FULL,0,0,0,0,0,0,0,1,1,1,1,1,1,1,False,False,True
engine_dp:1:step:740,engine_core_dp_step,1,32000x1000_b16,pure_decode,tp4dp2moetp1ep8,740,740,0,8,8,0,8,8,8,FULL:8,FULL,740,740,0,8,8,0,8,8,8,FULL:8,FULL,0,0,0,0,0,0,0,1,1,1,1,1,1,1,False,False,True
engine_dp:1:step:741,engine_core_dp_step,1,32000x1000_b16,pure_decode,tp4dp2moetp1ep8,741,741,0,8,8,0,8,8,8,FULL:8,FULL,741,741,0,8,8,0,8,8,8,FULL:8,FULL,0,0,0,0,0,0,0,1,1,1,1,1,1,1,False,False,True
engine_dp:1:step:742,engine_core_dp_step,1,32000x1000_b16,pure_decode,tp4dp2moetp1ep8,742,742,0,8,8,0,8,8,8,FULL:8,FULL,742,742,0,8,8,0,8,8,8,FULL:8,FULL,0,0,0,0,0,0,0,1,1,1,1,1,1,1,False,False,True
engine_dp:1:step:743,engine_core_dp_step,1,32000x1000_b16,pure_decode,tp4dp2moetp1ep8,743,743,0,8,8,0,8,8,8,FULL:8,FULL,743,743,0,8,8,0,8,8,8,FULL:8,FULL,0,0,0,0,0,0,0,1,1,1,1,1,1,1,False,False,True
engine_dp:1:step:744,engine_core_dp_step,1,32000x1000_b16,pure_decode,tp4dp2moetp1ep8,744,744,0,8,8,0,8,8,8,FULL:8,FULL,744,744,0,8,8,0,8,8,8,FULL:8,FULL,0,0,0,0,0,0,0,1,1,1,1,1,1,1,False,False,True
engine_dp:1:step:745,engine_core_dp_step,1,32000x1000_b16,pure_decode,tp4dp2moetp1ep8,745,745,0,8,8,0,8,8,8,FULL:8,FULL,745,745,0,8,8,0,8,8,8,FULL:8,FULL,0,0,0,0,0,0,0,1,1,1,1,1,1,1,False,False,True
engine_dp:1:step:746,engine_core_dp_step,1,32000x1000_b16,pure_decode,tp4dp2moetp1ep8,746,746,0,8,8,0,8,8,8,FULL:8,FULL,746,746,0,8,8,0,8,8,8,FULL:8,FULL,0,0,0,0,0,0,0,1,1,1,1,1,1,1,False,False,True
engine_dp:1:step:747,engine_core_dp_step,1,32000x1000_b16,pure_decode,tp4dp2moetp1ep8,747,747,0,8,8,0,8,8,8,FULL:8,FULL,747,747,0,8,8,0,8,8,8,FULL:8,FULL,0,0,0,0,0,0,0,1,1,1,1,1,1,1,False,False,True
engine_dp:1:step:748,engine_core_dp_step,1,32000x1000_b16,pure_decode,tp4dp2moetp1ep8,748,748,0,8,8,0,8,8,8,FULL:8,FULL,748,748,0,8,8,0,8,8,8,FULL:8,FULL,0,0,0,0,0,0,0,1,1,1,1,1,1,1,False,False,True
engine_dp:1:step:749,engine_core_dp_step,1,32000x1000_b16,pure_decode,tp4dp2moetp1ep8,749,749,0,8,8,0,8,8,8,FULL:8,FULL,749,749,0,8,8,0,8,8,8,FULL:8,FULL,0,0,0,0,0,0,0,1,1,1,1,1,1,1,False,False,True
engine_dp:1:step:750,engine_core_dp_step,1,32000x1000_b16,pure_decode,tp4dp2moetp1ep8,750,750,0,8,8,0,8,8,8,FULL:8,FULL,750,750,0,8,8,0,8,8,8,FULL:8,FULL,0,0,0,0,0,0,0,1,1,1,1,1,1,1,False,False,True
engine_dp:1:step:751,engine_core_dp_step,1,32000x1000_b16,pure_decode,tp4dp2moetp1ep8,751,751,0,8,8,0,8,8,8,FULL:8,FULL,751,751,0,8,8,0,8,8,8,FULL:8,FULL,0,0,0,0,0,0,0,1,1,1,1,1,1,1,False,False,True
engine_dp:1:step:752,engine_core_dp_step,1,32000x1000_b16,pure_decode,tp4dp2moetp1ep8,752,752,0,8,8,0,8,8,8,FULL:8,FULL,752,752,0,8,8,0,8,8,8,FULL:8,FULL,0,0,0,0,0,0,0,1,1,1,1,1,1,1,False,False,True
engine_dp:1:step:753,engine_core_dp_step,1,32000x1000_b16,pure_decode,tp4dp2moetp1ep8,753,753,0,8,8,0,8,8,8,FULL:8,FULL,753,753,0,8,8,0,8,8,8,FULL:8,FULL,0,0,0,0,0,0,0,1,1,1,1,1,1,1,False,False,True
engine_dp:1:step:754,engine_core_dp_step,1,32000x1000_b16,pure_decode,tp4dp2moetp1ep8,754,754,0,8,8,0,8,8,8,FULL:8,FULL,754,754,0,8,8,0,8,8,8,FULL:8,FULL,0,0,0,0,0,0,0,1,1,1,1,1,1,1,False,False,True
engine_dp:1:step:755,engine_core_dp_step,1,32000x1000_b16,pure_decode,tp4dp2moetp1ep8,755,755,0,8,8,0,8,8,8,FULL:8,FULL,755,755,0,8,8,0,8,8,8,FULL:8,FULL,0,0,0,0,0,0,0,1,1,1,1,1,1,1,False,False,True
engine_dp:1:step:756,engine_core_dp_step,1,32000x1000_b16,pure_decode,tp4dp2moetp1ep8,756,756,0,8,8,0,8,8,8,FULL:8,FULL,756,756,0,8,8,0,8,8,8,FULL:8,FULL,0,0,0,0,0,0,0,1,1,1,1,1,1,1,False,False,True
engine_dp:1:step:757,engine_core_dp_step,1,32000x1000_b16,pure_decode,tp4dp2moetp1ep8,757,757,0,8,8,0,8,8,8,FULL:8,FULL,757,757,0,8,8,0,8,8,8,FULL:8,FULL,0,0,0,0,0,0,0,1,1,1,1,1,1,1,False,False,True
engine_dp:1:step:758,engine_core_dp_step,1,32000x1000_b16,pure_decode,tp4dp2moetp1ep8,758,758,0,8,8,0,8,8,8,FULL:8,FULL,758,758,0,8,8,0,8,8,8,FULL:8,FULL,0,0,0,0,0,0,0,1,1,1,1,1,1,1,False,False,True
engine_dp:1:step:759,engine_core_dp_step,1,32000x1000_b16,pure_decode,tp4dp2moetp1ep8,759,759,0,8,8,0,8,8,8,FULL:8,FULL,759,759,0,8,8,0,8,8,8,FULL:8,FULL,0,0,0,0,0,0,0,1,1,1,1,1,1,1,False,False,True
engine_dp:1:step:760,engine_core_dp_step,1,32000x1000_b16,pure_decode,tp4dp2moetp1ep8,760,760,0,8,8,0,8,8,8,FULL:8,FULL,760,760,0,8,8,0,8,8,8,FULL:8,FULL,0,0,0,0,0,0,0,1,1,1,1,1,1,1,False,False,True
engine_dp:1:step:761,engine_core_dp_step,1,32000x1000_b16,pure_decode,tp4dp2moetp1ep8,761,761,0,8,8,0,8,8,8,FULL:8,FULL,761,761,0,8,8,0,8,8,8,FULL:8,FULL,0,0,0,0,0,0,0,1,1,1,1,1,1,1,False,False,True
engine_dp:1:step:762,engine_core_dp_step,1,32000x1000_b16,pure_decode,tp4dp2moetp1ep8,762,762,0,8,8,0,8,8,8,FULL:8,FULL,762,762,0,8,8,0,8,8,8,FULL:8,FULL,0,0,0,0,0,0,0,1,1,1,1,1,1,1,False,False,True
engine_dp:1:step:763,engine_core_dp_step,1,32000x1000_b16,pure_decode,tp4dp2moetp1ep8,763,763,0,8,8,0,8,8,8,FULL:8,FULL,763,763,0,8,8,0,8,8,8,FULL:8,FULL,0,0,0,0,0,0,0,1,1,1,1,1,1,1,False,False,True
engine_dp:1:step:764,engine_core_dp_step,1,32000x1000_b16,pure_decode,tp4dp2moetp1ep8,764,764,0,8,8,0,8,8,8,FULL:8,FULL,764,764,0,8,8,0,8,8,8,FULL:8,FULL,0,0,0,0,0,0,0,1,1,1,1,1,1,1,False,False,True
engine_dp:1:step:765,engine_core_dp_step,1,32000x1000_b16,pure_decode,tp4dp2moetp1ep8,765,765,0,8,8,0,8,8,8,FULL:8,FULL,765,765,0,8,8,0,8,8,8,FULL:8,FULL,0,0,0,0,0,0,0,1,1,1,1,1,1,1,False,False,True
engine_dp:1:step:766,engine_core_dp_step,1,32000x1000_b16,pure_decode,tp4dp2moetp1ep8,766,766,0,8,8,0,8,8,8,FULL:8,FULL,766,766,0,8,8,0,8,8,8,FULL:8,FULL,0,0,0,0,0,0,0,1,1,1,1,1,1,1,False,False,True
engine_dp:1:step:767,engine_core_dp_step,1,32000x1000_b16,pure_decode,tp4dp2moetp1ep8,767,767,0,8,8,0,8,8,8,FULL:8,FULL,767,767,0,8,8,0,8,8,8,FULL:8,FULL,0,0,0,0,0,0,0,1,1,1,1,1,1,1,False,False,True
engine_dp:1:step:768,engine_core_dp_step,1,32000x1000_b16,pure_decode,tp4dp2moetp1ep8,768,768,0,8,8,0,8,8,8,FULL:8,FULL,768,768,0,8,8,0,8,8,8,FULL:8,FULL,0,0,0,0,0,0,0,1,1,1,1,1,1,1,False,False,True
engine_dp:1:step:769,engine_core_dp_step,1,32000x1000_b16,pure_decode,tp4dp2moetp1ep8,769,769,0,8,8,0,8,8,8,FULL:8,FULL,769,769,0,8,8,0,8,8,8,FULL:8,FULL,0,0,0,0,0,0,0,1,1,1,1,1,1,1,False,False,True
engine_dp:1:step:770,engine_core_dp_step,1,32000x1000_b16,pure_decode,tp4dp2moetp1ep8,770,770,0,8,8,0,8,8,8,FULL:8,FULL,770,770,0,8,8,0,8,8,8,FULL:8,FULL,0,0,0,0,0,0,0,1,1,1,1,1,1,1,False,False,True
engine_dp:1:step:771,engine_core_dp_step,1,32000x1000_b16,pure_decode,tp4dp2moetp1ep8,771,771,0,8,8,0,8,8,8,FULL:8,FULL,771,771,0,8,8,0,8,8,8,FULL:8,FULL,0,0,0,0,0,0,0,1,1,1,1,1,1,1,False,False,True
engine_dp:1:step:772,engine_core_dp_step,1,32000x1000_b16,pure_decode,tp4dp2moetp1ep8,772,772,0,8,8,0,8,8,8,FULL:8,FULL,772,772,0,8,8,0,8,8,8,FULL:8,FULL,0,0,0,0,0,0,0,1,1,1,1,1,1,1,False,False,True
engine_dp:1:step:773,engine_core_dp_step,1,32000x1000_b16,pure_decode,tp4dp2moetp1ep8,773,773,0,8,8,0,8,8,8,FULL:8,FULL,773,773,0,8,8,0,8,8,8,FULL:8,FULL,0,0,0,0,0,0,0,1,1,1,1,1,1,1,False,False,True
engine_dp:1:step:774,engine_core_dp_step,1,32000x1000_b16,pure_decode,tp4dp2moetp1ep8,774,774,0,8,8,0,8,8,8,FULL:8,FULL,774,774,0,8,8,0,8,8,8,FULL:8,FULL,0,0,0,0,0,0,0,1,1,1,1,1,1,1,False,False,True
engine_dp:1:step:775,engine_core_dp_step,1,32000x1000_b16,pure_decode,tp4dp2moetp1ep8,775,775,0,8,8,0,8,8,8,FULL:8,FULL,775,775,0,8,8,0,8,8,8,FULL:8,FULL,0,0,0,0,0,0,0,1,1,1,1,1,1,1,False,False,True
engine_dp:1:step:776,engine_core_dp_step,1,32000x1000_b16,pure_decode,tp4dp2moetp1ep8,776,776,0,8,8,0,8,8,8,FULL:8,FULL,776,776,0,8,8,0,8,8,8,FULL:8,FULL,0,0,0,0,0,0,0,1,1,1,1,1,1,1,False,False,True
engine_dp:1:step:777,engine_core_dp_step,1,32000x1000_b16,pure_decode,tp4dp2moetp1ep8,777,777,0,8,8,0,8,8,8,FULL:8,FULL,777,777,0,8,8,0,8,8,8,FULL:8,FULL,0,0,0,0,0,0,0,1,1,1,1,1,1,1,False,False,True
engine_dp:1:step:778,engine_core_dp_step,1,32000x1000_b16,pure_decode,tp4dp2moetp1ep8,778,778,0,8,8,0,8,8,8,FULL:8,FULL,778,778,0,8,8,0,8,8,8,FULL:8,FULL,0,0,0,0,0,0,0,1,1,1,1,1,1,1,False,False,True
engine_dp:1:step:779,engine_core_dp_step,1,32000x1000_b16,pure_decode,tp4dp2moetp1ep8,779,779,0,8,8,0,8,8,8,FULL:8,FULL,779,779,0,8,8,0,8,8,8,FULL:8,FULL,0,0,0,0,0,0,0,1,1,1,1,1,1,1,False,False,True
engine_dp:1:step:780,engine_core_dp_step,1,32000x1000_b16,pure_decode,tp4dp2moetp1ep8,780,780,0,8,8,0,8,8,8,FULL:8,FULL,780,780,0,8,8,0,8,8,8,FULL:8,FULL,0,0,0,0,0,0,0,1,1,1,1,1,1,1,False,False,True
engine_dp:1:step:781,engine_core_dp_step,1,32000x1000_b16,pure_decode,tp4dp2moetp1ep8,781,781,0,8,8,0,8,8,8,FULL:8,FULL,781,781,0,8,8,0,8,8,8,FULL:8,FULL,0,0,0,0,0,0,0,1,1,1,1,1,1,1,False,False,True
engine_dp:1:step:782,engine_core_dp_step,1,32000x1000_b16,pure_decode,tp4dp2moetp1ep8,782,782,0,8,8,0,8,8,8,FULL:8,FULL,782,782,0,8,8,0,8,8,8,FULL:8,FULL,0,0,0,0,0,0,0,1,1,1,1,1,1,1,False,False,True
engine_dp:1:step:783,engine_core_dp_step,1,32000x1000_b16,pure_decode,tp4dp2moetp1ep8,783,783,0,8,8,0,8,8,8,FULL:8,FULL,783,783,0,8,8,0,8,8,8,FULL:8,FULL,0,0,0,0,0,0,0,1,1,1,1,1,1,1,False,False,True
engine_dp:1:step:784,engine_core_dp_step,1,32000x1000_b16,pure_decode,tp4dp2moetp1ep8,784,784,0,8,8,0,8,8,8,FULL:8,FULL,784,784,0,8,8,0,8,8,8,FULL:8,FULL,0,0,0,0,0,0,0,1,1,1,1,1,1,1,False,False,True
engine_dp:1:step:785,engine_core_dp_step,1,32000x1000_b16,pure_decode,tp4dp2moetp1ep8,785,785,0,8,8,0,8,8,8,FULL:8,FULL,785,785,0,8,8,0,8,8,8,FULL:8,FULL,0,0,0,0,0,0,0,1,1,1,1,1,1,1,False,False,True
engine_dp:1:step:786,engine_core_dp_step,1,32000x1000_b16,pure_decode,tp4dp2moetp1ep8,786,786,0,8,8,0,8,8,8,FULL:8,FULL,786,786,0,8,8,0,8,8,8,FULL:8,FULL,0,0,0,0,0,0,0,1,1,1,1,1,1,1,False,False,True
engine_dp:1:step:787,engine_core_dp_step,1,32000x1000_b16,pure_decode,tp4dp2moetp1ep8,787,787,0,8,8,0,8,8,8,FULL:8,FULL,787,787,0,8,8,0,8,8,8,FULL:8,FULL,0,0,0,0,0,0,0,1,1,1,1,1,1,1,False,False,True
engine_dp:1:step:788,engine_core_dp_step,1,32000x1000_b16,pure_decode,tp4dp2moetp1ep8,788,788,0,8,8,0,8,8,8,FULL:8,FULL,788,788,0,8,8,0,8,8,8,FULL:8,FULL,0,0,0,0,0,0,0,1,1,1,1,1,1,1,False,False,True
engine_dp:1:step:789,engine_core_dp_step,1,32000x1000_b16,pure_decode,tp4dp2moetp1ep8,789,789,0,8,8,0,8,8,8,FULL:8,FULL,789,789,0,8,8,0,8,8,8,FULL:8,FULL,0,0,0,0,0,0,0,1,1,1,1,1,1,1,False,False,True
engine_dp:1:step:790,engine_core_dp_step,1,32000x1000_b16,pure_decode,tp4dp2moetp1ep8,790,790,0,8,8,0,8,8,8,FULL:8,FULL,790,790,0,8,8,0,8,8,8,FULL:8,FULL,0,0,0,0,0,0,0,1,1,1,1,1,1,1,False,False,True
engine_dp:1:step:791,engine_core_dp_step,1,32000x1000_b16,pure_decode,tp4dp2moetp1ep8,791,791,0,8,8,0,8,8,8,FULL:8,FULL,791,791,0,8,8,0,8,8,8,FULL:8,FULL,0,0,0,0,0,0,0,1,1,1,1,1,1,1,False,False,True
engine_dp:1:step:792,engine_core_dp_step,1,32000x1000_b16,pure_decode,tp4dp2moetp1ep8,792,792,0,8,8,0,8,8,8,FULL:8,FULL,792,792,0,8,8,0,8,8,8,FULL:8,FULL,0,0,0,0,0,0,0,1,1,1,1,1,1,1,False,False,True
engine_dp:1:step:793,engine_core_dp_step,1,32000x1000_b16,pure_decode,tp4dp2moetp1ep8,793,793,0,8,8,0,8,8,8,FULL:8,FULL,793,793,0,8,8,0,8,8,8,FULL:8,FULL,0,0,0,0,0,0,0,1,1,1,1,1,1,1,False,False,True
engine_dp:1:step:794,engine_core_dp_step,1,32000x1000_b16,pure_decode,tp4dp2moetp1ep8,794,794,0,8,8,0,8,8,8,FULL:8,FULL,794,794,0,8,8,0,8,8,8,FULL:8,FULL,0,0,0,0,0,0,0,1,1,1,1,1,1,1,False,False,True
engine_dp:1:step:795,engine_core_dp_step,1,32000x1000_b16,pure_decode,tp4dp2moetp1ep8,795,795,0,8,8,0,8,8,8,FULL:8,FULL,795,795,0,8,8,0,8,8,8,FULL:8,FULL,0,0,0,0,0,0,0,1,1,1,1,1,1,1,False,False,True
engine_dp:1:step:796,engine_core_dp_step,1,32000x1000_b16,pure_decode,tp4dp2moetp1ep8,796,796,0,8,8,0,8,8,8,FULL:8,FULL,796,796,0,8,8,0,8,8,8,FULL:8,FULL,0,0,0,0,0,0,0,1,1,1,1,1,1,1,False,False,True
engine_dp:1:step:797,engine_core_dp_step,1,32000x1000_b16,pure_decode,tp4dp2moetp1ep8,797,797,0,8,8,0,8,8,8,FULL:8,FULL,797,797,0,8,8,0,8,8,8,FULL:8,FULL,0,0,0,0,0,0,0,1,1,1,1,1,1,1,False,False,True
engine_dp:1:step:798,engine_core_dp_step,1,32000x1000_b16,pure_decode,tp4dp2moetp1ep8,798,798,0,8,8,0,8,8,8,FULL:8,FULL,798,798,0,8,8,0,8,8,8,FULL:8,FULL,0,0,0,0,0,0,0,1,1,1,1,1,1,1,False,False,True
engine_dp:1:step:799,engine_core_dp_step,1,32000x1000_b16,pure_decode,tp4dp2moetp1ep8,799,799,0,8,8,0,8,8,8,FULL:8,FULL,799,799,0,8,8,0,8,8,8,FULL:8,FULL,0,0,0,0,0,0,0,1,1,1,1,1,1,1,False,False,True
engine_dp:1:step:800,engine_core_dp_step,1,32000x1000_b16,pure_decode,tp4dp2moetp1ep8,800,800,0,8,8,0,8,8,8,FULL:8,FULL,800,800,0,8,8,0,8,8,8,FULL:8,FULL,0,0,0,0,0,0,0,1,1,1,1,1,1,1,False,False,True
engine_dp:1:step:801,engine_core_dp_step,1,32000x1000_b16,pure_decode,tp4dp2moetp1ep8,801,801,0,8,8,0,8,8,8,FULL:8,FULL,801,801,0,8,8,0,8,8,8,FULL:8,FULL,0,0,0,0,0,0,0,1,1,1,1,1,1,1,False,False,True
engine_dp:1:step:802,engine_core_dp_step,1,32000x1000_b16,pure_decode,tp4dp2moetp1ep8,802,802,0,8,8,0,8,8,8,FULL:8,FULL,802,802,0,8,8,0,8,8,8,FULL:8,FULL,0,0,0,0,0,0,0,1,1,1,1,1,1,1,False,False,True
engine_dp:1:step:803,engine_core_dp_step,1,32000x1000_b16,pure_decode,tp4dp2moetp1ep8,803,803,0,8,8,0,8,8,8,FULL:8,FULL,803,803,0,8,8,0,8,8,8,FULL:8,FULL,0,0,0,0,0,0,0,1,1,1,1,1,1,1,False,False,True
engine_dp:1:step:804,engine_core_dp_step,1,32000x1000_b16,pure_decode,tp4dp2moetp1ep8,804,804,0,8,8,0,8,8,8,FULL:8,FULL,804,804,0,8,8,0,8,8,8,FULL:8,FULL,0,0,0,0,0,0,0,1,1,1,1,1,1,1,False,False,True
engine_dp:1:step:805,engine_core_dp_step,1,32000x1000_b16,pure_decode,tp4dp2moetp1ep8,805,805,0,8,8,0,8,8,8,FULL:8,FULL,805,805,0,8,8,0,8,8,8,FULL:8,FULL,0,0,0,0,0,0,0,1,1,1,1,1,1,1,False,False,True
engine_dp:1:step:806,engine_core_dp_step,1,32000x1000_b16,pure_decode,tp4dp2moetp1ep8,806,806,0,8,8,0,8,8,8,FULL:8,FULL,806,806,0,8,8,0,8,8,8,FULL:8,FULL,0,0,0,0,0,0,0,1,1,1,1,1,1,1,False,False,True
engine_dp:1:step:807,engine_core_dp_step,1,32000x1000_b16,pure_decode,tp4dp2moetp1ep8,807,807,0,8,8,0,8,8,8,FULL:8,FULL,807,807,0,8,8,0,8,8,8,FULL:8,FULL,0,0,0,0,0,0,0,1,1,1,1,1,1,1,False,False,True
engine_dp:1:step:808,engine_core_dp_step,1,32000x1000_b16,pure_decode,tp4dp2moetp1ep8,808,808,0,8,8,0,8,8,8,FULL:8,FULL,808,808,0,8,8,0,8,8,8,FULL:8,FULL,0,0,0,0,0,0,0,1,1,1,1,1,1,1,False,False,True
engine_dp:1:step:809,engine_core_dp_step,1,32000x1000_b16,pure_decode,tp4dp2moetp1ep8,809,809,0,8,8,0,8,8,8,FULL:8,FULL,809,809,0,8,8,0,8,8,8,FULL:8,FULL,0,0,0,0,0,0,0,1,1,1,1,1,1,1,False,False,True
engine_dp:1:step:810,engine_core_dp_step,1,32000x1000_b16,pure_decode,tp4dp2moetp1ep8,810,810,0,8,8,0,8,8,8,FULL:8,FULL,810,810,0,8,8,0,8,8,8,FULL:8,FULL,0,0,0,0,0,0,0,1,1,1,1,1,1,1,False,False,True
engine_dp:1:step:811,engine_core_dp_step,1,32000x1000_b16,pure_decode,tp4dp2moetp1ep8,811,811,0,8,8,0,8,8,8,FULL:8,FULL,811,811,0,8,8,0,8,8,8,FULL:8,FULL,0,0,0,0,0,0,0,1,1,1,1,1,1,1,False,False,True
engine_dp:1:step:812,engine_core_dp_step,1,32000x1000_b16,pure_decode,tp4dp2moetp1ep8,812,812,0,8,8,0,8,8,8,FULL:8,FULL,812,812,0,8,8,0,8,8,8,FULL:8,FULL,0,0,0,0,0,0,0,1,1,1,1,1,1,1,False,False,True
engine_dp:1:step:813,engine_core_dp_step,1,32000x1000_b16,pure_decode,tp4dp2moetp1ep8,813,813,0,8,8,0,8,8,8,FULL:8,FULL,813,813,0,8,8,0,8,8,8,FULL:8,FULL,0,0,0,0,0,0,0,1,1,1,1,1,1,1,False,False,True
engine_dp:1:step:814,engine_core_dp_step,1,32000x1000_b16,pure_decode,tp4dp2moetp1ep8,814,814,0,8,8,0,8,8,8,FULL:8,FULL,814,814,0,8,8,0,8,8,8,FULL:8,FULL,0,0,0,0,0,0,0,1,1,1,1,1,1,1,False,False,True
engine_dp:1:step:815,engine_core_dp_step,1,32000x1000_b16,pure_decode,tp4dp2moetp1ep8,815,815,0,8,8,0,8,8,8,FULL:8,FULL,815,815,0,8,8,0,8,8,8,FULL:8,FULL,0,0,0,0,0,0,0,1,1,1,1,1,1,1,False,False,True
engine_dp:1:step:816,engine_core_dp_step,1,32000x1000_b16,pure_decode,tp4dp2moetp1ep8,816,816,0,8,8,0,8,8,8,FULL:8,FULL,816,816,0,8,8,0,8,8,8,FULL:8,FULL,0,0,0,0,0,0,0,1,1,1,1,1,1,1,False,False,True
engine_dp:1:step:817,engine_core_dp_step,1,32000x1000_b16,pure_decode,tp4dp2moetp1ep8,817,817,0,8,8,0,8,8,8,FULL:8,FULL,817,817,0,8,8,0,8,8,8,FULL:8,FULL,0,0,0,0,0,0,0,1,1,1,1,1,1,1,False,False,True
engine_dp:1:step:818,engine_core_dp_step,1,32000x1000_b16,pure_decode,tp4dp2moetp1ep8,818,818,0,8,8,0,8,8,8,FULL:8,FULL,818,818,0,8,8,0,8,8,8,FULL:8,FULL,0,0,0,0,0,0,0,1,1,1,1,1,1,1,False,False,True
engine_dp:1:step:819,engine_core_dp_step,1,32000x1000_b16,pure_decode,tp4dp2moetp1ep8,819,819,0,8,8,0,8,8,8,FULL:8,FULL,819,819,0,8,8,0,8,8,8,FULL:8,FULL,0,0,0,0,0,0,0,1,1,1,1,1,1,1,False,False,True
engine_dp:1:step:820,engine_core_dp_step,1,32000x1000_b16,pure_decode,tp4dp2moetp1ep8,820,820,0,8,8,0,8,8,8,FULL:8,FULL,820,820,0,8,8,0,8,8,8,FULL:8,FULL,0,0,0,0,0,0,0,1,1,1,1,1,1,1,False,False,True
engine_dp:1:step:821,engine_core_dp_step,1,32000x1000_b16,pure_decode,tp4dp2moetp1ep8,821,821,0,8,8,0,8,8,8,FULL:8,FULL,821,821,0,8,8,0,8,8,8,FULL:8,FULL,0,0,0,0,0,0,0,1,1,1,1,1,1,1,False,False,True
engine_dp:1:step:822,engine_core_dp_step,1,32000x1000_b16,pure_decode,tp4dp2moetp1ep8,822,822,0,8,8,0,8,8,8,FULL:8,FULL,822,822,0,8,8,0,8,8,8,FULL:8,FULL,0,0,0,0,0,0,0,1,1,1,1,1,1,1,False,False,True
engine_dp:1:step:823,engine_core_dp_step,1,32000x1000_b16,pure_decode,tp4dp2moetp1ep8,823,823,0,8,8,0,8,8,8,FULL:8,FULL,823,823,0,8,8,0,8,8,8,FULL:8,FULL,0,0,0,0,0,0,0,1,1,1,1,1,1,1,False,False,True
engine_dp:1:step:824,engine_core_dp_step,1,32000x1000_b16,pure_decode,tp4dp2moetp1ep8,824,824,0,8,8,0,8,8,8,FULL:8,FULL,824,824,0,8,8,0,8,8,8,FULL:8,FULL,0,0,0,0,0,0,0,1,1,1,1,1,1,1,False,False,True
engine_dp:1:step:825,engine_core_dp_step,1,32000x1000_b16,pure_decode,tp4dp2moetp1ep8,825,825,0,8,8,0,8,8,8,FULL:8,FULL,825,825,0,8,8,0,8,8,8,FULL:8,FULL,0,0,0,0,0,0,0,1,1,1,1,1,1,1,False,False,True
engine_dp:1:step:826,engine_core_dp_step,1,32000x1000_b16,pure_decode,tp4dp2moetp1ep8,826,826,0,8,8,0,8,8,8,FULL:8,FULL,826,826,0,8,8,0,8,8,8,FULL:8,FULL,0,0,0,0,0,0,0,1,1,1,1,1,1,1,False,False,True
engine_dp:1:step:827,engine_core_dp_step,1,32000x1000_b16,pure_decode,tp4dp2moetp1ep8,827,827,0,8,8,0,8,8,8,FULL:8,FULL,827,827,0,8,8,0,8,8,8,FULL:8,FULL,0,0,0,0,0,0,0,1,1,1,1,1,1,1,False,False,True
engine_dp:1:step:828,engine_core_dp_step,1,32000x1000_b16,pure_decode,tp4dp2moetp1ep8,828,828,0,8,8,0,8,8,8,FULL:8,FULL,828,828,0,8,8,0,8,8,8,FULL:8,FULL,0,0,0,0,0,0,0,1,1,1,1,1,1,1,False,False,True
engine_dp:1:step:829,engine_core_dp_step,1,32000x1000_b16,pure_decode,tp4dp2moetp1ep8,829,829,0,8,8,0,8,8,8,FULL:8,FULL,829,829,0,8,8,0,8,8,8,FULL:8,FULL,0,0,0,0,0,0,0,1,1,1,1,1,1,1,False,False,True
engine_dp:1:step:830,engine_core_dp_step,1,32000x1000_b16,pure_decode,tp4dp2moetp1ep8,830,830,0,8,8,0,8,8,8,FULL:8,FULL,830,830,0,8,8,0,8,8,8,FULL:8,FULL,0,0,0,0,0,0,0,1,1,1,1,1,1,1,False,False,True
engine_dp:1:step:831,engine_core_dp_step,1,32000x1000_b16,pure_decode,tp4dp2moetp1ep8,831,831,0,8,8,0,8,8,8,FULL:8,FULL,831,831,0,8,8,0,8,8,8,FULL:8,FULL,0,0,0,0,0,0,0,1,1,1,1,1,1,1,False,False,True
engine_dp:1:step:832,engine_core_dp_step,1,32000x1000_b16,pure_decode,tp4dp2moetp1ep8,832,832,0,8,8,0,8,8,8,FULL:8,FULL,832,832,0,8,8,0,8,8,8,FULL:8,FULL,0,0,0,0,0,0,0,1,1,1,1,1,1,1,False,False,True
engine_dp:1:step:833,engine_core_dp_step,1,32000x1000_b16,pure_decode,tp4dp2moetp1ep8,833,833,0,8,8,0,8,8,8,FULL:8,FULL,833,833,0,8,8,0,8,8,8,FULL:8,FULL,0,0,0,0,0,0,0,1,1,1,1,1,1,1,False,False,True
engine_dp:1:step:834,engine_core_dp_step,1,32000x1000_b16,pure_decode,tp4dp2moetp1ep8,834,834,0,8,8,0,8,8,8,FULL:8,FULL,834,834,0,8,8,0,8,8,8,FULL:8,FULL,0,0,0,0,0,0,0,1,1,1,1,1,1,1,False,False,True
engine_dp:1:step:835,engine_core_dp_step,1,32000x1000_b16,pure_decode,tp4dp2moetp1ep8,835,835,0,8,8,0,8,8,8,FULL:8,FULL,835,835,0,8,8,0,8,8,8,FULL:8,FULL,0,0,0,0,0,0,0,1,1,1,1,1,1,1,False,False,True
engine_dp:1:step:836,engine_core_dp_step,1,32000x1000_b16,pure_decode,tp4dp2moetp1ep8,836,836,0,8,8,0,8,8,8,FULL:8,FULL,836,836,0,8,8,0,8,8,8,FULL:8,FULL,0,0,0,0,0,0,0,1,1,1,1,1,1,1,False,False,True
engine_dp:1:step:837,engine_core_dp_step,1,32000x1000_b16,pure_decode,tp4dp2moetp1ep8,837,837,0,8,8,0,8,8,8,FULL:8,FULL,837,837,0,8,8,0,8,8,8,FULL:8,FULL,0,0,0,0,0,0,0,1,1,1,1,1,1,1,False,False,True
engine_dp:1:step:838,engine_core_dp_step,1,32000x1000_b16,pure_decode,tp4dp2moetp1ep8,838,838,0,8,8,0,8,8,8,FULL:8,FULL,838,838,0,8,8,0,8,8,8,FULL:8,FULL,0,0,0,0,0,0,0,1,1,1,1,1,1,1,False,False,True
engine_dp:1:step:839,engine_core_dp_step,1,32000x1000_b16,pure_decode,tp4dp2moetp1ep8,839,839,0,8,8,0,8,8,8,FULL:8,FULL,839,839,0,8,8,0,8,8,8,FULL:8,FULL,0,0,0,0,0,0,0,1,1,1,1,1,1,1,False,False,True
engine_dp:1:step:840,engine_core_dp_step,1,32000x1000_b16,pure_decode,tp4dp2moetp1ep8,840,840,0,8,8,0,8,8,8,FULL:8,FULL,840,840,0,8,8,0,8,8,8,FULL:8,FULL,0,0,0,0,0,0,0,1,1,1,1,1,1,1,False,False,True
engine_dp:1:step:841,engine_core_dp_step,1,32000x1000_b16,pure_decode,tp4dp2moetp1ep8,841,841,0,8,8,0,8,8,8,FULL:8,FULL,841,841,0,8,8,0,8,8,8,FULL:8,FULL,0,0,0,0,0,0,0,1,1,1,1,1,1,1,False,False,True
engine_dp:1:step:842,engine_core_dp_step,1,32000x1000_b16,pure_decode,tp4dp2moetp1ep8,842,842,0,8,8,0,8,8,8,FULL:8,FULL,842,842,0,8,8,0,8,8,8,FULL:8,FULL,0,0,0,0,0,0,0,1,1,1,1,1,1,1,False,False,True
engine_dp:1:step:843,engine_core_dp_step,1,32000x1000_b16,pure_decode,tp4dp2moetp1ep8,843,843,0,8,8,0,8,8,8,FULL:8,FULL,843,843,0,8,8,0,8,8,8,FULL:8,FULL,0,0,0,0,0,0,0,1,1,1,1,1,1,1,False,False,True
engine_dp:1:step:844,engine_core_dp_step,1,32000x1000_b16,pure_decode,tp4dp2moetp1ep8,844,844,0,8,8,0,8,8,8,FULL:8,FULL,844,844,0,8,8,0,8,8,8,FULL:8,FULL,0,0,0,0,0,0,0,1,1,1,1,1,1,1,False,False,True
engine_dp:1:step:845,engine_core_dp_step,1,32000x1000_b16,pure_decode,tp4dp2moetp1ep8,845,845,0,8,8,0,8,8,8,FULL:8,FULL,845,845,0,8,8,0,8,8,8,FULL:8,FULL,0,0,0,0,0,0,0,1,1,1,1,1,1,1,False,False,True
engine_dp:1:step:846,engine_core_dp_step,1,32000x1000_b16,pure_decode,tp4dp2moetp1ep8,846,846,0,8,8,0,8,8,8,FULL:8,FULL,846,846,0,8,8,0,8,8,8,FULL:8,FULL,0,0,0,0,0,0,0,1,1,1,1,1,1,1,False,False,True
engine_dp:1:step:847,engine_core_dp_step,1,32000x1000_b16,pure_decode,tp4dp2moetp1ep8,847,847,0,8,8,0,8,8,8,FULL:8,FULL,847,847,0,8,8,0,8,8,8,FULL:8,FULL,0,0,0,0,0,0,0,1,1,1,1,1,1,1,False,False,True
engine_dp:1:step:848,engine_core_dp_step,1,32000x1000_b16,pure_decode,tp4dp2moetp1ep8,848,848,0,8,8,0,8,8,8,FULL:8,FULL,848,848,0,8,8,0,8,8,8,FULL:8,FULL,0,0,0,0,0,0,0,1,1,1,1,1,1,1,False,False,True
engine_dp:1:step:849,engine_core_dp_step,1,32000x1000_b16,pure_decode,tp4dp2moetp1ep8,849,849,0,8,8,0,8,8,8,FULL:8,FULL,849,849,0,8,8,0,8,8,8,FULL:8,FULL,0,0,0,0,0,0,0,1,1,1,1,1,1,1,False,False,True
engine_dp:1:step:850,engine_core_dp_step,1,32000x1000_b16,pure_decode,tp4dp2moetp1ep8,850,850,0,8,8,0,8,8,8,FULL:8,FULL,850,850,0,8,8,0,8,8,8,FULL:8,FULL,0,0,0,0,0,0,0,1,1,1,1,1,1,1,False,False,True
engine_dp:1:step:851,engine_core_dp_step,1,32000x1000_b16,pure_decode,tp4dp2moetp1ep8,851,851,0,8,8,0,8,8,8,FULL:8,FULL,851,851,0,8,8,0,8,8,8,FULL:8,FULL,0,0,0,0,0,0,0,1,1,1,1,1,1,1,False,False,True
engine_dp:1:step:852,engine_core_dp_step,1,32000x1000_b16,pure_decode,tp4dp2moetp1ep8,852,852,0,8,8,0,8,8,8,FULL:8,FULL,852,852,0,8,8,0,8,8,8,FULL:8,FULL,0,0,0,0,0,0,0,1,1,1,1,1,1,1,False,False,True
engine_dp:1:step:853,engine_core_dp_step,1,32000x1000_b16,pure_decode,tp4dp2moetp1ep8,853,853,0,8,8,0,8,8,8,FULL:8,FULL,853,853,0,8,8,0,8,8,8,FULL:8,FULL,0,0,0,0,0,0,0,1,1,1,1,1,1,1,False,False,True
engine_dp:1:step:854,engine_core_dp_step,1,32000x1000_b16,pure_decode,tp4dp2moetp1ep8,854,854,0,8,8,0,8,8,8,FULL:8,FULL,854,854,0,8,8,0,8,8,8,FULL:8,FULL,0,0,0,0,0,0,0,1,1,1,1,1,1,1,False,False,True
engine_dp:1:step:855,engine_core_dp_step,1,32000x1000_b16,pure_decode,tp4dp2moetp1ep8,855,855,0,8,8,0,8,8,8,FULL:8,FULL,855,855,0,8,8,0,8,8,8,FULL:8,FULL,0,0,0,0,0,0,0,1,1,1,1,1,1,1,False,False,True
engine_dp:1:step:856,engine_core_dp_step,1,32000x1000_b16,pure_decode,tp4dp2moetp1ep8,856,856,0,8,8,0,8,8,8,FULL:8,FULL,856,856,0,8,8,0,8,8,8,FULL:8,FULL,0,0,0,0,0,0,0,1,1,1,1,1,1,1,False,False,True
engine_dp:1:step:857,engine_core_dp_step,1,32000x1000_b16,pure_decode,tp4dp2moetp1ep8,857,857,0,8,8,0,8,8,8,FULL:8,FULL,857,857,0,8,8,0,8,8,8,FULL:8,FULL,0,0,0,0,0,0,0,1,1,1,1,1,1,1,False,False,True
engine_dp:1:step:858,engine_core_dp_step,1,32000x1000_b16,pure_decode,tp4dp2moetp1ep8,858,858,0,8,8,0,8,8,8,FULL:8,FULL,858,858,0,8,8,0,8,8,8,FULL:8,FULL,0,0,0,0,0,0,0,1,1,1,1,1,1,1,False,False,True
engine_dp:1:step:859,engine_core_dp_step,1,32000x1000_b16,pure_decode,tp4dp2moetp1ep8,859,859,0,8,8,0,8,8,8,FULL:8,FULL,859,859,0,8,8,0,8,8,8,FULL:8,FULL,0,0,0,0,0,0,0,1,1,1,1,1,1,1,False,False,True
engine_dp:1:step:860,engine_core_dp_step,1,32000x1000_b16,pure_decode,tp4dp2moetp1ep8,860,860,0,8,8,0,8,8,8,FULL:8,FULL,860,860,0,8,8,0,8,8,8,FULL:8,FULL,0,0,0,0,0,0,0,1,1,1,1,1,1,1,False,False,True
engine_dp:1:step:861,engine_core_dp_step,1,32000x1000_b16,pure_decode,tp4dp2moetp1ep8,861,861,0,8,8,0,8,8,8,FULL:8,FULL,861,861,0,8,8,0,8,8,8,FULL:8,FULL,0,0,0,0,0,0,0,1,1,1,1,1,1,1,False,False,True
engine_dp:1:step:862,engine_core_dp_step,1,32000x1000_b16,pure_decode,tp4dp2moetp1ep8,862,862,0,8,8,0,8,8,8,FULL:8,FULL,862,862,0,8,8,0,8,8,8,FULL:8,FULL,0,0,0,0,0,0,0,1,1,1,1,1,1,1,False,False,True
engine_dp:1:step:863,engine_core_dp_step,1,32000x1000_b16,pure_decode,tp4dp2moetp1ep8,863,863,0,8,8,0,8,8,8,FULL:8,FULL,863,863,0,8,8,0,8,8,8,FULL:8,FULL,0,0,0,0,0,0,0,1,1,1,1,1,1,1,False,False,True
engine_dp:1:step:864,engine_core_dp_step,1,32000x1000_b16,pure_decode,tp4dp2moetp1ep8,864,864,0,8,8,0,8,8,8,FULL:8,FULL,864,864,0,8,8,0,8,8,8,FULL:8,FULL,0,0,0,0,0,0,0,1,1,1,1,1,1,1,False,False,True
engine_dp:1:step:865,engine_core_dp_step,1,32000x1000_b16,pure_decode,tp4dp2moetp1ep8,865,865,0,8,8,0,8,8,8,FULL:8,FULL,865,865,0,8,8,0,8,8,8,FULL:8,FULL,0,0,0,0,0,0,0,1,1,1,1,1,1,1,False,False,True
engine_dp:1:step:866,engine_core_dp_step,1,32000x1000_b16,pure_decode,tp4dp2moetp1ep8,866,866,0,8,8,0,8,8,8,FULL:8,FULL,866,866,0,8,8,0,8,8,8,FULL:8,FULL,0,0,0,0,0,0,0,1,1,1,1,1,1,1,False,False,True
engine_dp:1:step:867,engine_core_dp_step,1,32000x1000_b16,pure_decode,tp4dp2moetp1ep8,867,867,0,8,8,0,8,8,8,FULL:8,FULL,867,867,0,8,8,0,8,8,8,FULL:8,FULL,0,0,0,0,0,0,0,1,1,1,1,1,1,1,False,False,True
engine_dp:1:step:868,engine_core_dp_step,1,32000x1000_b16,pure_decode,tp4dp2moetp1ep8,868,868,0,8,8,0,8,8,8,FULL:8,FULL,868,868,0,8,8,0,8,8,8,FULL:8,FULL,0,0,0,0,0,0,0,1,1,1,1,1,1,1,False,False,True
engine_dp:1:step:869,engine_core_dp_step,1,32000x1000_b16,pure_decode,tp4dp2moetp1ep8,869,869,0,8,8,0,8,8,8,FULL:8,FULL,869,869,0,8,8,0,8,8,8,FULL:8,FULL,0,0,0,0,0,0,0,1,1,1,1,1,1,1,False,False,True
engine_dp:1:step:870,engine_core_dp_step,1,32000x1000_b16,pure_decode,tp4dp2moetp1ep8,870,870,0,8,8,0,8,8,8,FULL:8,FULL,870,870,0,8,8,0,8,8,8,FULL:8,FULL,0,0,0,0,0,0,0,1,1,1,1,1,1,1,False,False,True
engine_dp:1:step:871,engine_core_dp_step,1,32000x1000_b16,pure_decode,tp4dp2moetp1ep8,871,871,0,8,8,0,8,8,8,FULL:8,FULL,871,871,0,8,8,0,8,8,8,FULL:8,FULL,0,0,0,0,0,0,0,1,1,1,1,1,1,1,False,False,True
engine_dp:1:step:872,engine_core_dp_step,1,32000x1000_b16,pure_decode,tp4dp2moetp1ep8,872,872,0,8,8,0,8,8,8,FULL:8,FULL,872,872,0,8,8,0,8,8,8,FULL:8,FULL,0,0,0,0,0,0,0,1,1,1,1,1,1,1,False,False,True
engine_dp:1:step:873,engine_core_dp_step,1,32000x1000_b16,pure_decode,tp4dp2moetp1ep8,873,873,0,8,8,0,8,8,8,FULL:8,FULL,873,873,0,8,8,0,8,8,8,FULL:8,FULL,0,0,0,0,0,0,0,1,1,1,1,1,1,1,False,False,True
engine_dp:1:step:874,engine_core_dp_step,1,32000x1000_b16,pure_decode,tp4dp2moetp1ep8,874,874,0,8,8,0,8,8,8,FULL:8,FULL,874,874,0,8,8,0,8,8,8,FULL:8,FULL,0,0,0,0,0,0,0,1,1,1,1,1,1,1,False,False,True
engine_dp:1:step:875,engine_core_dp_step,1,32000x1000_b16,pure_decode,tp4dp2moetp1ep8,875,875,0,8,8,0,8,8,8,FULL:8,FULL,875,875,0,8,8,0,8,8,8,FULL:8,FULL,0,0,0,0,0,0,0,1,1,1,1,1,1,1,False,False,True
engine_dp:1:step:876,engine_core_dp_step,1,32000x1000_b16,pure_decode,tp4dp2moetp1ep8,876,876,0,8,8,0,8,8,8,FULL:8,FULL,876,876,0,8,8,0,8,8,8,FULL:8,FULL,0,0,0,0,0,0,0,1,1,1,1,1,1,1,False,False,True
engine_dp:1:step:877,engine_core_dp_step,1,32000x1000_b16,pure_decode,tp4dp2moetp1ep8,877,877,0,8,8,0,8,8,8,FULL:8,FULL,877,877,0,8,8,0,8,8,8,FULL:8,FULL,0,0,0,0,0,0,0,1,1,1,1,1,1,1,False,False,True
engine_dp:1:step:878,engine_core_dp_step,1,32000x1000_b16,pure_decode,tp4dp2moetp1ep8,878,878,0,8,8,0,8,8,8,FULL:8,FULL,878,878,0,8,8,0,8,8,8,FULL:8,FULL,0,0,0,0,0,0,0,1,1,1,1,1,1,1,False,False,True
engine_dp:1:step:879,engine_core_dp_step,1,32000x1000_b16,pure_decode,tp4dp2moetp1ep8,879,879,0,8,8,0,8,8,8,FULL:8,FULL,879,879,0,8,8,0,8,8,8,FULL:8,FULL,0,0,0,0,0,0,0,1,1,1,1,1,1,1,False,False,True
engine_dp:1:step:880,engine_core_dp_step,1,32000x1000_b16,pure_decode,tp4dp2moetp1ep8,880,880,0,8,8,0,8,8,8,FULL:8,FULL,880,880,0,8,8,0,8,8,8,FULL:8,FULL,0,0,0,0,0,0,0,1,1,1,1,1,1,1,False,False,True
engine_dp:1:step:881,engine_core_dp_step,1,32000x1000_b16,pure_decode,tp4dp2moetp1ep8,881,881,0,8,8,0,8,8,8,FULL:8,FULL,881,881,0,8,8,0,8,8,8,FULL:8,FULL,0,0,0,0,0,0,0,1,1,1,1,1,1,1,False,False,True
engine_dp:1:step:882,engine_core_dp_step,1,32000x1000_b16,pure_decode,tp4dp2moetp1ep8,882,882,0,8,8,0,8,8,8,FULL:8,FULL,882,882,0,8,8,0,8,8,8,FULL:8,FULL,0,0,0,0,0,0,0,1,1,1,1,1,1,1,False,False,True
engine_dp:1:step:883,engine_core_dp_step,1,32000x1000_b16,pure_decode,tp4dp2moetp1ep8,883,883,0,8,8,0,8,8,8,FULL:8,FULL,883,883,0,8,8,0,8,8,8,FULL:8,FULL,0,0,0,0,0,0,0,1,1,1,1,1,1,1,False,False,True
engine_dp:1:step:884,engine_core_dp_step,1,32000x1000_b16,pure_decode,tp4dp2moetp1ep8,884,884,0,8,8,0,8,8,8,FULL:8,FULL,884,884,0,8,8,0,8,8,8,FULL:8,FULL,0,0,0,0,0,0,0,1,1,1,1,1,1,1,False,False,True
engine_dp:1:step:885,engine_core_dp_step,1,32000x1000_b16,pure_decode,tp4dp2moetp1ep8,885,885,0,8,8,0,8,8,8,FULL:8,FULL,885,885,0,8,8,0,8,8,8,FULL:8,FULL,0,0,0,0,0,0,0,1,1,1,1,1,1,1,False,False,True
engine_dp:1:step:886,engine_core_dp_step,1,32000x1000_b16,pure_decode,tp4dp2moetp1ep8,886,886,0,8,8,0,8,8,8,FULL:8,FULL,886,886,0,8,8,0,8,8,8,FULL:8,FULL,0,0,0,0,0,0,0,1,1,1,1,1,1,1,False,False,True
engine_dp:1:step:887,engine_core_dp_step,1,32000x1000_b16,pure_decode,tp4dp2moetp1ep8,887,887,0,8,8,0,8,8,8,FULL:8,FULL,887,887,0,8,8,0,8,8,8,FULL:8,FULL,0,0,0,0,0,0,0,1,1,1,1,1,1,1,False,False,True
engine_dp:1:step:888,engine_core_dp_step,1,32000x1000_b16,pure_decode,tp4dp2moetp1ep8,888,888,0,8,8,0,8,8,8,FULL:8,FULL,888,888,0,8,8,0,8,8,8,FULL:8,FULL,0,0,0,0,0,0,0,1,1,1,1,1,1,1,False,False,True
engine_dp:1:step:889,engine_core_dp_step,1,32000x1000_b16,pure_decode,tp4dp2moetp1ep8,889,889,0,8,8,0,8,8,8,FULL:8,FULL,889,889,0,8,8,0,8,8,8,FULL:8,FULL,0,0,0,0,0,0,0,1,1,1,1,1,1,1,False,False,True
engine_dp:1:step:890,engine_core_dp_step,1,32000x1000_b16,pure_decode,tp4dp2moetp1ep8,890,890,0,8,8,0,8,8,8,FULL:8,FULL,890,890,0,8,8,0,8,8,8,FULL:8,FULL,0,0,0,0,0,0,0,1,1,1,1,1,1,1,False,False,True
engine_dp:1:step:891,engine_core_dp_step,1,32000x1000_b16,pure_decode,tp4dp2moetp1ep8,891,891,0,8,8,0,8,8,8,FULL:8,FULL,891,891,0,8,8,0,8,8,8,FULL:8,FULL,0,0,0,0,0,0,0,1,1,1,1,1,1,1,False,False,True
engine_dp:1:step:892,engine_core_dp_step,1,32000x1000_b16,pure_decode,tp4dp2moetp1ep8,892,892,0,8,8,0,8,8,8,FULL:8,FULL,892,892,0,8,8,0,8,8,8,FULL:8,FULL,0,0,0,0,0,0,0,1,1,1,1,1,1,1,False,False,True
engine_dp:1:step:893,engine_core_dp_step,1,32000x1000_b16,pure_decode,tp4dp2moetp1ep8,893,893,0,8,8,0,8,8,8,FULL:8,FULL,893,893,0,8,8,0,8,8,8,FULL:8,FULL,0,0,0,0,0,0,0,1,1,1,1,1,1,1,False,False,True
engine_dp:1:step:894,engine_core_dp_step,1,32000x1000_b16,pure_decode,tp4dp2moetp1ep8,894,894,0,8,8,0,8,8,8,FULL:8,FULL,894,894,0,8,8,0,8,8,8,FULL:8,FULL,0,0,0,0,0,0,0,1,1,1,1,1,1,1,False,False,True
engine_dp:1:step:895,engine_core_dp_step,1,32000x1000_b16,pure_decode,tp4dp2moetp1ep8,895,895,0,8,8,0,8,8,8,FULL:8,FULL,895,895,0,8,8,0,8,8,8,FULL:8,FULL,0,0,0,0,0,0,0,1,1,1,1,1,1,1,False,False,True
engine_dp:1:step:896,engine_core_dp_step,1,32000x1000_b16,pure_decode,tp4dp2moetp1ep8,896,896,0,8,8,0,8,8,8,FULL:8,FULL,896,896,0,8,8,0,8,8,8,FULL:8,FULL,0,0,0,0,0,0,0,1,1,1,1,1,1,1,False,False,True
engine_dp:1:step:897,engine_core_dp_step,1,32000x1000_b16,pure_decode,tp4dp2moetp1ep8,897,897,0,8,8,0,8,8,8,FULL:8,FULL,897,897,0,8,8,0,8,8,8,FULL:8,FULL,0,0,0,0,0,0,0,1,1,1,1,1,1,1,False,False,True
engine_dp:1:step:898,engine_core_dp_step,1,32000x1000_b16,pure_decode,tp4dp2moetp1ep8,898,898,0,8,8,0,8,8,8,FULL:8,FULL,898,898,0,8,8,0,8,8,8,FULL:8,FULL,0,0,0,0,0,0,0,1,1,1,1,1,1,1,False,False,True
engine_dp:1:step:899,engine_core_dp_step,1,32000x1000_b16,pure_decode,tp4dp2moetp1ep8,899,899,0,8,8,0,8,8,8,FULL:8,FULL,899,899,0,8,8,0,8,8,8,FULL:8,FULL,0,0,0,0,0,0,0,1,1,1,1,1,1,1,False,False,True
engine_dp:1:step:900,engine_core_dp_step,1,32000x1000_b16,pure_decode,tp4dp2moetp1ep8,900,900,0,8,8,0,8,8,8,FULL:8,FULL,900,900,0,8,8,0,8,8,8,FULL:8,FULL,0,0,0,0,0,0,0,1,1,1,1,1,1,1,False,False,True
engine_dp:1:step:901,engine_core_dp_step,1,32000x1000_b16,pure_decode,tp4dp2moetp1ep8,901,901,0,8,8,0,8,8,8,FULL:8,FULL,901,901,0,8,8,0,8,8,8,FULL:8,FULL,0,0,0,0,0,0,0,1,1,1,1,1,1,1,False,False,True
engine_dp:1:step:902,engine_core_dp_step,1,32000x1000_b16,pure_decode,tp4dp2moetp1ep8,902,902,0,8,8,0,8,8,8,FULL:8,FULL,902,902,0,8,8,0,8,8,8,FULL:8,FULL,0,0,0,0,0,0,0,1,1,1,1,1,1,1,False,False,True
engine_dp:1:step:903,engine_core_dp_step,1,32000x1000_b16,pure_decode,tp4dp2moetp1ep8,903,903,0,8,8,0,8,8,8,FULL:8,FULL,903,903,0,8,8,0,8,8,8,FULL:8,FULL,0,0,0,0,0,0,0,1,1,1,1,1,1,1,False,False,True
engine_dp:1:step:904,engine_core_dp_step,1,32000x1000_b16,pure_decode,tp4dp2moetp1ep8,904,904,0,8,8,0,8,8,8,FULL:8,FULL,904,904,0,8,8,0,8,8,8,FULL:8,FULL,0,0,0,0,0,0,0,1,1,1,1,1,1,1,False,False,True
engine_dp:1:step:905,engine_core_dp_step,1,32000x1000_b16,pure_decode,tp4dp2moetp1ep8,905,905,0,8,8,0,8,8,8,FULL:8,FULL,905,905,0,8,8,0,8,8,8,FULL:8,FULL,0,0,0,0,0,0,0,1,1,1,1,1,1,1,False,False,True
engine_dp:1:step:906,engine_core_dp_step,1,32000x1000_b16,pure_decode,tp4dp2moetp1ep8,906,906,0,8,8,0,8,8,8,FULL:8,FULL,906,906,0,8,8,0,8,8,8,FULL:8,FULL,0,0,0,0,0,0,0,1,1,1,1,1,1,1,False,False,True
engine_dp:1:step:907,engine_core_dp_step,1,32000x1000_b16,pure_decode,tp4dp2moetp1ep8,907,907,0,8,8,0,8,8,8,FULL:8,FULL,907,907,0,8,8,0,8,8,8,FULL:8,FULL,0,0,0,0,0,0,0,1,1,1,1,1,1,1,False,False,True
engine_dp:1:step:908,engine_core_dp_step,1,32000x1000_b16,pure_decode,tp4dp2moetp1ep8,908,908,0,8,8,0,8,8,8,FULL:8,FULL,908,908,0,8,8,0,8,8,8,FULL:8,FULL,0,0,0,0,0,0,0,1,1,1,1,1,1,1,False,False,True
engine_dp:1:step:909,engine_core_dp_step,1,32000x1000_b16,pure_decode,tp4dp2moetp1ep8,909,909,0,8,8,0,8,8,8,FULL:8,FULL,909,909,0,8,8,0,8,8,8,FULL:8,FULL,0,0,0,0,0,0,0,1,1,1,1,1,1,1,False,False,True
engine_dp:1:step:910,engine_core_dp_step,1,32000x1000_b16,pure_decode,tp4dp2moetp1ep8,910,910,0,8,8,0,8,8,8,FULL:8,FULL,910,910,0,8,8,0,8,8,8,FULL:8,FULL,0,0,0,0,0,0,0,1,1,1,1,1,1,1,False,False,True
engine_dp:1:step:911,engine_core_dp_step,1,32000x1000_b16,pure_decode,tp4dp2moetp1ep8,911,911,0,8,8,0,8,8,8,FULL:8,FULL,911,911,0,8,8,0,8,8,8,FULL:8,FULL,0,0,0,0,0,0,0,1,1,1,1,1,1,1,False,False,True
engine_dp:1:step:912,engine_core_dp_step,1,32000x1000_b16,pure_decode,tp4dp2moetp1ep8,912,912,0,8,8,0,8,8,8,FULL:8,FULL,912,912,0,8,8,0,8,8,8,FULL:8,FULL,0,0,0,0,0,0,0,1,1,1,1,1,1,1,False,False,True
engine_dp:1:step:913,engine_core_dp_step,1,32000x1000_b16,pure_decode,tp4dp2moetp1ep8,913,913,0,8,8,0,8,8,8,FULL:8,FULL,913,913,0,8,8,0,8,8,8,FULL:8,FULL,0,0,0,0,0,0,0,1,1,1,1,1,1,1,False,False,True
engine_dp:1:step:914,engine_core_dp_step,1,32000x1000_b16,pure_decode,tp4dp2moetp1ep8,914,914,0,8,8,0,8,8,8,FULL:8,FULL,914,914,0,8,8,0,8,8,8,FULL:8,FULL,0,0,0,0,0,0,0,1,1,1,1,1,1,1,False,False,True
engine_dp:1:step:915,engine_core_dp_step,1,32000x1000_b16,pure_decode,tp4dp2moetp1ep8,915,915,0,8,8,0,8,8,8,FULL:8,FULL,915,915,0,8,8,0,8,8,8,FULL:8,FULL,0,0,0,0,0,0,0,1,1,1,1,1,1,1,False,False,True
engine_dp:1:step:916,engine_core_dp_step,1,32000x1000_b16,pure_decode,tp4dp2moetp1ep8,916,916,0,8,8,0,8,8,8,FULL:8,FULL,916,916,0,8,8,0,8,8,8,FULL:8,FULL,0,0,0,0,0,0,0,1,1,1,1,1,1,1,False,False,True
engine_dp:1:step:917,engine_core_dp_step,1,32000x1000_b16,pure_decode,tp4dp2moetp1ep8,917,917,0,8,8,0,8,8,8,FULL:8,FULL,917,917,0,8,8,0,8,8,8,FULL:8,FULL,0,0,0,0,0,0,0,1,1,1,1,1,1,1,False,False,True
engine_dp:1:step:918,engine_core_dp_step,1,32000x1000_b16,pure_decode,tp4dp2moetp1ep8,918,918,0,8,8,0,8,8,8,FULL:8,FULL,918,918,0,8,8,0,8,8,8,FULL:8,FULL,0,0,0,0,0,0,0,1,1,1,1,1,1,1,False,False,True
engine_dp:1:step:919,engine_core_dp_step,1,32000x1000_b16,pure_decode,tp4dp2moetp1ep8,919,919,0,8,8,0,8,8,8,FULL:8,FULL,919,919,0,8,8,0,8,8,8,FULL:8,FULL,0,0,0,0,0,0,0,1,1,1,1,1,1,1,False,False,True
engine_dp:1:step:920,engine_core_dp_step,1,32000x1000_b16,pure_decode,tp4dp2moetp1ep8,920,920,0,8,8,0,8,8,8,FULL:8,FULL,920,920,0,8,8,0,8,8,8,FULL:8,FULL,0,0,0,0,0,0,0,1,1,1,1,1,1,1,False,False,True
engine_dp:1:step:921,engine_core_dp_step,1,32000x1000_b16,pure_decode,tp4dp2moetp1ep8,921,921,0,8,8,0,8,8,8,FULL:8,FULL,921,921,0,8,8,0,8,8,8,FULL:8,FULL,0,0,0,0,0,0,0,1,1,1,1,1,1,1,False,False,True
engine_dp:1:step:922,engine_core_dp_step,1,32000x1000_b16,pure_decode,tp4dp2moetp1ep8,922,922,0,8,8,0,8,8,8,FULL:8,FULL,922,922,0,8,8,0,8,8,8,FULL:8,FULL,0,0,0,0,0,0,0,1,1,1,1,1,1,1,False,False,True
engine_dp:1:step:923,engine_core_dp_step,1,32000x1000_b16,pure_decode,tp4dp2moetp1ep8,923,923,0,8,8,0,8,8,8,FULL:8,FULL,923,923,0,8,8,0,8,8,8,FULL:8,FULL,0,0,0,0,0,0,0,1,1,1,1,1,1,1,False,False,True
engine_dp:1:step:924,engine_core_dp_step,1,32000x1000_b16,pure_decode,tp4dp2moetp1ep8,924,924,0,8,8,0,8,8,8,FULL:8,FULL,924,924,0,8,8,0,8,8,8,FULL:8,FULL,0,0,0,0,0,0,0,1,1,1,1,1,1,1,False,False,True
engine_dp:1:step:925,engine_core_dp_step,1,32000x1000_b16,pure_decode,tp4dp2moetp1ep8,925,925,0,8,8,0,8,8,8,FULL:8,FULL,925,925,0,8,8,0,8,8,8,FULL:8,FULL,0,0,0,0,0,0,0,1,1,1,1,1,1,1,False,False,True
engine_dp:1:step:926,engine_core_dp_step,1,32000x1000_b16,pure_decode,tp4dp2moetp1ep8,926,926,0,8,8,0,8,8,8,FULL:8,FULL,926,926,0,8,8,0,8,8,8,FULL:8,FULL,0,0,0,0,0,0,0,1,1,1,1,1,1,1,False,False,True
engine_dp:1:step:927,engine_core_dp_step,1,32000x1000_b16,pure_decode,tp4dp2moetp1ep8,927,927,0,8,8,0,8,8,8,FULL:8,FULL,927,927,0,8,8,0,8,8,8,FULL:8,FULL,0,0,0,0,0,0,0,1,1,1,1,1,1,1,False,False,True
engine_dp:1:step:928,engine_core_dp_step,1,32000x1000_b16,pure_decode,tp4dp2moetp1ep8,928,928,0,8,8,0,8,8,8,FULL:8,FULL,928,928,0,8,8,0,8,8,8,FULL:8,FULL,0,0,0,0,0,0,0,1,1,1,1,1,1,1,False,False,True
engine_dp:1:step:929,engine_core_dp_step,1,32000x1000_b16,pure_decode,tp4dp2moetp1ep8,929,929,0,8,8,0,8,8,8,FULL:8,FULL,929,929,0,8,8,0,8,8,8,FULL:8,FULL,0,0,0,0,0,0,0,1,1,1,1,1,1,1,False,False,True
engine_dp:1:step:930,engine_core_dp_step,1,32000x1000_b16,pure_decode,tp4dp2moetp1ep8,930,930,0,8,8,0,8,8,8,FULL:8,FULL,930,930,0,8,8,0,8,8,8,FULL:8,FULL,0,0,0,0,0,0,0,1,1,1,1,1,1,1,False,False,True
engine_dp:1:step:931,engine_core_dp_step,1,32000x1000_b16,pure_decode,tp4dp2moetp1ep8,931,931,0,8,8,0,8,8,8,FULL:8,FULL,931,931,0,8,8,0,8,8,8,FULL:8,FULL,0,0,0,0,0,0,0,1,1,1,1,1,1,1,False,False,True
engine_dp:1:step:932,engine_core_dp_step,1,32000x1000_b16,pure_decode,tp4dp2moetp1ep8,932,932,0,8,8,0,8,8,8,FULL:8,FULL,932,932,0,8,8,0,8,8,8,FULL:8,FULL,0,0,0,0,0,0,0,1,1,1,1,1,1,1,False,False,True
engine_dp:1:step:933,engine_core_dp_step,1,32000x1000_b16,pure_decode,tp4dp2moetp1ep8,933,933,0,8,8,0,8,8,8,FULL:8,FULL,933,933,0,8,8,0,8,8,8,FULL:8,FULL,0,0,0,0,0,0,0,1,1,1,1,1,1,1,False,False,True
engine_dp:1:step:934,engine_core_dp_step,1,32000x1000_b16,pure_decode,tp4dp2moetp1ep8,934,934,0,8,8,0,8,8,8,FULL:8,FULL,934,934,0,8,8,0,8,8,8,FULL:8,FULL,0,0,0,0,0,0,0,1,1,1,1,1,1,1,False,False,True
engine_dp:1:step:935,engine_core_dp_step,1,32000x1000_b16,pure_decode,tp4dp2moetp1ep8,935,935,0,8,8,0,8,8,8,FULL:8,FULL,935,935,0,8,8,0,8,8,8,FULL:8,FULL,0,0,0,0,0,0,0,1,1,1,1,1,1,1,False,False,True
engine_dp:1:step:936,engine_core_dp_step,1,32000x1000_b16,pure_decode,tp4dp2moetp1ep8,936,936,0,8,8,0,8,8,8,FULL:8,FULL,936,936,0,8,8,0,8,8,8,FULL:8,FULL,0,0,0,0,0,0,0,1,1,1,1,1,1,1,False,False,True
engine_dp:1:step:937,engine_core_dp_step,1,32000x1000_b16,pure_decode,tp4dp2moetp1ep8,937,937,0,8,8,0,8,8,8,FULL:8,FULL,937,937,0,8,8,0,8,8,8,FULL:8,FULL,0,0,0,0,0,0,0,1,1,1,1,1,1,1,False,False,True
engine_dp:1:step:938,engine_core_dp_step,1,32000x1000_b16,pure_decode,tp4dp2moetp1ep8,938,938,0,8,8,0,8,8,8,FULL:8,FULL,938,938,0,8,8,0,8,8,8,FULL:8,FULL,0,0,0,0,0,0,0,1,1,1,1,1,1,1,False,False,True
engine_dp:1:step:939,engine_core_dp_step,1,32000x1000_b16,pure_decode,tp4dp2moetp1ep8,939,939,0,8,8,0,8,8,8,FULL:8,FULL,939,939,0,8,8,0,8,8,8,FULL:8,FULL,0,0,0,0,0,0,0,1,1,1,1,1,1,1,False,False,True
engine_dp:1:step:940,engine_core_dp_step,1,32000x1000_b16,pure_decode,tp4dp2moetp1ep8,940,940,0,8,8,0,8,8,8,FULL:8,FULL,940,940,0,8,8,0,8,8,8,FULL:8,FULL,0,0,0,0,0,0,0,1,1,1,1,1,1,1,False,False,True
engine_dp:1:step:941,engine_core_dp_step,1,32000x1000_b16,pure_decode,tp4dp2moetp1ep8,941,941,0,8,8,0,8,8,8,FULL:8,FULL,941,941,0,8,8,0,8,8,8,FULL:8,FULL,0,0,0,0,0,0,0,1,1,1,1,1,1,1,False,False,True
engine_dp:1:step:942,engine_core_dp_step,1,32000x1000_b16,pure_decode,tp4dp2moetp1ep8,942,942,0,8,8,0,8,8,8,FULL:8,FULL,942,942,0,8,8,0,8,8,8,FULL:8,FULL,0,0,0,0,0,0,0,1,1,1,1,1,1,1,False,False,True
engine_dp:1:step:943,engine_core_dp_step,1,32000x1000_b16,pure_decode,tp4dp2moetp1ep8,943,943,0,8,8,0,8,8,8,FULL:8,FULL,943,943,0,8,8,0,8,8,8,FULL:8,FULL,0,0,0,0,0,0,0,1,1,1,1,1,1,1,False,False,True
engine_dp:1:step:944,engine_core_dp_step,1,32000x1000_b16,pure_decode,tp4dp2moetp1ep8,944,944,0,8,8,0,8,8,8,FULL:8,FULL,944,944,0,8,8,0,8,8,8,FULL:8,FULL,0,0,0,0,0,0,0,1,1,1,1,1,1,1,False,False,True
engine_dp:1:step:945,engine_core_dp_step,1,32000x1000_b16,pure_decode,tp4dp2moetp1ep8,945,945,0,8,8,0,8,8,8,FULL:8,FULL,945,945,0,8,8,0,8,8,8,FULL:8,FULL,0,0,0,0,0,0,0,1,1,1,1,1,1,1,False,False,True
engine_dp:1:step:946,engine_core_dp_step,1,32000x1000_b16,pure_decode,tp4dp2moetp1ep8,946,946,0,8,8,0,8,8,8,FULL:8,FULL,946,946,0,8,8,0,8,8,8,FULL:8,FULL,0,0,0,0,0,0,0,1,1,1,1,1,1,1,False,False,True
engine_dp:1:step:947,engine_core_dp_step,1,32000x1000_b16,pure_decode,tp4dp2moetp1ep8,947,947,0,8,8,0,8,8,8,FULL:8,FULL,947,947,0,8,8,0,8,8,8,FULL:8,FULL,0,0,0,0,0,0,0,1,1,1,1,1,1,1,False,False,True
engine_dp:1:step:948,engine_core_dp_step,1,32000x1000_b16,pure_decode,tp4dp2moetp1ep8,948,948,0,8,8,0,8,8,8,FULL:8,FULL,948,948,0,8,8,0,8,8,8,FULL:8,FULL,0,0,0,0,0,0,0,1,1,1,1,1,1,1,False,False,True
engine_dp:1:step:949,engine_core_dp_step,1,32000x1000_b16,pure_decode,tp4dp2moetp1ep8,949,949,0,8,8,0,8,8,8,FULL:8,FULL,949,949,0,8,8,0,8,8,8,FULL:8,FULL,0,0,0,0,0,0,0,1,1,1,1,1,1,1,False,False,True
engine_dp:1:step:950,engine_core_dp_step,1,32000x1000_b16,pure_decode,tp4dp2moetp1ep8,950,950,0,8,8,0,8,8,8,FULL:8,FULL,950,950,0,8,8,0,8,8,8,FULL:8,FULL,0,0,0,0,0,0,0,1,1,1,1,1,1,1,False,False,True
engine_dp:1:step:951,engine_core_dp_step,1,32000x1000_b16,pure_decode,tp4dp2moetp1ep8,951,951,0,8,8,0,8,8,8,FULL:8,FULL,951,951,0,8,8,0,8,8,8,FULL:8,FULL,0,0,0,0,0,0,0,1,1,1,1,1,1,1,False,False,True
engine_dp:1:step:952,engine_core_dp_step,1,32000x1000_b16,pure_decode,tp4dp2moetp1ep8,952,952,0,8,8,0,8,8,8,FULL:8,FULL,952,952,0,8,8,0,8,8,8,FULL:8,FULL,0,0,0,0,0,0,0,1,1,1,1,1,1,1,False,False,True
engine_dp:1:step:953,engine_core_dp_step,1,32000x1000_b16,pure_decode,tp4dp2moetp1ep8,953,953,0,8,8,0,8,8,8,FULL:8,FULL,953,953,0,8,8,0,8,8,8,FULL:8,FULL,0,0,0,0,0,0,0,1,1,1,1,1,1,1,False,False,True
engine_dp:1:step:954,engine_core_dp_step,1,32000x1000_b16,pure_decode,tp4dp2moetp1ep8,954,954,0,8,8,0,8,8,8,FULL:8,FULL,954,954,0,8,8,0,8,8,8,FULL:8,FULL,0,0,0,0,0,0,0,1,1,1,1,1,1,1,False,False,True
engine_dp:1:step:955,engine_core_dp_step,1,32000x1000_b16,pure_decode,tp4dp2moetp1ep8,955,955,0,8,8,0,8,8,8,FULL:8,FULL,955,955,0,8,8,0,8,8,8,FULL:8,FULL,0,0,0,0,0,0,0,1,1,1,1,1,1,1,False,False,True
engine_dp:1:step:956,engine_core_dp_step,1,32000x1000_b16,pure_decode,tp4dp2moetp1ep8,956,956,0,8,8,0,8,8,8,FULL:8,FULL,956,956,0,8,8,0,8,8,8,FULL:8,FULL,0,0,0,0,0,0,0,1,1,1,1,1,1,1,False,False,True
engine_dp:1:step:957,engine_core_dp_step,1,32000x1000_b16,pure_decode,tp4dp2moetp1ep8,957,957,0,8,8,0,8,8,8,FULL:8,FULL,957,957,0,8,8,0,8,8,8,FULL:8,FULL,0,0,0,0,0,0,0,1,1,1,1,1,1,1,False,False,True
engine_dp:1:step:958,engine_core_dp_step,1,32000x1000_b16,pure_decode,tp4dp2moetp1ep8,958,958,0,8,8,0,8,8,8,FULL:8,FULL,958,958,0,8,8,0,8,8,8,FULL:8,FULL,0,0,0,0,0,0,0,1,1,1,1,1,1,1,False,False,True
engine_dp:1:step:959,engine_core_dp_step,1,32000x1000_b16,pure_decode,tp4dp2moetp1ep8,959,959,0,8,8,0,8,8,8,FULL:8,FULL,959,959,0,8,8,0,8,8,8,FULL:8,FULL,0,0,0,0,0,0,0,1,1,1,1,1,1,1,False,False,True
engine_dp:1:step:960,engine_core_dp_step,1,32000x1000_b16,pure_decode,tp4dp2moetp1ep8,960,960,0,8,8,0,8,8,8,FULL:8,FULL,960,960,0,8,8,0,8,8,8,FULL:8,FULL,0,0,0,0,0,0,0,1,1,1,1,1,1,1,False,False,True
engine_dp:1:step:961,engine_core_dp_step,1,32000x1000_b16,pure_decode,tp4dp2moetp1ep8,961,961,0,8,8,0,8,8,8,FULL:8,FULL,961,961,0,8,8,0,8,8,8,FULL:8,FULL,0,0,0,0,0,0,0,1,1,1,1,1,1,1,False,False,True
engine_dp:1:step:962,engine_core_dp_step,1,32000x1000_b16,pure_decode,tp4dp2moetp1ep8,962,962,0,8,8,0,8,8,8,FULL:8,FULL,962,962,0,8,8,0,8,8,8,FULL:8,FULL,0,0,0,0,0,0,0,1,1,1,1,1,1,1,False,False,True
engine_dp:1:step:963,engine_core_dp_step,1,32000x1000_b16,pure_decode,tp4dp2moetp1ep8,963,963,0,8,8,0,8,8,8,FULL:8,FULL,963,963,0,8,8,0,8,8,8,FULL:8,FULL,0,0,0,0,0,0,0,1,1,1,1,1,1,1,False,False,True
engine_dp:1:step:964,engine_core_dp_step,1,32000x1000_b16,pure_decode,tp4dp2moetp1ep8,964,964,0,8,8,0,8,8,8,FULL:8,FULL,964,964,0,8,8,0,8,8,8,FULL:8,FULL,0,0,0,0,0,0,0,1,1,1,1,1,1,1,False,False,True
engine_dp:1:step:965,engine_core_dp_step,1,32000x1000_b16,pure_decode,tp4dp2moetp1ep8,965,965,0,8,8,0,8,8,8,FULL:8,FULL,965,965,0,8,8,0,8,8,8,FULL:8,FULL,0,0,0,0,0,0,0,1,1,1,1,1,1,1,False,False,True
engine_dp:1:step:966,engine_core_dp_step,1,32000x1000_b16,pure_decode,tp4dp2moetp1ep8,966,966,0,8,8,0,8,8,8,FULL:8,FULL,966,966,0,8,8,0,8,8,8,FULL:8,FULL,0,0,0,0,0,0,0,1,1,1,1,1,1,1,False,False,True
engine_dp:1:step:967,engine_core_dp_step,1,32000x1000_b16,pure_decode,tp4dp2moetp1ep8,967,967,0,8,8,0,8,8,8,FULL:8,FULL,967,967,0,8,8,0,8,8,8,FULL:8,FULL,0,0,0,0,0,0,0,1,1,1,1,1,1,1,False,False,True
engine_dp:1:step:968,engine_core_dp_step,1,32000x1000_b16,pure_decode,tp4dp2moetp1ep8,968,968,0,8,8,0,8,8,8,FULL:8,FULL,968,968,0,8,8,0,8,8,8,FULL:8,FULL,0,0,0,0,0,0,0,1,1,1,1,1,1,1,False,False,True
engine_dp:1:step:969,engine_core_dp_step,1,32000x1000_b16,pure_decode,tp4dp2moetp1ep8,969,969,0,8,8,0,8,8,8,FULL:8,FULL,969,969,0,8,8,0,8,8,8,FULL:8,FULL,0,0,0,0,0,0,0,1,1,1,1,1,1,1,False,False,True
engine_dp:1:step:970,engine_core_dp_step,1,32000x1000_b16,pure_decode,tp4dp2moetp1ep8,970,970,0,8,8,0,8,8,8,FULL:8,FULL,970,970,0,8,8,0,8,8,8,FULL:8,FULL,0,0,0,0,0,0,0,1,1,1,1,1,1,1,False,False,True
engine_dp:1:step:971,engine_core_dp_step,1,32000x1000_b16,pure_decode,tp4dp2moetp1ep8,971,971,0,8,8,0,8,8,8,FULL:8,FULL,971,971,0,8,8,0,8,8,8,FULL:8,FULL,0,0,0,0,0,0,0,1,1,1,1,1,1,1,False,False,True
engine_dp:1:step:972,engine_core_dp_step,1,32000x1000_b16,pure_decode,tp4dp2moetp1ep8,972,972,0,8,8,0,8,8,8,FULL:8,FULL,972,972,0,8,8,0,8,8,8,FULL:8,FULL,0,0,0,0,0,0,0,1,1,1,1,1,1,1,False,False,True
engine_dp:1:step:973,engine_core_dp_step,1,32000x1000_b16,pure_decode,tp4dp2moetp1ep8,973,973,0,8,8,0,8,8,8,FULL:8,FULL,973,973,0,8,8,0,8,8,8,FULL:8,FULL,0,0,0,0,0,0,0,1,1,1,1,1,1,1,False,False,True
engine_dp:1:step:974,engine_core_dp_step,1,32000x1000_b16,pure_decode,tp4dp2moetp1ep8,974,974,0,8,8,0,8,8,8,FULL:8,FULL,974,974,0,8,8,0,8,8,8,FULL:8,FULL,0,0,0,0,0,0,0,1,1,1,1,1,1,1,False,False,True
engine_dp:1:step:975,engine_core_dp_step,1,32000x1000_b16,pure_decode,tp4dp2moetp1ep8,975,975,0,8,8,0,8,8,8,FULL:8,FULL,975,975,0,8,8,0,8,8,8,FULL:8,FULL,0,0,0,0,0,0,0,1,1,1,1,1,1,1,False,False,True
engine_dp:1:step:976,engine_core_dp_step,1,32000x1000_b16,pure_decode,tp4dp2moetp1ep8,976,976,0,8,8,0,8,8,8,FULL:8,FULL,976,976,0,8,8,0,8,8,8,FULL:8,FULL,0,0,0,0,0,0,0,1,1,1,1,1,1,1,False,False,True
engine_dp:1:step:977,engine_core_dp_step,1,32000x1000_b16,pure_decode,tp4dp2moetp1ep8,977,977,0,8,8,0,8,8,8,FULL:8,FULL,977,977,0,8,8,0,8,8,8,FULL:8,FULL,0,0,0,0,0,0,0,1,1,1,1,1,1,1,False,False,True
engine_dp:1:step:978,engine_core_dp_step,1,32000x1000_b16,pure_decode,tp4dp2moetp1ep8,978,978,0,8,8,0,8,8,8,FULL:8,FULL,978,978,0,8,8,0,8,8,8,FULL:8,FULL,0,0,0,0,0,0,0,1,1,1,1,1,1,1,False,False,True
engine_dp:1:step:979,engine_core_dp_step,1,32000x1000_b16,pure_decode,tp4dp2moetp1ep8,979,979,0,8,8,0,8,8,8,FULL:8,FULL,979,979,0,8,8,0,8,8,8,FULL:8,FULL,0,0,0,0,0,0,0,1,1,1,1,1,1,1,False,False,True
engine_dp:1:step:980,engine_core_dp_step,1,32000x1000_b16,pure_decode,tp4dp2moetp1ep8,980,980,0,8,8,0,8,8,8,FULL:8,FULL,980,980,0,8,8,0,8,8,8,FULL:8,FULL,0,0,0,0,0,0,0,1,1,1,1,1,1,1,False,False,True
engine_dp:1:step:981,engine_core_dp_step,1,32000x1000_b16,pure_decode,tp4dp2moetp1ep8,981,981,0,8,8,0,8,8,8,FULL:8,FULL,981,981,0,8,8,0,8,8,8,FULL:8,FULL,0,0,0,0,0,0,0,1,1,1,1,1,1,1,False,False,True
engine_dp:1:step:982,engine_core_dp_step,1,32000x1000_b16,pure_decode,tp4dp2moetp1ep8,982,982,0,8,8,0,8,8,8,FULL:8,FULL,982,982,0,8,8,0,8,8,8,FULL:8,FULL,0,0,0,0,0,0,0,1,1,1,1,1,1,1,False,False,True
engine_dp:1:step:983,engine_core_dp_step,1,32000x1000_b16,pure_decode,tp4dp2moetp1ep8,983,983,0,8,8,0,8,8,8,FULL:8,FULL,983,983,0,8,8,0,8,8,8,FULL:8,FULL,0,0,0,0,0,0,0,1,1,1,1,1,1,1,False,False,True
engine_dp:1:step:984,engine_core_dp_step,1,32000x1000_b16,pure_decode,tp4dp2moetp1ep8,984,984,0,8,8,0,8,8,8,FULL:8,FULL,984,984,0,8,8,0,8,8,8,FULL:8,FULL,0,0,0,0,0,0,0,1,1,1,1,1,1,1,False,False,True
engine_dp:1:step:985,engine_core_dp_step,1,32000x1000_b16,pure_decode,tp4dp2moetp1ep8,985,985,0,8,8,0,8,8,8,FULL:8,FULL,985,985,0,8,8,0,8,8,8,FULL:8,FULL,0,0,0,0,0,0,0,1,1,1,1,1,1,1,False,False,True
engine_dp:1:step:986,engine_core_dp_step,1,32000x1000_b16,pure_decode,tp4dp2moetp1ep8,986,986,0,8,8,0,8,8,8,FULL:8,FULL,986,986,0,8,8,0,8,8,8,FULL:8,FULL,0,0,0,0,0,0,0,1,1,1,1,1,1,1,False,False,True
engine_dp:1:step:987,engine_core_dp_step,1,32000x1000_b16,pure_decode,tp4dp2moetp1ep8,987,987,0,8,8,0,8,8,8,FULL:8,FULL,987,987,0,8,8,0,8,8,8,FULL:8,FULL,0,0,0,0,0,0,0,1,1,1,1,1,1,1,False,False,True
engine_dp:1:step:988,engine_core_dp_step,1,32000x1000_b16,pure_decode,tp4dp2moetp1ep8,988,988,0,8,8,0,8,8,8,FULL:8,FULL,988,988,0,8,8,0,8,8,8,FULL:8,FULL,0,0,0,0,0,0,0,1,1,1,1,1,1,1,False,False,True
engine_dp:1:step:989,engine_core_dp_step,1,32000x1000_b16,pure_decode,tp4dp2moetp1ep8,989,989,0,8,8,0,8,8,8,FULL:8,FULL,989,989,0,8,8,0,8,8,8,FULL:8,FULL,0,0,0,0,0,0,0,1,1,1,1,1,1,1,False,False,True
engine_dp:1:step:990,engine_core_dp_step,1,32000x1000_b16,pure_decode,tp4dp2moetp1ep8,990,990,0,8,8,0,8,8,8,FULL:8,FULL,990,990,0,8,8,0,8,8,8,FULL:8,FULL,0,0,0,0,0,0,0,1,1,1,1,1,1,1,False,False,True
engine_dp:1:step:991,engine_core_dp_step,1,32000x1000_b16,pure_decode,tp4dp2moetp1ep8,991,991,0,8,8,0,8,8,8,FULL:8,FULL,991,991,0,8,8,0,8,8,8,FULL:8,FULL,0,0,0,0,0,0,0,1,1,1,1,1,1,1,False,False,True
engine_dp:1:step:992,engine_core_dp_step,1,32000x1000_b16,pure_decode,tp4dp2moetp1ep8,992,992,0,8,8,0,8,8,8,FULL:8,FULL,992,992,0,8,8,0,8,8,8,FULL:8,FULL,0,0,0,0,0,0,0,1,1,1,1,1,1,1,False,False,True
engine_dp:1:step:993,engine_core_dp_step,1,32000x1000_b16,pure_decode,tp4dp2moetp1ep8,993,993,0,8,8,0,8,8,8,FULL:8,FULL,993,993,0,8,8,0,8,8,8,FULL:8,FULL,0,0,0,0,0,0,0,1,1,1,1,1,1,1,False,False,True
engine_dp:1:step:994,engine_core_dp_step,1,32000x1000_b16,pure_decode,tp4dp2moetp1ep8,994,994,0,8,8,0,8,8,8,FULL:8,FULL,994,994,0,8,8,0,8,8,8,FULL:8,FULL,0,0,0,0,0,0,0,1,1,1,1,1,1,1,False,False,True
engine_dp:1:step:995,engine_core_dp_step,1,32000x1000_b16,pure_decode,tp4dp2moetp1ep8,995,995,0,8,8,0,8,8,8,FULL:8,FULL,995,995,0,8,8,0,8,8,8,FULL:8,FULL,0,0,0,0,0,0,0,1,1,1,1,1,1,1,False,False,True
engine_dp:1:step:996,engine_core_dp_step,1,32000x1000_b16,pure_decode,tp4dp2moetp1ep8,996,996,0,8,8,0,8,8,8,FULL:8,FULL,996,996,0,8,8,0,8,8,8,FULL:8,FULL,0,0,0,0,0,0,0,1,1,1,1,1,1,1,False,False,True
engine_dp:1:step:997,engine_core_dp_step,1,32000x1000_b16,pure_decode,tp4dp2moetp1ep8,997,997,0,8,8,0,8,8,8,FULL:8,FULL,997,997,0,8,8,0,8,8,8,FULL:8,FULL,0,0,0,0,0,0,0,1,1,1,1,1,1,1,False,False,True
engine_dp:1:step:998,engine_core_dp_step,1,32000x1000_b16,pure_decode,tp4dp2moetp1ep8,998,998,0,8,8,0,8,8,8,FULL:8,FULL,998,998,0,8,8,0,8,8,8,FULL:8,FULL,0,0,0,0,0,0,0,1,1,1,1,1,1,1,False,False,True
engine_dp:1:step:999,engine_core_dp_step,1,32000x1000_b16,pure_decode,tp4dp2moetp1ep8,999,999,0,8,8,0,8,8,8,FULL:8,FULL,999,999,0,8,8,0,8,8,8,FULL:8,FULL,0,0,0,0,0,0,0,1,1,1,1,1,1,1,False,False,True
engine_dp:1:step:1000,engine_core_dp_step,1,32000x1000_b16,pure_decode,tp4dp2moetp1ep8,1000,1000,0,8,8,0,8,8,8,FULL:8,FULL,1000,1000,0,8,8,0,8,8,8,FULL:8,FULL,0,0,0,0,0,0,0,1,1,1,1,1,1,1,False,False,True
engine_dp:1:step:1001,engine_core_dp_step,1,32000x1000_b16,pure_decode,tp4dp2moetp1ep8,1001,1001,0,8,8,0,8,8,8,FULL:8,FULL,1001,1001,0,8,8,0,8,8,8,FULL:8,FULL,0,0,0,0,0,0,0,1,1,1,1,1,1,1,False,False,True
engine_dp:1:step:1002,engine_core_dp_step,1,32000x1000_b16,pure_decode,tp4dp2moetp1ep8,1002,1002,0,8,8,0,8,8,8,FULL:8,FULL,1002,1002,0,8,8,0,8,8,8,FULL:8,FULL,0,0,0,0,0,0,0,1,1,1,1,1,1,1,False,False,True
