source,row_type,scenario,phase,category,miss_reason,classification,grid_axis,collection_required,expected,bucket_tokens,decode_batch,bucket_min,bucket_max,decode_batch_min,decode_batch_max,unique_points,count,collection_note,gpu_allowed,ssh_allowed,runtime_modified,perf_database,valid_for_default,diagnostic_only,default_readiness
phase437_serving_state_precheck,miss_class_summary,K2.5-tp4ep8dp2-32k3k,decode,collective_other,bucket_below_range,expected_ramp_or_tail_fallback,low_ramp_below_grid,false,true,,,,,,,7,12,low-batch or partial-prefill ramp/tail query; keep fallback unless it becomes a gate target,false,false,false,false,false,true,No-Go
phase437_serving_state_precheck,miss_class_summary,K2.5-tp4ep8dp2-32k3k,decode,collective_other,interpolation_gap,in_scope_grid_gap,rectangular_grid_density,true,true,,,,,,,2,8,existing diagonal/window points do not bracket this 2D query,false,false,false,false,false,true,No-Go
phase437_serving_state_precheck,miss_class_summary,K2.5-tp4ep8dp2-32k3k,decode,ep_a2a,bucket_below_range,expected_ramp_or_tail_fallback,low_ramp_below_grid,false,true,,,,,,,7,12,low-batch or partial-prefill ramp/tail query; keep fallback unless it becomes a gate target,false,false,false,false,false,true,No-Go
phase437_serving_state_precheck,miss_class_summary,K2.5-tp4ep8dp2-32k3k,decode,ep_a2a,interpolation_gap,in_scope_grid_gap,rectangular_grid_density,true,true,,,,,,,2,8,existing diagonal/window points do not bracket this 2D query,false,false,false,false,false,true,No-Go
phase437_serving_state_precheck,miss_class_summary,K2.5-tp4ep8dp2-32k3k,decode,moe_gemm_or_aux,bucket_below_range,expected_ramp_or_tail_fallback,low_ramp_below_grid,false,true,,,,,,,7,12,low-batch or partial-prefill ramp/tail query; keep fallback unless it becomes a gate target,false,false,false,false,false,true,No-Go
phase437_serving_state_precheck,miss_class_summary,K2.5-tp4ep8dp2-32k3k,decode,moe_gemm_or_aux,interpolation_gap,in_scope_grid_gap,rectangular_grid_density,true,true,,,,,,,2,8,existing diagonal/window points do not bracket this 2D query,false,false,false,false,false,true,No-Go
phase437_serving_state_precheck,miss_class_summary,K2.5-tp4ep8dp2-32k3k,decode,other_cuda,bucket_below_range,expected_ramp_or_tail_fallback,low_ramp_below_grid,false,true,,,,,,,7,12,low-batch or partial-prefill ramp/tail query; keep fallback unless it becomes a gate target,false,false,false,false,false,true,No-Go
phase437_serving_state_precheck,miss_class_summary,K2.5-tp4ep8dp2-32k3k,decode,other_cuda,interpolation_gap,in_scope_grid_gap,rectangular_grid_density,true,true,,,,,,,2,8,existing diagonal/window points do not bracket this 2D query,false,false,false,false,false,true,No-Go
phase437_serving_state_precheck,miss_class_summary,K2.5-tp4ep8dp2-32k3k,mixed_prefill,collective_other,bucket_below_range,expected_ramp_or_tail_fallback,low_ramp_below_grid,false,true,,,,,,,32,32,low-batch or partial-prefill ramp/tail query; keep fallback unless it becomes a gate target,false,false,false,false,false,true,No-Go
phase437_serving_state_precheck,miss_class_summary,K2.5-tp4ep8dp2-32k3k,mixed_prefill,collective_other,decode_batch_above_range,in_scope_grid_gap,decode_batch_high,true,true,,,,,,,1,1,collect higher decode_batch grid points for this phase/category,false,false,false,false,false,true,No-Go
phase437_serving_state_precheck,miss_class_summary,K2.5-tp4ep8dp2-32k3k,mixed_prefill,collective_other,hit,covered,none,false,true,,,,,,,8,18,serving-state query already hits the measured grid,false,false,false,false,false,true,No-Go
phase437_serving_state_precheck,miss_class_summary,K2.5-tp4ep8dp2-32k3k,mixed_prefill,ep_a2a,bucket_below_range,expected_ramp_or_tail_fallback,low_ramp_below_grid,false,true,,,,,,,32,32,low-batch or partial-prefill ramp/tail query; keep fallback unless it becomes a gate target,false,false,false,false,false,true,No-Go
phase437_serving_state_precheck,miss_class_summary,K2.5-tp4ep8dp2-32k3k,mixed_prefill,ep_a2a,decode_batch_above_range,in_scope_grid_gap,decode_batch_high,true,true,,,,,,,1,1,collect higher decode_batch grid points for this phase/category,false,false,false,false,false,true,No-Go
phase437_serving_state_precheck,miss_class_summary,K2.5-tp4ep8dp2-32k3k,mixed_prefill,ep_a2a,hit,covered,none,false,true,,,,,,,8,18,serving-state query already hits the measured grid,false,false,false,false,false,true,No-Go
phase437_serving_state_precheck,miss_class_summary,K2.5-tp4ep8dp2-32k3k,mixed_prefill,moe_gemm_or_aux,bucket_below_range,expected_ramp_or_tail_fallback,low_ramp_below_grid,false,true,,,,,,,32,32,low-batch or partial-prefill ramp/tail query; keep fallback unless it becomes a gate target,false,false,false,false,false,true,No-Go
phase437_serving_state_precheck,miss_class_summary,K2.5-tp4ep8dp2-32k3k,mixed_prefill,moe_gemm_or_aux,decode_batch_above_range,in_scope_grid_gap,decode_batch_high,true,true,,,,,,,1,1,collect higher decode_batch grid points for this phase/category,false,false,false,false,false,true,No-Go
phase437_serving_state_precheck,miss_class_summary,K2.5-tp4ep8dp2-32k3k,mixed_prefill,moe_gemm_or_aux,hit,covered,none,false,true,,,,,,,8,18,serving-state query already hits the measured grid,false,false,false,false,false,true,No-Go
phase437_serving_state_precheck,miss_class_summary,K2.5-tp4ep8dp2-32k3k,mixed_prefill,other_cuda,bucket_below_range,expected_ramp_or_tail_fallback,low_ramp_below_grid,false,true,,,,,,,32,32,low-batch or partial-prefill ramp/tail query; keep fallback unless it becomes a gate target,false,false,false,false,false,true,No-Go
phase437_serving_state_precheck,miss_class_summary,K2.5-tp4ep8dp2-32k3k,mixed_prefill,other_cuda,decode_batch_above_range,in_scope_grid_gap,decode_batch_high,true,true,,,,,,,1,1,collect higher decode_batch grid points for this phase/category,false,false,false,false,false,true,No-Go
phase437_serving_state_precheck,miss_class_summary,K2.5-tp4ep8dp2-32k3k,mixed_prefill,other_cuda,hit,covered,none,false,true,,,,,,,8,18,serving-state query already hits the measured grid,false,false,false,false,false,true,No-Go
phase437_serving_state_precheck,miss_class_summary,K2.5-tp4ep8dp2-32k3k,prefill,collective_other,table_missing,expected_pure_prefill_fallback,pure_prefill_not_in_serving_state_table,false,true,,,,,,,1,1,pure prefill remains on the baseline model; Phase437 targets mixed_prefill and decode,false,false,false,false,false,true,No-Go
phase437_serving_state_precheck,miss_class_summary,K2.5-tp4ep8dp2-32k3k,prefill,ep_a2a,table_missing,expected_pure_prefill_fallback,pure_prefill_not_in_serving_state_table,false,true,,,,,,,1,1,pure prefill remains on the baseline model; Phase437 targets mixed_prefill and decode,false,false,false,false,false,true,No-Go
phase437_serving_state_precheck,miss_class_summary,K2.5-tp4ep8dp2-32k3k,prefill,moe_gemm_or_aux,table_missing,expected_pure_prefill_fallback,pure_prefill_not_in_serving_state_table,false,true,,,,,,,1,1,pure prefill remains on the baseline model; Phase437 targets mixed_prefill and decode,false,false,false,false,false,true,No-Go
phase437_serving_state_precheck,miss_class_summary,K2.5-tp4ep8dp2-32k3k,prefill,other_cuda,table_missing,expected_pure_prefill_fallback,pure_prefill_not_in_serving_state_table,false,true,,,,,,,1,1,pure prefill remains on the baseline model; Phase437 targets mixed_prefill and decode,false,false,false,false,false,true,No-Go
phase437_serving_state_precheck,miss_class_summary,K2.5-tp4ep8dp2-8k2k,decode,collective_other,bucket_above_range,in_scope_grid_gap,token_or_decode_bucket_high,true,true,,,,,,,12,15,collect higher token bucket points; decode phase uses bucket_tokens=decode_batch,false,false,false,false,false,true,No-Go
phase437_serving_state_precheck,miss_class_summary,K2.5-tp4ep8dp2-8k2k,decode,collective_other,bucket_below_range,expected_ramp_or_tail_fallback,low_ramp_below_grid,false,true,,,,,,,7,7,low-batch or partial-prefill ramp/tail query; keep fallback unless it becomes a gate target,false,false,false,false,false,true,No-Go
phase437_serving_state_precheck,miss_class_summary,K2.5-tp4ep8dp2-8k2k,decode,collective_other,hit,covered,none,false,true,,,,,,,3,3,serving-state query already hits the measured grid,false,false,false,false,false,true,No-Go
phase437_serving_state_precheck,miss_class_summary,K2.5-tp4ep8dp2-8k2k,decode,collective_other,interpolation_gap,in_scope_grid_gap,rectangular_grid_density,true,true,,,,,,,42,42,existing diagonal/window points do not bracket this 2D query,false,false,false,false,false,true,No-Go
phase437_serving_state_precheck,miss_class_summary,K2.5-tp4ep8dp2-8k2k,decode,ep_a2a,bucket_above_range,in_scope_grid_gap,token_or_decode_bucket_high,true,true,,,,,,,12,15,collect higher token bucket points; decode phase uses bucket_tokens=decode_batch,false,false,false,false,false,true,No-Go
phase437_serving_state_precheck,miss_class_summary,K2.5-tp4ep8dp2-8k2k,decode,ep_a2a,bucket_below_range,expected_ramp_or_tail_fallback,low_ramp_below_grid,false,true,,,,,,,7,7,low-batch or partial-prefill ramp/tail query; keep fallback unless it becomes a gate target,false,false,false,false,false,true,No-Go
phase437_serving_state_precheck,miss_class_summary,K2.5-tp4ep8dp2-8k2k,decode,ep_a2a,hit,covered,none,false,true,,,,,,,3,3,serving-state query already hits the measured grid,false,false,false,false,false,true,No-Go
phase437_serving_state_precheck,miss_class_summary,K2.5-tp4ep8dp2-8k2k,decode,ep_a2a,interpolation_gap,in_scope_grid_gap,rectangular_grid_density,true,true,,,,,,,42,42,existing diagonal/window points do not bracket this 2D query,false,false,false,false,false,true,No-Go
phase437_serving_state_precheck,miss_class_summary,K2.5-tp4ep8dp2-8k2k,decode,moe_gemm_or_aux,bucket_above_range,in_scope_grid_gap,token_or_decode_bucket_high,true,true,,,,,,,12,15,collect higher token bucket points; decode phase uses bucket_tokens=decode_batch,false,false,false,false,false,true,No-Go
phase437_serving_state_precheck,miss_class_summary,K2.5-tp4ep8dp2-8k2k,decode,moe_gemm_or_aux,bucket_below_range,expected_ramp_or_tail_fallback,low_ramp_below_grid,false,true,,,,,,,7,7,low-batch or partial-prefill ramp/tail query; keep fallback unless it becomes a gate target,false,false,false,false,false,true,No-Go
phase437_serving_state_precheck,miss_class_summary,K2.5-tp4ep8dp2-8k2k,decode,moe_gemm_or_aux,hit,covered,none,false,true,,,,,,,3,3,serving-state query already hits the measured grid,false,false,false,false,false,true,No-Go
phase437_serving_state_precheck,miss_class_summary,K2.5-tp4ep8dp2-8k2k,decode,moe_gemm_or_aux,interpolation_gap,in_scope_grid_gap,rectangular_grid_density,true,true,,,,,,,42,42,existing diagonal/window points do not bracket this 2D query,false,false,false,false,false,true,No-Go
phase437_serving_state_precheck,miss_class_summary,K2.5-tp4ep8dp2-8k2k,decode,other_cuda,bucket_above_range,in_scope_grid_gap,token_or_decode_bucket_high,true,true,,,,,,,12,15,collect higher token bucket points; decode phase uses bucket_tokens=decode_batch,false,false,false,false,false,true,No-Go
phase437_serving_state_precheck,miss_class_summary,K2.5-tp4ep8dp2-8k2k,decode,other_cuda,bucket_below_range,expected_ramp_or_tail_fallback,low_ramp_below_grid,false,true,,,,,,,7,7,low-batch or partial-prefill ramp/tail query; keep fallback unless it becomes a gate target,false,false,false,false,false,true,No-Go
phase437_serving_state_precheck,miss_class_summary,K2.5-tp4ep8dp2-8k2k,decode,other_cuda,hit,covered,none,false,true,,,,,,,3,3,serving-state query already hits the measured grid,false,false,false,false,false,true,No-Go
phase437_serving_state_precheck,miss_class_summary,K2.5-tp4ep8dp2-8k2k,decode,other_cuda,interpolation_gap,in_scope_grid_gap,rectangular_grid_density,true,true,,,,,,,42,42,existing diagonal/window points do not bracket this 2D query,false,false,false,false,false,true,No-Go
phase437_serving_state_precheck,miss_class_summary,K2.5-tp4ep8dp2-8k2k,mixed_prefill,collective_other,bucket_below_range,expected_ramp_or_tail_fallback,low_ramp_below_grid,false,true,,,,,,,3,3,low-batch or partial-prefill ramp/tail query; keep fallback unless it becomes a gate target,false,false,false,false,false,true,No-Go
phase437_serving_state_precheck,miss_class_summary,K2.5-tp4ep8dp2-8k2k,mixed_prefill,collective_other,decode_batch_above_range,in_scope_grid_gap,decode_batch_high,true,true,,,,,,,62,66,collect higher decode_batch grid points for this phase/category,false,false,false,false,false,true,No-Go
phase437_serving_state_precheck,miss_class_summary,K2.5-tp4ep8dp2-8k2k,mixed_prefill,collective_other,hit,covered,none,false,true,,,,,,,1,2,serving-state query already hits the measured grid,false,false,false,false,false,true,No-Go
phase437_serving_state_precheck,miss_class_summary,K2.5-tp4ep8dp2-8k2k,mixed_prefill,ep_a2a,bucket_below_range,expected_ramp_or_tail_fallback,low_ramp_below_grid,false,true,,,,,,,3,3,low-batch or partial-prefill ramp/tail query; keep fallback unless it becomes a gate target,false,false,false,false,false,true,No-Go
phase437_serving_state_precheck,miss_class_summary,K2.5-tp4ep8dp2-8k2k,mixed_prefill,ep_a2a,decode_batch_above_range,in_scope_grid_gap,decode_batch_high,true,true,,,,,,,29,33,collect higher decode_batch grid points for this phase/category,false,false,false,false,false,true,No-Go
phase437_serving_state_precheck,miss_class_summary,K2.5-tp4ep8dp2-8k2k,mixed_prefill,ep_a2a,hit,covered,none,false,true,,,,,,,34,35,serving-state query already hits the measured grid,false,false,false,false,false,true,No-Go
phase437_serving_state_precheck,miss_class_summary,K2.5-tp4ep8dp2-8k2k,mixed_prefill,moe_gemm_or_aux,bucket_below_range,expected_ramp_or_tail_fallback,low_ramp_below_grid,false,true,,,,,,,3,3,low-batch or partial-prefill ramp/tail query; keep fallback unless it becomes a gate target,false,false,false,false,false,true,No-Go
phase437_serving_state_precheck,miss_class_summary,K2.5-tp4ep8dp2-8k2k,mixed_prefill,moe_gemm_or_aux,decode_batch_above_range,in_scope_grid_gap,decode_batch_high,true,true,,,,,,,29,33,collect higher decode_batch grid points for this phase/category,false,false,false,false,false,true,No-Go
phase437_serving_state_precheck,miss_class_summary,K2.5-tp4ep8dp2-8k2k,mixed_prefill,moe_gemm_or_aux,hit,covered,none,false,true,,,,,,,34,35,serving-state query already hits the measured grid,false,false,false,false,false,true,No-Go
phase437_serving_state_precheck,miss_class_summary,K2.5-tp4ep8dp2-8k2k,mixed_prefill,other_cuda,bucket_below_range,expected_ramp_or_tail_fallback,low_ramp_below_grid,false,true,,,,,,,3,3,low-batch or partial-prefill ramp/tail query; keep fallback unless it becomes a gate target,false,false,false,false,false,true,No-Go
phase437_serving_state_precheck,miss_class_summary,K2.5-tp4ep8dp2-8k2k,mixed_prefill,other_cuda,decode_batch_above_range,in_scope_grid_gap,decode_batch_high,true,true,,,,,,,29,33,collect higher decode_batch grid points for this phase/category,false,false,false,false,false,true,No-Go
phase437_serving_state_precheck,miss_class_summary,K2.5-tp4ep8dp2-8k2k,mixed_prefill,other_cuda,hit,covered,none,false,true,,,,,,,34,35,serving-state query already hits the measured grid,false,false,false,false,false,true,No-Go
phase437_serving_state_precheck,miss_class_summary,K2.5-tp4ep8dp2-8k2k,prefill,collective_other,table_missing,expected_pure_prefill_fallback,pure_prefill_not_in_serving_state_table,false,true,,,,,,,1,1,pure prefill remains on the baseline model; Phase437 targets mixed_prefill and decode,false,false,false,false,false,true,No-Go
phase437_serving_state_precheck,miss_class_summary,K2.5-tp4ep8dp2-8k2k,prefill,ep_a2a,table_missing,expected_pure_prefill_fallback,pure_prefill_not_in_serving_state_table,false,true,,,,,,,1,1,pure prefill remains on the baseline model; Phase437 targets mixed_prefill and decode,false,false,false,false,false,true,No-Go
phase437_serving_state_precheck,miss_class_summary,K2.5-tp4ep8dp2-8k2k,prefill,moe_gemm_or_aux,table_missing,expected_pure_prefill_fallback,pure_prefill_not_in_serving_state_table,false,true,,,,,,,1,1,pure prefill remains on the baseline model; Phase437 targets mixed_prefill and decode,false,false,false,false,false,true,No-Go
phase437_serving_state_precheck,miss_class_summary,K2.5-tp4ep8dp2-8k2k,prefill,other_cuda,table_missing,expected_pure_prefill_fallback,pure_prefill_not_in_serving_state_table,false,true,,,,,,,1,1,pure prefill remains on the baseline model; Phase437 targets mixed_prefill and decode,false,false,false,false,false,true,No-Go
phase437_serving_state_precheck,collection_axis_requirement,K2.5-tp4ep8dp2-32k3k,decode,collective_other,,phase437_required_grid_coverage,rectangular_grid_density,true,true,,,9,10,9,10,2,8,Phase437 must collect a real 2D grid; diagonal-only points are insufficient.,false,false,false,false,false,true,No-Go
phase437_serving_state_precheck,collection_axis_requirement,K2.5-tp4ep8dp2-32k3k,decode,ep_a2a,,phase437_required_grid_coverage,rectangular_grid_density,true,true,,,9,10,9,10,2,8,Phase437 must collect a real 2D grid; diagonal-only points are insufficient.,false,false,false,false,false,true,No-Go
phase437_serving_state_precheck,collection_axis_requirement,K2.5-tp4ep8dp2-32k3k,decode,moe_gemm_or_aux,,phase437_required_grid_coverage,rectangular_grid_density,true,true,,,9,10,9,10,2,8,Phase437 must collect a real 2D grid; diagonal-only points are insufficient.,false,false,false,false,false,true,No-Go
phase437_serving_state_precheck,collection_axis_requirement,K2.5-tp4ep8dp2-32k3k,decode,other_cuda,,phase437_required_grid_coverage,rectangular_grid_density,true,true,,,9,10,9,10,2,8,Phase437 must collect a real 2D grid; diagonal-only points are insufficient.,false,false,false,false,false,true,No-Go
phase437_serving_state_precheck,collection_axis_requirement,K2.5-tp4ep8dp2-32k3k,mixed_prefill,collective_other,,phase437_required_grid_coverage,decode_batch_high,true,true,,,32000,32000,9,9,1,1,Phase437 decode-batch sweep must cover the observed high batch endpoint.,false,false,false,false,false,true,No-Go
phase437_serving_state_precheck,collection_axis_requirement,K2.5-tp4ep8dp2-32k3k,mixed_prefill,ep_a2a,,phase437_required_grid_coverage,decode_batch_high,true,true,,,32000,32000,9,9,1,1,Phase437 decode-batch sweep must cover the observed high batch endpoint.,false,false,false,false,false,true,No-Go
phase437_serving_state_precheck,collection_axis_requirement,K2.5-tp4ep8dp2-32k3k,mixed_prefill,moe_gemm_or_aux,,phase437_required_grid_coverage,decode_batch_high,true,true,,,32000,32000,9,9,1,1,Phase437 decode-batch sweep must cover the observed high batch endpoint.,false,false,false,false,false,true,No-Go
phase437_serving_state_precheck,collection_axis_requirement,K2.5-tp4ep8dp2-32k3k,mixed_prefill,other_cuda,,phase437_required_grid_coverage,decode_batch_high,true,true,,,32000,32000,9,9,1,1,Phase437 decode-batch sweep must cover the observed high batch endpoint.,false,false,false,false,false,true,No-Go
phase437_serving_state_precheck,collection_axis_requirement,K2.5-tp4ep8dp2-8k2k,decode,collective_other,,phase437_required_grid_coverage,rectangular_grid_density,true,true,,,9,51,9,51,42,42,Phase437 must collect a real 2D grid; diagonal-only points are insufficient.,false,false,false,false,false,true,No-Go
phase437_serving_state_precheck,collection_axis_requirement,K2.5-tp4ep8dp2-8k2k,decode,collective_other,,phase437_required_grid_coverage,token_or_decode_bucket_high,true,true,,,53,64,53,64,12,15,Phase437 token/decode bucket sweep must cover the observed high token endpoint.,false,false,false,false,false,true,No-Go
phase437_serving_state_precheck,collection_axis_requirement,K2.5-tp4ep8dp2-8k2k,decode,ep_a2a,,phase437_required_grid_coverage,rectangular_grid_density,true,true,,,9,51,9,51,42,42,Phase437 must collect a real 2D grid; diagonal-only points are insufficient.,false,false,false,false,false,true,No-Go
phase437_serving_state_precheck,collection_axis_requirement,K2.5-tp4ep8dp2-8k2k,decode,ep_a2a,,phase437_required_grid_coverage,token_or_decode_bucket_high,true,true,,,53,64,53,64,12,15,Phase437 token/decode bucket sweep must cover the observed high token endpoint.,false,false,false,false,false,true,No-Go
phase437_serving_state_precheck,collection_axis_requirement,K2.5-tp4ep8dp2-8k2k,decode,moe_gemm_or_aux,,phase437_required_grid_coverage,rectangular_grid_density,true,true,,,9,51,9,51,42,42,Phase437 must collect a real 2D grid; diagonal-only points are insufficient.,false,false,false,false,false,true,No-Go
phase437_serving_state_precheck,collection_axis_requirement,K2.5-tp4ep8dp2-8k2k,decode,moe_gemm_or_aux,,phase437_required_grid_coverage,token_or_decode_bucket_high,true,true,,,53,64,53,64,12,15,Phase437 token/decode bucket sweep must cover the observed high token endpoint.,false,false,false,false,false,true,No-Go
phase437_serving_state_precheck,collection_axis_requirement,K2.5-tp4ep8dp2-8k2k,decode,other_cuda,,phase437_required_grid_coverage,rectangular_grid_density,true,true,,,9,51,9,51,42,42,Phase437 must collect a real 2D grid; diagonal-only points are insufficient.,false,false,false,false,false,true,No-Go
phase437_serving_state_precheck,collection_axis_requirement,K2.5-tp4ep8dp2-8k2k,decode,other_cuda,,phase437_required_grid_coverage,token_or_decode_bucket_high,true,true,,,53,64,53,64,12,15,Phase437 token/decode bucket sweep must cover the observed high token endpoint.,false,false,false,false,false,true,No-Go
phase437_serving_state_precheck,collection_axis_requirement,K2.5-tp4ep8dp2-8k2k,mixed_prefill,collective_other,,phase437_required_grid_coverage,decode_batch_high,true,true,,,8000,8000,2,63,62,66,Phase437 decode-batch sweep must cover the observed high batch endpoint.,false,false,false,false,false,true,No-Go
phase437_serving_state_precheck,collection_axis_requirement,K2.5-tp4ep8dp2-8k2k,mixed_prefill,ep_a2a,,phase437_required_grid_coverage,decode_batch_high,true,true,,,8000,8000,35,63,29,33,Phase437 decode-batch sweep must cover the observed high batch endpoint.,false,false,false,false,false,true,No-Go
phase437_serving_state_precheck,collection_axis_requirement,K2.5-tp4ep8dp2-8k2k,mixed_prefill,moe_gemm_or_aux,,phase437_required_grid_coverage,decode_batch_high,true,true,,,8000,8000,35,63,29,33,Phase437 decode-batch sweep must cover the observed high batch endpoint.,false,false,false,false,false,true,No-Go
phase437_serving_state_precheck,collection_axis_requirement,K2.5-tp4ep8dp2-8k2k,mixed_prefill,other_cuda,,phase437_required_grid_coverage,decode_batch_high,true,true,,,8000,8000,35,63,29,33,Phase437 decode-batch sweep must cover the observed high batch endpoint.,false,false,false,false,false,true,No-Go
phase437_serving_state_precheck,workpoint_scatter,K2.5-tp4ep8dp2-32k3k,decode,collective_other,bucket_below_range,expected_ramp_or_tail_fallback,low_ramp_below_grid,false,true,1,1,8,52,8,52,,1,low-batch or partial-prefill ramp/tail query; keep fallback unless it becomes a gate target,false,false,false,false,false,true,No-Go
phase437_serving_state_precheck,workpoint_scatter,K2.5-tp4ep8dp2-32k3k,decode,collective_other,bucket_below_range,expected_ramp_or_tail_fallback,low_ramp_below_grid,false,true,2,2,8,52,8,52,,1,low-batch or partial-prefill ramp/tail query; keep fallback unless it becomes a gate target,false,false,false,false,false,true,No-Go
phase437_serving_state_precheck,workpoint_scatter,K2.5-tp4ep8dp2-32k3k,decode,collective_other,bucket_below_range,expected_ramp_or_tail_fallback,low_ramp_below_grid,false,true,3,3,8,52,8,52,,1,low-batch or partial-prefill ramp/tail query; keep fallback unless it becomes a gate target,false,false,false,false,false,true,No-Go
phase437_serving_state_precheck,workpoint_scatter,K2.5-tp4ep8dp2-32k3k,decode,collective_other,bucket_below_range,expected_ramp_or_tail_fallback,low_ramp_below_grid,false,true,4,4,8,52,8,52,,3,low-batch or partial-prefill ramp/tail query; keep fallback unless it becomes a gate target,false,false,false,false,false,true,No-Go
phase437_serving_state_precheck,workpoint_scatter,K2.5-tp4ep8dp2-32k3k,decode,collective_other,bucket_below_range,expected_ramp_or_tail_fallback,low_ramp_below_grid,false,true,5,5,8,52,8,52,,2,low-batch or partial-prefill ramp/tail query; keep fallback unless it becomes a gate target,false,false,false,false,false,true,No-Go
phase437_serving_state_precheck,workpoint_scatter,K2.5-tp4ep8dp2-32k3k,decode,collective_other,bucket_below_range,expected_ramp_or_tail_fallback,low_ramp_below_grid,false,true,6,6,8,52,8,52,,3,low-batch or partial-prefill ramp/tail query; keep fallback unless it becomes a gate target,false,false,false,false,false,true,No-Go
phase437_serving_state_precheck,workpoint_scatter,K2.5-tp4ep8dp2-32k3k,decode,collective_other,bucket_below_range,expected_ramp_or_tail_fallback,low_ramp_below_grid,false,true,7,7,8,52,8,52,,1,low-batch or partial-prefill ramp/tail query; keep fallback unless it becomes a gate target,false,false,false,false,false,true,No-Go
phase437_serving_state_precheck,workpoint_scatter,K2.5-tp4ep8dp2-32k3k,decode,collective_other,interpolation_gap,in_scope_grid_gap,rectangular_grid_density,true,true,9,9,8,52,8,52,,7,existing diagonal/window points do not bracket this 2D query,false,false,false,false,false,true,No-Go
phase437_serving_state_precheck,workpoint_scatter,K2.5-tp4ep8dp2-32k3k,decode,collective_other,interpolation_gap,in_scope_grid_gap,rectangular_grid_density,true,true,10,10,8,52,8,52,,1,existing diagonal/window points do not bracket this 2D query,false,false,false,false,false,true,No-Go
phase437_serving_state_precheck,workpoint_scatter,K2.5-tp4ep8dp2-32k3k,decode,ep_a2a,bucket_below_range,expected_ramp_or_tail_fallback,low_ramp_below_grid,false,true,1,1,8,52,8,52,,1,low-batch or partial-prefill ramp/tail query; keep fallback unless it becomes a gate target,false,false,false,false,false,true,No-Go
phase437_serving_state_precheck,workpoint_scatter,K2.5-tp4ep8dp2-32k3k,decode,ep_a2a,bucket_below_range,expected_ramp_or_tail_fallback,low_ramp_below_grid,false,true,2,2,8,52,8,52,,1,low-batch or partial-prefill ramp/tail query; keep fallback unless it becomes a gate target,false,false,false,false,false,true,No-Go
phase437_serving_state_precheck,workpoint_scatter,K2.5-tp4ep8dp2-32k3k,decode,ep_a2a,bucket_below_range,expected_ramp_or_tail_fallback,low_ramp_below_grid,false,true,3,3,8,52,8,52,,1,low-batch or partial-prefill ramp/tail query; keep fallback unless it becomes a gate target,false,false,false,false,false,true,No-Go
phase437_serving_state_precheck,workpoint_scatter,K2.5-tp4ep8dp2-32k3k,decode,ep_a2a,bucket_below_range,expected_ramp_or_tail_fallback,low_ramp_below_grid,false,true,4,4,8,52,8,52,,3,low-batch or partial-prefill ramp/tail query; keep fallback unless it becomes a gate target,false,false,false,false,false,true,No-Go
phase437_serving_state_precheck,workpoint_scatter,K2.5-tp4ep8dp2-32k3k,decode,ep_a2a,bucket_below_range,expected_ramp_or_tail_fallback,low_ramp_below_grid,false,true,5,5,8,52,8,52,,2,low-batch or partial-prefill ramp/tail query; keep fallback unless it becomes a gate target,false,false,false,false,false,true,No-Go
phase437_serving_state_precheck,workpoint_scatter,K2.5-tp4ep8dp2-32k3k,decode,ep_a2a,bucket_below_range,expected_ramp_or_tail_fallback,low_ramp_below_grid,false,true,6,6,8,52,8,52,,3,low-batch or partial-prefill ramp/tail query; keep fallback unless it becomes a gate target,false,false,false,false,false,true,No-Go
phase437_serving_state_precheck,workpoint_scatter,K2.5-tp4ep8dp2-32k3k,decode,ep_a2a,bucket_below_range,expected_ramp_or_tail_fallback,low_ramp_below_grid,false,true,7,7,8,52,8,52,,1,low-batch or partial-prefill ramp/tail query; keep fallback unless it becomes a gate target,false,false,false,false,false,true,No-Go
phase437_serving_state_precheck,workpoint_scatter,K2.5-tp4ep8dp2-32k3k,decode,ep_a2a,interpolation_gap,in_scope_grid_gap,rectangular_grid_density,true,true,9,9,8,52,8,52,,7,existing diagonal/window points do not bracket this 2D query,false,false,false,false,false,true,No-Go
phase437_serving_state_precheck,workpoint_scatter,K2.5-tp4ep8dp2-32k3k,decode,ep_a2a,interpolation_gap,in_scope_grid_gap,rectangular_grid_density,true,true,10,10,8,52,8,52,,1,existing diagonal/window points do not bracket this 2D query,false,false,false,false,false,true,No-Go
phase437_serving_state_precheck,workpoint_scatter,K2.5-tp4ep8dp2-32k3k,decode,moe_gemm_or_aux,bucket_below_range,expected_ramp_or_tail_fallback,low_ramp_below_grid,false,true,1,1,8,52,8,52,,1,low-batch or partial-prefill ramp/tail query; keep fallback unless it becomes a gate target,false,false,false,false,false,true,No-Go
phase437_serving_state_precheck,workpoint_scatter,K2.5-tp4ep8dp2-32k3k,decode,moe_gemm_or_aux,bucket_below_range,expected_ramp_or_tail_fallback,low_ramp_below_grid,false,true,2,2,8,52,8,52,,1,low-batch or partial-prefill ramp/tail query; keep fallback unless it becomes a gate target,false,false,false,false,false,true,No-Go
phase437_serving_state_precheck,workpoint_scatter,K2.5-tp4ep8dp2-32k3k,decode,moe_gemm_or_aux,bucket_below_range,expected_ramp_or_tail_fallback,low_ramp_below_grid,false,true,3,3,8,52,8,52,,1,low-batch or partial-prefill ramp/tail query; keep fallback unless it becomes a gate target,false,false,false,false,false,true,No-Go
phase437_serving_state_precheck,workpoint_scatter,K2.5-tp4ep8dp2-32k3k,decode,moe_gemm_or_aux,bucket_below_range,expected_ramp_or_tail_fallback,low_ramp_below_grid,false,true,4,4,8,52,8,52,,3,low-batch or partial-prefill ramp/tail query; keep fallback unless it becomes a gate target,false,false,false,false,false,true,No-Go
phase437_serving_state_precheck,workpoint_scatter,K2.5-tp4ep8dp2-32k3k,decode,moe_gemm_or_aux,bucket_below_range,expected_ramp_or_tail_fallback,low_ramp_below_grid,false,true,5,5,8,52,8,52,,2,low-batch or partial-prefill ramp/tail query; keep fallback unless it becomes a gate target,false,false,false,false,false,true,No-Go
phase437_serving_state_precheck,workpoint_scatter,K2.5-tp4ep8dp2-32k3k,decode,moe_gemm_or_aux,bucket_below_range,expected_ramp_or_tail_fallback,low_ramp_below_grid,false,true,6,6,8,52,8,52,,3,low-batch or partial-prefill ramp/tail query; keep fallback unless it becomes a gate target,false,false,false,false,false,true,No-Go
phase437_serving_state_precheck,workpoint_scatter,K2.5-tp4ep8dp2-32k3k,decode,moe_gemm_or_aux,bucket_below_range,expected_ramp_or_tail_fallback,low_ramp_below_grid,false,true,7,7,8,52,8,52,,1,low-batch or partial-prefill ramp/tail query; keep fallback unless it becomes a gate target,false,false,false,false,false,true,No-Go
phase437_serving_state_precheck,workpoint_scatter,K2.5-tp4ep8dp2-32k3k,decode,moe_gemm_or_aux,interpolation_gap,in_scope_grid_gap,rectangular_grid_density,true,true,9,9,8,52,8,52,,7,existing diagonal/window points do not bracket this 2D query,false,false,false,false,false,true,No-Go
phase437_serving_state_precheck,workpoint_scatter,K2.5-tp4ep8dp2-32k3k,decode,moe_gemm_or_aux,interpolation_gap,in_scope_grid_gap,rectangular_grid_density,true,true,10,10,8,52,8,52,,1,existing diagonal/window points do not bracket this 2D query,false,false,false,false,false,true,No-Go
phase437_serving_state_precheck,workpoint_scatter,K2.5-tp4ep8dp2-32k3k,decode,other_cuda,bucket_below_range,expected_ramp_or_tail_fallback,low_ramp_below_grid,false,true,1,1,8,52,8,52,,1,low-batch or partial-prefill ramp/tail query; keep fallback unless it becomes a gate target,false,false,false,false,false,true,No-Go
phase437_serving_state_precheck,workpoint_scatter,K2.5-tp4ep8dp2-32k3k,decode,other_cuda,bucket_below_range,expected_ramp_or_tail_fallback,low_ramp_below_grid,false,true,2,2,8,52,8,52,,1,low-batch or partial-prefill ramp/tail query; keep fallback unless it becomes a gate target,false,false,false,false,false,true,No-Go
phase437_serving_state_precheck,workpoint_scatter,K2.5-tp4ep8dp2-32k3k,decode,other_cuda,bucket_below_range,expected_ramp_or_tail_fallback,low_ramp_below_grid,false,true,3,3,8,52,8,52,,1,low-batch or partial-prefill ramp/tail query; keep fallback unless it becomes a gate target,false,false,false,false,false,true,No-Go
phase437_serving_state_precheck,workpoint_scatter,K2.5-tp4ep8dp2-32k3k,decode,other_cuda,bucket_below_range,expected_ramp_or_tail_fallback,low_ramp_below_grid,false,true,4,4,8,52,8,52,,3,low-batch or partial-prefill ramp/tail query; keep fallback unless it becomes a gate target,false,false,false,false,false,true,No-Go
phase437_serving_state_precheck,workpoint_scatter,K2.5-tp4ep8dp2-32k3k,decode,other_cuda,bucket_below_range,expected_ramp_or_tail_fallback,low_ramp_below_grid,false,true,5,5,8,52,8,52,,2,low-batch or partial-prefill ramp/tail query; keep fallback unless it becomes a gate target,false,false,false,false,false,true,No-Go
phase437_serving_state_precheck,workpoint_scatter,K2.5-tp4ep8dp2-32k3k,decode,other_cuda,bucket_below_range,expected_ramp_or_tail_fallback,low_ramp_below_grid,false,true,6,6,8,52,8,52,,3,low-batch or partial-prefill ramp/tail query; keep fallback unless it becomes a gate target,false,false,false,false,false,true,No-Go
phase437_serving_state_precheck,workpoint_scatter,K2.5-tp4ep8dp2-32k3k,decode,other_cuda,bucket_below_range,expected_ramp_or_tail_fallback,low_ramp_below_grid,false,true,7,7,8,52,8,52,,1,low-batch or partial-prefill ramp/tail query; keep fallback unless it becomes a gate target,false,false,false,false,false,true,No-Go
phase437_serving_state_precheck,workpoint_scatter,K2.5-tp4ep8dp2-32k3k,decode,other_cuda,interpolation_gap,in_scope_grid_gap,rectangular_grid_density,true,true,9,9,8,52,8,52,,7,existing diagonal/window points do not bracket this 2D query,false,false,false,false,false,true,No-Go
phase437_serving_state_precheck,workpoint_scatter,K2.5-tp4ep8dp2-32k3k,decode,other_cuda,interpolation_gap,in_scope_grid_gap,rectangular_grid_density,true,true,10,10,8,52,8,52,,1,existing diagonal/window points do not bracket this 2D query,false,false,false,false,false,true,No-Go
phase437_serving_state_precheck,workpoint_scatter,K2.5-tp4ep8dp2-32k3k,mixed_prefill,collective_other,bucket_below_range,expected_ramp_or_tail_fallback,low_ramp_below_grid,false,true,16,8,8000,32000,0,8,,1,low-batch or partial-prefill ramp/tail query; keep fallback unless it becomes a gate target,false,false,false,false,false,true,No-Go
phase437_serving_state_precheck,workpoint_scatter,K2.5-tp4ep8dp2-32k3k,mixed_prefill,collective_other,bucket_below_range,expected_ramp_or_tail_fallback,low_ramp_below_grid,false,true,17,8,8000,32000,0,8,,1,low-batch or partial-prefill ramp/tail query; keep fallback unless it becomes a gate target,false,false,false,false,false,true,No-Go
phase437_serving_state_precheck,workpoint_scatter,K2.5-tp4ep8dp2-32k3k,mixed_prefill,collective_other,bucket_below_range,expected_ramp_or_tail_fallback,low_ramp_below_grid,false,true,18,9,8000,32000,0,8,,1,low-batch or partial-prefill ramp/tail query; keep fallback unless it becomes a gate target,false,false,false,false,false,true,No-Go
phase437_serving_state_precheck,workpoint_scatter,K2.5-tp4ep8dp2-32k3k,mixed_prefill,collective_other,bucket_below_range,expected_ramp_or_tail_fallback,low_ramp_below_grid,false,true,19,8,8000,32000,0,8,,1,low-batch or partial-prefill ramp/tail query; keep fallback unless it becomes a gate target,false,false,false,false,false,true,No-Go
phase437_serving_state_precheck,workpoint_scatter,K2.5-tp4ep8dp2-32k3k,mixed_prefill,collective_other,bucket_below_range,expected_ramp_or_tail_fallback,low_ramp_below_grid,false,true,23,8,8000,32000,0,8,,1,low-batch or partial-prefill ramp/tail query; keep fallback unless it becomes a gate target,false,false,false,false,false,true,No-Go
phase437_serving_state_precheck,workpoint_scatter,K2.5-tp4ep8dp2-32k3k,mixed_prefill,collective_other,bucket_below_range,expected_ramp_or_tail_fallback,low_ramp_below_grid,false,true,24,8,8000,32000,0,8,,1,low-batch or partial-prefill ramp/tail query; keep fallback unless it becomes a gate target,false,false,false,false,false,true,No-Go
phase437_serving_state_precheck,workpoint_scatter,K2.5-tp4ep8dp2-32k3k,mixed_prefill,collective_other,bucket_below_range,expected_ramp_or_tail_fallback,low_ramp_below_grid,false,true,25,8,8000,32000,0,8,,1,low-batch or partial-prefill ramp/tail query; keep fallback unless it becomes a gate target,false,false,false,false,false,true,No-Go
phase437_serving_state_precheck,workpoint_scatter,K2.5-tp4ep8dp2-32k3k,mixed_prefill,collective_other,bucket_below_range,expected_ramp_or_tail_fallback,low_ramp_below_grid,false,true,26,8,8000,32000,0,8,,1,low-batch or partial-prefill ramp/tail query; keep fallback unless it becomes a gate target,false,false,false,false,false,true,No-Go
phase437_serving_state_precheck,workpoint_scatter,K2.5-tp4ep8dp2-32k3k,mixed_prefill,collective_other,bucket_below_range,expected_ramp_or_tail_fallback,low_ramp_below_grid,false,true,27,8,8000,32000,0,8,,1,low-batch or partial-prefill ramp/tail query; keep fallback unless it becomes a gate target,false,false,false,false,false,true,No-Go
phase437_serving_state_precheck,workpoint_scatter,K2.5-tp4ep8dp2-32k3k,mixed_prefill,collective_other,bucket_below_range,expected_ramp_or_tail_fallback,low_ramp_below_grid,false,true,28,8,8000,32000,0,8,,1,low-batch or partial-prefill ramp/tail query; keep fallback unless it becomes a gate target,false,false,false,false,false,true,No-Go
phase437_serving_state_precheck,workpoint_scatter,K2.5-tp4ep8dp2-32k3k,mixed_prefill,collective_other,bucket_below_range,expected_ramp_or_tail_fallback,low_ramp_below_grid,false,true,29,8,8000,32000,0,8,,1,low-batch or partial-prefill ramp/tail query; keep fallback unless it becomes a gate target,false,false,false,false,false,true,No-Go
phase437_serving_state_precheck,workpoint_scatter,K2.5-tp4ep8dp2-32k3k,mixed_prefill,collective_other,bucket_below_range,expected_ramp_or_tail_fallback,low_ramp_below_grid,false,true,30,8,8000,32000,0,8,,1,low-batch or partial-prefill ramp/tail query; keep fallback unless it becomes a gate target,false,false,false,false,false,true,No-Go
phase437_serving_state_precheck,workpoint_scatter,K2.5-tp4ep8dp2-32k3k,mixed_prefill,collective_other,bucket_below_range,expected_ramp_or_tail_fallback,low_ramp_below_grid,false,true,31,8,8000,32000,0,8,,1,low-batch or partial-prefill ramp/tail query; keep fallback unless it becomes a gate target,false,false,false,false,false,true,No-Go
phase437_serving_state_precheck,workpoint_scatter,K2.5-tp4ep8dp2-32k3k,mixed_prefill,collective_other,bucket_below_range,expected_ramp_or_tail_fallback,low_ramp_below_grid,false,true,32,8,8000,32000,0,8,,1,low-batch or partial-prefill ramp/tail query; keep fallback unless it becomes a gate target,false,false,false,false,false,true,No-Go
phase437_serving_state_precheck,workpoint_scatter,K2.5-tp4ep8dp2-32k3k,mixed_prefill,collective_other,bucket_below_range,expected_ramp_or_tail_fallback,low_ramp_below_grid,false,true,34,9,8000,32000,0,8,,1,low-batch or partial-prefill ramp/tail query; keep fallback unless it becomes a gate target,false,false,false,false,false,true,No-Go
phase437_serving_state_precheck,workpoint_scatter,K2.5-tp4ep8dp2-32k3k,mixed_prefill,collective_other,bucket_below_range,expected_ramp_or_tail_fallback,low_ramp_below_grid,false,true,36,7,8000,32000,0,8,,1,low-batch or partial-prefill ramp/tail query; keep fallback unless it becomes a gate target,false,false,false,false,false,true,No-Go
phase437_serving_state_precheck,workpoint_scatter,K2.5-tp4ep8dp2-32k3k,mixed_prefill,collective_other,bucket_below_range,expected_ramp_or_tail_fallback,low_ramp_below_grid,false,true,38,8,8000,32000,0,8,,1,low-batch or partial-prefill ramp/tail query; keep fallback unless it becomes a gate target,false,false,false,false,false,true,No-Go
phase437_serving_state_precheck,workpoint_scatter,K2.5-tp4ep8dp2-32k3k,mixed_prefill,collective_other,bucket_below_range,expected_ramp_or_tail_fallback,low_ramp_below_grid,false,true,42,8,8000,32000,0,8,,1,low-batch or partial-prefill ramp/tail query; keep fallback unless it becomes a gate target,false,false,false,false,false,true,No-Go
phase437_serving_state_precheck,workpoint_scatter,K2.5-tp4ep8dp2-32k3k,mixed_prefill,collective_other,bucket_below_range,expected_ramp_or_tail_fallback,low_ramp_below_grid,false,true,43,8,8000,32000,0,8,,1,low-batch or partial-prefill ramp/tail query; keep fallback unless it becomes a gate target,false,false,false,false,false,true,No-Go
phase437_serving_state_precheck,workpoint_scatter,K2.5-tp4ep8dp2-32k3k,mixed_prefill,collective_other,bucket_below_range,expected_ramp_or_tail_fallback,low_ramp_below_grid,false,true,44,8,8000,32000,0,8,,1,low-batch or partial-prefill ramp/tail query; keep fallback unless it becomes a gate target,false,false,false,false,false,true,No-Go
phase437_serving_state_precheck,workpoint_scatter,K2.5-tp4ep8dp2-32k3k,mixed_prefill,collective_other,bucket_below_range,expected_ramp_or_tail_fallback,low_ramp_below_grid,false,true,46,8,8000,32000,0,8,,1,low-batch or partial-prefill ramp/tail query; keep fallback unless it becomes a gate target,false,false,false,false,false,true,No-Go
phase437_serving_state_precheck,workpoint_scatter,K2.5-tp4ep8dp2-32k3k,mixed_prefill,collective_other,bucket_below_range,expected_ramp_or_tail_fallback,low_ramp_below_grid,false,true,46,9,8000,32000,0,8,,1,low-batch or partial-prefill ramp/tail query; keep fallback unless it becomes a gate target,false,false,false,false,false,true,No-Go
phase437_serving_state_precheck,workpoint_scatter,K2.5-tp4ep8dp2-32k3k,mixed_prefill,collective_other,bucket_below_range,expected_ramp_or_tail_fallback,low_ramp_below_grid,false,true,48,8,8000,32000,0,8,,1,low-batch or partial-prefill ramp/tail query; keep fallback unless it becomes a gate target,false,false,false,false,false,true,No-Go
phase437_serving_state_precheck,workpoint_scatter,K2.5-tp4ep8dp2-32k3k,mixed_prefill,collective_other,bucket_below_range,expected_ramp_or_tail_fallback,low_ramp_below_grid,false,true,50,9,8000,32000,0,8,,1,low-batch or partial-prefill ramp/tail query; keep fallback unless it becomes a gate target,false,false,false,false,false,true,No-Go
phase437_serving_state_precheck,workpoint_scatter,K2.5-tp4ep8dp2-32k3k,mixed_prefill,collective_other,bucket_below_range,expected_ramp_or_tail_fallback,low_ramp_below_grid,false,true,58,8,8000,32000,0,8,,1,low-batch or partial-prefill ramp/tail query; keep fallback unless it becomes a gate target,false,false,false,false,false,true,No-Go
phase437_serving_state_precheck,workpoint_scatter,K2.5-tp4ep8dp2-32k3k,mixed_prefill,collective_other,bucket_below_range,expected_ramp_or_tail_fallback,low_ramp_below_grid,false,true,59,8,8000,32000,0,8,,1,low-batch or partial-prefill ramp/tail query; keep fallback unless it becomes a gate target,false,false,false,false,false,true,No-Go
phase437_serving_state_precheck,workpoint_scatter,K2.5-tp4ep8dp2-32k3k,mixed_prefill,collective_other,bucket_below_range,expected_ramp_or_tail_fallback,low_ramp_below_grid,false,true,63,8,8000,32000,0,8,,1,low-batch or partial-prefill ramp/tail query; keep fallback unless it becomes a gate target,false,false,false,false,false,true,No-Go
phase437_serving_state_precheck,workpoint_scatter,K2.5-tp4ep8dp2-32k3k,mixed_prefill,collective_other,bucket_below_range,expected_ramp_or_tail_fallback,low_ramp_below_grid,false,true,67,9,8000,32000,0,8,,1,low-batch or partial-prefill ramp/tail query; keep fallback unless it becomes a gate target,false,false,false,false,false,true,No-Go
phase437_serving_state_precheck,workpoint_scatter,K2.5-tp4ep8dp2-32k3k,mixed_prefill,collective_other,bucket_below_range,expected_ramp_or_tail_fallback,low_ramp_below_grid,false,true,73,8,8000,32000,0,8,,1,low-batch or partial-prefill ramp/tail query; keep fallback unless it becomes a gate target,false,false,false,false,false,true,No-Go
phase437_serving_state_precheck,workpoint_scatter,K2.5-tp4ep8dp2-32k3k,mixed_prefill,collective_other,bucket_below_range,expected_ramp_or_tail_fallback,low_ramp_below_grid,false,true,77,8,8000,32000,0,8,,1,low-batch or partial-prefill ramp/tail query; keep fallback unless it becomes a gate target,false,false,false,false,false,true,No-Go
phase437_serving_state_precheck,workpoint_scatter,K2.5-tp4ep8dp2-32k3k,mixed_prefill,collective_other,bucket_below_range,expected_ramp_or_tail_fallback,low_ramp_below_grid,false,true,77,9,8000,32000,0,8,,1,low-batch or partial-prefill ramp/tail query; keep fallback unless it becomes a gate target,false,false,false,false,false,true,No-Go
phase437_serving_state_precheck,workpoint_scatter,K2.5-tp4ep8dp2-32k3k,mixed_prefill,collective_other,bucket_below_range,expected_ramp_or_tail_fallback,low_ramp_below_grid,false,true,86,8,8000,32000,0,8,,1,low-batch or partial-prefill ramp/tail query; keep fallback unless it becomes a gate target,false,false,false,false,false,true,No-Go
phase437_serving_state_precheck,workpoint_scatter,K2.5-tp4ep8dp2-32k3k,mixed_prefill,collective_other,decode_batch_above_range,in_scope_grid_gap,decode_batch_high,true,true,32000,9,8000,32000,0,8,,1,collect higher decode_batch grid points for this phase/category,false,false,false,false,false,true,No-Go
phase437_serving_state_precheck,workpoint_scatter,K2.5-tp4ep8dp2-32k3k,mixed_prefill,collective_other,hit,covered,none,false,true,32000,1,8000,32000,0,8,,2,serving-state query already hits the measured grid,false,false,false,false,false,true,No-Go
phase437_serving_state_precheck,workpoint_scatter,K2.5-tp4ep8dp2-32k3k,mixed_prefill,collective_other,hit,covered,none,false,true,32000,2,8000,32000,0,8,,1,serving-state query already hits the measured grid,false,false,false,false,false,true,No-Go
phase437_serving_state_precheck,workpoint_scatter,K2.5-tp4ep8dp2-32k3k,mixed_prefill,collective_other,hit,covered,none,false,true,32000,3,8000,32000,0,8,,1,serving-state query already hits the measured grid,false,false,false,false,false,true,No-Go
phase437_serving_state_precheck,workpoint_scatter,K2.5-tp4ep8dp2-32k3k,mixed_prefill,collective_other,hit,covered,none,false,true,32000,4,8000,32000,0,8,,1,serving-state query already hits the measured grid,false,false,false,false,false,true,No-Go
phase437_serving_state_precheck,workpoint_scatter,K2.5-tp4ep8dp2-32k3k,mixed_prefill,collective_other,hit,covered,none,false,true,32000,5,8000,32000,0,8,,1,serving-state query already hits the measured grid,false,false,false,false,false,true,No-Go
phase437_serving_state_precheck,workpoint_scatter,K2.5-tp4ep8dp2-32k3k,mixed_prefill,collective_other,hit,covered,none,false,true,32000,6,8000,32000,0,8,,1,serving-state query already hits the measured grid,false,false,false,false,false,true,No-Go
phase437_serving_state_precheck,workpoint_scatter,K2.5-tp4ep8dp2-32k3k,mixed_prefill,collective_other,hit,covered,none,false,true,32000,7,8000,32000,0,8,,7,serving-state query already hits the measured grid,false,false,false,false,false,true,No-Go
phase437_serving_state_precheck,workpoint_scatter,K2.5-tp4ep8dp2-32k3k,mixed_prefill,collective_other,hit,covered,none,false,true,32000,8,8000,32000,0,8,,4,serving-state query already hits the measured grid,false,false,false,false,false,true,No-Go
phase437_serving_state_precheck,workpoint_scatter,K2.5-tp4ep8dp2-32k3k,mixed_prefill,ep_a2a,bucket_below_range,expected_ramp_or_tail_fallback,low_ramp_below_grid,false,true,16,8,8000,32000,0,34,,1,low-batch or partial-prefill ramp/tail query; keep fallback unless it becomes a gate target,false,false,false,false,false,true,No-Go
phase437_serving_state_precheck,workpoint_scatter,K2.5-tp4ep8dp2-32k3k,mixed_prefill,ep_a2a,bucket_below_range,expected_ramp_or_tail_fallback,low_ramp_below_grid,false,true,17,8,8000,32000,0,34,,1,low-batch or partial-prefill ramp/tail query; keep fallback unless it becomes a gate target,false,false,false,false,false,true,No-Go
phase437_serving_state_precheck,workpoint_scatter,K2.5-tp4ep8dp2-32k3k,mixed_prefill,ep_a2a,bucket_below_range,expected_ramp_or_tail_fallback,low_ramp_below_grid,false,true,18,9,8000,32000,0,34,,1,low-batch or partial-prefill ramp/tail query; keep fallback unless it becomes a gate target,false,false,false,false,false,true,No-Go
phase437_serving_state_precheck,workpoint_scatter,K2.5-tp4ep8dp2-32k3k,mixed_prefill,ep_a2a,bucket_below_range,expected_ramp_or_tail_fallback,low_ramp_below_grid,false,true,19,8,8000,32000,0,34,,1,low-batch or partial-prefill ramp/tail query; keep fallback unless it becomes a gate target,false,false,false,false,false,true,No-Go
phase437_serving_state_precheck,workpoint_scatter,K2.5-tp4ep8dp2-32k3k,mixed_prefill,ep_a2a,bucket_below_range,expected_ramp_or_tail_fallback,low_ramp_below_grid,false,true,23,8,8000,32000,0,34,,1,low-batch or partial-prefill ramp/tail query; keep fallback unless it becomes a gate target,false,false,false,false,false,true,No-Go
phase437_serving_state_precheck,workpoint_scatter,K2.5-tp4ep8dp2-32k3k,mixed_prefill,ep_a2a,bucket_below_range,expected_ramp_or_tail_fallback,low_ramp_below_grid,false,true,24,8,8000,32000,0,34,,1,low-batch or partial-prefill ramp/tail query; keep fallback unless it becomes a gate target,false,false,false,false,false,true,No-Go
phase437_serving_state_precheck,workpoint_scatter,K2.5-tp4ep8dp2-32k3k,mixed_prefill,ep_a2a,bucket_below_range,expected_ramp_or_tail_fallback,low_ramp_below_grid,false,true,25,8,8000,32000,0,34,,1,low-batch or partial-prefill ramp/tail query; keep fallback unless it becomes a gate target,false,false,false,false,false,true,No-Go
phase437_serving_state_precheck,workpoint_scatter,K2.5-tp4ep8dp2-32k3k,mixed_prefill,ep_a2a,bucket_below_range,expected_ramp_or_tail_fallback,low_ramp_below_grid,false,true,26,8,8000,32000,0,34,,1,low-batch or partial-prefill ramp/tail query; keep fallback unless it becomes a gate target,false,false,false,false,false,true,No-Go
phase437_serving_state_precheck,workpoint_scatter,K2.5-tp4ep8dp2-32k3k,mixed_prefill,ep_a2a,bucket_below_range,expected_ramp_or_tail_fallback,low_ramp_below_grid,false,true,27,8,8000,32000,0,34,,1,low-batch or partial-prefill ramp/tail query; keep fallback unless it becomes a gate target,false,false,false,false,false,true,No-Go
phase437_serving_state_precheck,workpoint_scatter,K2.5-tp4ep8dp2-32k3k,mixed_prefill,ep_a2a,bucket_below_range,expected_ramp_or_tail_fallback,low_ramp_below_grid,false,true,28,8,8000,32000,0,34,,1,low-batch or partial-prefill ramp/tail query; keep fallback unless it becomes a gate target,false,false,false,false,false,true,No-Go
phase437_serving_state_precheck,workpoint_scatter,K2.5-tp4ep8dp2-32k3k,mixed_prefill,ep_a2a,bucket_below_range,expected_ramp_or_tail_fallback,low_ramp_below_grid,false,true,29,8,8000,32000,0,34,,1,low-batch or partial-prefill ramp/tail query; keep fallback unless it becomes a gate target,false,false,false,false,false,true,No-Go
phase437_serving_state_precheck,workpoint_scatter,K2.5-tp4ep8dp2-32k3k,mixed_prefill,ep_a2a,bucket_below_range,expected_ramp_or_tail_fallback,low_ramp_below_grid,false,true,30,8,8000,32000,0,34,,1,low-batch or partial-prefill ramp/tail query; keep fallback unless it becomes a gate target,false,false,false,false,false,true,No-Go
phase437_serving_state_precheck,workpoint_scatter,K2.5-tp4ep8dp2-32k3k,mixed_prefill,ep_a2a,bucket_below_range,expected_ramp_or_tail_fallback,low_ramp_below_grid,false,true,31,8,8000,32000,0,34,,1,low-batch or partial-prefill ramp/tail query; keep fallback unless it becomes a gate target,false,false,false,false,false,true,No-Go
phase437_serving_state_precheck,workpoint_scatter,K2.5-tp4ep8dp2-32k3k,mixed_prefill,ep_a2a,bucket_below_range,expected_ramp_or_tail_fallback,low_ramp_below_grid,false,true,32,8,8000,32000,0,34,,1,low-batch or partial-prefill ramp/tail query; keep fallback unless it becomes a gate target,false,false,false,false,false,true,No-Go
phase437_serving_state_precheck,workpoint_scatter,K2.5-tp4ep8dp2-32k3k,mixed_prefill,ep_a2a,bucket_below_range,expected_ramp_or_tail_fallback,low_ramp_below_grid,false,true,34,9,8000,32000,0,34,,1,low-batch or partial-prefill ramp/tail query; keep fallback unless it becomes a gate target,false,false,false,false,false,true,No-Go
phase437_serving_state_precheck,workpoint_scatter,K2.5-tp4ep8dp2-32k3k,mixed_prefill,ep_a2a,bucket_below_range,expected_ramp_or_tail_fallback,low_ramp_below_grid,false,true,36,7,8000,32000,0,34,,1,low-batch or partial-prefill ramp/tail query; keep fallback unless it becomes a gate target,false,false,false,false,false,true,No-Go
phase437_serving_state_precheck,workpoint_scatter,K2.5-tp4ep8dp2-32k3k,mixed_prefill,ep_a2a,bucket_below_range,expected_ramp_or_tail_fallback,low_ramp_below_grid,false,true,38,8,8000,32000,0,34,,1,low-batch or partial-prefill ramp/tail query; keep fallback unless it becomes a gate target,false,false,false,false,false,true,No-Go
phase437_serving_state_precheck,workpoint_scatter,K2.5-tp4ep8dp2-32k3k,mixed_prefill,ep_a2a,bucket_below_range,expected_ramp_or_tail_fallback,low_ramp_below_grid,false,true,42,8,8000,32000,0,34,,1,low-batch or partial-prefill ramp/tail query; keep fallback unless it becomes a gate target,false,false,false,false,false,true,No-Go
phase437_serving_state_precheck,workpoint_scatter,K2.5-tp4ep8dp2-32k3k,mixed_prefill,ep_a2a,bucket_below_range,expected_ramp_or_tail_fallback,low_ramp_below_grid,false,true,43,8,8000,32000,0,34,,1,low-batch or partial-prefill ramp/tail query; keep fallback unless it becomes a gate target,false,false,false,false,false,true,No-Go
phase437_serving_state_precheck,workpoint_scatter,K2.5-tp4ep8dp2-32k3k,mixed_prefill,ep_a2a,bucket_below_range,expected_ramp_or_tail_fallback,low_ramp_below_grid,false,true,44,8,8000,32000,0,34,,1,low-batch or partial-prefill ramp/tail query; keep fallback unless it becomes a gate target,false,false,false,false,false,true,No-Go
phase437_serving_state_precheck,workpoint_scatter,K2.5-tp4ep8dp2-32k3k,mixed_prefill,ep_a2a,bucket_below_range,expected_ramp_or_tail_fallback,low_ramp_below_grid,false,true,46,8,8000,32000,0,34,,1,low-batch or partial-prefill ramp/tail query; keep fallback unless it becomes a gate target,false,false,false,false,false,true,No-Go
phase437_serving_state_precheck,workpoint_scatter,K2.5-tp4ep8dp2-32k3k,mixed_prefill,ep_a2a,bucket_below_range,expected_ramp_or_tail_fallback,low_ramp_below_grid,false,true,46,9,8000,32000,0,34,,1,low-batch or partial-prefill ramp/tail query; keep fallback unless it becomes a gate target,false,false,false,false,false,true,No-Go
phase437_serving_state_precheck,workpoint_scatter,K2.5-tp4ep8dp2-32k3k,mixed_prefill,ep_a2a,bucket_below_range,expected_ramp_or_tail_fallback,low_ramp_below_grid,false,true,48,8,8000,32000,0,34,,1,low-batch or partial-prefill ramp/tail query; keep fallback unless it becomes a gate target,false,false,false,false,false,true,No-Go
phase437_serving_state_precheck,workpoint_scatter,K2.5-tp4ep8dp2-32k3k,mixed_prefill,ep_a2a,bucket_below_range,expected_ramp_or_tail_fallback,low_ramp_below_grid,false,true,50,9,8000,32000,0,34,,1,low-batch or partial-prefill ramp/tail query; keep fallback unless it becomes a gate target,false,false,false,false,false,true,No-Go
phase437_serving_state_precheck,workpoint_scatter,K2.5-tp4ep8dp2-32k3k,mixed_prefill,ep_a2a,bucket_below_range,expected_ramp_or_tail_fallback,low_ramp_below_grid,false,true,58,8,8000,32000,0,34,,1,low-batch or partial-prefill ramp/tail query; keep fallback unless it becomes a gate target,false,false,false,false,false,true,No-Go
phase437_serving_state_precheck,workpoint_scatter,K2.5-tp4ep8dp2-32k3k,mixed_prefill,ep_a2a,bucket_below_range,expected_ramp_or_tail_fallback,low_ramp_below_grid,false,true,59,8,8000,32000,0,34,,1,low-batch or partial-prefill ramp/tail query; keep fallback unless it becomes a gate target,false,false,false,false,false,true,No-Go
phase437_serving_state_precheck,workpoint_scatter,K2.5-tp4ep8dp2-32k3k,mixed_prefill,ep_a2a,bucket_below_range,expected_ramp_or_tail_fallback,low_ramp_below_grid,false,true,63,8,8000,32000,0,34,,1,low-batch or partial-prefill ramp/tail query; keep fallback unless it becomes a gate target,false,false,false,false,false,true,No-Go
phase437_serving_state_precheck,workpoint_scatter,K2.5-tp4ep8dp2-32k3k,mixed_prefill,ep_a2a,bucket_below_range,expected_ramp_or_tail_fallback,low_ramp_below_grid,false,true,67,9,8000,32000,0,34,,1,low-batch or partial-prefill ramp/tail query; keep fallback unless it becomes a gate target,false,false,false,false,false,true,No-Go
phase437_serving_state_precheck,workpoint_scatter,K2.5-tp4ep8dp2-32k3k,mixed_prefill,ep_a2a,bucket_below_range,expected_ramp_or_tail_fallback,low_ramp_below_grid,false,true,73,8,8000,32000,0,34,,1,low-batch or partial-prefill ramp/tail query; keep fallback unless it becomes a gate target,false,false,false,false,false,true,No-Go
phase437_serving_state_precheck,workpoint_scatter,K2.5-tp4ep8dp2-32k3k,mixed_prefill,ep_a2a,bucket_below_range,expected_ramp_or_tail_fallback,low_ramp_below_grid,false,true,77,8,8000,32000,0,34,,1,low-batch or partial-prefill ramp/tail query; keep fallback unless it becomes a gate target,false,false,false,false,false,true,No-Go
phase437_serving_state_precheck,workpoint_scatter,K2.5-tp4ep8dp2-32k3k,mixed_prefill,ep_a2a,bucket_below_range,expected_ramp_or_tail_fallback,low_ramp_below_grid,false,true,77,9,8000,32000,0,34,,1,low-batch or partial-prefill ramp/tail query; keep fallback unless it becomes a gate target,false,false,false,false,false,true,No-Go
phase437_serving_state_precheck,workpoint_scatter,K2.5-tp4ep8dp2-32k3k,mixed_prefill,ep_a2a,bucket_below_range,expected_ramp_or_tail_fallback,low_ramp_below_grid,false,true,86,8,8000,32000,0,34,,1,low-batch or partial-prefill ramp/tail query; keep fallback unless it becomes a gate target,false,false,false,false,false,true,No-Go
phase437_serving_state_precheck,workpoint_scatter,K2.5-tp4ep8dp2-32k3k,mixed_prefill,ep_a2a,decode_batch_above_range,in_scope_grid_gap,decode_batch_high,true,true,32000,9,8000,32000,0,34,,1,collect higher decode_batch grid points for this phase/category,false,false,false,false,false,true,No-Go
phase437_serving_state_precheck,workpoint_scatter,K2.5-tp4ep8dp2-32k3k,mixed_prefill,ep_a2a,hit,covered,none,false,true,32000,1,8000,32000,0,34,,2,serving-state query already hits the measured grid,false,false,false,false,false,true,No-Go
phase437_serving_state_precheck,workpoint_scatter,K2.5-tp4ep8dp2-32k3k,mixed_prefill,ep_a2a,hit,covered,none,false,true,32000,2,8000,32000,0,34,,1,serving-state query already hits the measured grid,false,false,false,false,false,true,No-Go
phase437_serving_state_precheck,workpoint_scatter,K2.5-tp4ep8dp2-32k3k,mixed_prefill,ep_a2a,hit,covered,none,false,true,32000,3,8000,32000,0,34,,1,serving-state query already hits the measured grid,false,false,false,false,false,true,No-Go
phase437_serving_state_precheck,workpoint_scatter,K2.5-tp4ep8dp2-32k3k,mixed_prefill,ep_a2a,hit,covered,none,false,true,32000,4,8000,32000,0,34,,1,serving-state query already hits the measured grid,false,false,false,false,false,true,No-Go
phase437_serving_state_precheck,workpoint_scatter,K2.5-tp4ep8dp2-32k3k,mixed_prefill,ep_a2a,hit,covered,none,false,true,32000,5,8000,32000,0,34,,1,serving-state query already hits the measured grid,false,false,false,false,false,true,No-Go
phase437_serving_state_precheck,workpoint_scatter,K2.5-tp4ep8dp2-32k3k,mixed_prefill,ep_a2a,hit,covered,none,false,true,32000,6,8000,32000,0,34,,1,serving-state query already hits the measured grid,false,false,false,false,false,true,No-Go
phase437_serving_state_precheck,workpoint_scatter,K2.5-tp4ep8dp2-32k3k,mixed_prefill,ep_a2a,hit,covered,none,false,true,32000,7,8000,32000,0,34,,7,serving-state query already hits the measured grid,false,false,false,false,false,true,No-Go
phase437_serving_state_precheck,workpoint_scatter,K2.5-tp4ep8dp2-32k3k,mixed_prefill,ep_a2a,hit,covered,none,false,true,32000,8,8000,32000,0,34,,4,serving-state query already hits the measured grid,false,false,false,false,false,true,No-Go
phase437_serving_state_precheck,workpoint_scatter,K2.5-tp4ep8dp2-32k3k,mixed_prefill,moe_gemm_or_aux,bucket_below_range,expected_ramp_or_tail_fallback,low_ramp_below_grid,false,true,16,8,8000,32000,0,34,,1,low-batch or partial-prefill ramp/tail query; keep fallback unless it becomes a gate target,false,false,false,false,false,true,No-Go
phase437_serving_state_precheck,workpoint_scatter,K2.5-tp4ep8dp2-32k3k,mixed_prefill,moe_gemm_or_aux,bucket_below_range,expected_ramp_or_tail_fallback,low_ramp_below_grid,false,true,17,8,8000,32000,0,34,,1,low-batch or partial-prefill ramp/tail query; keep fallback unless it becomes a gate target,false,false,false,false,false,true,No-Go
phase437_serving_state_precheck,workpoint_scatter,K2.5-tp4ep8dp2-32k3k,mixed_prefill,moe_gemm_or_aux,bucket_below_range,expected_ramp_or_tail_fallback,low_ramp_below_grid,false,true,18,9,8000,32000,0,34,,1,low-batch or partial-prefill ramp/tail query; keep fallback unless it becomes a gate target,false,false,false,false,false,true,No-Go
phase437_serving_state_precheck,workpoint_scatter,K2.5-tp4ep8dp2-32k3k,mixed_prefill,moe_gemm_or_aux,bucket_below_range,expected_ramp_or_tail_fallback,low_ramp_below_grid,false,true,19,8,8000,32000,0,34,,1,low-batch or partial-prefill ramp/tail query; keep fallback unless it becomes a gate target,false,false,false,false,false,true,No-Go
phase437_serving_state_precheck,workpoint_scatter,K2.5-tp4ep8dp2-32k3k,mixed_prefill,moe_gemm_or_aux,bucket_below_range,expected_ramp_or_tail_fallback,low_ramp_below_grid,false,true,23,8,8000,32000,0,34,,1,low-batch or partial-prefill ramp/tail query; keep fallback unless it becomes a gate target,false,false,false,false,false,true,No-Go
phase437_serving_state_precheck,workpoint_scatter,K2.5-tp4ep8dp2-32k3k,mixed_prefill,moe_gemm_or_aux,bucket_below_range,expected_ramp_or_tail_fallback,low_ramp_below_grid,false,true,24,8,8000,32000,0,34,,1,low-batch or partial-prefill ramp/tail query; keep fallback unless it becomes a gate target,false,false,false,false,false,true,No-Go
phase437_serving_state_precheck,workpoint_scatter,K2.5-tp4ep8dp2-32k3k,mixed_prefill,moe_gemm_or_aux,bucket_below_range,expected_ramp_or_tail_fallback,low_ramp_below_grid,false,true,25,8,8000,32000,0,34,,1,low-batch or partial-prefill ramp/tail query; keep fallback unless it becomes a gate target,false,false,false,false,false,true,No-Go
phase437_serving_state_precheck,workpoint_scatter,K2.5-tp4ep8dp2-32k3k,mixed_prefill,moe_gemm_or_aux,bucket_below_range,expected_ramp_or_tail_fallback,low_ramp_below_grid,false,true,26,8,8000,32000,0,34,,1,low-batch or partial-prefill ramp/tail query; keep fallback unless it becomes a gate target,false,false,false,false,false,true,No-Go
phase437_serving_state_precheck,workpoint_scatter,K2.5-tp4ep8dp2-32k3k,mixed_prefill,moe_gemm_or_aux,bucket_below_range,expected_ramp_or_tail_fallback,low_ramp_below_grid,false,true,27,8,8000,32000,0,34,,1,low-batch or partial-prefill ramp/tail query; keep fallback unless it becomes a gate target,false,false,false,false,false,true,No-Go
phase437_serving_state_precheck,workpoint_scatter,K2.5-tp4ep8dp2-32k3k,mixed_prefill,moe_gemm_or_aux,bucket_below_range,expected_ramp_or_tail_fallback,low_ramp_below_grid,false,true,28,8,8000,32000,0,34,,1,low-batch or partial-prefill ramp/tail query; keep fallback unless it becomes a gate target,false,false,false,false,false,true,No-Go
phase437_serving_state_precheck,workpoint_scatter,K2.5-tp4ep8dp2-32k3k,mixed_prefill,moe_gemm_or_aux,bucket_below_range,expected_ramp_or_tail_fallback,low_ramp_below_grid,false,true,29,8,8000,32000,0,34,,1,low-batch or partial-prefill ramp/tail query; keep fallback unless it becomes a gate target,false,false,false,false,false,true,No-Go
phase437_serving_state_precheck,workpoint_scatter,K2.5-tp4ep8dp2-32k3k,mixed_prefill,moe_gemm_or_aux,bucket_below_range,expected_ramp_or_tail_fallback,low_ramp_below_grid,false,true,30,8,8000,32000,0,34,,1,low-batch or partial-prefill ramp/tail query; keep fallback unless it becomes a gate target,false,false,false,false,false,true,No-Go
phase437_serving_state_precheck,workpoint_scatter,K2.5-tp4ep8dp2-32k3k,mixed_prefill,moe_gemm_or_aux,bucket_below_range,expected_ramp_or_tail_fallback,low_ramp_below_grid,false,true,31,8,8000,32000,0,34,,1,low-batch or partial-prefill ramp/tail query; keep fallback unless it becomes a gate target,false,false,false,false,false,true,No-Go
phase437_serving_state_precheck,workpoint_scatter,K2.5-tp4ep8dp2-32k3k,mixed_prefill,moe_gemm_or_aux,bucket_below_range,expected_ramp_or_tail_fallback,low_ramp_below_grid,false,true,32,8,8000,32000,0,34,,1,low-batch or partial-prefill ramp/tail query; keep fallback unless it becomes a gate target,false,false,false,false,false,true,No-Go
phase437_serving_state_precheck,workpoint_scatter,K2.5-tp4ep8dp2-32k3k,mixed_prefill,moe_gemm_or_aux,bucket_below_range,expected_ramp_or_tail_fallback,low_ramp_below_grid,false,true,34,9,8000,32000,0,34,,1,low-batch or partial-prefill ramp/tail query; keep fallback unless it becomes a gate target,false,false,false,false,false,true,No-Go
phase437_serving_state_precheck,workpoint_scatter,K2.5-tp4ep8dp2-32k3k,mixed_prefill,moe_gemm_or_aux,bucket_below_range,expected_ramp_or_tail_fallback,low_ramp_below_grid,false,true,36,7,8000,32000,0,34,,1,low-batch or partial-prefill ramp/tail query; keep fallback unless it becomes a gate target,false,false,false,false,false,true,No-Go
phase437_serving_state_precheck,workpoint_scatter,K2.5-tp4ep8dp2-32k3k,mixed_prefill,moe_gemm_or_aux,bucket_below_range,expected_ramp_or_tail_fallback,low_ramp_below_grid,false,true,38,8,8000,32000,0,34,,1,low-batch or partial-prefill ramp/tail query; keep fallback unless it becomes a gate target,false,false,false,false,false,true,No-Go
phase437_serving_state_precheck,workpoint_scatter,K2.5-tp4ep8dp2-32k3k,mixed_prefill,moe_gemm_or_aux,bucket_below_range,expected_ramp_or_tail_fallback,low_ramp_below_grid,false,true,42,8,8000,32000,0,34,,1,low-batch or partial-prefill ramp/tail query; keep fallback unless it becomes a gate target,false,false,false,false,false,true,No-Go
phase437_serving_state_precheck,workpoint_scatter,K2.5-tp4ep8dp2-32k3k,mixed_prefill,moe_gemm_or_aux,bucket_below_range,expected_ramp_or_tail_fallback,low_ramp_below_grid,false,true,43,8,8000,32000,0,34,,1,low-batch or partial-prefill ramp/tail query; keep fallback unless it becomes a gate target,false,false,false,false,false,true,No-Go
phase437_serving_state_precheck,workpoint_scatter,K2.5-tp4ep8dp2-32k3k,mixed_prefill,moe_gemm_or_aux,bucket_below_range,expected_ramp_or_tail_fallback,low_ramp_below_grid,false,true,44,8,8000,32000,0,34,,1,low-batch or partial-prefill ramp/tail query; keep fallback unless it becomes a gate target,false,false,false,false,false,true,No-Go
phase437_serving_state_precheck,workpoint_scatter,K2.5-tp4ep8dp2-32k3k,mixed_prefill,moe_gemm_or_aux,bucket_below_range,expected_ramp_or_tail_fallback,low_ramp_below_grid,false,true,46,8,8000,32000,0,34,,1,low-batch or partial-prefill ramp/tail query; keep fallback unless it becomes a gate target,false,false,false,false,false,true,No-Go
phase437_serving_state_precheck,workpoint_scatter,K2.5-tp4ep8dp2-32k3k,mixed_prefill,moe_gemm_or_aux,bucket_below_range,expected_ramp_or_tail_fallback,low_ramp_below_grid,false,true,46,9,8000,32000,0,34,,1,low-batch or partial-prefill ramp/tail query; keep fallback unless it becomes a gate target,false,false,false,false,false,true,No-Go
phase437_serving_state_precheck,workpoint_scatter,K2.5-tp4ep8dp2-32k3k,mixed_prefill,moe_gemm_or_aux,bucket_below_range,expected_ramp_or_tail_fallback,low_ramp_below_grid,false,true,48,8,8000,32000,0,34,,1,low-batch or partial-prefill ramp/tail query; keep fallback unless it becomes a gate target,false,false,false,false,false,true,No-Go
phase437_serving_state_precheck,workpoint_scatter,K2.5-tp4ep8dp2-32k3k,mixed_prefill,moe_gemm_or_aux,bucket_below_range,expected_ramp_or_tail_fallback,low_ramp_below_grid,false,true,50,9,8000,32000,0,34,,1,low-batch or partial-prefill ramp/tail query; keep fallback unless it becomes a gate target,false,false,false,false,false,true,No-Go
phase437_serving_state_precheck,workpoint_scatter,K2.5-tp4ep8dp2-32k3k,mixed_prefill,moe_gemm_or_aux,bucket_below_range,expected_ramp_or_tail_fallback,low_ramp_below_grid,false,true,58,8,8000,32000,0,34,,1,low-batch or partial-prefill ramp/tail query; keep fallback unless it becomes a gate target,false,false,false,false,false,true,No-Go
phase437_serving_state_precheck,workpoint_scatter,K2.5-tp4ep8dp2-32k3k,mixed_prefill,moe_gemm_or_aux,bucket_below_range,expected_ramp_or_tail_fallback,low_ramp_below_grid,false,true,59,8,8000,32000,0,34,,1,low-batch or partial-prefill ramp/tail query; keep fallback unless it becomes a gate target,false,false,false,false,false,true,No-Go
phase437_serving_state_precheck,workpoint_scatter,K2.5-tp4ep8dp2-32k3k,mixed_prefill,moe_gemm_or_aux,bucket_below_range,expected_ramp_or_tail_fallback,low_ramp_below_grid,false,true,63,8,8000,32000,0,34,,1,low-batch or partial-prefill ramp/tail query; keep fallback unless it becomes a gate target,false,false,false,false,false,true,No-Go
phase437_serving_state_precheck,workpoint_scatter,K2.5-tp4ep8dp2-32k3k,mixed_prefill,moe_gemm_or_aux,bucket_below_range,expected_ramp_or_tail_fallback,low_ramp_below_grid,false,true,67,9,8000,32000,0,34,,1,low-batch or partial-prefill ramp/tail query; keep fallback unless it becomes a gate target,false,false,false,false,false,true,No-Go
phase437_serving_state_precheck,workpoint_scatter,K2.5-tp4ep8dp2-32k3k,mixed_prefill,moe_gemm_or_aux,bucket_below_range,expected_ramp_or_tail_fallback,low_ramp_below_grid,false,true,73,8,8000,32000,0,34,,1,low-batch or partial-prefill ramp/tail query; keep fallback unless it becomes a gate target,false,false,false,false,false,true,No-Go
phase437_serving_state_precheck,workpoint_scatter,K2.5-tp4ep8dp2-32k3k,mixed_prefill,moe_gemm_or_aux,bucket_below_range,expected_ramp_or_tail_fallback,low_ramp_below_grid,false,true,77,8,8000,32000,0,34,,1,low-batch or partial-prefill ramp/tail query; keep fallback unless it becomes a gate target,false,false,false,false,false,true,No-Go
phase437_serving_state_precheck,workpoint_scatter,K2.5-tp4ep8dp2-32k3k,mixed_prefill,moe_gemm_or_aux,bucket_below_range,expected_ramp_or_tail_fallback,low_ramp_below_grid,false,true,77,9,8000,32000,0,34,,1,low-batch or partial-prefill ramp/tail query; keep fallback unless it becomes a gate target,false,false,false,false,false,true,No-Go
phase437_serving_state_precheck,workpoint_scatter,K2.5-tp4ep8dp2-32k3k,mixed_prefill,moe_gemm_or_aux,bucket_below_range,expected_ramp_or_tail_fallback,low_ramp_below_grid,false,true,86,8,8000,32000,0,34,,1,low-batch or partial-prefill ramp/tail query; keep fallback unless it becomes a gate target,false,false,false,false,false,true,No-Go
phase437_serving_state_precheck,workpoint_scatter,K2.5-tp4ep8dp2-32k3k,mixed_prefill,moe_gemm_or_aux,decode_batch_above_range,in_scope_grid_gap,decode_batch_high,true,true,32000,9,8000,32000,0,34,,1,collect higher decode_batch grid points for this phase/category,false,false,false,false,false,true,No-Go
phase437_serving_state_precheck,workpoint_scatter,K2.5-tp4ep8dp2-32k3k,mixed_prefill,moe_gemm_or_aux,hit,covered,none,false,true,32000,1,8000,32000,0,34,,2,serving-state query already hits the measured grid,false,false,false,false,false,true,No-Go
phase437_serving_state_precheck,workpoint_scatter,K2.5-tp4ep8dp2-32k3k,mixed_prefill,moe_gemm_or_aux,hit,covered,none,false,true,32000,2,8000,32000,0,34,,1,serving-state query already hits the measured grid,false,false,false,false,false,true,No-Go
phase437_serving_state_precheck,workpoint_scatter,K2.5-tp4ep8dp2-32k3k,mixed_prefill,moe_gemm_or_aux,hit,covered,none,false,true,32000,3,8000,32000,0,34,,1,serving-state query already hits the measured grid,false,false,false,false,false,true,No-Go
phase437_serving_state_precheck,workpoint_scatter,K2.5-tp4ep8dp2-32k3k,mixed_prefill,moe_gemm_or_aux,hit,covered,none,false,true,32000,4,8000,32000,0,34,,1,serving-state query already hits the measured grid,false,false,false,false,false,true,No-Go
phase437_serving_state_precheck,workpoint_scatter,K2.5-tp4ep8dp2-32k3k,mixed_prefill,moe_gemm_or_aux,hit,covered,none,false,true,32000,5,8000,32000,0,34,,1,serving-state query already hits the measured grid,false,false,false,false,false,true,No-Go
phase437_serving_state_precheck,workpoint_scatter,K2.5-tp4ep8dp2-32k3k,mixed_prefill,moe_gemm_or_aux,hit,covered,none,false,true,32000,6,8000,32000,0,34,,1,serving-state query already hits the measured grid,false,false,false,false,false,true,No-Go
phase437_serving_state_precheck,workpoint_scatter,K2.5-tp4ep8dp2-32k3k,mixed_prefill,moe_gemm_or_aux,hit,covered,none,false,true,32000,7,8000,32000,0,34,,7,serving-state query already hits the measured grid,false,false,false,false,false,true,No-Go
phase437_serving_state_precheck,workpoint_scatter,K2.5-tp4ep8dp2-32k3k,mixed_prefill,moe_gemm_or_aux,hit,covered,none,false,true,32000,8,8000,32000,0,34,,4,serving-state query already hits the measured grid,false,false,false,false,false,true,No-Go
phase437_serving_state_precheck,workpoint_scatter,K2.5-tp4ep8dp2-32k3k,mixed_prefill,other_cuda,bucket_below_range,expected_ramp_or_tail_fallback,low_ramp_below_grid,false,true,16,8,8000,32000,0,34,,1,low-batch or partial-prefill ramp/tail query; keep fallback unless it becomes a gate target,false,false,false,false,false,true,No-Go
phase437_serving_state_precheck,workpoint_scatter,K2.5-tp4ep8dp2-32k3k,mixed_prefill,other_cuda,bucket_below_range,expected_ramp_or_tail_fallback,low_ramp_below_grid,false,true,17,8,8000,32000,0,34,,1,low-batch or partial-prefill ramp/tail query; keep fallback unless it becomes a gate target,false,false,false,false,false,true,No-Go
phase437_serving_state_precheck,workpoint_scatter,K2.5-tp4ep8dp2-32k3k,mixed_prefill,other_cuda,bucket_below_range,expected_ramp_or_tail_fallback,low_ramp_below_grid,false,true,18,9,8000,32000,0,34,,1,low-batch or partial-prefill ramp/tail query; keep fallback unless it becomes a gate target,false,false,false,false,false,true,No-Go
phase437_serving_state_precheck,workpoint_scatter,K2.5-tp4ep8dp2-32k3k,mixed_prefill,other_cuda,bucket_below_range,expected_ramp_or_tail_fallback,low_ramp_below_grid,false,true,19,8,8000,32000,0,34,,1,low-batch or partial-prefill ramp/tail query; keep fallback unless it becomes a gate target,false,false,false,false,false,true,No-Go
phase437_serving_state_precheck,workpoint_scatter,K2.5-tp4ep8dp2-32k3k,mixed_prefill,other_cuda,bucket_below_range,expected_ramp_or_tail_fallback,low_ramp_below_grid,false,true,23,8,8000,32000,0,34,,1,low-batch or partial-prefill ramp/tail query; keep fallback unless it becomes a gate target,false,false,false,false,false,true,No-Go
phase437_serving_state_precheck,workpoint_scatter,K2.5-tp4ep8dp2-32k3k,mixed_prefill,other_cuda,bucket_below_range,expected_ramp_or_tail_fallback,low_ramp_below_grid,false,true,24,8,8000,32000,0,34,,1,low-batch or partial-prefill ramp/tail query; keep fallback unless it becomes a gate target,false,false,false,false,false,true,No-Go
phase437_serving_state_precheck,workpoint_scatter,K2.5-tp4ep8dp2-32k3k,mixed_prefill,other_cuda,bucket_below_range,expected_ramp_or_tail_fallback,low_ramp_below_grid,false,true,25,8,8000,32000,0,34,,1,low-batch or partial-prefill ramp/tail query; keep fallback unless it becomes a gate target,false,false,false,false,false,true,No-Go
phase437_serving_state_precheck,workpoint_scatter,K2.5-tp4ep8dp2-32k3k,mixed_prefill,other_cuda,bucket_below_range,expected_ramp_or_tail_fallback,low_ramp_below_grid,false,true,26,8,8000,32000,0,34,,1,low-batch or partial-prefill ramp/tail query; keep fallback unless it becomes a gate target,false,false,false,false,false,true,No-Go
phase437_serving_state_precheck,workpoint_scatter,K2.5-tp4ep8dp2-32k3k,mixed_prefill,other_cuda,bucket_below_range,expected_ramp_or_tail_fallback,low_ramp_below_grid,false,true,27,8,8000,32000,0,34,,1,low-batch or partial-prefill ramp/tail query; keep fallback unless it becomes a gate target,false,false,false,false,false,true,No-Go
phase437_serving_state_precheck,workpoint_scatter,K2.5-tp4ep8dp2-32k3k,mixed_prefill,other_cuda,bucket_below_range,expected_ramp_or_tail_fallback,low_ramp_below_grid,false,true,28,8,8000,32000,0,34,,1,low-batch or partial-prefill ramp/tail query; keep fallback unless it becomes a gate target,false,false,false,false,false,true,No-Go
phase437_serving_state_precheck,workpoint_scatter,K2.5-tp4ep8dp2-32k3k,mixed_prefill,other_cuda,bucket_below_range,expected_ramp_or_tail_fallback,low_ramp_below_grid,false,true,29,8,8000,32000,0,34,,1,low-batch or partial-prefill ramp/tail query; keep fallback unless it becomes a gate target,false,false,false,false,false,true,No-Go
phase437_serving_state_precheck,workpoint_scatter,K2.5-tp4ep8dp2-32k3k,mixed_prefill,other_cuda,bucket_below_range,expected_ramp_or_tail_fallback,low_ramp_below_grid,false,true,30,8,8000,32000,0,34,,1,low-batch or partial-prefill ramp/tail query; keep fallback unless it becomes a gate target,false,false,false,false,false,true,No-Go
phase437_serving_state_precheck,workpoint_scatter,K2.5-tp4ep8dp2-32k3k,mixed_prefill,other_cuda,bucket_below_range,expected_ramp_or_tail_fallback,low_ramp_below_grid,false,true,31,8,8000,32000,0,34,,1,low-batch or partial-prefill ramp/tail query; keep fallback unless it becomes a gate target,false,false,false,false,false,true,No-Go
phase437_serving_state_precheck,workpoint_scatter,K2.5-tp4ep8dp2-32k3k,mixed_prefill,other_cuda,bucket_below_range,expected_ramp_or_tail_fallback,low_ramp_below_grid,false,true,32,8,8000,32000,0,34,,1,low-batch or partial-prefill ramp/tail query; keep fallback unless it becomes a gate target,false,false,false,false,false,true,No-Go
phase437_serving_state_precheck,workpoint_scatter,K2.5-tp4ep8dp2-32k3k,mixed_prefill,other_cuda,bucket_below_range,expected_ramp_or_tail_fallback,low_ramp_below_grid,false,true,34,9,8000,32000,0,34,,1,low-batch or partial-prefill ramp/tail query; keep fallback unless it becomes a gate target,false,false,false,false,false,true,No-Go
phase437_serving_state_precheck,workpoint_scatter,K2.5-tp4ep8dp2-32k3k,mixed_prefill,other_cuda,bucket_below_range,expected_ramp_or_tail_fallback,low_ramp_below_grid,false,true,36,7,8000,32000,0,34,,1,low-batch or partial-prefill ramp/tail query; keep fallback unless it becomes a gate target,false,false,false,false,false,true,No-Go
phase437_serving_state_precheck,workpoint_scatter,K2.5-tp4ep8dp2-32k3k,mixed_prefill,other_cuda,bucket_below_range,expected_ramp_or_tail_fallback,low_ramp_below_grid,false,true,38,8,8000,32000,0,34,,1,low-batch or partial-prefill ramp/tail query; keep fallback unless it becomes a gate target,false,false,false,false,false,true,No-Go
phase437_serving_state_precheck,workpoint_scatter,K2.5-tp4ep8dp2-32k3k,mixed_prefill,other_cuda,bucket_below_range,expected_ramp_or_tail_fallback,low_ramp_below_grid,false,true,42,8,8000,32000,0,34,,1,low-batch or partial-prefill ramp/tail query; keep fallback unless it becomes a gate target,false,false,false,false,false,true,No-Go
phase437_serving_state_precheck,workpoint_scatter,K2.5-tp4ep8dp2-32k3k,mixed_prefill,other_cuda,bucket_below_range,expected_ramp_or_tail_fallback,low_ramp_below_grid,false,true,43,8,8000,32000,0,34,,1,low-batch or partial-prefill ramp/tail query; keep fallback unless it becomes a gate target,false,false,false,false,false,true,No-Go
phase437_serving_state_precheck,workpoint_scatter,K2.5-tp4ep8dp2-32k3k,mixed_prefill,other_cuda,bucket_below_range,expected_ramp_or_tail_fallback,low_ramp_below_grid,false,true,44,8,8000,32000,0,34,,1,low-batch or partial-prefill ramp/tail query; keep fallback unless it becomes a gate target,false,false,false,false,false,true,No-Go
phase437_serving_state_precheck,workpoint_scatter,K2.5-tp4ep8dp2-32k3k,mixed_prefill,other_cuda,bucket_below_range,expected_ramp_or_tail_fallback,low_ramp_below_grid,false,true,46,8,8000,32000,0,34,,1,low-batch or partial-prefill ramp/tail query; keep fallback unless it becomes a gate target,false,false,false,false,false,true,No-Go
phase437_serving_state_precheck,workpoint_scatter,K2.5-tp4ep8dp2-32k3k,mixed_prefill,other_cuda,bucket_below_range,expected_ramp_or_tail_fallback,low_ramp_below_grid,false,true,46,9,8000,32000,0,34,,1,low-batch or partial-prefill ramp/tail query; keep fallback unless it becomes a gate target,false,false,false,false,false,true,No-Go
phase437_serving_state_precheck,workpoint_scatter,K2.5-tp4ep8dp2-32k3k,mixed_prefill,other_cuda,bucket_below_range,expected_ramp_or_tail_fallback,low_ramp_below_grid,false,true,48,8,8000,32000,0,34,,1,low-batch or partial-prefill ramp/tail query; keep fallback unless it becomes a gate target,false,false,false,false,false,true,No-Go
phase437_serving_state_precheck,workpoint_scatter,K2.5-tp4ep8dp2-32k3k,mixed_prefill,other_cuda,bucket_below_range,expected_ramp_or_tail_fallback,low_ramp_below_grid,false,true,50,9,8000,32000,0,34,,1,low-batch or partial-prefill ramp/tail query; keep fallback unless it becomes a gate target,false,false,false,false,false,true,No-Go
phase437_serving_state_precheck,workpoint_scatter,K2.5-tp4ep8dp2-32k3k,mixed_prefill,other_cuda,bucket_below_range,expected_ramp_or_tail_fallback,low_ramp_below_grid,false,true,58,8,8000,32000,0,34,,1,low-batch or partial-prefill ramp/tail query; keep fallback unless it becomes a gate target,false,false,false,false,false,true,No-Go
phase437_serving_state_precheck,workpoint_scatter,K2.5-tp4ep8dp2-32k3k,mixed_prefill,other_cuda,bucket_below_range,expected_ramp_or_tail_fallback,low_ramp_below_grid,false,true,59,8,8000,32000,0,34,,1,low-batch or partial-prefill ramp/tail query; keep fallback unless it becomes a gate target,false,false,false,false,false,true,No-Go
phase437_serving_state_precheck,workpoint_scatter,K2.5-tp4ep8dp2-32k3k,mixed_prefill,other_cuda,bucket_below_range,expected_ramp_or_tail_fallback,low_ramp_below_grid,false,true,63,8,8000,32000,0,34,,1,low-batch or partial-prefill ramp/tail query; keep fallback unless it becomes a gate target,false,false,false,false,false,true,No-Go
phase437_serving_state_precheck,workpoint_scatter,K2.5-tp4ep8dp2-32k3k,mixed_prefill,other_cuda,bucket_below_range,expected_ramp_or_tail_fallback,low_ramp_below_grid,false,true,67,9,8000,32000,0,34,,1,low-batch or partial-prefill ramp/tail query; keep fallback unless it becomes a gate target,false,false,false,false,false,true,No-Go
phase437_serving_state_precheck,workpoint_scatter,K2.5-tp4ep8dp2-32k3k,mixed_prefill,other_cuda,bucket_below_range,expected_ramp_or_tail_fallback,low_ramp_below_grid,false,true,73,8,8000,32000,0,34,,1,low-batch or partial-prefill ramp/tail query; keep fallback unless it becomes a gate target,false,false,false,false,false,true,No-Go
phase437_serving_state_precheck,workpoint_scatter,K2.5-tp4ep8dp2-32k3k,mixed_prefill,other_cuda,bucket_below_range,expected_ramp_or_tail_fallback,low_ramp_below_grid,false,true,77,8,8000,32000,0,34,,1,low-batch or partial-prefill ramp/tail query; keep fallback unless it becomes a gate target,false,false,false,false,false,true,No-Go
phase437_serving_state_precheck,workpoint_scatter,K2.5-tp4ep8dp2-32k3k,mixed_prefill,other_cuda,bucket_below_range,expected_ramp_or_tail_fallback,low_ramp_below_grid,false,true,77,9,8000,32000,0,34,,1,low-batch or partial-prefill ramp/tail query; keep fallback unless it becomes a gate target,false,false,false,false,false,true,No-Go
phase437_serving_state_precheck,workpoint_scatter,K2.5-tp4ep8dp2-32k3k,mixed_prefill,other_cuda,bucket_below_range,expected_ramp_or_tail_fallback,low_ramp_below_grid,false,true,86,8,8000,32000,0,34,,1,low-batch or partial-prefill ramp/tail query; keep fallback unless it becomes a gate target,false,false,false,false,false,true,No-Go
phase437_serving_state_precheck,workpoint_scatter,K2.5-tp4ep8dp2-32k3k,mixed_prefill,other_cuda,decode_batch_above_range,in_scope_grid_gap,decode_batch_high,true,true,32000,9,8000,32000,0,34,,1,collect higher decode_batch grid points for this phase/category,false,false,false,false,false,true,No-Go
phase437_serving_state_precheck,workpoint_scatter,K2.5-tp4ep8dp2-32k3k,mixed_prefill,other_cuda,hit,covered,none,false,true,32000,1,8000,32000,0,34,,2,serving-state query already hits the measured grid,false,false,false,false,false,true,No-Go
phase437_serving_state_precheck,workpoint_scatter,K2.5-tp4ep8dp2-32k3k,mixed_prefill,other_cuda,hit,covered,none,false,true,32000,2,8000,32000,0,34,,1,serving-state query already hits the measured grid,false,false,false,false,false,true,No-Go
phase437_serving_state_precheck,workpoint_scatter,K2.5-tp4ep8dp2-32k3k,mixed_prefill,other_cuda,hit,covered,none,false,true,32000,3,8000,32000,0,34,,1,serving-state query already hits the measured grid,false,false,false,false,false,true,No-Go
phase437_serving_state_precheck,workpoint_scatter,K2.5-tp4ep8dp2-32k3k,mixed_prefill,other_cuda,hit,covered,none,false,true,32000,4,8000,32000,0,34,,1,serving-state query already hits the measured grid,false,false,false,false,false,true,No-Go
phase437_serving_state_precheck,workpoint_scatter,K2.5-tp4ep8dp2-32k3k,mixed_prefill,other_cuda,hit,covered,none,false,true,32000,5,8000,32000,0,34,,1,serving-state query already hits the measured grid,false,false,false,false,false,true,No-Go
phase437_serving_state_precheck,workpoint_scatter,K2.5-tp4ep8dp2-32k3k,mixed_prefill,other_cuda,hit,covered,none,false,true,32000,6,8000,32000,0,34,,1,serving-state query already hits the measured grid,false,false,false,false,false,true,No-Go
phase437_serving_state_precheck,workpoint_scatter,K2.5-tp4ep8dp2-32k3k,mixed_prefill,other_cuda,hit,covered,none,false,true,32000,7,8000,32000,0,34,,7,serving-state query already hits the measured grid,false,false,false,false,false,true,No-Go
phase437_serving_state_precheck,workpoint_scatter,K2.5-tp4ep8dp2-32k3k,mixed_prefill,other_cuda,hit,covered,none,false,true,32000,8,8000,32000,0,34,,4,serving-state query already hits the measured grid,false,false,false,false,false,true,No-Go
phase437_serving_state_precheck,workpoint_scatter,K2.5-tp4ep8dp2-32k3k,prefill,collective_other,table_missing,expected_pure_prefill_fallback,pure_prefill_not_in_serving_state_table,false,true,32000,0,,,,,,1,pure prefill remains on the baseline model; Phase437 targets mixed_prefill and decode,false,false,false,false,false,true,No-Go
phase437_serving_state_precheck,workpoint_scatter,K2.5-tp4ep8dp2-32k3k,prefill,ep_a2a,table_missing,expected_pure_prefill_fallback,pure_prefill_not_in_serving_state_table,false,true,32000,0,,,,,,1,pure prefill remains on the baseline model; Phase437 targets mixed_prefill and decode,false,false,false,false,false,true,No-Go
phase437_serving_state_precheck,workpoint_scatter,K2.5-tp4ep8dp2-32k3k,prefill,moe_gemm_or_aux,table_missing,expected_pure_prefill_fallback,pure_prefill_not_in_serving_state_table,false,true,32000,0,,,,,,1,pure prefill remains on the baseline model; Phase437 targets mixed_prefill and decode,false,false,false,false,false,true,No-Go
phase437_serving_state_precheck,workpoint_scatter,K2.5-tp4ep8dp2-32k3k,prefill,other_cuda,table_missing,expected_pure_prefill_fallback,pure_prefill_not_in_serving_state_table,false,true,32000,0,,,,,,1,pure prefill remains on the baseline model; Phase437 targets mixed_prefill and decode,false,false,false,false,false,true,No-Go
phase437_serving_state_precheck,workpoint_scatter,K2.5-tp4ep8dp2-8k2k,decode,collective_other,bucket_above_range,in_scope_grid_gap,token_or_decode_bucket_high,true,true,53,53,8,52,8,52,,1,collect higher token bucket points; decode phase uses bucket_tokens=decode_batch,false,false,false,false,false,true,No-Go
phase437_serving_state_precheck,workpoint_scatter,K2.5-tp4ep8dp2-8k2k,decode,collective_other,bucket_above_range,in_scope_grid_gap,token_or_decode_bucket_high,true,true,54,54,8,52,8,52,,1,collect higher token bucket points; decode phase uses bucket_tokens=decode_batch,false,false,false,false,false,true,No-Go
phase437_serving_state_precheck,workpoint_scatter,K2.5-tp4ep8dp2-8k2k,decode,collective_other,bucket_above_range,in_scope_grid_gap,token_or_decode_bucket_high,true,true,55,55,8,52,8,52,,1,collect higher token bucket points; decode phase uses bucket_tokens=decode_batch,false,false,false,false,false,true,No-Go
phase437_serving_state_precheck,workpoint_scatter,K2.5-tp4ep8dp2-8k2k,decode,collective_other,bucket_above_range,in_scope_grid_gap,token_or_decode_bucket_high,true,true,56,56,8,52,8,52,,1,collect higher token bucket points; decode phase uses bucket_tokens=decode_batch,false,false,false,false,false,true,No-Go
phase437_serving_state_precheck,workpoint_scatter,K2.5-tp4ep8dp2-8k2k,decode,collective_other,bucket_above_range,in_scope_grid_gap,token_or_decode_bucket_high,true,true,57,57,8,52,8,52,,1,collect higher token bucket points; decode phase uses bucket_tokens=decode_batch,false,false,false,false,false,true,No-Go
phase437_serving_state_precheck,workpoint_scatter,K2.5-tp4ep8dp2-8k2k,decode,collective_other,bucket_above_range,in_scope_grid_gap,token_or_decode_bucket_high,true,true,58,58,8,52,8,52,,1,collect higher token bucket points; decode phase uses bucket_tokens=decode_batch,false,false,false,false,false,true,No-Go
phase437_serving_state_precheck,workpoint_scatter,K2.5-tp4ep8dp2-8k2k,decode,collective_other,bucket_above_range,in_scope_grid_gap,token_or_decode_bucket_high,true,true,59,59,8,52,8,52,,1,collect higher token bucket points; decode phase uses bucket_tokens=decode_batch,false,false,false,false,false,true,No-Go
phase437_serving_state_precheck,workpoint_scatter,K2.5-tp4ep8dp2-8k2k,decode,collective_other,bucket_above_range,in_scope_grid_gap,token_or_decode_bucket_high,true,true,60,60,8,52,8,52,,1,collect higher token bucket points; decode phase uses bucket_tokens=decode_batch,false,false,false,false,false,true,No-Go
phase437_serving_state_precheck,workpoint_scatter,K2.5-tp4ep8dp2-8k2k,decode,collective_other,bucket_above_range,in_scope_grid_gap,token_or_decode_bucket_high,true,true,61,61,8,52,8,52,,1,collect higher token bucket points; decode phase uses bucket_tokens=decode_batch,false,false,false,false,false,true,No-Go
phase437_serving_state_precheck,workpoint_scatter,K2.5-tp4ep8dp2-8k2k,decode,collective_other,bucket_above_range,in_scope_grid_gap,token_or_decode_bucket_high,true,true,62,62,8,52,8,52,,1,collect higher token bucket points; decode phase uses bucket_tokens=decode_batch,false,false,false,false,false,true,No-Go
phase437_serving_state_precheck,workpoint_scatter,K2.5-tp4ep8dp2-8k2k,decode,collective_other,bucket_above_range,in_scope_grid_gap,token_or_decode_bucket_high,true,true,63,63,8,52,8,52,,2,collect higher token bucket points; decode phase uses bucket_tokens=decode_batch,false,false,false,false,false,true,No-Go
phase437_serving_state_precheck,workpoint_scatter,K2.5-tp4ep8dp2-8k2k,decode,collective_other,bucket_above_range,in_scope_grid_gap,token_or_decode_bucket_high,true,true,64,64,8,52,8,52,,3,collect higher token bucket points; decode phase uses bucket_tokens=decode_batch,false,false,false,false,false,true,No-Go
phase437_serving_state_precheck,workpoint_scatter,K2.5-tp4ep8dp2-8k2k,decode,collective_other,bucket_below_range,expected_ramp_or_tail_fallback,low_ramp_below_grid,false,true,1,1,8,52,8,52,,1,low-batch or partial-prefill ramp/tail query; keep fallback unless it becomes a gate target,false,false,false,false,false,true,No-Go
phase437_serving_state_precheck,workpoint_scatter,K2.5-tp4ep8dp2-8k2k,decode,collective_other,bucket_below_range,expected_ramp_or_tail_fallback,low_ramp_below_grid,false,true,2,2,8,52,8,52,,1,low-batch or partial-prefill ramp/tail query; keep fallback unless it becomes a gate target,false,false,false,false,false,true,No-Go
phase437_serving_state_precheck,workpoint_scatter,K2.5-tp4ep8dp2-8k2k,decode,collective_other,bucket_below_range,expected_ramp_or_tail_fallback,low_ramp_below_grid,false,true,3,3,8,52,8,52,,1,low-batch or partial-prefill ramp/tail query; keep fallback unless it becomes a gate target,false,false,false,false,false,true,No-Go
phase437_serving_state_precheck,workpoint_scatter,K2.5-tp4ep8dp2-8k2k,decode,collective_other,bucket_below_range,expected_ramp_or_tail_fallback,low_ramp_below_grid,false,true,4,4,8,52,8,52,,1,low-batch or partial-prefill ramp/tail query; keep fallback unless it becomes a gate target,false,false,false,false,false,true,No-Go
phase437_serving_state_precheck,workpoint_scatter,K2.5-tp4ep8dp2-8k2k,decode,collective_other,bucket_below_range,expected_ramp_or_tail_fallback,low_ramp_below_grid,false,true,5,5,8,52,8,52,,1,low-batch or partial-prefill ramp/tail query; keep fallback unless it becomes a gate target,false,false,false,false,false,true,No-Go
phase437_serving_state_precheck,workpoint_scatter,K2.5-tp4ep8dp2-8k2k,decode,collective_other,bucket_below_range,expected_ramp_or_tail_fallback,low_ramp_below_grid,false,true,6,6,8,52,8,52,,1,low-batch or partial-prefill ramp/tail query; keep fallback unless it becomes a gate target,false,false,false,false,false,true,No-Go
phase437_serving_state_precheck,workpoint_scatter,K2.5-tp4ep8dp2-8k2k,decode,collective_other,bucket_below_range,expected_ramp_or_tail_fallback,low_ramp_below_grid,false,true,7,7,8,52,8,52,,1,low-batch or partial-prefill ramp/tail query; keep fallback unless it becomes a gate target,false,false,false,false,false,true,No-Go
phase437_serving_state_precheck,workpoint_scatter,K2.5-tp4ep8dp2-8k2k,decode,collective_other,hit,covered,none,false,true,8,8,8,52,8,52,,1,serving-state query already hits the measured grid,false,false,false,false,false,true,No-Go
phase437_serving_state_precheck,workpoint_scatter,K2.5-tp4ep8dp2-8k2k,decode,collective_other,hit,covered,none,false,true,36,36,8,52,8,52,,1,serving-state query already hits the measured grid,false,false,false,false,false,true,No-Go
phase437_serving_state_precheck,workpoint_scatter,K2.5-tp4ep8dp2-8k2k,decode,collective_other,hit,covered,none,false,true,52,52,8,52,8,52,,1,serving-state query already hits the measured grid,false,false,false,false,false,true,No-Go
phase437_serving_state_precheck,workpoint_scatter,K2.5-tp4ep8dp2-8k2k,decode,collective_other,interpolation_gap,in_scope_grid_gap,rectangular_grid_density,true,true,9,9,8,52,8,52,,1,existing diagonal/window points do not bracket this 2D query,false,false,false,false,false,true,No-Go
phase437_serving_state_precheck,workpoint_scatter,K2.5-tp4ep8dp2-8k2k,decode,collective_other,interpolation_gap,in_scope_grid_gap,rectangular_grid_density,true,true,10,10,8,52,8,52,,1,existing diagonal/window points do not bracket this 2D query,false,false,false,false,false,true,No-Go
phase437_serving_state_precheck,workpoint_scatter,K2.5-tp4ep8dp2-8k2k,decode,collective_other,interpolation_gap,in_scope_grid_gap,rectangular_grid_density,true,true,11,11,8,52,8,52,,1,existing diagonal/window points do not bracket this 2D query,false,false,false,false,false,true,No-Go
phase437_serving_state_precheck,workpoint_scatter,K2.5-tp4ep8dp2-8k2k,decode,collective_other,interpolation_gap,in_scope_grid_gap,rectangular_grid_density,true,true,12,12,8,52,8,52,,1,existing diagonal/window points do not bracket this 2D query,false,false,false,false,false,true,No-Go
phase437_serving_state_precheck,workpoint_scatter,K2.5-tp4ep8dp2-8k2k,decode,collective_other,interpolation_gap,in_scope_grid_gap,rectangular_grid_density,true,true,13,13,8,52,8,52,,1,existing diagonal/window points do not bracket this 2D query,false,false,false,false,false,true,No-Go
phase437_serving_state_precheck,workpoint_scatter,K2.5-tp4ep8dp2-8k2k,decode,collective_other,interpolation_gap,in_scope_grid_gap,rectangular_grid_density,true,true,14,14,8,52,8,52,,1,existing diagonal/window points do not bracket this 2D query,false,false,false,false,false,true,No-Go
phase437_serving_state_precheck,workpoint_scatter,K2.5-tp4ep8dp2-8k2k,decode,collective_other,interpolation_gap,in_scope_grid_gap,rectangular_grid_density,true,true,15,15,8,52,8,52,,1,existing diagonal/window points do not bracket this 2D query,false,false,false,false,false,true,No-Go
phase437_serving_state_precheck,workpoint_scatter,K2.5-tp4ep8dp2-8k2k,decode,collective_other,interpolation_gap,in_scope_grid_gap,rectangular_grid_density,true,true,16,16,8,52,8,52,,1,existing diagonal/window points do not bracket this 2D query,false,false,false,false,false,true,No-Go
phase437_serving_state_precheck,workpoint_scatter,K2.5-tp4ep8dp2-8k2k,decode,collective_other,interpolation_gap,in_scope_grid_gap,rectangular_grid_density,true,true,17,17,8,52,8,52,,1,existing diagonal/window points do not bracket this 2D query,false,false,false,false,false,true,No-Go
phase437_serving_state_precheck,workpoint_scatter,K2.5-tp4ep8dp2-8k2k,decode,collective_other,interpolation_gap,in_scope_grid_gap,rectangular_grid_density,true,true,18,18,8,52,8,52,,1,existing diagonal/window points do not bracket this 2D query,false,false,false,false,false,true,No-Go
phase437_serving_state_precheck,workpoint_scatter,K2.5-tp4ep8dp2-8k2k,decode,collective_other,interpolation_gap,in_scope_grid_gap,rectangular_grid_density,true,true,19,19,8,52,8,52,,1,existing diagonal/window points do not bracket this 2D query,false,false,false,false,false,true,No-Go
phase437_serving_state_precheck,workpoint_scatter,K2.5-tp4ep8dp2-8k2k,decode,collective_other,interpolation_gap,in_scope_grid_gap,rectangular_grid_density,true,true,20,20,8,52,8,52,,1,existing diagonal/window points do not bracket this 2D query,false,false,false,false,false,true,No-Go
phase437_serving_state_precheck,workpoint_scatter,K2.5-tp4ep8dp2-8k2k,decode,collective_other,interpolation_gap,in_scope_grid_gap,rectangular_grid_density,true,true,21,21,8,52,8,52,,1,existing diagonal/window points do not bracket this 2D query,false,false,false,false,false,true,No-Go
phase437_serving_state_precheck,workpoint_scatter,K2.5-tp4ep8dp2-8k2k,decode,collective_other,interpolation_gap,in_scope_grid_gap,rectangular_grid_density,true,true,22,22,8,52,8,52,,1,existing diagonal/window points do not bracket this 2D query,false,false,false,false,false,true,No-Go
phase437_serving_state_precheck,workpoint_scatter,K2.5-tp4ep8dp2-8k2k,decode,collective_other,interpolation_gap,in_scope_grid_gap,rectangular_grid_density,true,true,23,23,8,52,8,52,,1,existing diagonal/window points do not bracket this 2D query,false,false,false,false,false,true,No-Go
phase437_serving_state_precheck,workpoint_scatter,K2.5-tp4ep8dp2-8k2k,decode,collective_other,interpolation_gap,in_scope_grid_gap,rectangular_grid_density,true,true,24,24,8,52,8,52,,1,existing diagonal/window points do not bracket this 2D query,false,false,false,false,false,true,No-Go
phase437_serving_state_precheck,workpoint_scatter,K2.5-tp4ep8dp2-8k2k,decode,collective_other,interpolation_gap,in_scope_grid_gap,rectangular_grid_density,true,true,25,25,8,52,8,52,,1,existing diagonal/window points do not bracket this 2D query,false,false,false,false,false,true,No-Go
phase437_serving_state_precheck,workpoint_scatter,K2.5-tp4ep8dp2-8k2k,decode,collective_other,interpolation_gap,in_scope_grid_gap,rectangular_grid_density,true,true,26,26,8,52,8,52,,1,existing diagonal/window points do not bracket this 2D query,false,false,false,false,false,true,No-Go
phase437_serving_state_precheck,workpoint_scatter,K2.5-tp4ep8dp2-8k2k,decode,collective_other,interpolation_gap,in_scope_grid_gap,rectangular_grid_density,true,true,27,27,8,52,8,52,,1,existing diagonal/window points do not bracket this 2D query,false,false,false,false,false,true,No-Go
phase437_serving_state_precheck,workpoint_scatter,K2.5-tp4ep8dp2-8k2k,decode,collective_other,interpolation_gap,in_scope_grid_gap,rectangular_grid_density,true,true,28,28,8,52,8,52,,1,existing diagonal/window points do not bracket this 2D query,false,false,false,false,false,true,No-Go
phase437_serving_state_precheck,workpoint_scatter,K2.5-tp4ep8dp2-8k2k,decode,collective_other,interpolation_gap,in_scope_grid_gap,rectangular_grid_density,true,true,29,29,8,52,8,52,,1,existing diagonal/window points do not bracket this 2D query,false,false,false,false,false,true,No-Go
phase437_serving_state_precheck,workpoint_scatter,K2.5-tp4ep8dp2-8k2k,decode,collective_other,interpolation_gap,in_scope_grid_gap,rectangular_grid_density,true,true,30,30,8,52,8,52,,1,existing diagonal/window points do not bracket this 2D query,false,false,false,false,false,true,No-Go
phase437_serving_state_precheck,workpoint_scatter,K2.5-tp4ep8dp2-8k2k,decode,collective_other,interpolation_gap,in_scope_grid_gap,rectangular_grid_density,true,true,31,31,8,52,8,52,,1,existing diagonal/window points do not bracket this 2D query,false,false,false,false,false,true,No-Go
phase437_serving_state_precheck,workpoint_scatter,K2.5-tp4ep8dp2-8k2k,decode,collective_other,interpolation_gap,in_scope_grid_gap,rectangular_grid_density,true,true,32,32,8,52,8,52,,1,existing diagonal/window points do not bracket this 2D query,false,false,false,false,false,true,No-Go
phase437_serving_state_precheck,workpoint_scatter,K2.5-tp4ep8dp2-8k2k,decode,collective_other,interpolation_gap,in_scope_grid_gap,rectangular_grid_density,true,true,33,33,8,52,8,52,,1,existing diagonal/window points do not bracket this 2D query,false,false,false,false,false,true,No-Go
phase437_serving_state_precheck,workpoint_scatter,K2.5-tp4ep8dp2-8k2k,decode,collective_other,interpolation_gap,in_scope_grid_gap,rectangular_grid_density,true,true,34,34,8,52,8,52,,1,existing diagonal/window points do not bracket this 2D query,false,false,false,false,false,true,No-Go
phase437_serving_state_precheck,workpoint_scatter,K2.5-tp4ep8dp2-8k2k,decode,collective_other,interpolation_gap,in_scope_grid_gap,rectangular_grid_density,true,true,35,35,8,52,8,52,,1,existing diagonal/window points do not bracket this 2D query,false,false,false,false,false,true,No-Go
phase437_serving_state_precheck,workpoint_scatter,K2.5-tp4ep8dp2-8k2k,decode,collective_other,interpolation_gap,in_scope_grid_gap,rectangular_grid_density,true,true,37,37,8,52,8,52,,1,existing diagonal/window points do not bracket this 2D query,false,false,false,false,false,true,No-Go
phase437_serving_state_precheck,workpoint_scatter,K2.5-tp4ep8dp2-8k2k,decode,collective_other,interpolation_gap,in_scope_grid_gap,rectangular_grid_density,true,true,38,38,8,52,8,52,,1,existing diagonal/window points do not bracket this 2D query,false,false,false,false,false,true,No-Go
phase437_serving_state_precheck,workpoint_scatter,K2.5-tp4ep8dp2-8k2k,decode,collective_other,interpolation_gap,in_scope_grid_gap,rectangular_grid_density,true,true,39,39,8,52,8,52,,1,existing diagonal/window points do not bracket this 2D query,false,false,false,false,false,true,No-Go
phase437_serving_state_precheck,workpoint_scatter,K2.5-tp4ep8dp2-8k2k,decode,collective_other,interpolation_gap,in_scope_grid_gap,rectangular_grid_density,true,true,40,40,8,52,8,52,,1,existing diagonal/window points do not bracket this 2D query,false,false,false,false,false,true,No-Go
phase437_serving_state_precheck,workpoint_scatter,K2.5-tp4ep8dp2-8k2k,decode,collective_other,interpolation_gap,in_scope_grid_gap,rectangular_grid_density,true,true,41,41,8,52,8,52,,1,existing diagonal/window points do not bracket this 2D query,false,false,false,false,false,true,No-Go
phase437_serving_state_precheck,workpoint_scatter,K2.5-tp4ep8dp2-8k2k,decode,collective_other,interpolation_gap,in_scope_grid_gap,rectangular_grid_density,true,true,42,42,8,52,8,52,,1,existing diagonal/window points do not bracket this 2D query,false,false,false,false,false,true,No-Go
phase437_serving_state_precheck,workpoint_scatter,K2.5-tp4ep8dp2-8k2k,decode,collective_other,interpolation_gap,in_scope_grid_gap,rectangular_grid_density,true,true,43,43,8,52,8,52,,1,existing diagonal/window points do not bracket this 2D query,false,false,false,false,false,true,No-Go
phase437_serving_state_precheck,workpoint_scatter,K2.5-tp4ep8dp2-8k2k,decode,collective_other,interpolation_gap,in_scope_grid_gap,rectangular_grid_density,true,true,44,44,8,52,8,52,,1,existing diagonal/window points do not bracket this 2D query,false,false,false,false,false,true,No-Go
phase437_serving_state_precheck,workpoint_scatter,K2.5-tp4ep8dp2-8k2k,decode,collective_other,interpolation_gap,in_scope_grid_gap,rectangular_grid_density,true,true,45,45,8,52,8,52,,1,existing diagonal/window points do not bracket this 2D query,false,false,false,false,false,true,No-Go
phase437_serving_state_precheck,workpoint_scatter,K2.5-tp4ep8dp2-8k2k,decode,collective_other,interpolation_gap,in_scope_grid_gap,rectangular_grid_density,true,true,46,46,8,52,8,52,,1,existing diagonal/window points do not bracket this 2D query,false,false,false,false,false,true,No-Go
phase437_serving_state_precheck,workpoint_scatter,K2.5-tp4ep8dp2-8k2k,decode,collective_other,interpolation_gap,in_scope_grid_gap,rectangular_grid_density,true,true,47,47,8,52,8,52,,1,existing diagonal/window points do not bracket this 2D query,false,false,false,false,false,true,No-Go
phase437_serving_state_precheck,workpoint_scatter,K2.5-tp4ep8dp2-8k2k,decode,collective_other,interpolation_gap,in_scope_grid_gap,rectangular_grid_density,true,true,48,48,8,52,8,52,,1,existing diagonal/window points do not bracket this 2D query,false,false,false,false,false,true,No-Go
phase437_serving_state_precheck,workpoint_scatter,K2.5-tp4ep8dp2-8k2k,decode,collective_other,interpolation_gap,in_scope_grid_gap,rectangular_grid_density,true,true,49,49,8,52,8,52,,1,existing diagonal/window points do not bracket this 2D query,false,false,false,false,false,true,No-Go
phase437_serving_state_precheck,workpoint_scatter,K2.5-tp4ep8dp2-8k2k,decode,collective_other,interpolation_gap,in_scope_grid_gap,rectangular_grid_density,true,true,50,50,8,52,8,52,,1,existing diagonal/window points do not bracket this 2D query,false,false,false,false,false,true,No-Go
phase437_serving_state_precheck,workpoint_scatter,K2.5-tp4ep8dp2-8k2k,decode,collective_other,interpolation_gap,in_scope_grid_gap,rectangular_grid_density,true,true,51,51,8,52,8,52,,1,existing diagonal/window points do not bracket this 2D query,false,false,false,false,false,true,No-Go
phase437_serving_state_precheck,workpoint_scatter,K2.5-tp4ep8dp2-8k2k,decode,ep_a2a,bucket_above_range,in_scope_grid_gap,token_or_decode_bucket_high,true,true,53,53,8,52,8,52,,1,collect higher token bucket points; decode phase uses bucket_tokens=decode_batch,false,false,false,false,false,true,No-Go
phase437_serving_state_precheck,workpoint_scatter,K2.5-tp4ep8dp2-8k2k,decode,ep_a2a,bucket_above_range,in_scope_grid_gap,token_or_decode_bucket_high,true,true,54,54,8,52,8,52,,1,collect higher token bucket points; decode phase uses bucket_tokens=decode_batch,false,false,false,false,false,true,No-Go
phase437_serving_state_precheck,workpoint_scatter,K2.5-tp4ep8dp2-8k2k,decode,ep_a2a,bucket_above_range,in_scope_grid_gap,token_or_decode_bucket_high,true,true,55,55,8,52,8,52,,1,collect higher token bucket points; decode phase uses bucket_tokens=decode_batch,false,false,false,false,false,true,No-Go
phase437_serving_state_precheck,workpoint_scatter,K2.5-tp4ep8dp2-8k2k,decode,ep_a2a,bucket_above_range,in_scope_grid_gap,token_or_decode_bucket_high,true,true,56,56,8,52,8,52,,1,collect higher token bucket points; decode phase uses bucket_tokens=decode_batch,false,false,false,false,false,true,No-Go
phase437_serving_state_precheck,workpoint_scatter,K2.5-tp4ep8dp2-8k2k,decode,ep_a2a,bucket_above_range,in_scope_grid_gap,token_or_decode_bucket_high,true,true,57,57,8,52,8,52,,1,collect higher token bucket points; decode phase uses bucket_tokens=decode_batch,false,false,false,false,false,true,No-Go
phase437_serving_state_precheck,workpoint_scatter,K2.5-tp4ep8dp2-8k2k,decode,ep_a2a,bucket_above_range,in_scope_grid_gap,token_or_decode_bucket_high,true,true,58,58,8,52,8,52,,1,collect higher token bucket points; decode phase uses bucket_tokens=decode_batch,false,false,false,false,false,true,No-Go
phase437_serving_state_precheck,workpoint_scatter,K2.5-tp4ep8dp2-8k2k,decode,ep_a2a,bucket_above_range,in_scope_grid_gap,token_or_decode_bucket_high,true,true,59,59,8,52,8,52,,1,collect higher token bucket points; decode phase uses bucket_tokens=decode_batch,false,false,false,false,false,true,No-Go
phase437_serving_state_precheck,workpoint_scatter,K2.5-tp4ep8dp2-8k2k,decode,ep_a2a,bucket_above_range,in_scope_grid_gap,token_or_decode_bucket_high,true,true,60,60,8,52,8,52,,1,collect higher token bucket points; decode phase uses bucket_tokens=decode_batch,false,false,false,false,false,true,No-Go
phase437_serving_state_precheck,workpoint_scatter,K2.5-tp4ep8dp2-8k2k,decode,ep_a2a,bucket_above_range,in_scope_grid_gap,token_or_decode_bucket_high,true,true,61,61,8,52,8,52,,1,collect higher token bucket points; decode phase uses bucket_tokens=decode_batch,false,false,false,false,false,true,No-Go
phase437_serving_state_precheck,workpoint_scatter,K2.5-tp4ep8dp2-8k2k,decode,ep_a2a,bucket_above_range,in_scope_grid_gap,token_or_decode_bucket_high,true,true,62,62,8,52,8,52,,1,collect higher token bucket points; decode phase uses bucket_tokens=decode_batch,false,false,false,false,false,true,No-Go
phase437_serving_state_precheck,workpoint_scatter,K2.5-tp4ep8dp2-8k2k,decode,ep_a2a,bucket_above_range,in_scope_grid_gap,token_or_decode_bucket_high,true,true,63,63,8,52,8,52,,2,collect higher token bucket points; decode phase uses bucket_tokens=decode_batch,false,false,false,false,false,true,No-Go
phase437_serving_state_precheck,workpoint_scatter,K2.5-tp4ep8dp2-8k2k,decode,ep_a2a,bucket_above_range,in_scope_grid_gap,token_or_decode_bucket_high,true,true,64,64,8,52,8,52,,3,collect higher token bucket points; decode phase uses bucket_tokens=decode_batch,false,false,false,false,false,true,No-Go
phase437_serving_state_precheck,workpoint_scatter,K2.5-tp4ep8dp2-8k2k,decode,ep_a2a,bucket_below_range,expected_ramp_or_tail_fallback,low_ramp_below_grid,false,true,1,1,8,52,8,52,,1,low-batch or partial-prefill ramp/tail query; keep fallback unless it becomes a gate target,false,false,false,false,false,true,No-Go
phase437_serving_state_precheck,workpoint_scatter,K2.5-tp4ep8dp2-8k2k,decode,ep_a2a,bucket_below_range,expected_ramp_or_tail_fallback,low_ramp_below_grid,false,true,2,2,8,52,8,52,,1,low-batch or partial-prefill ramp/tail query; keep fallback unless it becomes a gate target,false,false,false,false,false,true,No-Go
phase437_serving_state_precheck,workpoint_scatter,K2.5-tp4ep8dp2-8k2k,decode,ep_a2a,bucket_below_range,expected_ramp_or_tail_fallback,low_ramp_below_grid,false,true,3,3,8,52,8,52,,1,low-batch or partial-prefill ramp/tail query; keep fallback unless it becomes a gate target,false,false,false,false,false,true,No-Go
phase437_serving_state_precheck,workpoint_scatter,K2.5-tp4ep8dp2-8k2k,decode,ep_a2a,bucket_below_range,expected_ramp_or_tail_fallback,low_ramp_below_grid,false,true,4,4,8,52,8,52,,1,low-batch or partial-prefill ramp/tail query; keep fallback unless it becomes a gate target,false,false,false,false,false,true,No-Go
phase437_serving_state_precheck,workpoint_scatter,K2.5-tp4ep8dp2-8k2k,decode,ep_a2a,bucket_below_range,expected_ramp_or_tail_fallback,low_ramp_below_grid,false,true,5,5,8,52,8,52,,1,low-batch or partial-prefill ramp/tail query; keep fallback unless it becomes a gate target,false,false,false,false,false,true,No-Go
phase437_serving_state_precheck,workpoint_scatter,K2.5-tp4ep8dp2-8k2k,decode,ep_a2a,bucket_below_range,expected_ramp_or_tail_fallback,low_ramp_below_grid,false,true,6,6,8,52,8,52,,1,low-batch or partial-prefill ramp/tail query; keep fallback unless it becomes a gate target,false,false,false,false,false,true,No-Go
phase437_serving_state_precheck,workpoint_scatter,K2.5-tp4ep8dp2-8k2k,decode,ep_a2a,bucket_below_range,expected_ramp_or_tail_fallback,low_ramp_below_grid,false,true,7,7,8,52,8,52,,1,low-batch or partial-prefill ramp/tail query; keep fallback unless it becomes a gate target,false,false,false,false,false,true,No-Go
phase437_serving_state_precheck,workpoint_scatter,K2.5-tp4ep8dp2-8k2k,decode,ep_a2a,hit,covered,none,false,true,8,8,8,52,8,52,,1,serving-state query already hits the measured grid,false,false,false,false,false,true,No-Go
phase437_serving_state_precheck,workpoint_scatter,K2.5-tp4ep8dp2-8k2k,decode,ep_a2a,hit,covered,none,false,true,36,36,8,52,8,52,,1,serving-state query already hits the measured grid,false,false,false,false,false,true,No-Go
phase437_serving_state_precheck,workpoint_scatter,K2.5-tp4ep8dp2-8k2k,decode,ep_a2a,hit,covered,none,false,true,52,52,8,52,8,52,,1,serving-state query already hits the measured grid,false,false,false,false,false,true,No-Go
phase437_serving_state_precheck,workpoint_scatter,K2.5-tp4ep8dp2-8k2k,decode,ep_a2a,interpolation_gap,in_scope_grid_gap,rectangular_grid_density,true,true,9,9,8,52,8,52,,1,existing diagonal/window points do not bracket this 2D query,false,false,false,false,false,true,No-Go
phase437_serving_state_precheck,workpoint_scatter,K2.5-tp4ep8dp2-8k2k,decode,ep_a2a,interpolation_gap,in_scope_grid_gap,rectangular_grid_density,true,true,10,10,8,52,8,52,,1,existing diagonal/window points do not bracket this 2D query,false,false,false,false,false,true,No-Go
phase437_serving_state_precheck,workpoint_scatter,K2.5-tp4ep8dp2-8k2k,decode,ep_a2a,interpolation_gap,in_scope_grid_gap,rectangular_grid_density,true,true,11,11,8,52,8,52,,1,existing diagonal/window points do not bracket this 2D query,false,false,false,false,false,true,No-Go
phase437_serving_state_precheck,workpoint_scatter,K2.5-tp4ep8dp2-8k2k,decode,ep_a2a,interpolation_gap,in_scope_grid_gap,rectangular_grid_density,true,true,12,12,8,52,8,52,,1,existing diagonal/window points do not bracket this 2D query,false,false,false,false,false,true,No-Go
phase437_serving_state_precheck,workpoint_scatter,K2.5-tp4ep8dp2-8k2k,decode,ep_a2a,interpolation_gap,in_scope_grid_gap,rectangular_grid_density,true,true,13,13,8,52,8,52,,1,existing diagonal/window points do not bracket this 2D query,false,false,false,false,false,true,No-Go
phase437_serving_state_precheck,workpoint_scatter,K2.5-tp4ep8dp2-8k2k,decode,ep_a2a,interpolation_gap,in_scope_grid_gap,rectangular_grid_density,true,true,14,14,8,52,8,52,,1,existing diagonal/window points do not bracket this 2D query,false,false,false,false,false,true,No-Go
phase437_serving_state_precheck,workpoint_scatter,K2.5-tp4ep8dp2-8k2k,decode,ep_a2a,interpolation_gap,in_scope_grid_gap,rectangular_grid_density,true,true,15,15,8,52,8,52,,1,existing diagonal/window points do not bracket this 2D query,false,false,false,false,false,true,No-Go
phase437_serving_state_precheck,workpoint_scatter,K2.5-tp4ep8dp2-8k2k,decode,ep_a2a,interpolation_gap,in_scope_grid_gap,rectangular_grid_density,true,true,16,16,8,52,8,52,,1,existing diagonal/window points do not bracket this 2D query,false,false,false,false,false,true,No-Go
phase437_serving_state_precheck,workpoint_scatter,K2.5-tp4ep8dp2-8k2k,decode,ep_a2a,interpolation_gap,in_scope_grid_gap,rectangular_grid_density,true,true,17,17,8,52,8,52,,1,existing diagonal/window points do not bracket this 2D query,false,false,false,false,false,true,No-Go
phase437_serving_state_precheck,workpoint_scatter,K2.5-tp4ep8dp2-8k2k,decode,ep_a2a,interpolation_gap,in_scope_grid_gap,rectangular_grid_density,true,true,18,18,8,52,8,52,,1,existing diagonal/window points do not bracket this 2D query,false,false,false,false,false,true,No-Go
phase437_serving_state_precheck,workpoint_scatter,K2.5-tp4ep8dp2-8k2k,decode,ep_a2a,interpolation_gap,in_scope_grid_gap,rectangular_grid_density,true,true,19,19,8,52,8,52,,1,existing diagonal/window points do not bracket this 2D query,false,false,false,false,false,true,No-Go
phase437_serving_state_precheck,workpoint_scatter,K2.5-tp4ep8dp2-8k2k,decode,ep_a2a,interpolation_gap,in_scope_grid_gap,rectangular_grid_density,true,true,20,20,8,52,8,52,,1,existing diagonal/window points do not bracket this 2D query,false,false,false,false,false,true,No-Go
phase437_serving_state_precheck,workpoint_scatter,K2.5-tp4ep8dp2-8k2k,decode,ep_a2a,interpolation_gap,in_scope_grid_gap,rectangular_grid_density,true,true,21,21,8,52,8,52,,1,existing diagonal/window points do not bracket this 2D query,false,false,false,false,false,true,No-Go
phase437_serving_state_precheck,workpoint_scatter,K2.5-tp4ep8dp2-8k2k,decode,ep_a2a,interpolation_gap,in_scope_grid_gap,rectangular_grid_density,true,true,22,22,8,52,8,52,,1,existing diagonal/window points do not bracket this 2D query,false,false,false,false,false,true,No-Go
phase437_serving_state_precheck,workpoint_scatter,K2.5-tp4ep8dp2-8k2k,decode,ep_a2a,interpolation_gap,in_scope_grid_gap,rectangular_grid_density,true,true,23,23,8,52,8,52,,1,existing diagonal/window points do not bracket this 2D query,false,false,false,false,false,true,No-Go
phase437_serving_state_precheck,workpoint_scatter,K2.5-tp4ep8dp2-8k2k,decode,ep_a2a,interpolation_gap,in_scope_grid_gap,rectangular_grid_density,true,true,24,24,8,52,8,52,,1,existing diagonal/window points do not bracket this 2D query,false,false,false,false,false,true,No-Go
phase437_serving_state_precheck,workpoint_scatter,K2.5-tp4ep8dp2-8k2k,decode,ep_a2a,interpolation_gap,in_scope_grid_gap,rectangular_grid_density,true,true,25,25,8,52,8,52,,1,existing diagonal/window points do not bracket this 2D query,false,false,false,false,false,true,No-Go
phase437_serving_state_precheck,workpoint_scatter,K2.5-tp4ep8dp2-8k2k,decode,ep_a2a,interpolation_gap,in_scope_grid_gap,rectangular_grid_density,true,true,26,26,8,52,8,52,,1,existing diagonal/window points do not bracket this 2D query,false,false,false,false,false,true,No-Go
phase437_serving_state_precheck,workpoint_scatter,K2.5-tp4ep8dp2-8k2k,decode,ep_a2a,interpolation_gap,in_scope_grid_gap,rectangular_grid_density,true,true,27,27,8,52,8,52,,1,existing diagonal/window points do not bracket this 2D query,false,false,false,false,false,true,No-Go
phase437_serving_state_precheck,workpoint_scatter,K2.5-tp4ep8dp2-8k2k,decode,ep_a2a,interpolation_gap,in_scope_grid_gap,rectangular_grid_density,true,true,28,28,8,52,8,52,,1,existing diagonal/window points do not bracket this 2D query,false,false,false,false,false,true,No-Go
phase437_serving_state_precheck,workpoint_scatter,K2.5-tp4ep8dp2-8k2k,decode,ep_a2a,interpolation_gap,in_scope_grid_gap,rectangular_grid_density,true,true,29,29,8,52,8,52,,1,existing diagonal/window points do not bracket this 2D query,false,false,false,false,false,true,No-Go
phase437_serving_state_precheck,workpoint_scatter,K2.5-tp4ep8dp2-8k2k,decode,ep_a2a,interpolation_gap,in_scope_grid_gap,rectangular_grid_density,true,true,30,30,8,52,8,52,,1,existing diagonal/window points do not bracket this 2D query,false,false,false,false,false,true,No-Go
phase437_serving_state_precheck,workpoint_scatter,K2.5-tp4ep8dp2-8k2k,decode,ep_a2a,interpolation_gap,in_scope_grid_gap,rectangular_grid_density,true,true,31,31,8,52,8,52,,1,existing diagonal/window points do not bracket this 2D query,false,false,false,false,false,true,No-Go
phase437_serving_state_precheck,workpoint_scatter,K2.5-tp4ep8dp2-8k2k,decode,ep_a2a,interpolation_gap,in_scope_grid_gap,rectangular_grid_density,true,true,32,32,8,52,8,52,,1,existing diagonal/window points do not bracket this 2D query,false,false,false,false,false,true,No-Go
phase437_serving_state_precheck,workpoint_scatter,K2.5-tp4ep8dp2-8k2k,decode,ep_a2a,interpolation_gap,in_scope_grid_gap,rectangular_grid_density,true,true,33,33,8,52,8,52,,1,existing diagonal/window points do not bracket this 2D query,false,false,false,false,false,true,No-Go
phase437_serving_state_precheck,workpoint_scatter,K2.5-tp4ep8dp2-8k2k,decode,ep_a2a,interpolation_gap,in_scope_grid_gap,rectangular_grid_density,true,true,34,34,8,52,8,52,,1,existing diagonal/window points do not bracket this 2D query,false,false,false,false,false,true,No-Go
phase437_serving_state_precheck,workpoint_scatter,K2.5-tp4ep8dp2-8k2k,decode,ep_a2a,interpolation_gap,in_scope_grid_gap,rectangular_grid_density,true,true,35,35,8,52,8,52,,1,existing diagonal/window points do not bracket this 2D query,false,false,false,false,false,true,No-Go
phase437_serving_state_precheck,workpoint_scatter,K2.5-tp4ep8dp2-8k2k,decode,ep_a2a,interpolation_gap,in_scope_grid_gap,rectangular_grid_density,true,true,37,37,8,52,8,52,,1,existing diagonal/window points do not bracket this 2D query,false,false,false,false,false,true,No-Go
phase437_serving_state_precheck,workpoint_scatter,K2.5-tp4ep8dp2-8k2k,decode,ep_a2a,interpolation_gap,in_scope_grid_gap,rectangular_grid_density,true,true,38,38,8,52,8,52,,1,existing diagonal/window points do not bracket this 2D query,false,false,false,false,false,true,No-Go
phase437_serving_state_precheck,workpoint_scatter,K2.5-tp4ep8dp2-8k2k,decode,ep_a2a,interpolation_gap,in_scope_grid_gap,rectangular_grid_density,true,true,39,39,8,52,8,52,,1,existing diagonal/window points do not bracket this 2D query,false,false,false,false,false,true,No-Go
phase437_serving_state_precheck,workpoint_scatter,K2.5-tp4ep8dp2-8k2k,decode,ep_a2a,interpolation_gap,in_scope_grid_gap,rectangular_grid_density,true,true,40,40,8,52,8,52,,1,existing diagonal/window points do not bracket this 2D query,false,false,false,false,false,true,No-Go
phase437_serving_state_precheck,workpoint_scatter,K2.5-tp4ep8dp2-8k2k,decode,ep_a2a,interpolation_gap,in_scope_grid_gap,rectangular_grid_density,true,true,41,41,8,52,8,52,,1,existing diagonal/window points do not bracket this 2D query,false,false,false,false,false,true,No-Go
phase437_serving_state_precheck,workpoint_scatter,K2.5-tp4ep8dp2-8k2k,decode,ep_a2a,interpolation_gap,in_scope_grid_gap,rectangular_grid_density,true,true,42,42,8,52,8,52,,1,existing diagonal/window points do not bracket this 2D query,false,false,false,false,false,true,No-Go
phase437_serving_state_precheck,workpoint_scatter,K2.5-tp4ep8dp2-8k2k,decode,ep_a2a,interpolation_gap,in_scope_grid_gap,rectangular_grid_density,true,true,43,43,8,52,8,52,,1,existing diagonal/window points do not bracket this 2D query,false,false,false,false,false,true,No-Go
phase437_serving_state_precheck,workpoint_scatter,K2.5-tp4ep8dp2-8k2k,decode,ep_a2a,interpolation_gap,in_scope_grid_gap,rectangular_grid_density,true,true,44,44,8,52,8,52,,1,existing diagonal/window points do not bracket this 2D query,false,false,false,false,false,true,No-Go
phase437_serving_state_precheck,workpoint_scatter,K2.5-tp4ep8dp2-8k2k,decode,ep_a2a,interpolation_gap,in_scope_grid_gap,rectangular_grid_density,true,true,45,45,8,52,8,52,,1,existing diagonal/window points do not bracket this 2D query,false,false,false,false,false,true,No-Go
phase437_serving_state_precheck,workpoint_scatter,K2.5-tp4ep8dp2-8k2k,decode,ep_a2a,interpolation_gap,in_scope_grid_gap,rectangular_grid_density,true,true,46,46,8,52,8,52,,1,existing diagonal/window points do not bracket this 2D query,false,false,false,false,false,true,No-Go
phase437_serving_state_precheck,workpoint_scatter,K2.5-tp4ep8dp2-8k2k,decode,ep_a2a,interpolation_gap,in_scope_grid_gap,rectangular_grid_density,true,true,47,47,8,52,8,52,,1,existing diagonal/window points do not bracket this 2D query,false,false,false,false,false,true,No-Go
phase437_serving_state_precheck,workpoint_scatter,K2.5-tp4ep8dp2-8k2k,decode,ep_a2a,interpolation_gap,in_scope_grid_gap,rectangular_grid_density,true,true,48,48,8,52,8,52,,1,existing diagonal/window points do not bracket this 2D query,false,false,false,false,false,true,No-Go
phase437_serving_state_precheck,workpoint_scatter,K2.5-tp4ep8dp2-8k2k,decode,ep_a2a,interpolation_gap,in_scope_grid_gap,rectangular_grid_density,true,true,49,49,8,52,8,52,,1,existing diagonal/window points do not bracket this 2D query,false,false,false,false,false,true,No-Go
phase437_serving_state_precheck,workpoint_scatter,K2.5-tp4ep8dp2-8k2k,decode,ep_a2a,interpolation_gap,in_scope_grid_gap,rectangular_grid_density,true,true,50,50,8,52,8,52,,1,existing diagonal/window points do not bracket this 2D query,false,false,false,false,false,true,No-Go
phase437_serving_state_precheck,workpoint_scatter,K2.5-tp4ep8dp2-8k2k,decode,ep_a2a,interpolation_gap,in_scope_grid_gap,rectangular_grid_density,true,true,51,51,8,52,8,52,,1,existing diagonal/window points do not bracket this 2D query,false,false,false,false,false,true,No-Go
phase437_serving_state_precheck,workpoint_scatter,K2.5-tp4ep8dp2-8k2k,decode,moe_gemm_or_aux,bucket_above_range,in_scope_grid_gap,token_or_decode_bucket_high,true,true,53,53,8,52,8,52,,1,collect higher token bucket points; decode phase uses bucket_tokens=decode_batch,false,false,false,false,false,true,No-Go
phase437_serving_state_precheck,workpoint_scatter,K2.5-tp4ep8dp2-8k2k,decode,moe_gemm_or_aux,bucket_above_range,in_scope_grid_gap,token_or_decode_bucket_high,true,true,54,54,8,52,8,52,,1,collect higher token bucket points; decode phase uses bucket_tokens=decode_batch,false,false,false,false,false,true,No-Go
phase437_serving_state_precheck,workpoint_scatter,K2.5-tp4ep8dp2-8k2k,decode,moe_gemm_or_aux,bucket_above_range,in_scope_grid_gap,token_or_decode_bucket_high,true,true,55,55,8,52,8,52,,1,collect higher token bucket points; decode phase uses bucket_tokens=decode_batch,false,false,false,false,false,true,No-Go
phase437_serving_state_precheck,workpoint_scatter,K2.5-tp4ep8dp2-8k2k,decode,moe_gemm_or_aux,bucket_above_range,in_scope_grid_gap,token_or_decode_bucket_high,true,true,56,56,8,52,8,52,,1,collect higher token bucket points; decode phase uses bucket_tokens=decode_batch,false,false,false,false,false,true,No-Go
phase437_serving_state_precheck,workpoint_scatter,K2.5-tp4ep8dp2-8k2k,decode,moe_gemm_or_aux,bucket_above_range,in_scope_grid_gap,token_or_decode_bucket_high,true,true,57,57,8,52,8,52,,1,collect higher token bucket points; decode phase uses bucket_tokens=decode_batch,false,false,false,false,false,true,No-Go
phase437_serving_state_precheck,workpoint_scatter,K2.5-tp4ep8dp2-8k2k,decode,moe_gemm_or_aux,bucket_above_range,in_scope_grid_gap,token_or_decode_bucket_high,true,true,58,58,8,52,8,52,,1,collect higher token bucket points; decode phase uses bucket_tokens=decode_batch,false,false,false,false,false,true,No-Go
phase437_serving_state_precheck,workpoint_scatter,K2.5-tp4ep8dp2-8k2k,decode,moe_gemm_or_aux,bucket_above_range,in_scope_grid_gap,token_or_decode_bucket_high,true,true,59,59,8,52,8,52,,1,collect higher token bucket points; decode phase uses bucket_tokens=decode_batch,false,false,false,false,false,true,No-Go
phase437_serving_state_precheck,workpoint_scatter,K2.5-tp4ep8dp2-8k2k,decode,moe_gemm_or_aux,bucket_above_range,in_scope_grid_gap,token_or_decode_bucket_high,true,true,60,60,8,52,8,52,,1,collect higher token bucket points; decode phase uses bucket_tokens=decode_batch,false,false,false,false,false,true,No-Go
phase437_serving_state_precheck,workpoint_scatter,K2.5-tp4ep8dp2-8k2k,decode,moe_gemm_or_aux,bucket_above_range,in_scope_grid_gap,token_or_decode_bucket_high,true,true,61,61,8,52,8,52,,1,collect higher token bucket points; decode phase uses bucket_tokens=decode_batch,false,false,false,false,false,true,No-Go
phase437_serving_state_precheck,workpoint_scatter,K2.5-tp4ep8dp2-8k2k,decode,moe_gemm_or_aux,bucket_above_range,in_scope_grid_gap,token_or_decode_bucket_high,true,true,62,62,8,52,8,52,,1,collect higher token bucket points; decode phase uses bucket_tokens=decode_batch,false,false,false,false,false,true,No-Go
phase437_serving_state_precheck,workpoint_scatter,K2.5-tp4ep8dp2-8k2k,decode,moe_gemm_or_aux,bucket_above_range,in_scope_grid_gap,token_or_decode_bucket_high,true,true,63,63,8,52,8,52,,2,collect higher token bucket points; decode phase uses bucket_tokens=decode_batch,false,false,false,false,false,true,No-Go
phase437_serving_state_precheck,workpoint_scatter,K2.5-tp4ep8dp2-8k2k,decode,moe_gemm_or_aux,bucket_above_range,in_scope_grid_gap,token_or_decode_bucket_high,true,true,64,64,8,52,8,52,,3,collect higher token bucket points; decode phase uses bucket_tokens=decode_batch,false,false,false,false,false,true,No-Go
phase437_serving_state_precheck,workpoint_scatter,K2.5-tp4ep8dp2-8k2k,decode,moe_gemm_or_aux,bucket_below_range,expected_ramp_or_tail_fallback,low_ramp_below_grid,false,true,1,1,8,52,8,52,,1,low-batch or partial-prefill ramp/tail query; keep fallback unless it becomes a gate target,false,false,false,false,false,true,No-Go
phase437_serving_state_precheck,workpoint_scatter,K2.5-tp4ep8dp2-8k2k,decode,moe_gemm_or_aux,bucket_below_range,expected_ramp_or_tail_fallback,low_ramp_below_grid,false,true,2,2,8,52,8,52,,1,low-batch or partial-prefill ramp/tail query; keep fallback unless it becomes a gate target,false,false,false,false,false,true,No-Go
phase437_serving_state_precheck,workpoint_scatter,K2.5-tp4ep8dp2-8k2k,decode,moe_gemm_or_aux,bucket_below_range,expected_ramp_or_tail_fallback,low_ramp_below_grid,false,true,3,3,8,52,8,52,,1,low-batch or partial-prefill ramp/tail query; keep fallback unless it becomes a gate target,false,false,false,false,false,true,No-Go
phase437_serving_state_precheck,workpoint_scatter,K2.5-tp4ep8dp2-8k2k,decode,moe_gemm_or_aux,bucket_below_range,expected_ramp_or_tail_fallback,low_ramp_below_grid,false,true,4,4,8,52,8,52,,1,low-batch or partial-prefill ramp/tail query; keep fallback unless it becomes a gate target,false,false,false,false,false,true,No-Go
phase437_serving_state_precheck,workpoint_scatter,K2.5-tp4ep8dp2-8k2k,decode,moe_gemm_or_aux,bucket_below_range,expected_ramp_or_tail_fallback,low_ramp_below_grid,false,true,5,5,8,52,8,52,,1,low-batch or partial-prefill ramp/tail query; keep fallback unless it becomes a gate target,false,false,false,false,false,true,No-Go
phase437_serving_state_precheck,workpoint_scatter,K2.5-tp4ep8dp2-8k2k,decode,moe_gemm_or_aux,bucket_below_range,expected_ramp_or_tail_fallback,low_ramp_below_grid,false,true,6,6,8,52,8,52,,1,low-batch or partial-prefill ramp/tail query; keep fallback unless it becomes a gate target,false,false,false,false,false,true,No-Go
phase437_serving_state_precheck,workpoint_scatter,K2.5-tp4ep8dp2-8k2k,decode,moe_gemm_or_aux,bucket_below_range,expected_ramp_or_tail_fallback,low_ramp_below_grid,false,true,7,7,8,52,8,52,,1,low-batch or partial-prefill ramp/tail query; keep fallback unless it becomes a gate target,false,false,false,false,false,true,No-Go
phase437_serving_state_precheck,workpoint_scatter,K2.5-tp4ep8dp2-8k2k,decode,moe_gemm_or_aux,hit,covered,none,false,true,8,8,8,52,8,52,,1,serving-state query already hits the measured grid,false,false,false,false,false,true,No-Go
phase437_serving_state_precheck,workpoint_scatter,K2.5-tp4ep8dp2-8k2k,decode,moe_gemm_or_aux,hit,covered,none,false,true,36,36,8,52,8,52,,1,serving-state query already hits the measured grid,false,false,false,false,false,true,No-Go
phase437_serving_state_precheck,workpoint_scatter,K2.5-tp4ep8dp2-8k2k,decode,moe_gemm_or_aux,hit,covered,none,false,true,52,52,8,52,8,52,,1,serving-state query already hits the measured grid,false,false,false,false,false,true,No-Go
phase437_serving_state_precheck,workpoint_scatter,K2.5-tp4ep8dp2-8k2k,decode,moe_gemm_or_aux,interpolation_gap,in_scope_grid_gap,rectangular_grid_density,true,true,9,9,8,52,8,52,,1,existing diagonal/window points do not bracket this 2D query,false,false,false,false,false,true,No-Go
phase437_serving_state_precheck,workpoint_scatter,K2.5-tp4ep8dp2-8k2k,decode,moe_gemm_or_aux,interpolation_gap,in_scope_grid_gap,rectangular_grid_density,true,true,10,10,8,52,8,52,,1,existing diagonal/window points do not bracket this 2D query,false,false,false,false,false,true,No-Go
phase437_serving_state_precheck,workpoint_scatter,K2.5-tp4ep8dp2-8k2k,decode,moe_gemm_or_aux,interpolation_gap,in_scope_grid_gap,rectangular_grid_density,true,true,11,11,8,52,8,52,,1,existing diagonal/window points do not bracket this 2D query,false,false,false,false,false,true,No-Go
phase437_serving_state_precheck,workpoint_scatter,K2.5-tp4ep8dp2-8k2k,decode,moe_gemm_or_aux,interpolation_gap,in_scope_grid_gap,rectangular_grid_density,true,true,12,12,8,52,8,52,,1,existing diagonal/window points do not bracket this 2D query,false,false,false,false,false,true,No-Go
phase437_serving_state_precheck,workpoint_scatter,K2.5-tp4ep8dp2-8k2k,decode,moe_gemm_or_aux,interpolation_gap,in_scope_grid_gap,rectangular_grid_density,true,true,13,13,8,52,8,52,,1,existing diagonal/window points do not bracket this 2D query,false,false,false,false,false,true,No-Go
phase437_serving_state_precheck,workpoint_scatter,K2.5-tp4ep8dp2-8k2k,decode,moe_gemm_or_aux,interpolation_gap,in_scope_grid_gap,rectangular_grid_density,true,true,14,14,8,52,8,52,,1,existing diagonal/window points do not bracket this 2D query,false,false,false,false,false,true,No-Go
phase437_serving_state_precheck,workpoint_scatter,K2.5-tp4ep8dp2-8k2k,decode,moe_gemm_or_aux,interpolation_gap,in_scope_grid_gap,rectangular_grid_density,true,true,15,15,8,52,8,52,,1,existing diagonal/window points do not bracket this 2D query,false,false,false,false,false,true,No-Go
phase437_serving_state_precheck,workpoint_scatter,K2.5-tp4ep8dp2-8k2k,decode,moe_gemm_or_aux,interpolation_gap,in_scope_grid_gap,rectangular_grid_density,true,true,16,16,8,52,8,52,,1,existing diagonal/window points do not bracket this 2D query,false,false,false,false,false,true,No-Go
phase437_serving_state_precheck,workpoint_scatter,K2.5-tp4ep8dp2-8k2k,decode,moe_gemm_or_aux,interpolation_gap,in_scope_grid_gap,rectangular_grid_density,true,true,17,17,8,52,8,52,,1,existing diagonal/window points do not bracket this 2D query,false,false,false,false,false,true,No-Go
phase437_serving_state_precheck,workpoint_scatter,K2.5-tp4ep8dp2-8k2k,decode,moe_gemm_or_aux,interpolation_gap,in_scope_grid_gap,rectangular_grid_density,true,true,18,18,8,52,8,52,,1,existing diagonal/window points do not bracket this 2D query,false,false,false,false,false,true,No-Go
phase437_serving_state_precheck,workpoint_scatter,K2.5-tp4ep8dp2-8k2k,decode,moe_gemm_or_aux,interpolation_gap,in_scope_grid_gap,rectangular_grid_density,true,true,19,19,8,52,8,52,,1,existing diagonal/window points do not bracket this 2D query,false,false,false,false,false,true,No-Go
phase437_serving_state_precheck,workpoint_scatter,K2.5-tp4ep8dp2-8k2k,decode,moe_gemm_or_aux,interpolation_gap,in_scope_grid_gap,rectangular_grid_density,true,true,20,20,8,52,8,52,,1,existing diagonal/window points do not bracket this 2D query,false,false,false,false,false,true,No-Go
phase437_serving_state_precheck,workpoint_scatter,K2.5-tp4ep8dp2-8k2k,decode,moe_gemm_or_aux,interpolation_gap,in_scope_grid_gap,rectangular_grid_density,true,true,21,21,8,52,8,52,,1,existing diagonal/window points do not bracket this 2D query,false,false,false,false,false,true,No-Go
phase437_serving_state_precheck,workpoint_scatter,K2.5-tp4ep8dp2-8k2k,decode,moe_gemm_or_aux,interpolation_gap,in_scope_grid_gap,rectangular_grid_density,true,true,22,22,8,52,8,52,,1,existing diagonal/window points do not bracket this 2D query,false,false,false,false,false,true,No-Go
phase437_serving_state_precheck,workpoint_scatter,K2.5-tp4ep8dp2-8k2k,decode,moe_gemm_or_aux,interpolation_gap,in_scope_grid_gap,rectangular_grid_density,true,true,23,23,8,52,8,52,,1,existing diagonal/window points do not bracket this 2D query,false,false,false,false,false,true,No-Go
phase437_serving_state_precheck,workpoint_scatter,K2.5-tp4ep8dp2-8k2k,decode,moe_gemm_or_aux,interpolation_gap,in_scope_grid_gap,rectangular_grid_density,true,true,24,24,8,52,8,52,,1,existing diagonal/window points do not bracket this 2D query,false,false,false,false,false,true,No-Go
phase437_serving_state_precheck,workpoint_scatter,K2.5-tp4ep8dp2-8k2k,decode,moe_gemm_or_aux,interpolation_gap,in_scope_grid_gap,rectangular_grid_density,true,true,25,25,8,52,8,52,,1,existing diagonal/window points do not bracket this 2D query,false,false,false,false,false,true,No-Go
phase437_serving_state_precheck,workpoint_scatter,K2.5-tp4ep8dp2-8k2k,decode,moe_gemm_or_aux,interpolation_gap,in_scope_grid_gap,rectangular_grid_density,true,true,26,26,8,52,8,52,,1,existing diagonal/window points do not bracket this 2D query,false,false,false,false,false,true,No-Go
phase437_serving_state_precheck,workpoint_scatter,K2.5-tp4ep8dp2-8k2k,decode,moe_gemm_or_aux,interpolation_gap,in_scope_grid_gap,rectangular_grid_density,true,true,27,27,8,52,8,52,,1,existing diagonal/window points do not bracket this 2D query,false,false,false,false,false,true,No-Go
phase437_serving_state_precheck,workpoint_scatter,K2.5-tp4ep8dp2-8k2k,decode,moe_gemm_or_aux,interpolation_gap,in_scope_grid_gap,rectangular_grid_density,true,true,28,28,8,52,8,52,,1,existing diagonal/window points do not bracket this 2D query,false,false,false,false,false,true,No-Go
phase437_serving_state_precheck,workpoint_scatter,K2.5-tp4ep8dp2-8k2k,decode,moe_gemm_or_aux,interpolation_gap,in_scope_grid_gap,rectangular_grid_density,true,true,29,29,8,52,8,52,,1,existing diagonal/window points do not bracket this 2D query,false,false,false,false,false,true,No-Go
phase437_serving_state_precheck,workpoint_scatter,K2.5-tp4ep8dp2-8k2k,decode,moe_gemm_or_aux,interpolation_gap,in_scope_grid_gap,rectangular_grid_density,true,true,30,30,8,52,8,52,,1,existing diagonal/window points do not bracket this 2D query,false,false,false,false,false,true,No-Go
phase437_serving_state_precheck,workpoint_scatter,K2.5-tp4ep8dp2-8k2k,decode,moe_gemm_or_aux,interpolation_gap,in_scope_grid_gap,rectangular_grid_density,true,true,31,31,8,52,8,52,,1,existing diagonal/window points do not bracket this 2D query,false,false,false,false,false,true,No-Go
phase437_serving_state_precheck,workpoint_scatter,K2.5-tp4ep8dp2-8k2k,decode,moe_gemm_or_aux,interpolation_gap,in_scope_grid_gap,rectangular_grid_density,true,true,32,32,8,52,8,52,,1,existing diagonal/window points do not bracket this 2D query,false,false,false,false,false,true,No-Go
phase437_serving_state_precheck,workpoint_scatter,K2.5-tp4ep8dp2-8k2k,decode,moe_gemm_or_aux,interpolation_gap,in_scope_grid_gap,rectangular_grid_density,true,true,33,33,8,52,8,52,,1,existing diagonal/window points do not bracket this 2D query,false,false,false,false,false,true,No-Go
phase437_serving_state_precheck,workpoint_scatter,K2.5-tp4ep8dp2-8k2k,decode,moe_gemm_or_aux,interpolation_gap,in_scope_grid_gap,rectangular_grid_density,true,true,34,34,8,52,8,52,,1,existing diagonal/window points do not bracket this 2D query,false,false,false,false,false,true,No-Go
phase437_serving_state_precheck,workpoint_scatter,K2.5-tp4ep8dp2-8k2k,decode,moe_gemm_or_aux,interpolation_gap,in_scope_grid_gap,rectangular_grid_density,true,true,35,35,8,52,8,52,,1,existing diagonal/window points do not bracket this 2D query,false,false,false,false,false,true,No-Go
phase437_serving_state_precheck,workpoint_scatter,K2.5-tp4ep8dp2-8k2k,decode,moe_gemm_or_aux,interpolation_gap,in_scope_grid_gap,rectangular_grid_density,true,true,37,37,8,52,8,52,,1,existing diagonal/window points do not bracket this 2D query,false,false,false,false,false,true,No-Go
phase437_serving_state_precheck,workpoint_scatter,K2.5-tp4ep8dp2-8k2k,decode,moe_gemm_or_aux,interpolation_gap,in_scope_grid_gap,rectangular_grid_density,true,true,38,38,8,52,8,52,,1,existing diagonal/window points do not bracket this 2D query,false,false,false,false,false,true,No-Go
phase437_serving_state_precheck,workpoint_scatter,K2.5-tp4ep8dp2-8k2k,decode,moe_gemm_or_aux,interpolation_gap,in_scope_grid_gap,rectangular_grid_density,true,true,39,39,8,52,8,52,,1,existing diagonal/window points do not bracket this 2D query,false,false,false,false,false,true,No-Go
phase437_serving_state_precheck,workpoint_scatter,K2.5-tp4ep8dp2-8k2k,decode,moe_gemm_or_aux,interpolation_gap,in_scope_grid_gap,rectangular_grid_density,true,true,40,40,8,52,8,52,,1,existing diagonal/window points do not bracket this 2D query,false,false,false,false,false,true,No-Go
phase437_serving_state_precheck,workpoint_scatter,K2.5-tp4ep8dp2-8k2k,decode,moe_gemm_or_aux,interpolation_gap,in_scope_grid_gap,rectangular_grid_density,true,true,41,41,8,52,8,52,,1,existing diagonal/window points do not bracket this 2D query,false,false,false,false,false,true,No-Go
phase437_serving_state_precheck,workpoint_scatter,K2.5-tp4ep8dp2-8k2k,decode,moe_gemm_or_aux,interpolation_gap,in_scope_grid_gap,rectangular_grid_density,true,true,42,42,8,52,8,52,,1,existing diagonal/window points do not bracket this 2D query,false,false,false,false,false,true,No-Go
phase437_serving_state_precheck,workpoint_scatter,K2.5-tp4ep8dp2-8k2k,decode,moe_gemm_or_aux,interpolation_gap,in_scope_grid_gap,rectangular_grid_density,true,true,43,43,8,52,8,52,,1,existing diagonal/window points do not bracket this 2D query,false,false,false,false,false,true,No-Go
phase437_serving_state_precheck,workpoint_scatter,K2.5-tp4ep8dp2-8k2k,decode,moe_gemm_or_aux,interpolation_gap,in_scope_grid_gap,rectangular_grid_density,true,true,44,44,8,52,8,52,,1,existing diagonal/window points do not bracket this 2D query,false,false,false,false,false,true,No-Go
phase437_serving_state_precheck,workpoint_scatter,K2.5-tp4ep8dp2-8k2k,decode,moe_gemm_or_aux,interpolation_gap,in_scope_grid_gap,rectangular_grid_density,true,true,45,45,8,52,8,52,,1,existing diagonal/window points do not bracket this 2D query,false,false,false,false,false,true,No-Go
phase437_serving_state_precheck,workpoint_scatter,K2.5-tp4ep8dp2-8k2k,decode,moe_gemm_or_aux,interpolation_gap,in_scope_grid_gap,rectangular_grid_density,true,true,46,46,8,52,8,52,,1,existing diagonal/window points do not bracket this 2D query,false,false,false,false,false,true,No-Go
phase437_serving_state_precheck,workpoint_scatter,K2.5-tp4ep8dp2-8k2k,decode,moe_gemm_or_aux,interpolation_gap,in_scope_grid_gap,rectangular_grid_density,true,true,47,47,8,52,8,52,,1,existing diagonal/window points do not bracket this 2D query,false,false,false,false,false,true,No-Go
phase437_serving_state_precheck,workpoint_scatter,K2.5-tp4ep8dp2-8k2k,decode,moe_gemm_or_aux,interpolation_gap,in_scope_grid_gap,rectangular_grid_density,true,true,48,48,8,52,8,52,,1,existing diagonal/window points do not bracket this 2D query,false,false,false,false,false,true,No-Go
phase437_serving_state_precheck,workpoint_scatter,K2.5-tp4ep8dp2-8k2k,decode,moe_gemm_or_aux,interpolation_gap,in_scope_grid_gap,rectangular_grid_density,true,true,49,49,8,52,8,52,,1,existing diagonal/window points do not bracket this 2D query,false,false,false,false,false,true,No-Go
phase437_serving_state_precheck,workpoint_scatter,K2.5-tp4ep8dp2-8k2k,decode,moe_gemm_or_aux,interpolation_gap,in_scope_grid_gap,rectangular_grid_density,true,true,50,50,8,52,8,52,,1,existing diagonal/window points do not bracket this 2D query,false,false,false,false,false,true,No-Go
phase437_serving_state_precheck,workpoint_scatter,K2.5-tp4ep8dp2-8k2k,decode,moe_gemm_or_aux,interpolation_gap,in_scope_grid_gap,rectangular_grid_density,true,true,51,51,8,52,8,52,,1,existing diagonal/window points do not bracket this 2D query,false,false,false,false,false,true,No-Go
phase437_serving_state_precheck,workpoint_scatter,K2.5-tp4ep8dp2-8k2k,decode,other_cuda,bucket_above_range,in_scope_grid_gap,token_or_decode_bucket_high,true,true,53,53,8,52,8,52,,1,collect higher token bucket points; decode phase uses bucket_tokens=decode_batch,false,false,false,false,false,true,No-Go
phase437_serving_state_precheck,workpoint_scatter,K2.5-tp4ep8dp2-8k2k,decode,other_cuda,bucket_above_range,in_scope_grid_gap,token_or_decode_bucket_high,true,true,54,54,8,52,8,52,,1,collect higher token bucket points; decode phase uses bucket_tokens=decode_batch,false,false,false,false,false,true,No-Go
phase437_serving_state_precheck,workpoint_scatter,K2.5-tp4ep8dp2-8k2k,decode,other_cuda,bucket_above_range,in_scope_grid_gap,token_or_decode_bucket_high,true,true,55,55,8,52,8,52,,1,collect higher token bucket points; decode phase uses bucket_tokens=decode_batch,false,false,false,false,false,true,No-Go
phase437_serving_state_precheck,workpoint_scatter,K2.5-tp4ep8dp2-8k2k,decode,other_cuda,bucket_above_range,in_scope_grid_gap,token_or_decode_bucket_high,true,true,56,56,8,52,8,52,,1,collect higher token bucket points; decode phase uses bucket_tokens=decode_batch,false,false,false,false,false,true,No-Go
phase437_serving_state_precheck,workpoint_scatter,K2.5-tp4ep8dp2-8k2k,decode,other_cuda,bucket_above_range,in_scope_grid_gap,token_or_decode_bucket_high,true,true,57,57,8,52,8,52,,1,collect higher token bucket points; decode phase uses bucket_tokens=decode_batch,false,false,false,false,false,true,No-Go
phase437_serving_state_precheck,workpoint_scatter,K2.5-tp4ep8dp2-8k2k,decode,other_cuda,bucket_above_range,in_scope_grid_gap,token_or_decode_bucket_high,true,true,58,58,8,52,8,52,,1,collect higher token bucket points; decode phase uses bucket_tokens=decode_batch,false,false,false,false,false,true,No-Go
phase437_serving_state_precheck,workpoint_scatter,K2.5-tp4ep8dp2-8k2k,decode,other_cuda,bucket_above_range,in_scope_grid_gap,token_or_decode_bucket_high,true,true,59,59,8,52,8,52,,1,collect higher token bucket points; decode phase uses bucket_tokens=decode_batch,false,false,false,false,false,true,No-Go
phase437_serving_state_precheck,workpoint_scatter,K2.5-tp4ep8dp2-8k2k,decode,other_cuda,bucket_above_range,in_scope_grid_gap,token_or_decode_bucket_high,true,true,60,60,8,52,8,52,,1,collect higher token bucket points; decode phase uses bucket_tokens=decode_batch,false,false,false,false,false,true,No-Go
phase437_serving_state_precheck,workpoint_scatter,K2.5-tp4ep8dp2-8k2k,decode,other_cuda,bucket_above_range,in_scope_grid_gap,token_or_decode_bucket_high,true,true,61,61,8,52,8,52,,1,collect higher token bucket points; decode phase uses bucket_tokens=decode_batch,false,false,false,false,false,true,No-Go
phase437_serving_state_precheck,workpoint_scatter,K2.5-tp4ep8dp2-8k2k,decode,other_cuda,bucket_above_range,in_scope_grid_gap,token_or_decode_bucket_high,true,true,62,62,8,52,8,52,,1,collect higher token bucket points; decode phase uses bucket_tokens=decode_batch,false,false,false,false,false,true,No-Go
phase437_serving_state_precheck,workpoint_scatter,K2.5-tp4ep8dp2-8k2k,decode,other_cuda,bucket_above_range,in_scope_grid_gap,token_or_decode_bucket_high,true,true,63,63,8,52,8,52,,2,collect higher token bucket points; decode phase uses bucket_tokens=decode_batch,false,false,false,false,false,true,No-Go
phase437_serving_state_precheck,workpoint_scatter,K2.5-tp4ep8dp2-8k2k,decode,other_cuda,bucket_above_range,in_scope_grid_gap,token_or_decode_bucket_high,true,true,64,64,8,52,8,52,,3,collect higher token bucket points; decode phase uses bucket_tokens=decode_batch,false,false,false,false,false,true,No-Go
phase437_serving_state_precheck,workpoint_scatter,K2.5-tp4ep8dp2-8k2k,decode,other_cuda,bucket_below_range,expected_ramp_or_tail_fallback,low_ramp_below_grid,false,true,1,1,8,52,8,52,,1,low-batch or partial-prefill ramp/tail query; keep fallback unless it becomes a gate target,false,false,false,false,false,true,No-Go
phase437_serving_state_precheck,workpoint_scatter,K2.5-tp4ep8dp2-8k2k,decode,other_cuda,bucket_below_range,expected_ramp_or_tail_fallback,low_ramp_below_grid,false,true,2,2,8,52,8,52,,1,low-batch or partial-prefill ramp/tail query; keep fallback unless it becomes a gate target,false,false,false,false,false,true,No-Go
phase437_serving_state_precheck,workpoint_scatter,K2.5-tp4ep8dp2-8k2k,decode,other_cuda,bucket_below_range,expected_ramp_or_tail_fallback,low_ramp_below_grid,false,true,3,3,8,52,8,52,,1,low-batch or partial-prefill ramp/tail query; keep fallback unless it becomes a gate target,false,false,false,false,false,true,No-Go
phase437_serving_state_precheck,workpoint_scatter,K2.5-tp4ep8dp2-8k2k,decode,other_cuda,bucket_below_range,expected_ramp_or_tail_fallback,low_ramp_below_grid,false,true,4,4,8,52,8,52,,1,low-batch or partial-prefill ramp/tail query; keep fallback unless it becomes a gate target,false,false,false,false,false,true,No-Go
phase437_serving_state_precheck,workpoint_scatter,K2.5-tp4ep8dp2-8k2k,decode,other_cuda,bucket_below_range,expected_ramp_or_tail_fallback,low_ramp_below_grid,false,true,5,5,8,52,8,52,,1,low-batch or partial-prefill ramp/tail query; keep fallback unless it becomes a gate target,false,false,false,false,false,true,No-Go
phase437_serving_state_precheck,workpoint_scatter,K2.5-tp4ep8dp2-8k2k,decode,other_cuda,bucket_below_range,expected_ramp_or_tail_fallback,low_ramp_below_grid,false,true,6,6,8,52,8,52,,1,low-batch or partial-prefill ramp/tail query; keep fallback unless it becomes a gate target,false,false,false,false,false,true,No-Go
phase437_serving_state_precheck,workpoint_scatter,K2.5-tp4ep8dp2-8k2k,decode,other_cuda,bucket_below_range,expected_ramp_or_tail_fallback,low_ramp_below_grid,false,true,7,7,8,52,8,52,,1,low-batch or partial-prefill ramp/tail query; keep fallback unless it becomes a gate target,false,false,false,false,false,true,No-Go
phase437_serving_state_precheck,workpoint_scatter,K2.5-tp4ep8dp2-8k2k,decode,other_cuda,hit,covered,none,false,true,8,8,8,52,8,52,,1,serving-state query already hits the measured grid,false,false,false,false,false,true,No-Go
phase437_serving_state_precheck,workpoint_scatter,K2.5-tp4ep8dp2-8k2k,decode,other_cuda,hit,covered,none,false,true,36,36,8,52,8,52,,1,serving-state query already hits the measured grid,false,false,false,false,false,true,No-Go
phase437_serving_state_precheck,workpoint_scatter,K2.5-tp4ep8dp2-8k2k,decode,other_cuda,hit,covered,none,false,true,52,52,8,52,8,52,,1,serving-state query already hits the measured grid,false,false,false,false,false,true,No-Go
phase437_serving_state_precheck,workpoint_scatter,K2.5-tp4ep8dp2-8k2k,decode,other_cuda,interpolation_gap,in_scope_grid_gap,rectangular_grid_density,true,true,9,9,8,52,8,52,,1,existing diagonal/window points do not bracket this 2D query,false,false,false,false,false,true,No-Go
phase437_serving_state_precheck,workpoint_scatter,K2.5-tp4ep8dp2-8k2k,decode,other_cuda,interpolation_gap,in_scope_grid_gap,rectangular_grid_density,true,true,10,10,8,52,8,52,,1,existing diagonal/window points do not bracket this 2D query,false,false,false,false,false,true,No-Go
phase437_serving_state_precheck,workpoint_scatter,K2.5-tp4ep8dp2-8k2k,decode,other_cuda,interpolation_gap,in_scope_grid_gap,rectangular_grid_density,true,true,11,11,8,52,8,52,,1,existing diagonal/window points do not bracket this 2D query,false,false,false,false,false,true,No-Go
phase437_serving_state_precheck,workpoint_scatter,K2.5-tp4ep8dp2-8k2k,decode,other_cuda,interpolation_gap,in_scope_grid_gap,rectangular_grid_density,true,true,12,12,8,52,8,52,,1,existing diagonal/window points do not bracket this 2D query,false,false,false,false,false,true,No-Go
phase437_serving_state_precheck,workpoint_scatter,K2.5-tp4ep8dp2-8k2k,decode,other_cuda,interpolation_gap,in_scope_grid_gap,rectangular_grid_density,true,true,13,13,8,52,8,52,,1,existing diagonal/window points do not bracket this 2D query,false,false,false,false,false,true,No-Go
phase437_serving_state_precheck,workpoint_scatter,K2.5-tp4ep8dp2-8k2k,decode,other_cuda,interpolation_gap,in_scope_grid_gap,rectangular_grid_density,true,true,14,14,8,52,8,52,,1,existing diagonal/window points do not bracket this 2D query,false,false,false,false,false,true,No-Go
phase437_serving_state_precheck,workpoint_scatter,K2.5-tp4ep8dp2-8k2k,decode,other_cuda,interpolation_gap,in_scope_grid_gap,rectangular_grid_density,true,true,15,15,8,52,8,52,,1,existing diagonal/window points do not bracket this 2D query,false,false,false,false,false,true,No-Go
phase437_serving_state_precheck,workpoint_scatter,K2.5-tp4ep8dp2-8k2k,decode,other_cuda,interpolation_gap,in_scope_grid_gap,rectangular_grid_density,true,true,16,16,8,52,8,52,,1,existing diagonal/window points do not bracket this 2D query,false,false,false,false,false,true,No-Go
phase437_serving_state_precheck,workpoint_scatter,K2.5-tp4ep8dp2-8k2k,decode,other_cuda,interpolation_gap,in_scope_grid_gap,rectangular_grid_density,true,true,17,17,8,52,8,52,,1,existing diagonal/window points do not bracket this 2D query,false,false,false,false,false,true,No-Go
phase437_serving_state_precheck,workpoint_scatter,K2.5-tp4ep8dp2-8k2k,decode,other_cuda,interpolation_gap,in_scope_grid_gap,rectangular_grid_density,true,true,18,18,8,52,8,52,,1,existing diagonal/window points do not bracket this 2D query,false,false,false,false,false,true,No-Go
phase437_serving_state_precheck,workpoint_scatter,K2.5-tp4ep8dp2-8k2k,decode,other_cuda,interpolation_gap,in_scope_grid_gap,rectangular_grid_density,true,true,19,19,8,52,8,52,,1,existing diagonal/window points do not bracket this 2D query,false,false,false,false,false,true,No-Go
phase437_serving_state_precheck,workpoint_scatter,K2.5-tp4ep8dp2-8k2k,decode,other_cuda,interpolation_gap,in_scope_grid_gap,rectangular_grid_density,true,true,20,20,8,52,8,52,,1,existing diagonal/window points do not bracket this 2D query,false,false,false,false,false,true,No-Go
phase437_serving_state_precheck,workpoint_scatter,K2.5-tp4ep8dp2-8k2k,decode,other_cuda,interpolation_gap,in_scope_grid_gap,rectangular_grid_density,true,true,21,21,8,52,8,52,,1,existing diagonal/window points do not bracket this 2D query,false,false,false,false,false,true,No-Go
phase437_serving_state_precheck,workpoint_scatter,K2.5-tp4ep8dp2-8k2k,decode,other_cuda,interpolation_gap,in_scope_grid_gap,rectangular_grid_density,true,true,22,22,8,52,8,52,,1,existing diagonal/window points do not bracket this 2D query,false,false,false,false,false,true,No-Go
phase437_serving_state_precheck,workpoint_scatter,K2.5-tp4ep8dp2-8k2k,decode,other_cuda,interpolation_gap,in_scope_grid_gap,rectangular_grid_density,true,true,23,23,8,52,8,52,,1,existing diagonal/window points do not bracket this 2D query,false,false,false,false,false,true,No-Go
phase437_serving_state_precheck,workpoint_scatter,K2.5-tp4ep8dp2-8k2k,decode,other_cuda,interpolation_gap,in_scope_grid_gap,rectangular_grid_density,true,true,24,24,8,52,8,52,,1,existing diagonal/window points do not bracket this 2D query,false,false,false,false,false,true,No-Go
phase437_serving_state_precheck,workpoint_scatter,K2.5-tp4ep8dp2-8k2k,decode,other_cuda,interpolation_gap,in_scope_grid_gap,rectangular_grid_density,true,true,25,25,8,52,8,52,,1,existing diagonal/window points do not bracket this 2D query,false,false,false,false,false,true,No-Go
phase437_serving_state_precheck,workpoint_scatter,K2.5-tp4ep8dp2-8k2k,decode,other_cuda,interpolation_gap,in_scope_grid_gap,rectangular_grid_density,true,true,26,26,8,52,8,52,,1,existing diagonal/window points do not bracket this 2D query,false,false,false,false,false,true,No-Go
phase437_serving_state_precheck,workpoint_scatter,K2.5-tp4ep8dp2-8k2k,decode,other_cuda,interpolation_gap,in_scope_grid_gap,rectangular_grid_density,true,true,27,27,8,52,8,52,,1,existing diagonal/window points do not bracket this 2D query,false,false,false,false,false,true,No-Go
phase437_serving_state_precheck,workpoint_scatter,K2.5-tp4ep8dp2-8k2k,decode,other_cuda,interpolation_gap,in_scope_grid_gap,rectangular_grid_density,true,true,28,28,8,52,8,52,,1,existing diagonal/window points do not bracket this 2D query,false,false,false,false,false,true,No-Go
phase437_serving_state_precheck,workpoint_scatter,K2.5-tp4ep8dp2-8k2k,decode,other_cuda,interpolation_gap,in_scope_grid_gap,rectangular_grid_density,true,true,29,29,8,52,8,52,,1,existing diagonal/window points do not bracket this 2D query,false,false,false,false,false,true,No-Go
phase437_serving_state_precheck,workpoint_scatter,K2.5-tp4ep8dp2-8k2k,decode,other_cuda,interpolation_gap,in_scope_grid_gap,rectangular_grid_density,true,true,30,30,8,52,8,52,,1,existing diagonal/window points do not bracket this 2D query,false,false,false,false,false,true,No-Go
phase437_serving_state_precheck,workpoint_scatter,K2.5-tp4ep8dp2-8k2k,decode,other_cuda,interpolation_gap,in_scope_grid_gap,rectangular_grid_density,true,true,31,31,8,52,8,52,,1,existing diagonal/window points do not bracket this 2D query,false,false,false,false,false,true,No-Go
phase437_serving_state_precheck,workpoint_scatter,K2.5-tp4ep8dp2-8k2k,decode,other_cuda,interpolation_gap,in_scope_grid_gap,rectangular_grid_density,true,true,32,32,8,52,8,52,,1,existing diagonal/window points do not bracket this 2D query,false,false,false,false,false,true,No-Go
phase437_serving_state_precheck,workpoint_scatter,K2.5-tp4ep8dp2-8k2k,decode,other_cuda,interpolation_gap,in_scope_grid_gap,rectangular_grid_density,true,true,33,33,8,52,8,52,,1,existing diagonal/window points do not bracket this 2D query,false,false,false,false,false,true,No-Go
phase437_serving_state_precheck,workpoint_scatter,K2.5-tp4ep8dp2-8k2k,decode,other_cuda,interpolation_gap,in_scope_grid_gap,rectangular_grid_density,true,true,34,34,8,52,8,52,,1,existing diagonal/window points do not bracket this 2D query,false,false,false,false,false,true,No-Go
phase437_serving_state_precheck,workpoint_scatter,K2.5-tp4ep8dp2-8k2k,decode,other_cuda,interpolation_gap,in_scope_grid_gap,rectangular_grid_density,true,true,35,35,8,52,8,52,,1,existing diagonal/window points do not bracket this 2D query,false,false,false,false,false,true,No-Go
phase437_serving_state_precheck,workpoint_scatter,K2.5-tp4ep8dp2-8k2k,decode,other_cuda,interpolation_gap,in_scope_grid_gap,rectangular_grid_density,true,true,37,37,8,52,8,52,,1,existing diagonal/window points do not bracket this 2D query,false,false,false,false,false,true,No-Go
phase437_serving_state_precheck,workpoint_scatter,K2.5-tp4ep8dp2-8k2k,decode,other_cuda,interpolation_gap,in_scope_grid_gap,rectangular_grid_density,true,true,38,38,8,52,8,52,,1,existing diagonal/window points do not bracket this 2D query,false,false,false,false,false,true,No-Go
phase437_serving_state_precheck,workpoint_scatter,K2.5-tp4ep8dp2-8k2k,decode,other_cuda,interpolation_gap,in_scope_grid_gap,rectangular_grid_density,true,true,39,39,8,52,8,52,,1,existing diagonal/window points do not bracket this 2D query,false,false,false,false,false,true,No-Go
phase437_serving_state_precheck,workpoint_scatter,K2.5-tp4ep8dp2-8k2k,decode,other_cuda,interpolation_gap,in_scope_grid_gap,rectangular_grid_density,true,true,40,40,8,52,8,52,,1,existing diagonal/window points do not bracket this 2D query,false,false,false,false,false,true,No-Go
phase437_serving_state_precheck,workpoint_scatter,K2.5-tp4ep8dp2-8k2k,decode,other_cuda,interpolation_gap,in_scope_grid_gap,rectangular_grid_density,true,true,41,41,8,52,8,52,,1,existing diagonal/window points do not bracket this 2D query,false,false,false,false,false,true,No-Go
phase437_serving_state_precheck,workpoint_scatter,K2.5-tp4ep8dp2-8k2k,decode,other_cuda,interpolation_gap,in_scope_grid_gap,rectangular_grid_density,true,true,42,42,8,52,8,52,,1,existing diagonal/window points do not bracket this 2D query,false,false,false,false,false,true,No-Go
phase437_serving_state_precheck,workpoint_scatter,K2.5-tp4ep8dp2-8k2k,decode,other_cuda,interpolation_gap,in_scope_grid_gap,rectangular_grid_density,true,true,43,43,8,52,8,52,,1,existing diagonal/window points do not bracket this 2D query,false,false,false,false,false,true,No-Go
phase437_serving_state_precheck,workpoint_scatter,K2.5-tp4ep8dp2-8k2k,decode,other_cuda,interpolation_gap,in_scope_grid_gap,rectangular_grid_density,true,true,44,44,8,52,8,52,,1,existing diagonal/window points do not bracket this 2D query,false,false,false,false,false,true,No-Go
phase437_serving_state_precheck,workpoint_scatter,K2.5-tp4ep8dp2-8k2k,decode,other_cuda,interpolation_gap,in_scope_grid_gap,rectangular_grid_density,true,true,45,45,8,52,8,52,,1,existing diagonal/window points do not bracket this 2D query,false,false,false,false,false,true,No-Go
phase437_serving_state_precheck,workpoint_scatter,K2.5-tp4ep8dp2-8k2k,decode,other_cuda,interpolation_gap,in_scope_grid_gap,rectangular_grid_density,true,true,46,46,8,52,8,52,,1,existing diagonal/window points do not bracket this 2D query,false,false,false,false,false,true,No-Go
phase437_serving_state_precheck,workpoint_scatter,K2.5-tp4ep8dp2-8k2k,decode,other_cuda,interpolation_gap,in_scope_grid_gap,rectangular_grid_density,true,true,47,47,8,52,8,52,,1,existing diagonal/window points do not bracket this 2D query,false,false,false,false,false,true,No-Go
phase437_serving_state_precheck,workpoint_scatter,K2.5-tp4ep8dp2-8k2k,decode,other_cuda,interpolation_gap,in_scope_grid_gap,rectangular_grid_density,true,true,48,48,8,52,8,52,,1,existing diagonal/window points do not bracket this 2D query,false,false,false,false,false,true,No-Go
phase437_serving_state_precheck,workpoint_scatter,K2.5-tp4ep8dp2-8k2k,decode,other_cuda,interpolation_gap,in_scope_grid_gap,rectangular_grid_density,true,true,49,49,8,52,8,52,,1,existing diagonal/window points do not bracket this 2D query,false,false,false,false,false,true,No-Go
phase437_serving_state_precheck,workpoint_scatter,K2.5-tp4ep8dp2-8k2k,decode,other_cuda,interpolation_gap,in_scope_grid_gap,rectangular_grid_density,true,true,50,50,8,52,8,52,,1,existing diagonal/window points do not bracket this 2D query,false,false,false,false,false,true,No-Go
phase437_serving_state_precheck,workpoint_scatter,K2.5-tp4ep8dp2-8k2k,decode,other_cuda,interpolation_gap,in_scope_grid_gap,rectangular_grid_density,true,true,51,51,8,52,8,52,,1,existing diagonal/window points do not bracket this 2D query,false,false,false,false,false,true,No-Go
phase437_serving_state_precheck,workpoint_scatter,K2.5-tp4ep8dp2-8k2k,mixed_prefill,collective_other,bucket_below_range,expected_ramp_or_tail_fallback,low_ramp_below_grid,false,true,126,63,8000,32000,0,8,,1,low-batch or partial-prefill ramp/tail query; keep fallback unless it becomes a gate target,false,false,false,false,false,true,No-Go
phase437_serving_state_precheck,workpoint_scatter,K2.5-tp4ep8dp2-8k2k,mixed_prefill,collective_other,bucket_below_range,expected_ramp_or_tail_fallback,low_ramp_below_grid,false,true,2017,63,8000,32000,0,8,,1,low-batch or partial-prefill ramp/tail query; keep fallback unless it becomes a gate target,false,false,false,false,false,true,No-Go
phase437_serving_state_precheck,workpoint_scatter,K2.5-tp4ep8dp2-8k2k,mixed_prefill,collective_other,bucket_below_range,expected_ramp_or_tail_fallback,low_ramp_below_grid,false,true,3970,63,8000,32000,0,8,,1,low-batch or partial-prefill ramp/tail query; keep fallback unless it becomes a gate target,false,false,false,false,false,true,No-Go
phase437_serving_state_precheck,workpoint_scatter,K2.5-tp4ep8dp2-8k2k,mixed_prefill,collective_other,decode_batch_above_range,in_scope_grid_gap,decode_batch_high,true,true,8000,2,8000,32000,0,8,,1,collect higher decode_batch grid points for this phase/category,false,false,false,false,false,true,No-Go
phase437_serving_state_precheck,workpoint_scatter,K2.5-tp4ep8dp2-8k2k,mixed_prefill,collective_other,decode_batch_above_range,in_scope_grid_gap,decode_batch_high,true,true,8000,3,8000,32000,0,8,,1,collect higher decode_batch grid points for this phase/category,false,false,false,false,false,true,No-Go
phase437_serving_state_precheck,workpoint_scatter,K2.5-tp4ep8dp2-8k2k,mixed_prefill,collective_other,decode_batch_above_range,in_scope_grid_gap,decode_batch_high,true,true,8000,4,8000,32000,0,8,,1,collect higher decode_batch grid points for this phase/category,false,false,false,false,false,true,No-Go
phase437_serving_state_precheck,workpoint_scatter,K2.5-tp4ep8dp2-8k2k,mixed_prefill,collective_other,decode_batch_above_range,in_scope_grid_gap,decode_batch_high,true,true,8000,5,8000,32000,0,8,,1,collect higher decode_batch grid points for this phase/category,false,false,false,false,false,true,No-Go
phase437_serving_state_precheck,workpoint_scatter,K2.5-tp4ep8dp2-8k2k,mixed_prefill,collective_other,decode_batch_above_range,in_scope_grid_gap,decode_batch_high,true,true,8000,6,8000,32000,0,8,,1,collect higher decode_batch grid points for this phase/category,false,false,false,false,false,true,No-Go
phase437_serving_state_precheck,workpoint_scatter,K2.5-tp4ep8dp2-8k2k,mixed_prefill,collective_other,decode_batch_above_range,in_scope_grid_gap,decode_batch_high,true,true,8000,7,8000,32000,0,8,,1,collect higher decode_batch grid points for this phase/category,false,false,false,false,false,true,No-Go
phase437_serving_state_precheck,workpoint_scatter,K2.5-tp4ep8dp2-8k2k,mixed_prefill,collective_other,decode_batch_above_range,in_scope_grid_gap,decode_batch_high,true,true,8000,8,8000,32000,0,8,,1,collect higher decode_batch grid points for this phase/category,false,false,false,false,false,true,No-Go
phase437_serving_state_precheck,workpoint_scatter,K2.5-tp4ep8dp2-8k2k,mixed_prefill,collective_other,decode_batch_above_range,in_scope_grid_gap,decode_batch_high,true,true,8000,9,8000,32000,0,8,,1,collect higher decode_batch grid points for this phase/category,false,false,false,false,false,true,No-Go
phase437_serving_state_precheck,workpoint_scatter,K2.5-tp4ep8dp2-8k2k,mixed_prefill,collective_other,decode_batch_above_range,in_scope_grid_gap,decode_batch_high,true,true,8000,10,8000,32000,0,8,,1,collect higher decode_batch grid points for this phase/category,false,false,false,false,false,true,No-Go
phase437_serving_state_precheck,workpoint_scatter,K2.5-tp4ep8dp2-8k2k,mixed_prefill,collective_other,decode_batch_above_range,in_scope_grid_gap,decode_batch_high,true,true,8000,11,8000,32000,0,8,,1,collect higher decode_batch grid points for this phase/category,false,false,false,false,false,true,No-Go
phase437_serving_state_precheck,workpoint_scatter,K2.5-tp4ep8dp2-8k2k,mixed_prefill,collective_other,decode_batch_above_range,in_scope_grid_gap,decode_batch_high,true,true,8000,12,8000,32000,0,8,,1,collect higher decode_batch grid points for this phase/category,false,false,false,false,false,true,No-Go
phase437_serving_state_precheck,workpoint_scatter,K2.5-tp4ep8dp2-8k2k,mixed_prefill,collective_other,decode_batch_above_range,in_scope_grid_gap,decode_batch_high,true,true,8000,13,8000,32000,0,8,,1,collect higher decode_batch grid points for this phase/category,false,false,false,false,false,true,No-Go
phase437_serving_state_precheck,workpoint_scatter,K2.5-tp4ep8dp2-8k2k,mixed_prefill,collective_other,decode_batch_above_range,in_scope_grid_gap,decode_batch_high,true,true,8000,14,8000,32000,0,8,,1,collect higher decode_batch grid points for this phase/category,false,false,false,false,false,true,No-Go
phase437_serving_state_precheck,workpoint_scatter,K2.5-tp4ep8dp2-8k2k,mixed_prefill,collective_other,decode_batch_above_range,in_scope_grid_gap,decode_batch_high,true,true,8000,15,8000,32000,0,8,,1,collect higher decode_batch grid points for this phase/category,false,false,false,false,false,true,No-Go
phase437_serving_state_precheck,workpoint_scatter,K2.5-tp4ep8dp2-8k2k,mixed_prefill,collective_other,decode_batch_above_range,in_scope_grid_gap,decode_batch_high,true,true,8000,16,8000,32000,0,8,,1,collect higher decode_batch grid points for this phase/category,false,false,false,false,false,true,No-Go
phase437_serving_state_precheck,workpoint_scatter,K2.5-tp4ep8dp2-8k2k,mixed_prefill,collective_other,decode_batch_above_range,in_scope_grid_gap,decode_batch_high,true,true,8000,17,8000,32000,0,8,,1,collect higher decode_batch grid points for this phase/category,false,false,false,false,false,true,No-Go
phase437_serving_state_precheck,workpoint_scatter,K2.5-tp4ep8dp2-8k2k,mixed_prefill,collective_other,decode_batch_above_range,in_scope_grid_gap,decode_batch_high,true,true,8000,18,8000,32000,0,8,,1,collect higher decode_batch grid points for this phase/category,false,false,false,false,false,true,No-Go
phase437_serving_state_precheck,workpoint_scatter,K2.5-tp4ep8dp2-8k2k,mixed_prefill,collective_other,decode_batch_above_range,in_scope_grid_gap,decode_batch_high,true,true,8000,19,8000,32000,0,8,,1,collect higher decode_batch grid points for this phase/category,false,false,false,false,false,true,No-Go
phase437_serving_state_precheck,workpoint_scatter,K2.5-tp4ep8dp2-8k2k,mixed_prefill,collective_other,decode_batch_above_range,in_scope_grid_gap,decode_batch_high,true,true,8000,20,8000,32000,0,8,,1,collect higher decode_batch grid points for this phase/category,false,false,false,false,false,true,No-Go
phase437_serving_state_precheck,workpoint_scatter,K2.5-tp4ep8dp2-8k2k,mixed_prefill,collective_other,decode_batch_above_range,in_scope_grid_gap,decode_batch_high,true,true,8000,21,8000,32000,0,8,,1,collect higher decode_batch grid points for this phase/category,false,false,false,false,false,true,No-Go
phase437_serving_state_precheck,workpoint_scatter,K2.5-tp4ep8dp2-8k2k,mixed_prefill,collective_other,decode_batch_above_range,in_scope_grid_gap,decode_batch_high,true,true,8000,22,8000,32000,0,8,,1,collect higher decode_batch grid points for this phase/category,false,false,false,false,false,true,No-Go
phase437_serving_state_precheck,workpoint_scatter,K2.5-tp4ep8dp2-8k2k,mixed_prefill,collective_other,decode_batch_above_range,in_scope_grid_gap,decode_batch_high,true,true,8000,23,8000,32000,0,8,,1,collect higher decode_batch grid points for this phase/category,false,false,false,false,false,true,No-Go
phase437_serving_state_precheck,workpoint_scatter,K2.5-tp4ep8dp2-8k2k,mixed_prefill,collective_other,decode_batch_above_range,in_scope_grid_gap,decode_batch_high,true,true,8000,24,8000,32000,0,8,,1,collect higher decode_batch grid points for this phase/category,false,false,false,false,false,true,No-Go
phase437_serving_state_precheck,workpoint_scatter,K2.5-tp4ep8dp2-8k2k,mixed_prefill,collective_other,decode_batch_above_range,in_scope_grid_gap,decode_batch_high,true,true,8000,25,8000,32000,0,8,,1,collect higher decode_batch grid points for this phase/category,false,false,false,false,false,true,No-Go
phase437_serving_state_precheck,workpoint_scatter,K2.5-tp4ep8dp2-8k2k,mixed_prefill,collective_other,decode_batch_above_range,in_scope_grid_gap,decode_batch_high,true,true,8000,26,8000,32000,0,8,,1,collect higher decode_batch grid points for this phase/category,false,false,false,false,false,true,No-Go
phase437_serving_state_precheck,workpoint_scatter,K2.5-tp4ep8dp2-8k2k,mixed_prefill,collective_other,decode_batch_above_range,in_scope_grid_gap,decode_batch_high,true,true,8000,27,8000,32000,0,8,,1,collect higher decode_batch grid points for this phase/category,false,false,false,false,false,true,No-Go
phase437_serving_state_precheck,workpoint_scatter,K2.5-tp4ep8dp2-8k2k,mixed_prefill,collective_other,decode_batch_above_range,in_scope_grid_gap,decode_batch_high,true,true,8000,28,8000,32000,0,8,,1,collect higher decode_batch grid points for this phase/category,false,false,false,false,false,true,No-Go
phase437_serving_state_precheck,workpoint_scatter,K2.5-tp4ep8dp2-8k2k,mixed_prefill,collective_other,decode_batch_above_range,in_scope_grid_gap,decode_batch_high,true,true,8000,29,8000,32000,0,8,,1,collect higher decode_batch grid points for this phase/category,false,false,false,false,false,true,No-Go
phase437_serving_state_precheck,workpoint_scatter,K2.5-tp4ep8dp2-8k2k,mixed_prefill,collective_other,decode_batch_above_range,in_scope_grid_gap,decode_batch_high,true,true,8000,30,8000,32000,0,8,,1,collect higher decode_batch grid points for this phase/category,false,false,false,false,false,true,No-Go
phase437_serving_state_precheck,workpoint_scatter,K2.5-tp4ep8dp2-8k2k,mixed_prefill,collective_other,decode_batch_above_range,in_scope_grid_gap,decode_batch_high,true,true,8000,31,8000,32000,0,8,,1,collect higher decode_batch grid points for this phase/category,false,false,false,false,false,true,No-Go
phase437_serving_state_precheck,workpoint_scatter,K2.5-tp4ep8dp2-8k2k,mixed_prefill,collective_other,decode_batch_above_range,in_scope_grid_gap,decode_batch_high,true,true,8000,32,8000,32000,0,8,,1,collect higher decode_batch grid points for this phase/category,false,false,false,false,false,true,No-Go
phase437_serving_state_precheck,workpoint_scatter,K2.5-tp4ep8dp2-8k2k,mixed_prefill,collective_other,decode_batch_above_range,in_scope_grid_gap,decode_batch_high,true,true,8000,33,8000,32000,0,8,,1,collect higher decode_batch grid points for this phase/category,false,false,false,false,false,true,No-Go
phase437_serving_state_precheck,workpoint_scatter,K2.5-tp4ep8dp2-8k2k,mixed_prefill,collective_other,decode_batch_above_range,in_scope_grid_gap,decode_batch_high,true,true,8000,34,8000,32000,0,8,,1,collect higher decode_batch grid points for this phase/category,false,false,false,false,false,true,No-Go
phase437_serving_state_precheck,workpoint_scatter,K2.5-tp4ep8dp2-8k2k,mixed_prefill,collective_other,decode_batch_above_range,in_scope_grid_gap,decode_batch_high,true,true,8000,35,8000,32000,0,8,,1,collect higher decode_batch grid points for this phase/category,false,false,false,false,false,true,No-Go
phase437_serving_state_precheck,workpoint_scatter,K2.5-tp4ep8dp2-8k2k,mixed_prefill,collective_other,decode_batch_above_range,in_scope_grid_gap,decode_batch_high,true,true,8000,36,8000,32000,0,8,,1,collect higher decode_batch grid points for this phase/category,false,false,false,false,false,true,No-Go
phase437_serving_state_precheck,workpoint_scatter,K2.5-tp4ep8dp2-8k2k,mixed_prefill,collective_other,decode_batch_above_range,in_scope_grid_gap,decode_batch_high,true,true,8000,37,8000,32000,0,8,,1,collect higher decode_batch grid points for this phase/category,false,false,false,false,false,true,No-Go
phase437_serving_state_precheck,workpoint_scatter,K2.5-tp4ep8dp2-8k2k,mixed_prefill,collective_other,decode_batch_above_range,in_scope_grid_gap,decode_batch_high,true,true,8000,38,8000,32000,0,8,,1,collect higher decode_batch grid points for this phase/category,false,false,false,false,false,true,No-Go
phase437_serving_state_precheck,workpoint_scatter,K2.5-tp4ep8dp2-8k2k,mixed_prefill,collective_other,decode_batch_above_range,in_scope_grid_gap,decode_batch_high,true,true,8000,39,8000,32000,0,8,,1,collect higher decode_batch grid points for this phase/category,false,false,false,false,false,true,No-Go
phase437_serving_state_precheck,workpoint_scatter,K2.5-tp4ep8dp2-8k2k,mixed_prefill,collective_other,decode_batch_above_range,in_scope_grid_gap,decode_batch_high,true,true,8000,40,8000,32000,0,8,,1,collect higher decode_batch grid points for this phase/category,false,false,false,false,false,true,No-Go
phase437_serving_state_precheck,workpoint_scatter,K2.5-tp4ep8dp2-8k2k,mixed_prefill,collective_other,decode_batch_above_range,in_scope_grid_gap,decode_batch_high,true,true,8000,41,8000,32000,0,8,,1,collect higher decode_batch grid points for this phase/category,false,false,false,false,false,true,No-Go
phase437_serving_state_precheck,workpoint_scatter,K2.5-tp4ep8dp2-8k2k,mixed_prefill,collective_other,decode_batch_above_range,in_scope_grid_gap,decode_batch_high,true,true,8000,42,8000,32000,0,8,,1,collect higher decode_batch grid points for this phase/category,false,false,false,false,false,true,No-Go
phase437_serving_state_precheck,workpoint_scatter,K2.5-tp4ep8dp2-8k2k,mixed_prefill,collective_other,decode_batch_above_range,in_scope_grid_gap,decode_batch_high,true,true,8000,43,8000,32000,0,8,,1,collect higher decode_batch grid points for this phase/category,false,false,false,false,false,true,No-Go
phase437_serving_state_precheck,workpoint_scatter,K2.5-tp4ep8dp2-8k2k,mixed_prefill,collective_other,decode_batch_above_range,in_scope_grid_gap,decode_batch_high,true,true,8000,44,8000,32000,0,8,,1,collect higher decode_batch grid points for this phase/category,false,false,false,false,false,true,No-Go
phase437_serving_state_precheck,workpoint_scatter,K2.5-tp4ep8dp2-8k2k,mixed_prefill,collective_other,decode_batch_above_range,in_scope_grid_gap,decode_batch_high,true,true,8000,45,8000,32000,0,8,,1,collect higher decode_batch grid points for this phase/category,false,false,false,false,false,true,No-Go
phase437_serving_state_precheck,workpoint_scatter,K2.5-tp4ep8dp2-8k2k,mixed_prefill,collective_other,decode_batch_above_range,in_scope_grid_gap,decode_batch_high,true,true,8000,46,8000,32000,0,8,,1,collect higher decode_batch grid points for this phase/category,false,false,false,false,false,true,No-Go
phase437_serving_state_precheck,workpoint_scatter,K2.5-tp4ep8dp2-8k2k,mixed_prefill,collective_other,decode_batch_above_range,in_scope_grid_gap,decode_batch_high,true,true,8000,47,8000,32000,0,8,,1,collect higher decode_batch grid points for this phase/category,false,false,false,false,false,true,No-Go
phase437_serving_state_precheck,workpoint_scatter,K2.5-tp4ep8dp2-8k2k,mixed_prefill,collective_other,decode_batch_above_range,in_scope_grid_gap,decode_batch_high,true,true,8000,48,8000,32000,0,8,,1,collect higher decode_batch grid points for this phase/category,false,false,false,false,false,true,No-Go
phase437_serving_state_precheck,workpoint_scatter,K2.5-tp4ep8dp2-8k2k,mixed_prefill,collective_other,decode_batch_above_range,in_scope_grid_gap,decode_batch_high,true,true,8000,49,8000,32000,0,8,,1,collect higher decode_batch grid points for this phase/category,false,false,false,false,false,true,No-Go
phase437_serving_state_precheck,workpoint_scatter,K2.5-tp4ep8dp2-8k2k,mixed_prefill,collective_other,decode_batch_above_range,in_scope_grid_gap,decode_batch_high,true,true,8000,50,8000,32000,0,8,,1,collect higher decode_batch grid points for this phase/category,false,false,false,false,false,true,No-Go
phase437_serving_state_precheck,workpoint_scatter,K2.5-tp4ep8dp2-8k2k,mixed_prefill,collective_other,decode_batch_above_range,in_scope_grid_gap,decode_batch_high,true,true,8000,51,8000,32000,0,8,,1,collect higher decode_batch grid points for this phase/category,false,false,false,false,false,true,No-Go
phase437_serving_state_precheck,workpoint_scatter,K2.5-tp4ep8dp2-8k2k,mixed_prefill,collective_other,decode_batch_above_range,in_scope_grid_gap,decode_batch_high,true,true,8000,52,8000,32000,0,8,,1,collect higher decode_batch grid points for this phase/category,false,false,false,false,false,true,No-Go
phase437_serving_state_precheck,workpoint_scatter,K2.5-tp4ep8dp2-8k2k,mixed_prefill,collective_other,decode_batch_above_range,in_scope_grid_gap,decode_batch_high,true,true,8000,53,8000,32000,0,8,,1,collect higher decode_batch grid points for this phase/category,false,false,false,false,false,true,No-Go
phase437_serving_state_precheck,workpoint_scatter,K2.5-tp4ep8dp2-8k2k,mixed_prefill,collective_other,decode_batch_above_range,in_scope_grid_gap,decode_batch_high,true,true,8000,54,8000,32000,0,8,,1,collect higher decode_batch grid points for this phase/category,false,false,false,false,false,true,No-Go
phase437_serving_state_precheck,workpoint_scatter,K2.5-tp4ep8dp2-8k2k,mixed_prefill,collective_other,decode_batch_above_range,in_scope_grid_gap,decode_batch_high,true,true,8000,55,8000,32000,0,8,,1,collect higher decode_batch grid points for this phase/category,false,false,false,false,false,true,No-Go
phase437_serving_state_precheck,workpoint_scatter,K2.5-tp4ep8dp2-8k2k,mixed_prefill,collective_other,decode_batch_above_range,in_scope_grid_gap,decode_batch_high,true,true,8000,56,8000,32000,0,8,,1,collect higher decode_batch grid points for this phase/category,false,false,false,false,false,true,No-Go
phase437_serving_state_precheck,workpoint_scatter,K2.5-tp4ep8dp2-8k2k,mixed_prefill,collective_other,decode_batch_above_range,in_scope_grid_gap,decode_batch_high,true,true,8000,57,8000,32000,0,8,,1,collect higher decode_batch grid points for this phase/category,false,false,false,false,false,true,No-Go
phase437_serving_state_precheck,workpoint_scatter,K2.5-tp4ep8dp2-8k2k,mixed_prefill,collective_other,decode_batch_above_range,in_scope_grid_gap,decode_batch_high,true,true,8000,58,8000,32000,0,8,,1,collect higher decode_batch grid points for this phase/category,false,false,false,false,false,true,No-Go
phase437_serving_state_precheck,workpoint_scatter,K2.5-tp4ep8dp2-8k2k,mixed_prefill,collective_other,decode_batch_above_range,in_scope_grid_gap,decode_batch_high,true,true,8000,59,8000,32000,0,8,,1,collect higher decode_batch grid points for this phase/category,false,false,false,false,false,true,No-Go
phase437_serving_state_precheck,workpoint_scatter,K2.5-tp4ep8dp2-8k2k,mixed_prefill,collective_other,decode_batch_above_range,in_scope_grid_gap,decode_batch_high,true,true,8000,60,8000,32000,0,8,,1,collect higher decode_batch grid points for this phase/category,false,false,false,false,false,true,No-Go
phase437_serving_state_precheck,workpoint_scatter,K2.5-tp4ep8dp2-8k2k,mixed_prefill,collective_other,decode_batch_above_range,in_scope_grid_gap,decode_batch_high,true,true,8000,61,8000,32000,0,8,,1,collect higher decode_batch grid points for this phase/category,false,false,false,false,false,true,No-Go
phase437_serving_state_precheck,workpoint_scatter,K2.5-tp4ep8dp2-8k2k,mixed_prefill,collective_other,decode_batch_above_range,in_scope_grid_gap,decode_batch_high,true,true,8000,62,8000,32000,0,8,,5,collect higher decode_batch grid points for this phase/category,false,false,false,false,false,true,No-Go
phase437_serving_state_precheck,workpoint_scatter,K2.5-tp4ep8dp2-8k2k,mixed_prefill,collective_other,decode_batch_above_range,in_scope_grid_gap,decode_batch_high,true,true,8000,63,8000,32000,0,8,,1,collect higher decode_batch grid points for this phase/category,false,false,false,false,false,true,No-Go
phase437_serving_state_precheck,workpoint_scatter,K2.5-tp4ep8dp2-8k2k,mixed_prefill,collective_other,hit,covered,none,false,true,8000,1,8000,32000,0,8,,2,serving-state query already hits the measured grid,false,false,false,false,false,true,No-Go
phase437_serving_state_precheck,workpoint_scatter,K2.5-tp4ep8dp2-8k2k,mixed_prefill,ep_a2a,bucket_below_range,expected_ramp_or_tail_fallback,low_ramp_below_grid,false,true,126,63,8000,32000,0,34,,1,low-batch or partial-prefill ramp/tail query; keep fallback unless it becomes a gate target,false,false,false,false,false,true,No-Go
phase437_serving_state_precheck,workpoint_scatter,K2.5-tp4ep8dp2-8k2k,mixed_prefill,ep_a2a,bucket_below_range,expected_ramp_or_tail_fallback,low_ramp_below_grid,false,true,2017,63,8000,32000,0,34,,1,low-batch or partial-prefill ramp/tail query; keep fallback unless it becomes a gate target,false,false,false,false,false,true,No-Go
phase437_serving_state_precheck,workpoint_scatter,K2.5-tp4ep8dp2-8k2k,mixed_prefill,ep_a2a,bucket_below_range,expected_ramp_or_tail_fallback,low_ramp_below_grid,false,true,3970,63,8000,32000,0,34,,1,low-batch or partial-prefill ramp/tail query; keep fallback unless it becomes a gate target,false,false,false,false,false,true,No-Go
phase437_serving_state_precheck,workpoint_scatter,K2.5-tp4ep8dp2-8k2k,mixed_prefill,ep_a2a,decode_batch_above_range,in_scope_grid_gap,decode_batch_high,true,true,8000,35,8000,32000,0,34,,1,collect higher decode_batch grid points for this phase/category,false,false,false,false,false,true,No-Go
phase437_serving_state_precheck,workpoint_scatter,K2.5-tp4ep8dp2-8k2k,mixed_prefill,ep_a2a,decode_batch_above_range,in_scope_grid_gap,decode_batch_high,true,true,8000,36,8000,32000,0,34,,1,collect higher decode_batch grid points for this phase/category,false,false,false,false,false,true,No-Go
phase437_serving_state_precheck,workpoint_scatter,K2.5-tp4ep8dp2-8k2k,mixed_prefill,ep_a2a,decode_batch_above_range,in_scope_grid_gap,decode_batch_high,true,true,8000,37,8000,32000,0,34,,1,collect higher decode_batch grid points for this phase/category,false,false,false,false,false,true,No-Go
phase437_serving_state_precheck,workpoint_scatter,K2.5-tp4ep8dp2-8k2k,mixed_prefill,ep_a2a,decode_batch_above_range,in_scope_grid_gap,decode_batch_high,true,true,8000,38,8000,32000,0,34,,1,collect higher decode_batch grid points for this phase/category,false,false,false,false,false,true,No-Go
phase437_serving_state_precheck,workpoint_scatter,K2.5-tp4ep8dp2-8k2k,mixed_prefill,ep_a2a,decode_batch_above_range,in_scope_grid_gap,decode_batch_high,true,true,8000,39,8000,32000,0,34,,1,collect higher decode_batch grid points for this phase/category,false,false,false,false,false,true,No-Go
phase437_serving_state_precheck,workpoint_scatter,K2.5-tp4ep8dp2-8k2k,mixed_prefill,ep_a2a,decode_batch_above_range,in_scope_grid_gap,decode_batch_high,true,true,8000,40,8000,32000,0,34,,1,collect higher decode_batch grid points for this phase/category,false,false,false,false,false,true,No-Go
phase437_serving_state_precheck,workpoint_scatter,K2.5-tp4ep8dp2-8k2k,mixed_prefill,ep_a2a,decode_batch_above_range,in_scope_grid_gap,decode_batch_high,true,true,8000,41,8000,32000,0,34,,1,collect higher decode_batch grid points for this phase/category,false,false,false,false,false,true,No-Go
phase437_serving_state_precheck,workpoint_scatter,K2.5-tp4ep8dp2-8k2k,mixed_prefill,ep_a2a,decode_batch_above_range,in_scope_grid_gap,decode_batch_high,true,true,8000,42,8000,32000,0,34,,1,collect higher decode_batch grid points for this phase/category,false,false,false,false,false,true,No-Go
phase437_serving_state_precheck,workpoint_scatter,K2.5-tp4ep8dp2-8k2k,mixed_prefill,ep_a2a,decode_batch_above_range,in_scope_grid_gap,decode_batch_high,true,true,8000,43,8000,32000,0,34,,1,collect higher decode_batch grid points for this phase/category,false,false,false,false,false,true,No-Go
phase437_serving_state_precheck,workpoint_scatter,K2.5-tp4ep8dp2-8k2k,mixed_prefill,ep_a2a,decode_batch_above_range,in_scope_grid_gap,decode_batch_high,true,true,8000,44,8000,32000,0,34,,1,collect higher decode_batch grid points for this phase/category,false,false,false,false,false,true,No-Go
phase437_serving_state_precheck,workpoint_scatter,K2.5-tp4ep8dp2-8k2k,mixed_prefill,ep_a2a,decode_batch_above_range,in_scope_grid_gap,decode_batch_high,true,true,8000,45,8000,32000,0,34,,1,collect higher decode_batch grid points for this phase/category,false,false,false,false,false,true,No-Go
phase437_serving_state_precheck,workpoint_scatter,K2.5-tp4ep8dp2-8k2k,mixed_prefill,ep_a2a,decode_batch_above_range,in_scope_grid_gap,decode_batch_high,true,true,8000,46,8000,32000,0,34,,1,collect higher decode_batch grid points for this phase/category,false,false,false,false,false,true,No-Go
phase437_serving_state_precheck,workpoint_scatter,K2.5-tp4ep8dp2-8k2k,mixed_prefill,ep_a2a,decode_batch_above_range,in_scope_grid_gap,decode_batch_high,true,true,8000,47,8000,32000,0,34,,1,collect higher decode_batch grid points for this phase/category,false,false,false,false,false,true,No-Go
phase437_serving_state_precheck,workpoint_scatter,K2.5-tp4ep8dp2-8k2k,mixed_prefill,ep_a2a,decode_batch_above_range,in_scope_grid_gap,decode_batch_high,true,true,8000,48,8000,32000,0,34,,1,collect higher decode_batch grid points for this phase/category,false,false,false,false,false,true,No-Go
phase437_serving_state_precheck,workpoint_scatter,K2.5-tp4ep8dp2-8k2k,mixed_prefill,ep_a2a,decode_batch_above_range,in_scope_grid_gap,decode_batch_high,true,true,8000,49,8000,32000,0,34,,1,collect higher decode_batch grid points for this phase/category,false,false,false,false,false,true,No-Go
phase437_serving_state_precheck,workpoint_scatter,K2.5-tp4ep8dp2-8k2k,mixed_prefill,ep_a2a,decode_batch_above_range,in_scope_grid_gap,decode_batch_high,true,true,8000,50,8000,32000,0,34,,1,collect higher decode_batch grid points for this phase/category,false,false,false,false,false,true,No-Go
phase437_serving_state_precheck,workpoint_scatter,K2.5-tp4ep8dp2-8k2k,mixed_prefill,ep_a2a,decode_batch_above_range,in_scope_grid_gap,decode_batch_high,true,true,8000,51,8000,32000,0,34,,1,collect higher decode_batch grid points for this phase/category,false,false,false,false,false,true,No-Go
phase437_serving_state_precheck,workpoint_scatter,K2.5-tp4ep8dp2-8k2k,mixed_prefill,ep_a2a,decode_batch_above_range,in_scope_grid_gap,decode_batch_high,true,true,8000,52,8000,32000,0,34,,1,collect higher decode_batch grid points for this phase/category,false,false,false,false,false,true,No-Go
phase437_serving_state_precheck,workpoint_scatter,K2.5-tp4ep8dp2-8k2k,mixed_prefill,ep_a2a,decode_batch_above_range,in_scope_grid_gap,decode_batch_high,true,true,8000,53,8000,32000,0,34,,1,collect higher decode_batch grid points for this phase/category,false,false,false,false,false,true,No-Go
phase437_serving_state_precheck,workpoint_scatter,K2.5-tp4ep8dp2-8k2k,mixed_prefill,ep_a2a,decode_batch_above_range,in_scope_grid_gap,decode_batch_high,true,true,8000,54,8000,32000,0,34,,1,collect higher decode_batch grid points for this phase/category,false,false,false,false,false,true,No-Go
phase437_serving_state_precheck,workpoint_scatter,K2.5-tp4ep8dp2-8k2k,mixed_prefill,ep_a2a,decode_batch_above_range,in_scope_grid_gap,decode_batch_high,true,true,8000,55,8000,32000,0,34,,1,collect higher decode_batch grid points for this phase/category,false,false,false,false,false,true,No-Go
phase437_serving_state_precheck,workpoint_scatter,K2.5-tp4ep8dp2-8k2k,mixed_prefill,ep_a2a,decode_batch_above_range,in_scope_grid_gap,decode_batch_high,true,true,8000,56,8000,32000,0,34,,1,collect higher decode_batch grid points for this phase/category,false,false,false,false,false,true,No-Go
phase437_serving_state_precheck,workpoint_scatter,K2.5-tp4ep8dp2-8k2k,mixed_prefill,ep_a2a,decode_batch_above_range,in_scope_grid_gap,decode_batch_high,true,true,8000,57,8000,32000,0,34,,1,collect higher decode_batch grid points for this phase/category,false,false,false,false,false,true,No-Go
phase437_serving_state_precheck,workpoint_scatter,K2.5-tp4ep8dp2-8k2k,mixed_prefill,ep_a2a,decode_batch_above_range,in_scope_grid_gap,decode_batch_high,true,true,8000,58,8000,32000,0,34,,1,collect higher decode_batch grid points for this phase/category,false,false,false,false,false,true,No-Go
phase437_serving_state_precheck,workpoint_scatter,K2.5-tp4ep8dp2-8k2k,mixed_prefill,ep_a2a,decode_batch_above_range,in_scope_grid_gap,decode_batch_high,true,true,8000,59,8000,32000,0,34,,1,collect higher decode_batch grid points for this phase/category,false,false,false,false,false,true,No-Go
phase437_serving_state_precheck,workpoint_scatter,K2.5-tp4ep8dp2-8k2k,mixed_prefill,ep_a2a,decode_batch_above_range,in_scope_grid_gap,decode_batch_high,true,true,8000,60,8000,32000,0,34,,1,collect higher decode_batch grid points for this phase/category,false,false,false,false,false,true,No-Go
phase437_serving_state_precheck,workpoint_scatter,K2.5-tp4ep8dp2-8k2k,mixed_prefill,ep_a2a,decode_batch_above_range,in_scope_grid_gap,decode_batch_high,true,true,8000,61,8000,32000,0,34,,1,collect higher decode_batch grid points for this phase/category,false,false,false,false,false,true,No-Go
phase437_serving_state_precheck,workpoint_scatter,K2.5-tp4ep8dp2-8k2k,mixed_prefill,ep_a2a,decode_batch_above_range,in_scope_grid_gap,decode_batch_high,true,true,8000,62,8000,32000,0,34,,5,collect higher decode_batch grid points for this phase/category,false,false,false,false,false,true,No-Go
phase437_serving_state_precheck,workpoint_scatter,K2.5-tp4ep8dp2-8k2k,mixed_prefill,ep_a2a,decode_batch_above_range,in_scope_grid_gap,decode_batch_high,true,true,8000,63,8000,32000,0,34,,1,collect higher decode_batch grid points for this phase/category,false,false,false,false,false,true,No-Go
phase437_serving_state_precheck,workpoint_scatter,K2.5-tp4ep8dp2-8k2k,mixed_prefill,ep_a2a,hit,covered,none,false,true,8000,1,8000,32000,0,34,,2,serving-state query already hits the measured grid,false,false,false,false,false,true,No-Go
phase437_serving_state_precheck,workpoint_scatter,K2.5-tp4ep8dp2-8k2k,mixed_prefill,ep_a2a,hit,covered,none,false,true,8000,2,8000,32000,0,34,,1,serving-state query already hits the measured grid,false,false,false,false,false,true,No-Go
phase437_serving_state_precheck,workpoint_scatter,K2.5-tp4ep8dp2-8k2k,mixed_prefill,ep_a2a,hit,covered,none,false,true,8000,3,8000,32000,0,34,,1,serving-state query already hits the measured grid,false,false,false,false,false,true,No-Go
phase437_serving_state_precheck,workpoint_scatter,K2.5-tp4ep8dp2-8k2k,mixed_prefill,ep_a2a,hit,covered,none,false,true,8000,4,8000,32000,0,34,,1,serving-state query already hits the measured grid,false,false,false,false,false,true,No-Go
phase437_serving_state_precheck,workpoint_scatter,K2.5-tp4ep8dp2-8k2k,mixed_prefill,ep_a2a,hit,covered,none,false,true,8000,5,8000,32000,0,34,,1,serving-state query already hits the measured grid,false,false,false,false,false,true,No-Go
phase437_serving_state_precheck,workpoint_scatter,K2.5-tp4ep8dp2-8k2k,mixed_prefill,ep_a2a,hit,covered,none,false,true,8000,6,8000,32000,0,34,,1,serving-state query already hits the measured grid,false,false,false,false,false,true,No-Go
phase437_serving_state_precheck,workpoint_scatter,K2.5-tp4ep8dp2-8k2k,mixed_prefill,ep_a2a,hit,covered,none,false,true,8000,7,8000,32000,0,34,,1,serving-state query already hits the measured grid,false,false,false,false,false,true,No-Go
phase437_serving_state_precheck,workpoint_scatter,K2.5-tp4ep8dp2-8k2k,mixed_prefill,ep_a2a,hit,covered,none,false,true,8000,8,8000,32000,0,34,,1,serving-state query already hits the measured grid,false,false,false,false,false,true,No-Go
phase437_serving_state_precheck,workpoint_scatter,K2.5-tp4ep8dp2-8k2k,mixed_prefill,ep_a2a,hit,covered,none,false,true,8000,9,8000,32000,0,34,,1,serving-state query already hits the measured grid,false,false,false,false,false,true,No-Go
phase437_serving_state_precheck,workpoint_scatter,K2.5-tp4ep8dp2-8k2k,mixed_prefill,ep_a2a,hit,covered,none,false,true,8000,10,8000,32000,0,34,,1,serving-state query already hits the measured grid,false,false,false,false,false,true,No-Go
phase437_serving_state_precheck,workpoint_scatter,K2.5-tp4ep8dp2-8k2k,mixed_prefill,ep_a2a,hit,covered,none,false,true,8000,11,8000,32000,0,34,,1,serving-state query already hits the measured grid,false,false,false,false,false,true,No-Go
phase437_serving_state_precheck,workpoint_scatter,K2.5-tp4ep8dp2-8k2k,mixed_prefill,ep_a2a,hit,covered,none,false,true,8000,12,8000,32000,0,34,,1,serving-state query already hits the measured grid,false,false,false,false,false,true,No-Go
phase437_serving_state_precheck,workpoint_scatter,K2.5-tp4ep8dp2-8k2k,mixed_prefill,ep_a2a,hit,covered,none,false,true,8000,13,8000,32000,0,34,,1,serving-state query already hits the measured grid,false,false,false,false,false,true,No-Go
phase437_serving_state_precheck,workpoint_scatter,K2.5-tp4ep8dp2-8k2k,mixed_prefill,ep_a2a,hit,covered,none,false,true,8000,14,8000,32000,0,34,,1,serving-state query already hits the measured grid,false,false,false,false,false,true,No-Go
phase437_serving_state_precheck,workpoint_scatter,K2.5-tp4ep8dp2-8k2k,mixed_prefill,ep_a2a,hit,covered,none,false,true,8000,15,8000,32000,0,34,,1,serving-state query already hits the measured grid,false,false,false,false,false,true,No-Go
phase437_serving_state_precheck,workpoint_scatter,K2.5-tp4ep8dp2-8k2k,mixed_prefill,ep_a2a,hit,covered,none,false,true,8000,16,8000,32000,0,34,,1,serving-state query already hits the measured grid,false,false,false,false,false,true,No-Go
phase437_serving_state_precheck,workpoint_scatter,K2.5-tp4ep8dp2-8k2k,mixed_prefill,ep_a2a,hit,covered,none,false,true,8000,17,8000,32000,0,34,,1,serving-state query already hits the measured grid,false,false,false,false,false,true,No-Go
phase437_serving_state_precheck,workpoint_scatter,K2.5-tp4ep8dp2-8k2k,mixed_prefill,ep_a2a,hit,covered,none,false,true,8000,18,8000,32000,0,34,,1,serving-state query already hits the measured grid,false,false,false,false,false,true,No-Go
phase437_serving_state_precheck,workpoint_scatter,K2.5-tp4ep8dp2-8k2k,mixed_prefill,ep_a2a,hit,covered,none,false,true,8000,19,8000,32000,0,34,,1,serving-state query already hits the measured grid,false,false,false,false,false,true,No-Go
phase437_serving_state_precheck,workpoint_scatter,K2.5-tp4ep8dp2-8k2k,mixed_prefill,ep_a2a,hit,covered,none,false,true,8000,20,8000,32000,0,34,,1,serving-state query already hits the measured grid,false,false,false,false,false,true,No-Go
phase437_serving_state_precheck,workpoint_scatter,K2.5-tp4ep8dp2-8k2k,mixed_prefill,ep_a2a,hit,covered,none,false,true,8000,21,8000,32000,0,34,,1,serving-state query already hits the measured grid,false,false,false,false,false,true,No-Go
phase437_serving_state_precheck,workpoint_scatter,K2.5-tp4ep8dp2-8k2k,mixed_prefill,ep_a2a,hit,covered,none,false,true,8000,22,8000,32000,0,34,,1,serving-state query already hits the measured grid,false,false,false,false,false,true,No-Go
phase437_serving_state_precheck,workpoint_scatter,K2.5-tp4ep8dp2-8k2k,mixed_prefill,ep_a2a,hit,covered,none,false,true,8000,23,8000,32000,0,34,,1,serving-state query already hits the measured grid,false,false,false,false,false,true,No-Go
phase437_serving_state_precheck,workpoint_scatter,K2.5-tp4ep8dp2-8k2k,mixed_prefill,ep_a2a,hit,covered,none,false,true,8000,24,8000,32000,0,34,,1,serving-state query already hits the measured grid,false,false,false,false,false,true,No-Go
phase437_serving_state_precheck,workpoint_scatter,K2.5-tp4ep8dp2-8k2k,mixed_prefill,ep_a2a,hit,covered,none,false,true,8000,25,8000,32000,0,34,,1,serving-state query already hits the measured grid,false,false,false,false,false,true,No-Go
phase437_serving_state_precheck,workpoint_scatter,K2.5-tp4ep8dp2-8k2k,mixed_prefill,ep_a2a,hit,covered,none,false,true,8000,26,8000,32000,0,34,,1,serving-state query already hits the measured grid,false,false,false,false,false,true,No-Go
phase437_serving_state_precheck,workpoint_scatter,K2.5-tp4ep8dp2-8k2k,mixed_prefill,ep_a2a,hit,covered,none,false,true,8000,27,8000,32000,0,34,,1,serving-state query already hits the measured grid,false,false,false,false,false,true,No-Go
phase437_serving_state_precheck,workpoint_scatter,K2.5-tp4ep8dp2-8k2k,mixed_prefill,ep_a2a,hit,covered,none,false,true,8000,28,8000,32000,0,34,,1,serving-state query already hits the measured grid,false,false,false,false,false,true,No-Go
phase437_serving_state_precheck,workpoint_scatter,K2.5-tp4ep8dp2-8k2k,mixed_prefill,ep_a2a,hit,covered,none,false,true,8000,29,8000,32000,0,34,,1,serving-state query already hits the measured grid,false,false,false,false,false,true,No-Go
phase437_serving_state_precheck,workpoint_scatter,K2.5-tp4ep8dp2-8k2k,mixed_prefill,ep_a2a,hit,covered,none,false,true,8000,30,8000,32000,0,34,,1,serving-state query already hits the measured grid,false,false,false,false,false,true,No-Go
phase437_serving_state_precheck,workpoint_scatter,K2.5-tp4ep8dp2-8k2k,mixed_prefill,ep_a2a,hit,covered,none,false,true,8000,31,8000,32000,0,34,,1,serving-state query already hits the measured grid,false,false,false,false,false,true,No-Go
phase437_serving_state_precheck,workpoint_scatter,K2.5-tp4ep8dp2-8k2k,mixed_prefill,ep_a2a,hit,covered,none,false,true,8000,32,8000,32000,0,34,,1,serving-state query already hits the measured grid,false,false,false,false,false,true,No-Go
phase437_serving_state_precheck,workpoint_scatter,K2.5-tp4ep8dp2-8k2k,mixed_prefill,ep_a2a,hit,covered,none,false,true,8000,33,8000,32000,0,34,,1,serving-state query already hits the measured grid,false,false,false,false,false,true,No-Go
phase437_serving_state_precheck,workpoint_scatter,K2.5-tp4ep8dp2-8k2k,mixed_prefill,ep_a2a,hit,covered,none,false,true,8000,34,8000,32000,0,34,,1,serving-state query already hits the measured grid,false,false,false,false,false,true,No-Go
phase437_serving_state_precheck,workpoint_scatter,K2.5-tp4ep8dp2-8k2k,mixed_prefill,moe_gemm_or_aux,bucket_below_range,expected_ramp_or_tail_fallback,low_ramp_below_grid,false,true,126,63,8000,32000,0,34,,1,low-batch or partial-prefill ramp/tail query; keep fallback unless it becomes a gate target,false,false,false,false,false,true,No-Go
phase437_serving_state_precheck,workpoint_scatter,K2.5-tp4ep8dp2-8k2k,mixed_prefill,moe_gemm_or_aux,bucket_below_range,expected_ramp_or_tail_fallback,low_ramp_below_grid,false,true,2017,63,8000,32000,0,34,,1,low-batch or partial-prefill ramp/tail query; keep fallback unless it becomes a gate target,false,false,false,false,false,true,No-Go
phase437_serving_state_precheck,workpoint_scatter,K2.5-tp4ep8dp2-8k2k,mixed_prefill,moe_gemm_or_aux,bucket_below_range,expected_ramp_or_tail_fallback,low_ramp_below_grid,false,true,3970,63,8000,32000,0,34,,1,low-batch or partial-prefill ramp/tail query; keep fallback unless it becomes a gate target,false,false,false,false,false,true,No-Go
phase437_serving_state_precheck,workpoint_scatter,K2.5-tp4ep8dp2-8k2k,mixed_prefill,moe_gemm_or_aux,decode_batch_above_range,in_scope_grid_gap,decode_batch_high,true,true,8000,35,8000,32000,0,34,,1,collect higher decode_batch grid points for this phase/category,false,false,false,false,false,true,No-Go
phase437_serving_state_precheck,workpoint_scatter,K2.5-tp4ep8dp2-8k2k,mixed_prefill,moe_gemm_or_aux,decode_batch_above_range,in_scope_grid_gap,decode_batch_high,true,true,8000,36,8000,32000,0,34,,1,collect higher decode_batch grid points for this phase/category,false,false,false,false,false,true,No-Go
phase437_serving_state_precheck,workpoint_scatter,K2.5-tp4ep8dp2-8k2k,mixed_prefill,moe_gemm_or_aux,decode_batch_above_range,in_scope_grid_gap,decode_batch_high,true,true,8000,37,8000,32000,0,34,,1,collect higher decode_batch grid points for this phase/category,false,false,false,false,false,true,No-Go
phase437_serving_state_precheck,workpoint_scatter,K2.5-tp4ep8dp2-8k2k,mixed_prefill,moe_gemm_or_aux,decode_batch_above_range,in_scope_grid_gap,decode_batch_high,true,true,8000,38,8000,32000,0,34,,1,collect higher decode_batch grid points for this phase/category,false,false,false,false,false,true,No-Go
phase437_serving_state_precheck,workpoint_scatter,K2.5-tp4ep8dp2-8k2k,mixed_prefill,moe_gemm_or_aux,decode_batch_above_range,in_scope_grid_gap,decode_batch_high,true,true,8000,39,8000,32000,0,34,,1,collect higher decode_batch grid points for this phase/category,false,false,false,false,false,true,No-Go
phase437_serving_state_precheck,workpoint_scatter,K2.5-tp4ep8dp2-8k2k,mixed_prefill,moe_gemm_or_aux,decode_batch_above_range,in_scope_grid_gap,decode_batch_high,true,true,8000,40,8000,32000,0,34,,1,collect higher decode_batch grid points for this phase/category,false,false,false,false,false,true,No-Go
phase437_serving_state_precheck,workpoint_scatter,K2.5-tp4ep8dp2-8k2k,mixed_prefill,moe_gemm_or_aux,decode_batch_above_range,in_scope_grid_gap,decode_batch_high,true,true,8000,41,8000,32000,0,34,,1,collect higher decode_batch grid points for this phase/category,false,false,false,false,false,true,No-Go
phase437_serving_state_precheck,workpoint_scatter,K2.5-tp4ep8dp2-8k2k,mixed_prefill,moe_gemm_or_aux,decode_batch_above_range,in_scope_grid_gap,decode_batch_high,true,true,8000,42,8000,32000,0,34,,1,collect higher decode_batch grid points for this phase/category,false,false,false,false,false,true,No-Go
phase437_serving_state_precheck,workpoint_scatter,K2.5-tp4ep8dp2-8k2k,mixed_prefill,moe_gemm_or_aux,decode_batch_above_range,in_scope_grid_gap,decode_batch_high,true,true,8000,43,8000,32000,0,34,,1,collect higher decode_batch grid points for this phase/category,false,false,false,false,false,true,No-Go
phase437_serving_state_precheck,workpoint_scatter,K2.5-tp4ep8dp2-8k2k,mixed_prefill,moe_gemm_or_aux,decode_batch_above_range,in_scope_grid_gap,decode_batch_high,true,true,8000,44,8000,32000,0,34,,1,collect higher decode_batch grid points for this phase/category,false,false,false,false,false,true,No-Go
phase437_serving_state_precheck,workpoint_scatter,K2.5-tp4ep8dp2-8k2k,mixed_prefill,moe_gemm_or_aux,decode_batch_above_range,in_scope_grid_gap,decode_batch_high,true,true,8000,45,8000,32000,0,34,,1,collect higher decode_batch grid points for this phase/category,false,false,false,false,false,true,No-Go
phase437_serving_state_precheck,workpoint_scatter,K2.5-tp4ep8dp2-8k2k,mixed_prefill,moe_gemm_or_aux,decode_batch_above_range,in_scope_grid_gap,decode_batch_high,true,true,8000,46,8000,32000,0,34,,1,collect higher decode_batch grid points for this phase/category,false,false,false,false,false,true,No-Go
phase437_serving_state_precheck,workpoint_scatter,K2.5-tp4ep8dp2-8k2k,mixed_prefill,moe_gemm_or_aux,decode_batch_above_range,in_scope_grid_gap,decode_batch_high,true,true,8000,47,8000,32000,0,34,,1,collect higher decode_batch grid points for this phase/category,false,false,false,false,false,true,No-Go
phase437_serving_state_precheck,workpoint_scatter,K2.5-tp4ep8dp2-8k2k,mixed_prefill,moe_gemm_or_aux,decode_batch_above_range,in_scope_grid_gap,decode_batch_high,true,true,8000,48,8000,32000,0,34,,1,collect higher decode_batch grid points for this phase/category,false,false,false,false,false,true,No-Go
phase437_serving_state_precheck,workpoint_scatter,K2.5-tp4ep8dp2-8k2k,mixed_prefill,moe_gemm_or_aux,decode_batch_above_range,in_scope_grid_gap,decode_batch_high,true,true,8000,49,8000,32000,0,34,,1,collect higher decode_batch grid points for this phase/category,false,false,false,false,false,true,No-Go
phase437_serving_state_precheck,workpoint_scatter,K2.5-tp4ep8dp2-8k2k,mixed_prefill,moe_gemm_or_aux,decode_batch_above_range,in_scope_grid_gap,decode_batch_high,true,true,8000,50,8000,32000,0,34,,1,collect higher decode_batch grid points for this phase/category,false,false,false,false,false,true,No-Go
phase437_serving_state_precheck,workpoint_scatter,K2.5-tp4ep8dp2-8k2k,mixed_prefill,moe_gemm_or_aux,decode_batch_above_range,in_scope_grid_gap,decode_batch_high,true,true,8000,51,8000,32000,0,34,,1,collect higher decode_batch grid points for this phase/category,false,false,false,false,false,true,No-Go
phase437_serving_state_precheck,workpoint_scatter,K2.5-tp4ep8dp2-8k2k,mixed_prefill,moe_gemm_or_aux,decode_batch_above_range,in_scope_grid_gap,decode_batch_high,true,true,8000,52,8000,32000,0,34,,1,collect higher decode_batch grid points for this phase/category,false,false,false,false,false,true,No-Go
phase437_serving_state_precheck,workpoint_scatter,K2.5-tp4ep8dp2-8k2k,mixed_prefill,moe_gemm_or_aux,decode_batch_above_range,in_scope_grid_gap,decode_batch_high,true,true,8000,53,8000,32000,0,34,,1,collect higher decode_batch grid points for this phase/category,false,false,false,false,false,true,No-Go
phase437_serving_state_precheck,workpoint_scatter,K2.5-tp4ep8dp2-8k2k,mixed_prefill,moe_gemm_or_aux,decode_batch_above_range,in_scope_grid_gap,decode_batch_high,true,true,8000,54,8000,32000,0,34,,1,collect higher decode_batch grid points for this phase/category,false,false,false,false,false,true,No-Go
phase437_serving_state_precheck,workpoint_scatter,K2.5-tp4ep8dp2-8k2k,mixed_prefill,moe_gemm_or_aux,decode_batch_above_range,in_scope_grid_gap,decode_batch_high,true,true,8000,55,8000,32000,0,34,,1,collect higher decode_batch grid points for this phase/category,false,false,false,false,false,true,No-Go
phase437_serving_state_precheck,workpoint_scatter,K2.5-tp4ep8dp2-8k2k,mixed_prefill,moe_gemm_or_aux,decode_batch_above_range,in_scope_grid_gap,decode_batch_high,true,true,8000,56,8000,32000,0,34,,1,collect higher decode_batch grid points for this phase/category,false,false,false,false,false,true,No-Go
phase437_serving_state_precheck,workpoint_scatter,K2.5-tp4ep8dp2-8k2k,mixed_prefill,moe_gemm_or_aux,decode_batch_above_range,in_scope_grid_gap,decode_batch_high,true,true,8000,57,8000,32000,0,34,,1,collect higher decode_batch grid points for this phase/category,false,false,false,false,false,true,No-Go
phase437_serving_state_precheck,workpoint_scatter,K2.5-tp4ep8dp2-8k2k,mixed_prefill,moe_gemm_or_aux,decode_batch_above_range,in_scope_grid_gap,decode_batch_high,true,true,8000,58,8000,32000,0,34,,1,collect higher decode_batch grid points for this phase/category,false,false,false,false,false,true,No-Go
phase437_serving_state_precheck,workpoint_scatter,K2.5-tp4ep8dp2-8k2k,mixed_prefill,moe_gemm_or_aux,decode_batch_above_range,in_scope_grid_gap,decode_batch_high,true,true,8000,59,8000,32000,0,34,,1,collect higher decode_batch grid points for this phase/category,false,false,false,false,false,true,No-Go
phase437_serving_state_precheck,workpoint_scatter,K2.5-tp4ep8dp2-8k2k,mixed_prefill,moe_gemm_or_aux,decode_batch_above_range,in_scope_grid_gap,decode_batch_high,true,true,8000,60,8000,32000,0,34,,1,collect higher decode_batch grid points for this phase/category,false,false,false,false,false,true,No-Go
phase437_serving_state_precheck,workpoint_scatter,K2.5-tp4ep8dp2-8k2k,mixed_prefill,moe_gemm_or_aux,decode_batch_above_range,in_scope_grid_gap,decode_batch_high,true,true,8000,61,8000,32000,0,34,,1,collect higher decode_batch grid points for this phase/category,false,false,false,false,false,true,No-Go
phase437_serving_state_precheck,workpoint_scatter,K2.5-tp4ep8dp2-8k2k,mixed_prefill,moe_gemm_or_aux,decode_batch_above_range,in_scope_grid_gap,decode_batch_high,true,true,8000,62,8000,32000,0,34,,5,collect higher decode_batch grid points for this phase/category,false,false,false,false,false,true,No-Go
phase437_serving_state_precheck,workpoint_scatter,K2.5-tp4ep8dp2-8k2k,mixed_prefill,moe_gemm_or_aux,decode_batch_above_range,in_scope_grid_gap,decode_batch_high,true,true,8000,63,8000,32000,0,34,,1,collect higher decode_batch grid points for this phase/category,false,false,false,false,false,true,No-Go
phase437_serving_state_precheck,workpoint_scatter,K2.5-tp4ep8dp2-8k2k,mixed_prefill,moe_gemm_or_aux,hit,covered,none,false,true,8000,1,8000,32000,0,34,,2,serving-state query already hits the measured grid,false,false,false,false,false,true,No-Go
phase437_serving_state_precheck,workpoint_scatter,K2.5-tp4ep8dp2-8k2k,mixed_prefill,moe_gemm_or_aux,hit,covered,none,false,true,8000,2,8000,32000,0,34,,1,serving-state query already hits the measured grid,false,false,false,false,false,true,No-Go
phase437_serving_state_precheck,workpoint_scatter,K2.5-tp4ep8dp2-8k2k,mixed_prefill,moe_gemm_or_aux,hit,covered,none,false,true,8000,3,8000,32000,0,34,,1,serving-state query already hits the measured grid,false,false,false,false,false,true,No-Go
phase437_serving_state_precheck,workpoint_scatter,K2.5-tp4ep8dp2-8k2k,mixed_prefill,moe_gemm_or_aux,hit,covered,none,false,true,8000,4,8000,32000,0,34,,1,serving-state query already hits the measured grid,false,false,false,false,false,true,No-Go
phase437_serving_state_precheck,workpoint_scatter,K2.5-tp4ep8dp2-8k2k,mixed_prefill,moe_gemm_or_aux,hit,covered,none,false,true,8000,5,8000,32000,0,34,,1,serving-state query already hits the measured grid,false,false,false,false,false,true,No-Go
phase437_serving_state_precheck,workpoint_scatter,K2.5-tp4ep8dp2-8k2k,mixed_prefill,moe_gemm_or_aux,hit,covered,none,false,true,8000,6,8000,32000,0,34,,1,serving-state query already hits the measured grid,false,false,false,false,false,true,No-Go
phase437_serving_state_precheck,workpoint_scatter,K2.5-tp4ep8dp2-8k2k,mixed_prefill,moe_gemm_or_aux,hit,covered,none,false,true,8000,7,8000,32000,0,34,,1,serving-state query already hits the measured grid,false,false,false,false,false,true,No-Go
phase437_serving_state_precheck,workpoint_scatter,K2.5-tp4ep8dp2-8k2k,mixed_prefill,moe_gemm_or_aux,hit,covered,none,false,true,8000,8,8000,32000,0,34,,1,serving-state query already hits the measured grid,false,false,false,false,false,true,No-Go
phase437_serving_state_precheck,workpoint_scatter,K2.5-tp4ep8dp2-8k2k,mixed_prefill,moe_gemm_or_aux,hit,covered,none,false,true,8000,9,8000,32000,0,34,,1,serving-state query already hits the measured grid,false,false,false,false,false,true,No-Go
phase437_serving_state_precheck,workpoint_scatter,K2.5-tp4ep8dp2-8k2k,mixed_prefill,moe_gemm_or_aux,hit,covered,none,false,true,8000,10,8000,32000,0,34,,1,serving-state query already hits the measured grid,false,false,false,false,false,true,No-Go
phase437_serving_state_precheck,workpoint_scatter,K2.5-tp4ep8dp2-8k2k,mixed_prefill,moe_gemm_or_aux,hit,covered,none,false,true,8000,11,8000,32000,0,34,,1,serving-state query already hits the measured grid,false,false,false,false,false,true,No-Go
phase437_serving_state_precheck,workpoint_scatter,K2.5-tp4ep8dp2-8k2k,mixed_prefill,moe_gemm_or_aux,hit,covered,none,false,true,8000,12,8000,32000,0,34,,1,serving-state query already hits the measured grid,false,false,false,false,false,true,No-Go
phase437_serving_state_precheck,workpoint_scatter,K2.5-tp4ep8dp2-8k2k,mixed_prefill,moe_gemm_or_aux,hit,covered,none,false,true,8000,13,8000,32000,0,34,,1,serving-state query already hits the measured grid,false,false,false,false,false,true,No-Go
phase437_serving_state_precheck,workpoint_scatter,K2.5-tp4ep8dp2-8k2k,mixed_prefill,moe_gemm_or_aux,hit,covered,none,false,true,8000,14,8000,32000,0,34,,1,serving-state query already hits the measured grid,false,false,false,false,false,true,No-Go
phase437_serving_state_precheck,workpoint_scatter,K2.5-tp4ep8dp2-8k2k,mixed_prefill,moe_gemm_or_aux,hit,covered,none,false,true,8000,15,8000,32000,0,34,,1,serving-state query already hits the measured grid,false,false,false,false,false,true,No-Go
phase437_serving_state_precheck,workpoint_scatter,K2.5-tp4ep8dp2-8k2k,mixed_prefill,moe_gemm_or_aux,hit,covered,none,false,true,8000,16,8000,32000,0,34,,1,serving-state query already hits the measured grid,false,false,false,false,false,true,No-Go
phase437_serving_state_precheck,workpoint_scatter,K2.5-tp4ep8dp2-8k2k,mixed_prefill,moe_gemm_or_aux,hit,covered,none,false,true,8000,17,8000,32000,0,34,,1,serving-state query already hits the measured grid,false,false,false,false,false,true,No-Go
phase437_serving_state_precheck,workpoint_scatter,K2.5-tp4ep8dp2-8k2k,mixed_prefill,moe_gemm_or_aux,hit,covered,none,false,true,8000,18,8000,32000,0,34,,1,serving-state query already hits the measured grid,false,false,false,false,false,true,No-Go
phase437_serving_state_precheck,workpoint_scatter,K2.5-tp4ep8dp2-8k2k,mixed_prefill,moe_gemm_or_aux,hit,covered,none,false,true,8000,19,8000,32000,0,34,,1,serving-state query already hits the measured grid,false,false,false,false,false,true,No-Go
phase437_serving_state_precheck,workpoint_scatter,K2.5-tp4ep8dp2-8k2k,mixed_prefill,moe_gemm_or_aux,hit,covered,none,false,true,8000,20,8000,32000,0,34,,1,serving-state query already hits the measured grid,false,false,false,false,false,true,No-Go
phase437_serving_state_precheck,workpoint_scatter,K2.5-tp4ep8dp2-8k2k,mixed_prefill,moe_gemm_or_aux,hit,covered,none,false,true,8000,21,8000,32000,0,34,,1,serving-state query already hits the measured grid,false,false,false,false,false,true,No-Go
phase437_serving_state_precheck,workpoint_scatter,K2.5-tp4ep8dp2-8k2k,mixed_prefill,moe_gemm_or_aux,hit,covered,none,false,true,8000,22,8000,32000,0,34,,1,serving-state query already hits the measured grid,false,false,false,false,false,true,No-Go
phase437_serving_state_precheck,workpoint_scatter,K2.5-tp4ep8dp2-8k2k,mixed_prefill,moe_gemm_or_aux,hit,covered,none,false,true,8000,23,8000,32000,0,34,,1,serving-state query already hits the measured grid,false,false,false,false,false,true,No-Go
phase437_serving_state_precheck,workpoint_scatter,K2.5-tp4ep8dp2-8k2k,mixed_prefill,moe_gemm_or_aux,hit,covered,none,false,true,8000,24,8000,32000,0,34,,1,serving-state query already hits the measured grid,false,false,false,false,false,true,No-Go
phase437_serving_state_precheck,workpoint_scatter,K2.5-tp4ep8dp2-8k2k,mixed_prefill,moe_gemm_or_aux,hit,covered,none,false,true,8000,25,8000,32000,0,34,,1,serving-state query already hits the measured grid,false,false,false,false,false,true,No-Go
phase437_serving_state_precheck,workpoint_scatter,K2.5-tp4ep8dp2-8k2k,mixed_prefill,moe_gemm_or_aux,hit,covered,none,false,true,8000,26,8000,32000,0,34,,1,serving-state query already hits the measured grid,false,false,false,false,false,true,No-Go
phase437_serving_state_precheck,workpoint_scatter,K2.5-tp4ep8dp2-8k2k,mixed_prefill,moe_gemm_or_aux,hit,covered,none,false,true,8000,27,8000,32000,0,34,,1,serving-state query already hits the measured grid,false,false,false,false,false,true,No-Go
phase437_serving_state_precheck,workpoint_scatter,K2.5-tp4ep8dp2-8k2k,mixed_prefill,moe_gemm_or_aux,hit,covered,none,false,true,8000,28,8000,32000,0,34,,1,serving-state query already hits the measured grid,false,false,false,false,false,true,No-Go
phase437_serving_state_precheck,workpoint_scatter,K2.5-tp4ep8dp2-8k2k,mixed_prefill,moe_gemm_or_aux,hit,covered,none,false,true,8000,29,8000,32000,0,34,,1,serving-state query already hits the measured grid,false,false,false,false,false,true,No-Go
phase437_serving_state_precheck,workpoint_scatter,K2.5-tp4ep8dp2-8k2k,mixed_prefill,moe_gemm_or_aux,hit,covered,none,false,true,8000,30,8000,32000,0,34,,1,serving-state query already hits the measured grid,false,false,false,false,false,true,No-Go
phase437_serving_state_precheck,workpoint_scatter,K2.5-tp4ep8dp2-8k2k,mixed_prefill,moe_gemm_or_aux,hit,covered,none,false,true,8000,31,8000,32000,0,34,,1,serving-state query already hits the measured grid,false,false,false,false,false,true,No-Go
phase437_serving_state_precheck,workpoint_scatter,K2.5-tp4ep8dp2-8k2k,mixed_prefill,moe_gemm_or_aux,hit,covered,none,false,true,8000,32,8000,32000,0,34,,1,serving-state query already hits the measured grid,false,false,false,false,false,true,No-Go
phase437_serving_state_precheck,workpoint_scatter,K2.5-tp4ep8dp2-8k2k,mixed_prefill,moe_gemm_or_aux,hit,covered,none,false,true,8000,33,8000,32000,0,34,,1,serving-state query already hits the measured grid,false,false,false,false,false,true,No-Go
phase437_serving_state_precheck,workpoint_scatter,K2.5-tp4ep8dp2-8k2k,mixed_prefill,moe_gemm_or_aux,hit,covered,none,false,true,8000,34,8000,32000,0,34,,1,serving-state query already hits the measured grid,false,false,false,false,false,true,No-Go
phase437_serving_state_precheck,workpoint_scatter,K2.5-tp4ep8dp2-8k2k,mixed_prefill,other_cuda,bucket_below_range,expected_ramp_or_tail_fallback,low_ramp_below_grid,false,true,126,63,8000,32000,0,34,,1,low-batch or partial-prefill ramp/tail query; keep fallback unless it becomes a gate target,false,false,false,false,false,true,No-Go
phase437_serving_state_precheck,workpoint_scatter,K2.5-tp4ep8dp2-8k2k,mixed_prefill,other_cuda,bucket_below_range,expected_ramp_or_tail_fallback,low_ramp_below_grid,false,true,2017,63,8000,32000,0,34,,1,low-batch or partial-prefill ramp/tail query; keep fallback unless it becomes a gate target,false,false,false,false,false,true,No-Go
phase437_serving_state_precheck,workpoint_scatter,K2.5-tp4ep8dp2-8k2k,mixed_prefill,other_cuda,bucket_below_range,expected_ramp_or_tail_fallback,low_ramp_below_grid,false,true,3970,63,8000,32000,0,34,,1,low-batch or partial-prefill ramp/tail query; keep fallback unless it becomes a gate target,false,false,false,false,false,true,No-Go
phase437_serving_state_precheck,workpoint_scatter,K2.5-tp4ep8dp2-8k2k,mixed_prefill,other_cuda,decode_batch_above_range,in_scope_grid_gap,decode_batch_high,true,true,8000,35,8000,32000,0,34,,1,collect higher decode_batch grid points for this phase/category,false,false,false,false,false,true,No-Go
phase437_serving_state_precheck,workpoint_scatter,K2.5-tp4ep8dp2-8k2k,mixed_prefill,other_cuda,decode_batch_above_range,in_scope_grid_gap,decode_batch_high,true,true,8000,36,8000,32000,0,34,,1,collect higher decode_batch grid points for this phase/category,false,false,false,false,false,true,No-Go
phase437_serving_state_precheck,workpoint_scatter,K2.5-tp4ep8dp2-8k2k,mixed_prefill,other_cuda,decode_batch_above_range,in_scope_grid_gap,decode_batch_high,true,true,8000,37,8000,32000,0,34,,1,collect higher decode_batch grid points for this phase/category,false,false,false,false,false,true,No-Go
phase437_serving_state_precheck,workpoint_scatter,K2.5-tp4ep8dp2-8k2k,mixed_prefill,other_cuda,decode_batch_above_range,in_scope_grid_gap,decode_batch_high,true,true,8000,38,8000,32000,0,34,,1,collect higher decode_batch grid points for this phase/category,false,false,false,false,false,true,No-Go
phase437_serving_state_precheck,workpoint_scatter,K2.5-tp4ep8dp2-8k2k,mixed_prefill,other_cuda,decode_batch_above_range,in_scope_grid_gap,decode_batch_high,true,true,8000,39,8000,32000,0,34,,1,collect higher decode_batch grid points for this phase/category,false,false,false,false,false,true,No-Go
phase437_serving_state_precheck,workpoint_scatter,K2.5-tp4ep8dp2-8k2k,mixed_prefill,other_cuda,decode_batch_above_range,in_scope_grid_gap,decode_batch_high,true,true,8000,40,8000,32000,0,34,,1,collect higher decode_batch grid points for this phase/category,false,false,false,false,false,true,No-Go
phase437_serving_state_precheck,workpoint_scatter,K2.5-tp4ep8dp2-8k2k,mixed_prefill,other_cuda,decode_batch_above_range,in_scope_grid_gap,decode_batch_high,true,true,8000,41,8000,32000,0,34,,1,collect higher decode_batch grid points for this phase/category,false,false,false,false,false,true,No-Go
phase437_serving_state_precheck,workpoint_scatter,K2.5-tp4ep8dp2-8k2k,mixed_prefill,other_cuda,decode_batch_above_range,in_scope_grid_gap,decode_batch_high,true,true,8000,42,8000,32000,0,34,,1,collect higher decode_batch grid points for this phase/category,false,false,false,false,false,true,No-Go
phase437_serving_state_precheck,workpoint_scatter,K2.5-tp4ep8dp2-8k2k,mixed_prefill,other_cuda,decode_batch_above_range,in_scope_grid_gap,decode_batch_high,true,true,8000,43,8000,32000,0,34,,1,collect higher decode_batch grid points for this phase/category,false,false,false,false,false,true,No-Go
phase437_serving_state_precheck,workpoint_scatter,K2.5-tp4ep8dp2-8k2k,mixed_prefill,other_cuda,decode_batch_above_range,in_scope_grid_gap,decode_batch_high,true,true,8000,44,8000,32000,0,34,,1,collect higher decode_batch grid points for this phase/category,false,false,false,false,false,true,No-Go
phase437_serving_state_precheck,workpoint_scatter,K2.5-tp4ep8dp2-8k2k,mixed_prefill,other_cuda,decode_batch_above_range,in_scope_grid_gap,decode_batch_high,true,true,8000,45,8000,32000,0,34,,1,collect higher decode_batch grid points for this phase/category,false,false,false,false,false,true,No-Go
phase437_serving_state_precheck,workpoint_scatter,K2.5-tp4ep8dp2-8k2k,mixed_prefill,other_cuda,decode_batch_above_range,in_scope_grid_gap,decode_batch_high,true,true,8000,46,8000,32000,0,34,,1,collect higher decode_batch grid points for this phase/category,false,false,false,false,false,true,No-Go
phase437_serving_state_precheck,workpoint_scatter,K2.5-tp4ep8dp2-8k2k,mixed_prefill,other_cuda,decode_batch_above_range,in_scope_grid_gap,decode_batch_high,true,true,8000,47,8000,32000,0,34,,1,collect higher decode_batch grid points for this phase/category,false,false,false,false,false,true,No-Go
phase437_serving_state_precheck,workpoint_scatter,K2.5-tp4ep8dp2-8k2k,mixed_prefill,other_cuda,decode_batch_above_range,in_scope_grid_gap,decode_batch_high,true,true,8000,48,8000,32000,0,34,,1,collect higher decode_batch grid points for this phase/category,false,false,false,false,false,true,No-Go
phase437_serving_state_precheck,workpoint_scatter,K2.5-tp4ep8dp2-8k2k,mixed_prefill,other_cuda,decode_batch_above_range,in_scope_grid_gap,decode_batch_high,true,true,8000,49,8000,32000,0,34,,1,collect higher decode_batch grid points for this phase/category,false,false,false,false,false,true,No-Go
phase437_serving_state_precheck,workpoint_scatter,K2.5-tp4ep8dp2-8k2k,mixed_prefill,other_cuda,decode_batch_above_range,in_scope_grid_gap,decode_batch_high,true,true,8000,50,8000,32000,0,34,,1,collect higher decode_batch grid points for this phase/category,false,false,false,false,false,true,No-Go
phase437_serving_state_precheck,workpoint_scatter,K2.5-tp4ep8dp2-8k2k,mixed_prefill,other_cuda,decode_batch_above_range,in_scope_grid_gap,decode_batch_high,true,true,8000,51,8000,32000,0,34,,1,collect higher decode_batch grid points for this phase/category,false,false,false,false,false,true,No-Go
phase437_serving_state_precheck,workpoint_scatter,K2.5-tp4ep8dp2-8k2k,mixed_prefill,other_cuda,decode_batch_above_range,in_scope_grid_gap,decode_batch_high,true,true,8000,52,8000,32000,0,34,,1,collect higher decode_batch grid points for this phase/category,false,false,false,false,false,true,No-Go
phase437_serving_state_precheck,workpoint_scatter,K2.5-tp4ep8dp2-8k2k,mixed_prefill,other_cuda,decode_batch_above_range,in_scope_grid_gap,decode_batch_high,true,true,8000,53,8000,32000,0,34,,1,collect higher decode_batch grid points for this phase/category,false,false,false,false,false,true,No-Go
phase437_serving_state_precheck,workpoint_scatter,K2.5-tp4ep8dp2-8k2k,mixed_prefill,other_cuda,decode_batch_above_range,in_scope_grid_gap,decode_batch_high,true,true,8000,54,8000,32000,0,34,,1,collect higher decode_batch grid points for this phase/category,false,false,false,false,false,true,No-Go
phase437_serving_state_precheck,workpoint_scatter,K2.5-tp4ep8dp2-8k2k,mixed_prefill,other_cuda,decode_batch_above_range,in_scope_grid_gap,decode_batch_high,true,true,8000,55,8000,32000,0,34,,1,collect higher decode_batch grid points for this phase/category,false,false,false,false,false,true,No-Go
phase437_serving_state_precheck,workpoint_scatter,K2.5-tp4ep8dp2-8k2k,mixed_prefill,other_cuda,decode_batch_above_range,in_scope_grid_gap,decode_batch_high,true,true,8000,56,8000,32000,0,34,,1,collect higher decode_batch grid points for this phase/category,false,false,false,false,false,true,No-Go
phase437_serving_state_precheck,workpoint_scatter,K2.5-tp4ep8dp2-8k2k,mixed_prefill,other_cuda,decode_batch_above_range,in_scope_grid_gap,decode_batch_high,true,true,8000,57,8000,32000,0,34,,1,collect higher decode_batch grid points for this phase/category,false,false,false,false,false,true,No-Go
phase437_serving_state_precheck,workpoint_scatter,K2.5-tp4ep8dp2-8k2k,mixed_prefill,other_cuda,decode_batch_above_range,in_scope_grid_gap,decode_batch_high,true,true,8000,58,8000,32000,0,34,,1,collect higher decode_batch grid points for this phase/category,false,false,false,false,false,true,No-Go
phase437_serving_state_precheck,workpoint_scatter,K2.5-tp4ep8dp2-8k2k,mixed_prefill,other_cuda,decode_batch_above_range,in_scope_grid_gap,decode_batch_high,true,true,8000,59,8000,32000,0,34,,1,collect higher decode_batch grid points for this phase/category,false,false,false,false,false,true,No-Go
phase437_serving_state_precheck,workpoint_scatter,K2.5-tp4ep8dp2-8k2k,mixed_prefill,other_cuda,decode_batch_above_range,in_scope_grid_gap,decode_batch_high,true,true,8000,60,8000,32000,0,34,,1,collect higher decode_batch grid points for this phase/category,false,false,false,false,false,true,No-Go
phase437_serving_state_precheck,workpoint_scatter,K2.5-tp4ep8dp2-8k2k,mixed_prefill,other_cuda,decode_batch_above_range,in_scope_grid_gap,decode_batch_high,true,true,8000,61,8000,32000,0,34,,1,collect higher decode_batch grid points for this phase/category,false,false,false,false,false,true,No-Go
phase437_serving_state_precheck,workpoint_scatter,K2.5-tp4ep8dp2-8k2k,mixed_prefill,other_cuda,decode_batch_above_range,in_scope_grid_gap,decode_batch_high,true,true,8000,62,8000,32000,0,34,,5,collect higher decode_batch grid points for this phase/category,false,false,false,false,false,true,No-Go
phase437_serving_state_precheck,workpoint_scatter,K2.5-tp4ep8dp2-8k2k,mixed_prefill,other_cuda,decode_batch_above_range,in_scope_grid_gap,decode_batch_high,true,true,8000,63,8000,32000,0,34,,1,collect higher decode_batch grid points for this phase/category,false,false,false,false,false,true,No-Go
phase437_serving_state_precheck,workpoint_scatter,K2.5-tp4ep8dp2-8k2k,mixed_prefill,other_cuda,hit,covered,none,false,true,8000,1,8000,32000,0,34,,2,serving-state query already hits the measured grid,false,false,false,false,false,true,No-Go
phase437_serving_state_precheck,workpoint_scatter,K2.5-tp4ep8dp2-8k2k,mixed_prefill,other_cuda,hit,covered,none,false,true,8000,2,8000,32000,0,34,,1,serving-state query already hits the measured grid,false,false,false,false,false,true,No-Go
phase437_serving_state_precheck,workpoint_scatter,K2.5-tp4ep8dp2-8k2k,mixed_prefill,other_cuda,hit,covered,none,false,true,8000,3,8000,32000,0,34,,1,serving-state query already hits the measured grid,false,false,false,false,false,true,No-Go
phase437_serving_state_precheck,workpoint_scatter,K2.5-tp4ep8dp2-8k2k,mixed_prefill,other_cuda,hit,covered,none,false,true,8000,4,8000,32000,0,34,,1,serving-state query already hits the measured grid,false,false,false,false,false,true,No-Go
phase437_serving_state_precheck,workpoint_scatter,K2.5-tp4ep8dp2-8k2k,mixed_prefill,other_cuda,hit,covered,none,false,true,8000,5,8000,32000,0,34,,1,serving-state query already hits the measured grid,false,false,false,false,false,true,No-Go
phase437_serving_state_precheck,workpoint_scatter,K2.5-tp4ep8dp2-8k2k,mixed_prefill,other_cuda,hit,covered,none,false,true,8000,6,8000,32000,0,34,,1,serving-state query already hits the measured grid,false,false,false,false,false,true,No-Go
phase437_serving_state_precheck,workpoint_scatter,K2.5-tp4ep8dp2-8k2k,mixed_prefill,other_cuda,hit,covered,none,false,true,8000,7,8000,32000,0,34,,1,serving-state query already hits the measured grid,false,false,false,false,false,true,No-Go
phase437_serving_state_precheck,workpoint_scatter,K2.5-tp4ep8dp2-8k2k,mixed_prefill,other_cuda,hit,covered,none,false,true,8000,8,8000,32000,0,34,,1,serving-state query already hits the measured grid,false,false,false,false,false,true,No-Go
phase437_serving_state_precheck,workpoint_scatter,K2.5-tp4ep8dp2-8k2k,mixed_prefill,other_cuda,hit,covered,none,false,true,8000,9,8000,32000,0,34,,1,serving-state query already hits the measured grid,false,false,false,false,false,true,No-Go
phase437_serving_state_precheck,workpoint_scatter,K2.5-tp4ep8dp2-8k2k,mixed_prefill,other_cuda,hit,covered,none,false,true,8000,10,8000,32000,0,34,,1,serving-state query already hits the measured grid,false,false,false,false,false,true,No-Go
phase437_serving_state_precheck,workpoint_scatter,K2.5-tp4ep8dp2-8k2k,mixed_prefill,other_cuda,hit,covered,none,false,true,8000,11,8000,32000,0,34,,1,serving-state query already hits the measured grid,false,false,false,false,false,true,No-Go
phase437_serving_state_precheck,workpoint_scatter,K2.5-tp4ep8dp2-8k2k,mixed_prefill,other_cuda,hit,covered,none,false,true,8000,12,8000,32000,0,34,,1,serving-state query already hits the measured grid,false,false,false,false,false,true,No-Go
phase437_serving_state_precheck,workpoint_scatter,K2.5-tp4ep8dp2-8k2k,mixed_prefill,other_cuda,hit,covered,none,false,true,8000,13,8000,32000,0,34,,1,serving-state query already hits the measured grid,false,false,false,false,false,true,No-Go
phase437_serving_state_precheck,workpoint_scatter,K2.5-tp4ep8dp2-8k2k,mixed_prefill,other_cuda,hit,covered,none,false,true,8000,14,8000,32000,0,34,,1,serving-state query already hits the measured grid,false,false,false,false,false,true,No-Go
phase437_serving_state_precheck,workpoint_scatter,K2.5-tp4ep8dp2-8k2k,mixed_prefill,other_cuda,hit,covered,none,false,true,8000,15,8000,32000,0,34,,1,serving-state query already hits the measured grid,false,false,false,false,false,true,No-Go
phase437_serving_state_precheck,workpoint_scatter,K2.5-tp4ep8dp2-8k2k,mixed_prefill,other_cuda,hit,covered,none,false,true,8000,16,8000,32000,0,34,,1,serving-state query already hits the measured grid,false,false,false,false,false,true,No-Go
phase437_serving_state_precheck,workpoint_scatter,K2.5-tp4ep8dp2-8k2k,mixed_prefill,other_cuda,hit,covered,none,false,true,8000,17,8000,32000,0,34,,1,serving-state query already hits the measured grid,false,false,false,false,false,true,No-Go
phase437_serving_state_precheck,workpoint_scatter,K2.5-tp4ep8dp2-8k2k,mixed_prefill,other_cuda,hit,covered,none,false,true,8000,18,8000,32000,0,34,,1,serving-state query already hits the measured grid,false,false,false,false,false,true,No-Go
phase437_serving_state_precheck,workpoint_scatter,K2.5-tp4ep8dp2-8k2k,mixed_prefill,other_cuda,hit,covered,none,false,true,8000,19,8000,32000,0,34,,1,serving-state query already hits the measured grid,false,false,false,false,false,true,No-Go
phase437_serving_state_precheck,workpoint_scatter,K2.5-tp4ep8dp2-8k2k,mixed_prefill,other_cuda,hit,covered,none,false,true,8000,20,8000,32000,0,34,,1,serving-state query already hits the measured grid,false,false,false,false,false,true,No-Go
phase437_serving_state_precheck,workpoint_scatter,K2.5-tp4ep8dp2-8k2k,mixed_prefill,other_cuda,hit,covered,none,false,true,8000,21,8000,32000,0,34,,1,serving-state query already hits the measured grid,false,false,false,false,false,true,No-Go
phase437_serving_state_precheck,workpoint_scatter,K2.5-tp4ep8dp2-8k2k,mixed_prefill,other_cuda,hit,covered,none,false,true,8000,22,8000,32000,0,34,,1,serving-state query already hits the measured grid,false,false,false,false,false,true,No-Go
phase437_serving_state_precheck,workpoint_scatter,K2.5-tp4ep8dp2-8k2k,mixed_prefill,other_cuda,hit,covered,none,false,true,8000,23,8000,32000,0,34,,1,serving-state query already hits the measured grid,false,false,false,false,false,true,No-Go
phase437_serving_state_precheck,workpoint_scatter,K2.5-tp4ep8dp2-8k2k,mixed_prefill,other_cuda,hit,covered,none,false,true,8000,24,8000,32000,0,34,,1,serving-state query already hits the measured grid,false,false,false,false,false,true,No-Go
phase437_serving_state_precheck,workpoint_scatter,K2.5-tp4ep8dp2-8k2k,mixed_prefill,other_cuda,hit,covered,none,false,true,8000,25,8000,32000,0,34,,1,serving-state query already hits the measured grid,false,false,false,false,false,true,No-Go
phase437_serving_state_precheck,workpoint_scatter,K2.5-tp4ep8dp2-8k2k,mixed_prefill,other_cuda,hit,covered,none,false,true,8000,26,8000,32000,0,34,,1,serving-state query already hits the measured grid,false,false,false,false,false,true,No-Go
phase437_serving_state_precheck,workpoint_scatter,K2.5-tp4ep8dp2-8k2k,mixed_prefill,other_cuda,hit,covered,none,false,true,8000,27,8000,32000,0,34,,1,serving-state query already hits the measured grid,false,false,false,false,false,true,No-Go
phase437_serving_state_precheck,workpoint_scatter,K2.5-tp4ep8dp2-8k2k,mixed_prefill,other_cuda,hit,covered,none,false,true,8000,28,8000,32000,0,34,,1,serving-state query already hits the measured grid,false,false,false,false,false,true,No-Go
phase437_serving_state_precheck,workpoint_scatter,K2.5-tp4ep8dp2-8k2k,mixed_prefill,other_cuda,hit,covered,none,false,true,8000,29,8000,32000,0,34,,1,serving-state query already hits the measured grid,false,false,false,false,false,true,No-Go
phase437_serving_state_precheck,workpoint_scatter,K2.5-tp4ep8dp2-8k2k,mixed_prefill,other_cuda,hit,covered,none,false,true,8000,30,8000,32000,0,34,,1,serving-state query already hits the measured grid,false,false,false,false,false,true,No-Go
phase437_serving_state_precheck,workpoint_scatter,K2.5-tp4ep8dp2-8k2k,mixed_prefill,other_cuda,hit,covered,none,false,true,8000,31,8000,32000,0,34,,1,serving-state query already hits the measured grid,false,false,false,false,false,true,No-Go
phase437_serving_state_precheck,workpoint_scatter,K2.5-tp4ep8dp2-8k2k,mixed_prefill,other_cuda,hit,covered,none,false,true,8000,32,8000,32000,0,34,,1,serving-state query already hits the measured grid,false,false,false,false,false,true,No-Go
phase437_serving_state_precheck,workpoint_scatter,K2.5-tp4ep8dp2-8k2k,mixed_prefill,other_cuda,hit,covered,none,false,true,8000,33,8000,32000,0,34,,1,serving-state query already hits the measured grid,false,false,false,false,false,true,No-Go
phase437_serving_state_precheck,workpoint_scatter,K2.5-tp4ep8dp2-8k2k,mixed_prefill,other_cuda,hit,covered,none,false,true,8000,34,8000,32000,0,34,,1,serving-state query already hits the measured grid,false,false,false,false,false,true,No-Go
phase437_serving_state_precheck,workpoint_scatter,K2.5-tp4ep8dp2-8k2k,prefill,collective_other,table_missing,expected_pure_prefill_fallback,pure_prefill_not_in_serving_state_table,false,true,8000,0,,,,,,1,pure prefill remains on the baseline model; Phase437 targets mixed_prefill and decode,false,false,false,false,false,true,No-Go
phase437_serving_state_precheck,workpoint_scatter,K2.5-tp4ep8dp2-8k2k,prefill,ep_a2a,table_missing,expected_pure_prefill_fallback,pure_prefill_not_in_serving_state_table,false,true,8000,0,,,,,,1,pure prefill remains on the baseline model; Phase437 targets mixed_prefill and decode,false,false,false,false,false,true,No-Go
phase437_serving_state_precheck,workpoint_scatter,K2.5-tp4ep8dp2-8k2k,prefill,moe_gemm_or_aux,table_missing,expected_pure_prefill_fallback,pure_prefill_not_in_serving_state_table,false,true,8000,0,,,,,,1,pure prefill remains on the baseline model; Phase437 targets mixed_prefill and decode,false,false,false,false,false,true,No-Go
phase437_serving_state_precheck,workpoint_scatter,K2.5-tp4ep8dp2-8k2k,prefill,other_cuda,table_missing,expected_pure_prefill_fallback,pure_prefill_not_in_serving_state_table,false,true,8000,0,,,,,,1,pure prefill remains on the baseline model; Phase437 targets mixed_prefill and decode,false,false,false,false,false,true,No-Go
