source,row_type,scenario,artifact_dir,window,trace_file,step_index,step_type,decode_batch,window_target_concurrency,window_hit_gate,retry_count,category,real_wall_ms_per_rank,real_cuda_ms_per_rank,bubble_ms_per_rank,bubble_share,real_slope_ms_per_request,phase426_steady_metric_penalty,phase426_prefill_share,phase426_decode_gap_share,phase426_peer_stall_share,phase429_reconstruction_error_pct,phase429_reconstruction_gate,prefill_step_count,decode_step_count,decode_batch_min,decode_batch_max,decode_batch_span,prefill_hit_gate,decode_batch_span_gate,prefill_verdict,decode_verdict,mechanism_verdict,phase430_runtime_target,phase430_perfdb_target,phase405_penalty_read,gpu_allowed,ssh_allowed,runtime_modified,perf_database,valid_for_default,diagnostic_only,default_readiness
phase429_reprofile,summary,K2.5-tp4ep8dp2-8k2k,docs/iter_gap_investigation/phase429_reprofile/K2.5-tp4ep8dp2-8k2k,,,,,,,,,,,,,,,1.516977,0.595460,0.357492,0.047048,0.000000,passed,37,103,8,52,44,passed,passed,prefill_serialization_bubble_unmodeled,decode_mla_attention_slope_dominates,phase429_reprofile_window_hits_attributed,apply_named_undercharge_or_bubble_fix,patch_or_recollect_named_perfdb_component,false,true,true,false,false,false,true,No-Go
phase429_reprofile,window_check,K2.5-tp4ep8dp2-8k2k,docs/iter_gap_investigation/phase429_reprofile/K2.5-tp4ep8dp2-8k2k,w0_prefill,,,,,,passed,1,,,,,,,1.516977,0.595460,0.357492,0.047048,0.000000,passed,37,103,8,52,44,passed,passed,prefill_serialization_bubble_unmodeled,decode_mla_attention_slope_dominates,phase429_reprofile_window_hits_attributed,apply_named_undercharge_or_bubble_fix,patch_or_recollect_named_perfdb_component,false,true,true,false,false,false,true,No-Go
phase429_reprofile,window_check,K2.5-tp4ep8dp2-8k2k,docs/iter_gap_investigation/phase429_reprofile/K2.5-tp4ep8dp2-8k2k,w1_decode_c16,,,,8.000000,16,passed,0,,,,,,,1.516977,0.595460,0.357492,0.047048,0.000000,passed,37,103,8,52,44,passed,passed,prefill_serialization_bubble_unmodeled,decode_mla_attention_slope_dominates,phase429_reprofile_window_hits_attributed,apply_named_undercharge_or_bubble_fix,patch_or_recollect_named_perfdb_component,false,true,true,false,false,false,true,No-Go
phase429_reprofile,window_check,K2.5-tp4ep8dp2-8k2k,docs/iter_gap_investigation/phase429_reprofile/K2.5-tp4ep8dp2-8k2k,w2_decode_c64,,,,36.000000,64,passed,0,,,,,,,1.516977,0.595460,0.357492,0.047048,0.000000,passed,37,103,8,52,44,passed,passed,prefill_serialization_bubble_unmodeled,decode_mla_attention_slope_dominates,phase429_reprofile_window_hits_attributed,apply_named_undercharge_or_bubble_fix,patch_or_recollect_named_perfdb_component,false,true,true,false,false,false,true,No-Go
phase429_reprofile,window_check,K2.5-tp4ep8dp2-8k2k,docs/iter_gap_investigation/phase429_reprofile/K2.5-tp4ep8dp2-8k2k,w3_decode_c128,,,,52.000000,128,passed,0,,,,,,,1.516977,0.595460,0.357492,0.047048,0.000000,passed,37,103,8,52,44,passed,passed,prefill_serialization_bubble_unmodeled,decode_mla_attention_slope_dominates,phase429_reprofile_window_hits_attributed,apply_named_undercharge_or_bubble_fix,patch_or_recollect_named_perfdb_component,false,true,true,false,false,false,true,No-Go
phase429_reprofile,step,K2.5-tp4ep8dp2-8k2k,docs/iter_gap_investigation/phase429_reprofile/K2.5-tp4ep8dp2-8k2k,w0_prefill,,0,prefill_or_mixed,1,,passed,1,,509.146503,,38.885432,0.076374,,1.516977,0.595460,0.357492,0.047048,0.000000,passed,37,103,8,52,44,passed,passed,prefill_serialization_bubble_unmodeled,decode_mla_attention_slope_dominates,phase429_reprofile_window_hits_attributed,apply_named_undercharge_or_bubble_fix,patch_or_recollect_named_perfdb_component,false,true,true,false,false,false,true,No-Go
phase429_reprofile,step_category,K2.5-tp4ep8dp2-8k2k,docs/iter_gap_investigation/phase429_reprofile/K2.5-tp4ep8dp2-8k2k,w0_prefill,,0,prefill_or_mixed,1,,passed,1,dense_gemm,509.146503,20.203925,38.885432,0.076374,,1.516977,0.595460,0.357492,0.047048,0.000000,passed,37,103,8,52,44,passed,passed,prefill_serialization_bubble_unmodeled,decode_mla_attention_slope_dominates,phase429_reprofile_window_hits_attributed,apply_named_undercharge_or_bubble_fix,patch_or_recollect_named_perfdb_component,false,true,true,false,false,false,true,No-Go
phase429_reprofile,step_category,K2.5-tp4ep8dp2-8k2k,docs/iter_gap_investigation/phase429_reprofile/K2.5-tp4ep8dp2-8k2k,w0_prefill,,0,prefill_or_mixed,1,,passed,1,ep_a2a,509.146503,154.074869,38.885432,0.076374,,1.516977,0.595460,0.357492,0.047048,0.000000,passed,37,103,8,52,44,passed,passed,prefill_serialization_bubble_unmodeled,decode_mla_attention_slope_dominates,phase429_reprofile_window_hits_attributed,apply_named_undercharge_or_bubble_fix,patch_or_recollect_named_perfdb_component,false,true,true,false,false,false,true,No-Go
phase429_reprofile,step_category,K2.5-tp4ep8dp2-8k2k,docs/iter_gap_investigation/phase429_reprofile/K2.5-tp4ep8dp2-8k2k,w0_prefill,,0,prefill_or_mixed,1,,passed,1,memcpy_memset,509.146503,0.475088,38.885432,0.076374,,1.516977,0.595460,0.357492,0.047048,0.000000,passed,37,103,8,52,44,passed,passed,prefill_serialization_bubble_unmodeled,decode_mla_attention_slope_dominates,phase429_reprofile_window_hits_attributed,apply_named_undercharge_or_bubble_fix,patch_or_recollect_named_perfdb_component,false,true,true,false,false,false,true,No-Go
phase429_reprofile,step_category,K2.5-tp4ep8dp2-8k2k,docs/iter_gap_investigation/phase429_reprofile/K2.5-tp4ep8dp2-8k2k,w0_prefill,,0,prefill_or_mixed,1,,passed,1,mla_attention,509.146503,9.208350,38.885432,0.076374,,1.516977,0.595460,0.357492,0.047048,0.000000,passed,37,103,8,52,44,passed,passed,prefill_serialization_bubble_unmodeled,decode_mla_attention_slope_dominates,phase429_reprofile_window_hits_attributed,apply_named_undercharge_or_bubble_fix,patch_or_recollect_named_perfdb_component,false,true,true,false,false,false,true,No-Go
phase429_reprofile,step_category,K2.5-tp4ep8dp2-8k2k,docs/iter_gap_investigation/phase429_reprofile/K2.5-tp4ep8dp2-8k2k,w0_prefill,,0,prefill_or_mixed,1,,passed,1,moe_gemm_or_aux,509.146503,121.277893,38.885432,0.076374,,1.516977,0.595460,0.357492,0.047048,0.000000,passed,37,103,8,52,44,passed,passed,prefill_serialization_bubble_unmodeled,decode_mla_attention_slope_dominates,phase429_reprofile_window_hits_attributed,apply_named_undercharge_or_bubble_fix,patch_or_recollect_named_perfdb_component,false,true,true,false,false,false,true,No-Go
phase429_reprofile,step_category,K2.5-tp4ep8dp2-8k2k,docs/iter_gap_investigation/phase429_reprofile/K2.5-tp4ep8dp2-8k2k,w0_prefill,,0,prefill_or_mixed,1,,passed,1,other_cuda,509.146503,162.813741,38.885432,0.076374,,1.516977,0.595460,0.357492,0.047048,0.000000,passed,37,103,8,52,44,passed,passed,prefill_serialization_bubble_unmodeled,decode_mla_attention_slope_dominates,phase429_reprofile_window_hits_attributed,apply_named_undercharge_or_bubble_fix,patch_or_recollect_named_perfdb_component,false,true,true,false,false,false,true,No-Go
phase429_reprofile,step_category,K2.5-tp4ep8dp2-8k2k,docs/iter_gap_investigation/phase429_reprofile/K2.5-tp4ep8dp2-8k2k,w0_prefill,,0,prefill_or_mixed,1,,passed,1,tp_or_dp_allreduce,509.146503,2.207204,38.885432,0.076374,,1.516977,0.595460,0.357492,0.047048,0.000000,passed,37,103,8,52,44,passed,passed,prefill_serialization_bubble_unmodeled,decode_mla_attention_slope_dominates,phase429_reprofile_window_hits_attributed,apply_named_undercharge_or_bubble_fix,patch_or_recollect_named_perfdb_component,false,true,true,false,false,false,true,No-Go
phase429_reprofile,step,K2.5-tp4ep8dp2-8k2k,docs/iter_gap_investigation/phase429_reprofile/K2.5-tp4ep8dp2-8k2k,w0_prefill,,1,prefill_or_mixed,1,,passed,1,,1063.049400,,7.827074,0.007363,,1.516977,0.595460,0.357492,0.047048,0.000000,passed,37,103,8,52,44,passed,passed,prefill_serialization_bubble_unmodeled,decode_mla_attention_slope_dominates,phase429_reprofile_window_hits_attributed,apply_named_undercharge_or_bubble_fix,patch_or_recollect_named_perfdb_component,false,true,true,false,false,false,true,No-Go
phase429_reprofile,step_category,K2.5-tp4ep8dp2-8k2k,docs/iter_gap_investigation/phase429_reprofile/K2.5-tp4ep8dp2-8k2k,w0_prefill,,1,prefill_or_mixed,1,,passed,1,dense_gemm,1063.049400,51.489892,7.827074,0.007363,,1.516977,0.595460,0.357492,0.047048,0.000000,passed,37,103,8,52,44,passed,passed,prefill_serialization_bubble_unmodeled,decode_mla_attention_slope_dominates,phase429_reprofile_window_hits_attributed,apply_named_undercharge_or_bubble_fix,patch_or_recollect_named_perfdb_component,false,true,true,false,false,false,true,No-Go
phase429_reprofile,step_category,K2.5-tp4ep8dp2-8k2k,docs/iter_gap_investigation/phase429_reprofile/K2.5-tp4ep8dp2-8k2k,w0_prefill,,1,prefill_or_mixed,1,,passed,1,ep_a2a,1063.049400,425.252202,7.827074,0.007363,,1.516977,0.595460,0.357492,0.047048,0.000000,passed,37,103,8,52,44,passed,passed,prefill_serialization_bubble_unmodeled,decode_mla_attention_slope_dominates,phase429_reprofile_window_hits_attributed,apply_named_undercharge_or_bubble_fix,patch_or_recollect_named_perfdb_component,false,true,true,false,false,false,true,No-Go
phase429_reprofile,step_category,K2.5-tp4ep8dp2-8k2k,docs/iter_gap_investigation/phase429_reprofile/K2.5-tp4ep8dp2-8k2k,w0_prefill,,1,prefill_or_mixed,1,,passed,1,memcpy_memset,1063.049400,1.155362,7.827074,0.007363,,1.516977,0.595460,0.357492,0.047048,0.000000,passed,37,103,8,52,44,passed,passed,prefill_serialization_bubble_unmodeled,decode_mla_attention_slope_dominates,phase429_reprofile_window_hits_attributed,apply_named_undercharge_or_bubble_fix,patch_or_recollect_named_perfdb_component,false,true,true,false,false,false,true,No-Go
phase429_reprofile,step_category,K2.5-tp4ep8dp2-8k2k,docs/iter_gap_investigation/phase429_reprofile/K2.5-tp4ep8dp2-8k2k,w0_prefill,,1,prefill_or_mixed,1,,passed,1,mla_attention,1063.049400,23.840931,7.827074,0.007363,,1.516977,0.595460,0.357492,0.047048,0.000000,passed,37,103,8,52,44,passed,passed,prefill_serialization_bubble_unmodeled,decode_mla_attention_slope_dominates,phase429_reprofile_window_hits_attributed,apply_named_undercharge_or_bubble_fix,patch_or_recollect_named_perfdb_component,false,true,true,false,false,false,true,No-Go
phase429_reprofile,step_category,K2.5-tp4ep8dp2-8k2k,docs/iter_gap_investigation/phase429_reprofile/K2.5-tp4ep8dp2-8k2k,w0_prefill,,1,prefill_or_mixed,1,,passed,1,moe_gemm_or_aux,1063.049400,283.225284,7.827074,0.007363,,1.516977,0.595460,0.357492,0.047048,0.000000,passed,37,103,8,52,44,passed,passed,prefill_serialization_bubble_unmodeled,decode_mla_attention_slope_dominates,phase429_reprofile_window_hits_attributed,apply_named_undercharge_or_bubble_fix,patch_or_recollect_named_perfdb_component,false,true,true,false,false,false,true,No-Go
phase429_reprofile,step_category,K2.5-tp4ep8dp2-8k2k,docs/iter_gap_investigation/phase429_reprofile/K2.5-tp4ep8dp2-8k2k,w0_prefill,,1,prefill_or_mixed,1,,passed,1,other_cuda,1063.049400,270.148051,7.827074,0.007363,,1.516977,0.595460,0.357492,0.047048,0.000000,passed,37,103,8,52,44,passed,passed,prefill_serialization_bubble_unmodeled,decode_mla_attention_slope_dominates,phase429_reprofile_window_hits_attributed,apply_named_undercharge_or_bubble_fix,patch_or_recollect_named_perfdb_component,false,true,true,false,false,false,true,No-Go
phase429_reprofile,step_category,K2.5-tp4ep8dp2-8k2k,docs/iter_gap_investigation/phase429_reprofile/K2.5-tp4ep8dp2-8k2k,w0_prefill,,1,prefill_or_mixed,1,,passed,1,tp_or_dp_allreduce,1063.049400,0.110604,7.827074,0.007363,,1.516977,0.595460,0.357492,0.047048,0.000000,passed,37,103,8,52,44,passed,passed,prefill_serialization_bubble_unmodeled,decode_mla_attention_slope_dominates,phase429_reprofile_window_hits_attributed,apply_named_undercharge_or_bubble_fix,patch_or_recollect_named_perfdb_component,false,true,true,false,false,false,true,No-Go
phase429_reprofile,step,K2.5-tp4ep8dp2-8k2k,docs/iter_gap_investigation/phase429_reprofile/K2.5-tp4ep8dp2-8k2k,w0_prefill,,2,prefill_or_mixed,2,,passed,1,,1108.991461,,4.706177,0.004244,,1.516977,0.595460,0.357492,0.047048,0.000000,passed,37,103,8,52,44,passed,passed,prefill_serialization_bubble_unmodeled,decode_mla_attention_slope_dominates,phase429_reprofile_window_hits_attributed,apply_named_undercharge_or_bubble_fix,patch_or_recollect_named_perfdb_component,false,true,true,false,false,false,true,No-Go
phase429_reprofile,step_category,K2.5-tp4ep8dp2-8k2k,docs/iter_gap_investigation/phase429_reprofile/K2.5-tp4ep8dp2-8k2k,w0_prefill,,2,prefill_or_mixed,2,,passed,1,dense_gemm,1108.991461,62.046888,4.706177,0.004244,,1.516977,0.595460,0.357492,0.047048,0.000000,passed,37,103,8,52,44,passed,passed,prefill_serialization_bubble_unmodeled,decode_mla_attention_slope_dominates,phase429_reprofile_window_hits_attributed,apply_named_undercharge_or_bubble_fix,patch_or_recollect_named_perfdb_component,false,true,true,false,false,false,true,No-Go
phase429_reprofile,step_category,K2.5-tp4ep8dp2-8k2k,docs/iter_gap_investigation/phase429_reprofile/K2.5-tp4ep8dp2-8k2k,w0_prefill,,2,prefill_or_mixed,2,,passed,1,ep_a2a,1108.991461,549.247992,4.706177,0.004244,,1.516977,0.595460,0.357492,0.047048,0.000000,passed,37,103,8,52,44,passed,passed,prefill_serialization_bubble_unmodeled,decode_mla_attention_slope_dominates,phase429_reprofile_window_hits_attributed,apply_named_undercharge_or_bubble_fix,patch_or_recollect_named_perfdb_component,false,true,true,false,false,false,true,No-Go
phase429_reprofile,step_category,K2.5-tp4ep8dp2-8k2k,docs/iter_gap_investigation/phase429_reprofile/K2.5-tp4ep8dp2-8k2k,w0_prefill,,2,prefill_or_mixed,2,,passed,1,memcpy_memset,1108.991461,1.376843,4.706177,0.004244,,1.516977,0.595460,0.357492,0.047048,0.000000,passed,37,103,8,52,44,passed,passed,prefill_serialization_bubble_unmodeled,decode_mla_attention_slope_dominates,phase429_reprofile_window_hits_attributed,apply_named_undercharge_or_bubble_fix,patch_or_recollect_named_perfdb_component,false,true,true,false,false,false,true,No-Go
phase429_reprofile,step_category,K2.5-tp4ep8dp2-8k2k,docs/iter_gap_investigation/phase429_reprofile/K2.5-tp4ep8dp2-8k2k,w0_prefill,,2,prefill_or_mixed,2,,passed,1,mla_attention,1108.991461,29.233031,4.706177,0.004244,,1.516977,0.595460,0.357492,0.047048,0.000000,passed,37,103,8,52,44,passed,passed,prefill_serialization_bubble_unmodeled,decode_mla_attention_slope_dominates,phase429_reprofile_window_hits_attributed,apply_named_undercharge_or_bubble_fix,patch_or_recollect_named_perfdb_component,false,true,true,false,false,false,true,No-Go
phase429_reprofile,step_category,K2.5-tp4ep8dp2-8k2k,docs/iter_gap_investigation/phase429_reprofile/K2.5-tp4ep8dp2-8k2k,w0_prefill,,2,prefill_or_mixed,2,,passed,1,moe_gemm_or_aux,1108.991461,302.547440,4.706177,0.004244,,1.516977,0.595460,0.357492,0.047048,0.000000,passed,37,103,8,52,44,passed,passed,prefill_serialization_bubble_unmodeled,decode_mla_attention_slope_dominates,phase429_reprofile_window_hits_attributed,apply_named_undercharge_or_bubble_fix,patch_or_recollect_named_perfdb_component,false,true,true,false,false,false,true,No-Go
phase429_reprofile,step_category,K2.5-tp4ep8dp2-8k2k,docs/iter_gap_investigation/phase429_reprofile/K2.5-tp4ep8dp2-8k2k,w0_prefill,,2,prefill_or_mixed,2,,passed,1,other_cuda,1108.991461,159.833090,4.706177,0.004244,,1.516977,0.595460,0.357492,0.047048,0.000000,passed,37,103,8,52,44,passed,passed,prefill_serialization_bubble_unmodeled,decode_mla_attention_slope_dominates,phase429_reprofile_window_hits_attributed,apply_named_undercharge_or_bubble_fix,patch_or_recollect_named_perfdb_component,false,true,true,false,false,false,true,No-Go
phase429_reprofile,step,K2.5-tp4ep8dp2-8k2k,docs/iter_gap_investigation/phase429_reprofile/K2.5-tp4ep8dp2-8k2k,w0_prefill,,3,prefill_or_mixed,3,,passed,1,,1109.571588,,4.935936,0.004449,,1.516977,0.595460,0.357492,0.047048,0.000000,passed,37,103,8,52,44,passed,passed,prefill_serialization_bubble_unmodeled,decode_mla_attention_slope_dominates,phase429_reprofile_window_hits_attributed,apply_named_undercharge_or_bubble_fix,patch_or_recollect_named_perfdb_component,false,true,true,false,false,false,true,No-Go
phase429_reprofile,step_category,K2.5-tp4ep8dp2-8k2k,docs/iter_gap_investigation/phase429_reprofile/K2.5-tp4ep8dp2-8k2k,w0_prefill,,3,prefill_or_mixed,3,,passed,1,dense_gemm,1109.571588,61.943125,4.935936,0.004449,,1.516977,0.595460,0.357492,0.047048,0.000000,passed,37,103,8,52,44,passed,passed,prefill_serialization_bubble_unmodeled,decode_mla_attention_slope_dominates,phase429_reprofile_window_hits_attributed,apply_named_undercharge_or_bubble_fix,patch_or_recollect_named_perfdb_component,false,true,true,false,false,false,true,No-Go
phase429_reprofile,step_category,K2.5-tp4ep8dp2-8k2k,docs/iter_gap_investigation/phase429_reprofile/K2.5-tp4ep8dp2-8k2k,w0_prefill,,3,prefill_or_mixed,3,,passed,1,ep_a2a,1109.571588,549.106017,4.935936,0.004449,,1.516977,0.595460,0.357492,0.047048,0.000000,passed,37,103,8,52,44,passed,passed,prefill_serialization_bubble_unmodeled,decode_mla_attention_slope_dominates,phase429_reprofile_window_hits_attributed,apply_named_undercharge_or_bubble_fix,patch_or_recollect_named_perfdb_component,false,true,true,false,false,false,true,No-Go
phase429_reprofile,step_category,K2.5-tp4ep8dp2-8k2k,docs/iter_gap_investigation/phase429_reprofile/K2.5-tp4ep8dp2-8k2k,w0_prefill,,3,prefill_or_mixed,3,,passed,1,memcpy_memset,1109.571588,1.366583,4.935936,0.004449,,1.516977,0.595460,0.357492,0.047048,0.000000,passed,37,103,8,52,44,passed,passed,prefill_serialization_bubble_unmodeled,decode_mla_attention_slope_dominates,phase429_reprofile_window_hits_attributed,apply_named_undercharge_or_bubble_fix,patch_or_recollect_named_perfdb_component,false,true,true,false,false,false,true,No-Go
phase429_reprofile,step_category,K2.5-tp4ep8dp2-8k2k,docs/iter_gap_investigation/phase429_reprofile/K2.5-tp4ep8dp2-8k2k,w0_prefill,,3,prefill_or_mixed,3,,passed,1,mla_attention,1109.571588,29.530543,4.935936,0.004449,,1.516977,0.595460,0.357492,0.047048,0.000000,passed,37,103,8,52,44,passed,passed,prefill_serialization_bubble_unmodeled,decode_mla_attention_slope_dominates,phase429_reprofile_window_hits_attributed,apply_named_undercharge_or_bubble_fix,patch_or_recollect_named_perfdb_component,false,true,true,false,false,false,true,No-Go
phase429_reprofile,step_category,K2.5-tp4ep8dp2-8k2k,docs/iter_gap_investigation/phase429_reprofile/K2.5-tp4ep8dp2-8k2k,w0_prefill,,3,prefill_or_mixed,3,,passed,1,moe_gemm_or_aux,1109.571588,302.817556,4.935936,0.004449,,1.516977,0.595460,0.357492,0.047048,0.000000,passed,37,103,8,52,44,passed,passed,prefill_serialization_bubble_unmodeled,decode_mla_attention_slope_dominates,phase429_reprofile_window_hits_attributed,apply_named_undercharge_or_bubble_fix,patch_or_recollect_named_perfdb_component,false,true,true,false,false,false,true,No-Go
phase429_reprofile,step_category,K2.5-tp4ep8dp2-8k2k,docs/iter_gap_investigation/phase429_reprofile/K2.5-tp4ep8dp2-8k2k,w0_prefill,,3,prefill_or_mixed,3,,passed,1,other_cuda,1109.571588,159.871829,4.935936,0.004449,,1.516977,0.595460,0.357492,0.047048,0.000000,passed,37,103,8,52,44,passed,passed,prefill_serialization_bubble_unmodeled,decode_mla_attention_slope_dominates,phase429_reprofile_window_hits_attributed,apply_named_undercharge_or_bubble_fix,patch_or_recollect_named_perfdb_component,false,true,true,false,false,false,true,No-Go
phase429_reprofile,step,K2.5-tp4ep8dp2-8k2k,docs/iter_gap_investigation/phase429_reprofile/K2.5-tp4ep8dp2-8k2k,w0_prefill,,4,prefill_or_mixed,4,,passed,1,,1110.422221,,4.790258,0.004314,,1.516977,0.595460,0.357492,0.047048,0.000000,passed,37,103,8,52,44,passed,passed,prefill_serialization_bubble_unmodeled,decode_mla_attention_slope_dominates,phase429_reprofile_window_hits_attributed,apply_named_undercharge_or_bubble_fix,patch_or_recollect_named_perfdb_component,false,true,true,false,false,false,true,No-Go
phase429_reprofile,step_category,K2.5-tp4ep8dp2-8k2k,docs/iter_gap_investigation/phase429_reprofile/K2.5-tp4ep8dp2-8k2k,w0_prefill,,4,prefill_or_mixed,4,,passed,1,dense_gemm,1110.422221,61.898117,4.790258,0.004314,,1.516977,0.595460,0.357492,0.047048,0.000000,passed,37,103,8,52,44,passed,passed,prefill_serialization_bubble_unmodeled,decode_mla_attention_slope_dominates,phase429_reprofile_window_hits_attributed,apply_named_undercharge_or_bubble_fix,patch_or_recollect_named_perfdb_component,false,true,true,false,false,false,true,No-Go
phase429_reprofile,step_category,K2.5-tp4ep8dp2-8k2k,docs/iter_gap_investigation/phase429_reprofile/K2.5-tp4ep8dp2-8k2k,w0_prefill,,4,prefill_or_mixed,4,,passed,1,ep_a2a,1110.422221,549.089798,4.790258,0.004314,,1.516977,0.595460,0.357492,0.047048,0.000000,passed,37,103,8,52,44,passed,passed,prefill_serialization_bubble_unmodeled,decode_mla_attention_slope_dominates,phase429_reprofile_window_hits_attributed,apply_named_undercharge_or_bubble_fix,patch_or_recollect_named_perfdb_component,false,true,true,false,false,false,true,No-Go
phase429_reprofile,step_category,K2.5-tp4ep8dp2-8k2k,docs/iter_gap_investigation/phase429_reprofile/K2.5-tp4ep8dp2-8k2k,w0_prefill,,4,prefill_or_mixed,4,,passed,1,memcpy_memset,1110.422221,1.377827,4.790258,0.004314,,1.516977,0.595460,0.357492,0.047048,0.000000,passed,37,103,8,52,44,passed,passed,prefill_serialization_bubble_unmodeled,decode_mla_attention_slope_dominates,phase429_reprofile_window_hits_attributed,apply_named_undercharge_or_bubble_fix,patch_or_recollect_named_perfdb_component,false,true,true,false,false,false,true,No-Go
phase429_reprofile,step_category,K2.5-tp4ep8dp2-8k2k,docs/iter_gap_investigation/phase429_reprofile/K2.5-tp4ep8dp2-8k2k,w0_prefill,,4,prefill_or_mixed,4,,passed,1,mla_attention,1110.422221,29.846046,4.790258,0.004314,,1.516977,0.595460,0.357492,0.047048,0.000000,passed,37,103,8,52,44,passed,passed,prefill_serialization_bubble_unmodeled,decode_mla_attention_slope_dominates,phase429_reprofile_window_hits_attributed,apply_named_undercharge_or_bubble_fix,patch_or_recollect_named_perfdb_component,false,true,true,false,false,false,true,No-Go
phase429_reprofile,step_category,K2.5-tp4ep8dp2-8k2k,docs/iter_gap_investigation/phase429_reprofile/K2.5-tp4ep8dp2-8k2k,w0_prefill,,4,prefill_or_mixed,4,,passed,1,moe_gemm_or_aux,1110.422221,303.556102,4.790258,0.004314,,1.516977,0.595460,0.357492,0.047048,0.000000,passed,37,103,8,52,44,passed,passed,prefill_serialization_bubble_unmodeled,decode_mla_attention_slope_dominates,phase429_reprofile_window_hits_attributed,apply_named_undercharge_or_bubble_fix,patch_or_recollect_named_perfdb_component,false,true,true,false,false,false,true,No-Go
phase429_reprofile,step_category,K2.5-tp4ep8dp2-8k2k,docs/iter_gap_investigation/phase429_reprofile/K2.5-tp4ep8dp2-8k2k,w0_prefill,,4,prefill_or_mixed,4,,passed,1,other_cuda,1110.422221,159.864073,4.790258,0.004314,,1.516977,0.595460,0.357492,0.047048,0.000000,passed,37,103,8,52,44,passed,passed,prefill_serialization_bubble_unmodeled,decode_mla_attention_slope_dominates,phase429_reprofile_window_hits_attributed,apply_named_undercharge_or_bubble_fix,patch_or_recollect_named_perfdb_component,false,true,true,false,false,false,true,No-Go
phase429_reprofile,step,K2.5-tp4ep8dp2-8k2k,docs/iter_gap_investigation/phase429_reprofile/K2.5-tp4ep8dp2-8k2k,w0_prefill,,5,prefill_or_mixed,5,,passed,1,,1111.746318,,4.979607,0.004479,,1.516977,0.595460,0.357492,0.047048,0.000000,passed,37,103,8,52,44,passed,passed,prefill_serialization_bubble_unmodeled,decode_mla_attention_slope_dominates,phase429_reprofile_window_hits_attributed,apply_named_undercharge_or_bubble_fix,patch_or_recollect_named_perfdb_component,false,true,true,false,false,false,true,No-Go
phase429_reprofile,step_category,K2.5-tp4ep8dp2-8k2k,docs/iter_gap_investigation/phase429_reprofile/K2.5-tp4ep8dp2-8k2k,w0_prefill,,5,prefill_or_mixed,5,,passed,1,dense_gemm,1111.746318,61.922264,4.979607,0.004479,,1.516977,0.595460,0.357492,0.047048,0.000000,passed,37,103,8,52,44,passed,passed,prefill_serialization_bubble_unmodeled,decode_mla_attention_slope_dominates,phase429_reprofile_window_hits_attributed,apply_named_undercharge_or_bubble_fix,patch_or_recollect_named_perfdb_component,false,true,true,false,false,false,true,No-Go
phase429_reprofile,step_category,K2.5-tp4ep8dp2-8k2k,docs/iter_gap_investigation/phase429_reprofile/K2.5-tp4ep8dp2-8k2k,w0_prefill,,5,prefill_or_mixed,5,,passed,1,ep_a2a,1111.746318,549.416735,4.979607,0.004479,,1.516977,0.595460,0.357492,0.047048,0.000000,passed,37,103,8,52,44,passed,passed,prefill_serialization_bubble_unmodeled,decode_mla_attention_slope_dominates,phase429_reprofile_window_hits_attributed,apply_named_undercharge_or_bubble_fix,patch_or_recollect_named_perfdb_component,false,true,true,false,false,false,true,No-Go
phase429_reprofile,step_category,K2.5-tp4ep8dp2-8k2k,docs/iter_gap_investigation/phase429_reprofile/K2.5-tp4ep8dp2-8k2k,w0_prefill,,5,prefill_or_mixed,5,,passed,1,memcpy_memset,1111.746318,1.366886,4.979607,0.004479,,1.516977,0.595460,0.357492,0.047048,0.000000,passed,37,103,8,52,44,passed,passed,prefill_serialization_bubble_unmodeled,decode_mla_attention_slope_dominates,phase429_reprofile_window_hits_attributed,apply_named_undercharge_or_bubble_fix,patch_or_recollect_named_perfdb_component,false,true,true,false,false,false,true,No-Go
phase429_reprofile,step_category,K2.5-tp4ep8dp2-8k2k,docs/iter_gap_investigation/phase429_reprofile/K2.5-tp4ep8dp2-8k2k,w0_prefill,,5,prefill_or_mixed,5,,passed,1,mla_attention,1111.746318,30.115786,4.979607,0.004479,,1.516977,0.595460,0.357492,0.047048,0.000000,passed,37,103,8,52,44,passed,passed,prefill_serialization_bubble_unmodeled,decode_mla_attention_slope_dominates,phase429_reprofile_window_hits_attributed,apply_named_undercharge_or_bubble_fix,patch_or_recollect_named_perfdb_component,false,true,true,false,false,false,true,No-Go
phase429_reprofile,step_category,K2.5-tp4ep8dp2-8k2k,docs/iter_gap_investigation/phase429_reprofile/K2.5-tp4ep8dp2-8k2k,w0_prefill,,5,prefill_or_mixed,5,,passed,1,moe_gemm_or_aux,1111.746318,304.073619,4.979607,0.004479,,1.516977,0.595460,0.357492,0.047048,0.000000,passed,37,103,8,52,44,passed,passed,prefill_serialization_bubble_unmodeled,decode_mla_attention_slope_dominates,phase429_reprofile_window_hits_attributed,apply_named_undercharge_or_bubble_fix,patch_or_recollect_named_perfdb_component,false,true,true,false,false,false,true,No-Go
phase429_reprofile,step_category,K2.5-tp4ep8dp2-8k2k,docs/iter_gap_investigation/phase429_reprofile/K2.5-tp4ep8dp2-8k2k,w0_prefill,,5,prefill_or_mixed,5,,passed,1,other_cuda,1111.746318,159.871421,4.979607,0.004479,,1.516977,0.595460,0.357492,0.047048,0.000000,passed,37,103,8,52,44,passed,passed,prefill_serialization_bubble_unmodeled,decode_mla_attention_slope_dominates,phase429_reprofile_window_hits_attributed,apply_named_undercharge_or_bubble_fix,patch_or_recollect_named_perfdb_component,false,true,true,false,false,false,true,No-Go
phase429_reprofile,step,K2.5-tp4ep8dp2-8k2k,docs/iter_gap_investigation/phase429_reprofile/K2.5-tp4ep8dp2-8k2k,w0_prefill,,6,prefill_or_mixed,6,,passed,1,,1111.814987,,4.843404,0.004356,,1.516977,0.595460,0.357492,0.047048,0.000000,passed,37,103,8,52,44,passed,passed,prefill_serialization_bubble_unmodeled,decode_mla_attention_slope_dominates,phase429_reprofile_window_hits_attributed,apply_named_undercharge_or_bubble_fix,patch_or_recollect_named_perfdb_component,false,true,true,false,false,false,true,No-Go
phase429_reprofile,step_category,K2.5-tp4ep8dp2-8k2k,docs/iter_gap_investigation/phase429_reprofile/K2.5-tp4ep8dp2-8k2k,w0_prefill,,6,prefill_or_mixed,6,,passed,1,dense_gemm,1111.814987,61.916052,4.843404,0.004356,,1.516977,0.595460,0.357492,0.047048,0.000000,passed,37,103,8,52,44,passed,passed,prefill_serialization_bubble_unmodeled,decode_mla_attention_slope_dominates,phase429_reprofile_window_hits_attributed,apply_named_undercharge_or_bubble_fix,patch_or_recollect_named_perfdb_component,false,true,true,false,false,false,true,No-Go
phase429_reprofile,step_category,K2.5-tp4ep8dp2-8k2k,docs/iter_gap_investigation/phase429_reprofile/K2.5-tp4ep8dp2-8k2k,w0_prefill,,6,prefill_or_mixed,6,,passed,1,ep_a2a,1111.814987,548.789821,4.843404,0.004356,,1.516977,0.595460,0.357492,0.047048,0.000000,passed,37,103,8,52,44,passed,passed,prefill_serialization_bubble_unmodeled,decode_mla_attention_slope_dominates,phase429_reprofile_window_hits_attributed,apply_named_undercharge_or_bubble_fix,patch_or_recollect_named_perfdb_component,false,true,true,false,false,false,true,No-Go
phase429_reprofile,step_category,K2.5-tp4ep8dp2-8k2k,docs/iter_gap_investigation/phase429_reprofile/K2.5-tp4ep8dp2-8k2k,w0_prefill,,6,prefill_or_mixed,6,,passed,1,memcpy_memset,1111.814987,1.379072,4.843404,0.004356,,1.516977,0.595460,0.357492,0.047048,0.000000,passed,37,103,8,52,44,passed,passed,prefill_serialization_bubble_unmodeled,decode_mla_attention_slope_dominates,phase429_reprofile_window_hits_attributed,apply_named_undercharge_or_bubble_fix,patch_or_recollect_named_perfdb_component,false,true,true,false,false,false,true,No-Go
phase429_reprofile,step_category,K2.5-tp4ep8dp2-8k2k,docs/iter_gap_investigation/phase429_reprofile/K2.5-tp4ep8dp2-8k2k,w0_prefill,,6,prefill_or_mixed,6,,passed,1,mla_attention,1111.814987,30.282608,4.843404,0.004356,,1.516977,0.595460,0.357492,0.047048,0.000000,passed,37,103,8,52,44,passed,passed,prefill_serialization_bubble_unmodeled,decode_mla_attention_slope_dominates,phase429_reprofile_window_hits_attributed,apply_named_undercharge_or_bubble_fix,patch_or_recollect_named_perfdb_component,false,true,true,false,false,false,true,No-Go
phase429_reprofile,step_category,K2.5-tp4ep8dp2-8k2k,docs/iter_gap_investigation/phase429_reprofile/K2.5-tp4ep8dp2-8k2k,w0_prefill,,6,prefill_or_mixed,6,,passed,1,moe_gemm_or_aux,1111.814987,304.417634,4.843404,0.004356,,1.516977,0.595460,0.357492,0.047048,0.000000,passed,37,103,8,52,44,passed,passed,prefill_serialization_bubble_unmodeled,decode_mla_attention_slope_dominates,phase429_reprofile_window_hits_attributed,apply_named_undercharge_or_bubble_fix,patch_or_recollect_named_perfdb_component,false,true,true,false,false,false,true,No-Go
phase429_reprofile,step_category,K2.5-tp4ep8dp2-8k2k,docs/iter_gap_investigation/phase429_reprofile/K2.5-tp4ep8dp2-8k2k,w0_prefill,,6,prefill_or_mixed,6,,passed,1,other_cuda,1111.814987,160.186395,4.843404,0.004356,,1.516977,0.595460,0.357492,0.047048,0.000000,passed,37,103,8,52,44,passed,passed,prefill_serialization_bubble_unmodeled,decode_mla_attention_slope_dominates,phase429_reprofile_window_hits_attributed,apply_named_undercharge_or_bubble_fix,patch_or_recollect_named_perfdb_component,false,true,true,false,false,false,true,No-Go
phase429_reprofile,step,K2.5-tp4ep8dp2-8k2k,docs/iter_gap_investigation/phase429_reprofile/K2.5-tp4ep8dp2-8k2k,w0_prefill,,7,prefill_or_mixed,7,,passed,1,,1351.759828,,6.816714,0.005043,,1.516977,0.595460,0.357492,0.047048,0.000000,passed,37,103,8,52,44,passed,passed,prefill_serialization_bubble_unmodeled,decode_mla_attention_slope_dominates,phase429_reprofile_window_hits_attributed,apply_named_undercharge_or_bubble_fix,patch_or_recollect_named_perfdb_component,false,true,true,false,false,false,true,No-Go
phase429_reprofile,step_category,K2.5-tp4ep8dp2-8k2k,docs/iter_gap_investigation/phase429_reprofile/K2.5-tp4ep8dp2-8k2k,w0_prefill,,7,prefill_or_mixed,7,,passed,1,dense_gemm,1351.759828,73.919447,6.816714,0.005043,,1.516977,0.595460,0.357492,0.047048,0.000000,passed,37,103,8,52,44,passed,passed,prefill_serialization_bubble_unmodeled,decode_mla_attention_slope_dominates,phase429_reprofile_window_hits_attributed,apply_named_undercharge_or_bubble_fix,patch_or_recollect_named_perfdb_component,false,true,true,false,false,false,true,No-Go
phase429_reprofile,step_category,K2.5-tp4ep8dp2-8k2k,docs/iter_gap_investigation/phase429_reprofile/K2.5-tp4ep8dp2-8k2k,w0_prefill,,7,prefill_or_mixed,7,,passed,1,ep_a2a,1351.759828,670.764750,6.816714,0.005043,,1.516977,0.595460,0.357492,0.047048,0.000000,passed,37,103,8,52,44,passed,passed,prefill_serialization_bubble_unmodeled,decode_mla_attention_slope_dominates,phase429_reprofile_window_hits_attributed,apply_named_undercharge_or_bubble_fix,patch_or_recollect_named_perfdb_component,false,true,true,false,false,false,true,No-Go
phase429_reprofile,step_category,K2.5-tp4ep8dp2-8k2k,docs/iter_gap_investigation/phase429_reprofile/K2.5-tp4ep8dp2-8k2k,w0_prefill,,7,prefill_or_mixed,7,,passed,1,memcpy_memset,1351.759828,1.612821,6.816714,0.005043,,1.516977,0.595460,0.357492,0.047048,0.000000,passed,37,103,8,52,44,passed,passed,prefill_serialization_bubble_unmodeled,decode_mla_attention_slope_dominates,phase429_reprofile_window_hits_attributed,apply_named_undercharge_or_bubble_fix,patch_or_recollect_named_perfdb_component,false,true,true,false,false,false,true,No-Go
phase429_reprofile,step_category,K2.5-tp4ep8dp2-8k2k,docs/iter_gap_investigation/phase429_reprofile/K2.5-tp4ep8dp2-8k2k,w0_prefill,,7,prefill_or_mixed,7,,passed,1,mla_attention,1351.759828,36.553361,6.816714,0.005043,,1.516977,0.595460,0.357492,0.047048,0.000000,passed,37,103,8,52,44,passed,passed,prefill_serialization_bubble_unmodeled,decode_mla_attention_slope_dominates,phase429_reprofile_window_hits_attributed,apply_named_undercharge_or_bubble_fix,patch_or_recollect_named_perfdb_component,false,true,true,false,false,false,true,No-Go
phase429_reprofile,step_category,K2.5-tp4ep8dp2-8k2k,docs/iter_gap_investigation/phase429_reprofile/K2.5-tp4ep8dp2-8k2k,w0_prefill,,7,prefill_or_mixed,7,,passed,1,moe_gemm_or_aux,1351.759828,369.835942,6.816714,0.005043,,1.516977,0.595460,0.357492,0.047048,0.000000,passed,37,103,8,52,44,passed,passed,prefill_serialization_bubble_unmodeled,decode_mla_attention_slope_dominates,phase429_reprofile_window_hits_attributed,apply_named_undercharge_or_bubble_fix,patch_or_recollect_named_perfdb_component,false,true,true,false,false,false,true,No-Go
phase429_reprofile,step_category,K2.5-tp4ep8dp2-8k2k,docs/iter_gap_investigation/phase429_reprofile/K2.5-tp4ep8dp2-8k2k,w0_prefill,,7,prefill_or_mixed,7,,passed,1,other_cuda,1351.759828,192.256793,6.816714,0.005043,,1.516977,0.595460,0.357492,0.047048,0.000000,passed,37,103,8,52,44,passed,passed,prefill_serialization_bubble_unmodeled,decode_mla_attention_slope_dominates,phase429_reprofile_window_hits_attributed,apply_named_undercharge_or_bubble_fix,patch_or_recollect_named_perfdb_component,false,true,true,false,false,false,true,No-Go
phase429_reprofile,step,K2.5-tp4ep8dp2-8k2k,docs/iter_gap_investigation/phase429_reprofile/K2.5-tp4ep8dp2-8k2k,w0_prefill,,8,prefill_or_mixed,8,,passed,1,,1115.610424,,7.279804,0.006525,,1.516977,0.595460,0.357492,0.047048,0.000000,passed,37,103,8,52,44,passed,passed,prefill_serialization_bubble_unmodeled,decode_mla_attention_slope_dominates,phase429_reprofile_window_hits_attributed,apply_named_undercharge_or_bubble_fix,patch_or_recollect_named_perfdb_component,false,true,true,false,false,false,true,No-Go
phase429_reprofile,step_category,K2.5-tp4ep8dp2-8k2k,docs/iter_gap_investigation/phase429_reprofile/K2.5-tp4ep8dp2-8k2k,w0_prefill,,8,prefill_or_mixed,8,,passed,1,dense_gemm,1115.610424,61.853358,7.279804,0.006525,,1.516977,0.595460,0.357492,0.047048,0.000000,passed,37,103,8,52,44,passed,passed,prefill_serialization_bubble_unmodeled,decode_mla_attention_slope_dominates,phase429_reprofile_window_hits_attributed,apply_named_undercharge_or_bubble_fix,patch_or_recollect_named_perfdb_component,false,true,true,false,false,false,true,No-Go
phase429_reprofile,step_category,K2.5-tp4ep8dp2-8k2k,docs/iter_gap_investigation/phase429_reprofile/K2.5-tp4ep8dp2-8k2k,w0_prefill,,8,prefill_or_mixed,8,,passed,1,ep_a2a,1115.610424,551.611723,7.279804,0.006525,,1.516977,0.595460,0.357492,0.047048,0.000000,passed,37,103,8,52,44,passed,passed,prefill_serialization_bubble_unmodeled,decode_mla_attention_slope_dominates,phase429_reprofile_window_hits_attributed,apply_named_undercharge_or_bubble_fix,patch_or_recollect_named_perfdb_component,false,true,true,false,false,false,true,No-Go
phase429_reprofile,step_category,K2.5-tp4ep8dp2-8k2k,docs/iter_gap_investigation/phase429_reprofile/K2.5-tp4ep8dp2-8k2k,w0_prefill,,8,prefill_or_mixed,8,,passed,1,memcpy_memset,1115.610424,1.380165,7.279804,0.006525,,1.516977,0.595460,0.357492,0.047048,0.000000,passed,37,103,8,52,44,passed,passed,prefill_serialization_bubble_unmodeled,decode_mla_attention_slope_dominates,phase429_reprofile_window_hits_attributed,apply_named_undercharge_or_bubble_fix,patch_or_recollect_named_perfdb_component,false,true,true,false,false,false,true,No-Go
phase429_reprofile,step_category,K2.5-tp4ep8dp2-8k2k,docs/iter_gap_investigation/phase429_reprofile/K2.5-tp4ep8dp2-8k2k,w0_prefill,,8,prefill_or_mixed,8,,passed,1,mla_attention,1115.610424,30.660110,7.279804,0.006525,,1.516977,0.595460,0.357492,0.047048,0.000000,passed,37,103,8,52,44,passed,passed,prefill_serialization_bubble_unmodeled,decode_mla_attention_slope_dominates,phase429_reprofile_window_hits_attributed,apply_named_undercharge_or_bubble_fix,patch_or_recollect_named_perfdb_component,false,true,true,false,false,false,true,No-Go
phase429_reprofile,step_category,K2.5-tp4ep8dp2-8k2k,docs/iter_gap_investigation/phase429_reprofile/K2.5-tp4ep8dp2-8k2k,w0_prefill,,8,prefill_or_mixed,8,,passed,1,moe_gemm_or_aux,1115.610424,302.741998,7.279804,0.006525,,1.516977,0.595460,0.357492,0.047048,0.000000,passed,37,103,8,52,44,passed,passed,prefill_serialization_bubble_unmodeled,decode_mla_attention_slope_dominates,phase429_reprofile_window_hits_attributed,apply_named_undercharge_or_bubble_fix,patch_or_recollect_named_perfdb_component,false,true,true,false,false,false,true,No-Go
phase429_reprofile,step_category,K2.5-tp4ep8dp2-8k2k,docs/iter_gap_investigation/phase429_reprofile/K2.5-tp4ep8dp2-8k2k,w0_prefill,,8,prefill_or_mixed,8,,passed,1,other_cuda,1115.610424,160.083266,7.279804,0.006525,,1.516977,0.595460,0.357492,0.047048,0.000000,passed,37,103,8,52,44,passed,passed,prefill_serialization_bubble_unmodeled,decode_mla_attention_slope_dominates,phase429_reprofile_window_hits_attributed,apply_named_undercharge_or_bubble_fix,patch_or_recollect_named_perfdb_component,false,true,true,false,false,false,true,No-Go
phase429_reprofile,step,K2.5-tp4ep8dp2-8k2k,docs/iter_gap_investigation/phase429_reprofile/K2.5-tp4ep8dp2-8k2k,w0_prefill,,9,prefill_or_mixed,9,,passed,1,,877.291423,,4.945883,0.005638,,1.516977,0.595460,0.357492,0.047048,0.000000,passed,37,103,8,52,44,passed,passed,prefill_serialization_bubble_unmodeled,decode_mla_attention_slope_dominates,phase429_reprofile_window_hits_attributed,apply_named_undercharge_or_bubble_fix,patch_or_recollect_named_perfdb_component,false,true,true,false,false,false,true,No-Go
phase429_reprofile,step_category,K2.5-tp4ep8dp2-8k2k,docs/iter_gap_investigation/phase429_reprofile/K2.5-tp4ep8dp2-8k2k,w0_prefill,,9,prefill_or_mixed,9,,passed,1,dense_gemm,877.291423,50.000798,4.945883,0.005638,,1.516977,0.595460,0.357492,0.047048,0.000000,passed,37,103,8,52,44,passed,passed,prefill_serialization_bubble_unmodeled,decode_mla_attention_slope_dominates,phase429_reprofile_window_hits_attributed,apply_named_undercharge_or_bubble_fix,patch_or_recollect_named_perfdb_component,false,true,true,false,false,false,true,No-Go
phase429_reprofile,step_category,K2.5-tp4ep8dp2-8k2k,docs/iter_gap_investigation/phase429_reprofile/K2.5-tp4ep8dp2-8k2k,w0_prefill,,9,prefill_or_mixed,9,,passed,1,ep_a2a,877.291423,424.905264,4.945883,0.005638,,1.516977,0.595460,0.357492,0.047048,0.000000,passed,37,103,8,52,44,passed,passed,prefill_serialization_bubble_unmodeled,decode_mla_attention_slope_dominates,phase429_reprofile_window_hits_attributed,apply_named_undercharge_or_bubble_fix,patch_or_recollect_named_perfdb_component,false,true,true,false,false,false,true,No-Go
phase429_reprofile,step_category,K2.5-tp4ep8dp2-8k2k,docs/iter_gap_investigation/phase429_reprofile/K2.5-tp4ep8dp2-8k2k,w0_prefill,,9,prefill_or_mixed,9,,passed,1,memcpy_memset,877.291423,1.111854,4.945883,0.005638,,1.516977,0.595460,0.357492,0.047048,0.000000,passed,37,103,8,52,44,passed,passed,prefill_serialization_bubble_unmodeled,decode_mla_attention_slope_dominates,phase429_reprofile_window_hits_attributed,apply_named_undercharge_or_bubble_fix,patch_or_recollect_named_perfdb_component,false,true,true,false,false,false,true,No-Go
phase429_reprofile,step_category,K2.5-tp4ep8dp2-8k2k,docs/iter_gap_investigation/phase429_reprofile/K2.5-tp4ep8dp2-8k2k,w0_prefill,,9,prefill_or_mixed,9,,passed,1,mla_attention,877.291423,25.554454,4.945883,0.005638,,1.516977,0.595460,0.357492,0.047048,0.000000,passed,37,103,8,52,44,passed,passed,prefill_serialization_bubble_unmodeled,decode_mla_attention_slope_dominates,phase429_reprofile_window_hits_attributed,apply_named_undercharge_or_bubble_fix,patch_or_recollect_named_perfdb_component,false,true,true,false,false,false,true,No-Go
phase429_reprofile,step_category,K2.5-tp4ep8dp2-8k2k,docs/iter_gap_investigation/phase429_reprofile/K2.5-tp4ep8dp2-8k2k,w0_prefill,,9,prefill_or_mixed,9,,passed,1,moe_gemm_or_aux,877.291423,243.218846,4.945883,0.005638,,1.516977,0.595460,0.357492,0.047048,0.000000,passed,37,103,8,52,44,passed,passed,prefill_serialization_bubble_unmodeled,decode_mla_attention_slope_dominates,phase429_reprofile_window_hits_attributed,apply_named_undercharge_or_bubble_fix,patch_or_recollect_named_perfdb_component,false,true,true,false,false,false,true,No-Go
phase429_reprofile,step_category,K2.5-tp4ep8dp2-8k2k,docs/iter_gap_investigation/phase429_reprofile/K2.5-tp4ep8dp2-8k2k,w0_prefill,,9,prefill_or_mixed,9,,passed,1,other_cuda,877.291423,127.554324,4.945883,0.005638,,1.516977,0.595460,0.357492,0.047048,0.000000,passed,37,103,8,52,44,passed,passed,prefill_serialization_bubble_unmodeled,decode_mla_attention_slope_dominates,phase429_reprofile_window_hits_attributed,apply_named_undercharge_or_bubble_fix,patch_or_recollect_named_perfdb_component,false,true,true,false,false,false,true,No-Go
phase429_reprofile,step,K2.5-tp4ep8dp2-8k2k,docs/iter_gap_investigation/phase429_reprofile/K2.5-tp4ep8dp2-8k2k,w0_prefill,,10,prefill_or_mixed,10,,passed,1,,1115.827070,,4.600512,0.004123,,1.516977,0.595460,0.357492,0.047048,0.000000,passed,37,103,8,52,44,passed,passed,prefill_serialization_bubble_unmodeled,decode_mla_attention_slope_dominates,phase429_reprofile_window_hits_attributed,apply_named_undercharge_or_bubble_fix,patch_or_recollect_named_perfdb_component,false,true,true,false,false,false,true,No-Go
phase429_reprofile,step_category,K2.5-tp4ep8dp2-8k2k,docs/iter_gap_investigation/phase429_reprofile/K2.5-tp4ep8dp2-8k2k,w0_prefill,,10,prefill_or_mixed,10,,passed,1,dense_gemm,1115.827070,62.053321,4.600512,0.004123,,1.516977,0.595460,0.357492,0.047048,0.000000,passed,37,103,8,52,44,passed,passed,prefill_serialization_bubble_unmodeled,decode_mla_attention_slope_dominates,phase429_reprofile_window_hits_attributed,apply_named_undercharge_or_bubble_fix,patch_or_recollect_named_perfdb_component,false,true,true,false,false,false,true,No-Go
phase429_reprofile,step_category,K2.5-tp4ep8dp2-8k2k,docs/iter_gap_investigation/phase429_reprofile/K2.5-tp4ep8dp2-8k2k,w0_prefill,,10,prefill_or_mixed,10,,passed,1,ep_a2a,1115.827070,549.599098,4.600512,0.004123,,1.516977,0.595460,0.357492,0.047048,0.000000,passed,37,103,8,52,44,passed,passed,prefill_serialization_bubble_unmodeled,decode_mla_attention_slope_dominates,phase429_reprofile_window_hits_attributed,apply_named_undercharge_or_bubble_fix,patch_or_recollect_named_perfdb_component,false,true,true,false,false,false,true,No-Go
phase429_reprofile,step_category,K2.5-tp4ep8dp2-8k2k,docs/iter_gap_investigation/phase429_reprofile/K2.5-tp4ep8dp2-8k2k,w0_prefill,,10,prefill_or_mixed,10,,passed,1,memcpy_memset,1115.827070,1.384240,4.600512,0.004123,,1.516977,0.595460,0.357492,0.047048,0.000000,passed,37,103,8,52,44,passed,passed,prefill_serialization_bubble_unmodeled,decode_mla_attention_slope_dominates,phase429_reprofile_window_hits_attributed,apply_named_undercharge_or_bubble_fix,patch_or_recollect_named_perfdb_component,false,true,true,false,false,false,true,No-Go
phase429_reprofile,step_category,K2.5-tp4ep8dp2-8k2k,docs/iter_gap_investigation/phase429_reprofile/K2.5-tp4ep8dp2-8k2k,w0_prefill,,10,prefill_or_mixed,10,,passed,1,mla_attention,1115.827070,32.197763,4.600512,0.004123,,1.516977,0.595460,0.357492,0.047048,0.000000,passed,37,103,8,52,44,passed,passed,prefill_serialization_bubble_unmodeled,decode_mla_attention_slope_dominates,phase429_reprofile_window_hits_attributed,apply_named_undercharge_or_bubble_fix,patch_or_recollect_named_perfdb_component,false,true,true,false,false,false,true,No-Go
phase429_reprofile,step_category,K2.5-tp4ep8dp2-8k2k,docs/iter_gap_investigation/phase429_reprofile/K2.5-tp4ep8dp2-8k2k,w0_prefill,,10,prefill_or_mixed,10,,passed,1,moe_gemm_or_aux,1115.827070,306.144132,4.600512,0.004123,,1.516977,0.595460,0.357492,0.047048,0.000000,passed,37,103,8,52,44,passed,passed,prefill_serialization_bubble_unmodeled,decode_mla_attention_slope_dominates,phase429_reprofile_window_hits_attributed,apply_named_undercharge_or_bubble_fix,patch_or_recollect_named_perfdb_component,false,true,true,false,false,false,true,No-Go
phase429_reprofile,step_category,K2.5-tp4ep8dp2-8k2k,docs/iter_gap_investigation/phase429_reprofile/K2.5-tp4ep8dp2-8k2k,w0_prefill,,10,prefill_or_mixed,10,,passed,1,other_cuda,1115.827070,159.848002,4.600512,0.004123,,1.516977,0.595460,0.357492,0.047048,0.000000,passed,37,103,8,52,44,passed,passed,prefill_serialization_bubble_unmodeled,decode_mla_attention_slope_dominates,phase429_reprofile_window_hits_attributed,apply_named_undercharge_or_bubble_fix,patch_or_recollect_named_perfdb_component,false,true,true,false,false,false,true,No-Go
phase429_reprofile,step,K2.5-tp4ep8dp2-8k2k,docs/iter_gap_investigation/phase429_reprofile/K2.5-tp4ep8dp2-8k2k,w0_prefill,,11,prefill_or_mixed,11,,passed,1,,1115.609195,,4.657940,0.004175,,1.516977,0.595460,0.357492,0.047048,0.000000,passed,37,103,8,52,44,passed,passed,prefill_serialization_bubble_unmodeled,decode_mla_attention_slope_dominates,phase429_reprofile_window_hits_attributed,apply_named_undercharge_or_bubble_fix,patch_or_recollect_named_perfdb_component,false,true,true,false,false,false,true,No-Go
phase429_reprofile,step_category,K2.5-tp4ep8dp2-8k2k,docs/iter_gap_investigation/phase429_reprofile/K2.5-tp4ep8dp2-8k2k,w0_prefill,,11,prefill_or_mixed,11,,passed,1,dense_gemm,1115.609195,62.004889,4.657940,0.004175,,1.516977,0.595460,0.357492,0.047048,0.000000,passed,37,103,8,52,44,passed,passed,prefill_serialization_bubble_unmodeled,decode_mla_attention_slope_dominates,phase429_reprofile_window_hits_attributed,apply_named_undercharge_or_bubble_fix,patch_or_recollect_named_perfdb_component,false,true,true,false,false,false,true,No-Go
phase429_reprofile,step_category,K2.5-tp4ep8dp2-8k2k,docs/iter_gap_investigation/phase429_reprofile/K2.5-tp4ep8dp2-8k2k,w0_prefill,,11,prefill_or_mixed,11,,passed,1,ep_a2a,1115.609195,550.068332,4.657940,0.004175,,1.516977,0.595460,0.357492,0.047048,0.000000,passed,37,103,8,52,44,passed,passed,prefill_serialization_bubble_unmodeled,decode_mla_attention_slope_dominates,phase429_reprofile_window_hits_attributed,apply_named_undercharge_or_bubble_fix,patch_or_recollect_named_perfdb_component,false,true,true,false,false,false,true,No-Go
phase429_reprofile,step_category,K2.5-tp4ep8dp2-8k2k,docs/iter_gap_investigation/phase429_reprofile/K2.5-tp4ep8dp2-8k2k,w0_prefill,,11,prefill_or_mixed,11,,passed,1,memcpy_memset,1115.609195,1.372091,4.657940,0.004175,,1.516977,0.595460,0.357492,0.047048,0.000000,passed,37,103,8,52,44,passed,passed,prefill_serialization_bubble_unmodeled,decode_mla_attention_slope_dominates,phase429_reprofile_window_hits_attributed,apply_named_undercharge_or_bubble_fix,patch_or_recollect_named_perfdb_component,false,true,true,false,false,false,true,No-Go
phase429_reprofile,step_category,K2.5-tp4ep8dp2-8k2k,docs/iter_gap_investigation/phase429_reprofile/K2.5-tp4ep8dp2-8k2k,w0_prefill,,11,prefill_or_mixed,11,,passed,1,mla_attention,1115.609195,31.627034,4.657940,0.004175,,1.516977,0.595460,0.357492,0.047048,0.000000,passed,37,103,8,52,44,passed,passed,prefill_serialization_bubble_unmodeled,decode_mla_attention_slope_dominates,phase429_reprofile_window_hits_attributed,apply_named_undercharge_or_bubble_fix,patch_or_recollect_named_perfdb_component,false,true,true,false,false,false,true,No-Go
phase429_reprofile,step_category,K2.5-tp4ep8dp2-8k2k,docs/iter_gap_investigation/phase429_reprofile/K2.5-tp4ep8dp2-8k2k,w0_prefill,,11,prefill_or_mixed,11,,passed,1,moe_gemm_or_aux,1115.609195,306.136737,4.657940,0.004175,,1.516977,0.595460,0.357492,0.047048,0.000000,passed,37,103,8,52,44,passed,passed,prefill_serialization_bubble_unmodeled,decode_mla_attention_slope_dominates,phase429_reprofile_window_hits_attributed,apply_named_undercharge_or_bubble_fix,patch_or_recollect_named_perfdb_component,false,true,true,false,false,false,true,No-Go
phase429_reprofile,step_category,K2.5-tp4ep8dp2-8k2k,docs/iter_gap_investigation/phase429_reprofile/K2.5-tp4ep8dp2-8k2k,w0_prefill,,11,prefill_or_mixed,11,,passed,1,other_cuda,1115.609195,159.742173,4.657940,0.004175,,1.516977,0.595460,0.357492,0.047048,0.000000,passed,37,103,8,52,44,passed,passed,prefill_serialization_bubble_unmodeled,decode_mla_attention_slope_dominates,phase429_reprofile_window_hits_attributed,apply_named_undercharge_or_bubble_fix,patch_or_recollect_named_perfdb_component,false,true,true,false,false,false,true,No-Go
phase429_reprofile,step,K2.5-tp4ep8dp2-8k2k,docs/iter_gap_investigation/phase429_reprofile/K2.5-tp4ep8dp2-8k2k,w0_prefill,,12,prefill_or_mixed,12,,passed,1,,1117.104555,,5.825959,0.005215,,1.516977,0.595460,0.357492,0.047048,0.000000,passed,37,103,8,52,44,passed,passed,prefill_serialization_bubble_unmodeled,decode_mla_attention_slope_dominates,phase429_reprofile_window_hits_attributed,apply_named_undercharge_or_bubble_fix,patch_or_recollect_named_perfdb_component,false,true,true,false,false,false,true,No-Go
phase429_reprofile,step_category,K2.5-tp4ep8dp2-8k2k,docs/iter_gap_investigation/phase429_reprofile/K2.5-tp4ep8dp2-8k2k,w0_prefill,,12,prefill_or_mixed,12,,passed,1,dense_gemm,1117.104555,62.041952,5.825959,0.005215,,1.516977,0.595460,0.357492,0.047048,0.000000,passed,37,103,8,52,44,passed,passed,prefill_serialization_bubble_unmodeled,decode_mla_attention_slope_dominates,phase429_reprofile_window_hits_attributed,apply_named_undercharge_or_bubble_fix,patch_or_recollect_named_perfdb_component,false,true,true,false,false,false,true,No-Go
phase429_reprofile,step_category,K2.5-tp4ep8dp2-8k2k,docs/iter_gap_investigation/phase429_reprofile/K2.5-tp4ep8dp2-8k2k,w0_prefill,,12,prefill_or_mixed,12,,passed,1,ep_a2a,1117.104555,549.631408,5.825959,0.005215,,1.516977,0.595460,0.357492,0.047048,0.000000,passed,37,103,8,52,44,passed,passed,prefill_serialization_bubble_unmodeled,decode_mla_attention_slope_dominates,phase429_reprofile_window_hits_attributed,apply_named_undercharge_or_bubble_fix,patch_or_recollect_named_perfdb_component,false,true,true,false,false,false,true,No-Go
phase429_reprofile,step_category,K2.5-tp4ep8dp2-8k2k,docs/iter_gap_investigation/phase429_reprofile/K2.5-tp4ep8dp2-8k2k,w0_prefill,,12,prefill_or_mixed,12,,passed,1,memcpy_memset,1117.104555,1.384597,5.825959,0.005215,,1.516977,0.595460,0.357492,0.047048,0.000000,passed,37,103,8,52,44,passed,passed,prefill_serialization_bubble_unmodeled,decode_mla_attention_slope_dominates,phase429_reprofile_window_hits_attributed,apply_named_undercharge_or_bubble_fix,patch_or_recollect_named_perfdb_component,false,true,true,false,false,false,true,No-Go
phase429_reprofile,step_category,K2.5-tp4ep8dp2-8k2k,docs/iter_gap_investigation/phase429_reprofile/K2.5-tp4ep8dp2-8k2k,w0_prefill,,12,prefill_or_mixed,12,,passed,1,mla_attention,1117.104555,32.010825,5.825959,0.005215,,1.516977,0.595460,0.357492,0.047048,0.000000,passed,37,103,8,52,44,passed,passed,prefill_serialization_bubble_unmodeled,decode_mla_attention_slope_dominates,phase429_reprofile_window_hits_attributed,apply_named_undercharge_or_bubble_fix,patch_or_recollect_named_perfdb_component,false,true,true,false,false,false,true,No-Go
phase429_reprofile,step_category,K2.5-tp4ep8dp2-8k2k,docs/iter_gap_investigation/phase429_reprofile/K2.5-tp4ep8dp2-8k2k,w0_prefill,,12,prefill_or_mixed,12,,passed,1,moe_gemm_or_aux,1117.104555,306.249668,5.825959,0.005215,,1.516977,0.595460,0.357492,0.047048,0.000000,passed,37,103,8,52,44,passed,passed,prefill_serialization_bubble_unmodeled,decode_mla_attention_slope_dominates,phase429_reprofile_window_hits_attributed,apply_named_undercharge_or_bubble_fix,patch_or_recollect_named_perfdb_component,false,true,true,false,false,false,true,No-Go
phase429_reprofile,step_category,K2.5-tp4ep8dp2-8k2k,docs/iter_gap_investigation/phase429_reprofile/K2.5-tp4ep8dp2-8k2k,w0_prefill,,12,prefill_or_mixed,12,,passed,1,other_cuda,1117.104555,159.960146,5.825959,0.005215,,1.516977,0.595460,0.357492,0.047048,0.000000,passed,37,103,8,52,44,passed,passed,prefill_serialization_bubble_unmodeled,decode_mla_attention_slope_dominates,phase429_reprofile_window_hits_attributed,apply_named_undercharge_or_bubble_fix,patch_or_recollect_named_perfdb_component,false,true,true,false,false,false,true,No-Go
phase429_reprofile,step,K2.5-tp4ep8dp2-8k2k,docs/iter_gap_investigation/phase429_reprofile/K2.5-tp4ep8dp2-8k2k,w0_prefill,,13,prefill_or_mixed,13,,passed,1,,1119.934760,,7.631155,0.006814,,1.516977,0.595460,0.357492,0.047048,0.000000,passed,37,103,8,52,44,passed,passed,prefill_serialization_bubble_unmodeled,decode_mla_attention_slope_dominates,phase429_reprofile_window_hits_attributed,apply_named_undercharge_or_bubble_fix,patch_or_recollect_named_perfdb_component,false,true,true,false,false,false,true,No-Go
phase429_reprofile,step_category,K2.5-tp4ep8dp2-8k2k,docs/iter_gap_investigation/phase429_reprofile/K2.5-tp4ep8dp2-8k2k,w0_prefill,,13,prefill_or_mixed,13,,passed,1,dense_gemm,1119.934760,62.008186,7.631155,0.006814,,1.516977,0.595460,0.357492,0.047048,0.000000,passed,37,103,8,52,44,passed,passed,prefill_serialization_bubble_unmodeled,decode_mla_attention_slope_dominates,phase429_reprofile_window_hits_attributed,apply_named_undercharge_or_bubble_fix,patch_or_recollect_named_perfdb_component,false,true,true,false,false,false,true,No-Go
phase429_reprofile,step_category,K2.5-tp4ep8dp2-8k2k,docs/iter_gap_investigation/phase429_reprofile/K2.5-tp4ep8dp2-8k2k,w0_prefill,,13,prefill_or_mixed,13,,passed,1,ep_a2a,1119.934760,549.544073,7.631155,0.006814,,1.516977,0.595460,0.357492,0.047048,0.000000,passed,37,103,8,52,44,passed,passed,prefill_serialization_bubble_unmodeled,decode_mla_attention_slope_dominates,phase429_reprofile_window_hits_attributed,apply_named_undercharge_or_bubble_fix,patch_or_recollect_named_perfdb_component,false,true,true,false,false,false,true,No-Go
phase429_reprofile,step_category,K2.5-tp4ep8dp2-8k2k,docs/iter_gap_investigation/phase429_reprofile/K2.5-tp4ep8dp2-8k2k,w0_prefill,,13,prefill_or_mixed,13,,passed,1,memcpy_memset,1119.934760,1.375276,7.631155,0.006814,,1.516977,0.595460,0.357492,0.047048,0.000000,passed,37,103,8,52,44,passed,passed,prefill_serialization_bubble_unmodeled,decode_mla_attention_slope_dominates,phase429_reprofile_window_hits_attributed,apply_named_undercharge_or_bubble_fix,patch_or_recollect_named_perfdb_component,false,true,true,false,false,false,true,No-Go
phase429_reprofile,step_category,K2.5-tp4ep8dp2-8k2k,docs/iter_gap_investigation/phase429_reprofile/K2.5-tp4ep8dp2-8k2k,w0_prefill,,13,prefill_or_mixed,13,,passed,1,mla_attention,1119.934760,32.784140,7.631155,0.006814,,1.516977,0.595460,0.357492,0.047048,0.000000,passed,37,103,8,52,44,passed,passed,prefill_serialization_bubble_unmodeled,decode_mla_attention_slope_dominates,phase429_reprofile_window_hits_attributed,apply_named_undercharge_or_bubble_fix,patch_or_recollect_named_perfdb_component,false,true,true,false,false,false,true,No-Go
phase429_reprofile,step_category,K2.5-tp4ep8dp2-8k2k,docs/iter_gap_investigation/phase429_reprofile/K2.5-tp4ep8dp2-8k2k,w0_prefill,,13,prefill_or_mixed,13,,passed,1,moe_gemm_or_aux,1119.934760,306.447459,7.631155,0.006814,,1.516977,0.595460,0.357492,0.047048,0.000000,passed,37,103,8,52,44,passed,passed,prefill_serialization_bubble_unmodeled,decode_mla_attention_slope_dominates,phase429_reprofile_window_hits_attributed,apply_named_undercharge_or_bubble_fix,patch_or_recollect_named_perfdb_component,false,true,true,false,false,false,true,No-Go
phase429_reprofile,step_category,K2.5-tp4ep8dp2-8k2k,docs/iter_gap_investigation/phase429_reprofile/K2.5-tp4ep8dp2-8k2k,w0_prefill,,13,prefill_or_mixed,13,,passed,1,other_cuda,1119.934760,160.144472,7.631155,0.006814,,1.516977,0.595460,0.357492,0.047048,0.000000,passed,37,103,8,52,44,passed,passed,prefill_serialization_bubble_unmodeled,decode_mla_attention_slope_dominates,phase429_reprofile_window_hits_attributed,apply_named_undercharge_or_bubble_fix,patch_or_recollect_named_perfdb_component,false,true,true,false,false,false,true,No-Go
phase429_reprofile,step,K2.5-tp4ep8dp2-8k2k,docs/iter_gap_investigation/phase429_reprofile/K2.5-tp4ep8dp2-8k2k,w0_prefill,,14,prefill_or_mixed,14,,passed,1,,1119.972170,,6.598930,0.005892,,1.516977,0.595460,0.357492,0.047048,0.000000,passed,37,103,8,52,44,passed,passed,prefill_serialization_bubble_unmodeled,decode_mla_attention_slope_dominates,phase429_reprofile_window_hits_attributed,apply_named_undercharge_or_bubble_fix,patch_or_recollect_named_perfdb_component,false,true,true,false,false,false,true,No-Go
phase429_reprofile,step_category,K2.5-tp4ep8dp2-8k2k,docs/iter_gap_investigation/phase429_reprofile/K2.5-tp4ep8dp2-8k2k,w0_prefill,,14,prefill_or_mixed,14,,passed,1,dense_gemm,1119.972170,62.015804,6.598930,0.005892,,1.516977,0.595460,0.357492,0.047048,0.000000,passed,37,103,8,52,44,passed,passed,prefill_serialization_bubble_unmodeled,decode_mla_attention_slope_dominates,phase429_reprofile_window_hits_attributed,apply_named_undercharge_or_bubble_fix,patch_or_recollect_named_perfdb_component,false,true,true,false,false,false,true,No-Go
phase429_reprofile,step_category,K2.5-tp4ep8dp2-8k2k,docs/iter_gap_investigation/phase429_reprofile/K2.5-tp4ep8dp2-8k2k,w0_prefill,,14,prefill_or_mixed,14,,passed,1,ep_a2a,1119.972170,550.167173,6.598930,0.005892,,1.516977,0.595460,0.357492,0.047048,0.000000,passed,37,103,8,52,44,passed,passed,prefill_serialization_bubble_unmodeled,decode_mla_attention_slope_dominates,phase429_reprofile_window_hits_attributed,apply_named_undercharge_or_bubble_fix,patch_or_recollect_named_perfdb_component,false,true,true,false,false,false,true,No-Go
phase429_reprofile,step_category,K2.5-tp4ep8dp2-8k2k,docs/iter_gap_investigation/phase429_reprofile/K2.5-tp4ep8dp2-8k2k,w0_prefill,,14,prefill_or_mixed,14,,passed,1,memcpy_memset,1119.972170,1.383954,6.598930,0.005892,,1.516977,0.595460,0.357492,0.047048,0.000000,passed,37,103,8,52,44,passed,passed,prefill_serialization_bubble_unmodeled,decode_mla_attention_slope_dominates,phase429_reprofile_window_hits_attributed,apply_named_undercharge_or_bubble_fix,patch_or_recollect_named_perfdb_component,false,true,true,false,false,false,true,No-Go
phase429_reprofile,step_category,K2.5-tp4ep8dp2-8k2k,docs/iter_gap_investigation/phase429_reprofile/K2.5-tp4ep8dp2-8k2k,w0_prefill,,14,prefill_or_mixed,14,,passed,1,mla_attention,1119.972170,33.298909,6.598930,0.005892,,1.516977,0.595460,0.357492,0.047048,0.000000,passed,37,103,8,52,44,passed,passed,prefill_serialization_bubble_unmodeled,decode_mla_attention_slope_dominates,phase429_reprofile_window_hits_attributed,apply_named_undercharge_or_bubble_fix,patch_or_recollect_named_perfdb_component,false,true,true,false,false,false,true,No-Go
phase429_reprofile,step_category,K2.5-tp4ep8dp2-8k2k,docs/iter_gap_investigation/phase429_reprofile/K2.5-tp4ep8dp2-8k2k,w0_prefill,,14,prefill_or_mixed,14,,passed,1,moe_gemm_or_aux,1119.972170,306.589641,6.598930,0.005892,,1.516977,0.595460,0.357492,0.047048,0.000000,passed,37,103,8,52,44,passed,passed,prefill_serialization_bubble_unmodeled,decode_mla_attention_slope_dominates,phase429_reprofile_window_hits_attributed,apply_named_undercharge_or_bubble_fix,patch_or_recollect_named_perfdb_component,false,true,true,false,false,false,true,No-Go
phase429_reprofile,step_category,K2.5-tp4ep8dp2-8k2k,docs/iter_gap_investigation/phase429_reprofile/K2.5-tp4ep8dp2-8k2k,w0_prefill,,14,prefill_or_mixed,14,,passed,1,other_cuda,1119.972170,159.917759,6.598930,0.005892,,1.516977,0.595460,0.357492,0.047048,0.000000,passed,37,103,8,52,44,passed,passed,prefill_serialization_bubble_unmodeled,decode_mla_attention_slope_dominates,phase429_reprofile_window_hits_attributed,apply_named_undercharge_or_bubble_fix,patch_or_recollect_named_perfdb_component,false,true,true,false,false,false,true,No-Go
phase429_reprofile,step,K2.5-tp4ep8dp2-8k2k,docs/iter_gap_investigation/phase429_reprofile/K2.5-tp4ep8dp2-8k2k,w0_prefill,,15,prefill_or_mixed,15,,passed,1,,1360.442136,,7.153037,0.005258,,1.516977,0.595460,0.357492,0.047048,0.000000,passed,37,103,8,52,44,passed,passed,prefill_serialization_bubble_unmodeled,decode_mla_attention_slope_dominates,phase429_reprofile_window_hits_attributed,apply_named_undercharge_or_bubble_fix,patch_or_recollect_named_perfdb_component,false,true,true,false,false,false,true,No-Go
phase429_reprofile,step_category,K2.5-tp4ep8dp2-8k2k,docs/iter_gap_investigation/phase429_reprofile/K2.5-tp4ep8dp2-8k2k,w0_prefill,,15,prefill_or_mixed,15,,passed,1,dense_gemm,1360.442136,74.049925,7.153037,0.005258,,1.516977,0.595460,0.357492,0.047048,0.000000,passed,37,103,8,52,44,passed,passed,prefill_serialization_bubble_unmodeled,decode_mla_attention_slope_dominates,phase429_reprofile_window_hits_attributed,apply_named_undercharge_or_bubble_fix,patch_or_recollect_named_perfdb_component,false,true,true,false,false,false,true,No-Go
phase429_reprofile,step_category,K2.5-tp4ep8dp2-8k2k,docs/iter_gap_investigation/phase429_reprofile/K2.5-tp4ep8dp2-8k2k,w0_prefill,,15,prefill_or_mixed,15,,passed,1,ep_a2a,1360.442136,672.967406,7.153037,0.005258,,1.516977,0.595460,0.357492,0.047048,0.000000,passed,37,103,8,52,44,passed,passed,prefill_serialization_bubble_unmodeled,decode_mla_attention_slope_dominates,phase429_reprofile_window_hits_attributed,apply_named_undercharge_or_bubble_fix,patch_or_recollect_named_perfdb_component,false,true,true,false,false,false,true,No-Go
phase429_reprofile,step_category,K2.5-tp4ep8dp2-8k2k,docs/iter_gap_investigation/phase429_reprofile/K2.5-tp4ep8dp2-8k2k,w0_prefill,,15,prefill_or_mixed,15,,passed,1,memcpy_memset,1360.442136,1.617254,7.153037,0.005258,,1.516977,0.595460,0.357492,0.047048,0.000000,passed,37,103,8,52,44,passed,passed,prefill_serialization_bubble_unmodeled,decode_mla_attention_slope_dominates,phase429_reprofile_window_hits_attributed,apply_named_undercharge_or_bubble_fix,patch_or_recollect_named_perfdb_component,false,true,true,false,false,false,true,No-Go
phase429_reprofile,step_category,K2.5-tp4ep8dp2-8k2k,docs/iter_gap_investigation/phase429_reprofile/K2.5-tp4ep8dp2-8k2k,w0_prefill,,15,prefill_or_mixed,15,,passed,1,mla_attention,1360.442136,40.406171,7.153037,0.005258,,1.516977,0.595460,0.357492,0.047048,0.000000,passed,37,103,8,52,44,passed,passed,prefill_serialization_bubble_unmodeled,decode_mla_attention_slope_dominates,phase429_reprofile_window_hits_attributed,apply_named_undercharge_or_bubble_fix,patch_or_recollect_named_perfdb_component,false,true,true,false,false,false,true,No-Go
phase429_reprofile,step_category,K2.5-tp4ep8dp2-8k2k,docs/iter_gap_investigation/phase429_reprofile/K2.5-tp4ep8dp2-8k2k,w0_prefill,,15,prefill_or_mixed,15,,passed,1,moe_gemm_or_aux,1360.442136,371.840608,7.153037,0.005258,,1.516977,0.595460,0.357492,0.047048,0.000000,passed,37,103,8,52,44,passed,passed,prefill_serialization_bubble_unmodeled,decode_mla_attention_slope_dominates,phase429_reprofile_window_hits_attributed,apply_named_undercharge_or_bubble_fix,patch_or_recollect_named_perfdb_component,false,true,true,false,false,false,true,No-Go
phase429_reprofile,step_category,K2.5-tp4ep8dp2-8k2k,docs/iter_gap_investigation/phase429_reprofile/K2.5-tp4ep8dp2-8k2k,w0_prefill,,15,prefill_or_mixed,15,,passed,1,other_cuda,1360.442136,192.407734,7.153037,0.005258,,1.516977,0.595460,0.357492,0.047048,0.000000,passed,37,103,8,52,44,passed,passed,prefill_serialization_bubble_unmodeled,decode_mla_attention_slope_dominates,phase429_reprofile_window_hits_attributed,apply_named_undercharge_or_bubble_fix,patch_or_recollect_named_perfdb_component,false,true,true,false,false,false,true,No-Go
phase429_reprofile,step,K2.5-tp4ep8dp2-8k2k,docs/iter_gap_investigation/phase429_reprofile/K2.5-tp4ep8dp2-8k2k,w0_prefill,,16,prefill_or_mixed,16,,passed,1,,1123.657661,,7.709430,0.006861,,1.516977,0.595460,0.357492,0.047048,0.000000,passed,37,103,8,52,44,passed,passed,prefill_serialization_bubble_unmodeled,decode_mla_attention_slope_dominates,phase429_reprofile_window_hits_attributed,apply_named_undercharge_or_bubble_fix,patch_or_recollect_named_perfdb_component,false,true,true,false,false,false,true,No-Go
phase429_reprofile,step_category,K2.5-tp4ep8dp2-8k2k,docs/iter_gap_investigation/phase429_reprofile/K2.5-tp4ep8dp2-8k2k,w0_prefill,,16,prefill_or_mixed,16,,passed,1,dense_gemm,1123.657661,61.971141,7.709430,0.006861,,1.516977,0.595460,0.357492,0.047048,0.000000,passed,37,103,8,52,44,passed,passed,prefill_serialization_bubble_unmodeled,decode_mla_attention_slope_dominates,phase429_reprofile_window_hits_attributed,apply_named_undercharge_or_bubble_fix,patch_or_recollect_named_perfdb_component,false,true,true,false,false,false,true,No-Go
phase429_reprofile,step_category,K2.5-tp4ep8dp2-8k2k,docs/iter_gap_investigation/phase429_reprofile/K2.5-tp4ep8dp2-8k2k,w0_prefill,,16,prefill_or_mixed,16,,passed,1,ep_a2a,1123.657661,552.983502,7.709430,0.006861,,1.516977,0.595460,0.357492,0.047048,0.000000,passed,37,103,8,52,44,passed,passed,prefill_serialization_bubble_unmodeled,decode_mla_attention_slope_dominates,phase429_reprofile_window_hits_attributed,apply_named_undercharge_or_bubble_fix,patch_or_recollect_named_perfdb_component,false,true,true,false,false,false,true,No-Go
phase429_reprofile,step_category,K2.5-tp4ep8dp2-8k2k,docs/iter_gap_investigation/phase429_reprofile/K2.5-tp4ep8dp2-8k2k,w0_prefill,,16,prefill_or_mixed,16,,passed,1,memcpy_memset,1123.657661,1.387456,7.709430,0.006861,,1.516977,0.595460,0.357492,0.047048,0.000000,passed,37,103,8,52,44,passed,passed,prefill_serialization_bubble_unmodeled,decode_mla_attention_slope_dominates,phase429_reprofile_window_hits_attributed,apply_named_undercharge_or_bubble_fix,patch_or_recollect_named_perfdb_component,false,true,true,false,false,false,true,No-Go
phase429_reprofile,step_category,K2.5-tp4ep8dp2-8k2k,docs/iter_gap_investigation/phase429_reprofile/K2.5-tp4ep8dp2-8k2k,w0_prefill,,16,prefill_or_mixed,16,,passed,1,mla_attention,1123.657661,34.688613,7.709430,0.006861,,1.516977,0.595460,0.357492,0.047048,0.000000,passed,37,103,8,52,44,passed,passed,prefill_serialization_bubble_unmodeled,decode_mla_attention_slope_dominates,phase429_reprofile_window_hits_attributed,apply_named_undercharge_or_bubble_fix,patch_or_recollect_named_perfdb_component,false,true,true,false,false,false,true,No-Go
phase429_reprofile,step_category,K2.5-tp4ep8dp2-8k2k,docs/iter_gap_investigation/phase429_reprofile/K2.5-tp4ep8dp2-8k2k,w0_prefill,,16,prefill_or_mixed,16,,passed,1,moe_gemm_or_aux,1123.657661,304.601093,7.709430,0.006861,,1.516977,0.595460,0.357492,0.047048,0.000000,passed,37,103,8,52,44,passed,passed,prefill_serialization_bubble_unmodeled,decode_mla_attention_slope_dominates,phase429_reprofile_window_hits_attributed,apply_named_undercharge_or_bubble_fix,patch_or_recollect_named_perfdb_component,false,true,true,false,false,false,true,No-Go
phase429_reprofile,step_category,K2.5-tp4ep8dp2-8k2k,docs/iter_gap_investigation/phase429_reprofile/K2.5-tp4ep8dp2-8k2k,w0_prefill,,16,prefill_or_mixed,16,,passed,1,other_cuda,1123.657661,160.316426,7.709430,0.006861,,1.516977,0.595460,0.357492,0.047048,0.000000,passed,37,103,8,52,44,passed,passed,prefill_serialization_bubble_unmodeled,decode_mla_attention_slope_dominates,phase429_reprofile_window_hits_attributed,apply_named_undercharge_or_bubble_fix,patch_or_recollect_named_perfdb_component,false,true,true,false,false,false,true,No-Go
phase429_reprofile,step,K2.5-tp4ep8dp2-8k2k,docs/iter_gap_investigation/phase429_reprofile/K2.5-tp4ep8dp2-8k2k,w0_prefill,,17,prefill_or_mixed,17,,passed,1,,884.112818,,5.369869,0.006074,,1.516977,0.595460,0.357492,0.047048,0.000000,passed,37,103,8,52,44,passed,passed,prefill_serialization_bubble_unmodeled,decode_mla_attention_slope_dominates,phase429_reprofile_window_hits_attributed,apply_named_undercharge_or_bubble_fix,patch_or_recollect_named_perfdb_component,false,true,true,false,false,false,true,No-Go
phase429_reprofile,step_category,K2.5-tp4ep8dp2-8k2k,docs/iter_gap_investigation/phase429_reprofile/K2.5-tp4ep8dp2-8k2k,w0_prefill,,17,prefill_or_mixed,17,,passed,1,dense_gemm,884.112818,50.103386,5.369869,0.006074,,1.516977,0.595460,0.357492,0.047048,0.000000,passed,37,103,8,52,44,passed,passed,prefill_serialization_bubble_unmodeled,decode_mla_attention_slope_dominates,phase429_reprofile_window_hits_attributed,apply_named_undercharge_or_bubble_fix,patch_or_recollect_named_perfdb_component,false,true,true,false,false,false,true,No-Go
phase429_reprofile,step_category,K2.5-tp4ep8dp2-8k2k,docs/iter_gap_investigation/phase429_reprofile/K2.5-tp4ep8dp2-8k2k,w0_prefill,,17,prefill_or_mixed,17,,passed,1,ep_a2a,884.112818,426.092916,5.369869,0.006074,,1.516977,0.595460,0.357492,0.047048,0.000000,passed,37,103,8,52,44,passed,passed,prefill_serialization_bubble_unmodeled,decode_mla_attention_slope_dominates,phase429_reprofile_window_hits_attributed,apply_named_undercharge_or_bubble_fix,patch_or_recollect_named_perfdb_component,false,true,true,false,false,false,true,No-Go
phase429_reprofile,step_category,K2.5-tp4ep8dp2-8k2k,docs/iter_gap_investigation/phase429_reprofile/K2.5-tp4ep8dp2-8k2k,w0_prefill,,17,prefill_or_mixed,17,,passed,1,memcpy_memset,884.112818,1.113061,5.369869,0.006074,,1.516977,0.595460,0.357492,0.047048,0.000000,passed,37,103,8,52,44,passed,passed,prefill_serialization_bubble_unmodeled,decode_mla_attention_slope_dominates,phase429_reprofile_window_hits_attributed,apply_named_undercharge_or_bubble_fix,patch_or_recollect_named_perfdb_component,false,true,true,false,false,false,true,No-Go
phase429_reprofile,step_category,K2.5-tp4ep8dp2-8k2k,docs/iter_gap_investigation/phase429_reprofile/K2.5-tp4ep8dp2-8k2k,w0_prefill,,17,prefill_or_mixed,17,,passed,1,mla_attention,884.112818,30.096828,5.369869,0.006074,,1.516977,0.595460,0.357492,0.047048,0.000000,passed,37,103,8,52,44,passed,passed,prefill_serialization_bubble_unmodeled,decode_mla_attention_slope_dominates,phase429_reprofile_window_hits_attributed,apply_named_undercharge_or_bubble_fix,patch_or_recollect_named_perfdb_component,false,true,true,false,false,false,true,No-Go
phase429_reprofile,step_category,K2.5-tp4ep8dp2-8k2k,docs/iter_gap_investigation/phase429_reprofile/K2.5-tp4ep8dp2-8k2k,w0_prefill,,17,prefill_or_mixed,17,,passed,1,moe_gemm_or_aux,884.112818,244.057387,5.369869,0.006074,,1.516977,0.595460,0.357492,0.047048,0.000000,passed,37,103,8,52,44,passed,passed,prefill_serialization_bubble_unmodeled,decode_mla_attention_slope_dominates,phase429_reprofile_window_hits_attributed,apply_named_undercharge_or_bubble_fix,patch_or_recollect_named_perfdb_component,false,true,true,false,false,false,true,No-Go
phase429_reprofile,step_category,K2.5-tp4ep8dp2-8k2k,docs/iter_gap_investigation/phase429_reprofile/K2.5-tp4ep8dp2-8k2k,w0_prefill,,17,prefill_or_mixed,17,,passed,1,other_cuda,884.112818,127.279370,5.369869,0.006074,,1.516977,0.595460,0.357492,0.047048,0.000000,passed,37,103,8,52,44,passed,passed,prefill_serialization_bubble_unmodeled,decode_mla_attention_slope_dominates,phase429_reprofile_window_hits_attributed,apply_named_undercharge_or_bubble_fix,patch_or_recollect_named_perfdb_component,false,true,true,false,false,false,true,No-Go
phase429_reprofile,step,K2.5-tp4ep8dp2-8k2k,docs/iter_gap_investigation/phase429_reprofile/K2.5-tp4ep8dp2-8k2k,w0_prefill,,18,prefill_or_mixed,18,,passed,1,,1124.258968,,5.849471,0.005203,,1.516977,0.595460,0.357492,0.047048,0.000000,passed,37,103,8,52,44,passed,passed,prefill_serialization_bubble_unmodeled,decode_mla_attention_slope_dominates,phase429_reprofile_window_hits_attributed,apply_named_undercharge_or_bubble_fix,patch_or_recollect_named_perfdb_component,false,true,true,false,false,false,true,No-Go
phase429_reprofile,step_category,K2.5-tp4ep8dp2-8k2k,docs/iter_gap_investigation/phase429_reprofile/K2.5-tp4ep8dp2-8k2k,w0_prefill,,18,prefill_or_mixed,18,,passed,1,dense_gemm,1124.258968,62.083335,5.849471,0.005203,,1.516977,0.595460,0.357492,0.047048,0.000000,passed,37,103,8,52,44,passed,passed,prefill_serialization_bubble_unmodeled,decode_mla_attention_slope_dominates,phase429_reprofile_window_hits_attributed,apply_named_undercharge_or_bubble_fix,patch_or_recollect_named_perfdb_component,false,true,true,false,false,false,true,No-Go
phase429_reprofile,step_category,K2.5-tp4ep8dp2-8k2k,docs/iter_gap_investigation/phase429_reprofile/K2.5-tp4ep8dp2-8k2k,w0_prefill,,18,prefill_or_mixed,18,,passed,1,ep_a2a,1124.258968,550.022899,5.849471,0.005203,,1.516977,0.595460,0.357492,0.047048,0.000000,passed,37,103,8,52,44,passed,passed,prefill_serialization_bubble_unmodeled,decode_mla_attention_slope_dominates,phase429_reprofile_window_hits_attributed,apply_named_undercharge_or_bubble_fix,patch_or_recollect_named_perfdb_component,false,true,true,false,false,false,true,No-Go
phase429_reprofile,step_category,K2.5-tp4ep8dp2-8k2k,docs/iter_gap_investigation/phase429_reprofile/K2.5-tp4ep8dp2-8k2k,w0_prefill,,18,prefill_or_mixed,18,,passed,1,memcpy_memset,1124.258968,1.386144,5.849471,0.005203,,1.516977,0.595460,0.357492,0.047048,0.000000,passed,37,103,8,52,44,passed,passed,prefill_serialization_bubble_unmodeled,decode_mla_attention_slope_dominates,phase429_reprofile_window_hits_attributed,apply_named_undercharge_or_bubble_fix,patch_or_recollect_named_perfdb_component,false,true,true,false,false,false,true,No-Go
phase429_reprofile,step_category,K2.5-tp4ep8dp2-8k2k,docs/iter_gap_investigation/phase429_reprofile/K2.5-tp4ep8dp2-8k2k,w0_prefill,,18,prefill_or_mixed,18,,passed,1,mla_attention,1124.258968,37.567221,5.849471,0.005203,,1.516977,0.595460,0.357492,0.047048,0.000000,passed,37,103,8,52,44,passed,passed,prefill_serialization_bubble_unmodeled,decode_mla_attention_slope_dominates,phase429_reprofile_window_hits_attributed,apply_named_undercharge_or_bubble_fix,patch_or_recollect_named_perfdb_component,false,true,true,false,false,false,true,No-Go
phase429_reprofile,step_category,K2.5-tp4ep8dp2-8k2k,docs/iter_gap_investigation/phase429_reprofile/K2.5-tp4ep8dp2-8k2k,w0_prefill,,18,prefill_or_mixed,18,,passed,1,moe_gemm_or_aux,1124.258968,306.992424,5.849471,0.005203,,1.516977,0.595460,0.357492,0.047048,0.000000,passed,37,103,8,52,44,passed,passed,prefill_serialization_bubble_unmodeled,decode_mla_attention_slope_dominates,phase429_reprofile_window_hits_attributed,apply_named_undercharge_or_bubble_fix,patch_or_recollect_named_perfdb_component,false,true,true,false,false,false,true,No-Go
phase429_reprofile,step_category,K2.5-tp4ep8dp2-8k2k,docs/iter_gap_investigation/phase429_reprofile/K2.5-tp4ep8dp2-8k2k,w0_prefill,,18,prefill_or_mixed,18,,passed,1,other_cuda,1124.258968,160.357475,5.849471,0.005203,,1.516977,0.595460,0.357492,0.047048,0.000000,passed,37,103,8,52,44,passed,passed,prefill_serialization_bubble_unmodeled,decode_mla_attention_slope_dominates,phase429_reprofile_window_hits_attributed,apply_named_undercharge_or_bubble_fix,patch_or_recollect_named_perfdb_component,false,true,true,false,false,false,true,No-Go
phase429_reprofile,step,K2.5-tp4ep8dp2-8k2k,docs/iter_gap_investigation/phase429_reprofile/K2.5-tp4ep8dp2-8k2k,w0_prefill,,19,prefill_or_mixed,19,,passed,1,,1123.525079,,5.852621,0.005209,,1.516977,0.595460,0.357492,0.047048,0.000000,passed,37,103,8,52,44,passed,passed,prefill_serialization_bubble_unmodeled,decode_mla_attention_slope_dominates,phase429_reprofile_window_hits_attributed,apply_named_undercharge_or_bubble_fix,patch_or_recollect_named_perfdb_component,false,true,true,false,false,false,true,No-Go
phase429_reprofile,step_category,K2.5-tp4ep8dp2-8k2k,docs/iter_gap_investigation/phase429_reprofile/K2.5-tp4ep8dp2-8k2k,w0_prefill,,19,prefill_or_mixed,19,,passed,1,dense_gemm,1123.525079,61.978350,5.852621,0.005209,,1.516977,0.595460,0.357492,0.047048,0.000000,passed,37,103,8,52,44,passed,passed,prefill_serialization_bubble_unmodeled,decode_mla_attention_slope_dominates,phase429_reprofile_window_hits_attributed,apply_named_undercharge_or_bubble_fix,patch_or_recollect_named_perfdb_component,false,true,true,false,false,false,true,No-Go
phase429_reprofile,step_category,K2.5-tp4ep8dp2-8k2k,docs/iter_gap_investigation/phase429_reprofile/K2.5-tp4ep8dp2-8k2k,w0_prefill,,19,prefill_or_mixed,19,,passed,1,ep_a2a,1123.525079,550.574862,5.852621,0.005209,,1.516977,0.595460,0.357492,0.047048,0.000000,passed,37,103,8,52,44,passed,passed,prefill_serialization_bubble_unmodeled,decode_mla_attention_slope_dominates,phase429_reprofile_window_hits_attributed,apply_named_undercharge_or_bubble_fix,patch_or_recollect_named_perfdb_component,false,true,true,false,false,false,true,No-Go
phase429_reprofile,step_category,K2.5-tp4ep8dp2-8k2k,docs/iter_gap_investigation/phase429_reprofile/K2.5-tp4ep8dp2-8k2k,w0_prefill,,19,prefill_or_mixed,19,,passed,1,memcpy_memset,1123.525079,1.376246,5.852621,0.005209,,1.516977,0.595460,0.357492,0.047048,0.000000,passed,37,103,8,52,44,passed,passed,prefill_serialization_bubble_unmodeled,decode_mla_attention_slope_dominates,phase429_reprofile_window_hits_attributed,apply_named_undercharge_or_bubble_fix,patch_or_recollect_named_perfdb_component,false,true,true,false,false,false,true,No-Go
phase429_reprofile,step_category,K2.5-tp4ep8dp2-8k2k,docs/iter_gap_investigation/phase429_reprofile/K2.5-tp4ep8dp2-8k2k,w0_prefill,,19,prefill_or_mixed,19,,passed,1,mla_attention,1123.525079,36.884851,5.852621,0.005209,,1.516977,0.595460,0.357492,0.047048,0.000000,passed,37,103,8,52,44,passed,passed,prefill_serialization_bubble_unmodeled,decode_mla_attention_slope_dominates,phase429_reprofile_window_hits_attributed,apply_named_undercharge_or_bubble_fix,patch_or_recollect_named_perfdb_component,false,true,true,false,false,false,true,No-Go
phase429_reprofile,step_category,K2.5-tp4ep8dp2-8k2k,docs/iter_gap_investigation/phase429_reprofile/K2.5-tp4ep8dp2-8k2k,w0_prefill,,19,prefill_or_mixed,19,,passed,1,moe_gemm_or_aux,1123.525079,307.033488,5.852621,0.005209,,1.516977,0.595460,0.357492,0.047048,0.000000,passed,37,103,8,52,44,passed,passed,prefill_serialization_bubble_unmodeled,decode_mla_attention_slope_dominates,phase429_reprofile_window_hits_attributed,apply_named_undercharge_or_bubble_fix,patch_or_recollect_named_perfdb_component,false,true,true,false,false,false,true,No-Go
phase429_reprofile,step_category,K2.5-tp4ep8dp2-8k2k,docs/iter_gap_investigation/phase429_reprofile/K2.5-tp4ep8dp2-8k2k,w0_prefill,,19,prefill_or_mixed,19,,passed,1,other_cuda,1123.525079,159.824661,5.852621,0.005209,,1.516977,0.595460,0.357492,0.047048,0.000000,passed,37,103,8,52,44,passed,passed,prefill_serialization_bubble_unmodeled,decode_mla_attention_slope_dominates,phase429_reprofile_window_hits_attributed,apply_named_undercharge_or_bubble_fix,patch_or_recollect_named_perfdb_component,false,true,true,false,false,false,true,No-Go
phase429_reprofile,step,K2.5-tp4ep8dp2-8k2k,docs/iter_gap_investigation/phase429_reprofile/K2.5-tp4ep8dp2-8k2k,w0_prefill,,20,prefill_or_mixed,20,,passed,1,,1123.058836,,4.818287,0.004290,,1.516977,0.595460,0.357492,0.047048,0.000000,passed,37,103,8,52,44,passed,passed,prefill_serialization_bubble_unmodeled,decode_mla_attention_slope_dominates,phase429_reprofile_window_hits_attributed,apply_named_undercharge_or_bubble_fix,patch_or_recollect_named_perfdb_component,false,true,true,false,false,false,true,No-Go
phase429_reprofile,step_category,K2.5-tp4ep8dp2-8k2k,docs/iter_gap_investigation/phase429_reprofile/K2.5-tp4ep8dp2-8k2k,w0_prefill,,20,prefill_or_mixed,20,,passed,1,dense_gemm,1123.058836,62.000362,4.818287,0.004290,,1.516977,0.595460,0.357492,0.047048,0.000000,passed,37,103,8,52,44,passed,passed,prefill_serialization_bubble_unmodeled,decode_mla_attention_slope_dominates,phase429_reprofile_window_hits_attributed,apply_named_undercharge_or_bubble_fix,patch_or_recollect_named_perfdb_component,false,true,true,false,false,false,true,No-Go
phase429_reprofile,step_category,K2.5-tp4ep8dp2-8k2k,docs/iter_gap_investigation/phase429_reprofile/K2.5-tp4ep8dp2-8k2k,w0_prefill,,20,prefill_or_mixed,20,,passed,1,ep_a2a,1123.058836,550.128507,4.818287,0.004290,,1.516977,0.595460,0.357492,0.047048,0.000000,passed,37,103,8,52,44,passed,passed,prefill_serialization_bubble_unmodeled,decode_mla_attention_slope_dominates,phase429_reprofile_window_hits_attributed,apply_named_undercharge_or_bubble_fix,patch_or_recollect_named_perfdb_component,false,true,true,false,false,false,true,No-Go
phase429_reprofile,step_category,K2.5-tp4ep8dp2-8k2k,docs/iter_gap_investigation/phase429_reprofile/K2.5-tp4ep8dp2-8k2k,w0_prefill,,20,prefill_or_mixed,20,,passed,1,memcpy_memset,1123.058836,1.389092,4.818287,0.004290,,1.516977,0.595460,0.357492,0.047048,0.000000,passed,37,103,8,52,44,passed,passed,prefill_serialization_bubble_unmodeled,decode_mla_attention_slope_dominates,phase429_reprofile_window_hits_attributed,apply_named_undercharge_or_bubble_fix,patch_or_recollect_named_perfdb_component,false,true,true,false,false,false,true,No-Go
phase429_reprofile,step_category,K2.5-tp4ep8dp2-8k2k,docs/iter_gap_investigation/phase429_reprofile/K2.5-tp4ep8dp2-8k2k,w0_prefill,,20,prefill_or_mixed,20,,passed,1,mla_attention,1123.058836,37.336287,4.818287,0.004290,,1.516977,0.595460,0.357492,0.047048,0.000000,passed,37,103,8,52,44,passed,passed,prefill_serialization_bubble_unmodeled,decode_mla_attention_slope_dominates,phase429_reprofile_window_hits_attributed,apply_named_undercharge_or_bubble_fix,patch_or_recollect_named_perfdb_component,false,true,true,false,false,false,true,No-Go
phase429_reprofile,step_category,K2.5-tp4ep8dp2-8k2k,docs/iter_gap_investigation/phase429_reprofile/K2.5-tp4ep8dp2-8k2k,w0_prefill,,20,prefill_or_mixed,20,,passed,1,moe_gemm_or_aux,1123.058836,307.214582,4.818287,0.004290,,1.516977,0.595460,0.357492,0.047048,0.000000,passed,37,103,8,52,44,passed,passed,prefill_serialization_bubble_unmodeled,decode_mla_attention_slope_dominates,phase429_reprofile_window_hits_attributed,apply_named_undercharge_or_bubble_fix,patch_or_recollect_named_perfdb_component,false,true,true,false,false,false,true,No-Go
phase429_reprofile,step_category,K2.5-tp4ep8dp2-8k2k,docs/iter_gap_investigation/phase429_reprofile/K2.5-tp4ep8dp2-8k2k,w0_prefill,,20,prefill_or_mixed,20,,passed,1,other_cuda,1123.058836,160.171718,4.818287,0.004290,,1.516977,0.595460,0.357492,0.047048,0.000000,passed,37,103,8,52,44,passed,passed,prefill_serialization_bubble_unmodeled,decode_mla_attention_slope_dominates,phase429_reprofile_window_hits_attributed,apply_named_undercharge_or_bubble_fix,patch_or_recollect_named_perfdb_component,false,true,true,false,false,false,true,No-Go
phase429_reprofile,step,K2.5-tp4ep8dp2-8k2k,docs/iter_gap_investigation/phase429_reprofile/K2.5-tp4ep8dp2-8k2k,w0_prefill,,21,prefill_or_mixed,21,,passed,1,,1126.430128,,5.310344,0.004714,,1.516977,0.595460,0.357492,0.047048,0.000000,passed,37,103,8,52,44,passed,passed,prefill_serialization_bubble_unmodeled,decode_mla_attention_slope_dominates,phase429_reprofile_window_hits_attributed,apply_named_undercharge_or_bubble_fix,patch_or_recollect_named_perfdb_component,false,true,true,false,false,false,true,No-Go
phase429_reprofile,step_category,K2.5-tp4ep8dp2-8k2k,docs/iter_gap_investigation/phase429_reprofile/K2.5-tp4ep8dp2-8k2k,w0_prefill,,21,prefill_or_mixed,21,,passed,1,dense_gemm,1126.430128,62.134655,5.310344,0.004714,,1.516977,0.595460,0.357492,0.047048,0.000000,passed,37,103,8,52,44,passed,passed,prefill_serialization_bubble_unmodeled,decode_mla_attention_slope_dominates,phase429_reprofile_window_hits_attributed,apply_named_undercharge_or_bubble_fix,patch_or_recollect_named_perfdb_component,false,true,true,false,false,false,true,No-Go
phase429_reprofile,step_category,K2.5-tp4ep8dp2-8k2k,docs/iter_gap_investigation/phase429_reprofile/K2.5-tp4ep8dp2-8k2k,w0_prefill,,21,prefill_or_mixed,21,,passed,1,ep_a2a,1126.430128,550.127333,5.310344,0.004714,,1.516977,0.595460,0.357492,0.047048,0.000000,passed,37,103,8,52,44,passed,passed,prefill_serialization_bubble_unmodeled,decode_mla_attention_slope_dominates,phase429_reprofile_window_hits_attributed,apply_named_undercharge_or_bubble_fix,patch_or_recollect_named_perfdb_component,false,true,true,false,false,false,true,No-Go
phase429_reprofile,step_category,K2.5-tp4ep8dp2-8k2k,docs/iter_gap_investigation/phase429_reprofile/K2.5-tp4ep8dp2-8k2k,w0_prefill,,21,prefill_or_mixed,21,,passed,1,memcpy_memset,1126.430128,1.375696,5.310344,0.004714,,1.516977,0.595460,0.357492,0.047048,0.000000,passed,37,103,8,52,44,passed,passed,prefill_serialization_bubble_unmodeled,decode_mla_attention_slope_dominates,phase429_reprofile_window_hits_attributed,apply_named_undercharge_or_bubble_fix,patch_or_recollect_named_perfdb_component,false,true,true,false,false,false,true,No-Go
phase429_reprofile,step_category,K2.5-tp4ep8dp2-8k2k,docs/iter_gap_investigation/phase429_reprofile/K2.5-tp4ep8dp2-8k2k,w0_prefill,,21,prefill_or_mixed,21,,passed,1,mla_attention,1126.430128,39.780730,5.310344,0.004714,,1.516977,0.595460,0.357492,0.047048,0.000000,passed,37,103,8,52,44,passed,passed,prefill_serialization_bubble_unmodeled,decode_mla_attention_slope_dominates,phase429_reprofile_window_hits_attributed,apply_named_undercharge_or_bubble_fix,patch_or_recollect_named_perfdb_component,false,true,true,false,false,false,true,No-Go
phase429_reprofile,step_category,K2.5-tp4ep8dp2-8k2k,docs/iter_gap_investigation/phase429_reprofile/K2.5-tp4ep8dp2-8k2k,w0_prefill,,21,prefill_or_mixed,21,,passed,1,moe_gemm_or_aux,1126.430128,307.492610,5.310344,0.004714,,1.516977,0.595460,0.357492,0.047048,0.000000,passed,37,103,8,52,44,passed,passed,prefill_serialization_bubble_unmodeled,decode_mla_attention_slope_dominates,phase429_reprofile_window_hits_attributed,apply_named_undercharge_or_bubble_fix,patch_or_recollect_named_perfdb_component,false,true,true,false,false,false,true,No-Go
phase429_reprofile,step_category,K2.5-tp4ep8dp2-8k2k,docs/iter_gap_investigation/phase429_reprofile/K2.5-tp4ep8dp2-8k2k,w0_prefill,,21,prefill_or_mixed,21,,passed,1,other_cuda,1126.430128,160.208760,5.310344,0.004714,,1.516977,0.595460,0.357492,0.047048,0.000000,passed,37,103,8,52,44,passed,passed,prefill_serialization_bubble_unmodeled,decode_mla_attention_slope_dominates,phase429_reprofile_window_hits_attributed,apply_named_undercharge_or_bubble_fix,patch_or_recollect_named_perfdb_component,false,true,true,false,false,false,true,No-Go
phase429_reprofile,step,K2.5-tp4ep8dp2-8k2k,docs/iter_gap_investigation/phase429_reprofile/K2.5-tp4ep8dp2-8k2k,w0_prefill,,22,prefill_or_mixed,22,,passed,1,,1128.972556,,6.021988,0.005334,,1.516977,0.595460,0.357492,0.047048,0.000000,passed,37,103,8,52,44,passed,passed,prefill_serialization_bubble_unmodeled,decode_mla_attention_slope_dominates,phase429_reprofile_window_hits_attributed,apply_named_undercharge_or_bubble_fix,patch_or_recollect_named_perfdb_component,false,true,true,false,false,false,true,No-Go
phase429_reprofile,step_category,K2.5-tp4ep8dp2-8k2k,docs/iter_gap_investigation/phase429_reprofile/K2.5-tp4ep8dp2-8k2k,w0_prefill,,22,prefill_or_mixed,22,,passed,1,dense_gemm,1128.972556,62.146407,6.021988,0.005334,,1.516977,0.595460,0.357492,0.047048,0.000000,passed,37,103,8,52,44,passed,passed,prefill_serialization_bubble_unmodeled,decode_mla_attention_slope_dominates,phase429_reprofile_window_hits_attributed,apply_named_undercharge_or_bubble_fix,patch_or_recollect_named_perfdb_component,false,true,true,false,false,false,true,No-Go
phase429_reprofile,step_category,K2.5-tp4ep8dp2-8k2k,docs/iter_gap_investigation/phase429_reprofile/K2.5-tp4ep8dp2-8k2k,w0_prefill,,22,prefill_or_mixed,22,,passed,1,ep_a2a,1128.972556,551.007428,6.021988,0.005334,,1.516977,0.595460,0.357492,0.047048,0.000000,passed,37,103,8,52,44,passed,passed,prefill_serialization_bubble_unmodeled,decode_mla_attention_slope_dominates,phase429_reprofile_window_hits_attributed,apply_named_undercharge_or_bubble_fix,patch_or_recollect_named_perfdb_component,false,true,true,false,false,false,true,No-Go
phase429_reprofile,step_category,K2.5-tp4ep8dp2-8k2k,docs/iter_gap_investigation/phase429_reprofile/K2.5-tp4ep8dp2-8k2k,w0_prefill,,22,prefill_or_mixed,22,,passed,1,memcpy_memset,1128.972556,1.389071,6.021988,0.005334,,1.516977,0.595460,0.357492,0.047048,0.000000,passed,37,103,8,52,44,passed,passed,prefill_serialization_bubble_unmodeled,decode_mla_attention_slope_dominates,phase429_reprofile_window_hits_attributed,apply_named_undercharge_or_bubble_fix,patch_or_recollect_named_perfdb_component,false,true,true,false,false,false,true,No-Go
phase429_reprofile,step_category,K2.5-tp4ep8dp2-8k2k,docs/iter_gap_investigation/phase429_reprofile/K2.5-tp4ep8dp2-8k2k,w0_prefill,,22,prefill_or_mixed,22,,passed,1,mla_attention,1128.972556,41.041556,6.021988,0.005334,,1.516977,0.595460,0.357492,0.047048,0.000000,passed,37,103,8,52,44,passed,passed,prefill_serialization_bubble_unmodeled,decode_mla_attention_slope_dominates,phase429_reprofile_window_hits_attributed,apply_named_undercharge_or_bubble_fix,patch_or_recollect_named_perfdb_component,false,true,true,false,false,false,true,No-Go
phase429_reprofile,step_category,K2.5-tp4ep8dp2-8k2k,docs/iter_gap_investigation/phase429_reprofile/K2.5-tp4ep8dp2-8k2k,w0_prefill,,22,prefill_or_mixed,22,,passed,1,moe_gemm_or_aux,1128.972556,307.369378,6.021988,0.005334,,1.516977,0.595460,0.357492,0.047048,0.000000,passed,37,103,8,52,44,passed,passed,prefill_serialization_bubble_unmodeled,decode_mla_attention_slope_dominates,phase429_reprofile_window_hits_attributed,apply_named_undercharge_or_bubble_fix,patch_or_recollect_named_perfdb_component,false,true,true,false,false,false,true,No-Go
phase429_reprofile,step_category,K2.5-tp4ep8dp2-8k2k,docs/iter_gap_investigation/phase429_reprofile/K2.5-tp4ep8dp2-8k2k,w0_prefill,,22,prefill_or_mixed,22,,passed,1,other_cuda,1128.972556,159.996728,6.021988,0.005334,,1.516977,0.595460,0.357492,0.047048,0.000000,passed,37,103,8,52,44,passed,passed,prefill_serialization_bubble_unmodeled,decode_mla_attention_slope_dominates,phase429_reprofile_window_hits_attributed,apply_named_undercharge_or_bubble_fix,patch_or_recollect_named_perfdb_component,false,true,true,false,false,false,true,No-Go
phase429_reprofile,step,K2.5-tp4ep8dp2-8k2k,docs/iter_gap_investigation/phase429_reprofile/K2.5-tp4ep8dp2-8k2k,w0_prefill,,23,prefill_or_mixed,23,,passed,1,,1371.618294,,9.233041,0.006731,,1.516977,0.595460,0.357492,0.047048,0.000000,passed,37,103,8,52,44,passed,passed,prefill_serialization_bubble_unmodeled,decode_mla_attention_slope_dominates,phase429_reprofile_window_hits_attributed,apply_named_undercharge_or_bubble_fix,patch_or_recollect_named_perfdb_component,false,true,true,false,false,false,true,No-Go
phase429_reprofile,step_category,K2.5-tp4ep8dp2-8k2k,docs/iter_gap_investigation/phase429_reprofile/K2.5-tp4ep8dp2-8k2k,w0_prefill,,23,prefill_or_mixed,23,,passed,1,dense_gemm,1371.618294,74.164144,9.233041,0.006731,,1.516977,0.595460,0.357492,0.047048,0.000000,passed,37,103,8,52,44,passed,passed,prefill_serialization_bubble_unmodeled,decode_mla_attention_slope_dominates,phase429_reprofile_window_hits_attributed,apply_named_undercharge_or_bubble_fix,patch_or_recollect_named_perfdb_component,false,true,true,false,false,false,true,No-Go
phase429_reprofile,step_category,K2.5-tp4ep8dp2-8k2k,docs/iter_gap_investigation/phase429_reprofile/K2.5-tp4ep8dp2-8k2k,w0_prefill,,23,prefill_or_mixed,23,,passed,1,ep_a2a,1371.618294,671.891303,9.233041,0.006731,,1.516977,0.595460,0.357492,0.047048,0.000000,passed,37,103,8,52,44,passed,passed,prefill_serialization_bubble_unmodeled,decode_mla_attention_slope_dominates,phase429_reprofile_window_hits_attributed,apply_named_undercharge_or_bubble_fix,patch_or_recollect_named_perfdb_component,false,true,true,false,false,false,true,No-Go
phase429_reprofile,step_category,K2.5-tp4ep8dp2-8k2k,docs/iter_gap_investigation/phase429_reprofile/K2.5-tp4ep8dp2-8k2k,w0_prefill,,23,prefill_or_mixed,23,,passed,1,memcpy_memset,1371.618294,1.615403,9.233041,0.006731,,1.516977,0.595460,0.357492,0.047048,0.000000,passed,37,103,8,52,44,passed,passed,prefill_serialization_bubble_unmodeled,decode_mla_attention_slope_dominates,phase429_reprofile_window_hits_attributed,apply_named_undercharge_or_bubble_fix,patch_or_recollect_named_perfdb_component,false,true,true,false,false,false,true,No-Go
phase429_reprofile,step_category,K2.5-tp4ep8dp2-8k2k,docs/iter_gap_investigation/phase429_reprofile/K2.5-tp4ep8dp2-8k2k,w0_prefill,,23,prefill_or_mixed,23,,passed,1,mla_attention,1371.618294,49.326775,9.233041,0.006731,,1.516977,0.595460,0.357492,0.047048,0.000000,passed,37,103,8,52,44,passed,passed,prefill_serialization_bubble_unmodeled,decode_mla_attention_slope_dominates,phase429_reprofile_window_hits_attributed,apply_named_undercharge_or_bubble_fix,patch_or_recollect_named_perfdb_component,false,true,true,false,false,false,true,No-Go
phase429_reprofile,step_category,K2.5-tp4ep8dp2-8k2k,docs/iter_gap_investigation/phase429_reprofile/K2.5-tp4ep8dp2-8k2k,w0_prefill,,23,prefill_or_mixed,23,,passed,1,moe_gemm_or_aux,1371.618294,373.041428,9.233041,0.006731,,1.516977,0.595460,0.357492,0.047048,0.000000,passed,37,103,8,52,44,passed,passed,prefill_serialization_bubble_unmodeled,decode_mla_attention_slope_dominates,phase429_reprofile_window_hits_attributed,apply_named_undercharge_or_bubble_fix,patch_or_recollect_named_perfdb_component,false,true,true,false,false,false,true,No-Go
phase429_reprofile,step_category,K2.5-tp4ep8dp2-8k2k,docs/iter_gap_investigation/phase429_reprofile/K2.5-tp4ep8dp2-8k2k,w0_prefill,,23,prefill_or_mixed,23,,passed,1,other_cuda,1371.618294,192.346201,9.233041,0.006731,,1.516977,0.595460,0.357492,0.047048,0.000000,passed,37,103,8,52,44,passed,passed,prefill_serialization_bubble_unmodeled,decode_mla_attention_slope_dominates,phase429_reprofile_window_hits_attributed,apply_named_undercharge_or_bubble_fix,patch_or_recollect_named_perfdb_component,false,true,true,false,false,false,true,No-Go
phase429_reprofile,step,K2.5-tp4ep8dp2-8k2k,docs/iter_gap_investigation/phase429_reprofile/K2.5-tp4ep8dp2-8k2k,w0_prefill,,24,prefill_or_mixed,24,,passed,1,,1131.715058,,9.311175,0.008227,,1.516977,0.595460,0.357492,0.047048,0.000000,passed,37,103,8,52,44,passed,passed,prefill_serialization_bubble_unmodeled,decode_mla_attention_slope_dominates,phase429_reprofile_window_hits_attributed,apply_named_undercharge_or_bubble_fix,patch_or_recollect_named_perfdb_component,false,true,true,false,false,false,true,No-Go
phase429_reprofile,step_category,K2.5-tp4ep8dp2-8k2k,docs/iter_gap_investigation/phase429_reprofile/K2.5-tp4ep8dp2-8k2k,w0_prefill,,24,prefill_or_mixed,24,,passed,1,dense_gemm,1131.715058,61.987436,9.311175,0.008227,,1.516977,0.595460,0.357492,0.047048,0.000000,passed,37,103,8,52,44,passed,passed,prefill_serialization_bubble_unmodeled,decode_mla_attention_slope_dominates,phase429_reprofile_window_hits_attributed,apply_named_undercharge_or_bubble_fix,patch_or_recollect_named_perfdb_component,false,true,true,false,false,false,true,No-Go
phase429_reprofile,step_category,K2.5-tp4ep8dp2-8k2k,docs/iter_gap_investigation/phase429_reprofile/K2.5-tp4ep8dp2-8k2k,w0_prefill,,24,prefill_or_mixed,24,,passed,1,ep_a2a,1131.715058,552.215461,9.311175,0.008227,,1.516977,0.595460,0.357492,0.047048,0.000000,passed,37,103,8,52,44,passed,passed,prefill_serialization_bubble_unmodeled,decode_mla_attention_slope_dominates,phase429_reprofile_window_hits_attributed,apply_named_undercharge_or_bubble_fix,patch_or_recollect_named_perfdb_component,false,true,true,false,false,false,true,No-Go
phase429_reprofile,step_category,K2.5-tp4ep8dp2-8k2k,docs/iter_gap_investigation/phase429_reprofile/K2.5-tp4ep8dp2-8k2k,w0_prefill,,24,prefill_or_mixed,24,,passed,1,memcpy_memset,1131.715058,1.381504,9.311175,0.008227,,1.516977,0.595460,0.357492,0.047048,0.000000,passed,37,103,8,52,44,passed,passed,prefill_serialization_bubble_unmodeled,decode_mla_attention_slope_dominates,phase429_reprofile_window_hits_attributed,apply_named_undercharge_or_bubble_fix,patch_or_recollect_named_perfdb_component,false,true,true,false,false,false,true,No-Go
phase429_reprofile,step_category,K2.5-tp4ep8dp2-8k2k,docs/iter_gap_investigation/phase429_reprofile/K2.5-tp4ep8dp2-8k2k,w0_prefill,,24,prefill_or_mixed,24,,passed,1,mla_attention,1131.715058,41.226164,9.311175,0.008227,,1.516977,0.595460,0.357492,0.047048,0.000000,passed,37,103,8,52,44,passed,passed,prefill_serialization_bubble_unmodeled,decode_mla_attention_slope_dominates,phase429_reprofile_window_hits_attributed,apply_named_undercharge_or_bubble_fix,patch_or_recollect_named_perfdb_component,false,true,true,false,false,false,true,No-Go
phase429_reprofile,step_category,K2.5-tp4ep8dp2-8k2k,docs/iter_gap_investigation/phase429_reprofile/K2.5-tp4ep8dp2-8k2k,w0_prefill,,24,prefill_or_mixed,24,,passed,1,moe_gemm_or_aux,1131.715058,304.875747,9.311175,0.008227,,1.516977,0.595460,0.357492,0.047048,0.000000,passed,37,103,8,52,44,passed,passed,prefill_serialization_bubble_unmodeled,decode_mla_attention_slope_dominates,phase429_reprofile_window_hits_attributed,apply_named_undercharge_or_bubble_fix,patch_or_recollect_named_perfdb_component,false,true,true,false,false,false,true,No-Go
phase429_reprofile,step_category,K2.5-tp4ep8dp2-8k2k,docs/iter_gap_investigation/phase429_reprofile/K2.5-tp4ep8dp2-8k2k,w0_prefill,,24,prefill_or_mixed,24,,passed,1,other_cuda,1131.715058,160.717571,9.311175,0.008227,,1.516977,0.595460,0.357492,0.047048,0.000000,passed,37,103,8,52,44,passed,passed,prefill_serialization_bubble_unmodeled,decode_mla_attention_slope_dominates,phase429_reprofile_window_hits_attributed,apply_named_undercharge_or_bubble_fix,patch_or_recollect_named_perfdb_component,false,true,true,false,false,false,true,No-Go
phase429_reprofile,step,K2.5-tp4ep8dp2-8k2k,docs/iter_gap_investigation/phase429_reprofile/K2.5-tp4ep8dp2-8k2k,w0_prefill,,25,prefill_or_mixed,25,,passed,1,,891.496539,,8.966558,0.010058,,1.516977,0.595460,0.357492,0.047048,0.000000,passed,37,103,8,52,44,passed,passed,prefill_serialization_bubble_unmodeled,decode_mla_attention_slope_dominates,phase429_reprofile_window_hits_attributed,apply_named_undercharge_or_bubble_fix,patch_or_recollect_named_perfdb_component,false,true,true,false,false,false,true,No-Go
phase429_reprofile,step_category,K2.5-tp4ep8dp2-8k2k,docs/iter_gap_investigation/phase429_reprofile/K2.5-tp4ep8dp2-8k2k,w0_prefill,,25,prefill_or_mixed,25,,passed,1,dense_gemm,891.496539,50.064306,8.966558,0.010058,,1.516977,0.595460,0.357492,0.047048,0.000000,passed,37,103,8,52,44,passed,passed,prefill_serialization_bubble_unmodeled,decode_mla_attention_slope_dominates,phase429_reprofile_window_hits_attributed,apply_named_undercharge_or_bubble_fix,patch_or_recollect_named_perfdb_component,false,true,true,false,false,false,true,No-Go
phase429_reprofile,step_category,K2.5-tp4ep8dp2-8k2k,docs/iter_gap_investigation/phase429_reprofile/K2.5-tp4ep8dp2-8k2k,w0_prefill,,25,prefill_or_mixed,25,,passed,1,ep_a2a,891.496539,425.979565,8.966558,0.010058,,1.516977,0.595460,0.357492,0.047048,0.000000,passed,37,103,8,52,44,passed,passed,prefill_serialization_bubble_unmodeled,decode_mla_attention_slope_dominates,phase429_reprofile_window_hits_attributed,apply_named_undercharge_or_bubble_fix,patch_or_recollect_named_perfdb_component,false,true,true,false,false,false,true,No-Go
phase429_reprofile,step_category,K2.5-tp4ep8dp2-8k2k,docs/iter_gap_investigation/phase429_reprofile/K2.5-tp4ep8dp2-8k2k,w0_prefill,,25,prefill_or_mixed,25,,passed,1,memcpy_memset,891.496539,1.106063,8.966558,0.010058,,1.516977,0.595460,0.357492,0.047048,0.000000,passed,37,103,8,52,44,passed,passed,prefill_serialization_bubble_unmodeled,decode_mla_attention_slope_dominates,phase429_reprofile_window_hits_attributed,apply_named_undercharge_or_bubble_fix,patch_or_recollect_named_perfdb_component,false,true,true,false,false,false,true,No-Go
phase429_reprofile,step_category,K2.5-tp4ep8dp2-8k2k,docs/iter_gap_investigation/phase429_reprofile/K2.5-tp4ep8dp2-8k2k,w0_prefill,,25,prefill_or_mixed,25,,passed,1,mla_attention,891.496539,33.107036,8.966558,0.010058,,1.516977,0.595460,0.357492,0.047048,0.000000,passed,37,103,8,52,44,passed,passed,prefill_serialization_bubble_unmodeled,decode_mla_attention_slope_dominates,phase429_reprofile_window_hits_attributed,apply_named_undercharge_or_bubble_fix,patch_or_recollect_named_perfdb_component,false,true,true,false,false,false,true,No-Go
phase429_reprofile,step_category,K2.5-tp4ep8dp2-8k2k,docs/iter_gap_investigation/phase429_reprofile/K2.5-tp4ep8dp2-8k2k,w0_prefill,,25,prefill_or_mixed,25,,passed,1,moe_gemm_or_aux,891.496539,244.447339,8.966558,0.010058,,1.516977,0.595460,0.357492,0.047048,0.000000,passed,37,103,8,52,44,passed,passed,prefill_serialization_bubble_unmodeled,decode_mla_attention_slope_dominates,phase429_reprofile_window_hits_attributed,apply_named_undercharge_or_bubble_fix,patch_or_recollect_named_perfdb_component,false,true,true,false,false,false,true,No-Go
phase429_reprofile,step_category,K2.5-tp4ep8dp2-8k2k,docs/iter_gap_investigation/phase429_reprofile/K2.5-tp4ep8dp2-8k2k,w0_prefill,,25,prefill_or_mixed,25,,passed,1,other_cuda,891.496539,127.825672,8.966558,0.010058,,1.516977,0.595460,0.357492,0.047048,0.000000,passed,37,103,8,52,44,passed,passed,prefill_serialization_bubble_unmodeled,decode_mla_attention_slope_dominates,phase429_reprofile_window_hits_attributed,apply_named_undercharge_or_bubble_fix,patch_or_recollect_named_perfdb_component,false,true,true,false,false,false,true,No-Go
phase429_reprofile,step,K2.5-tp4ep8dp2-8k2k,docs/iter_gap_investigation/phase429_reprofile/K2.5-tp4ep8dp2-8k2k,w0_prefill,,26,prefill_or_mixed,26,,passed,1,,1131.629666,,8.979193,0.007935,,1.516977,0.595460,0.357492,0.047048,0.000000,passed,37,103,8,52,44,passed,passed,prefill_serialization_bubble_unmodeled,decode_mla_attention_slope_dominates,phase429_reprofile_window_hits_attributed,apply_named_undercharge_or_bubble_fix,patch_or_recollect_named_perfdb_component,false,true,true,false,false,false,true,No-Go
phase429_reprofile,step_category,K2.5-tp4ep8dp2-8k2k,docs/iter_gap_investigation/phase429_reprofile/K2.5-tp4ep8dp2-8k2k,w0_prefill,,26,prefill_or_mixed,26,,passed,1,dense_gemm,1131.629666,62.059546,8.979193,0.007935,,1.516977,0.595460,0.357492,0.047048,0.000000,passed,37,103,8,52,44,passed,passed,prefill_serialization_bubble_unmodeled,decode_mla_attention_slope_dominates,phase429_reprofile_window_hits_attributed,apply_named_undercharge_or_bubble_fix,patch_or_recollect_named_perfdb_component,false,true,true,false,false,false,true,No-Go
phase429_reprofile,step_category,K2.5-tp4ep8dp2-8k2k,docs/iter_gap_investigation/phase429_reprofile/K2.5-tp4ep8dp2-8k2k,w0_prefill,,26,prefill_or_mixed,26,,passed,1,ep_a2a,1131.629666,550.207298,8.979193,0.007935,,1.516977,0.595460,0.357492,0.047048,0.000000,passed,37,103,8,52,44,passed,passed,prefill_serialization_bubble_unmodeled,decode_mla_attention_slope_dominates,phase429_reprofile_window_hits_attributed,apply_named_undercharge_or_bubble_fix,patch_or_recollect_named_perfdb_component,false,true,true,false,false,false,true,No-Go
phase429_reprofile,step_category,K2.5-tp4ep8dp2-8k2k,docs/iter_gap_investigation/phase429_reprofile/K2.5-tp4ep8dp2-8k2k,w0_prefill,,26,prefill_or_mixed,26,,passed,1,memcpy_memset,1131.629666,1.383631,8.979193,0.007935,,1.516977,0.595460,0.357492,0.047048,0.000000,passed,37,103,8,52,44,passed,passed,prefill_serialization_bubble_unmodeled,decode_mla_attention_slope_dominates,phase429_reprofile_window_hits_attributed,apply_named_undercharge_or_bubble_fix,patch_or_recollect_named_perfdb_component,false,true,true,false,false,false,true,No-Go
phase429_reprofile,step_category,K2.5-tp4ep8dp2-8k2k,docs/iter_gap_investigation/phase429_reprofile/K2.5-tp4ep8dp2-8k2k,w0_prefill,,26,prefill_or_mixed,26,,passed,1,mla_attention,1131.629666,40.926908,8.979193,0.007935,,1.516977,0.595460,0.357492,0.047048,0.000000,passed,37,103,8,52,44,passed,passed,prefill_serialization_bubble_unmodeled,decode_mla_attention_slope_dominates,phase429_reprofile_window_hits_attributed,apply_named_undercharge_or_bubble_fix,patch_or_recollect_named_perfdb_component,false,true,true,false,false,false,true,No-Go
phase429_reprofile,step_category,K2.5-tp4ep8dp2-8k2k,docs/iter_gap_investigation/phase429_reprofile/K2.5-tp4ep8dp2-8k2k,w0_prefill,,26,prefill_or_mixed,26,,passed,1,moe_gemm_or_aux,1131.629666,307.700926,8.979193,0.007935,,1.516977,0.595460,0.357492,0.047048,0.000000,passed,37,103,8,52,44,passed,passed,prefill_serialization_bubble_unmodeled,decode_mla_attention_slope_dominates,phase429_reprofile_window_hits_attributed,apply_named_undercharge_or_bubble_fix,patch_or_recollect_named_perfdb_component,false,true,true,false,false,false,true,No-Go
phase429_reprofile,step_category,K2.5-tp4ep8dp2-8k2k,docs/iter_gap_investigation/phase429_reprofile/K2.5-tp4ep8dp2-8k2k,w0_prefill,,26,prefill_or_mixed,26,,passed,1,other_cuda,1131.629666,160.372163,8.979193,0.007935,,1.516977,0.595460,0.357492,0.047048,0.000000,passed,37,103,8,52,44,passed,passed,prefill_serialization_bubble_unmodeled,decode_mla_attention_slope_dominates,phase429_reprofile_window_hits_attributed,apply_named_undercharge_or_bubble_fix,patch_or_recollect_named_perfdb_component,false,true,true,false,false,false,true,No-Go
phase429_reprofile,step,K2.5-tp4ep8dp2-8k2k,docs/iter_gap_investigation/phase429_reprofile/K2.5-tp4ep8dp2-8k2k,w0_prefill,,27,prefill_or_mixed,27,,passed,1,,1130.087763,,8.284076,0.007330,,1.516977,0.595460,0.357492,0.047048,0.000000,passed,37,103,8,52,44,passed,passed,prefill_serialization_bubble_unmodeled,decode_mla_attention_slope_dominates,phase429_reprofile_window_hits_attributed,apply_named_undercharge_or_bubble_fix,patch_or_recollect_named_perfdb_component,false,true,true,false,false,false,true,No-Go
phase429_reprofile,step_category,K2.5-tp4ep8dp2-8k2k,docs/iter_gap_investigation/phase429_reprofile/K2.5-tp4ep8dp2-8k2k,w0_prefill,,27,prefill_or_mixed,27,,passed,1,dense_gemm,1130.087763,62.030612,8.284076,0.007330,,1.516977,0.595460,0.357492,0.047048,0.000000,passed,37,103,8,52,44,passed,passed,prefill_serialization_bubble_unmodeled,decode_mla_attention_slope_dominates,phase429_reprofile_window_hits_attributed,apply_named_undercharge_or_bubble_fix,patch_or_recollect_named_perfdb_component,false,true,true,false,false,false,true,No-Go
phase429_reprofile,step_category,K2.5-tp4ep8dp2-8k2k,docs/iter_gap_investigation/phase429_reprofile/K2.5-tp4ep8dp2-8k2k,w0_prefill,,27,prefill_or_mixed,27,,passed,1,ep_a2a,1130.087763,550.032660,8.284076,0.007330,,1.516977,0.595460,0.357492,0.047048,0.000000,passed,37,103,8,52,44,passed,passed,prefill_serialization_bubble_unmodeled,decode_mla_attention_slope_dominates,phase429_reprofile_window_hits_attributed,apply_named_undercharge_or_bubble_fix,patch_or_recollect_named_perfdb_component,false,true,true,false,false,false,true,No-Go
phase429_reprofile,step_category,K2.5-tp4ep8dp2-8k2k,docs/iter_gap_investigation/phase429_reprofile/K2.5-tp4ep8dp2-8k2k,w0_prefill,,27,prefill_or_mixed,27,,passed,1,memcpy_memset,1130.087763,1.371805,8.284076,0.007330,,1.516977,0.595460,0.357492,0.047048,0.000000,passed,37,103,8,52,44,passed,passed,prefill_serialization_bubble_unmodeled,decode_mla_attention_slope_dominates,phase429_reprofile_window_hits_attributed,apply_named_undercharge_or_bubble_fix,patch_or_recollect_named_perfdb_component,false,true,true,false,false,false,true,No-Go
phase429_reprofile,step_category,K2.5-tp4ep8dp2-8k2k,docs/iter_gap_investigation/phase429_reprofile/K2.5-tp4ep8dp2-8k2k,w0_prefill,,27,prefill_or_mixed,27,,passed,1,mla_attention,1130.087763,40.888892,8.284076,0.007330,,1.516977,0.595460,0.357492,0.047048,0.000000,passed,37,103,8,52,44,passed,passed,prefill_serialization_bubble_unmodeled,decode_mla_attention_slope_dominates,phase429_reprofile_window_hits_attributed,apply_named_undercharge_or_bubble_fix,patch_or_recollect_named_perfdb_component,false,true,true,false,false,false,true,No-Go
phase429_reprofile,step_category,K2.5-tp4ep8dp2-8k2k,docs/iter_gap_investigation/phase429_reprofile/K2.5-tp4ep8dp2-8k2k,w0_prefill,,27,prefill_or_mixed,27,,passed,1,moe_gemm_or_aux,1130.087763,307.733258,8.284076,0.007330,,1.516977,0.595460,0.357492,0.047048,0.000000,passed,37,103,8,52,44,passed,passed,prefill_serialization_bubble_unmodeled,decode_mla_attention_slope_dominates,phase429_reprofile_window_hits_attributed,apply_named_undercharge_or_bubble_fix,patch_or_recollect_named_perfdb_component,false,true,true,false,false,false,true,No-Go
phase429_reprofile,step_category,K2.5-tp4ep8dp2-8k2k,docs/iter_gap_investigation/phase429_reprofile/K2.5-tp4ep8dp2-8k2k,w0_prefill,,27,prefill_or_mixed,27,,passed,1,other_cuda,1130.087763,159.746461,8.284076,0.007330,,1.516977,0.595460,0.357492,0.047048,0.000000,passed,37,103,8,52,44,passed,passed,prefill_serialization_bubble_unmodeled,decode_mla_attention_slope_dominates,phase429_reprofile_window_hits_attributed,apply_named_undercharge_or_bubble_fix,patch_or_recollect_named_perfdb_component,false,true,true,false,false,false,true,No-Go
phase429_reprofile,step,K2.5-tp4ep8dp2-8k2k,docs/iter_gap_investigation/phase429_reprofile/K2.5-tp4ep8dp2-8k2k,w0_prefill,,28,prefill_or_mixed,28,,passed,1,,1130.844198,,9.186107,0.008123,,1.516977,0.595460,0.357492,0.047048,0.000000,passed,37,103,8,52,44,passed,passed,prefill_serialization_bubble_unmodeled,decode_mla_attention_slope_dominates,phase429_reprofile_window_hits_attributed,apply_named_undercharge_or_bubble_fix,patch_or_recollect_named_perfdb_component,false,true,true,false,false,false,true,No-Go
phase429_reprofile,step_category,K2.5-tp4ep8dp2-8k2k,docs/iter_gap_investigation/phase429_reprofile/K2.5-tp4ep8dp2-8k2k,w0_prefill,,28,prefill_or_mixed,28,,passed,1,dense_gemm,1130.844198,61.985562,9.186107,0.008123,,1.516977,0.595460,0.357492,0.047048,0.000000,passed,37,103,8,52,44,passed,passed,prefill_serialization_bubble_unmodeled,decode_mla_attention_slope_dominates,phase429_reprofile_window_hits_attributed,apply_named_undercharge_or_bubble_fix,patch_or_recollect_named_perfdb_component,false,true,true,false,false,false,true,No-Go
phase429_reprofile,step_category,K2.5-tp4ep8dp2-8k2k,docs/iter_gap_investigation/phase429_reprofile/K2.5-tp4ep8dp2-8k2k,w0_prefill,,28,prefill_or_mixed,28,,passed,1,ep_a2a,1130.844198,550.260974,9.186107,0.008123,,1.516977,0.595460,0.357492,0.047048,0.000000,passed,37,103,8,52,44,passed,passed,prefill_serialization_bubble_unmodeled,decode_mla_attention_slope_dominates,phase429_reprofile_window_hits_attributed,apply_named_undercharge_or_bubble_fix,patch_or_recollect_named_perfdb_component,false,true,true,false,false,false,true,No-Go
phase429_reprofile,step_category,K2.5-tp4ep8dp2-8k2k,docs/iter_gap_investigation/phase429_reprofile/K2.5-tp4ep8dp2-8k2k,w0_prefill,,28,prefill_or_mixed,28,,passed,1,memcpy_memset,1130.844198,1.379579,9.186107,0.008123,,1.516977,0.595460,0.357492,0.047048,0.000000,passed,37,103,8,52,44,passed,passed,prefill_serialization_bubble_unmodeled,decode_mla_attention_slope_dominates,phase429_reprofile_window_hits_attributed,apply_named_undercharge_or_bubble_fix,patch_or_recollect_named_perfdb_component,false,true,true,false,false,false,true,No-Go
phase429_reprofile,step_category,K2.5-tp4ep8dp2-8k2k,docs/iter_gap_investigation/phase429_reprofile/K2.5-tp4ep8dp2-8k2k,w0_prefill,,28,prefill_or_mixed,28,,passed,1,mla_attention,1130.844198,40.499071,9.186107,0.008123,,1.516977,0.595460,0.357492,0.047048,0.000000,passed,37,103,8,52,44,passed,passed,prefill_serialization_bubble_unmodeled,decode_mla_attention_slope_dominates,phase429_reprofile_window_hits_attributed,apply_named_undercharge_or_bubble_fix,patch_or_recollect_named_perfdb_component,false,true,true,false,false,false,true,No-Go
phase429_reprofile,step_category,K2.5-tp4ep8dp2-8k2k,docs/iter_gap_investigation/phase429_reprofile/K2.5-tp4ep8dp2-8k2k,w0_prefill,,28,prefill_or_mixed,28,,passed,1,moe_gemm_or_aux,1130.844198,307.803867,9.186107,0.008123,,1.516977,0.595460,0.357492,0.047048,0.000000,passed,37,103,8,52,44,passed,passed,prefill_serialization_bubble_unmodeled,decode_mla_attention_slope_dominates,phase429_reprofile_window_hits_attributed,apply_named_undercharge_or_bubble_fix,patch_or_recollect_named_perfdb_component,false,true,true,false,false,false,true,No-Go
phase429_reprofile,step_category,K2.5-tp4ep8dp2-8k2k,docs/iter_gap_investigation/phase429_reprofile/K2.5-tp4ep8dp2-8k2k,w0_prefill,,28,prefill_or_mixed,28,,passed,1,other_cuda,1130.844198,159.729040,9.186107,0.008123,,1.516977,0.595460,0.357492,0.047048,0.000000,passed,37,103,8,52,44,passed,passed,prefill_serialization_bubble_unmodeled,decode_mla_attention_slope_dominates,phase429_reprofile_window_hits_attributed,apply_named_undercharge_or_bubble_fix,patch_or_recollect_named_perfdb_component,false,true,true,false,false,false,true,No-Go
phase429_reprofile,step,K2.5-tp4ep8dp2-8k2k,docs/iter_gap_investigation/phase429_reprofile/K2.5-tp4ep8dp2-8k2k,w0_prefill,,29,prefill_or_mixed,29,,passed,1,,1130.309716,,9.193028,0.008133,,1.516977,0.595460,0.357492,0.047048,0.000000,passed,37,103,8,52,44,passed,passed,prefill_serialization_bubble_unmodeled,decode_mla_attention_slope_dominates,phase429_reprofile_window_hits_attributed,apply_named_undercharge_or_bubble_fix,patch_or_recollect_named_perfdb_component,false,true,true,false,false,false,true,No-Go
phase429_reprofile,step_category,K2.5-tp4ep8dp2-8k2k,docs/iter_gap_investigation/phase429_reprofile/K2.5-tp4ep8dp2-8k2k,w0_prefill,,29,prefill_or_mixed,29,,passed,1,dense_gemm,1130.309716,61.997257,9.193028,0.008133,,1.516977,0.595460,0.357492,0.047048,0.000000,passed,37,103,8,52,44,passed,passed,prefill_serialization_bubble_unmodeled,decode_mla_attention_slope_dominates,phase429_reprofile_window_hits_attributed,apply_named_undercharge_or_bubble_fix,patch_or_recollect_named_perfdb_component,false,true,true,false,false,false,true,No-Go
phase429_reprofile,step_category,K2.5-tp4ep8dp2-8k2k,docs/iter_gap_investigation/phase429_reprofile/K2.5-tp4ep8dp2-8k2k,w0_prefill,,29,prefill_or_mixed,29,,passed,1,ep_a2a,1130.309716,549.917306,9.193028,0.008133,,1.516977,0.595460,0.357492,0.047048,0.000000,passed,37,103,8,52,44,passed,passed,prefill_serialization_bubble_unmodeled,decode_mla_attention_slope_dominates,phase429_reprofile_window_hits_attributed,apply_named_undercharge_or_bubble_fix,patch_or_recollect_named_perfdb_component,false,true,true,false,false,false,true,No-Go
phase429_reprofile,step_category,K2.5-tp4ep8dp2-8k2k,docs/iter_gap_investigation/phase429_reprofile/K2.5-tp4ep8dp2-8k2k,w0_prefill,,29,prefill_or_mixed,29,,passed,1,memcpy_memset,1130.309716,1.370467,9.193028,0.008133,,1.516977,0.595460,0.357492,0.047048,0.000000,passed,37,103,8,52,44,passed,passed,prefill_serialization_bubble_unmodeled,decode_mla_attention_slope_dominates,phase429_reprofile_window_hits_attributed,apply_named_undercharge_or_bubble_fix,patch_or_recollect_named_perfdb_component,false,true,true,false,false,false,true,No-Go
phase429_reprofile,step_category,K2.5-tp4ep8dp2-8k2k,docs/iter_gap_investigation/phase429_reprofile/K2.5-tp4ep8dp2-8k2k,w0_prefill,,29,prefill_or_mixed,29,,passed,1,mla_attention,1130.309716,39.823121,9.193028,0.008133,,1.516977,0.595460,0.357492,0.047048,0.000000,passed,37,103,8,52,44,passed,passed,prefill_serialization_bubble_unmodeled,decode_mla_attention_slope_dominates,phase429_reprofile_window_hits_attributed,apply_named_undercharge_or_bubble_fix,patch_or_recollect_named_perfdb_component,false,true,true,false,false,false,true,No-Go
phase429_reprofile,step_category,K2.5-tp4ep8dp2-8k2k,docs/iter_gap_investigation/phase429_reprofile/K2.5-tp4ep8dp2-8k2k,w0_prefill,,29,prefill_or_mixed,29,,passed,1,moe_gemm_or_aux,1130.309716,307.873480,9.193028,0.008133,,1.516977,0.595460,0.357492,0.047048,0.000000,passed,37,103,8,52,44,passed,passed,prefill_serialization_bubble_unmodeled,decode_mla_attention_slope_dominates,phase429_reprofile_window_hits_attributed,apply_named_undercharge_or_bubble_fix,patch_or_recollect_named_perfdb_component,false,true,true,false,false,false,true,No-Go
phase429_reprofile,step_category,K2.5-tp4ep8dp2-8k2k,docs/iter_gap_investigation/phase429_reprofile/K2.5-tp4ep8dp2-8k2k,w0_prefill,,29,prefill_or_mixed,29,,passed,1,other_cuda,1130.309716,160.135058,9.193028,0.008133,,1.516977,0.595460,0.357492,0.047048,0.000000,passed,37,103,8,52,44,passed,passed,prefill_serialization_bubble_unmodeled,decode_mla_attention_slope_dominates,phase429_reprofile_window_hits_attributed,apply_named_undercharge_or_bubble_fix,patch_or_recollect_named_perfdb_component,false,true,true,false,false,false,true,No-Go
phase429_reprofile,step,K2.5-tp4ep8dp2-8k2k,docs/iter_gap_investigation/phase429_reprofile/K2.5-tp4ep8dp2-8k2k,w0_prefill,,30,prefill_or_mixed,30,,passed,1,,1133.124996,,9.369380,0.008269,,1.516977,0.595460,0.357492,0.047048,0.000000,passed,37,103,8,52,44,passed,passed,prefill_serialization_bubble_unmodeled,decode_mla_attention_slope_dominates,phase429_reprofile_window_hits_attributed,apply_named_undercharge_or_bubble_fix,patch_or_recollect_named_perfdb_component,false,true,true,false,false,false,true,No-Go
phase429_reprofile,step_category,K2.5-tp4ep8dp2-8k2k,docs/iter_gap_investigation/phase429_reprofile/K2.5-tp4ep8dp2-8k2k,w0_prefill,,30,prefill_or_mixed,30,,passed,1,dense_gemm,1133.124996,62.099321,9.369380,0.008269,,1.516977,0.595460,0.357492,0.047048,0.000000,passed,37,103,8,52,44,passed,passed,prefill_serialization_bubble_unmodeled,decode_mla_attention_slope_dominates,phase429_reprofile_window_hits_attributed,apply_named_undercharge_or_bubble_fix,patch_or_recollect_named_perfdb_component,false,true,true,false,false,false,true,No-Go
phase429_reprofile,step_category,K2.5-tp4ep8dp2-8k2k,docs/iter_gap_investigation/phase429_reprofile/K2.5-tp4ep8dp2-8k2k,w0_prefill,,30,prefill_or_mixed,30,,passed,1,ep_a2a,1133.124996,550.016429,9.369380,0.008269,,1.516977,0.595460,0.357492,0.047048,0.000000,passed,37,103,8,52,44,passed,passed,prefill_serialization_bubble_unmodeled,decode_mla_attention_slope_dominates,phase429_reprofile_window_hits_attributed,apply_named_undercharge_or_bubble_fix,patch_or_recollect_named_perfdb_component,false,true,true,false,false,false,true,No-Go
phase429_reprofile,step_category,K2.5-tp4ep8dp2-8k2k,docs/iter_gap_investigation/phase429_reprofile/K2.5-tp4ep8dp2-8k2k,w0_prefill,,30,prefill_or_mixed,30,,passed,1,memcpy_memset,1133.124996,1.377912,9.369380,0.008269,,1.516977,0.595460,0.357492,0.047048,0.000000,passed,37,103,8,52,44,passed,passed,prefill_serialization_bubble_unmodeled,decode_mla_attention_slope_dominates,phase429_reprofile_window_hits_attributed,apply_named_undercharge_or_bubble_fix,patch_or_recollect_named_perfdb_component,false,true,true,false,false,false,true,No-Go
phase429_reprofile,step_category,K2.5-tp4ep8dp2-8k2k,docs/iter_gap_investigation/phase429_reprofile/K2.5-tp4ep8dp2-8k2k,w0_prefill,,30,prefill_or_mixed,30,,passed,1,mla_attention,1133.124996,42.822314,9.369380,0.008269,,1.516977,0.595460,0.357492,0.047048,0.000000,passed,37,103,8,52,44,passed,passed,prefill_serialization_bubble_unmodeled,decode_mla_attention_slope_dominates,phase429_reprofile_window_hits_attributed,apply_named_undercharge_or_bubble_fix,patch_or_recollect_named_perfdb_component,false,true,true,false,false,false,true,No-Go
phase429_reprofile,step_category,K2.5-tp4ep8dp2-8k2k,docs/iter_gap_investigation/phase429_reprofile/K2.5-tp4ep8dp2-8k2k,w0_prefill,,30,prefill_or_mixed,30,,passed,1,moe_gemm_or_aux,1133.124996,307.902945,9.369380,0.008269,,1.516977,0.595460,0.357492,0.047048,0.000000,passed,37,103,8,52,44,passed,passed,prefill_serialization_bubble_unmodeled,decode_mla_attention_slope_dominates,phase429_reprofile_window_hits_attributed,apply_named_undercharge_or_bubble_fix,patch_or_recollect_named_perfdb_component,false,true,true,false,false,false,true,No-Go
phase429_reprofile,step_category,K2.5-tp4ep8dp2-8k2k,docs/iter_gap_investigation/phase429_reprofile/K2.5-tp4ep8dp2-8k2k,w0_prefill,,30,prefill_or_mixed,30,,passed,1,other_cuda,1133.124996,159.536695,9.369380,0.008269,,1.516977,0.595460,0.357492,0.047048,0.000000,passed,37,103,8,52,44,passed,passed,prefill_serialization_bubble_unmodeled,decode_mla_attention_slope_dominates,phase429_reprofile_window_hits_attributed,apply_named_undercharge_or_bubble_fix,patch_or_recollect_named_perfdb_component,false,true,true,false,false,false,true,No-Go
phase429_reprofile,step,K2.5-tp4ep8dp2-8k2k,docs/iter_gap_investigation/phase429_reprofile/K2.5-tp4ep8dp2-8k2k,w0_prefill,,31,prefill_or_mixed,31,,passed,1,,1382.588324,,10.251550,0.007415,,1.516977,0.595460,0.357492,0.047048,0.000000,passed,37,103,8,52,44,passed,passed,prefill_serialization_bubble_unmodeled,decode_mla_attention_slope_dominates,phase429_reprofile_window_hits_attributed,apply_named_undercharge_or_bubble_fix,patch_or_recollect_named_perfdb_component,false,true,true,false,false,false,true,No-Go
phase429_reprofile,step_category,K2.5-tp4ep8dp2-8k2k,docs/iter_gap_investigation/phase429_reprofile/K2.5-tp4ep8dp2-8k2k,w0_prefill,,31,prefill_or_mixed,31,,passed,1,dense_gemm,1382.588324,74.379981,10.251550,0.007415,,1.516977,0.595460,0.357492,0.047048,0.000000,passed,37,103,8,52,44,passed,passed,prefill_serialization_bubble_unmodeled,decode_mla_attention_slope_dominates,phase429_reprofile_window_hits_attributed,apply_named_undercharge_or_bubble_fix,patch_or_recollect_named_perfdb_component,false,true,true,false,false,false,true,No-Go
phase429_reprofile,step_category,K2.5-tp4ep8dp2-8k2k,docs/iter_gap_investigation/phase429_reprofile/K2.5-tp4ep8dp2-8k2k,w0_prefill,,31,prefill_or_mixed,31,,passed,1,ep_a2a,1382.588324,672.190115,10.251550,0.007415,,1.516977,0.595460,0.357492,0.047048,0.000000,passed,37,103,8,52,44,passed,passed,prefill_serialization_bubble_unmodeled,decode_mla_attention_slope_dominates,phase429_reprofile_window_hits_attributed,apply_named_undercharge_or_bubble_fix,patch_or_recollect_named_perfdb_component,false,true,true,false,false,false,true,No-Go
phase429_reprofile,step_category,K2.5-tp4ep8dp2-8k2k,docs/iter_gap_investigation/phase429_reprofile/K2.5-tp4ep8dp2-8k2k,w0_prefill,,31,prefill_or_mixed,31,,passed,1,memcpy_memset,1382.588324,1.599950,10.251550,0.007415,,1.516977,0.595460,0.357492,0.047048,0.000000,passed,37,103,8,52,44,passed,passed,prefill_serialization_bubble_unmodeled,decode_mla_attention_slope_dominates,phase429_reprofile_window_hits_attributed,apply_named_undercharge_or_bubble_fix,patch_or_recollect_named_perfdb_component,false,true,true,false,false,false,true,No-Go
phase429_reprofile,step_category,K2.5-tp4ep8dp2-8k2k,docs/iter_gap_investigation/phase429_reprofile/K2.5-tp4ep8dp2-8k2k,w0_prefill,,31,prefill_or_mixed,31,,passed,1,mla_attention,1382.588324,58.128068,10.251550,0.007415,,1.516977,0.595460,0.357492,0.047048,0.000000,passed,37,103,8,52,44,passed,passed,prefill_serialization_bubble_unmodeled,decode_mla_attention_slope_dominates,phase429_reprofile_window_hits_attributed,apply_named_undercharge_or_bubble_fix,patch_or_recollect_named_perfdb_component,false,true,true,false,false,false,true,No-Go
phase429_reprofile,step_category,K2.5-tp4ep8dp2-8k2k,docs/iter_gap_investigation/phase429_reprofile/K2.5-tp4ep8dp2-8k2k,w0_prefill,,31,prefill_or_mixed,31,,passed,1,moe_gemm_or_aux,1382.588324,373.775856,10.251550,0.007415,,1.516977,0.595460,0.357492,0.047048,0.000000,passed,37,103,8,52,44,passed,passed,prefill_serialization_bubble_unmodeled,decode_mla_attention_slope_dominates,phase429_reprofile_window_hits_attributed,apply_named_undercharge_or_bubble_fix,patch_or_recollect_named_perfdb_component,false,true,true,false,false,false,true,No-Go
phase429_reprofile,step_category,K2.5-tp4ep8dp2-8k2k,docs/iter_gap_investigation/phase429_reprofile/K2.5-tp4ep8dp2-8k2k,w0_prefill,,31,prefill_or_mixed,31,,passed,1,other_cuda,1382.588324,192.262804,10.251550,0.007415,,1.516977,0.595460,0.357492,0.047048,0.000000,passed,37,103,8,52,44,passed,passed,prefill_serialization_bubble_unmodeled,decode_mla_attention_slope_dominates,phase429_reprofile_window_hits_attributed,apply_named_undercharge_or_bubble_fix,patch_or_recollect_named_perfdb_component,false,true,true,false,false,false,true,No-Go
phase429_reprofile,step,K2.5-tp4ep8dp2-8k2k,docs/iter_gap_investigation/phase429_reprofile/K2.5-tp4ep8dp2-8k2k,w0_prefill,,32,prefill_or_mixed,32,,passed,1,,1143.671510,,11.919662,0.010422,,1.516977,0.595460,0.357492,0.047048,0.000000,passed,37,103,8,52,44,passed,passed,prefill_serialization_bubble_unmodeled,decode_mla_attention_slope_dominates,phase429_reprofile_window_hits_attributed,apply_named_undercharge_or_bubble_fix,patch_or_recollect_named_perfdb_component,false,true,true,false,false,false,true,No-Go
phase429_reprofile,step_category,K2.5-tp4ep8dp2-8k2k,docs/iter_gap_investigation/phase429_reprofile/K2.5-tp4ep8dp2-8k2k,w0_prefill,,32,prefill_or_mixed,32,,passed,1,dense_gemm,1143.671510,62.249350,11.919662,0.010422,,1.516977,0.595460,0.357492,0.047048,0.000000,passed,37,103,8,52,44,passed,passed,prefill_serialization_bubble_unmodeled,decode_mla_attention_slope_dominates,phase429_reprofile_window_hits_attributed,apply_named_undercharge_or_bubble_fix,patch_or_recollect_named_perfdb_component,false,true,true,false,false,false,true,No-Go
phase429_reprofile,step_category,K2.5-tp4ep8dp2-8k2k,docs/iter_gap_investigation/phase429_reprofile/K2.5-tp4ep8dp2-8k2k,w0_prefill,,32,prefill_or_mixed,32,,passed,1,ep_a2a,1143.671510,552.563771,11.919662,0.010422,,1.516977,0.595460,0.357492,0.047048,0.000000,passed,37,103,8,52,44,passed,passed,prefill_serialization_bubble_unmodeled,decode_mla_attention_slope_dominates,phase429_reprofile_window_hits_attributed,apply_named_undercharge_or_bubble_fix,patch_or_recollect_named_perfdb_component,false,true,true,false,false,false,true,No-Go
phase429_reprofile,step_category,K2.5-tp4ep8dp2-8k2k,docs/iter_gap_investigation/phase429_reprofile/K2.5-tp4ep8dp2-8k2k,w0_prefill,,32,prefill_or_mixed,32,,passed,1,memcpy_memset,1143.671510,1.371296,11.919662,0.010422,,1.516977,0.595460,0.357492,0.047048,0.000000,passed,37,103,8,52,44,passed,passed,prefill_serialization_bubble_unmodeled,decode_mla_attention_slope_dominates,phase429_reprofile_window_hits_attributed,apply_named_undercharge_or_bubble_fix,patch_or_recollect_named_perfdb_component,false,true,true,false,false,false,true,No-Go
phase429_reprofile,step_category,K2.5-tp4ep8dp2-8k2k,docs/iter_gap_investigation/phase429_reprofile/K2.5-tp4ep8dp2-8k2k,w0_prefill,,32,prefill_or_mixed,32,,passed,1,mla_attention,1143.671510,49.981504,11.919662,0.010422,,1.516977,0.595460,0.357492,0.047048,0.000000,passed,37,103,8,52,44,passed,passed,prefill_serialization_bubble_unmodeled,decode_mla_attention_slope_dominates,phase429_reprofile_window_hits_attributed,apply_named_undercharge_or_bubble_fix,patch_or_recollect_named_perfdb_component,false,true,true,false,false,false,true,No-Go
phase429_reprofile,step_category,K2.5-tp4ep8dp2-8k2k,docs/iter_gap_investigation/phase429_reprofile/K2.5-tp4ep8dp2-8k2k,w0_prefill,,32,prefill_or_mixed,32,,passed,1,moe_gemm_or_aux,1143.671510,305.346456,11.919662,0.010422,,1.516977,0.595460,0.357492,0.047048,0.000000,passed,37,103,8,52,44,passed,passed,prefill_serialization_bubble_unmodeled,decode_mla_attention_slope_dominates,phase429_reprofile_window_hits_attributed,apply_named_undercharge_or_bubble_fix,patch_or_recollect_named_perfdb_component,false,true,true,false,false,false,true,No-Go
phase429_reprofile,step_category,K2.5-tp4ep8dp2-8k2k,docs/iter_gap_investigation/phase429_reprofile/K2.5-tp4ep8dp2-8k2k,w0_prefill,,32,prefill_or_mixed,32,,passed,1,other_cuda,1143.671510,160.239470,11.919662,0.010422,,1.516977,0.595460,0.357492,0.047048,0.000000,passed,37,103,8,52,44,passed,passed,prefill_serialization_bubble_unmodeled,decode_mla_attention_slope_dominates,phase429_reprofile_window_hits_attributed,apply_named_undercharge_or_bubble_fix,patch_or_recollect_named_perfdb_component,false,true,true,false,false,false,true,No-Go
phase429_reprofile,step,K2.5-tp4ep8dp2-8k2k,docs/iter_gap_investigation/phase429_reprofile/K2.5-tp4ep8dp2-8k2k,w0_prefill,,33,prefill_or_mixed,33,,passed,1,,934.695327,,9.667053,0.010342,,1.516977,0.595460,0.357492,0.047048,0.000000,passed,37,103,8,52,44,passed,passed,prefill_serialization_bubble_unmodeled,decode_mla_attention_slope_dominates,phase429_reprofile_window_hits_attributed,apply_named_undercharge_or_bubble_fix,patch_or_recollect_named_perfdb_component,false,true,true,false,false,false,true,No-Go
phase429_reprofile,step_category,K2.5-tp4ep8dp2-8k2k,docs/iter_gap_investigation/phase429_reprofile/K2.5-tp4ep8dp2-8k2k,w0_prefill,,33,prefill_or_mixed,33,,passed,1,dense_gemm,934.695327,52.891950,9.667053,0.010342,,1.516977,0.595460,0.357492,0.047048,0.000000,passed,37,103,8,52,44,passed,passed,prefill_serialization_bubble_unmodeled,decode_mla_attention_slope_dominates,phase429_reprofile_window_hits_attributed,apply_named_undercharge_or_bubble_fix,patch_or_recollect_named_perfdb_component,false,true,true,false,false,false,true,No-Go
phase429_reprofile,step_category,K2.5-tp4ep8dp2-8k2k,docs/iter_gap_investigation/phase429_reprofile/K2.5-tp4ep8dp2-8k2k,w0_prefill,,33,prefill_or_mixed,33,,passed,1,ep_a2a,934.695327,446.465951,9.667053,0.010342,,1.516977,0.595460,0.357492,0.047048,0.000000,passed,37,103,8,52,44,passed,passed,prefill_serialization_bubble_unmodeled,decode_mla_attention_slope_dominates,phase429_reprofile_window_hits_attributed,apply_named_undercharge_or_bubble_fix,patch_or_recollect_named_perfdb_component,false,true,true,false,false,false,true,No-Go
phase429_reprofile,step_category,K2.5-tp4ep8dp2-8k2k,docs/iter_gap_investigation/phase429_reprofile/K2.5-tp4ep8dp2-8k2k,w0_prefill,,33,prefill_or_mixed,33,,passed,1,memcpy_memset,934.695327,0.858482,9.667053,0.010342,,1.516977,0.595460,0.357492,0.047048,0.000000,passed,37,103,8,52,44,passed,passed,prefill_serialization_bubble_unmodeled,decode_mla_attention_slope_dominates,phase429_reprofile_window_hits_attributed,apply_named_undercharge_or_bubble_fix,patch_or_recollect_named_perfdb_component,false,true,true,false,false,false,true,No-Go
phase429_reprofile,step_category,K2.5-tp4ep8dp2-8k2k,docs/iter_gap_investigation/phase429_reprofile/K2.5-tp4ep8dp2-8k2k,w0_prefill,,33,prefill_or_mixed,33,,passed,1,mla_attention,934.695327,36.924638,9.667053,0.010342,,1.516977,0.595460,0.357492,0.047048,0.000000,passed,37,103,8,52,44,passed,passed,prefill_serialization_bubble_unmodeled,decode_mla_attention_slope_dominates,phase429_reprofile_window_hits_attributed,apply_named_undercharge_or_bubble_fix,patch_or_recollect_named_perfdb_component,false,true,true,false,false,false,true,No-Go
phase429_reprofile,step_category,K2.5-tp4ep8dp2-8k2k,docs/iter_gap_investigation/phase429_reprofile/K2.5-tp4ep8dp2-8k2k,w0_prefill,,33,prefill_or_mixed,33,,passed,1,moe_gemm_or_aux,934.695327,253.076233,9.667053,0.010342,,1.516977,0.595460,0.357492,0.047048,0.000000,passed,37,103,8,52,44,passed,passed,prefill_serialization_bubble_unmodeled,decode_mla_attention_slope_dominates,phase429_reprofile_window_hits_attributed,apply_named_undercharge_or_bubble_fix,patch_or_recollect_named_perfdb_component,false,true,true,false,false,false,true,No-Go
phase429_reprofile,step_category,K2.5-tp4ep8dp2-8k2k,docs/iter_gap_investigation/phase429_reprofile/K2.5-tp4ep8dp2-8k2k,w0_prefill,,33,prefill_or_mixed,33,,passed,1,other_cuda,934.695327,134.811021,9.667053,0.010342,,1.516977,0.595460,0.357492,0.047048,0.000000,passed,37,103,8,52,44,passed,passed,prefill_serialization_bubble_unmodeled,decode_mla_attention_slope_dominates,phase429_reprofile_window_hits_attributed,apply_named_undercharge_or_bubble_fix,patch_or_recollect_named_perfdb_component,false,true,true,false,false,false,true,No-Go
phase429_reprofile,step,K2.5-tp4ep8dp2-8k2k,docs/iter_gap_investigation/phase429_reprofile/K2.5-tp4ep8dp2-8k2k,w0_prefill,,34,prefill_or_mixed,34,,passed,1,,16174.508616,,14959.712436,0.924894,,1.516977,0.595460,0.357492,0.047048,0.000000,passed,37,103,8,52,44,passed,passed,prefill_serialization_bubble_unmodeled,decode_mla_attention_slope_dominates,phase429_reprofile_window_hits_attributed,apply_named_undercharge_or_bubble_fix,patch_or_recollect_named_perfdb_component,false,true,true,false,false,false,true,No-Go
phase429_reprofile,step_category,K2.5-tp4ep8dp2-8k2k,docs/iter_gap_investigation/phase429_reprofile/K2.5-tp4ep8dp2-8k2k,w0_prefill,,34,prefill_or_mixed,34,,passed,1,dense_gemm,16174.508616,66.260675,14959.712436,0.924894,,1.516977,0.595460,0.357492,0.047048,0.000000,passed,37,103,8,52,44,passed,passed,prefill_serialization_bubble_unmodeled,decode_mla_attention_slope_dominates,phase429_reprofile_window_hits_attributed,apply_named_undercharge_or_bubble_fix,patch_or_recollect_named_perfdb_component,false,true,true,false,false,false,true,No-Go
phase429_reprofile,step_category,K2.5-tp4ep8dp2-8k2k,docs/iter_gap_investigation/phase429_reprofile/K2.5-tp4ep8dp2-8k2k,w0_prefill,,34,prefill_or_mixed,34,,passed,1,ep_a2a,16174.508616,567.392574,14959.712436,0.924894,,1.516977,0.595460,0.357492,0.047048,0.000000,passed,37,103,8,52,44,passed,passed,prefill_serialization_bubble_unmodeled,decode_mla_attention_slope_dominates,phase429_reprofile_window_hits_attributed,apply_named_undercharge_or_bubble_fix,patch_or_recollect_named_perfdb_component,false,true,true,false,false,false,true,No-Go
phase429_reprofile,step_category,K2.5-tp4ep8dp2-8k2k,docs/iter_gap_investigation/phase429_reprofile/K2.5-tp4ep8dp2-8k2k,w0_prefill,,34,prefill_or_mixed,34,,passed,1,memcpy_memset,16174.508616,0.712054,14959.712436,0.924894,,1.516977,0.595460,0.357492,0.047048,0.000000,passed,37,103,8,52,44,passed,passed,prefill_serialization_bubble_unmodeled,decode_mla_attention_slope_dominates,phase429_reprofile_window_hits_attributed,apply_named_undercharge_or_bubble_fix,patch_or_recollect_named_perfdb_component,false,true,true,false,false,false,true,No-Go
phase429_reprofile,step_category,K2.5-tp4ep8dp2-8k2k,docs/iter_gap_investigation/phase429_reprofile/K2.5-tp4ep8dp2-8k2k,w0_prefill,,34,prefill_or_mixed,34,,passed,1,mla_attention,16174.508616,41.186766,14959.712436,0.924894,,1.516977,0.595460,0.357492,0.047048,0.000000,passed,37,103,8,52,44,passed,passed,prefill_serialization_bubble_unmodeled,decode_mla_attention_slope_dominates,phase429_reprofile_window_hits_attributed,apply_named_undercharge_or_bubble_fix,patch_or_recollect_named_perfdb_component,false,true,true,false,false,false,true,No-Go
phase429_reprofile,step_category,K2.5-tp4ep8dp2-8k2k,docs/iter_gap_investigation/phase429_reprofile/K2.5-tp4ep8dp2-8k2k,w0_prefill,,34,prefill_or_mixed,34,,passed,1,moe_gemm_or_aux,16174.508616,319.441326,14959.712436,0.924894,,1.516977,0.595460,0.357492,0.047048,0.000000,passed,37,103,8,52,44,passed,passed,prefill_serialization_bubble_unmodeled,decode_mla_attention_slope_dominates,phase429_reprofile_window_hits_attributed,apply_named_undercharge_or_bubble_fix,patch_or_recollect_named_perfdb_component,false,true,true,false,false,false,true,No-Go
phase429_reprofile,step_category,K2.5-tp4ep8dp2-8k2k,docs/iter_gap_investigation/phase429_reprofile/K2.5-tp4ep8dp2-8k2k,w0_prefill,,34,prefill_or_mixed,34,,passed,1,other_cuda,16174.508616,219.802784,14959.712436,0.924894,,1.516977,0.595460,0.357492,0.047048,0.000000,passed,37,103,8,52,44,passed,passed,prefill_serialization_bubble_unmodeled,decode_mla_attention_slope_dominates,phase429_reprofile_window_hits_attributed,apply_named_undercharge_or_bubble_fix,patch_or_recollect_named_perfdb_component,false,true,true,false,false,false,true,No-Go
phase429_reprofile,step,K2.5-tp4ep8dp2-8k2k,docs/iter_gap_investigation/phase429_reprofile/K2.5-tp4ep8dp2-8k2k,w1_decode_c16,,0,decode_only,8,16,passed,0,,12.192093,,0.094847,0.007779,,1.516977,0.595460,0.357492,0.047048,0.000000,passed,37,103,8,52,44,passed,passed,prefill_serialization_bubble_unmodeled,decode_mla_attention_slope_dominates,phase429_reprofile_window_hits_attributed,apply_named_undercharge_or_bubble_fix,patch_or_recollect_named_perfdb_component,false,true,true,false,false,false,true,No-Go
phase429_reprofile,step_category,K2.5-tp4ep8dp2-8k2k,docs/iter_gap_investigation/phase429_reprofile/K2.5-tp4ep8dp2-8k2k,w1_decode_c16,,0,decode_only,8,16,passed,0,dense_gemm,12.192093,3.046312,0.094847,0.007779,,1.516977,0.595460,0.357492,0.047048,0.000000,passed,37,103,8,52,44,passed,passed,prefill_serialization_bubble_unmodeled,decode_mla_attention_slope_dominates,phase429_reprofile_window_hits_attributed,apply_named_undercharge_or_bubble_fix,patch_or_recollect_named_perfdb_component,false,true,true,false,false,false,true,No-Go
phase429_reprofile,step_category,K2.5-tp4ep8dp2-8k2k,docs/iter_gap_investigation/phase429_reprofile/K2.5-tp4ep8dp2-8k2k,w1_decode_c16,,0,decode_only,8,16,passed,0,ep_a2a,12.192093,3.137297,0.094847,0.007779,,1.516977,0.595460,0.357492,0.047048,0.000000,passed,37,103,8,52,44,passed,passed,prefill_serialization_bubble_unmodeled,decode_mla_attention_slope_dominates,phase429_reprofile_window_hits_attributed,apply_named_undercharge_or_bubble_fix,patch_or_recollect_named_perfdb_component,false,true,true,false,false,false,true,No-Go
phase429_reprofile,step_category,K2.5-tp4ep8dp2-8k2k,docs/iter_gap_investigation/phase429_reprofile/K2.5-tp4ep8dp2-8k2k,w1_decode_c16,,0,decode_only,8,16,passed,0,memcpy_memset,12.192093,0.058992,0.094847,0.007779,,1.516977,0.595460,0.357492,0.047048,0.000000,passed,37,103,8,52,44,passed,passed,prefill_serialization_bubble_unmodeled,decode_mla_attention_slope_dominates,phase429_reprofile_window_hits_attributed,apply_named_undercharge_or_bubble_fix,patch_or_recollect_named_perfdb_component,false,true,true,false,false,false,true,No-Go
phase429_reprofile,step_category,K2.5-tp4ep8dp2-8k2k,docs/iter_gap_investigation/phase429_reprofile/K2.5-tp4ep8dp2-8k2k,w1_decode_c16,,0,decode_only,8,16,passed,0,mla_attention,12.192093,1.771648,0.094847,0.007779,,1.516977,0.595460,0.357492,0.047048,0.000000,passed,37,103,8,52,44,passed,passed,prefill_serialization_bubble_unmodeled,decode_mla_attention_slope_dominates,phase429_reprofile_window_hits_attributed,apply_named_undercharge_or_bubble_fix,patch_or_recollect_named_perfdb_component,false,true,true,false,false,false,true,No-Go
phase429_reprofile,step_category,K2.5-tp4ep8dp2-8k2k,docs/iter_gap_investigation/phase429_reprofile/K2.5-tp4ep8dp2-8k2k,w1_decode_c16,,0,decode_only,8,16,passed,0,moe_gemm_or_aux,12.192093,2.684510,0.094847,0.007779,,1.516977,0.595460,0.357492,0.047048,0.000000,passed,37,103,8,52,44,passed,passed,prefill_serialization_bubble_unmodeled,decode_mla_attention_slope_dominates,phase429_reprofile_window_hits_attributed,apply_named_undercharge_or_bubble_fix,patch_or_recollect_named_perfdb_component,false,true,true,false,false,false,true,No-Go
phase429_reprofile,step_category,K2.5-tp4ep8dp2-8k2k,docs/iter_gap_investigation/phase429_reprofile/K2.5-tp4ep8dp2-8k2k,w1_decode_c16,,0,decode_only,8,16,passed,0,other_cuda,12.192093,1.129437,0.094847,0.007779,,1.516977,0.595460,0.357492,0.047048,0.000000,passed,37,103,8,52,44,passed,passed,prefill_serialization_bubble_unmodeled,decode_mla_attention_slope_dominates,phase429_reprofile_window_hits_attributed,apply_named_undercharge_or_bubble_fix,patch_or_recollect_named_perfdb_component,false,true,true,false,false,false,true,No-Go
phase429_reprofile,step_category,K2.5-tp4ep8dp2-8k2k,docs/iter_gap_investigation/phase429_reprofile/K2.5-tp4ep8dp2-8k2k,w1_decode_c16,,0,decode_only,8,16,passed,0,tp_or_dp_allreduce,12.192093,0.269051,0.094847,0.007779,,1.516977,0.595460,0.357492,0.047048,0.000000,passed,37,103,8,52,44,passed,passed,prefill_serialization_bubble_unmodeled,decode_mla_attention_slope_dominates,phase429_reprofile_window_hits_attributed,apply_named_undercharge_or_bubble_fix,patch_or_recollect_named_perfdb_component,false,true,true,false,false,false,true,No-Go
phase429_reprofile,step,K2.5-tp4ep8dp2-8k2k,docs/iter_gap_investigation/phase429_reprofile/K2.5-tp4ep8dp2-8k2k,w1_decode_c16,,1,decode_only,8,16,passed,0,,16.623876,,0.079804,0.004801,,1.516977,0.595460,0.357492,0.047048,0.000000,passed,37,103,8,52,44,passed,passed,prefill_serialization_bubble_unmodeled,decode_mla_attention_slope_dominates,phase429_reprofile_window_hits_attributed,apply_named_undercharge_or_bubble_fix,patch_or_recollect_named_perfdb_component,false,true,true,false,false,false,true,No-Go
phase429_reprofile,step_category,K2.5-tp4ep8dp2-8k2k,docs/iter_gap_investigation/phase429_reprofile/K2.5-tp4ep8dp2-8k2k,w1_decode_c16,,1,decode_only,8,16,passed,0,dense_gemm,16.623876,4.235951,0.079804,0.004801,,1.516977,0.595460,0.357492,0.047048,0.000000,passed,37,103,8,52,44,passed,passed,prefill_serialization_bubble_unmodeled,decode_mla_attention_slope_dominates,phase429_reprofile_window_hits_attributed,apply_named_undercharge_or_bubble_fix,patch_or_recollect_named_perfdb_component,false,true,true,false,false,false,true,No-Go
phase429_reprofile,step_category,K2.5-tp4ep8dp2-8k2k,docs/iter_gap_investigation/phase429_reprofile/K2.5-tp4ep8dp2-8k2k,w1_decode_c16,,1,decode_only,8,16,passed,0,ep_a2a,16.623876,4.237253,0.079804,0.004801,,1.516977,0.595460,0.357492,0.047048,0.000000,passed,37,103,8,52,44,passed,passed,prefill_serialization_bubble_unmodeled,decode_mla_attention_slope_dominates,phase429_reprofile_window_hits_attributed,apply_named_undercharge_or_bubble_fix,patch_or_recollect_named_perfdb_component,false,true,true,false,false,false,true,No-Go
phase429_reprofile,step_category,K2.5-tp4ep8dp2-8k2k,docs/iter_gap_investigation/phase429_reprofile/K2.5-tp4ep8dp2-8k2k,w1_decode_c16,,1,decode_only,8,16,passed,0,memcpy_memset,16.623876,0.057187,0.079804,0.004801,,1.516977,0.595460,0.357492,0.047048,0.000000,passed,37,103,8,52,44,passed,passed,prefill_serialization_bubble_unmodeled,decode_mla_attention_slope_dominates,phase429_reprofile_window_hits_attributed,apply_named_undercharge_or_bubble_fix,patch_or_recollect_named_perfdb_component,false,true,true,false,false,false,true,No-Go
phase429_reprofile,step_category,K2.5-tp4ep8dp2-8k2k,docs/iter_gap_investigation/phase429_reprofile/K2.5-tp4ep8dp2-8k2k,w1_decode_c16,,1,decode_only,8,16,passed,0,mla_attention,16.623876,2.496472,0.079804,0.004801,,1.516977,0.595460,0.357492,0.047048,0.000000,passed,37,103,8,52,44,passed,passed,prefill_serialization_bubble_unmodeled,decode_mla_attention_slope_dominates,phase429_reprofile_window_hits_attributed,apply_named_undercharge_or_bubble_fix,patch_or_recollect_named_perfdb_component,false,true,true,false,false,false,true,No-Go
phase429_reprofile,step_category,K2.5-tp4ep8dp2-8k2k,docs/iter_gap_investigation/phase429_reprofile/K2.5-tp4ep8dp2-8k2k,w1_decode_c16,,1,decode_only,8,16,passed,0,moe_gemm_or_aux,16.623876,3.570301,0.079804,0.004801,,1.516977,0.595460,0.357492,0.047048,0.000000,passed,37,103,8,52,44,passed,passed,prefill_serialization_bubble_unmodeled,decode_mla_attention_slope_dominates,phase429_reprofile_window_hits_attributed,apply_named_undercharge_or_bubble_fix,patch_or_recollect_named_perfdb_component,false,true,true,false,false,false,true,No-Go
phase429_reprofile,step_category,K2.5-tp4ep8dp2-8k2k,docs/iter_gap_investigation/phase429_reprofile/K2.5-tp4ep8dp2-8k2k,w1_decode_c16,,1,decode_only,8,16,passed,0,other_cuda,16.623876,1.573325,0.079804,0.004801,,1.516977,0.595460,0.357492,0.047048,0.000000,passed,37,103,8,52,44,passed,passed,prefill_serialization_bubble_unmodeled,decode_mla_attention_slope_dominates,phase429_reprofile_window_hits_attributed,apply_named_undercharge_or_bubble_fix,patch_or_recollect_named_perfdb_component,false,true,true,false,false,false,true,No-Go
phase429_reprofile,step_category,K2.5-tp4ep8dp2-8k2k,docs/iter_gap_investigation/phase429_reprofile/K2.5-tp4ep8dp2-8k2k,w1_decode_c16,,1,decode_only,8,16,passed,0,tp_or_dp_allreduce,16.623876,0.373583,0.079804,0.004801,,1.516977,0.595460,0.357492,0.047048,0.000000,passed,37,103,8,52,44,passed,passed,prefill_serialization_bubble_unmodeled,decode_mla_attention_slope_dominates,phase429_reprofile_window_hits_attributed,apply_named_undercharge_or_bubble_fix,patch_or_recollect_named_perfdb_component,false,true,true,false,false,false,true,No-Go
phase429_reprofile,step,K2.5-tp4ep8dp2-8k2k,docs/iter_gap_investigation/phase429_reprofile/K2.5-tp4ep8dp2-8k2k,w1_decode_c16,,2,decode_only,8,16,passed,0,,17.107643,,0.095087,0.005558,,1.516977,0.595460,0.357492,0.047048,0.000000,passed,37,103,8,52,44,passed,passed,prefill_serialization_bubble_unmodeled,decode_mla_attention_slope_dominates,phase429_reprofile_window_hits_attributed,apply_named_undercharge_or_bubble_fix,patch_or_recollect_named_perfdb_component,false,true,true,false,false,false,true,No-Go
phase429_reprofile,step_category,K2.5-tp4ep8dp2-8k2k,docs/iter_gap_investigation/phase429_reprofile/K2.5-tp4ep8dp2-8k2k,w1_decode_c16,,2,decode_only,8,16,passed,0,dense_gemm,17.107643,4.249617,0.095087,0.005558,,1.516977,0.595460,0.357492,0.047048,0.000000,passed,37,103,8,52,44,passed,passed,prefill_serialization_bubble_unmodeled,decode_mla_attention_slope_dominates,phase429_reprofile_window_hits_attributed,apply_named_undercharge_or_bubble_fix,patch_or_recollect_named_perfdb_component,false,true,true,false,false,false,true,No-Go
phase429_reprofile,step_category,K2.5-tp4ep8dp2-8k2k,docs/iter_gap_investigation/phase429_reprofile/K2.5-tp4ep8dp2-8k2k,w1_decode_c16,,2,decode_only,8,16,passed,0,ep_a2a,17.107643,4.383460,0.095087,0.005558,,1.516977,0.595460,0.357492,0.047048,0.000000,passed,37,103,8,52,44,passed,passed,prefill_serialization_bubble_unmodeled,decode_mla_attention_slope_dominates,phase429_reprofile_window_hits_attributed,apply_named_undercharge_or_bubble_fix,patch_or_recollect_named_perfdb_component,false,true,true,false,false,false,true,No-Go
phase429_reprofile,step_category,K2.5-tp4ep8dp2-8k2k,docs/iter_gap_investigation/phase429_reprofile/K2.5-tp4ep8dp2-8k2k,w1_decode_c16,,2,decode_only,8,16,passed,0,memcpy_memset,17.107643,0.056448,0.095087,0.005558,,1.516977,0.595460,0.357492,0.047048,0.000000,passed,37,103,8,52,44,passed,passed,prefill_serialization_bubble_unmodeled,decode_mla_attention_slope_dominates,phase429_reprofile_window_hits_attributed,apply_named_undercharge_or_bubble_fix,patch_or_recollect_named_perfdb_component,false,true,true,false,false,false,true,No-Go
phase429_reprofile,step_category,K2.5-tp4ep8dp2-8k2k,docs/iter_gap_investigation/phase429_reprofile/K2.5-tp4ep8dp2-8k2k,w1_decode_c16,,2,decode_only,8,16,passed,0,mla_attention,17.107643,2.519583,0.095087,0.005558,,1.516977,0.595460,0.357492,0.047048,0.000000,passed,37,103,8,52,44,passed,passed,prefill_serialization_bubble_unmodeled,decode_mla_attention_slope_dominates,phase429_reprofile_window_hits_attributed,apply_named_undercharge_or_bubble_fix,patch_or_recollect_named_perfdb_component,false,true,true,false,false,false,true,No-Go
phase429_reprofile,step_category,K2.5-tp4ep8dp2-8k2k,docs/iter_gap_investigation/phase429_reprofile/K2.5-tp4ep8dp2-8k2k,w1_decode_c16,,2,decode_only,8,16,passed,0,moe_gemm_or_aux,17.107643,3.853077,0.095087,0.005558,,1.516977,0.595460,0.357492,0.047048,0.000000,passed,37,103,8,52,44,passed,passed,prefill_serialization_bubble_unmodeled,decode_mla_attention_slope_dominates,phase429_reprofile_window_hits_attributed,apply_named_undercharge_or_bubble_fix,patch_or_recollect_named_perfdb_component,false,true,true,false,false,false,true,No-Go
phase429_reprofile,step_category,K2.5-tp4ep8dp2-8k2k,docs/iter_gap_investigation/phase429_reprofile/K2.5-tp4ep8dp2-8k2k,w1_decode_c16,,2,decode_only,8,16,passed,0,other_cuda,17.107643,1.574341,0.095087,0.005558,,1.516977,0.595460,0.357492,0.047048,0.000000,passed,37,103,8,52,44,passed,passed,prefill_serialization_bubble_unmodeled,decode_mla_attention_slope_dominates,phase429_reprofile_window_hits_attributed,apply_named_undercharge_or_bubble_fix,patch_or_recollect_named_perfdb_component,false,true,true,false,false,false,true,No-Go
phase429_reprofile,step_category,K2.5-tp4ep8dp2-8k2k,docs/iter_gap_investigation/phase429_reprofile/K2.5-tp4ep8dp2-8k2k,w1_decode_c16,,2,decode_only,8,16,passed,0,tp_or_dp_allreduce,17.107643,0.376032,0.095087,0.005558,,1.516977,0.595460,0.357492,0.047048,0.000000,passed,37,103,8,52,44,passed,passed,prefill_serialization_bubble_unmodeled,decode_mla_attention_slope_dominates,phase429_reprofile_window_hits_attributed,apply_named_undercharge_or_bubble_fix,patch_or_recollect_named_perfdb_component,false,true,true,false,false,false,true,No-Go
phase429_reprofile,step,K2.5-tp4ep8dp2-8k2k,docs/iter_gap_investigation/phase429_reprofile/K2.5-tp4ep8dp2-8k2k,w1_decode_c16,,3,decode_only,8,16,passed,0,,16.813466,,0.079664,0.004738,,1.516977,0.595460,0.357492,0.047048,0.000000,passed,37,103,8,52,44,passed,passed,prefill_serialization_bubble_unmodeled,decode_mla_attention_slope_dominates,phase429_reprofile_window_hits_attributed,apply_named_undercharge_or_bubble_fix,patch_or_recollect_named_perfdb_component,false,true,true,false,false,false,true,No-Go
phase429_reprofile,step_category,K2.5-tp4ep8dp2-8k2k,docs/iter_gap_investigation/phase429_reprofile/K2.5-tp4ep8dp2-8k2k,w1_decode_c16,,3,decode_only,8,16,passed,0,dense_gemm,16.813466,4.241747,0.079664,0.004738,,1.516977,0.595460,0.357492,0.047048,0.000000,passed,37,103,8,52,44,passed,passed,prefill_serialization_bubble_unmodeled,decode_mla_attention_slope_dominates,phase429_reprofile_window_hits_attributed,apply_named_undercharge_or_bubble_fix,patch_or_recollect_named_perfdb_component,false,true,true,false,false,false,true,No-Go
phase429_reprofile,step_category,K2.5-tp4ep8dp2-8k2k,docs/iter_gap_investigation/phase429_reprofile/K2.5-tp4ep8dp2-8k2k,w1_decode_c16,,3,decode_only,8,16,passed,0,ep_a2a,16.813466,4.351491,0.079664,0.004738,,1.516977,0.595460,0.357492,0.047048,0.000000,passed,37,103,8,52,44,passed,passed,prefill_serialization_bubble_unmodeled,decode_mla_attention_slope_dominates,phase429_reprofile_window_hits_attributed,apply_named_undercharge_or_bubble_fix,patch_or_recollect_named_perfdb_component,false,true,true,false,false,false,true,No-Go
phase429_reprofile,step_category,K2.5-tp4ep8dp2-8k2k,docs/iter_gap_investigation/phase429_reprofile/K2.5-tp4ep8dp2-8k2k,w1_decode_c16,,3,decode_only,8,16,passed,0,memcpy_memset,16.813466,0.056820,0.079664,0.004738,,1.516977,0.595460,0.357492,0.047048,0.000000,passed,37,103,8,52,44,passed,passed,prefill_serialization_bubble_unmodeled,decode_mla_attention_slope_dominates,phase429_reprofile_window_hits_attributed,apply_named_undercharge_or_bubble_fix,patch_or_recollect_named_perfdb_component,false,true,true,false,false,false,true,No-Go
phase429_reprofile,step_category,K2.5-tp4ep8dp2-8k2k,docs/iter_gap_investigation/phase429_reprofile/K2.5-tp4ep8dp2-8k2k,w1_decode_c16,,3,decode_only,8,16,passed,0,mla_attention,16.813466,2.520880,0.079664,0.004738,,1.516977,0.595460,0.357492,0.047048,0.000000,passed,37,103,8,52,44,passed,passed,prefill_serialization_bubble_unmodeled,decode_mla_attention_slope_dominates,phase429_reprofile_window_hits_attributed,apply_named_undercharge_or_bubble_fix,patch_or_recollect_named_perfdb_component,false,true,true,false,false,false,true,No-Go
phase429_reprofile,step_category,K2.5-tp4ep8dp2-8k2k,docs/iter_gap_investigation/phase429_reprofile/K2.5-tp4ep8dp2-8k2k,w1_decode_c16,,3,decode_only,8,16,passed,0,moe_gemm_or_aux,16.813466,3.623680,0.079664,0.004738,,1.516977,0.595460,0.357492,0.047048,0.000000,passed,37,103,8,52,44,passed,passed,prefill_serialization_bubble_unmodeled,decode_mla_attention_slope_dominates,phase429_reprofile_window_hits_attributed,apply_named_undercharge_or_bubble_fix,patch_or_recollect_named_perfdb_component,false,true,true,false,false,false,true,No-Go
phase429_reprofile,step_category,K2.5-tp4ep8dp2-8k2k,docs/iter_gap_investigation/phase429_reprofile/K2.5-tp4ep8dp2-8k2k,w1_decode_c16,,3,decode_only,8,16,passed,0,other_cuda,16.813466,1.565917,0.079664,0.004738,,1.516977,0.595460,0.357492,0.047048,0.000000,passed,37,103,8,52,44,passed,passed,prefill_serialization_bubble_unmodeled,decode_mla_attention_slope_dominates,phase429_reprofile_window_hits_attributed,apply_named_undercharge_or_bubble_fix,patch_or_recollect_named_perfdb_component,false,true,true,false,false,false,true,No-Go
phase429_reprofile,step_category,K2.5-tp4ep8dp2-8k2k,docs/iter_gap_investigation/phase429_reprofile/K2.5-tp4ep8dp2-8k2k,w1_decode_c16,,3,decode_only,8,16,passed,0,tp_or_dp_allreduce,16.813466,0.373268,0.079664,0.004738,,1.516977,0.595460,0.357492,0.047048,0.000000,passed,37,103,8,52,44,passed,passed,prefill_serialization_bubble_unmodeled,decode_mla_attention_slope_dominates,phase429_reprofile_window_hits_attributed,apply_named_undercharge_or_bubble_fix,patch_or_recollect_named_perfdb_component,false,true,true,false,false,false,true,No-Go
phase429_reprofile,step,K2.5-tp4ep8dp2-8k2k,docs/iter_gap_investigation/phase429_reprofile/K2.5-tp4ep8dp2-8k2k,w1_decode_c16,,4,decode_only,8,16,passed,0,,16.911418,,0.086780,0.005131,,1.516977,0.595460,0.357492,0.047048,0.000000,passed,37,103,8,52,44,passed,passed,prefill_serialization_bubble_unmodeled,decode_mla_attention_slope_dominates,phase429_reprofile_window_hits_attributed,apply_named_undercharge_or_bubble_fix,patch_or_recollect_named_perfdb_component,false,true,true,false,false,false,true,No-Go
phase429_reprofile,step_category,K2.5-tp4ep8dp2-8k2k,docs/iter_gap_investigation/phase429_reprofile/K2.5-tp4ep8dp2-8k2k,w1_decode_c16,,4,decode_only,8,16,passed,0,dense_gemm,16.911418,4.246216,0.086780,0.005131,,1.516977,0.595460,0.357492,0.047048,0.000000,passed,37,103,8,52,44,passed,passed,prefill_serialization_bubble_unmodeled,decode_mla_attention_slope_dominates,phase429_reprofile_window_hits_attributed,apply_named_undercharge_or_bubble_fix,patch_or_recollect_named_perfdb_component,false,true,true,false,false,false,true,No-Go
phase429_reprofile,step_category,K2.5-tp4ep8dp2-8k2k,docs/iter_gap_investigation/phase429_reprofile/K2.5-tp4ep8dp2-8k2k,w1_decode_c16,,4,decode_only,8,16,passed,0,ep_a2a,16.911418,4.364731,0.086780,0.005131,,1.516977,0.595460,0.357492,0.047048,0.000000,passed,37,103,8,52,44,passed,passed,prefill_serialization_bubble_unmodeled,decode_mla_attention_slope_dominates,phase429_reprofile_window_hits_attributed,apply_named_undercharge_or_bubble_fix,patch_or_recollect_named_perfdb_component,false,true,true,false,false,false,true,No-Go
phase429_reprofile,step_category,K2.5-tp4ep8dp2-8k2k,docs/iter_gap_investigation/phase429_reprofile/K2.5-tp4ep8dp2-8k2k,w1_decode_c16,,4,decode_only,8,16,passed,0,memcpy_memset,16.911418,0.055125,0.086780,0.005131,,1.516977,0.595460,0.357492,0.047048,0.000000,passed,37,103,8,52,44,passed,passed,prefill_serialization_bubble_unmodeled,decode_mla_attention_slope_dominates,phase429_reprofile_window_hits_attributed,apply_named_undercharge_or_bubble_fix,patch_or_recollect_named_perfdb_component,false,true,true,false,false,false,true,No-Go
phase429_reprofile,step_category,K2.5-tp4ep8dp2-8k2k,docs/iter_gap_investigation/phase429_reprofile/K2.5-tp4ep8dp2-8k2k,w1_decode_c16,,4,decode_only,8,16,passed,0,mla_attention,16.911418,2.522546,0.086780,0.005131,,1.516977,0.595460,0.357492,0.047048,0.000000,passed,37,103,8,52,44,passed,passed,prefill_serialization_bubble_unmodeled,decode_mla_attention_slope_dominates,phase429_reprofile_window_hits_attributed,apply_named_undercharge_or_bubble_fix,patch_or_recollect_named_perfdb_component,false,true,true,false,false,false,true,No-Go
phase429_reprofile,step_category,K2.5-tp4ep8dp2-8k2k,docs/iter_gap_investigation/phase429_reprofile/K2.5-tp4ep8dp2-8k2k,w1_decode_c16,,4,decode_only,8,16,passed,0,moe_gemm_or_aux,16.911418,3.682770,0.086780,0.005131,,1.516977,0.595460,0.357492,0.047048,0.000000,passed,37,103,8,52,44,passed,passed,prefill_serialization_bubble_unmodeled,decode_mla_attention_slope_dominates,phase429_reprofile_window_hits_attributed,apply_named_undercharge_or_bubble_fix,patch_or_recollect_named_perfdb_component,false,true,true,false,false,false,true,No-Go
phase429_reprofile,step_category,K2.5-tp4ep8dp2-8k2k,docs/iter_gap_investigation/phase429_reprofile/K2.5-tp4ep8dp2-8k2k,w1_decode_c16,,4,decode_only,8,16,passed,0,other_cuda,16.911418,1.573142,0.086780,0.005131,,1.516977,0.595460,0.357492,0.047048,0.000000,passed,37,103,8,52,44,passed,passed,prefill_serialization_bubble_unmodeled,decode_mla_attention_slope_dominates,phase429_reprofile_window_hits_attributed,apply_named_undercharge_or_bubble_fix,patch_or_recollect_named_perfdb_component,false,true,true,false,false,false,true,No-Go
phase429_reprofile,step_category,K2.5-tp4ep8dp2-8k2k,docs/iter_gap_investigation/phase429_reprofile/K2.5-tp4ep8dp2-8k2k,w1_decode_c16,,4,decode_only,8,16,passed,0,tp_or_dp_allreduce,16.911418,0.380109,0.086780,0.005131,,1.516977,0.595460,0.357492,0.047048,0.000000,passed,37,103,8,52,44,passed,passed,prefill_serialization_bubble_unmodeled,decode_mla_attention_slope_dominates,phase429_reprofile_window_hits_attributed,apply_named_undercharge_or_bubble_fix,patch_or_recollect_named_perfdb_component,false,true,true,false,false,false,true,No-Go
phase429_reprofile,step,K2.5-tp4ep8dp2-8k2k,docs/iter_gap_investigation/phase429_reprofile/K2.5-tp4ep8dp2-8k2k,w1_decode_c16,,5,decode_only,8,16,passed,0,,16.847886,,0.088281,0.005240,,1.516977,0.595460,0.357492,0.047048,0.000000,passed,37,103,8,52,44,passed,passed,prefill_serialization_bubble_unmodeled,decode_mla_attention_slope_dominates,phase429_reprofile_window_hits_attributed,apply_named_undercharge_or_bubble_fix,patch_or_recollect_named_perfdb_component,false,true,true,false,false,false,true,No-Go
phase429_reprofile,step_category,K2.5-tp4ep8dp2-8k2k,docs/iter_gap_investigation/phase429_reprofile/K2.5-tp4ep8dp2-8k2k,w1_decode_c16,,5,decode_only,8,16,passed,0,dense_gemm,16.847886,4.237811,0.088281,0.005240,,1.516977,0.595460,0.357492,0.047048,0.000000,passed,37,103,8,52,44,passed,passed,prefill_serialization_bubble_unmodeled,decode_mla_attention_slope_dominates,phase429_reprofile_window_hits_attributed,apply_named_undercharge_or_bubble_fix,patch_or_recollect_named_perfdb_component,false,true,true,false,false,false,true,No-Go
phase429_reprofile,step_category,K2.5-tp4ep8dp2-8k2k,docs/iter_gap_investigation/phase429_reprofile/K2.5-tp4ep8dp2-8k2k,w1_decode_c16,,5,decode_only,8,16,passed,0,ep_a2a,16.847886,4.368383,0.088281,0.005240,,1.516977,0.595460,0.357492,0.047048,0.000000,passed,37,103,8,52,44,passed,passed,prefill_serialization_bubble_unmodeled,decode_mla_attention_slope_dominates,phase429_reprofile_window_hits_attributed,apply_named_undercharge_or_bubble_fix,patch_or_recollect_named_perfdb_component,false,true,true,false,false,false,true,No-Go
phase429_reprofile,step_category,K2.5-tp4ep8dp2-8k2k,docs/iter_gap_investigation/phase429_reprofile/K2.5-tp4ep8dp2-8k2k,w1_decode_c16,,5,decode_only,8,16,passed,0,memcpy_memset,16.847886,0.056100,0.088281,0.005240,,1.516977,0.595460,0.357492,0.047048,0.000000,passed,37,103,8,52,44,passed,passed,prefill_serialization_bubble_unmodeled,decode_mla_attention_slope_dominates,phase429_reprofile_window_hits_attributed,apply_named_undercharge_or_bubble_fix,patch_or_recollect_named_perfdb_component,false,true,true,false,false,false,true,No-Go
phase429_reprofile,step_category,K2.5-tp4ep8dp2-8k2k,docs/iter_gap_investigation/phase429_reprofile/K2.5-tp4ep8dp2-8k2k,w1_decode_c16,,5,decode_only,8,16,passed,0,mla_attention,16.847886,2.520990,0.088281,0.005240,,1.516977,0.595460,0.357492,0.047048,0.000000,passed,37,103,8,52,44,passed,passed,prefill_serialization_bubble_unmodeled,decode_mla_attention_slope_dominates,phase429_reprofile_window_hits_attributed,apply_named_undercharge_or_bubble_fix,patch_or_recollect_named_perfdb_component,false,true,true,false,false,false,true,No-Go
phase429_reprofile,step_category,K2.5-tp4ep8dp2-8k2k,docs/iter_gap_investigation/phase429_reprofile/K2.5-tp4ep8dp2-8k2k,w1_decode_c16,,5,decode_only,8,16,passed,0,moe_gemm_or_aux,16.847886,3.630688,0.088281,0.005240,,1.516977,0.595460,0.357492,0.047048,0.000000,passed,37,103,8,52,44,passed,passed,prefill_serialization_bubble_unmodeled,decode_mla_attention_slope_dominates,phase429_reprofile_window_hits_attributed,apply_named_undercharge_or_bubble_fix,patch_or_recollect_named_perfdb_component,false,true,true,false,false,false,true,No-Go
phase429_reprofile,step_category,K2.5-tp4ep8dp2-8k2k,docs/iter_gap_investigation/phase429_reprofile/K2.5-tp4ep8dp2-8k2k,w1_decode_c16,,5,decode_only,8,16,passed,0,other_cuda,16.847886,1.573925,0.088281,0.005240,,1.516977,0.595460,0.357492,0.047048,0.000000,passed,37,103,8,52,44,passed,passed,prefill_serialization_bubble_unmodeled,decode_mla_attention_slope_dominates,phase429_reprofile_window_hits_attributed,apply_named_undercharge_or_bubble_fix,patch_or_recollect_named_perfdb_component,false,true,true,false,false,false,true,No-Go
phase429_reprofile,step_category,K2.5-tp4ep8dp2-8k2k,docs/iter_gap_investigation/phase429_reprofile/K2.5-tp4ep8dp2-8k2k,w1_decode_c16,,5,decode_only,8,16,passed,0,tp_or_dp_allreduce,16.847886,0.372558,0.088281,0.005240,,1.516977,0.595460,0.357492,0.047048,0.000000,passed,37,103,8,52,44,passed,passed,prefill_serialization_bubble_unmodeled,decode_mla_attention_slope_dominates,phase429_reprofile_window_hits_attributed,apply_named_undercharge_or_bubble_fix,patch_or_recollect_named_perfdb_component,false,true,true,false,false,false,true,No-Go
phase429_reprofile,step,K2.5-tp4ep8dp2-8k2k,docs/iter_gap_investigation/phase429_reprofile/K2.5-tp4ep8dp2-8k2k,w1_decode_c16,,6,decode_only,8,16,passed,0,,16.832103,,0.087950,0.005225,,1.516977,0.595460,0.357492,0.047048,0.000000,passed,37,103,8,52,44,passed,passed,prefill_serialization_bubble_unmodeled,decode_mla_attention_slope_dominates,phase429_reprofile_window_hits_attributed,apply_named_undercharge_or_bubble_fix,patch_or_recollect_named_perfdb_component,false,true,true,false,false,false,true,No-Go
phase429_reprofile,step_category,K2.5-tp4ep8dp2-8k2k,docs/iter_gap_investigation/phase429_reprofile/K2.5-tp4ep8dp2-8k2k,w1_decode_c16,,6,decode_only,8,16,passed,0,dense_gemm,16.832103,4.226220,0.087950,0.005225,,1.516977,0.595460,0.357492,0.047048,0.000000,passed,37,103,8,52,44,passed,passed,prefill_serialization_bubble_unmodeled,decode_mla_attention_slope_dominates,phase429_reprofile_window_hits_attributed,apply_named_undercharge_or_bubble_fix,patch_or_recollect_named_perfdb_component,false,true,true,false,false,false,true,No-Go
phase429_reprofile,step_category,K2.5-tp4ep8dp2-8k2k,docs/iter_gap_investigation/phase429_reprofile/K2.5-tp4ep8dp2-8k2k,w1_decode_c16,,6,decode_only,8,16,passed,0,ep_a2a,16.832103,4.371480,0.087950,0.005225,,1.516977,0.595460,0.357492,0.047048,0.000000,passed,37,103,8,52,44,passed,passed,prefill_serialization_bubble_unmodeled,decode_mla_attention_slope_dominates,phase429_reprofile_window_hits_attributed,apply_named_undercharge_or_bubble_fix,patch_or_recollect_named_perfdb_component,false,true,true,false,false,false,true,No-Go
phase429_reprofile,step_category,K2.5-tp4ep8dp2-8k2k,docs/iter_gap_investigation/phase429_reprofile/K2.5-tp4ep8dp2-8k2k,w1_decode_c16,,6,decode_only,8,16,passed,0,memcpy_memset,16.832103,0.055296,0.087950,0.005225,,1.516977,0.595460,0.357492,0.047048,0.000000,passed,37,103,8,52,44,passed,passed,prefill_serialization_bubble_unmodeled,decode_mla_attention_slope_dominates,phase429_reprofile_window_hits_attributed,apply_named_undercharge_or_bubble_fix,patch_or_recollect_named_perfdb_component,false,true,true,false,false,false,true,No-Go
phase429_reprofile,step_category,K2.5-tp4ep8dp2-8k2k,docs/iter_gap_investigation/phase429_reprofile/K2.5-tp4ep8dp2-8k2k,w1_decode_c16,,6,decode_only,8,16,passed,0,mla_attention,16.832103,2.523309,0.087950,0.005225,,1.516977,0.595460,0.357492,0.047048,0.000000,passed,37,103,8,52,44,passed,passed,prefill_serialization_bubble_unmodeled,decode_mla_attention_slope_dominates,phase429_reprofile_window_hits_attributed,apply_named_undercharge_or_bubble_fix,patch_or_recollect_named_perfdb_component,false,true,true,false,false,false,true,No-Go
phase429_reprofile,step_category,K2.5-tp4ep8dp2-8k2k,docs/iter_gap_investigation/phase429_reprofile/K2.5-tp4ep8dp2-8k2k,w1_decode_c16,,6,decode_only,8,16,passed,0,moe_gemm_or_aux,16.832103,3.610895,0.087950,0.005225,,1.516977,0.595460,0.357492,0.047048,0.000000,passed,37,103,8,52,44,passed,passed,prefill_serialization_bubble_unmodeled,decode_mla_attention_slope_dominates,phase429_reprofile_window_hits_attributed,apply_named_undercharge_or_bubble_fix,patch_or_recollect_named_perfdb_component,false,true,true,false,false,false,true,No-Go
phase429_reprofile,step_category,K2.5-tp4ep8dp2-8k2k,docs/iter_gap_investigation/phase429_reprofile/K2.5-tp4ep8dp2-8k2k,w1_decode_c16,,6,decode_only,8,16,passed,0,other_cuda,16.832103,1.578554,0.087950,0.005225,,1.516977,0.595460,0.357492,0.047048,0.000000,passed,37,103,8,52,44,passed,passed,prefill_serialization_bubble_unmodeled,decode_mla_attention_slope_dominates,phase429_reprofile_window_hits_attributed,apply_named_undercharge_or_bubble_fix,patch_or_recollect_named_perfdb_component,false,true,true,false,false,false,true,No-Go
phase429_reprofile,step_category,K2.5-tp4ep8dp2-8k2k,docs/iter_gap_investigation/phase429_reprofile/K2.5-tp4ep8dp2-8k2k,w1_decode_c16,,6,decode_only,8,16,passed,0,tp_or_dp_allreduce,16.832103,0.378399,0.087950,0.005225,,1.516977,0.595460,0.357492,0.047048,0.000000,passed,37,103,8,52,44,passed,passed,prefill_serialization_bubble_unmodeled,decode_mla_attention_slope_dominates,phase429_reprofile_window_hits_attributed,apply_named_undercharge_or_bubble_fix,patch_or_recollect_named_perfdb_component,false,true,true,false,false,false,true,No-Go
phase429_reprofile,step,K2.5-tp4ep8dp2-8k2k,docs/iter_gap_investigation/phase429_reprofile/K2.5-tp4ep8dp2-8k2k,w1_decode_c16,,7,decode_only,8,16,passed,0,,16.896264,,0.091067,0.005390,,1.516977,0.595460,0.357492,0.047048,0.000000,passed,37,103,8,52,44,passed,passed,prefill_serialization_bubble_unmodeled,decode_mla_attention_slope_dominates,phase429_reprofile_window_hits_attributed,apply_named_undercharge_or_bubble_fix,patch_or_recollect_named_perfdb_component,false,true,true,false,false,false,true,No-Go
phase429_reprofile,step_category,K2.5-tp4ep8dp2-8k2k,docs/iter_gap_investigation/phase429_reprofile/K2.5-tp4ep8dp2-8k2k,w1_decode_c16,,7,decode_only,8,16,passed,0,dense_gemm,16.896264,4.275225,0.091067,0.005390,,1.516977,0.595460,0.357492,0.047048,0.000000,passed,37,103,8,52,44,passed,passed,prefill_serialization_bubble_unmodeled,decode_mla_attention_slope_dominates,phase429_reprofile_window_hits_attributed,apply_named_undercharge_or_bubble_fix,patch_or_recollect_named_perfdb_component,false,true,true,false,false,false,true,No-Go
phase429_reprofile,step_category,K2.5-tp4ep8dp2-8k2k,docs/iter_gap_investigation/phase429_reprofile/K2.5-tp4ep8dp2-8k2k,w1_decode_c16,,7,decode_only,8,16,passed,0,ep_a2a,16.896264,4.376129,0.091067,0.005390,,1.516977,0.595460,0.357492,0.047048,0.000000,passed,37,103,8,52,44,passed,passed,prefill_serialization_bubble_unmodeled,decode_mla_attention_slope_dominates,phase429_reprofile_window_hits_attributed,apply_named_undercharge_or_bubble_fix,patch_or_recollect_named_perfdb_component,false,true,true,false,false,false,true,No-Go
phase429_reprofile,step_category,K2.5-tp4ep8dp2-8k2k,docs/iter_gap_investigation/phase429_reprofile/K2.5-tp4ep8dp2-8k2k,w1_decode_c16,,7,decode_only,8,16,passed,0,memcpy_memset,16.896264,0.055064,0.091067,0.005390,,1.516977,0.595460,0.357492,0.047048,0.000000,passed,37,103,8,52,44,passed,passed,prefill_serialization_bubble_unmodeled,decode_mla_attention_slope_dominates,phase429_reprofile_window_hits_attributed,apply_named_undercharge_or_bubble_fix,patch_or_recollect_named_perfdb_component,false,true,true,false,false,false,true,No-Go
phase429_reprofile,step_category,K2.5-tp4ep8dp2-8k2k,docs/iter_gap_investigation/phase429_reprofile/K2.5-tp4ep8dp2-8k2k,w1_decode_c16,,7,decode_only,8,16,passed,0,mla_attention,16.896264,2.520351,0.091067,0.005390,,1.516977,0.595460,0.357492,0.047048,0.000000,passed,37,103,8,52,44,passed,passed,prefill_serialization_bubble_unmodeled,decode_mla_attention_slope_dominates,phase429_reprofile_window_hits_attributed,apply_named_undercharge_or_bubble_fix,patch_or_recollect_named_perfdb_component,false,true,true,false,false,false,true,No-Go
phase429_reprofile,step_category,K2.5-tp4ep8dp2-8k2k,docs/iter_gap_investigation/phase429_reprofile/K2.5-tp4ep8dp2-8k2k,w1_decode_c16,,7,decode_only,8,16,passed,0,moe_gemm_or_aux,16.896264,3.623859,0.091067,0.005390,,1.516977,0.595460,0.357492,0.047048,0.000000,passed,37,103,8,52,44,passed,passed,prefill_serialization_bubble_unmodeled,decode_mla_attention_slope_dominates,phase429_reprofile_window_hits_attributed,apply_named_undercharge_or_bubble_fix,patch_or_recollect_named_perfdb_component,false,true,true,false,false,false,true,No-Go
phase429_reprofile,step_category,K2.5-tp4ep8dp2-8k2k,docs/iter_gap_investigation/phase429_reprofile/K2.5-tp4ep8dp2-8k2k,w1_decode_c16,,7,decode_only,8,16,passed,0,other_cuda,16.896264,1.578441,0.091067,0.005390,,1.516977,0.595460,0.357492,0.047048,0.000000,passed,37,103,8,52,44,passed,passed,prefill_serialization_bubble_unmodeled,decode_mla_attention_slope_dominates,phase429_reprofile_window_hits_attributed,apply_named_undercharge_or_bubble_fix,patch_or_recollect_named_perfdb_component,false,true,true,false,false,false,true,No-Go
phase429_reprofile,step_category,K2.5-tp4ep8dp2-8k2k,docs/iter_gap_investigation/phase429_reprofile/K2.5-tp4ep8dp2-8k2k,w1_decode_c16,,7,decode_only,8,16,passed,0,tp_or_dp_allreduce,16.896264,0.376128,0.091067,0.005390,,1.516977,0.595460,0.357492,0.047048,0.000000,passed,37,103,8,52,44,passed,passed,prefill_serialization_bubble_unmodeled,decode_mla_attention_slope_dominates,phase429_reprofile_window_hits_attributed,apply_named_undercharge_or_bubble_fix,patch_or_recollect_named_perfdb_component,false,true,true,false,false,false,true,No-Go
phase429_reprofile,step,K2.5-tp4ep8dp2-8k2k,docs/iter_gap_investigation/phase429_reprofile/K2.5-tp4ep8dp2-8k2k,w1_decode_c16,,8,decode_only,8,16,passed,0,,17.026667,,0.095064,0.005583,,1.516977,0.595460,0.357492,0.047048,0.000000,passed,37,103,8,52,44,passed,passed,prefill_serialization_bubble_unmodeled,decode_mla_attention_slope_dominates,phase429_reprofile_window_hits_attributed,apply_named_undercharge_or_bubble_fix,patch_or_recollect_named_perfdb_component,false,true,true,false,false,false,true,No-Go
phase429_reprofile,step_category,K2.5-tp4ep8dp2-8k2k,docs/iter_gap_investigation/phase429_reprofile/K2.5-tp4ep8dp2-8k2k,w1_decode_c16,,8,decode_only,8,16,passed,0,dense_gemm,17.026667,4.245060,0.095064,0.005583,,1.516977,0.595460,0.357492,0.047048,0.000000,passed,37,103,8,52,44,passed,passed,prefill_serialization_bubble_unmodeled,decode_mla_attention_slope_dominates,phase429_reprofile_window_hits_attributed,apply_named_undercharge_or_bubble_fix,patch_or_recollect_named_perfdb_component,false,true,true,false,false,false,true,No-Go
phase429_reprofile,step_category,K2.5-tp4ep8dp2-8k2k,docs/iter_gap_investigation/phase429_reprofile/K2.5-tp4ep8dp2-8k2k,w1_decode_c16,,8,decode_only,8,16,passed,0,ep_a2a,17.026667,4.415401,0.095064,0.005583,,1.516977,0.595460,0.357492,0.047048,0.000000,passed,37,103,8,52,44,passed,passed,prefill_serialization_bubble_unmodeled,decode_mla_attention_slope_dominates,phase429_reprofile_window_hits_attributed,apply_named_undercharge_or_bubble_fix,patch_or_recollect_named_perfdb_component,false,true,true,false,false,false,true,No-Go
phase429_reprofile,step_category,K2.5-tp4ep8dp2-8k2k,docs/iter_gap_investigation/phase429_reprofile/K2.5-tp4ep8dp2-8k2k,w1_decode_c16,,8,decode_only,8,16,passed,0,memcpy_memset,17.026667,0.057007,0.095064,0.005583,,1.516977,0.595460,0.357492,0.047048,0.000000,passed,37,103,8,52,44,passed,passed,prefill_serialization_bubble_unmodeled,decode_mla_attention_slope_dominates,phase429_reprofile_window_hits_attributed,apply_named_undercharge_or_bubble_fix,patch_or_recollect_named_perfdb_component,false,true,true,false,false,false,true,No-Go
phase429_reprofile,step_category,K2.5-tp4ep8dp2-8k2k,docs/iter_gap_investigation/phase429_reprofile/K2.5-tp4ep8dp2-8k2k,w1_decode_c16,,8,decode_only,8,16,passed,0,mla_attention,17.026667,2.524027,0.095064,0.005583,,1.516977,0.595460,0.357492,0.047048,0.000000,passed,37,103,8,52,44,passed,passed,prefill_serialization_bubble_unmodeled,decode_mla_attention_slope_dominates,phase429_reprofile_window_hits_attributed,apply_named_undercharge_or_bubble_fix,patch_or_recollect_named_perfdb_component,false,true,true,false,false,false,true,No-Go
phase429_reprofile,step_category,K2.5-tp4ep8dp2-8k2k,docs/iter_gap_investigation/phase429_reprofile/K2.5-tp4ep8dp2-8k2k,w1_decode_c16,,8,decode_only,8,16,passed,0,moe_gemm_or_aux,17.026667,3.749885,0.095064,0.005583,,1.516977,0.595460,0.357492,0.047048,0.000000,passed,37,103,8,52,44,passed,passed,prefill_serialization_bubble_unmodeled,decode_mla_attention_slope_dominates,phase429_reprofile_window_hits_attributed,apply_named_undercharge_or_bubble_fix,patch_or_recollect_named_perfdb_component,false,true,true,false,false,false,true,No-Go
phase429_reprofile,step_category,K2.5-tp4ep8dp2-8k2k,docs/iter_gap_investigation/phase429_reprofile/K2.5-tp4ep8dp2-8k2k,w1_decode_c16,,8,decode_only,8,16,passed,0,other_cuda,17.026667,1.573373,0.095064,0.005583,,1.516977,0.595460,0.357492,0.047048,0.000000,passed,37,103,8,52,44,passed,passed,prefill_serialization_bubble_unmodeled,decode_mla_attention_slope_dominates,phase429_reprofile_window_hits_attributed,apply_named_undercharge_or_bubble_fix,patch_or_recollect_named_perfdb_component,false,true,true,false,false,false,true,No-Go
phase429_reprofile,step_category,K2.5-tp4ep8dp2-8k2k,docs/iter_gap_investigation/phase429_reprofile/K2.5-tp4ep8dp2-8k2k,w1_decode_c16,,8,decode_only,8,16,passed,0,tp_or_dp_allreduce,17.026667,0.367049,0.095064,0.005583,,1.516977,0.595460,0.357492,0.047048,0.000000,passed,37,103,8,52,44,passed,passed,prefill_serialization_bubble_unmodeled,decode_mla_attention_slope_dominates,phase429_reprofile_window_hits_attributed,apply_named_undercharge_or_bubble_fix,patch_or_recollect_named_perfdb_component,false,true,true,false,false,false,true,No-Go
phase429_reprofile,step,K2.5-tp4ep8dp2-8k2k,docs/iter_gap_investigation/phase429_reprofile/K2.5-tp4ep8dp2-8k2k,w1_decode_c16,,9,decode_only,8,16,passed,0,,16.744498,,0.074083,0.004424,,1.516977,0.595460,0.357492,0.047048,0.000000,passed,37,103,8,52,44,passed,passed,prefill_serialization_bubble_unmodeled,decode_mla_attention_slope_dominates,phase429_reprofile_window_hits_attributed,apply_named_undercharge_or_bubble_fix,patch_or_recollect_named_perfdb_component,false,true,true,false,false,false,true,No-Go
phase429_reprofile,step_category,K2.5-tp4ep8dp2-8k2k,docs/iter_gap_investigation/phase429_reprofile/K2.5-tp4ep8dp2-8k2k,w1_decode_c16,,9,decode_only,8,16,passed,0,dense_gemm,16.744498,4.244181,0.074083,0.004424,,1.516977,0.595460,0.357492,0.047048,0.000000,passed,37,103,8,52,44,passed,passed,prefill_serialization_bubble_unmodeled,decode_mla_attention_slope_dominates,phase429_reprofile_window_hits_attributed,apply_named_undercharge_or_bubble_fix,patch_or_recollect_named_perfdb_component,false,true,true,false,false,false,true,No-Go
phase429_reprofile,step_category,K2.5-tp4ep8dp2-8k2k,docs/iter_gap_investigation/phase429_reprofile/K2.5-tp4ep8dp2-8k2k,w1_decode_c16,,9,decode_only,8,16,passed,0,ep_a2a,16.744498,4.379730,0.074083,0.004424,,1.516977,0.595460,0.357492,0.047048,0.000000,passed,37,103,8,52,44,passed,passed,prefill_serialization_bubble_unmodeled,decode_mla_attention_slope_dominates,phase429_reprofile_window_hits_attributed,apply_named_undercharge_or_bubble_fix,patch_or_recollect_named_perfdb_component,false,true,true,false,false,false,true,No-Go
phase429_reprofile,step_category,K2.5-tp4ep8dp2-8k2k,docs/iter_gap_investigation/phase429_reprofile/K2.5-tp4ep8dp2-8k2k,w1_decode_c16,,9,decode_only,8,16,passed,0,memcpy_memset,16.744498,0.059708,0.074083,0.004424,,1.516977,0.595460,0.357492,0.047048,0.000000,passed,37,103,8,52,44,passed,passed,prefill_serialization_bubble_unmodeled,decode_mla_attention_slope_dominates,phase429_reprofile_window_hits_attributed,apply_named_undercharge_or_bubble_fix,patch_or_recollect_named_perfdb_component,false,true,true,false,false,false,true,No-Go
phase429_reprofile,step_category,K2.5-tp4ep8dp2-8k2k,docs/iter_gap_investigation/phase429_reprofile/K2.5-tp4ep8dp2-8k2k,w1_decode_c16,,9,decode_only,8,16,passed,0,mla_attention,16.744498,2.521848,0.074083,0.004424,,1.516977,0.595460,0.357492,0.047048,0.000000,passed,37,103,8,52,44,passed,passed,prefill_serialization_bubble_unmodeled,decode_mla_attention_slope_dominates,phase429_reprofile_window_hits_attributed,apply_named_undercharge_or_bubble_fix,patch_or_recollect_named_perfdb_component,false,true,true,false,false,false,true,No-Go
phase429_reprofile,step_category,K2.5-tp4ep8dp2-8k2k,docs/iter_gap_investigation/phase429_reprofile/K2.5-tp4ep8dp2-8k2k,w1_decode_c16,,9,decode_only,8,16,passed,0,moe_gemm_or_aux,16.744498,3.510836,0.074083,0.004424,,1.516977,0.595460,0.357492,0.047048,0.000000,passed,37,103,8,52,44,passed,passed,prefill_serialization_bubble_unmodeled,decode_mla_attention_slope_dominates,phase429_reprofile_window_hits_attributed,apply_named_undercharge_or_bubble_fix,patch_or_recollect_named_perfdb_component,false,true,true,false,false,false,true,No-Go
phase429_reprofile,step_category,K2.5-tp4ep8dp2-8k2k,docs/iter_gap_investigation/phase429_reprofile/K2.5-tp4ep8dp2-8k2k,w1_decode_c16,,9,decode_only,8,16,passed,0,other_cuda,16.744498,1.574411,0.074083,0.004424,,1.516977,0.595460,0.357492,0.047048,0.000000,passed,37,103,8,52,44,passed,passed,prefill_serialization_bubble_unmodeled,decode_mla_attention_slope_dominates,phase429_reprofile_window_hits_attributed,apply_named_undercharge_or_bubble_fix,patch_or_recollect_named_perfdb_component,false,true,true,false,false,false,true,No-Go
phase429_reprofile,step_category,K2.5-tp4ep8dp2-8k2k,docs/iter_gap_investigation/phase429_reprofile/K2.5-tp4ep8dp2-8k2k,w1_decode_c16,,9,decode_only,8,16,passed,0,tp_or_dp_allreduce,16.744498,0.379973,0.074083,0.004424,,1.516977,0.595460,0.357492,0.047048,0.000000,passed,37,103,8,52,44,passed,passed,prefill_serialization_bubble_unmodeled,decode_mla_attention_slope_dominates,phase429_reprofile_window_hits_attributed,apply_named_undercharge_or_bubble_fix,patch_or_recollect_named_perfdb_component,false,true,true,false,false,false,true,No-Go
phase429_reprofile,step,K2.5-tp4ep8dp2-8k2k,docs/iter_gap_investigation/phase429_reprofile/K2.5-tp4ep8dp2-8k2k,w1_decode_c16,,10,decode_only,8,16,passed,0,,16.956308,,0.089851,0.005299,,1.516977,0.595460,0.357492,0.047048,0.000000,passed,37,103,8,52,44,passed,passed,prefill_serialization_bubble_unmodeled,decode_mla_attention_slope_dominates,phase429_reprofile_window_hits_attributed,apply_named_undercharge_or_bubble_fix,patch_or_recollect_named_perfdb_component,false,true,true,false,false,false,true,No-Go
phase429_reprofile,step_category,K2.5-tp4ep8dp2-8k2k,docs/iter_gap_investigation/phase429_reprofile/K2.5-tp4ep8dp2-8k2k,w1_decode_c16,,10,decode_only,8,16,passed,0,dense_gemm,16.956308,4.241221,0.089851,0.005299,,1.516977,0.595460,0.357492,0.047048,0.000000,passed,37,103,8,52,44,passed,passed,prefill_serialization_bubble_unmodeled,decode_mla_attention_slope_dominates,phase429_reprofile_window_hits_attributed,apply_named_undercharge_or_bubble_fix,patch_or_recollect_named_perfdb_component,false,true,true,false,false,false,true,No-Go
phase429_reprofile,step_category,K2.5-tp4ep8dp2-8k2k,docs/iter_gap_investigation/phase429_reprofile/K2.5-tp4ep8dp2-8k2k,w1_decode_c16,,10,decode_only,8,16,passed,0,ep_a2a,16.956308,4.342157,0.089851,0.005299,,1.516977,0.595460,0.357492,0.047048,0.000000,passed,37,103,8,52,44,passed,passed,prefill_serialization_bubble_unmodeled,decode_mla_attention_slope_dominates,phase429_reprofile_window_hits_attributed,apply_named_undercharge_or_bubble_fix,patch_or_recollect_named_perfdb_component,false,true,true,false,false,false,true,No-Go
phase429_reprofile,step_category,K2.5-tp4ep8dp2-8k2k,docs/iter_gap_investigation/phase429_reprofile/K2.5-tp4ep8dp2-8k2k,w1_decode_c16,,10,decode_only,8,16,passed,0,memcpy_memset,16.956308,0.054529,0.089851,0.005299,,1.516977,0.595460,0.357492,0.047048,0.000000,passed,37,103,8,52,44,passed,passed,prefill_serialization_bubble_unmodeled,decode_mla_attention_slope_dominates,phase429_reprofile_window_hits_attributed,apply_named_undercharge_or_bubble_fix,patch_or_recollect_named_perfdb_component,false,true,true,false,false,false,true,No-Go
phase429_reprofile,step_category,K2.5-tp4ep8dp2-8k2k,docs/iter_gap_investigation/phase429_reprofile/K2.5-tp4ep8dp2-8k2k,w1_decode_c16,,10,decode_only,8,16,passed,0,mla_attention,16.956308,2.523169,0.089851,0.005299,,1.516977,0.595460,0.357492,0.047048,0.000000,passed,37,103,8,52,44,passed,passed,prefill_serialization_bubble_unmodeled,decode_mla_attention_slope_dominates,phase429_reprofile_window_hits_attributed,apply_named_undercharge_or_bubble_fix,patch_or_recollect_named_perfdb_component,false,true,true,false,false,false,true,No-Go
phase429_reprofile,step_category,K2.5-tp4ep8dp2-8k2k,docs/iter_gap_investigation/phase429_reprofile/K2.5-tp4ep8dp2-8k2k,w1_decode_c16,,10,decode_only,8,16,passed,0,moe_gemm_or_aux,16.956308,3.750335,0.089851,0.005299,,1.516977,0.595460,0.357492,0.047048,0.000000,passed,37,103,8,52,44,passed,passed,prefill_serialization_bubble_unmodeled,decode_mla_attention_slope_dominates,phase429_reprofile_window_hits_attributed,apply_named_undercharge_or_bubble_fix,patch_or_recollect_named_perfdb_component,false,true,true,false,false,false,true,No-Go
phase429_reprofile,step_category,K2.5-tp4ep8dp2-8k2k,docs/iter_gap_investigation/phase429_reprofile/K2.5-tp4ep8dp2-8k2k,w1_decode_c16,,10,decode_only,8,16,passed,0,other_cuda,16.956308,1.579527,0.089851,0.005299,,1.516977,0.595460,0.357492,0.047048,0.000000,passed,37,103,8,52,44,passed,passed,prefill_serialization_bubble_unmodeled,decode_mla_attention_slope_dominates,phase429_reprofile_window_hits_attributed,apply_named_undercharge_or_bubble_fix,patch_or_recollect_named_perfdb_component,false,true,true,false,false,false,true,No-Go
phase429_reprofile,step_category,K2.5-tp4ep8dp2-8k2k,docs/iter_gap_investigation/phase429_reprofile/K2.5-tp4ep8dp2-8k2k,w1_decode_c16,,10,decode_only,8,16,passed,0,tp_or_dp_allreduce,16.956308,0.375584,0.089851,0.005299,,1.516977,0.595460,0.357492,0.047048,0.000000,passed,37,103,8,52,44,passed,passed,prefill_serialization_bubble_unmodeled,decode_mla_attention_slope_dominates,phase429_reprofile_window_hits_attributed,apply_named_undercharge_or_bubble_fix,patch_or_recollect_named_perfdb_component,false,true,true,false,false,false,true,No-Go
phase429_reprofile,step,K2.5-tp4ep8dp2-8k2k,docs/iter_gap_investigation/phase429_reprofile/K2.5-tp4ep8dp2-8k2k,w1_decode_c16,,11,decode_only,8,16,passed,0,,16.875845,,0.080492,0.004770,,1.516977,0.595460,0.357492,0.047048,0.000000,passed,37,103,8,52,44,passed,passed,prefill_serialization_bubble_unmodeled,decode_mla_attention_slope_dominates,phase429_reprofile_window_hits_attributed,apply_named_undercharge_or_bubble_fix,patch_or_recollect_named_perfdb_component,false,true,true,false,false,false,true,No-Go
phase429_reprofile,step_category,K2.5-tp4ep8dp2-8k2k,docs/iter_gap_investigation/phase429_reprofile/K2.5-tp4ep8dp2-8k2k,w1_decode_c16,,11,decode_only,8,16,passed,0,dense_gemm,16.875845,4.253265,0.080492,0.004770,,1.516977,0.595460,0.357492,0.047048,0.000000,passed,37,103,8,52,44,passed,passed,prefill_serialization_bubble_unmodeled,decode_mla_attention_slope_dominates,phase429_reprofile_window_hits_attributed,apply_named_undercharge_or_bubble_fix,patch_or_recollect_named_perfdb_component,false,true,true,false,false,false,true,No-Go
phase429_reprofile,step_category,K2.5-tp4ep8dp2-8k2k,docs/iter_gap_investigation/phase429_reprofile/K2.5-tp4ep8dp2-8k2k,w1_decode_c16,,11,decode_only,8,16,passed,0,ep_a2a,16.875845,4.350170,0.080492,0.004770,,1.516977,0.595460,0.357492,0.047048,0.000000,passed,37,103,8,52,44,passed,passed,prefill_serialization_bubble_unmodeled,decode_mla_attention_slope_dominates,phase429_reprofile_window_hits_attributed,apply_named_undercharge_or_bubble_fix,patch_or_recollect_named_perfdb_component,false,true,true,false,false,false,true,No-Go
phase429_reprofile,step_category,K2.5-tp4ep8dp2-8k2k,docs/iter_gap_investigation/phase429_reprofile/K2.5-tp4ep8dp2-8k2k,w1_decode_c16,,11,decode_only,8,16,passed,0,memcpy_memset,16.875845,0.056336,0.080492,0.004770,,1.516977,0.595460,0.357492,0.047048,0.000000,passed,37,103,8,52,44,passed,passed,prefill_serialization_bubble_unmodeled,decode_mla_attention_slope_dominates,phase429_reprofile_window_hits_attributed,apply_named_undercharge_or_bubble_fix,patch_or_recollect_named_perfdb_component,false,true,true,false,false,false,true,No-Go
phase429_reprofile,step_category,K2.5-tp4ep8dp2-8k2k,docs/iter_gap_investigation/phase429_reprofile/K2.5-tp4ep8dp2-8k2k,w1_decode_c16,,11,decode_only,8,16,passed,0,mla_attention,16.875845,2.521219,0.080492,0.004770,,1.516977,0.595460,0.357492,0.047048,0.000000,passed,37,103,8,52,44,passed,passed,prefill_serialization_bubble_unmodeled,decode_mla_attention_slope_dominates,phase429_reprofile_window_hits_attributed,apply_named_undercharge_or_bubble_fix,patch_or_recollect_named_perfdb_component,false,true,true,false,false,false,true,No-Go
phase429_reprofile,step_category,K2.5-tp4ep8dp2-8k2k,docs/iter_gap_investigation/phase429_reprofile/K2.5-tp4ep8dp2-8k2k,w1_decode_c16,,11,decode_only,8,16,passed,0,moe_gemm_or_aux,16.875845,3.659922,0.080492,0.004770,,1.516977,0.595460,0.357492,0.047048,0.000000,passed,37,103,8,52,44,passed,passed,prefill_serialization_bubble_unmodeled,decode_mla_attention_slope_dominates,phase429_reprofile_window_hits_attributed,apply_named_undercharge_or_bubble_fix,patch_or_recollect_named_perfdb_component,false,true,true,false,false,false,true,No-Go
phase429_reprofile,step_category,K2.5-tp4ep8dp2-8k2k,docs/iter_gap_investigation/phase429_reprofile/K2.5-tp4ep8dp2-8k2k,w1_decode_c16,,11,decode_only,8,16,passed,0,other_cuda,16.875845,1.576845,0.080492,0.004770,,1.516977,0.595460,0.357492,0.047048,0.000000,passed,37,103,8,52,44,passed,passed,prefill_serialization_bubble_unmodeled,decode_mla_attention_slope_dominates,phase429_reprofile_window_hits_attributed,apply_named_undercharge_or_bubble_fix,patch_or_recollect_named_perfdb_component,false,true,true,false,false,false,true,No-Go
phase429_reprofile,step_category,K2.5-tp4ep8dp2-8k2k,docs/iter_gap_investigation/phase429_reprofile/K2.5-tp4ep8dp2-8k2k,w1_decode_c16,,11,decode_only,8,16,passed,0,tp_or_dp_allreduce,16.875845,0.377595,0.080492,0.004770,,1.516977,0.595460,0.357492,0.047048,0.000000,passed,37,103,8,52,44,passed,passed,prefill_serialization_bubble_unmodeled,decode_mla_attention_slope_dominates,phase429_reprofile_window_hits_attributed,apply_named_undercharge_or_bubble_fix,patch_or_recollect_named_perfdb_component,false,true,true,false,false,false,true,No-Go
phase429_reprofile,step,K2.5-tp4ep8dp2-8k2k,docs/iter_gap_investigation/phase429_reprofile/K2.5-tp4ep8dp2-8k2k,w1_decode_c16,,12,decode_only,8,16,passed,0,,16.830097,,0.072986,0.004337,,1.516977,0.595460,0.357492,0.047048,0.000000,passed,37,103,8,52,44,passed,passed,prefill_serialization_bubble_unmodeled,decode_mla_attention_slope_dominates,phase429_reprofile_window_hits_attributed,apply_named_undercharge_or_bubble_fix,patch_or_recollect_named_perfdb_component,false,true,true,false,false,false,true,No-Go
phase429_reprofile,step_category,K2.5-tp4ep8dp2-8k2k,docs/iter_gap_investigation/phase429_reprofile/K2.5-tp4ep8dp2-8k2k,w1_decode_c16,,12,decode_only,8,16,passed,0,dense_gemm,16.830097,4.239688,0.072986,0.004337,,1.516977,0.595460,0.357492,0.047048,0.000000,passed,37,103,8,52,44,passed,passed,prefill_serialization_bubble_unmodeled,decode_mla_attention_slope_dominates,phase429_reprofile_window_hits_attributed,apply_named_undercharge_or_bubble_fix,patch_or_recollect_named_perfdb_component,false,true,true,false,false,false,true,No-Go
phase429_reprofile,step_category,K2.5-tp4ep8dp2-8k2k,docs/iter_gap_investigation/phase429_reprofile/K2.5-tp4ep8dp2-8k2k,w1_decode_c16,,12,decode_only,8,16,passed,0,ep_a2a,16.830097,4.385529,0.072986,0.004337,,1.516977,0.595460,0.357492,0.047048,0.000000,passed,37,103,8,52,44,passed,passed,prefill_serialization_bubble_unmodeled,decode_mla_attention_slope_dominates,phase429_reprofile_window_hits_attributed,apply_named_undercharge_or_bubble_fix,patch_or_recollect_named_perfdb_component,false,true,true,false,false,false,true,No-Go
phase429_reprofile,step_category,K2.5-tp4ep8dp2-8k2k,docs/iter_gap_investigation/phase429_reprofile/K2.5-tp4ep8dp2-8k2k,w1_decode_c16,,12,decode_only,8,16,passed,0,memcpy_memset,16.830097,0.055316,0.072986,0.004337,,1.516977,0.595460,0.357492,0.047048,0.000000,passed,37,103,8,52,44,passed,passed,prefill_serialization_bubble_unmodeled,decode_mla_attention_slope_dominates,phase429_reprofile_window_hits_attributed,apply_named_undercharge_or_bubble_fix,patch_or_recollect_named_perfdb_component,false,true,true,false,false,false,true,No-Go
phase429_reprofile,step_category,K2.5-tp4ep8dp2-8k2k,docs/iter_gap_investigation/phase429_reprofile/K2.5-tp4ep8dp2-8k2k,w1_decode_c16,,12,decode_only,8,16,passed,0,mla_attention,16.830097,2.523150,0.072986,0.004337,,1.516977,0.595460,0.357492,0.047048,0.000000,passed,37,103,8,52,44,passed,passed,prefill_serialization_bubble_unmodeled,decode_mla_attention_slope_dominates,phase429_reprofile_window_hits_attributed,apply_named_undercharge_or_bubble_fix,patch_or_recollect_named_perfdb_component,false,true,true,false,false,false,true,No-Go
phase429_reprofile,step_category,K2.5-tp4ep8dp2-8k2k,docs/iter_gap_investigation/phase429_reprofile/K2.5-tp4ep8dp2-8k2k,w1_decode_c16,,12,decode_only,8,16,passed,0,moe_gemm_or_aux,16.830097,3.603547,0.072986,0.004337,,1.516977,0.595460,0.357492,0.047048,0.000000,passed,37,103,8,52,44,passed,passed,prefill_serialization_bubble_unmodeled,decode_mla_attention_slope_dominates,phase429_reprofile_window_hits_attributed,apply_named_undercharge_or_bubble_fix,patch_or_recollect_named_perfdb_component,false,true,true,false,false,false,true,No-Go
phase429_reprofile,step_category,K2.5-tp4ep8dp2-8k2k,docs/iter_gap_investigation/phase429_reprofile/K2.5-tp4ep8dp2-8k2k,w1_decode_c16,,12,decode_only,8,16,passed,0,other_cuda,16.830097,1.575966,0.072986,0.004337,,1.516977,0.595460,0.357492,0.047048,0.000000,passed,37,103,8,52,44,passed,passed,prefill_serialization_bubble_unmodeled,decode_mla_attention_slope_dominates,phase429_reprofile_window_hits_attributed,apply_named_undercharge_or_bubble_fix,patch_or_recollect_named_perfdb_component,false,true,true,false,false,false,true,No-Go
phase429_reprofile,step_category,K2.5-tp4ep8dp2-8k2k,docs/iter_gap_investigation/phase429_reprofile/K2.5-tp4ep8dp2-8k2k,w1_decode_c16,,12,decode_only,8,16,passed,0,tp_or_dp_allreduce,16.830097,0.376627,0.072986,0.004337,,1.516977,0.595460,0.357492,0.047048,0.000000,passed,37,103,8,52,44,passed,passed,prefill_serialization_bubble_unmodeled,decode_mla_attention_slope_dominates,phase429_reprofile_window_hits_attributed,apply_named_undercharge_or_bubble_fix,patch_or_recollect_named_perfdb_component,false,true,true,false,false,false,true,No-Go
phase429_reprofile,step,K2.5-tp4ep8dp2-8k2k,docs/iter_gap_investigation/phase429_reprofile/K2.5-tp4ep8dp2-8k2k,w1_decode_c16,,13,decode_only,8,16,passed,0,,16.819546,,0.081697,0.004857,,1.516977,0.595460,0.357492,0.047048,0.000000,passed,37,103,8,52,44,passed,passed,prefill_serialization_bubble_unmodeled,decode_mla_attention_slope_dominates,phase429_reprofile_window_hits_attributed,apply_named_undercharge_or_bubble_fix,patch_or_recollect_named_perfdb_component,false,true,true,false,false,false,true,No-Go
phase429_reprofile,step_category,K2.5-tp4ep8dp2-8k2k,docs/iter_gap_investigation/phase429_reprofile/K2.5-tp4ep8dp2-8k2k,w1_decode_c16,,13,decode_only,8,16,passed,0,dense_gemm,16.819546,4.238758,0.081697,0.004857,,1.516977,0.595460,0.357492,0.047048,0.000000,passed,37,103,8,52,44,passed,passed,prefill_serialization_bubble_unmodeled,decode_mla_attention_slope_dominates,phase429_reprofile_window_hits_attributed,apply_named_undercharge_or_bubble_fix,patch_or_recollect_named_perfdb_component,false,true,true,false,false,false,true,No-Go
phase429_reprofile,step_category,K2.5-tp4ep8dp2-8k2k,docs/iter_gap_investigation/phase429_reprofile/K2.5-tp4ep8dp2-8k2k,w1_decode_c16,,13,decode_only,8,16,passed,0,ep_a2a,16.819546,4.297744,0.081697,0.004857,,1.516977,0.595460,0.357492,0.047048,0.000000,passed,37,103,8,52,44,passed,passed,prefill_serialization_bubble_unmodeled,decode_mla_attention_slope_dominates,phase429_reprofile_window_hits_attributed,apply_named_undercharge_or_bubble_fix,patch_or_recollect_named_perfdb_component,false,true,true,false,false,false,true,No-Go
phase429_reprofile,step_category,K2.5-tp4ep8dp2-8k2k,docs/iter_gap_investigation/phase429_reprofile/K2.5-tp4ep8dp2-8k2k,w1_decode_c16,,13,decode_only,8,16,passed,0,memcpy_memset,16.819546,0.054432,0.081697,0.004857,,1.516977,0.595460,0.357492,0.047048,0.000000,passed,37,103,8,52,44,passed,passed,prefill_serialization_bubble_unmodeled,decode_mla_attention_slope_dominates,phase429_reprofile_window_hits_attributed,apply_named_undercharge_or_bubble_fix,patch_or_recollect_named_perfdb_component,false,true,true,false,false,false,true,No-Go
phase429_reprofile,step_category,K2.5-tp4ep8dp2-8k2k,docs/iter_gap_investigation/phase429_reprofile/K2.5-tp4ep8dp2-8k2k,w1_decode_c16,,13,decode_only,8,16,passed,0,mla_attention,16.819546,2.522324,0.081697,0.004857,,1.516977,0.595460,0.357492,0.047048,0.000000,passed,37,103,8,52,44,passed,passed,prefill_serialization_bubble_unmodeled,decode_mla_attention_slope_dominates,phase429_reprofile_window_hits_attributed,apply_named_undercharge_or_bubble_fix,patch_or_recollect_named_perfdb_component,false,true,true,false,false,false,true,No-Go
phase429_reprofile,step_category,K2.5-tp4ep8dp2-8k2k,docs/iter_gap_investigation/phase429_reprofile/K2.5-tp4ep8dp2-8k2k,w1_decode_c16,,13,decode_only,8,16,passed,0,moe_gemm_or_aux,16.819546,3.668073,0.081697,0.004857,,1.516977,0.595460,0.357492,0.047048,0.000000,passed,37,103,8,52,44,passed,passed,prefill_serialization_bubble_unmodeled,decode_mla_attention_slope_dominates,phase429_reprofile_window_hits_attributed,apply_named_undercharge_or_bubble_fix,patch_or_recollect_named_perfdb_component,false,true,true,false,false,false,true,No-Go
phase429_reprofile,step_category,K2.5-tp4ep8dp2-8k2k,docs/iter_gap_investigation/phase429_reprofile/K2.5-tp4ep8dp2-8k2k,w1_decode_c16,,13,decode_only,8,16,passed,0,other_cuda,16.819546,1.578073,0.081697,0.004857,,1.516977,0.595460,0.357492,0.047048,0.000000,passed,37,103,8,52,44,passed,passed,prefill_serialization_bubble_unmodeled,decode_mla_attention_slope_dominates,phase429_reprofile_window_hits_attributed,apply_named_undercharge_or_bubble_fix,patch_or_recollect_named_perfdb_component,false,true,true,false,false,false,true,No-Go
phase429_reprofile,step_category,K2.5-tp4ep8dp2-8k2k,docs/iter_gap_investigation/phase429_reprofile/K2.5-tp4ep8dp2-8k2k,w1_decode_c16,,13,decode_only,8,16,passed,0,tp_or_dp_allreduce,16.819546,0.378446,0.081697,0.004857,,1.516977,0.595460,0.357492,0.047048,0.000000,passed,37,103,8,52,44,passed,passed,prefill_serialization_bubble_unmodeled,decode_mla_attention_slope_dominates,phase429_reprofile_window_hits_attributed,apply_named_undercharge_or_bubble_fix,patch_or_recollect_named_perfdb_component,false,true,true,false,false,false,true,No-Go
phase429_reprofile,step,K2.5-tp4ep8dp2-8k2k,docs/iter_gap_investigation/phase429_reprofile/K2.5-tp4ep8dp2-8k2k,w1_decode_c16,,14,decode_only,8,16,passed,0,,17.608649,,0.085893,0.004878,,1.516977,0.595460,0.357492,0.047048,0.000000,passed,37,103,8,52,44,passed,passed,prefill_serialization_bubble_unmodeled,decode_mla_attention_slope_dominates,phase429_reprofile_window_hits_attributed,apply_named_undercharge_or_bubble_fix,patch_or_recollect_named_perfdb_component,false,true,true,false,false,false,true,No-Go
phase429_reprofile,step_category,K2.5-tp4ep8dp2-8k2k,docs/iter_gap_investigation/phase429_reprofile/K2.5-tp4ep8dp2-8k2k,w1_decode_c16,,14,decode_only,8,16,passed,0,dense_gemm,17.608649,4.398984,0.085893,0.004878,,1.516977,0.595460,0.357492,0.047048,0.000000,passed,37,103,8,52,44,passed,passed,prefill_serialization_bubble_unmodeled,decode_mla_attention_slope_dominates,phase429_reprofile_window_hits_attributed,apply_named_undercharge_or_bubble_fix,patch_or_recollect_named_perfdb_component,false,true,true,false,false,false,true,No-Go
phase429_reprofile,step_category,K2.5-tp4ep8dp2-8k2k,docs/iter_gap_investigation/phase429_reprofile/K2.5-tp4ep8dp2-8k2k,w1_decode_c16,,14,decode_only,8,16,passed,0,ep_a2a,17.608649,4.522339,0.085893,0.004878,,1.516977,0.595460,0.357492,0.047048,0.000000,passed,37,103,8,52,44,passed,passed,prefill_serialization_bubble_unmodeled,decode_mla_attention_slope_dominates,phase429_reprofile_window_hits_attributed,apply_named_undercharge_or_bubble_fix,patch_or_recollect_named_perfdb_component,false,true,true,false,false,false,true,No-Go
phase429_reprofile,step_category,K2.5-tp4ep8dp2-8k2k,docs/iter_gap_investigation/phase429_reprofile/K2.5-tp4ep8dp2-8k2k,w1_decode_c16,,14,decode_only,8,16,passed,0,memcpy_memset,17.608649,0.056636,0.085893,0.004878,,1.516977,0.595460,0.357492,0.047048,0.000000,passed,37,103,8,52,44,passed,passed,prefill_serialization_bubble_unmodeled,decode_mla_attention_slope_dominates,phase429_reprofile_window_hits_attributed,apply_named_undercharge_or_bubble_fix,patch_or_recollect_named_perfdb_component,false,true,true,false,false,false,true,No-Go
phase429_reprofile,step_category,K2.5-tp4ep8dp2-8k2k,docs/iter_gap_investigation/phase429_reprofile/K2.5-tp4ep8dp2-8k2k,w1_decode_c16,,14,decode_only,8,16,passed,0,mla_attention,17.608649,2.604990,0.085893,0.004878,,1.516977,0.595460,0.357492,0.047048,0.000000,passed,37,103,8,52,44,passed,passed,prefill_serialization_bubble_unmodeled,decode_mla_attention_slope_dominates,phase429_reprofile_window_hits_attributed,apply_named_undercharge_or_bubble_fix,patch_or_recollect_named_perfdb_component,false,true,true,false,false,false,true,No-Go
phase429_reprofile,step_category,K2.5-tp4ep8dp2-8k2k,docs/iter_gap_investigation/phase429_reprofile/K2.5-tp4ep8dp2-8k2k,w1_decode_c16,,14,decode_only,8,16,passed,0,moe_gemm_or_aux,17.608649,3.921733,0.085893,0.004878,,1.516977,0.595460,0.357492,0.047048,0.000000,passed,37,103,8,52,44,passed,passed,prefill_serialization_bubble_unmodeled,decode_mla_attention_slope_dominates,phase429_reprofile_window_hits_attributed,apply_named_undercharge_or_bubble_fix,patch_or_recollect_named_perfdb_component,false,true,true,false,false,false,true,No-Go
phase429_reprofile,step_category,K2.5-tp4ep8dp2-8k2k,docs/iter_gap_investigation/phase429_reprofile/K2.5-tp4ep8dp2-8k2k,w1_decode_c16,,14,decode_only,8,16,passed,0,other_cuda,17.608649,1.623457,0.085893,0.004878,,1.516977,0.595460,0.357492,0.047048,0.000000,passed,37,103,8,52,44,passed,passed,prefill_serialization_bubble_unmodeled,decode_mla_attention_slope_dominates,phase429_reprofile_window_hits_attributed,apply_named_undercharge_or_bubble_fix,patch_or_recollect_named_perfdb_component,false,true,true,false,false,false,true,No-Go
phase429_reprofile,step_category,K2.5-tp4ep8dp2-8k2k,docs/iter_gap_investigation/phase429_reprofile/K2.5-tp4ep8dp2-8k2k,w1_decode_c16,,14,decode_only,8,16,passed,0,tp_or_dp_allreduce,17.608649,0.394617,0.085893,0.004878,,1.516977,0.595460,0.357492,0.047048,0.000000,passed,37,103,8,52,44,passed,passed,prefill_serialization_bubble_unmodeled,decode_mla_attention_slope_dominates,phase429_reprofile_window_hits_attributed,apply_named_undercharge_or_bubble_fix,patch_or_recollect_named_perfdb_component,false,true,true,false,false,false,true,No-Go
phase429_reprofile,step,K2.5-tp4ep8dp2-8k2k,docs/iter_gap_investigation/phase429_reprofile/K2.5-tp4ep8dp2-8k2k,w1_decode_c16,,15,decode_only,8,16,passed,0,,16.206969,,0.083546,0.005155,,1.516977,0.595460,0.357492,0.047048,0.000000,passed,37,103,8,52,44,passed,passed,prefill_serialization_bubble_unmodeled,decode_mla_attention_slope_dominates,phase429_reprofile_window_hits_attributed,apply_named_undercharge_or_bubble_fix,patch_or_recollect_named_perfdb_component,false,true,true,false,false,false,true,No-Go
phase429_reprofile,step_category,K2.5-tp4ep8dp2-8k2k,docs/iter_gap_investigation/phase429_reprofile/K2.5-tp4ep8dp2-8k2k,w1_decode_c16,,15,decode_only,8,16,passed,0,dense_gemm,16.206969,4.135915,0.083546,0.005155,,1.516977,0.595460,0.357492,0.047048,0.000000,passed,37,103,8,52,44,passed,passed,prefill_serialization_bubble_unmodeled,decode_mla_attention_slope_dominates,phase429_reprofile_window_hits_attributed,apply_named_undercharge_or_bubble_fix,patch_or_recollect_named_perfdb_component,false,true,true,false,false,false,true,No-Go
phase429_reprofile,step_category,K2.5-tp4ep8dp2-8k2k,docs/iter_gap_investigation/phase429_reprofile/K2.5-tp4ep8dp2-8k2k,w1_decode_c16,,15,decode_only,8,16,passed,0,ep_a2a,16.206969,4.176552,0.083546,0.005155,,1.516977,0.595460,0.357492,0.047048,0.000000,passed,37,103,8,52,44,passed,passed,prefill_serialization_bubble_unmodeled,decode_mla_attention_slope_dominates,phase429_reprofile_window_hits_attributed,apply_named_undercharge_or_bubble_fix,patch_or_recollect_named_perfdb_component,false,true,true,false,false,false,true,No-Go
phase429_reprofile,step_category,K2.5-tp4ep8dp2-8k2k,docs/iter_gap_investigation/phase429_reprofile/K2.5-tp4ep8dp2-8k2k,w1_decode_c16,,15,decode_only,8,16,passed,0,memcpy_memset,16.206969,0.055908,0.083546,0.005155,,1.516977,0.595460,0.357492,0.047048,0.000000,passed,37,103,8,52,44,passed,passed,prefill_serialization_bubble_unmodeled,decode_mla_attention_slope_dominates,phase429_reprofile_window_hits_attributed,apply_named_undercharge_or_bubble_fix,patch_or_recollect_named_perfdb_component,false,true,true,false,false,false,true,No-Go
phase429_reprofile,step_category,K2.5-tp4ep8dp2-8k2k,docs/iter_gap_investigation/phase429_reprofile/K2.5-tp4ep8dp2-8k2k,w1_decode_c16,,15,decode_only,8,16,passed,0,mla_attention,16.206969,2.439035,0.083546,0.005155,,1.516977,0.595460,0.357492,0.047048,0.000000,passed,37,103,8,52,44,passed,passed,prefill_serialization_bubble_unmodeled,decode_mla_attention_slope_dominates,phase429_reprofile_window_hits_attributed,apply_named_undercharge_or_bubble_fix,patch_or_recollect_named_perfdb_component,false,true,true,false,false,false,true,No-Go
phase429_reprofile,step_category,K2.5-tp4ep8dp2-8k2k,docs/iter_gap_investigation/phase429_reprofile/K2.5-tp4ep8dp2-8k2k,w1_decode_c16,,15,decode_only,8,16,passed,0,moe_gemm_or_aux,16.206969,3.423689,0.083546,0.005155,,1.516977,0.595460,0.357492,0.047048,0.000000,passed,37,103,8,52,44,passed,passed,prefill_serialization_bubble_unmodeled,decode_mla_attention_slope_dominates,phase429_reprofile_window_hits_attributed,apply_named_undercharge_or_bubble_fix,patch_or_recollect_named_perfdb_component,false,true,true,false,false,false,true,No-Go
phase429_reprofile,step_category,K2.5-tp4ep8dp2-8k2k,docs/iter_gap_investigation/phase429_reprofile/K2.5-tp4ep8dp2-8k2k,w1_decode_c16,,15,decode_only,8,16,passed,0,other_cuda,16.206969,1.532172,0.083546,0.005155,,1.516977,0.595460,0.357492,0.047048,0.000000,passed,37,103,8,52,44,passed,passed,prefill_serialization_bubble_unmodeled,decode_mla_attention_slope_dominates,phase429_reprofile_window_hits_attributed,apply_named_undercharge_or_bubble_fix,patch_or_recollect_named_perfdb_component,false,true,true,false,false,false,true,No-Go
phase429_reprofile,step_category,K2.5-tp4ep8dp2-8k2k,docs/iter_gap_investigation/phase429_reprofile/K2.5-tp4ep8dp2-8k2k,w1_decode_c16,,15,decode_only,8,16,passed,0,tp_or_dp_allreduce,16.206969,0.360884,0.083546,0.005155,,1.516977,0.595460,0.357492,0.047048,0.000000,passed,37,103,8,52,44,passed,passed,prefill_serialization_bubble_unmodeled,decode_mla_attention_slope_dominates,phase429_reprofile_window_hits_attributed,apply_named_undercharge_or_bubble_fix,patch_or_recollect_named_perfdb_component,false,true,true,false,false,false,true,No-Go
phase429_reprofile,step,K2.5-tp4ep8dp2-8k2k,docs/iter_gap_investigation/phase429_reprofile/K2.5-tp4ep8dp2-8k2k,w1_decode_c16,,16,decode_only,8,16,passed,0,,16.830868,,0.075840,0.004506,,1.516977,0.595460,0.357492,0.047048,0.000000,passed,37,103,8,52,44,passed,passed,prefill_serialization_bubble_unmodeled,decode_mla_attention_slope_dominates,phase429_reprofile_window_hits_attributed,apply_named_undercharge_or_bubble_fix,patch_or_recollect_named_perfdb_component,false,true,true,false,false,false,true,No-Go
phase429_reprofile,step_category,K2.5-tp4ep8dp2-8k2k,docs/iter_gap_investigation/phase429_reprofile/K2.5-tp4ep8dp2-8k2k,w1_decode_c16,,16,decode_only,8,16,passed,0,dense_gemm,16.830868,4.234978,0.075840,0.004506,,1.516977,0.595460,0.357492,0.047048,0.000000,passed,37,103,8,52,44,passed,passed,prefill_serialization_bubble_unmodeled,decode_mla_attention_slope_dominates,phase429_reprofile_window_hits_attributed,apply_named_undercharge_or_bubble_fix,patch_or_recollect_named_perfdb_component,false,true,true,false,false,false,true,No-Go
phase429_reprofile,step_category,K2.5-tp4ep8dp2-8k2k,docs/iter_gap_investigation/phase429_reprofile/K2.5-tp4ep8dp2-8k2k,w1_decode_c16,,16,decode_only,8,16,passed,0,ep_a2a,16.830868,4.336517,0.075840,0.004506,,1.516977,0.595460,0.357492,0.047048,0.000000,passed,37,103,8,52,44,passed,passed,prefill_serialization_bubble_unmodeled,decode_mla_attention_slope_dominates,phase429_reprofile_window_hits_attributed,apply_named_undercharge_or_bubble_fix,patch_or_recollect_named_perfdb_component,false,true,true,false,false,false,true,No-Go
phase429_reprofile,step_category,K2.5-tp4ep8dp2-8k2k,docs/iter_gap_investigation/phase429_reprofile/K2.5-tp4ep8dp2-8k2k,w1_decode_c16,,16,decode_only,8,16,passed,0,memcpy_memset,16.830868,0.054832,0.075840,0.004506,,1.516977,0.595460,0.357492,0.047048,0.000000,passed,37,103,8,52,44,passed,passed,prefill_serialization_bubble_unmodeled,decode_mla_attention_slope_dominates,phase429_reprofile_window_hits_attributed,apply_named_undercharge_or_bubble_fix,patch_or_recollect_named_perfdb_component,false,true,true,false,false,false,true,No-Go
phase429_reprofile,step_category,K2.5-tp4ep8dp2-8k2k,docs/iter_gap_investigation/phase429_reprofile/K2.5-tp4ep8dp2-8k2k,w1_decode_c16,,16,decode_only,8,16,passed,0,mla_attention,16.830868,2.522815,0.075840,0.004506,,1.516977,0.595460,0.357492,0.047048,0.000000,passed,37,103,8,52,44,passed,passed,prefill_serialization_bubble_unmodeled,decode_mla_attention_slope_dominates,phase429_reprofile_window_hits_attributed,apply_named_undercharge_or_bubble_fix,patch_or_recollect_named_perfdb_component,false,true,true,false,false,false,true,No-Go
phase429_reprofile,step_category,K2.5-tp4ep8dp2-8k2k,docs/iter_gap_investigation/phase429_reprofile/K2.5-tp4ep8dp2-8k2k,w1_decode_c16,,16,decode_only,8,16,passed,0,moe_gemm_or_aux,16.830868,3.655657,0.075840,0.004506,,1.516977,0.595460,0.357492,0.047048,0.000000,passed,37,103,8,52,44,passed,passed,prefill_serialization_bubble_unmodeled,decode_mla_attention_slope_dominates,phase429_reprofile_window_hits_attributed,apply_named_undercharge_or_bubble_fix,patch_or_recollect_named_perfdb_component,false,true,true,false,false,false,true,No-Go
phase429_reprofile,step_category,K2.5-tp4ep8dp2-8k2k,docs/iter_gap_investigation/phase429_reprofile/K2.5-tp4ep8dp2-8k2k,w1_decode_c16,,16,decode_only,8,16,passed,0,other_cuda,16.830868,1.570692,0.075840,0.004506,,1.516977,0.595460,0.357492,0.047048,0.000000,passed,37,103,8,52,44,passed,passed,prefill_serialization_bubble_unmodeled,decode_mla_attention_slope_dominates,phase429_reprofile_window_hits_attributed,apply_named_undercharge_or_bubble_fix,patch_or_recollect_named_perfdb_component,false,true,true,false,false,false,true,No-Go
phase429_reprofile,step_category,K2.5-tp4ep8dp2-8k2k,docs/iter_gap_investigation/phase429_reprofile/K2.5-tp4ep8dp2-8k2k,w1_decode_c16,,16,decode_only,8,16,passed,0,tp_or_dp_allreduce,16.830868,0.379538,0.075840,0.004506,,1.516977,0.595460,0.357492,0.047048,0.000000,passed,37,103,8,52,44,passed,passed,prefill_serialization_bubble_unmodeled,decode_mla_attention_slope_dominates,phase429_reprofile_window_hits_attributed,apply_named_undercharge_or_bubble_fix,patch_or_recollect_named_perfdb_component,false,true,true,false,false,false,true,No-Go
phase429_reprofile,step,K2.5-tp4ep8dp2-8k2k,docs/iter_gap_investigation/phase429_reprofile/K2.5-tp4ep8dp2-8k2k,w1_decode_c16,,17,decode_only,8,16,passed,0,,16.822968,,0.070626,0.004198,,1.516977,0.595460,0.357492,0.047048,0.000000,passed,37,103,8,52,44,passed,passed,prefill_serialization_bubble_unmodeled,decode_mla_attention_slope_dominates,phase429_reprofile_window_hits_attributed,apply_named_undercharge_or_bubble_fix,patch_or_recollect_named_perfdb_component,false,true,true,false,false,false,true,No-Go
phase429_reprofile,step_category,K2.5-tp4ep8dp2-8k2k,docs/iter_gap_investigation/phase429_reprofile/K2.5-tp4ep8dp2-8k2k,w1_decode_c16,,17,decode_only,8,16,passed,0,dense_gemm,16.822968,4.224462,0.070626,0.004198,,1.516977,0.595460,0.357492,0.047048,0.000000,passed,37,103,8,52,44,passed,passed,prefill_serialization_bubble_unmodeled,decode_mla_attention_slope_dominates,phase429_reprofile_window_hits_attributed,apply_named_undercharge_or_bubble_fix,patch_or_recollect_named_perfdb_component,false,true,true,false,false,false,true,No-Go
phase429_reprofile,step_category,K2.5-tp4ep8dp2-8k2k,docs/iter_gap_investigation/phase429_reprofile/K2.5-tp4ep8dp2-8k2k,w1_decode_c16,,17,decode_only,8,16,passed,0,ep_a2a,16.822968,4.327344,0.070626,0.004198,,1.516977,0.595460,0.357492,0.047048,0.000000,passed,37,103,8,52,44,passed,passed,prefill_serialization_bubble_unmodeled,decode_mla_attention_slope_dominates,phase429_reprofile_window_hits_attributed,apply_named_undercharge_or_bubble_fix,patch_or_recollect_named_perfdb_component,false,true,true,false,false,false,true,No-Go
phase429_reprofile,step_category,K2.5-tp4ep8dp2-8k2k,docs/iter_gap_investigation/phase429_reprofile/K2.5-tp4ep8dp2-8k2k,w1_decode_c16,,17,decode_only,8,16,passed,0,memcpy_memset,16.822968,0.056155,0.070626,0.004198,,1.516977,0.595460,0.357492,0.047048,0.000000,passed,37,103,8,52,44,passed,passed,prefill_serialization_bubble_unmodeled,decode_mla_attention_slope_dominates,phase429_reprofile_window_hits_attributed,apply_named_undercharge_or_bubble_fix,patch_or_recollect_named_perfdb_component,false,true,true,false,false,false,true,No-Go
phase429_reprofile,step_category,K2.5-tp4ep8dp2-8k2k,docs/iter_gap_investigation/phase429_reprofile/K2.5-tp4ep8dp2-8k2k,w1_decode_c16,,17,decode_only,8,16,passed,0,mla_attention,16.822968,2.516937,0.070626,0.004198,,1.516977,0.595460,0.357492,0.047048,0.000000,passed,37,103,8,52,44,passed,passed,prefill_serialization_bubble_unmodeled,decode_mla_attention_slope_dominates,phase429_reprofile_window_hits_attributed,apply_named_undercharge_or_bubble_fix,patch_or_recollect_named_perfdb_component,false,true,true,false,false,false,true,No-Go
phase429_reprofile,step_category,K2.5-tp4ep8dp2-8k2k,docs/iter_gap_investigation/phase429_reprofile/K2.5-tp4ep8dp2-8k2k,w1_decode_c16,,17,decode_only,8,16,passed,0,moe_gemm_or_aux,16.822968,3.678600,0.070626,0.004198,,1.516977,0.595460,0.357492,0.047048,0.000000,passed,37,103,8,52,44,passed,passed,prefill_serialization_bubble_unmodeled,decode_mla_attention_slope_dominates,phase429_reprofile_window_hits_attributed,apply_named_undercharge_or_bubble_fix,patch_or_recollect_named_perfdb_component,false,true,true,false,false,false,true,No-Go
phase429_reprofile,step_category,K2.5-tp4ep8dp2-8k2k,docs/iter_gap_investigation/phase429_reprofile/K2.5-tp4ep8dp2-8k2k,w1_decode_c16,,17,decode_only,8,16,passed,0,other_cuda,16.822968,1.575313,0.070626,0.004198,,1.516977,0.595460,0.357492,0.047048,0.000000,passed,37,103,8,52,44,passed,passed,prefill_serialization_bubble_unmodeled,decode_mla_attention_slope_dominates,phase429_reprofile_window_hits_attributed,apply_named_undercharge_or_bubble_fix,patch_or_recollect_named_perfdb_component,false,true,true,false,false,false,true,No-Go
phase429_reprofile,step_category,K2.5-tp4ep8dp2-8k2k,docs/iter_gap_investigation/phase429_reprofile/K2.5-tp4ep8dp2-8k2k,w1_decode_c16,,17,decode_only,8,16,passed,0,tp_or_dp_allreduce,16.822968,0.374701,0.070626,0.004198,,1.516977,0.595460,0.357492,0.047048,0.000000,passed,37,103,8,52,44,passed,passed,prefill_serialization_bubble_unmodeled,decode_mla_attention_slope_dominates,phase429_reprofile_window_hits_attributed,apply_named_undercharge_or_bubble_fix,patch_or_recollect_named_perfdb_component,false,true,true,false,false,false,true,No-Go
phase429_reprofile,step,K2.5-tp4ep8dp2-8k2k,docs/iter_gap_investigation/phase429_reprofile/K2.5-tp4ep8dp2-8k2k,w1_decode_c16,,18,decode_only,8,16,passed,0,,16.997576,,0.094014,0.005531,,1.516977,0.595460,0.357492,0.047048,0.000000,passed,37,103,8,52,44,passed,passed,prefill_serialization_bubble_unmodeled,decode_mla_attention_slope_dominates,phase429_reprofile_window_hits_attributed,apply_named_undercharge_or_bubble_fix,patch_or_recollect_named_perfdb_component,false,true,true,false,false,false,true,No-Go
phase429_reprofile,step_category,K2.5-tp4ep8dp2-8k2k,docs/iter_gap_investigation/phase429_reprofile/K2.5-tp4ep8dp2-8k2k,w1_decode_c16,,18,decode_only,8,16,passed,0,dense_gemm,16.997576,4.273545,0.094014,0.005531,,1.516977,0.595460,0.357492,0.047048,0.000000,passed,37,103,8,52,44,passed,passed,prefill_serialization_bubble_unmodeled,decode_mla_attention_slope_dominates,phase429_reprofile_window_hits_attributed,apply_named_undercharge_or_bubble_fix,patch_or_recollect_named_perfdb_component,false,true,true,false,false,false,true,No-Go
phase429_reprofile,step_category,K2.5-tp4ep8dp2-8k2k,docs/iter_gap_investigation/phase429_reprofile/K2.5-tp4ep8dp2-8k2k,w1_decode_c16,,18,decode_only,8,16,passed,0,ep_a2a,16.997576,4.366001,0.094014,0.005531,,1.516977,0.595460,0.357492,0.047048,0.000000,passed,37,103,8,52,44,passed,passed,prefill_serialization_bubble_unmodeled,decode_mla_attention_slope_dominates,phase429_reprofile_window_hits_attributed,apply_named_undercharge_or_bubble_fix,patch_or_recollect_named_perfdb_component,false,true,true,false,false,false,true,No-Go
phase429_reprofile,step_category,K2.5-tp4ep8dp2-8k2k,docs/iter_gap_investigation/phase429_reprofile/K2.5-tp4ep8dp2-8k2k,w1_decode_c16,,18,decode_only,8,16,passed,0,memcpy_memset,16.997576,0.057999,0.094014,0.005531,,1.516977,0.595460,0.357492,0.047048,0.000000,passed,37,103,8,52,44,passed,passed,prefill_serialization_bubble_unmodeled,decode_mla_attention_slope_dominates,phase429_reprofile_window_hits_attributed,apply_named_undercharge_or_bubble_fix,patch_or_recollect_named_perfdb_component,false,true,true,false,false,false,true,No-Go
phase429_reprofile,step_category,K2.5-tp4ep8dp2-8k2k,docs/iter_gap_investigation/phase429_reprofile/K2.5-tp4ep8dp2-8k2k,w1_decode_c16,,18,decode_only,8,16,passed,0,mla_attention,16.997576,2.512949,0.094014,0.005531,,1.516977,0.595460,0.357492,0.047048,0.000000,passed,37,103,8,52,44,passed,passed,prefill_serialization_bubble_unmodeled,decode_mla_attention_slope_dominates,phase429_reprofile_window_hits_attributed,apply_named_undercharge_or_bubble_fix,patch_or_recollect_named_perfdb_component,false,true,true,false,false,false,true,No-Go
phase429_reprofile,step_category,K2.5-tp4ep8dp2-8k2k,docs/iter_gap_investigation/phase429_reprofile/K2.5-tp4ep8dp2-8k2k,w1_decode_c16,,18,decode_only,8,16,passed,0,moe_gemm_or_aux,16.997576,3.727648,0.094014,0.005531,,1.516977,0.595460,0.357492,0.047048,0.000000,passed,37,103,8,52,44,passed,passed,prefill_serialization_bubble_unmodeled,decode_mla_attention_slope_dominates,phase429_reprofile_window_hits_attributed,apply_named_undercharge_or_bubble_fix,patch_or_recollect_named_perfdb_component,false,true,true,false,false,false,true,No-Go
phase429_reprofile,step_category,K2.5-tp4ep8dp2-8k2k,docs/iter_gap_investigation/phase429_reprofile/K2.5-tp4ep8dp2-8k2k,w1_decode_c16,,18,decode_only,8,16,passed,0,other_cuda,16.997576,1.585115,0.094014,0.005531,,1.516977,0.595460,0.357492,0.047048,0.000000,passed,37,103,8,52,44,passed,passed,prefill_serialization_bubble_unmodeled,decode_mla_attention_slope_dominates,phase429_reprofile_window_hits_attributed,apply_named_undercharge_or_bubble_fix,patch_or_recollect_named_perfdb_component,false,true,true,false,false,false,true,No-Go
phase429_reprofile,step_category,K2.5-tp4ep8dp2-8k2k,docs/iter_gap_investigation/phase429_reprofile/K2.5-tp4ep8dp2-8k2k,w1_decode_c16,,18,decode_only,8,16,passed,0,tp_or_dp_allreduce,16.997576,0.380471,0.094014,0.005531,,1.516977,0.595460,0.357492,0.047048,0.000000,passed,37,103,8,52,44,passed,passed,prefill_serialization_bubble_unmodeled,decode_mla_attention_slope_dominates,phase429_reprofile_window_hits_attributed,apply_named_undercharge_or_bubble_fix,patch_or_recollect_named_perfdb_component,false,true,true,false,false,false,true,No-Go
phase429_reprofile,step,K2.5-tp4ep8dp2-8k2k,docs/iter_gap_investigation/phase429_reprofile/K2.5-tp4ep8dp2-8k2k,w1_decode_c16,,19,decode_only,8,16,passed,0,,16.977015,,0.084840,0.004997,,1.516977,0.595460,0.357492,0.047048,0.000000,passed,37,103,8,52,44,passed,passed,prefill_serialization_bubble_unmodeled,decode_mla_attention_slope_dominates,phase429_reprofile_window_hits_attributed,apply_named_undercharge_or_bubble_fix,patch_or_recollect_named_perfdb_component,false,true,true,false,false,false,true,No-Go
phase429_reprofile,step_category,K2.5-tp4ep8dp2-8k2k,docs/iter_gap_investigation/phase429_reprofile/K2.5-tp4ep8dp2-8k2k,w1_decode_c16,,19,decode_only,8,16,passed,0,dense_gemm,16.977015,4.239765,0.084840,0.004997,,1.516977,0.595460,0.357492,0.047048,0.000000,passed,37,103,8,52,44,passed,passed,prefill_serialization_bubble_unmodeled,decode_mla_attention_slope_dominates,phase429_reprofile_window_hits_attributed,apply_named_undercharge_or_bubble_fix,patch_or_recollect_named_perfdb_component,false,true,true,false,false,false,true,No-Go
phase429_reprofile,step_category,K2.5-tp4ep8dp2-8k2k,docs/iter_gap_investigation/phase429_reprofile/K2.5-tp4ep8dp2-8k2k,w1_decode_c16,,19,decode_only,8,16,passed,0,ep_a2a,16.977015,4.428317,0.084840,0.004997,,1.516977,0.595460,0.357492,0.047048,0.000000,passed,37,103,8,52,44,passed,passed,prefill_serialization_bubble_unmodeled,decode_mla_attention_slope_dominates,phase429_reprofile_window_hits_attributed,apply_named_undercharge_or_bubble_fix,patch_or_recollect_named_perfdb_component,false,true,true,false,false,false,true,No-Go
phase429_reprofile,step_category,K2.5-tp4ep8dp2-8k2k,docs/iter_gap_investigation/phase429_reprofile/K2.5-tp4ep8dp2-8k2k,w1_decode_c16,,19,decode_only,8,16,passed,0,memcpy_memset,16.977015,0.058933,0.084840,0.004997,,1.516977,0.595460,0.357492,0.047048,0.000000,passed,37,103,8,52,44,passed,passed,prefill_serialization_bubble_unmodeled,decode_mla_attention_slope_dominates,phase429_reprofile_window_hits_attributed,apply_named_undercharge_or_bubble_fix,patch_or_recollect_named_perfdb_component,false,true,true,false,false,false,true,No-Go
phase429_reprofile,step_category,K2.5-tp4ep8dp2-8k2k,docs/iter_gap_investigation/phase429_reprofile/K2.5-tp4ep8dp2-8k2k,w1_decode_c16,,19,decode_only,8,16,passed,0,mla_attention,16.977015,2.514046,0.084840,0.004997,,1.516977,0.595460,0.357492,0.047048,0.000000,passed,37,103,8,52,44,passed,passed,prefill_serialization_bubble_unmodeled,decode_mla_attention_slope_dominates,phase429_reprofile_window_hits_attributed,apply_named_undercharge_or_bubble_fix,patch_or_recollect_named_perfdb_component,false,true,true,false,false,false,true,No-Go
phase429_reprofile,step_category,K2.5-tp4ep8dp2-8k2k,docs/iter_gap_investigation/phase429_reprofile/K2.5-tp4ep8dp2-8k2k,w1_decode_c16,,19,decode_only,8,16,passed,0,moe_gemm_or_aux,16.977015,3.704453,0.084840,0.004997,,1.516977,0.595460,0.357492,0.047048,0.000000,passed,37,103,8,52,44,passed,passed,prefill_serialization_bubble_unmodeled,decode_mla_attention_slope_dominates,phase429_reprofile_window_hits_attributed,apply_named_undercharge_or_bubble_fix,patch_or_recollect_named_perfdb_component,false,true,true,false,false,false,true,No-Go
phase429_reprofile,step_category,K2.5-tp4ep8dp2-8k2k,docs/iter_gap_investigation/phase429_reprofile/K2.5-tp4ep8dp2-8k2k,w1_decode_c16,,19,decode_only,8,16,passed,0,other_cuda,16.977015,1.575813,0.084840,0.004997,,1.516977,0.595460,0.357492,0.047048,0.000000,passed,37,103,8,52,44,passed,passed,prefill_serialization_bubble_unmodeled,decode_mla_attention_slope_dominates,phase429_reprofile_window_hits_attributed,apply_named_undercharge_or_bubble_fix,patch_or_recollect_named_perfdb_component,false,true,true,false,false,false,true,No-Go
phase429_reprofile,step_category,K2.5-tp4ep8dp2-8k2k,docs/iter_gap_investigation/phase429_reprofile/K2.5-tp4ep8dp2-8k2k,w1_decode_c16,,19,decode_only,8,16,passed,0,tp_or_dp_allreduce,16.977015,0.370849,0.084840,0.004997,,1.516977,0.595460,0.357492,0.047048,0.000000,passed,37,103,8,52,44,passed,passed,prefill_serialization_bubble_unmodeled,decode_mla_attention_slope_dominates,phase429_reprofile_window_hits_attributed,apply_named_undercharge_or_bubble_fix,patch_or_recollect_named_perfdb_component,false,true,true,false,false,false,true,No-Go
phase429_reprofile,step,K2.5-tp4ep8dp2-8k2k,docs/iter_gap_investigation/phase429_reprofile/K2.5-tp4ep8dp2-8k2k,w1_decode_c16,,20,decode_only,8,16,passed,0,,16.864950,,0.077018,0.004567,,1.516977,0.595460,0.357492,0.047048,0.000000,passed,37,103,8,52,44,passed,passed,prefill_serialization_bubble_unmodeled,decode_mla_attention_slope_dominates,phase429_reprofile_window_hits_attributed,apply_named_undercharge_or_bubble_fix,patch_or_recollect_named_perfdb_component,false,true,true,false,false,false,true,No-Go
phase429_reprofile,step_category,K2.5-tp4ep8dp2-8k2k,docs/iter_gap_investigation/phase429_reprofile/K2.5-tp4ep8dp2-8k2k,w1_decode_c16,,20,decode_only,8,16,passed,0,dense_gemm,16.864950,4.236029,0.077018,0.004567,,1.516977,0.595460,0.357492,0.047048,0.000000,passed,37,103,8,52,44,passed,passed,prefill_serialization_bubble_unmodeled,decode_mla_attention_slope_dominates,phase429_reprofile_window_hits_attributed,apply_named_undercharge_or_bubble_fix,patch_or_recollect_named_perfdb_component,false,true,true,false,false,false,true,No-Go
phase429_reprofile,step_category,K2.5-tp4ep8dp2-8k2k,docs/iter_gap_investigation/phase429_reprofile/K2.5-tp4ep8dp2-8k2k,w1_decode_c16,,20,decode_only,8,16,passed,0,ep_a2a,16.864950,4.379966,0.077018,0.004567,,1.516977,0.595460,0.357492,0.047048,0.000000,passed,37,103,8,52,44,passed,passed,prefill_serialization_bubble_unmodeled,decode_mla_attention_slope_dominates,phase429_reprofile_window_hits_attributed,apply_named_undercharge_or_bubble_fix,patch_or_recollect_named_perfdb_component,false,true,true,false,false,false,true,No-Go
phase429_reprofile,step_category,K2.5-tp4ep8dp2-8k2k,docs/iter_gap_investigation/phase429_reprofile/K2.5-tp4ep8dp2-8k2k,w1_decode_c16,,20,decode_only,8,16,passed,0,memcpy_memset,16.864950,0.057096,0.077018,0.004567,,1.516977,0.595460,0.357492,0.047048,0.000000,passed,37,103,8,52,44,passed,passed,prefill_serialization_bubble_unmodeled,decode_mla_attention_slope_dominates,phase429_reprofile_window_hits_attributed,apply_named_undercharge_or_bubble_fix,patch_or_recollect_named_perfdb_component,false,true,true,false,false,false,true,No-Go
phase429_reprofile,step_category,K2.5-tp4ep8dp2-8k2k,docs/iter_gap_investigation/phase429_reprofile/K2.5-tp4ep8dp2-8k2k,w1_decode_c16,,20,decode_only,8,16,passed,0,mla_attention,16.864950,2.513353,0.077018,0.004567,,1.516977,0.595460,0.357492,0.047048,0.000000,passed,37,103,8,52,44,passed,passed,prefill_serialization_bubble_unmodeled,decode_mla_attention_slope_dominates,phase429_reprofile_window_hits_attributed,apply_named_undercharge_or_bubble_fix,patch_or_recollect_named_perfdb_component,false,true,true,false,false,false,true,No-Go
phase429_reprofile,step_category,K2.5-tp4ep8dp2-8k2k,docs/iter_gap_investigation/phase429_reprofile/K2.5-tp4ep8dp2-8k2k,w1_decode_c16,,20,decode_only,8,16,passed,0,moe_gemm_or_aux,16.864950,3.653781,0.077018,0.004567,,1.516977,0.595460,0.357492,0.047048,0.000000,passed,37,103,8,52,44,passed,passed,prefill_serialization_bubble_unmodeled,decode_mla_attention_slope_dominates,phase429_reprofile_window_hits_attributed,apply_named_undercharge_or_bubble_fix,patch_or_recollect_named_perfdb_component,false,true,true,false,false,false,true,No-Go
phase429_reprofile,step_category,K2.5-tp4ep8dp2-8k2k,docs/iter_gap_investigation/phase429_reprofile/K2.5-tp4ep8dp2-8k2k,w1_decode_c16,,20,decode_only,8,16,passed,0,other_cuda,16.864950,1.577479,0.077018,0.004567,,1.516977,0.595460,0.357492,0.047048,0.000000,passed,37,103,8,52,44,passed,passed,prefill_serialization_bubble_unmodeled,decode_mla_attention_slope_dominates,phase429_reprofile_window_hits_attributed,apply_named_undercharge_or_bubble_fix,patch_or_recollect_named_perfdb_component,false,true,true,false,false,false,true,No-Go
phase429_reprofile,step_category,K2.5-tp4ep8dp2-8k2k,docs/iter_gap_investigation/phase429_reprofile/K2.5-tp4ep8dp2-8k2k,w1_decode_c16,,20,decode_only,8,16,passed,0,tp_or_dp_allreduce,16.864950,0.370228,0.077018,0.004567,,1.516977,0.595460,0.357492,0.047048,0.000000,passed,37,103,8,52,44,passed,passed,prefill_serialization_bubble_unmodeled,decode_mla_attention_slope_dominates,phase429_reprofile_window_hits_attributed,apply_named_undercharge_or_bubble_fix,patch_or_recollect_named_perfdb_component,false,true,true,false,false,false,true,No-Go
phase429_reprofile,step,K2.5-tp4ep8dp2-8k2k,docs/iter_gap_investigation/phase429_reprofile/K2.5-tp4ep8dp2-8k2k,w1_decode_c16,,21,decode_only,8,16,passed,0,,16.896152,,0.080679,0.004775,,1.516977,0.595460,0.357492,0.047048,0.000000,passed,37,103,8,52,44,passed,passed,prefill_serialization_bubble_unmodeled,decode_mla_attention_slope_dominates,phase429_reprofile_window_hits_attributed,apply_named_undercharge_or_bubble_fix,patch_or_recollect_named_perfdb_component,false,true,true,false,false,false,true,No-Go
phase429_reprofile,step_category,K2.5-tp4ep8dp2-8k2k,docs/iter_gap_investigation/phase429_reprofile/K2.5-tp4ep8dp2-8k2k,w1_decode_c16,,21,decode_only,8,16,passed,0,dense_gemm,16.896152,4.266106,0.080679,0.004775,,1.516977,0.595460,0.357492,0.047048,0.000000,passed,37,103,8,52,44,passed,passed,prefill_serialization_bubble_unmodeled,decode_mla_attention_slope_dominates,phase429_reprofile_window_hits_attributed,apply_named_undercharge_or_bubble_fix,patch_or_recollect_named_perfdb_component,false,true,true,false,false,false,true,No-Go
phase429_reprofile,step_category,K2.5-tp4ep8dp2-8k2k,docs/iter_gap_investigation/phase429_reprofile/K2.5-tp4ep8dp2-8k2k,w1_decode_c16,,21,decode_only,8,16,passed,0,ep_a2a,16.896152,4.423533,0.080679,0.004775,,1.516977,0.595460,0.357492,0.047048,0.000000,passed,37,103,8,52,44,passed,passed,prefill_serialization_bubble_unmodeled,decode_mla_attention_slope_dominates,phase429_reprofile_window_hits_attributed,apply_named_undercharge_or_bubble_fix,patch_or_recollect_named_perfdb_component,false,true,true,false,false,false,true,No-Go
phase429_reprofile,step_category,K2.5-tp4ep8dp2-8k2k,docs/iter_gap_investigation/phase429_reprofile/K2.5-tp4ep8dp2-8k2k,w1_decode_c16,,21,decode_only,8,16,passed,0,memcpy_memset,16.896152,0.057401,0.080679,0.004775,,1.516977,0.595460,0.357492,0.047048,0.000000,passed,37,103,8,52,44,passed,passed,prefill_serialization_bubble_unmodeled,decode_mla_attention_slope_dominates,phase429_reprofile_window_hits_attributed,apply_named_undercharge_or_bubble_fix,patch_or_recollect_named_perfdb_component,false,true,true,false,false,false,true,No-Go
phase429_reprofile,step_category,K2.5-tp4ep8dp2-8k2k,docs/iter_gap_investigation/phase429_reprofile/K2.5-tp4ep8dp2-8k2k,w1_decode_c16,,21,decode_only,8,16,passed,0,mla_attention,16.896152,2.511570,0.080679,0.004775,,1.516977,0.595460,0.357492,0.047048,0.000000,passed,37,103,8,52,44,passed,passed,prefill_serialization_bubble_unmodeled,decode_mla_attention_slope_dominates,phase429_reprofile_window_hits_attributed,apply_named_undercharge_or_bubble_fix,patch_or_recollect_named_perfdb_component,false,true,true,false,false,false,true,No-Go
phase429_reprofile,step_category,K2.5-tp4ep8dp2-8k2k,docs/iter_gap_investigation/phase429_reprofile/K2.5-tp4ep8dp2-8k2k,w1_decode_c16,,21,decode_only,8,16,passed,0,moe_gemm_or_aux,16.896152,3.598076,0.080679,0.004775,,1.516977,0.595460,0.357492,0.047048,0.000000,passed,37,103,8,52,44,passed,passed,prefill_serialization_bubble_unmodeled,decode_mla_attention_slope_dominates,phase429_reprofile_window_hits_attributed,apply_named_undercharge_or_bubble_fix,patch_or_recollect_named_perfdb_component,false,true,true,false,false,false,true,No-Go
phase429_reprofile,step_category,K2.5-tp4ep8dp2-8k2k,docs/iter_gap_investigation/phase429_reprofile/K2.5-tp4ep8dp2-8k2k,w1_decode_c16,,21,decode_only,8,16,passed,0,other_cuda,16.896152,1.580116,0.080679,0.004775,,1.516977,0.595460,0.357492,0.047048,0.000000,passed,37,103,8,52,44,passed,passed,prefill_serialization_bubble_unmodeled,decode_mla_attention_slope_dominates,phase429_reprofile_window_hits_attributed,apply_named_undercharge_or_bubble_fix,patch_or_recollect_named_perfdb_component,false,true,true,false,false,false,true,No-Go
phase429_reprofile,step_category,K2.5-tp4ep8dp2-8k2k,docs/iter_gap_investigation/phase429_reprofile/K2.5-tp4ep8dp2-8k2k,w1_decode_c16,,21,decode_only,8,16,passed,0,tp_or_dp_allreduce,16.896152,0.378671,0.080679,0.004775,,1.516977,0.595460,0.357492,0.047048,0.000000,passed,37,103,8,52,44,passed,passed,prefill_serialization_bubble_unmodeled,decode_mla_attention_slope_dominates,phase429_reprofile_window_hits_attributed,apply_named_undercharge_or_bubble_fix,patch_or_recollect_named_perfdb_component,false,true,true,false,false,false,true,No-Go
phase429_reprofile,step,K2.5-tp4ep8dp2-8k2k,docs/iter_gap_investigation/phase429_reprofile/K2.5-tp4ep8dp2-8k2k,w1_decode_c16,,22,decode_only,8,16,passed,0,,16.901196,,0.071127,0.004208,,1.516977,0.595460,0.357492,0.047048,0.000000,passed,37,103,8,52,44,passed,passed,prefill_serialization_bubble_unmodeled,decode_mla_attention_slope_dominates,phase429_reprofile_window_hits_attributed,apply_named_undercharge_or_bubble_fix,patch_or_recollect_named_perfdb_component,false,true,true,false,false,false,true,No-Go
phase429_reprofile,step_category,K2.5-tp4ep8dp2-8k2k,docs/iter_gap_investigation/phase429_reprofile/K2.5-tp4ep8dp2-8k2k,w1_decode_c16,,22,decode_only,8,16,passed,0,dense_gemm,16.901196,4.245280,0.071127,0.004208,,1.516977,0.595460,0.357492,0.047048,0.000000,passed,37,103,8,52,44,passed,passed,prefill_serialization_bubble_unmodeled,decode_mla_attention_slope_dominates,phase429_reprofile_window_hits_attributed,apply_named_undercharge_or_bubble_fix,patch_or_recollect_named_perfdb_component,false,true,true,false,false,false,true,No-Go
phase429_reprofile,step_category,K2.5-tp4ep8dp2-8k2k,docs/iter_gap_investigation/phase429_reprofile/K2.5-tp4ep8dp2-8k2k,w1_decode_c16,,22,decode_only,8,16,passed,0,ep_a2a,16.901196,4.405865,0.071127,0.004208,,1.516977,0.595460,0.357492,0.047048,0.000000,passed,37,103,8,52,44,passed,passed,prefill_serialization_bubble_unmodeled,decode_mla_attention_slope_dominates,phase429_reprofile_window_hits_attributed,apply_named_undercharge_or_bubble_fix,patch_or_recollect_named_perfdb_component,false,true,true,false,false,false,true,No-Go
phase429_reprofile,step_category,K2.5-tp4ep8dp2-8k2k,docs/iter_gap_investigation/phase429_reprofile/K2.5-tp4ep8dp2-8k2k,w1_decode_c16,,22,decode_only,8,16,passed,0,memcpy_memset,16.901196,0.057073,0.071127,0.004208,,1.516977,0.595460,0.357492,0.047048,0.000000,passed,37,103,8,52,44,passed,passed,prefill_serialization_bubble_unmodeled,decode_mla_attention_slope_dominates,phase429_reprofile_window_hits_attributed,apply_named_undercharge_or_bubble_fix,patch_or_recollect_named_perfdb_component,false,true,true,false,false,false,true,No-Go
phase429_reprofile,step_category,K2.5-tp4ep8dp2-8k2k,docs/iter_gap_investigation/phase429_reprofile/K2.5-tp4ep8dp2-8k2k,w1_decode_c16,,22,decode_only,8,16,passed,0,mla_attention,16.901196,2.509339,0.071127,0.004208,,1.516977,0.595460,0.357492,0.047048,0.000000,passed,37,103,8,52,44,passed,passed,prefill_serialization_bubble_unmodeled,decode_mla_attention_slope_dominates,phase429_reprofile_window_hits_attributed,apply_named_undercharge_or_bubble_fix,patch_or_recollect_named_perfdb_component,false,true,true,false,false,false,true,No-Go
phase429_reprofile,step_category,K2.5-tp4ep8dp2-8k2k,docs/iter_gap_investigation/phase429_reprofile/K2.5-tp4ep8dp2-8k2k,w1_decode_c16,,22,decode_only,8,16,passed,0,moe_gemm_or_aux,16.901196,3.666833,0.071127,0.004208,,1.516977,0.595460,0.357492,0.047048,0.000000,passed,37,103,8,52,44,passed,passed,prefill_serialization_bubble_unmodeled,decode_mla_attention_slope_dominates,phase429_reprofile_window_hits_attributed,apply_named_undercharge_or_bubble_fix,patch_or_recollect_named_perfdb_component,false,true,true,false,false,false,true,No-Go
phase429_reprofile,step_category,K2.5-tp4ep8dp2-8k2k,docs/iter_gap_investigation/phase429_reprofile/K2.5-tp4ep8dp2-8k2k,w1_decode_c16,,22,decode_only,8,16,passed,0,other_cuda,16.901196,1.579173,0.071127,0.004208,,1.516977,0.595460,0.357492,0.047048,0.000000,passed,37,103,8,52,44,passed,passed,prefill_serialization_bubble_unmodeled,decode_mla_attention_slope_dominates,phase429_reprofile_window_hits_attributed,apply_named_undercharge_or_bubble_fix,patch_or_recollect_named_perfdb_component,false,true,true,false,false,false,true,No-Go
phase429_reprofile,step_category,K2.5-tp4ep8dp2-8k2k,docs/iter_gap_investigation/phase429_reprofile/K2.5-tp4ep8dp2-8k2k,w1_decode_c16,,22,decode_only,8,16,passed,0,tp_or_dp_allreduce,16.901196,0.369138,0.071127,0.004208,,1.516977,0.595460,0.357492,0.047048,0.000000,passed,37,103,8,52,44,passed,passed,prefill_serialization_bubble_unmodeled,decode_mla_attention_slope_dominates,phase429_reprofile_window_hits_attributed,apply_named_undercharge_or_bubble_fix,patch_or_recollect_named_perfdb_component,false,true,true,false,false,false,true,No-Go
phase429_reprofile,step,K2.5-tp4ep8dp2-8k2k,docs/iter_gap_investigation/phase429_reprofile/K2.5-tp4ep8dp2-8k2k,w1_decode_c16,,23,decode_only,8,16,passed,0,,16.757708,,0.071066,0.004241,,1.516977,0.595460,0.357492,0.047048,0.000000,passed,37,103,8,52,44,passed,passed,prefill_serialization_bubble_unmodeled,decode_mla_attention_slope_dominates,phase429_reprofile_window_hits_attributed,apply_named_undercharge_or_bubble_fix,patch_or_recollect_named_perfdb_component,false,true,true,false,false,false,true,No-Go
phase429_reprofile,step_category,K2.5-tp4ep8dp2-8k2k,docs/iter_gap_investigation/phase429_reprofile/K2.5-tp4ep8dp2-8k2k,w1_decode_c16,,23,decode_only,8,16,passed,0,dense_gemm,16.757708,4.256012,0.071066,0.004241,,1.516977,0.595460,0.357492,0.047048,0.000000,passed,37,103,8,52,44,passed,passed,prefill_serialization_bubble_unmodeled,decode_mla_attention_slope_dominates,phase429_reprofile_window_hits_attributed,apply_named_undercharge_or_bubble_fix,patch_or_recollect_named_perfdb_component,false,true,true,false,false,false,true,No-Go
phase429_reprofile,step_category,K2.5-tp4ep8dp2-8k2k,docs/iter_gap_investigation/phase429_reprofile/K2.5-tp4ep8dp2-8k2k,w1_decode_c16,,23,decode_only,8,16,passed,0,ep_a2a,16.757708,4.339605,0.071066,0.004241,,1.516977,0.595460,0.357492,0.047048,0.000000,passed,37,103,8,52,44,passed,passed,prefill_serialization_bubble_unmodeled,decode_mla_attention_slope_dominates,phase429_reprofile_window_hits_attributed,apply_named_undercharge_or_bubble_fix,patch_or_recollect_named_perfdb_component,false,true,true,false,false,false,true,No-Go
phase429_reprofile,step_category,K2.5-tp4ep8dp2-8k2k,docs/iter_gap_investigation/phase429_reprofile/K2.5-tp4ep8dp2-8k2k,w1_decode_c16,,23,decode_only,8,16,passed,0,memcpy_memset,16.757708,0.054356,0.071066,0.004241,,1.516977,0.595460,0.357492,0.047048,0.000000,passed,37,103,8,52,44,passed,passed,prefill_serialization_bubble_unmodeled,decode_mla_attention_slope_dominates,phase429_reprofile_window_hits_attributed,apply_named_undercharge_or_bubble_fix,patch_or_recollect_named_perfdb_component,false,true,true,false,false,false,true,No-Go
phase429_reprofile,step_category,K2.5-tp4ep8dp2-8k2k,docs/iter_gap_investigation/phase429_reprofile/K2.5-tp4ep8dp2-8k2k,w1_decode_c16,,23,decode_only,8,16,passed,0,mla_attention,16.757708,2.511784,0.071066,0.004241,,1.516977,0.595460,0.357492,0.047048,0.000000,passed,37,103,8,52,44,passed,passed,prefill_serialization_bubble_unmodeled,decode_mla_attention_slope_dominates,phase429_reprofile_window_hits_attributed,apply_named_undercharge_or_bubble_fix,patch_or_recollect_named_perfdb_component,false,true,true,false,false,false,true,No-Go
phase429_reprofile,step_category,K2.5-tp4ep8dp2-8k2k,docs/iter_gap_investigation/phase429_reprofile/K2.5-tp4ep8dp2-8k2k,w1_decode_c16,,23,decode_only,8,16,passed,0,moe_gemm_or_aux,16.757708,3.571817,0.071066,0.004241,,1.516977,0.595460,0.357492,0.047048,0.000000,passed,37,103,8,52,44,passed,passed,prefill_serialization_bubble_unmodeled,decode_mla_attention_slope_dominates,phase429_reprofile_window_hits_attributed,apply_named_undercharge_or_bubble_fix,patch_or_recollect_named_perfdb_component,false,true,true,false,false,false,true,No-Go
phase429_reprofile,step_category,K2.5-tp4ep8dp2-8k2k,docs/iter_gap_investigation/phase429_reprofile/K2.5-tp4ep8dp2-8k2k,w1_decode_c16,,23,decode_only,8,16,passed,0,other_cuda,16.757708,1.579677,0.071066,0.004241,,1.516977,0.595460,0.357492,0.047048,0.000000,passed,37,103,8,52,44,passed,passed,prefill_serialization_bubble_unmodeled,decode_mla_attention_slope_dominates,phase429_reprofile_window_hits_attributed,apply_named_undercharge_or_bubble_fix,patch_or_recollect_named_perfdb_component,false,true,true,false,false,false,true,No-Go
phase429_reprofile,step_category,K2.5-tp4ep8dp2-8k2k,docs/iter_gap_investigation/phase429_reprofile/K2.5-tp4ep8dp2-8k2k,w1_decode_c16,,23,decode_only,8,16,passed,0,tp_or_dp_allreduce,16.757708,0.374141,0.071066,0.004241,,1.516977,0.595460,0.357492,0.047048,0.000000,passed,37,103,8,52,44,passed,passed,prefill_serialization_bubble_unmodeled,decode_mla_attention_slope_dominates,phase429_reprofile_window_hits_attributed,apply_named_undercharge_or_bubble_fix,patch_or_recollect_named_perfdb_component,false,true,true,false,false,false,true,No-Go
phase429_reprofile,step,K2.5-tp4ep8dp2-8k2k,docs/iter_gap_investigation/phase429_reprofile/K2.5-tp4ep8dp2-8k2k,w1_decode_c16,,24,decode_only,8,16,passed,0,,16.749740,,0.070892,0.004232,,1.516977,0.595460,0.357492,0.047048,0.000000,passed,37,103,8,52,44,passed,passed,prefill_serialization_bubble_unmodeled,decode_mla_attention_slope_dominates,phase429_reprofile_window_hits_attributed,apply_named_undercharge_or_bubble_fix,patch_or_recollect_named_perfdb_component,false,true,true,false,false,false,true,No-Go
phase429_reprofile,step_category,K2.5-tp4ep8dp2-8k2k,docs/iter_gap_investigation/phase429_reprofile/K2.5-tp4ep8dp2-8k2k,w1_decode_c16,,24,decode_only,8,16,passed,0,dense_gemm,16.749740,4.241191,0.070892,0.004232,,1.516977,0.595460,0.357492,0.047048,0.000000,passed,37,103,8,52,44,passed,passed,prefill_serialization_bubble_unmodeled,decode_mla_attention_slope_dominates,phase429_reprofile_window_hits_attributed,apply_named_undercharge_or_bubble_fix,patch_or_recollect_named_perfdb_component,false,true,true,false,false,false,true,No-Go
phase429_reprofile,step_category,K2.5-tp4ep8dp2-8k2k,docs/iter_gap_investigation/phase429_reprofile/K2.5-tp4ep8dp2-8k2k,w1_decode_c16,,24,decode_only,8,16,passed,0,ep_a2a,16.749740,4.290854,0.070892,0.004232,,1.516977,0.595460,0.357492,0.047048,0.000000,passed,37,103,8,52,44,passed,passed,prefill_serialization_bubble_unmodeled,decode_mla_attention_slope_dominates,phase429_reprofile_window_hits_attributed,apply_named_undercharge_or_bubble_fix,patch_or_recollect_named_perfdb_component,false,true,true,false,false,false,true,No-Go
phase429_reprofile,step_category,K2.5-tp4ep8dp2-8k2k,docs/iter_gap_investigation/phase429_reprofile/K2.5-tp4ep8dp2-8k2k,w1_decode_c16,,24,decode_only,8,16,passed,0,memcpy_memset,16.749740,0.052988,0.070892,0.004232,,1.516977,0.595460,0.357492,0.047048,0.000000,passed,37,103,8,52,44,passed,passed,prefill_serialization_bubble_unmodeled,decode_mla_attention_slope_dominates,phase429_reprofile_window_hits_attributed,apply_named_undercharge_or_bubble_fix,patch_or_recollect_named_perfdb_component,false,true,true,false,false,false,true,No-Go
phase429_reprofile,step_category,K2.5-tp4ep8dp2-8k2k,docs/iter_gap_investigation/phase429_reprofile/K2.5-tp4ep8dp2-8k2k,w1_decode_c16,,24,decode_only,8,16,passed,0,mla_attention,16.749740,2.509280,0.070892,0.004232,,1.516977,0.595460,0.357492,0.047048,0.000000,passed,37,103,8,52,44,passed,passed,prefill_serialization_bubble_unmodeled,decode_mla_attention_slope_dominates,phase429_reprofile_window_hits_attributed,apply_named_undercharge_or_bubble_fix,patch_or_recollect_named_perfdb_component,false,true,true,false,false,false,true,No-Go
phase429_reprofile,step_category,K2.5-tp4ep8dp2-8k2k,docs/iter_gap_investigation/phase429_reprofile/K2.5-tp4ep8dp2-8k2k,w1_decode_c16,,24,decode_only,8,16,passed,0,moe_gemm_or_aux,16.749740,3.632606,0.070892,0.004232,,1.516977,0.595460,0.357492,0.047048,0.000000,passed,37,103,8,52,44,passed,passed,prefill_serialization_bubble_unmodeled,decode_mla_attention_slope_dominates,phase429_reprofile_window_hits_attributed,apply_named_undercharge_or_bubble_fix,patch_or_recollect_named_perfdb_component,false,true,true,false,false,false,true,No-Go
phase429_reprofile,step_category,K2.5-tp4ep8dp2-8k2k,docs/iter_gap_investigation/phase429_reprofile/K2.5-tp4ep8dp2-8k2k,w1_decode_c16,,24,decode_only,8,16,passed,0,other_cuda,16.749740,1.577112,0.070892,0.004232,,1.516977,0.595460,0.357492,0.047048,0.000000,passed,37,103,8,52,44,passed,passed,prefill_serialization_bubble_unmodeled,decode_mla_attention_slope_dominates,phase429_reprofile_window_hits_attributed,apply_named_undercharge_or_bubble_fix,patch_or_recollect_named_perfdb_component,false,true,true,false,false,false,true,No-Go
phase429_reprofile,step_category,K2.5-tp4ep8dp2-8k2k,docs/iter_gap_investigation/phase429_reprofile/K2.5-tp4ep8dp2-8k2k,w1_decode_c16,,24,decode_only,8,16,passed,0,tp_or_dp_allreduce,16.749740,0.374817,0.070892,0.004232,,1.516977,0.595460,0.357492,0.047048,0.000000,passed,37,103,8,52,44,passed,passed,prefill_serialization_bubble_unmodeled,decode_mla_attention_slope_dominates,phase429_reprofile_window_hits_attributed,apply_named_undercharge_or_bubble_fix,patch_or_recollect_named_perfdb_component,false,true,true,false,false,false,true,No-Go
phase429_reprofile,step,K2.5-tp4ep8dp2-8k2k,docs/iter_gap_investigation/phase429_reprofile/K2.5-tp4ep8dp2-8k2k,w1_decode_c16,,25,decode_only,8,16,passed,0,,16.734761,,0.054219,0.003240,,1.516977,0.595460,0.357492,0.047048,0.000000,passed,37,103,8,52,44,passed,passed,prefill_serialization_bubble_unmodeled,decode_mla_attention_slope_dominates,phase429_reprofile_window_hits_attributed,apply_named_undercharge_or_bubble_fix,patch_or_recollect_named_perfdb_component,false,true,true,false,false,false,true,No-Go
phase429_reprofile,step_category,K2.5-tp4ep8dp2-8k2k,docs/iter_gap_investigation/phase429_reprofile/K2.5-tp4ep8dp2-8k2k,w1_decode_c16,,25,decode_only,8,16,passed,0,dense_gemm,16.734761,4.222286,0.054219,0.003240,,1.516977,0.595460,0.357492,0.047048,0.000000,passed,37,103,8,52,44,passed,passed,prefill_serialization_bubble_unmodeled,decode_mla_attention_slope_dominates,phase429_reprofile_window_hits_attributed,apply_named_undercharge_or_bubble_fix,patch_or_recollect_named_perfdb_component,false,true,true,false,false,false,true,No-Go
phase429_reprofile,step_category,K2.5-tp4ep8dp2-8k2k,docs/iter_gap_investigation/phase429_reprofile/K2.5-tp4ep8dp2-8k2k,w1_decode_c16,,25,decode_only,8,16,passed,0,ep_a2a,16.734761,4.400011,0.054219,0.003240,,1.516977,0.595460,0.357492,0.047048,0.000000,passed,37,103,8,52,44,passed,passed,prefill_serialization_bubble_unmodeled,decode_mla_attention_slope_dominates,phase429_reprofile_window_hits_attributed,apply_named_undercharge_or_bubble_fix,patch_or_recollect_named_perfdb_component,false,true,true,false,false,false,true,No-Go
phase429_reprofile,step_category,K2.5-tp4ep8dp2-8k2k,docs/iter_gap_investigation/phase429_reprofile/K2.5-tp4ep8dp2-8k2k,w1_decode_c16,,25,decode_only,8,16,passed,0,memcpy_memset,16.734761,0.054228,0.054219,0.003240,,1.516977,0.595460,0.357492,0.047048,0.000000,passed,37,103,8,52,44,passed,passed,prefill_serialization_bubble_unmodeled,decode_mla_attention_slope_dominates,phase429_reprofile_window_hits_attributed,apply_named_undercharge_or_bubble_fix,patch_or_recollect_named_perfdb_component,false,true,true,false,false,false,true,No-Go
phase429_reprofile,step_category,K2.5-tp4ep8dp2-8k2k,docs/iter_gap_investigation/phase429_reprofile/K2.5-tp4ep8dp2-8k2k,w1_decode_c16,,25,decode_only,8,16,passed,0,mla_attention,16.734761,2.508933,0.054219,0.003240,,1.516977,0.595460,0.357492,0.047048,0.000000,passed,37,103,8,52,44,passed,passed,prefill_serialization_bubble_unmodeled,decode_mla_attention_slope_dominates,phase429_reprofile_window_hits_attributed,apply_named_undercharge_or_bubble_fix,patch_or_recollect_named_perfdb_component,false,true,true,false,false,false,true,No-Go
phase429_reprofile,step_category,K2.5-tp4ep8dp2-8k2k,docs/iter_gap_investigation/phase429_reprofile/K2.5-tp4ep8dp2-8k2k,w1_decode_c16,,25,decode_only,8,16,passed,0,moe_gemm_or_aux,16.734761,3.547303,0.054219,0.003240,,1.516977,0.595460,0.357492,0.047048,0.000000,passed,37,103,8,52,44,passed,passed,prefill_serialization_bubble_unmodeled,decode_mla_attention_slope_dominates,phase429_reprofile_window_hits_attributed,apply_named_undercharge_or_bubble_fix,patch_or_recollect_named_perfdb_component,false,true,true,false,false,false,true,No-Go
phase429_reprofile,step_category,K2.5-tp4ep8dp2-8k2k,docs/iter_gap_investigation/phase429_reprofile/K2.5-tp4ep8dp2-8k2k,w1_decode_c16,,25,decode_only,8,16,passed,0,other_cuda,16.734761,1.576133,0.054219,0.003240,,1.516977,0.595460,0.357492,0.047048,0.000000,passed,37,103,8,52,44,passed,passed,prefill_serialization_bubble_unmodeled,decode_mla_attention_slope_dominates,phase429_reprofile_window_hits_attributed,apply_named_undercharge_or_bubble_fix,patch_or_recollect_named_perfdb_component,false,true,true,false,false,false,true,No-Go
phase429_reprofile,step_category,K2.5-tp4ep8dp2-8k2k,docs/iter_gap_investigation/phase429_reprofile/K2.5-tp4ep8dp2-8k2k,w1_decode_c16,,25,decode_only,8,16,passed,0,tp_or_dp_allreduce,16.734761,0.371648,0.054219,0.003240,,1.516977,0.595460,0.357492,0.047048,0.000000,passed,37,103,8,52,44,passed,passed,prefill_serialization_bubble_unmodeled,decode_mla_attention_slope_dominates,phase429_reprofile_window_hits_attributed,apply_named_undercharge_or_bubble_fix,patch_or_recollect_named_perfdb_component,false,true,true,false,false,false,true,No-Go
phase429_reprofile,step,K2.5-tp4ep8dp2-8k2k,docs/iter_gap_investigation/phase429_reprofile/K2.5-tp4ep8dp2-8k2k,w1_decode_c16,,26,decode_only,8,16,passed,0,,16.860666,,0.072599,0.004306,,1.516977,0.595460,0.357492,0.047048,0.000000,passed,37,103,8,52,44,passed,passed,prefill_serialization_bubble_unmodeled,decode_mla_attention_slope_dominates,phase429_reprofile_window_hits_attributed,apply_named_undercharge_or_bubble_fix,patch_or_recollect_named_perfdb_component,false,true,true,false,false,false,true,No-Go
phase429_reprofile,step_category,K2.5-tp4ep8dp2-8k2k,docs/iter_gap_investigation/phase429_reprofile/K2.5-tp4ep8dp2-8k2k,w1_decode_c16,,26,decode_only,8,16,passed,0,dense_gemm,16.860666,4.254226,0.072599,0.004306,,1.516977,0.595460,0.357492,0.047048,0.000000,passed,37,103,8,52,44,passed,passed,prefill_serialization_bubble_unmodeled,decode_mla_attention_slope_dominates,phase429_reprofile_window_hits_attributed,apply_named_undercharge_or_bubble_fix,patch_or_recollect_named_perfdb_component,false,true,true,false,false,false,true,No-Go
phase429_reprofile,step_category,K2.5-tp4ep8dp2-8k2k,docs/iter_gap_investigation/phase429_reprofile/K2.5-tp4ep8dp2-8k2k,w1_decode_c16,,26,decode_only,8,16,passed,0,ep_a2a,16.860666,4.370446,0.072599,0.004306,,1.516977,0.595460,0.357492,0.047048,0.000000,passed,37,103,8,52,44,passed,passed,prefill_serialization_bubble_unmodeled,decode_mla_attention_slope_dominates,phase429_reprofile_window_hits_attributed,apply_named_undercharge_or_bubble_fix,patch_or_recollect_named_perfdb_component,false,true,true,false,false,false,true,No-Go
phase429_reprofile,step_category,K2.5-tp4ep8dp2-8k2k,docs/iter_gap_investigation/phase429_reprofile/K2.5-tp4ep8dp2-8k2k,w1_decode_c16,,26,decode_only,8,16,passed,0,memcpy_memset,16.860666,0.054653,0.072599,0.004306,,1.516977,0.595460,0.357492,0.047048,0.000000,passed,37,103,8,52,44,passed,passed,prefill_serialization_bubble_unmodeled,decode_mla_attention_slope_dominates,phase429_reprofile_window_hits_attributed,apply_named_undercharge_or_bubble_fix,patch_or_recollect_named_perfdb_component,false,true,true,false,false,false,true,No-Go
phase429_reprofile,step_category,K2.5-tp4ep8dp2-8k2k,docs/iter_gap_investigation/phase429_reprofile/K2.5-tp4ep8dp2-8k2k,w1_decode_c16,,26,decode_only,8,16,passed,0,mla_attention,16.860666,2.506182,0.072599,0.004306,,1.516977,0.595460,0.357492,0.047048,0.000000,passed,37,103,8,52,44,passed,passed,prefill_serialization_bubble_unmodeled,decode_mla_attention_slope_dominates,phase429_reprofile_window_hits_attributed,apply_named_undercharge_or_bubble_fix,patch_or_recollect_named_perfdb_component,false,true,true,false,false,false,true,No-Go
phase429_reprofile,step_category,K2.5-tp4ep8dp2-8k2k,docs/iter_gap_investigation/phase429_reprofile/K2.5-tp4ep8dp2-8k2k,w1_decode_c16,,26,decode_only,8,16,passed,0,moe_gemm_or_aux,16.860666,3.647408,0.072599,0.004306,,1.516977,0.595460,0.357492,0.047048,0.000000,passed,37,103,8,52,44,passed,passed,prefill_serialization_bubble_unmodeled,decode_mla_attention_slope_dominates,phase429_reprofile_window_hits_attributed,apply_named_undercharge_or_bubble_fix,patch_or_recollect_named_perfdb_component,false,true,true,false,false,false,true,No-Go
phase429_reprofile,step_category,K2.5-tp4ep8dp2-8k2k,docs/iter_gap_investigation/phase429_reprofile/K2.5-tp4ep8dp2-8k2k,w1_decode_c16,,26,decode_only,8,16,passed,0,other_cuda,16.860666,1.576460,0.072599,0.004306,,1.516977,0.595460,0.357492,0.047048,0.000000,passed,37,103,8,52,44,passed,passed,prefill_serialization_bubble_unmodeled,decode_mla_attention_slope_dominates,phase429_reprofile_window_hits_attributed,apply_named_undercharge_or_bubble_fix,patch_or_recollect_named_perfdb_component,false,true,true,false,false,false,true,No-Go
phase429_reprofile,step_category,K2.5-tp4ep8dp2-8k2k,docs/iter_gap_investigation/phase429_reprofile/K2.5-tp4ep8dp2-8k2k,w1_decode_c16,,26,decode_only,8,16,passed,0,tp_or_dp_allreduce,16.860666,0.378693,0.072599,0.004306,,1.516977,0.595460,0.357492,0.047048,0.000000,passed,37,103,8,52,44,passed,passed,prefill_serialization_bubble_unmodeled,decode_mla_attention_slope_dominates,phase429_reprofile_window_hits_attributed,apply_named_undercharge_or_bubble_fix,patch_or_recollect_named_perfdb_component,false,true,true,false,false,false,true,No-Go
phase429_reprofile,step,K2.5-tp4ep8dp2-8k2k,docs/iter_gap_investigation/phase429_reprofile/K2.5-tp4ep8dp2-8k2k,w1_decode_c16,,27,decode_only,8,16,passed,0,,16.778019,,0.066314,0.003952,,1.516977,0.595460,0.357492,0.047048,0.000000,passed,37,103,8,52,44,passed,passed,prefill_serialization_bubble_unmodeled,decode_mla_attention_slope_dominates,phase429_reprofile_window_hits_attributed,apply_named_undercharge_or_bubble_fix,patch_or_recollect_named_perfdb_component,false,true,true,false,false,false,true,No-Go
phase429_reprofile,step_category,K2.5-tp4ep8dp2-8k2k,docs/iter_gap_investigation/phase429_reprofile/K2.5-tp4ep8dp2-8k2k,w1_decode_c16,,27,decode_only,8,16,passed,0,dense_gemm,16.778019,4.249872,0.066314,0.003952,,1.516977,0.595460,0.357492,0.047048,0.000000,passed,37,103,8,52,44,passed,passed,prefill_serialization_bubble_unmodeled,decode_mla_attention_slope_dominates,phase429_reprofile_window_hits_attributed,apply_named_undercharge_or_bubble_fix,patch_or_recollect_named_perfdb_component,false,true,true,false,false,false,true,No-Go
phase429_reprofile,step_category,K2.5-tp4ep8dp2-8k2k,docs/iter_gap_investigation/phase429_reprofile/K2.5-tp4ep8dp2-8k2k,w1_decode_c16,,27,decode_only,8,16,passed,0,ep_a2a,16.778019,4.395424,0.066314,0.003952,,1.516977,0.595460,0.357492,0.047048,0.000000,passed,37,103,8,52,44,passed,passed,prefill_serialization_bubble_unmodeled,decode_mla_attention_slope_dominates,phase429_reprofile_window_hits_attributed,apply_named_undercharge_or_bubble_fix,patch_or_recollect_named_perfdb_component,false,true,true,false,false,false,true,No-Go
phase429_reprofile,step_category,K2.5-tp4ep8dp2-8k2k,docs/iter_gap_investigation/phase429_reprofile/K2.5-tp4ep8dp2-8k2k,w1_decode_c16,,27,decode_only,8,16,passed,0,memcpy_memset,16.778019,0.054707,0.066314,0.003952,,1.516977,0.595460,0.357492,0.047048,0.000000,passed,37,103,8,52,44,passed,passed,prefill_serialization_bubble_unmodeled,decode_mla_attention_slope_dominates,phase429_reprofile_window_hits_attributed,apply_named_undercharge_or_bubble_fix,patch_or_recollect_named_perfdb_component,false,true,true,false,false,false,true,No-Go
phase429_reprofile,step_category,K2.5-tp4ep8dp2-8k2k,docs/iter_gap_investigation/phase429_reprofile/K2.5-tp4ep8dp2-8k2k,w1_decode_c16,,27,decode_only,8,16,passed,0,mla_attention,16.778019,2.507640,0.066314,0.003952,,1.516977,0.595460,0.357492,0.047048,0.000000,passed,37,103,8,52,44,passed,passed,prefill_serialization_bubble_unmodeled,decode_mla_attention_slope_dominates,phase429_reprofile_window_hits_attributed,apply_named_undercharge_or_bubble_fix,patch_or_recollect_named_perfdb_component,false,true,true,false,false,false,true,No-Go
phase429_reprofile,step_category,K2.5-tp4ep8dp2-8k2k,docs/iter_gap_investigation/phase429_reprofile/K2.5-tp4ep8dp2-8k2k,w1_decode_c16,,27,decode_only,8,16,passed,0,moe_gemm_or_aux,16.778019,3.555235,0.066314,0.003952,,1.516977,0.595460,0.357492,0.047048,0.000000,passed,37,103,8,52,44,passed,passed,prefill_serialization_bubble_unmodeled,decode_mla_attention_slope_dominates,phase429_reprofile_window_hits_attributed,apply_named_undercharge_or_bubble_fix,patch_or_recollect_named_perfdb_component,false,true,true,false,false,false,true,No-Go
phase429_reprofile,step_category,K2.5-tp4ep8dp2-8k2k,docs/iter_gap_investigation/phase429_reprofile/K2.5-tp4ep8dp2-8k2k,w1_decode_c16,,27,decode_only,8,16,passed,0,other_cuda,16.778019,1.575797,0.066314,0.003952,,1.516977,0.595460,0.357492,0.047048,0.000000,passed,37,103,8,52,44,passed,passed,prefill_serialization_bubble_unmodeled,decode_mla_attention_slope_dominates,phase429_reprofile_window_hits_attributed,apply_named_undercharge_or_bubble_fix,patch_or_recollect_named_perfdb_component,false,true,true,false,false,false,true,No-Go
phase429_reprofile,step_category,K2.5-tp4ep8dp2-8k2k,docs/iter_gap_investigation/phase429_reprofile/K2.5-tp4ep8dp2-8k2k,w1_decode_c16,,27,decode_only,8,16,passed,0,tp_or_dp_allreduce,16.778019,0.375546,0.066314,0.003952,,1.516977,0.595460,0.357492,0.047048,0.000000,passed,37,103,8,52,44,passed,passed,prefill_serialization_bubble_unmodeled,decode_mla_attention_slope_dominates,phase429_reprofile_window_hits_attributed,apply_named_undercharge_or_bubble_fix,patch_or_recollect_named_perfdb_component,false,true,true,false,false,false,true,No-Go
phase429_reprofile,step,K2.5-tp4ep8dp2-8k2k,docs/iter_gap_investigation/phase429_reprofile/K2.5-tp4ep8dp2-8k2k,w1_decode_c16,,28,decode_only,8,16,passed,0,,17.017589,,0.059969,0.003524,,1.516977,0.595460,0.357492,0.047048,0.000000,passed,37,103,8,52,44,passed,passed,prefill_serialization_bubble_unmodeled,decode_mla_attention_slope_dominates,phase429_reprofile_window_hits_attributed,apply_named_undercharge_or_bubble_fix,patch_or_recollect_named_perfdb_component,false,true,true,false,false,false,true,No-Go
phase429_reprofile,step_category,K2.5-tp4ep8dp2-8k2k,docs/iter_gap_investigation/phase429_reprofile/K2.5-tp4ep8dp2-8k2k,w1_decode_c16,,28,decode_only,8,16,passed,0,dense_gemm,17.017589,4.269715,0.059969,0.003524,,1.516977,0.595460,0.357492,0.047048,0.000000,passed,37,103,8,52,44,passed,passed,prefill_serialization_bubble_unmodeled,decode_mla_attention_slope_dominates,phase429_reprofile_window_hits_attributed,apply_named_undercharge_or_bubble_fix,patch_or_recollect_named_perfdb_component,false,true,true,false,false,false,true,No-Go
phase429_reprofile,step_category,K2.5-tp4ep8dp2-8k2k,docs/iter_gap_investigation/phase429_reprofile/K2.5-tp4ep8dp2-8k2k,w1_decode_c16,,28,decode_only,8,16,passed,0,ep_a2a,17.017589,4.472727,0.059969,0.003524,,1.516977,0.595460,0.357492,0.047048,0.000000,passed,37,103,8,52,44,passed,passed,prefill_serialization_bubble_unmodeled,decode_mla_attention_slope_dominates,phase429_reprofile_window_hits_attributed,apply_named_undercharge_or_bubble_fix,patch_or_recollect_named_perfdb_component,false,true,true,false,false,false,true,No-Go
phase429_reprofile,step_category,K2.5-tp4ep8dp2-8k2k,docs/iter_gap_investigation/phase429_reprofile/K2.5-tp4ep8dp2-8k2k,w1_decode_c16,,28,decode_only,8,16,passed,0,memcpy_memset,17.017589,0.052356,0.059969,0.003524,,1.516977,0.595460,0.357492,0.047048,0.000000,passed,37,103,8,52,44,passed,passed,prefill_serialization_bubble_unmodeled,decode_mla_attention_slope_dominates,phase429_reprofile_window_hits_attributed,apply_named_undercharge_or_bubble_fix,patch_or_recollect_named_perfdb_component,false,true,true,false,false,false,true,No-Go
phase429_reprofile,step_category,K2.5-tp4ep8dp2-8k2k,docs/iter_gap_investigation/phase429_reprofile/K2.5-tp4ep8dp2-8k2k,w1_decode_c16,,28,decode_only,8,16,passed,0,mla_attention,17.017589,2.508579,0.059969,0.003524,,1.516977,0.595460,0.357492,0.047048,0.000000,passed,37,103,8,52,44,passed,passed,prefill_serialization_bubble_unmodeled,decode_mla_attention_slope_dominates,phase429_reprofile_window_hits_attributed,apply_named_undercharge_or_bubble_fix,patch_or_recollect_named_perfdb_component,false,true,true,false,false,false,true,No-Go
phase429_reprofile,step_category,K2.5-tp4ep8dp2-8k2k,docs/iter_gap_investigation/phase429_reprofile/K2.5-tp4ep8dp2-8k2k,w1_decode_c16,,28,decode_only,8,16,passed,0,moe_gemm_or_aux,17.017589,3.702598,0.059969,0.003524,,1.516977,0.595460,0.357492,0.047048,0.000000,passed,37,103,8,52,44,passed,passed,prefill_serialization_bubble_unmodeled,decode_mla_attention_slope_dominates,phase429_reprofile_window_hits_attributed,apply_named_undercharge_or_bubble_fix,patch_or_recollect_named_perfdb_component,false,true,true,false,false,false,true,No-Go
phase429_reprofile,step_category,K2.5-tp4ep8dp2-8k2k,docs/iter_gap_investigation/phase429_reprofile/K2.5-tp4ep8dp2-8k2k,w1_decode_c16,,28,decode_only,8,16,passed,0,other_cuda,17.017589,1.576931,0.059969,0.003524,,1.516977,0.595460,0.357492,0.047048,0.000000,passed,37,103,8,52,44,passed,passed,prefill_serialization_bubble_unmodeled,decode_mla_attention_slope_dominates,phase429_reprofile_window_hits_attributed,apply_named_undercharge_or_bubble_fix,patch_or_recollect_named_perfdb_component,false,true,true,false,false,false,true,No-Go
phase429_reprofile,step_category,K2.5-tp4ep8dp2-8k2k,docs/iter_gap_investigation/phase429_reprofile/K2.5-tp4ep8dp2-8k2k,w1_decode_c16,,28,decode_only,8,16,passed,0,tp_or_dp_allreduce,17.017589,0.374895,0.059969,0.003524,,1.516977,0.595460,0.357492,0.047048,0.000000,passed,37,103,8,52,44,passed,passed,prefill_serialization_bubble_unmodeled,decode_mla_attention_slope_dominates,phase429_reprofile_window_hits_attributed,apply_named_undercharge_or_bubble_fix,patch_or_recollect_named_perfdb_component,false,true,true,false,false,false,true,No-Go
phase429_reprofile,step,K2.5-tp4ep8dp2-8k2k,docs/iter_gap_investigation/phase429_reprofile/K2.5-tp4ep8dp2-8k2k,w1_decode_c16,,29,decode_only,8,16,passed,0,,17.114949,,0.082062,0.004795,,1.516977,0.595460,0.357492,0.047048,0.000000,passed,37,103,8,52,44,passed,passed,prefill_serialization_bubble_unmodeled,decode_mla_attention_slope_dominates,phase429_reprofile_window_hits_attributed,apply_named_undercharge_or_bubble_fix,patch_or_recollect_named_perfdb_component,false,true,true,false,false,false,true,No-Go
phase429_reprofile,step_category,K2.5-tp4ep8dp2-8k2k,docs/iter_gap_investigation/phase429_reprofile/K2.5-tp4ep8dp2-8k2k,w1_decode_c16,,29,decode_only,8,16,passed,0,dense_gemm,17.114949,4.326594,0.082062,0.004795,,1.516977,0.595460,0.357492,0.047048,0.000000,passed,37,103,8,52,44,passed,passed,prefill_serialization_bubble_unmodeled,decode_mla_attention_slope_dominates,phase429_reprofile_window_hits_attributed,apply_named_undercharge_or_bubble_fix,patch_or_recollect_named_perfdb_component,false,true,true,false,false,false,true,No-Go
phase429_reprofile,step_category,K2.5-tp4ep8dp2-8k2k,docs/iter_gap_investigation/phase429_reprofile/K2.5-tp4ep8dp2-8k2k,w1_decode_c16,,29,decode_only,8,16,passed,0,ep_a2a,17.114949,4.402867,0.082062,0.004795,,1.516977,0.595460,0.357492,0.047048,0.000000,passed,37,103,8,52,44,passed,passed,prefill_serialization_bubble_unmodeled,decode_mla_attention_slope_dominates,phase429_reprofile_window_hits_attributed,apply_named_undercharge_or_bubble_fix,patch_or_recollect_named_perfdb_component,false,true,true,false,false,false,true,No-Go
phase429_reprofile,step_category,K2.5-tp4ep8dp2-8k2k,docs/iter_gap_investigation/phase429_reprofile/K2.5-tp4ep8dp2-8k2k,w1_decode_c16,,29,decode_only,8,16,passed,0,memcpy_memset,17.114949,0.058189,0.082062,0.004795,,1.516977,0.595460,0.357492,0.047048,0.000000,passed,37,103,8,52,44,passed,passed,prefill_serialization_bubble_unmodeled,decode_mla_attention_slope_dominates,phase429_reprofile_window_hits_attributed,apply_named_undercharge_or_bubble_fix,patch_or_recollect_named_perfdb_component,false,true,true,false,false,false,true,No-Go
phase429_reprofile,step_category,K2.5-tp4ep8dp2-8k2k,docs/iter_gap_investigation/phase429_reprofile/K2.5-tp4ep8dp2-8k2k,w1_decode_c16,,29,decode_only,8,16,passed,0,mla_attention,17.114949,2.550966,0.082062,0.004795,,1.516977,0.595460,0.357492,0.047048,0.000000,passed,37,103,8,52,44,passed,passed,prefill_serialization_bubble_unmodeled,decode_mla_attention_slope_dominates,phase429_reprofile_window_hits_attributed,apply_named_undercharge_or_bubble_fix,patch_or_recollect_named_perfdb_component,false,true,true,false,false,false,true,No-Go
phase429_reprofile,step_category,K2.5-tp4ep8dp2-8k2k,docs/iter_gap_investigation/phase429_reprofile/K2.5-tp4ep8dp2-8k2k,w1_decode_c16,,29,decode_only,8,16,passed,0,moe_gemm_or_aux,17.114949,3.711113,0.082062,0.004795,,1.516977,0.595460,0.357492,0.047048,0.000000,passed,37,103,8,52,44,passed,passed,prefill_serialization_bubble_unmodeled,decode_mla_attention_slope_dominates,phase429_reprofile_window_hits_attributed,apply_named_undercharge_or_bubble_fix,patch_or_recollect_named_perfdb_component,false,true,true,false,false,false,true,No-Go
phase429_reprofile,step_category,K2.5-tp4ep8dp2-8k2k,docs/iter_gap_investigation/phase429_reprofile/K2.5-tp4ep8dp2-8k2k,w1_decode_c16,,29,decode_only,8,16,passed,0,other_cuda,17.114949,1.602026,0.082062,0.004795,,1.516977,0.595460,0.357492,0.047048,0.000000,passed,37,103,8,52,44,passed,passed,prefill_serialization_bubble_unmodeled,decode_mla_attention_slope_dominates,phase429_reprofile_window_hits_attributed,apply_named_undercharge_or_bubble_fix,patch_or_recollect_named_perfdb_component,false,true,true,false,false,false,true,No-Go
phase429_reprofile,step_category,K2.5-tp4ep8dp2-8k2k,docs/iter_gap_investigation/phase429_reprofile/K2.5-tp4ep8dp2-8k2k,w1_decode_c16,,29,decode_only,8,16,passed,0,tp_or_dp_allreduce,17.114949,0.383267,0.082062,0.004795,,1.516977,0.595460,0.357492,0.047048,0.000000,passed,37,103,8,52,44,passed,passed,prefill_serialization_bubble_unmodeled,decode_mla_attention_slope_dominates,phase429_reprofile_window_hits_attributed,apply_named_undercharge_or_bubble_fix,patch_or_recollect_named_perfdb_component,false,true,true,false,false,false,true,No-Go
phase429_reprofile,step,K2.5-tp4ep8dp2-8k2k,docs/iter_gap_investigation/phase429_reprofile/K2.5-tp4ep8dp2-8k2k,w1_decode_c16,,30,decode_only,8,16,passed,0,,16.652432,,0.073362,0.004406,,1.516977,0.595460,0.357492,0.047048,0.000000,passed,37,103,8,52,44,passed,passed,prefill_serialization_bubble_unmodeled,decode_mla_attention_slope_dominates,phase429_reprofile_window_hits_attributed,apply_named_undercharge_or_bubble_fix,patch_or_recollect_named_perfdb_component,false,true,true,false,false,false,true,No-Go
phase429_reprofile,step_category,K2.5-tp4ep8dp2-8k2k,docs/iter_gap_investigation/phase429_reprofile/K2.5-tp4ep8dp2-8k2k,w1_decode_c16,,30,decode_only,8,16,passed,0,dense_gemm,16.652432,4.179870,0.073362,0.004406,,1.516977,0.595460,0.357492,0.047048,0.000000,passed,37,103,8,52,44,passed,passed,prefill_serialization_bubble_unmodeled,decode_mla_attention_slope_dominates,phase429_reprofile_window_hits_attributed,apply_named_undercharge_or_bubble_fix,patch_or_recollect_named_perfdb_component,false,true,true,false,false,false,true,No-Go
phase429_reprofile,step_category,K2.5-tp4ep8dp2-8k2k,docs/iter_gap_investigation/phase429_reprofile/K2.5-tp4ep8dp2-8k2k,w1_decode_c16,,30,decode_only,8,16,passed,0,ep_a2a,16.652432,4.309486,0.073362,0.004406,,1.516977,0.595460,0.357492,0.047048,0.000000,passed,37,103,8,52,44,passed,passed,prefill_serialization_bubble_unmodeled,decode_mla_attention_slope_dominates,phase429_reprofile_window_hits_attributed,apply_named_undercharge_or_bubble_fix,patch_or_recollect_named_perfdb_component,false,true,true,false,false,false,true,No-Go
phase429_reprofile,step_category,K2.5-tp4ep8dp2-8k2k,docs/iter_gap_investigation/phase429_reprofile/K2.5-tp4ep8dp2-8k2k,w1_decode_c16,,30,decode_only,8,16,passed,0,memcpy_memset,16.652432,0.056323,0.073362,0.004406,,1.516977,0.595460,0.357492,0.047048,0.000000,passed,37,103,8,52,44,passed,passed,prefill_serialization_bubble_unmodeled,decode_mla_attention_slope_dominates,phase429_reprofile_window_hits_attributed,apply_named_undercharge_or_bubble_fix,patch_or_recollect_named_perfdb_component,false,true,true,false,false,false,true,No-Go
phase429_reprofile,step_category,K2.5-tp4ep8dp2-8k2k,docs/iter_gap_investigation/phase429_reprofile/K2.5-tp4ep8dp2-8k2k,w1_decode_c16,,30,decode_only,8,16,passed,0,mla_attention,16.652432,2.463635,0.073362,0.004406,,1.516977,0.595460,0.357492,0.047048,0.000000,passed,37,103,8,52,44,passed,passed,prefill_serialization_bubble_unmodeled,decode_mla_attention_slope_dominates,phase429_reprofile_window_hits_attributed,apply_named_undercharge_or_bubble_fix,patch_or_recollect_named_perfdb_component,false,true,true,false,false,false,true,No-Go
phase429_reprofile,step_category,K2.5-tp4ep8dp2-8k2k,docs/iter_gap_investigation/phase429_reprofile/K2.5-tp4ep8dp2-8k2k,w1_decode_c16,,30,decode_only,8,16,passed,0,moe_gemm_or_aux,16.652432,3.648669,0.073362,0.004406,,1.516977,0.595460,0.357492,0.047048,0.000000,passed,37,103,8,52,44,passed,passed,prefill_serialization_bubble_unmodeled,decode_mla_attention_slope_dominates,phase429_reprofile_window_hits_attributed,apply_named_undercharge_or_bubble_fix,patch_or_recollect_named_perfdb_component,false,true,true,false,false,false,true,No-Go
phase429_reprofile,step_category,K2.5-tp4ep8dp2-8k2k,docs/iter_gap_investigation/phase429_reprofile/K2.5-tp4ep8dp2-8k2k,w1_decode_c16,,30,decode_only,8,16,passed,0,other_cuda,16.652432,1.551375,0.073362,0.004406,,1.516977,0.595460,0.357492,0.047048,0.000000,passed,37,103,8,52,44,passed,passed,prefill_serialization_bubble_unmodeled,decode_mla_attention_slope_dominates,phase429_reprofile_window_hits_attributed,apply_named_undercharge_or_bubble_fix,patch_or_recollect_named_perfdb_component,false,true,true,false,false,false,true,No-Go
phase429_reprofile,step_category,K2.5-tp4ep8dp2-8k2k,docs/iter_gap_investigation/phase429_reprofile/K2.5-tp4ep8dp2-8k2k,w1_decode_c16,,30,decode_only,8,16,passed,0,tp_or_dp_allreduce,16.652432,0.369712,0.073362,0.004406,,1.516977,0.595460,0.357492,0.047048,0.000000,passed,37,103,8,52,44,passed,passed,prefill_serialization_bubble_unmodeled,decode_mla_attention_slope_dominates,phase429_reprofile_window_hits_attributed,apply_named_undercharge_or_bubble_fix,patch_or_recollect_named_perfdb_component,false,true,true,false,false,false,true,No-Go
phase429_reprofile,step,K2.5-tp4ep8dp2-8k2k,docs/iter_gap_investigation/phase429_reprofile/K2.5-tp4ep8dp2-8k2k,w1_decode_c16,,31,decode_only,8,16,passed,0,,22.464974,,2.274262,0.101236,,1.516977,0.595460,0.357492,0.047048,0.000000,passed,37,103,8,52,44,passed,passed,prefill_serialization_bubble_unmodeled,decode_mla_attention_slope_dominates,phase429_reprofile_window_hits_attributed,apply_named_undercharge_or_bubble_fix,patch_or_recollect_named_perfdb_component,false,true,true,false,false,false,true,No-Go
phase429_reprofile,step_category,K2.5-tp4ep8dp2-8k2k,docs/iter_gap_investigation/phase429_reprofile/K2.5-tp4ep8dp2-8k2k,w1_decode_c16,,31,decode_only,8,16,passed,0,dense_gemm,22.464974,5.097690,2.274262,0.101236,,1.516977,0.595460,0.357492,0.047048,0.000000,passed,37,103,8,52,44,passed,passed,prefill_serialization_bubble_unmodeled,decode_mla_attention_slope_dominates,phase429_reprofile_window_hits_attributed,apply_named_undercharge_or_bubble_fix,patch_or_recollect_named_perfdb_component,false,true,true,false,false,false,true,No-Go
phase429_reprofile,step_category,K2.5-tp4ep8dp2-8k2k,docs/iter_gap_investigation/phase429_reprofile/K2.5-tp4ep8dp2-8k2k,w1_decode_c16,,31,decode_only,8,16,passed,0,ep_a2a,22.464974,5.099799,2.274262,0.101236,,1.516977,0.595460,0.357492,0.047048,0.000000,passed,37,103,8,52,44,passed,passed,prefill_serialization_bubble_unmodeled,decode_mla_attention_slope_dominates,phase429_reprofile_window_hits_attributed,apply_named_undercharge_or_bubble_fix,patch_or_recollect_named_perfdb_component,false,true,true,false,false,false,true,No-Go
phase429_reprofile,step_category,K2.5-tp4ep8dp2-8k2k,docs/iter_gap_investigation/phase429_reprofile/K2.5-tp4ep8dp2-8k2k,w1_decode_c16,,31,decode_only,8,16,passed,0,memcpy_memset,22.464974,0.046260,2.274262,0.101236,,1.516977,0.595460,0.357492,0.047048,0.000000,passed,37,103,8,52,44,passed,passed,prefill_serialization_bubble_unmodeled,decode_mla_attention_slope_dominates,phase429_reprofile_window_hits_attributed,apply_named_undercharge_or_bubble_fix,patch_or_recollect_named_perfdb_component,false,true,true,false,false,false,true,No-Go
phase429_reprofile,step_category,K2.5-tp4ep8dp2-8k2k,docs/iter_gap_investigation/phase429_reprofile/K2.5-tp4ep8dp2-8k2k,w1_decode_c16,,31,decode_only,8,16,passed,0,mla_attention,22.464974,3.006452,2.274262,0.101236,,1.516977,0.595460,0.357492,0.047048,0.000000,passed,37,103,8,52,44,passed,passed,prefill_serialization_bubble_unmodeled,decode_mla_attention_slope_dominates,phase429_reprofile_window_hits_attributed,apply_named_undercharge_or_bubble_fix,patch_or_recollect_named_perfdb_component,false,true,true,false,false,false,true,No-Go
phase429_reprofile,step_category,K2.5-tp4ep8dp2-8k2k,docs/iter_gap_investigation/phase429_reprofile/K2.5-tp4ep8dp2-8k2k,w1_decode_c16,,31,decode_only,8,16,passed,0,moe_gemm_or_aux,22.464974,4.362072,2.274262,0.101236,,1.516977,0.595460,0.357492,0.047048,0.000000,passed,37,103,8,52,44,passed,passed,prefill_serialization_bubble_unmodeled,decode_mla_attention_slope_dominates,phase429_reprofile_window_hits_attributed,apply_named_undercharge_or_bubble_fix,patch_or_recollect_named_perfdb_component,false,true,true,false,false,false,true,No-Go
phase429_reprofile,step_category,K2.5-tp4ep8dp2-8k2k,docs/iter_gap_investigation/phase429_reprofile/K2.5-tp4ep8dp2-8k2k,w1_decode_c16,,31,decode_only,8,16,passed,0,other_cuda,22.464974,1.888308,2.274262,0.101236,,1.516977,0.595460,0.357492,0.047048,0.000000,passed,37,103,8,52,44,passed,passed,prefill_serialization_bubble_unmodeled,decode_mla_attention_slope_dominates,phase429_reprofile_window_hits_attributed,apply_named_undercharge_or_bubble_fix,patch_or_recollect_named_perfdb_component,false,true,true,false,false,false,true,No-Go
phase429_reprofile,step_category,K2.5-tp4ep8dp2-8k2k,docs/iter_gap_investigation/phase429_reprofile/K2.5-tp4ep8dp2-8k2k,w1_decode_c16,,31,decode_only,8,16,passed,0,tp_or_dp_allreduce,22.464974,0.690132,2.274262,0.101236,,1.516977,0.595460,0.357492,0.047048,0.000000,passed,37,103,8,52,44,passed,passed,prefill_serialization_bubble_unmodeled,decode_mla_attention_slope_dominates,phase429_reprofile_window_hits_attributed,apply_named_undercharge_or_bubble_fix,patch_or_recollect_named_perfdb_component,false,true,true,false,false,false,true,No-Go
phase429_reprofile,step,K2.5-tp4ep8dp2-8k2k,docs/iter_gap_investigation/phase429_reprofile/K2.5-tp4ep8dp2-8k2k,w1_decode_c16,,32,decode_only,8,16,passed,0,,20.085761,,2.030950,0.101114,,1.516977,0.595460,0.357492,0.047048,0.000000,passed,37,103,8,52,44,passed,passed,prefill_serialization_bubble_unmodeled,decode_mla_attention_slope_dominates,phase429_reprofile_window_hits_attributed,apply_named_undercharge_or_bubble_fix,patch_or_recollect_named_perfdb_component,false,true,true,false,false,false,true,No-Go
phase429_reprofile,step_category,K2.5-tp4ep8dp2-8k2k,docs/iter_gap_investigation/phase429_reprofile/K2.5-tp4ep8dp2-8k2k,w1_decode_c16,,32,decode_only,8,16,passed,0,dense_gemm,20.085761,4.256112,2.030950,0.101114,,1.516977,0.595460,0.357492,0.047048,0.000000,passed,37,103,8,52,44,passed,passed,prefill_serialization_bubble_unmodeled,decode_mla_attention_slope_dominates,phase429_reprofile_window_hits_attributed,apply_named_undercharge_or_bubble_fix,patch_or_recollect_named_perfdb_component,false,true,true,false,false,false,true,No-Go
phase429_reprofile,step_category,K2.5-tp4ep8dp2-8k2k,docs/iter_gap_investigation/phase429_reprofile/K2.5-tp4ep8dp2-8k2k,w1_decode_c16,,32,decode_only,8,16,passed,0,ep_a2a,20.085761,5.004249,2.030950,0.101114,,1.516977,0.595460,0.357492,0.047048,0.000000,passed,37,103,8,52,44,passed,passed,prefill_serialization_bubble_unmodeled,decode_mla_attention_slope_dominates,phase429_reprofile_window_hits_attributed,apply_named_undercharge_or_bubble_fix,patch_or_recollect_named_perfdb_component,false,true,true,false,false,false,true,No-Go
phase429_reprofile,step_category,K2.5-tp4ep8dp2-8k2k,docs/iter_gap_investigation/phase429_reprofile/K2.5-tp4ep8dp2-8k2k,w1_decode_c16,,32,decode_only,8,16,passed,0,memcpy_memset,20.085761,0.045480,2.030950,0.101114,,1.516977,0.595460,0.357492,0.047048,0.000000,passed,37,103,8,52,44,passed,passed,prefill_serialization_bubble_unmodeled,decode_mla_attention_slope_dominates,phase429_reprofile_window_hits_attributed,apply_named_undercharge_or_bubble_fix,patch_or_recollect_named_perfdb_component,false,true,true,false,false,false,true,No-Go
phase429_reprofile,step_category,K2.5-tp4ep8dp2-8k2k,docs/iter_gap_investigation/phase429_reprofile/K2.5-tp4ep8dp2-8k2k,w1_decode_c16,,32,decode_only,8,16,passed,0,mla_attention,20.085761,2.393561,2.030950,0.101114,,1.516977,0.595460,0.357492,0.047048,0.000000,passed,37,103,8,52,44,passed,passed,prefill_serialization_bubble_unmodeled,decode_mla_attention_slope_dominates,phase429_reprofile_window_hits_attributed,apply_named_undercharge_or_bubble_fix,patch_or_recollect_named_perfdb_component,false,true,true,false,false,false,true,No-Go
phase429_reprofile,step_category,K2.5-tp4ep8dp2-8k2k,docs/iter_gap_investigation/phase429_reprofile/K2.5-tp4ep8dp2-8k2k,w1_decode_c16,,32,decode_only,8,16,passed,0,moe_gemm_or_aux,20.085761,4.171016,2.030950,0.101114,,1.516977,0.595460,0.357492,0.047048,0.000000,passed,37,103,8,52,44,passed,passed,prefill_serialization_bubble_unmodeled,decode_mla_attention_slope_dominates,phase429_reprofile_window_hits_attributed,apply_named_undercharge_or_bubble_fix,patch_or_recollect_named_perfdb_component,false,true,true,false,false,false,true,No-Go
phase429_reprofile,step_category,K2.5-tp4ep8dp2-8k2k,docs/iter_gap_investigation/phase429_reprofile/K2.5-tp4ep8dp2-8k2k,w1_decode_c16,,32,decode_only,8,16,passed,0,other_cuda,20.085761,1.584485,2.030950,0.101114,,1.516977,0.595460,0.357492,0.047048,0.000000,passed,37,103,8,52,44,passed,passed,prefill_serialization_bubble_unmodeled,decode_mla_attention_slope_dominates,phase429_reprofile_window_hits_attributed,apply_named_undercharge_or_bubble_fix,patch_or_recollect_named_perfdb_component,false,true,true,false,false,false,true,No-Go
phase429_reprofile,step_category,K2.5-tp4ep8dp2-8k2k,docs/iter_gap_investigation/phase429_reprofile/K2.5-tp4ep8dp2-8k2k,w1_decode_c16,,32,decode_only,8,16,passed,0,tp_or_dp_allreduce,20.085761,0.599907,2.030950,0.101114,,1.516977,0.595460,0.357492,0.047048,0.000000,passed,37,103,8,52,44,passed,passed,prefill_serialization_bubble_unmodeled,decode_mla_attention_slope_dominates,phase429_reprofile_window_hits_attributed,apply_named_undercharge_or_bubble_fix,patch_or_recollect_named_perfdb_component,false,true,true,false,false,false,true,No-Go
phase429_reprofile,step,K2.5-tp4ep8dp2-8k2k,docs/iter_gap_investigation/phase429_reprofile/K2.5-tp4ep8dp2-8k2k,w1_decode_c16,,33,prefill_or_mixed,7,16,passed,0,,335.701148,,2.337642,0.006963,,1.516977,0.595460,0.357492,0.047048,0.000000,passed,37,103,8,52,44,passed,passed,prefill_serialization_bubble_unmodeled,decode_mla_attention_slope_dominates,phase429_reprofile_window_hits_attributed,apply_named_undercharge_or_bubble_fix,patch_or_recollect_named_perfdb_component,false,true,true,false,false,false,true,No-Go
phase429_reprofile,step_category,K2.5-tp4ep8dp2-8k2k,docs/iter_gap_investigation/phase429_reprofile/K2.5-tp4ep8dp2-8k2k,w1_decode_c16,,33,prefill_or_mixed,7,16,passed,0,dense_gemm,335.701148,23.204567,2.337642,0.006963,,1.516977,0.595460,0.357492,0.047048,0.000000,passed,37,103,8,52,44,passed,passed,prefill_serialization_bubble_unmodeled,decode_mla_attention_slope_dominates,phase429_reprofile_window_hits_attributed,apply_named_undercharge_or_bubble_fix,patch_or_recollect_named_perfdb_component,false,true,true,false,false,false,true,No-Go
phase429_reprofile,step_category,K2.5-tp4ep8dp2-8k2k,docs/iter_gap_investigation/phase429_reprofile/K2.5-tp4ep8dp2-8k2k,w1_decode_c16,,33,prefill_or_mixed,7,16,passed,0,ep_a2a,335.701148,10.494582,2.337642,0.006963,,1.516977,0.595460,0.357492,0.047048,0.000000,passed,37,103,8,52,44,passed,passed,prefill_serialization_bubble_unmodeled,decode_mla_attention_slope_dominates,phase429_reprofile_window_hits_attributed,apply_named_undercharge_or_bubble_fix,patch_or_recollect_named_perfdb_component,false,true,true,false,false,false,true,No-Go
phase429_reprofile,step_category,K2.5-tp4ep8dp2-8k2k,docs/iter_gap_investigation/phase429_reprofile/K2.5-tp4ep8dp2-8k2k,w1_decode_c16,,33,prefill_or_mixed,7,16,passed,0,memcpy_memset,335.701148,0.488730,2.337642,0.006963,,1.516977,0.595460,0.357492,0.047048,0.000000,passed,37,103,8,52,44,passed,passed,prefill_serialization_bubble_unmodeled,decode_mla_attention_slope_dominates,phase429_reprofile_window_hits_attributed,apply_named_undercharge_or_bubble_fix,patch_or_recollect_named_perfdb_component,false,true,true,false,false,false,true,No-Go
phase429_reprofile,step_category,K2.5-tp4ep8dp2-8k2k,docs/iter_gap_investigation/phase429_reprofile/K2.5-tp4ep8dp2-8k2k,w1_decode_c16,,33,prefill_or_mixed,7,16,passed,0,mla_attention,335.701148,11.477403,2.337642,0.006963,,1.516977,0.595460,0.357492,0.047048,0.000000,passed,37,103,8,52,44,passed,passed,prefill_serialization_bubble_unmodeled,decode_mla_attention_slope_dominates,phase429_reprofile_window_hits_attributed,apply_named_undercharge_or_bubble_fix,patch_or_recollect_named_perfdb_component,false,true,true,false,false,false,true,No-Go
phase429_reprofile,step_category,K2.5-tp4ep8dp2-8k2k,docs/iter_gap_investigation/phase429_reprofile/K2.5-tp4ep8dp2-8k2k,w1_decode_c16,,33,prefill_or_mixed,7,16,passed,0,moe_gemm_or_aux,335.701148,80.434612,2.337642,0.006963,,1.516977,0.595460,0.357492,0.047048,0.000000,passed,37,103,8,52,44,passed,passed,prefill_serialization_bubble_unmodeled,decode_mla_attention_slope_dominates,phase429_reprofile_window_hits_attributed,apply_named_undercharge_or_bubble_fix,patch_or_recollect_named_perfdb_component,false,true,true,false,false,false,true,No-Go
phase429_reprofile,step_category,K2.5-tp4ep8dp2-8k2k,docs/iter_gap_investigation/phase429_reprofile/K2.5-tp4ep8dp2-8k2k,w1_decode_c16,,33,prefill_or_mixed,7,16,passed,0,other_cuda,335.701148,206.884453,2.337642,0.006963,,1.516977,0.595460,0.357492,0.047048,0.000000,passed,37,103,8,52,44,passed,passed,prefill_serialization_bubble_unmodeled,decode_mla_attention_slope_dominates,phase429_reprofile_window_hits_attributed,apply_named_undercharge_or_bubble_fix,patch_or_recollect_named_perfdb_component,false,true,true,false,false,false,true,No-Go
phase429_reprofile,step_category,K2.5-tp4ep8dp2-8k2k,docs/iter_gap_investigation/phase429_reprofile/K2.5-tp4ep8dp2-8k2k,w1_decode_c16,,33,prefill_or_mixed,7,16,passed,0,tp_or_dp_allreduce,335.701148,0.379160,2.337642,0.006963,,1.516977,0.595460,0.357492,0.047048,0.000000,passed,37,103,8,52,44,passed,passed,prefill_serialization_bubble_unmodeled,decode_mla_attention_slope_dominates,phase429_reprofile_window_hits_attributed,apply_named_undercharge_or_bubble_fix,patch_or_recollect_named_perfdb_component,false,true,true,false,false,false,true,No-Go
phase429_reprofile,step,K2.5-tp4ep8dp2-8k2k,docs/iter_gap_investigation/phase429_reprofile/K2.5-tp4ep8dp2-8k2k,w1_decode_c16,,34,prefill_or_mixed,7,16,passed,0,,659.678840,,2.666059,0.004041,,1.516977,0.595460,0.357492,0.047048,0.000000,passed,37,103,8,52,44,passed,passed,prefill_serialization_bubble_unmodeled,decode_mla_attention_slope_dominates,phase429_reprofile_window_hits_attributed,apply_named_undercharge_or_bubble_fix,patch_or_recollect_named_perfdb_component,false,true,true,false,false,false,true,No-Go
phase429_reprofile,step_category,K2.5-tp4ep8dp2-8k2k,docs/iter_gap_investigation/phase429_reprofile/K2.5-tp4ep8dp2-8k2k,w1_decode_c16,,34,prefill_or_mixed,7,16,passed,0,dense_gemm,659.678840,33.268489,2.666059,0.004041,,1.516977,0.595460,0.357492,0.047048,0.000000,passed,37,103,8,52,44,passed,passed,prefill_serialization_bubble_unmodeled,decode_mla_attention_slope_dominates,phase429_reprofile_window_hits_attributed,apply_named_undercharge_or_bubble_fix,patch_or_recollect_named_perfdb_component,false,true,true,false,false,false,true,No-Go
phase429_reprofile,step_category,K2.5-tp4ep8dp2-8k2k,docs/iter_gap_investigation/phase429_reprofile/K2.5-tp4ep8dp2-8k2k,w1_decode_c16,,34,prefill_or_mixed,7,16,passed,0,ep_a2a,659.678840,11.049364,2.666059,0.004041,,1.516977,0.595460,0.357492,0.047048,0.000000,passed,37,103,8,52,44,passed,passed,prefill_serialization_bubble_unmodeled,decode_mla_attention_slope_dominates,phase429_reprofile_window_hits_attributed,apply_named_undercharge_or_bubble_fix,patch_or_recollect_named_perfdb_component,false,true,true,false,false,false,true,No-Go
phase429_reprofile,step_category,K2.5-tp4ep8dp2-8k2k,docs/iter_gap_investigation/phase429_reprofile/K2.5-tp4ep8dp2-8k2k,w1_decode_c16,,34,prefill_or_mixed,7,16,passed,0,memcpy_memset,659.678840,0.758593,2.666059,0.004041,,1.516977,0.595460,0.357492,0.047048,0.000000,passed,37,103,8,52,44,passed,passed,prefill_serialization_bubble_unmodeled,decode_mla_attention_slope_dominates,phase429_reprofile_window_hits_attributed,apply_named_undercharge_or_bubble_fix,patch_or_recollect_named_perfdb_component,false,true,true,false,false,false,true,No-Go
phase429_reprofile,step_category,K2.5-tp4ep8dp2-8k2k,docs/iter_gap_investigation/phase429_reprofile/K2.5-tp4ep8dp2-8k2k,w1_decode_c16,,34,prefill_or_mixed,7,16,passed,0,mla_attention,659.678840,16.342126,2.666059,0.004041,,1.516977,0.595460,0.357492,0.047048,0.000000,passed,37,103,8,52,44,passed,passed,prefill_serialization_bubble_unmodeled,decode_mla_attention_slope_dominates,phase429_reprofile_window_hits_attributed,apply_named_undercharge_or_bubble_fix,patch_or_recollect_named_perfdb_component,false,true,true,false,false,false,true,No-Go
phase429_reprofile,step_category,K2.5-tp4ep8dp2-8k2k,docs/iter_gap_investigation/phase429_reprofile/K2.5-tp4ep8dp2-8k2k,w1_decode_c16,,34,prefill_or_mixed,7,16,passed,0,moe_gemm_or_aux,659.678840,157.245548,2.666059,0.004041,,1.516977,0.595460,0.357492,0.047048,0.000000,passed,37,103,8,52,44,passed,passed,prefill_serialization_bubble_unmodeled,decode_mla_attention_slope_dominates,phase429_reprofile_window_hits_attributed,apply_named_undercharge_or_bubble_fix,patch_or_recollect_named_perfdb_component,false,true,true,false,false,false,true,No-Go
phase429_reprofile,step_category,K2.5-tp4ep8dp2-8k2k,docs/iter_gap_investigation/phase429_reprofile/K2.5-tp4ep8dp2-8k2k,w1_decode_c16,,34,prefill_or_mixed,7,16,passed,0,other_cuda,659.678840,438.112166,2.666059,0.004041,,1.516977,0.595460,0.357492,0.047048,0.000000,passed,37,103,8,52,44,passed,passed,prefill_serialization_bubble_unmodeled,decode_mla_attention_slope_dominates,phase429_reprofile_window_hits_attributed,apply_named_undercharge_or_bubble_fix,patch_or_recollect_named_perfdb_component,false,true,true,false,false,false,true,No-Go
phase429_reprofile,step_category,K2.5-tp4ep8dp2-8k2k,docs/iter_gap_investigation/phase429_reprofile/K2.5-tp4ep8dp2-8k2k,w1_decode_c16,,34,prefill_or_mixed,7,16,passed,0,tp_or_dp_allreduce,659.678840,0.236496,2.666059,0.004041,,1.516977,0.595460,0.357492,0.047048,0.000000,passed,37,103,8,52,44,passed,passed,prefill_serialization_bubble_unmodeled,decode_mla_attention_slope_dominates,phase429_reprofile_window_hits_attributed,apply_named_undercharge_or_bubble_fix,patch_or_recollect_named_perfdb_component,false,true,true,false,false,false,true,No-Go
phase429_reprofile,step,K2.5-tp4ep8dp2-8k2k,docs/iter_gap_investigation/phase429_reprofile/K2.5-tp4ep8dp2-8k2k,w2_decode_c64,,0,decode_only,36,64,passed,0,,29.436148,,0.000000,0.000000,,1.516977,0.595460,0.357492,0.047048,0.000000,passed,37,103,8,52,44,passed,passed,prefill_serialization_bubble_unmodeled,decode_mla_attention_slope_dominates,phase429_reprofile_window_hits_attributed,apply_named_undercharge_or_bubble_fix,patch_or_recollect_named_perfdb_component,false,true,true,false,false,false,true,No-Go
phase429_reprofile,step_category,K2.5-tp4ep8dp2-8k2k,docs/iter_gap_investigation/phase429_reprofile/K2.5-tp4ep8dp2-8k2k,w2_decode_c64,,0,decode_only,36,64,passed,0,dense_gemm,29.436148,4.236869,0.000000,0.000000,,1.516977,0.595460,0.357492,0.047048,0.000000,passed,37,103,8,52,44,passed,passed,prefill_serialization_bubble_unmodeled,decode_mla_attention_slope_dominates,phase429_reprofile_window_hits_attributed,apply_named_undercharge_or_bubble_fix,patch_or_recollect_named_perfdb_component,false,true,true,false,false,false,true,No-Go
phase429_reprofile,step_category,K2.5-tp4ep8dp2-8k2k,docs/iter_gap_investigation/phase429_reprofile/K2.5-tp4ep8dp2-8k2k,w2_decode_c64,,0,decode_only,36,64,passed,0,ep_a2a,29.436148,6.189661,0.000000,0.000000,,1.516977,0.595460,0.357492,0.047048,0.000000,passed,37,103,8,52,44,passed,passed,prefill_serialization_bubble_unmodeled,decode_mla_attention_slope_dominates,phase429_reprofile_window_hits_attributed,apply_named_undercharge_or_bubble_fix,patch_or_recollect_named_perfdb_component,false,true,true,false,false,false,true,No-Go
phase429_reprofile,step_category,K2.5-tp4ep8dp2-8k2k,docs/iter_gap_investigation/phase429_reprofile/K2.5-tp4ep8dp2-8k2k,w2_decode_c64,,0,decode_only,36,64,passed,0,memcpy_memset,29.436148,0.114388,0.000000,0.000000,,1.516977,0.595460,0.357492,0.047048,0.000000,passed,37,103,8,52,44,passed,passed,prefill_serialization_bubble_unmodeled,decode_mla_attention_slope_dominates,phase429_reprofile_window_hits_attributed,apply_named_undercharge_or_bubble_fix,patch_or_recollect_named_perfdb_component,false,true,true,false,false,false,true,No-Go
phase429_reprofile,step_category,K2.5-tp4ep8dp2-8k2k,docs/iter_gap_investigation/phase429_reprofile/K2.5-tp4ep8dp2-8k2k,w2_decode_c64,,0,decode_only,36,64,passed,0,mla_attention,29.436148,7.646793,0.000000,0.000000,,1.516977,0.595460,0.357492,0.047048,0.000000,passed,37,103,8,52,44,passed,passed,prefill_serialization_bubble_unmodeled,decode_mla_attention_slope_dominates,phase429_reprofile_window_hits_attributed,apply_named_undercharge_or_bubble_fix,patch_or_recollect_named_perfdb_component,false,true,true,false,false,false,true,No-Go
phase429_reprofile,step_category,K2.5-tp4ep8dp2-8k2k,docs/iter_gap_investigation/phase429_reprofile/K2.5-tp4ep8dp2-8k2k,w2_decode_c64,,0,decode_only,36,64,passed,0,moe_gemm_or_aux,29.436148,8.987673,0.000000,0.000000,,1.516977,0.595460,0.357492,0.047048,0.000000,passed,37,103,8,52,44,passed,passed,prefill_serialization_bubble_unmodeled,decode_mla_attention_slope_dominates,phase429_reprofile_window_hits_attributed,apply_named_undercharge_or_bubble_fix,patch_or_recollect_named_perfdb_component,false,true,true,false,false,false,true,No-Go
phase429_reprofile,step_category,K2.5-tp4ep8dp2-8k2k,docs/iter_gap_investigation/phase429_reprofile/K2.5-tp4ep8dp2-8k2k,w2_decode_c64,,0,decode_only,36,64,passed,0,other_cuda,29.436148,1.746798,0.000000,0.000000,,1.516977,0.595460,0.357492,0.047048,0.000000,passed,37,103,8,52,44,passed,passed,prefill_serialization_bubble_unmodeled,decode_mla_attention_slope_dominates,phase429_reprofile_window_hits_attributed,apply_named_undercharge_or_bubble_fix,patch_or_recollect_named_perfdb_component,false,true,true,false,false,false,true,No-Go
phase429_reprofile,step_category,K2.5-tp4ep8dp2-8k2k,docs/iter_gap_investigation/phase429_reprofile/K2.5-tp4ep8dp2-8k2k,w2_decode_c64,,0,decode_only,36,64,passed,0,tp_or_dp_allreduce,29.436148,0.650545,0.000000,0.000000,,1.516977,0.595460,0.357492,0.047048,0.000000,passed,37,103,8,52,44,passed,passed,prefill_serialization_bubble_unmodeled,decode_mla_attention_slope_dominates,phase429_reprofile_window_hits_attributed,apply_named_undercharge_or_bubble_fix,patch_or_recollect_named_perfdb_component,false,true,true,false,false,false,true,No-Go
phase429_reprofile,step,K2.5-tp4ep8dp2-8k2k,docs/iter_gap_investigation/phase429_reprofile/K2.5-tp4ep8dp2-8k2k,w2_decode_c64,,1,decode_only,36,64,passed,0,,33.842899,,0.000000,0.000000,,1.516977,0.595460,0.357492,0.047048,0.000000,passed,37,103,8,52,44,passed,passed,prefill_serialization_bubble_unmodeled,decode_mla_attention_slope_dominates,phase429_reprofile_window_hits_attributed,apply_named_undercharge_or_bubble_fix,patch_or_recollect_named_perfdb_component,false,true,true,false,false,false,true,No-Go
phase429_reprofile,step_category,K2.5-tp4ep8dp2-8k2k,docs/iter_gap_investigation/phase429_reprofile/K2.5-tp4ep8dp2-8k2k,w2_decode_c64,,1,decode_only,36,64,passed,0,dense_gemm,33.842899,4.888577,0.000000,0.000000,,1.516977,0.595460,0.357492,0.047048,0.000000,passed,37,103,8,52,44,passed,passed,prefill_serialization_bubble_unmodeled,decode_mla_attention_slope_dominates,phase429_reprofile_window_hits_attributed,apply_named_undercharge_or_bubble_fix,patch_or_recollect_named_perfdb_component,false,true,true,false,false,false,true,No-Go
phase429_reprofile,step_category,K2.5-tp4ep8dp2-8k2k,docs/iter_gap_investigation/phase429_reprofile/K2.5-tp4ep8dp2-8k2k,w2_decode_c64,,1,decode_only,36,64,passed,0,ep_a2a,33.842899,7.138661,0.000000,0.000000,,1.516977,0.595460,0.357492,0.047048,0.000000,passed,37,103,8,52,44,passed,passed,prefill_serialization_bubble_unmodeled,decode_mla_attention_slope_dominates,phase429_reprofile_window_hits_attributed,apply_named_undercharge_or_bubble_fix,patch_or_recollect_named_perfdb_component,false,true,true,false,false,false,true,No-Go
phase429_reprofile,step_category,K2.5-tp4ep8dp2-8k2k,docs/iter_gap_investigation/phase429_reprofile/K2.5-tp4ep8dp2-8k2k,w2_decode_c64,,1,decode_only,36,64,passed,0,memcpy_memset,33.842899,0.110648,0.000000,0.000000,,1.516977,0.595460,0.357492,0.047048,0.000000,passed,37,103,8,52,44,passed,passed,prefill_serialization_bubble_unmodeled,decode_mla_attention_slope_dominates,phase429_reprofile_window_hits_attributed,apply_named_undercharge_or_bubble_fix,patch_or_recollect_named_perfdb_component,false,true,true,false,false,false,true,No-Go
phase429_reprofile,step_category,K2.5-tp4ep8dp2-8k2k,docs/iter_gap_investigation/phase429_reprofile/K2.5-tp4ep8dp2-8k2k,w2_decode_c64,,1,decode_only,36,64,passed,0,mla_attention,33.842899,8.695306,0.000000,0.000000,,1.516977,0.595460,0.357492,0.047048,0.000000,passed,37,103,8,52,44,passed,passed,prefill_serialization_bubble_unmodeled,decode_mla_attention_slope_dominates,phase429_reprofile_window_hits_attributed,apply_named_undercharge_or_bubble_fix,patch_or_recollect_named_perfdb_component,false,true,true,false,false,false,true,No-Go
phase429_reprofile,step_category,K2.5-tp4ep8dp2-8k2k,docs/iter_gap_investigation/phase429_reprofile/K2.5-tp4ep8dp2-8k2k,w2_decode_c64,,1,decode_only,36,64,passed,0,moe_gemm_or_aux,33.842899,10.352325,0.000000,0.000000,,1.516977,0.595460,0.357492,0.047048,0.000000,passed,37,103,8,52,44,passed,passed,prefill_serialization_bubble_unmodeled,decode_mla_attention_slope_dominates,phase429_reprofile_window_hits_attributed,apply_named_undercharge_or_bubble_fix,patch_or_recollect_named_perfdb_component,false,true,true,false,false,false,true,No-Go
phase429_reprofile,step_category,K2.5-tp4ep8dp2-8k2k,docs/iter_gap_investigation/phase429_reprofile/K2.5-tp4ep8dp2-8k2k,w2_decode_c64,,1,decode_only,36,64,passed,0,other_cuda,33.842899,2.015965,0.000000,0.000000,,1.516977,0.595460,0.357492,0.047048,0.000000,passed,37,103,8,52,44,passed,passed,prefill_serialization_bubble_unmodeled,decode_mla_attention_slope_dominates,phase429_reprofile_window_hits_attributed,apply_named_undercharge_or_bubble_fix,patch_or_recollect_named_perfdb_component,false,true,true,false,false,false,true,No-Go
phase429_reprofile,step_category,K2.5-tp4ep8dp2-8k2k,docs/iter_gap_investigation/phase429_reprofile/K2.5-tp4ep8dp2-8k2k,w2_decode_c64,,1,decode_only,36,64,passed,0,tp_or_dp_allreduce,33.842899,0.754108,0.000000,0.000000,,1.516977,0.595460,0.357492,0.047048,0.000000,passed,37,103,8,52,44,passed,passed,prefill_serialization_bubble_unmodeled,decode_mla_attention_slope_dominates,phase429_reprofile_window_hits_attributed,apply_named_undercharge_or_bubble_fix,patch_or_recollect_named_perfdb_component,false,true,true,false,false,false,true,No-Go
phase429_reprofile,step,K2.5-tp4ep8dp2-8k2k,docs/iter_gap_investigation/phase429_reprofile/K2.5-tp4ep8dp2-8k2k,w2_decode_c64,,2,decode_only,36,64,passed,0,,33.707880,,0.000000,0.000000,,1.516977,0.595460,0.357492,0.047048,0.000000,passed,37,103,8,52,44,passed,passed,prefill_serialization_bubble_unmodeled,decode_mla_attention_slope_dominates,phase429_reprofile_window_hits_attributed,apply_named_undercharge_or_bubble_fix,patch_or_recollect_named_perfdb_component,false,true,true,false,false,false,true,No-Go
phase429_reprofile,step_category,K2.5-tp4ep8dp2-8k2k,docs/iter_gap_investigation/phase429_reprofile/K2.5-tp4ep8dp2-8k2k,w2_decode_c64,,2,decode_only,36,64,passed,0,dense_gemm,33.707880,4.910111,0.000000,0.000000,,1.516977,0.595460,0.357492,0.047048,0.000000,passed,37,103,8,52,44,passed,passed,prefill_serialization_bubble_unmodeled,decode_mla_attention_slope_dominates,phase429_reprofile_window_hits_attributed,apply_named_undercharge_or_bubble_fix,patch_or_recollect_named_perfdb_component,false,true,true,false,false,false,true,No-Go
phase429_reprofile,step_category,K2.5-tp4ep8dp2-8k2k,docs/iter_gap_investigation/phase429_reprofile/K2.5-tp4ep8dp2-8k2k,w2_decode_c64,,2,decode_only,36,64,passed,0,ep_a2a,33.707880,6.906553,0.000000,0.000000,,1.516977,0.595460,0.357492,0.047048,0.000000,passed,37,103,8,52,44,passed,passed,prefill_serialization_bubble_unmodeled,decode_mla_attention_slope_dominates,phase429_reprofile_window_hits_attributed,apply_named_undercharge_or_bubble_fix,patch_or_recollect_named_perfdb_component,false,true,true,false,false,false,true,No-Go
phase429_reprofile,step_category,K2.5-tp4ep8dp2-8k2k,docs/iter_gap_investigation/phase429_reprofile/K2.5-tp4ep8dp2-8k2k,w2_decode_c64,,2,decode_only,36,64,passed,0,memcpy_memset,33.707880,0.110777,0.000000,0.000000,,1.516977,0.595460,0.357492,0.047048,0.000000,passed,37,103,8,52,44,passed,passed,prefill_serialization_bubble_unmodeled,decode_mla_attention_slope_dominates,phase429_reprofile_window_hits_attributed,apply_named_undercharge_or_bubble_fix,patch_or_recollect_named_perfdb_component,false,true,true,false,false,false,true,No-Go
phase429_reprofile,step_category,K2.5-tp4ep8dp2-8k2k,docs/iter_gap_investigation/phase429_reprofile/K2.5-tp4ep8dp2-8k2k,w2_decode_c64,,2,decode_only,36,64,passed,0,mla_attention,33.707880,8.897880,0.000000,0.000000,,1.516977,0.595460,0.357492,0.047048,0.000000,passed,37,103,8,52,44,passed,passed,prefill_serialization_bubble_unmodeled,decode_mla_attention_slope_dominates,phase429_reprofile_window_hits_attributed,apply_named_undercharge_or_bubble_fix,patch_or_recollect_named_perfdb_component,false,true,true,false,false,false,true,No-Go
phase429_reprofile,step_category,K2.5-tp4ep8dp2-8k2k,docs/iter_gap_investigation/phase429_reprofile/K2.5-tp4ep8dp2-8k2k,w2_decode_c64,,2,decode_only,36,64,passed,0,moe_gemm_or_aux,33.707880,10.263464,0.000000,0.000000,,1.516977,0.595460,0.357492,0.047048,0.000000,passed,37,103,8,52,44,passed,passed,prefill_serialization_bubble_unmodeled,decode_mla_attention_slope_dominates,phase429_reprofile_window_hits_attributed,apply_named_undercharge_or_bubble_fix,patch_or_recollect_named_perfdb_component,false,true,true,false,false,false,true,No-Go
phase429_reprofile,step_category,K2.5-tp4ep8dp2-8k2k,docs/iter_gap_investigation/phase429_reprofile/K2.5-tp4ep8dp2-8k2k,w2_decode_c64,,2,decode_only,36,64,passed,0,other_cuda,33.707880,2.020067,0.000000,0.000000,,1.516977,0.595460,0.357492,0.047048,0.000000,passed,37,103,8,52,44,passed,passed,prefill_serialization_bubble_unmodeled,decode_mla_attention_slope_dominates,phase429_reprofile_window_hits_attributed,apply_named_undercharge_or_bubble_fix,patch_or_recollect_named_perfdb_component,false,true,true,false,false,false,true,No-Go
phase429_reprofile,step_category,K2.5-tp4ep8dp2-8k2k,docs/iter_gap_investigation/phase429_reprofile/K2.5-tp4ep8dp2-8k2k,w2_decode_c64,,2,decode_only,36,64,passed,0,tp_or_dp_allreduce,33.707880,0.761316,0.000000,0.000000,,1.516977,0.595460,0.357492,0.047048,0.000000,passed,37,103,8,52,44,passed,passed,prefill_serialization_bubble_unmodeled,decode_mla_attention_slope_dominates,phase429_reprofile_window_hits_attributed,apply_named_undercharge_or_bubble_fix,patch_or_recollect_named_perfdb_component,false,true,true,false,false,false,true,No-Go
phase429_reprofile,step,K2.5-tp4ep8dp2-8k2k,docs/iter_gap_investigation/phase429_reprofile/K2.5-tp4ep8dp2-8k2k,w2_decode_c64,,3,decode_only,36,64,passed,0,,33.450556,,0.000000,0.000000,,1.516977,0.595460,0.357492,0.047048,0.000000,passed,37,103,8,52,44,passed,passed,prefill_serialization_bubble_unmodeled,decode_mla_attention_slope_dominates,phase429_reprofile_window_hits_attributed,apply_named_undercharge_or_bubble_fix,patch_or_recollect_named_perfdb_component,false,true,true,false,false,false,true,No-Go
phase429_reprofile,step_category,K2.5-tp4ep8dp2-8k2k,docs/iter_gap_investigation/phase429_reprofile/K2.5-tp4ep8dp2-8k2k,w2_decode_c64,,3,decode_only,36,64,passed,0,dense_gemm,33.450556,4.865694,0.000000,0.000000,,1.516977,0.595460,0.357492,0.047048,0.000000,passed,37,103,8,52,44,passed,passed,prefill_serialization_bubble_unmodeled,decode_mla_attention_slope_dominates,phase429_reprofile_window_hits_attributed,apply_named_undercharge_or_bubble_fix,patch_or_recollect_named_perfdb_component,false,true,true,false,false,false,true,No-Go
phase429_reprofile,step_category,K2.5-tp4ep8dp2-8k2k,docs/iter_gap_investigation/phase429_reprofile/K2.5-tp4ep8dp2-8k2k,w2_decode_c64,,3,decode_only,36,64,passed,0,ep_a2a,33.450556,6.897363,0.000000,0.000000,,1.516977,0.595460,0.357492,0.047048,0.000000,passed,37,103,8,52,44,passed,passed,prefill_serialization_bubble_unmodeled,decode_mla_attention_slope_dominates,phase429_reprofile_window_hits_attributed,apply_named_undercharge_or_bubble_fix,patch_or_recollect_named_perfdb_component,false,true,true,false,false,false,true,No-Go
phase429_reprofile,step_category,K2.5-tp4ep8dp2-8k2k,docs/iter_gap_investigation/phase429_reprofile/K2.5-tp4ep8dp2-8k2k,w2_decode_c64,,3,decode_only,36,64,passed,0,memcpy_memset,33.450556,0.109677,0.000000,0.000000,,1.516977,0.595460,0.357492,0.047048,0.000000,passed,37,103,8,52,44,passed,passed,prefill_serialization_bubble_unmodeled,decode_mla_attention_slope_dominates,phase429_reprofile_window_hits_attributed,apply_named_undercharge_or_bubble_fix,patch_or_recollect_named_perfdb_component,false,true,true,false,false,false,true,No-Go
phase429_reprofile,step_category,K2.5-tp4ep8dp2-8k2k,docs/iter_gap_investigation/phase429_reprofile/K2.5-tp4ep8dp2-8k2k,w2_decode_c64,,3,decode_only,36,64,passed,0,mla_attention,33.450556,8.714241,0.000000,0.000000,,1.516977,0.595460,0.357492,0.047048,0.000000,passed,37,103,8,52,44,passed,passed,prefill_serialization_bubble_unmodeled,decode_mla_attention_slope_dominates,phase429_reprofile_window_hits_attributed,apply_named_undercharge_or_bubble_fix,patch_or_recollect_named_perfdb_component,false,true,true,false,false,false,true,No-Go
phase429_reprofile,step_category,K2.5-tp4ep8dp2-8k2k,docs/iter_gap_investigation/phase429_reprofile/K2.5-tp4ep8dp2-8k2k,w2_decode_c64,,3,decode_only,36,64,passed,0,moe_gemm_or_aux,33.450556,10.203103,0.000000,0.000000,,1.516977,0.595460,0.357492,0.047048,0.000000,passed,37,103,8,52,44,passed,passed,prefill_serialization_bubble_unmodeled,decode_mla_attention_slope_dominates,phase429_reprofile_window_hits_attributed,apply_named_undercharge_or_bubble_fix,patch_or_recollect_named_perfdb_component,false,true,true,false,false,false,true,No-Go
phase429_reprofile,step_category,K2.5-tp4ep8dp2-8k2k,docs/iter_gap_investigation/phase429_reprofile/K2.5-tp4ep8dp2-8k2k,w2_decode_c64,,3,decode_only,36,64,passed,0,other_cuda,33.450556,2.007029,0.000000,0.000000,,1.516977,0.595460,0.357492,0.047048,0.000000,passed,37,103,8,52,44,passed,passed,prefill_serialization_bubble_unmodeled,decode_mla_attention_slope_dominates,phase429_reprofile_window_hits_attributed,apply_named_undercharge_or_bubble_fix,patch_or_recollect_named_perfdb_component,false,true,true,false,false,false,true,No-Go
phase429_reprofile,step_category,K2.5-tp4ep8dp2-8k2k,docs/iter_gap_investigation/phase429_reprofile/K2.5-tp4ep8dp2-8k2k,w2_decode_c64,,3,decode_only,36,64,passed,0,tp_or_dp_allreduce,33.450556,0.757292,0.000000,0.000000,,1.516977,0.595460,0.357492,0.047048,0.000000,passed,37,103,8,52,44,passed,passed,prefill_serialization_bubble_unmodeled,decode_mla_attention_slope_dominates,phase429_reprofile_window_hits_attributed,apply_named_undercharge_or_bubble_fix,patch_or_recollect_named_perfdb_component,false,true,true,false,false,false,true,No-Go
phase429_reprofile,step,K2.5-tp4ep8dp2-8k2k,docs/iter_gap_investigation/phase429_reprofile/K2.5-tp4ep8dp2-8k2k,w2_decode_c64,,4,decode_only,36,64,passed,0,,33.758647,,0.000000,0.000000,,1.516977,0.595460,0.357492,0.047048,0.000000,passed,37,103,8,52,44,passed,passed,prefill_serialization_bubble_unmodeled,decode_mla_attention_slope_dominates,phase429_reprofile_window_hits_attributed,apply_named_undercharge_or_bubble_fix,patch_or_recollect_named_perfdb_component,false,true,true,false,false,false,true,No-Go
phase429_reprofile,step_category,K2.5-tp4ep8dp2-8k2k,docs/iter_gap_investigation/phase429_reprofile/K2.5-tp4ep8dp2-8k2k,w2_decode_c64,,4,decode_only,36,64,passed,0,dense_gemm,33.758647,4.885078,0.000000,0.000000,,1.516977,0.595460,0.357492,0.047048,0.000000,passed,37,103,8,52,44,passed,passed,prefill_serialization_bubble_unmodeled,decode_mla_attention_slope_dominates,phase429_reprofile_window_hits_attributed,apply_named_undercharge_or_bubble_fix,patch_or_recollect_named_perfdb_component,false,true,true,false,false,false,true,No-Go
phase429_reprofile,step_category,K2.5-tp4ep8dp2-8k2k,docs/iter_gap_investigation/phase429_reprofile/K2.5-tp4ep8dp2-8k2k,w2_decode_c64,,4,decode_only,36,64,passed,0,ep_a2a,33.758647,7.065059,0.000000,0.000000,,1.516977,0.595460,0.357492,0.047048,0.000000,passed,37,103,8,52,44,passed,passed,prefill_serialization_bubble_unmodeled,decode_mla_attention_slope_dominates,phase429_reprofile_window_hits_attributed,apply_named_undercharge_or_bubble_fix,patch_or_recollect_named_perfdb_component,false,true,true,false,false,false,true,No-Go
phase429_reprofile,step_category,K2.5-tp4ep8dp2-8k2k,docs/iter_gap_investigation/phase429_reprofile/K2.5-tp4ep8dp2-8k2k,w2_decode_c64,,4,decode_only,36,64,passed,0,memcpy_memset,33.758647,0.111354,0.000000,0.000000,,1.516977,0.595460,0.357492,0.047048,0.000000,passed,37,103,8,52,44,passed,passed,prefill_serialization_bubble_unmodeled,decode_mla_attention_slope_dominates,phase429_reprofile_window_hits_attributed,apply_named_undercharge_or_bubble_fix,patch_or_recollect_named_perfdb_component,false,true,true,false,false,false,true,No-Go
phase429_reprofile,step_category,K2.5-tp4ep8dp2-8k2k,docs/iter_gap_investigation/phase429_reprofile/K2.5-tp4ep8dp2-8k2k,w2_decode_c64,,4,decode_only,36,64,passed,0,mla_attention,33.758647,8.839078,0.000000,0.000000,,1.516977,0.595460,0.357492,0.047048,0.000000,passed,37,103,8,52,44,passed,passed,prefill_serialization_bubble_unmodeled,decode_mla_attention_slope_dominates,phase429_reprofile_window_hits_attributed,apply_named_undercharge_or_bubble_fix,patch_or_recollect_named_perfdb_component,false,true,true,false,false,false,true,No-Go
phase429_reprofile,step_category,K2.5-tp4ep8dp2-8k2k,docs/iter_gap_investigation/phase429_reprofile/K2.5-tp4ep8dp2-8k2k,w2_decode_c64,,4,decode_only,36,64,passed,0,moe_gemm_or_aux,33.758647,10.245728,0.000000,0.000000,,1.516977,0.595460,0.357492,0.047048,0.000000,passed,37,103,8,52,44,passed,passed,prefill_serialization_bubble_unmodeled,decode_mla_attention_slope_dominates,phase429_reprofile_window_hits_attributed,apply_named_undercharge_or_bubble_fix,patch_or_recollect_named_perfdb_component,false,true,true,false,false,false,true,No-Go
phase429_reprofile,step_category,K2.5-tp4ep8dp2-8k2k,docs/iter_gap_investigation/phase429_reprofile/K2.5-tp4ep8dp2-8k2k,w2_decode_c64,,4,decode_only,36,64,passed,0,other_cuda,33.758647,2.013560,0.000000,0.000000,,1.516977,0.595460,0.357492,0.047048,0.000000,passed,37,103,8,52,44,passed,passed,prefill_serialization_bubble_unmodeled,decode_mla_attention_slope_dominates,phase429_reprofile_window_hits_attributed,apply_named_undercharge_or_bubble_fix,patch_or_recollect_named_perfdb_component,false,true,true,false,false,false,true,No-Go
phase429_reprofile,step_category,K2.5-tp4ep8dp2-8k2k,docs/iter_gap_investigation/phase429_reprofile/K2.5-tp4ep8dp2-8k2k,w2_decode_c64,,4,decode_only,36,64,passed,0,tp_or_dp_allreduce,33.758647,0.759159,0.000000,0.000000,,1.516977,0.595460,0.357492,0.047048,0.000000,passed,37,103,8,52,44,passed,passed,prefill_serialization_bubble_unmodeled,decode_mla_attention_slope_dominates,phase429_reprofile_window_hits_attributed,apply_named_undercharge_or_bubble_fix,patch_or_recollect_named_perfdb_component,false,true,true,false,false,false,true,No-Go
phase429_reprofile,step,K2.5-tp4ep8dp2-8k2k,docs/iter_gap_investigation/phase429_reprofile/K2.5-tp4ep8dp2-8k2k,w2_decode_c64,,5,decode_only,36,64,passed,0,,33.941020,,0.003841,0.000113,,1.516977,0.595460,0.357492,0.047048,0.000000,passed,37,103,8,52,44,passed,passed,prefill_serialization_bubble_unmodeled,decode_mla_attention_slope_dominates,phase429_reprofile_window_hits_attributed,apply_named_undercharge_or_bubble_fix,patch_or_recollect_named_perfdb_component,false,true,true,false,false,false,true,No-Go
phase429_reprofile,step_category,K2.5-tp4ep8dp2-8k2k,docs/iter_gap_investigation/phase429_reprofile/K2.5-tp4ep8dp2-8k2k,w2_decode_c64,,5,decode_only,36,64,passed,0,dense_gemm,33.941020,4.913566,0.003841,0.000113,,1.516977,0.595460,0.357492,0.047048,0.000000,passed,37,103,8,52,44,passed,passed,prefill_serialization_bubble_unmodeled,decode_mla_attention_slope_dominates,phase429_reprofile_window_hits_attributed,apply_named_undercharge_or_bubble_fix,patch_or_recollect_named_perfdb_component,false,true,true,false,false,false,true,No-Go
phase429_reprofile,step_category,K2.5-tp4ep8dp2-8k2k,docs/iter_gap_investigation/phase429_reprofile/K2.5-tp4ep8dp2-8k2k,w2_decode_c64,,5,decode_only,36,64,passed,0,ep_a2a,33.941020,7.101651,0.003841,0.000113,,1.516977,0.595460,0.357492,0.047048,0.000000,passed,37,103,8,52,44,passed,passed,prefill_serialization_bubble_unmodeled,decode_mla_attention_slope_dominates,phase429_reprofile_window_hits_attributed,apply_named_undercharge_or_bubble_fix,patch_or_recollect_named_perfdb_component,false,true,true,false,false,false,true,No-Go
phase429_reprofile,step_category,K2.5-tp4ep8dp2-8k2k,docs/iter_gap_investigation/phase429_reprofile/K2.5-tp4ep8dp2-8k2k,w2_decode_c64,,5,decode_only,36,64,passed,0,memcpy_memset,33.941020,0.112651,0.003841,0.000113,,1.516977,0.595460,0.357492,0.047048,0.000000,passed,37,103,8,52,44,passed,passed,prefill_serialization_bubble_unmodeled,decode_mla_attention_slope_dominates,phase429_reprofile_window_hits_attributed,apply_named_undercharge_or_bubble_fix,patch_or_recollect_named_perfdb_component,false,true,true,false,false,false,true,No-Go
phase429_reprofile,step_category,K2.5-tp4ep8dp2-8k2k,docs/iter_gap_investigation/phase429_reprofile/K2.5-tp4ep8dp2-8k2k,w2_decode_c64,,5,decode_only,36,64,passed,0,mla_attention,33.941020,8.860350,0.003841,0.000113,,1.516977,0.595460,0.357492,0.047048,0.000000,passed,37,103,8,52,44,passed,passed,prefill_serialization_bubble_unmodeled,decode_mla_attention_slope_dominates,phase429_reprofile_window_hits_attributed,apply_named_undercharge_or_bubble_fix,patch_or_recollect_named_perfdb_component,false,true,true,false,false,false,true,No-Go
phase429_reprofile,step_category,K2.5-tp4ep8dp2-8k2k,docs/iter_gap_investigation/phase429_reprofile/K2.5-tp4ep8dp2-8k2k,w2_decode_c64,,5,decode_only,36,64,passed,0,moe_gemm_or_aux,33.941020,10.259425,0.003841,0.000113,,1.516977,0.595460,0.357492,0.047048,0.000000,passed,37,103,8,52,44,passed,passed,prefill_serialization_bubble_unmodeled,decode_mla_attention_slope_dominates,phase429_reprofile_window_hits_attributed,apply_named_undercharge_or_bubble_fix,patch_or_recollect_named_perfdb_component,false,true,true,false,false,false,true,No-Go
phase429_reprofile,step_category,K2.5-tp4ep8dp2-8k2k,docs/iter_gap_investigation/phase429_reprofile/K2.5-tp4ep8dp2-8k2k,w2_decode_c64,,5,decode_only,36,64,passed,0,other_cuda,33.941020,2.020967,0.003841,0.000113,,1.516977,0.595460,0.357492,0.047048,0.000000,passed,37,103,8,52,44,passed,passed,prefill_serialization_bubble_unmodeled,decode_mla_attention_slope_dominates,phase429_reprofile_window_hits_attributed,apply_named_undercharge_or_bubble_fix,patch_or_recollect_named_perfdb_component,false,true,true,false,false,false,true,No-Go
phase429_reprofile,step_category,K2.5-tp4ep8dp2-8k2k,docs/iter_gap_investigation/phase429_reprofile/K2.5-tp4ep8dp2-8k2k,w2_decode_c64,,5,decode_only,36,64,passed,0,tp_or_dp_allreduce,33.941020,0.767832,0.003841,0.000113,,1.516977,0.595460,0.357492,0.047048,0.000000,passed,37,103,8,52,44,passed,passed,prefill_serialization_bubble_unmodeled,decode_mla_attention_slope_dominates,phase429_reprofile_window_hits_attributed,apply_named_undercharge_or_bubble_fix,patch_or_recollect_named_perfdb_component,false,true,true,false,false,false,true,No-Go
phase429_reprofile,step,K2.5-tp4ep8dp2-8k2k,docs/iter_gap_investigation/phase429_reprofile/K2.5-tp4ep8dp2-8k2k,w2_decode_c64,,6,decode_only,36,64,passed,0,,33.621744,,0.000000,0.000000,,1.516977,0.595460,0.357492,0.047048,0.000000,passed,37,103,8,52,44,passed,passed,prefill_serialization_bubble_unmodeled,decode_mla_attention_slope_dominates,phase429_reprofile_window_hits_attributed,apply_named_undercharge_or_bubble_fix,patch_or_recollect_named_perfdb_component,false,true,true,false,false,false,true,No-Go
phase429_reprofile,step_category,K2.5-tp4ep8dp2-8k2k,docs/iter_gap_investigation/phase429_reprofile/K2.5-tp4ep8dp2-8k2k,w2_decode_c64,,6,decode_only,36,64,passed,0,dense_gemm,33.621744,4.886760,0.000000,0.000000,,1.516977,0.595460,0.357492,0.047048,0.000000,passed,37,103,8,52,44,passed,passed,prefill_serialization_bubble_unmodeled,decode_mla_attention_slope_dominates,phase429_reprofile_window_hits_attributed,apply_named_undercharge_or_bubble_fix,patch_or_recollect_named_perfdb_component,false,true,true,false,false,false,true,No-Go
phase429_reprofile,step_category,K2.5-tp4ep8dp2-8k2k,docs/iter_gap_investigation/phase429_reprofile/K2.5-tp4ep8dp2-8k2k,w2_decode_c64,,6,decode_only,36,64,passed,0,ep_a2a,33.621744,7.040897,0.000000,0.000000,,1.516977,0.595460,0.357492,0.047048,0.000000,passed,37,103,8,52,44,passed,passed,prefill_serialization_bubble_unmodeled,decode_mla_attention_slope_dominates,phase429_reprofile_window_hits_attributed,apply_named_undercharge_or_bubble_fix,patch_or_recollect_named_perfdb_component,false,true,true,false,false,false,true,No-Go
phase429_reprofile,step_category,K2.5-tp4ep8dp2-8k2k,docs/iter_gap_investigation/phase429_reprofile/K2.5-tp4ep8dp2-8k2k,w2_decode_c64,,6,decode_only,36,64,passed,0,memcpy_memset,33.621744,0.108546,0.000000,0.000000,,1.516977,0.595460,0.357492,0.047048,0.000000,passed,37,103,8,52,44,passed,passed,prefill_serialization_bubble_unmodeled,decode_mla_attention_slope_dominates,phase429_reprofile_window_hits_attributed,apply_named_undercharge_or_bubble_fix,patch_or_recollect_named_perfdb_component,false,true,true,false,false,false,true,No-Go
phase429_reprofile,step_category,K2.5-tp4ep8dp2-8k2k,docs/iter_gap_investigation/phase429_reprofile/K2.5-tp4ep8dp2-8k2k,w2_decode_c64,,6,decode_only,36,64,passed,0,mla_attention,33.621744,8.733836,0.000000,0.000000,,1.516977,0.595460,0.357492,0.047048,0.000000,passed,37,103,8,52,44,passed,passed,prefill_serialization_bubble_unmodeled,decode_mla_attention_slope_dominates,phase429_reprofile_window_hits_attributed,apply_named_undercharge_or_bubble_fix,patch_or_recollect_named_perfdb_component,false,true,true,false,false,false,true,No-Go
phase429_reprofile,step_category,K2.5-tp4ep8dp2-8k2k,docs/iter_gap_investigation/phase429_reprofile/K2.5-tp4ep8dp2-8k2k,w2_decode_c64,,6,decode_only,36,64,passed,0,moe_gemm_or_aux,33.621744,10.200249,0.000000,0.000000,,1.516977,0.595460,0.357492,0.047048,0.000000,passed,37,103,8,52,44,passed,passed,prefill_serialization_bubble_unmodeled,decode_mla_attention_slope_dominates,phase429_reprofile_window_hits_attributed,apply_named_undercharge_or_bubble_fix,patch_or_recollect_named_perfdb_component,false,true,true,false,false,false,true,No-Go
phase429_reprofile,step_category,K2.5-tp4ep8dp2-8k2k,docs/iter_gap_investigation/phase429_reprofile/K2.5-tp4ep8dp2-8k2k,w2_decode_c64,,6,decode_only,36,64,passed,0,other_cuda,33.621744,2.013547,0.000000,0.000000,,1.516977,0.595460,0.357492,0.047048,0.000000,passed,37,103,8,52,44,passed,passed,prefill_serialization_bubble_unmodeled,decode_mla_attention_slope_dominates,phase429_reprofile_window_hits_attributed,apply_named_undercharge_or_bubble_fix,patch_or_recollect_named_perfdb_component,false,true,true,false,false,false,true,No-Go
phase429_reprofile,step_category,K2.5-tp4ep8dp2-8k2k,docs/iter_gap_investigation/phase429_reprofile/K2.5-tp4ep8dp2-8k2k,w2_decode_c64,,6,decode_only,36,64,passed,0,tp_or_dp_allreduce,33.621744,0.752266,0.000000,0.000000,,1.516977,0.595460,0.357492,0.047048,0.000000,passed,37,103,8,52,44,passed,passed,prefill_serialization_bubble_unmodeled,decode_mla_attention_slope_dominates,phase429_reprofile_window_hits_attributed,apply_named_undercharge_or_bubble_fix,patch_or_recollect_named_perfdb_component,false,true,true,false,false,false,true,No-Go
phase429_reprofile,step,K2.5-tp4ep8dp2-8k2k,docs/iter_gap_investigation/phase429_reprofile/K2.5-tp4ep8dp2-8k2k,w2_decode_c64,,7,decode_only,36,64,passed,0,,33.763648,,0.000000,0.000000,,1.516977,0.595460,0.357492,0.047048,0.000000,passed,37,103,8,52,44,passed,passed,prefill_serialization_bubble_unmodeled,decode_mla_attention_slope_dominates,phase429_reprofile_window_hits_attributed,apply_named_undercharge_or_bubble_fix,patch_or_recollect_named_perfdb_component,false,true,true,false,false,false,true,No-Go
phase429_reprofile,step_category,K2.5-tp4ep8dp2-8k2k,docs/iter_gap_investigation/phase429_reprofile/K2.5-tp4ep8dp2-8k2k,w2_decode_c64,,7,decode_only,36,64,passed,0,dense_gemm,33.763648,4.897759,0.000000,0.000000,,1.516977,0.595460,0.357492,0.047048,0.000000,passed,37,103,8,52,44,passed,passed,prefill_serialization_bubble_unmodeled,decode_mla_attention_slope_dominates,phase429_reprofile_window_hits_attributed,apply_named_undercharge_or_bubble_fix,patch_or_recollect_named_perfdb_component,false,true,true,false,false,false,true,No-Go
phase429_reprofile,step_category,K2.5-tp4ep8dp2-8k2k,docs/iter_gap_investigation/phase429_reprofile/K2.5-tp4ep8dp2-8k2k,w2_decode_c64,,7,decode_only,36,64,passed,0,ep_a2a,33.763648,7.131731,0.000000,0.000000,,1.516977,0.595460,0.357492,0.047048,0.000000,passed,37,103,8,52,44,passed,passed,prefill_serialization_bubble_unmodeled,decode_mla_attention_slope_dominates,phase429_reprofile_window_hits_attributed,apply_named_undercharge_or_bubble_fix,patch_or_recollect_named_perfdb_component,false,true,true,false,false,false,true,No-Go
phase429_reprofile,step_category,K2.5-tp4ep8dp2-8k2k,docs/iter_gap_investigation/phase429_reprofile/K2.5-tp4ep8dp2-8k2k,w2_decode_c64,,7,decode_only,36,64,passed,0,memcpy_memset,33.763648,0.110749,0.000000,0.000000,,1.516977,0.595460,0.357492,0.047048,0.000000,passed,37,103,8,52,44,passed,passed,prefill_serialization_bubble_unmodeled,decode_mla_attention_slope_dominates,phase429_reprofile_window_hits_attributed,apply_named_undercharge_or_bubble_fix,patch_or_recollect_named_perfdb_component,false,true,true,false,false,false,true,No-Go
phase429_reprofile,step_category,K2.5-tp4ep8dp2-8k2k,docs/iter_gap_investigation/phase429_reprofile/K2.5-tp4ep8dp2-8k2k,w2_decode_c64,,7,decode_only,36,64,passed,0,mla_attention,33.763648,8.864462,0.000000,0.000000,,1.516977,0.595460,0.357492,0.047048,0.000000,passed,37,103,8,52,44,passed,passed,prefill_serialization_bubble_unmodeled,decode_mla_attention_slope_dominates,phase429_reprofile_window_hits_attributed,apply_named_undercharge_or_bubble_fix,patch_or_recollect_named_perfdb_component,false,true,true,false,false,false,true,No-Go
phase429_reprofile,step_category,K2.5-tp4ep8dp2-8k2k,docs/iter_gap_investigation/phase429_reprofile/K2.5-tp4ep8dp2-8k2k,w2_decode_c64,,7,decode_only,36,64,passed,0,moe_gemm_or_aux,33.763648,10.113286,0.000000,0.000000,,1.516977,0.595460,0.357492,0.047048,0.000000,passed,37,103,8,52,44,passed,passed,prefill_serialization_bubble_unmodeled,decode_mla_attention_slope_dominates,phase429_reprofile_window_hits_attributed,apply_named_undercharge_or_bubble_fix,patch_or_recollect_named_perfdb_component,false,true,true,false,false,false,true,No-Go
phase429_reprofile,step_category,K2.5-tp4ep8dp2-8k2k,docs/iter_gap_investigation/phase429_reprofile/K2.5-tp4ep8dp2-8k2k,w2_decode_c64,,7,decode_only,36,64,passed,0,other_cuda,33.763648,2.015633,0.000000,0.000000,,1.516977,0.595460,0.357492,0.047048,0.000000,passed,37,103,8,52,44,passed,passed,prefill_serialization_bubble_unmodeled,decode_mla_attention_slope_dominates,phase429_reprofile_window_hits_attributed,apply_named_undercharge_or_bubble_fix,patch_or_recollect_named_perfdb_component,false,true,true,false,false,false,true,No-Go
phase429_reprofile,step_category,K2.5-tp4ep8dp2-8k2k,docs/iter_gap_investigation/phase429_reprofile/K2.5-tp4ep8dp2-8k2k,w2_decode_c64,,7,decode_only,36,64,passed,0,tp_or_dp_allreduce,33.763648,0.767695,0.000000,0.000000,,1.516977,0.595460,0.357492,0.047048,0.000000,passed,37,103,8,52,44,passed,passed,prefill_serialization_bubble_unmodeled,decode_mla_attention_slope_dominates,phase429_reprofile_window_hits_attributed,apply_named_undercharge_or_bubble_fix,patch_or_recollect_named_perfdb_component,false,true,true,false,false,false,true,No-Go
phase429_reprofile,step,K2.5-tp4ep8dp2-8k2k,docs/iter_gap_investigation/phase429_reprofile/K2.5-tp4ep8dp2-8k2k,w2_decode_c64,,8,decode_only,36,64,passed,0,,33.605120,,0.000000,0.000000,,1.516977,0.595460,0.357492,0.047048,0.000000,passed,37,103,8,52,44,passed,passed,prefill_serialization_bubble_unmodeled,decode_mla_attention_slope_dominates,phase429_reprofile_window_hits_attributed,apply_named_undercharge_or_bubble_fix,patch_or_recollect_named_perfdb_component,false,true,true,false,false,false,true,No-Go
phase429_reprofile,step_category,K2.5-tp4ep8dp2-8k2k,docs/iter_gap_investigation/phase429_reprofile/K2.5-tp4ep8dp2-8k2k,w2_decode_c64,,8,decode_only,36,64,passed,0,dense_gemm,33.605120,4.903767,0.000000,0.000000,,1.516977,0.595460,0.357492,0.047048,0.000000,passed,37,103,8,52,44,passed,passed,prefill_serialization_bubble_unmodeled,decode_mla_attention_slope_dominates,phase429_reprofile_window_hits_attributed,apply_named_undercharge_or_bubble_fix,patch_or_recollect_named_perfdb_component,false,true,true,false,false,false,true,No-Go
phase429_reprofile,step_category,K2.5-tp4ep8dp2-8k2k,docs/iter_gap_investigation/phase429_reprofile/K2.5-tp4ep8dp2-8k2k,w2_decode_c64,,8,decode_only,36,64,passed,0,ep_a2a,33.605120,6.980457,0.000000,0.000000,,1.516977,0.595460,0.357492,0.047048,0.000000,passed,37,103,8,52,44,passed,passed,prefill_serialization_bubble_unmodeled,decode_mla_attention_slope_dominates,phase429_reprofile_window_hits_attributed,apply_named_undercharge_or_bubble_fix,patch_or_recollect_named_perfdb_component,false,true,true,false,false,false,true,No-Go
phase429_reprofile,step_category,K2.5-tp4ep8dp2-8k2k,docs/iter_gap_investigation/phase429_reprofile/K2.5-tp4ep8dp2-8k2k,w2_decode_c64,,8,decode_only,36,64,passed,0,memcpy_memset,33.605120,0.113862,0.000000,0.000000,,1.516977,0.595460,0.357492,0.047048,0.000000,passed,37,103,8,52,44,passed,passed,prefill_serialization_bubble_unmodeled,decode_mla_attention_slope_dominates,phase429_reprofile_window_hits_attributed,apply_named_undercharge_or_bubble_fix,patch_or_recollect_named_perfdb_component,false,true,true,false,false,false,true,No-Go
phase429_reprofile,step_category,K2.5-tp4ep8dp2-8k2k,docs/iter_gap_investigation/phase429_reprofile/K2.5-tp4ep8dp2-8k2k,w2_decode_c64,,8,decode_only,36,64,passed,0,mla_attention,33.605120,8.828654,0.000000,0.000000,,1.516977,0.595460,0.357492,0.047048,0.000000,passed,37,103,8,52,44,passed,passed,prefill_serialization_bubble_unmodeled,decode_mla_attention_slope_dominates,phase429_reprofile_window_hits_attributed,apply_named_undercharge_or_bubble_fix,patch_or_recollect_named_perfdb_component,false,true,true,false,false,false,true,No-Go
phase429_reprofile,step_category,K2.5-tp4ep8dp2-8k2k,docs/iter_gap_investigation/phase429_reprofile/K2.5-tp4ep8dp2-8k2k,w2_decode_c64,,8,decode_only,36,64,passed,0,moe_gemm_or_aux,33.605120,10.160635,0.000000,0.000000,,1.516977,0.595460,0.357492,0.047048,0.000000,passed,37,103,8,52,44,passed,passed,prefill_serialization_bubble_unmodeled,decode_mla_attention_slope_dominates,phase429_reprofile_window_hits_attributed,apply_named_undercharge_or_bubble_fix,patch_or_recollect_named_perfdb_component,false,true,true,false,false,false,true,No-Go
phase429_reprofile,step_category,K2.5-tp4ep8dp2-8k2k,docs/iter_gap_investigation/phase429_reprofile/K2.5-tp4ep8dp2-8k2k,w2_decode_c64,,8,decode_only,36,64,passed,0,other_cuda,33.605120,2.019765,0.000000,0.000000,,1.516977,0.595460,0.357492,0.047048,0.000000,passed,37,103,8,52,44,passed,passed,prefill_serialization_bubble_unmodeled,decode_mla_attention_slope_dominates,phase429_reprofile_window_hits_attributed,apply_named_undercharge_or_bubble_fix,patch_or_recollect_named_perfdb_component,false,true,true,false,false,false,true,No-Go
phase429_reprofile,step_category,K2.5-tp4ep8dp2-8k2k,docs/iter_gap_investigation/phase429_reprofile/K2.5-tp4ep8dp2-8k2k,w2_decode_c64,,8,decode_only,36,64,passed,0,tp_or_dp_allreduce,33.605120,0.756519,0.000000,0.000000,,1.516977,0.595460,0.357492,0.047048,0.000000,passed,37,103,8,52,44,passed,passed,prefill_serialization_bubble_unmodeled,decode_mla_attention_slope_dominates,phase429_reprofile_window_hits_attributed,apply_named_undercharge_or_bubble_fix,patch_or_recollect_named_perfdb_component,false,true,true,false,false,false,true,No-Go
phase429_reprofile,step,K2.5-tp4ep8dp2-8k2k,docs/iter_gap_investigation/phase429_reprofile/K2.5-tp4ep8dp2-8k2k,w2_decode_c64,,9,decode_only,36,64,passed,0,,33.699016,,0.000000,0.000000,,1.516977,0.595460,0.357492,0.047048,0.000000,passed,37,103,8,52,44,passed,passed,prefill_serialization_bubble_unmodeled,decode_mla_attention_slope_dominates,phase429_reprofile_window_hits_attributed,apply_named_undercharge_or_bubble_fix,patch_or_recollect_named_perfdb_component,false,true,true,false,false,false,true,No-Go
phase429_reprofile,step_category,K2.5-tp4ep8dp2-8k2k,docs/iter_gap_investigation/phase429_reprofile/K2.5-tp4ep8dp2-8k2k,w2_decode_c64,,9,decode_only,36,64,passed,0,dense_gemm,33.699016,4.894895,0.000000,0.000000,,1.516977,0.595460,0.357492,0.047048,0.000000,passed,37,103,8,52,44,passed,passed,prefill_serialization_bubble_unmodeled,decode_mla_attention_slope_dominates,phase429_reprofile_window_hits_attributed,apply_named_undercharge_or_bubble_fix,patch_or_recollect_named_perfdb_component,false,true,true,false,false,false,true,No-Go
phase429_reprofile,step_category,K2.5-tp4ep8dp2-8k2k,docs/iter_gap_investigation/phase429_reprofile/K2.5-tp4ep8dp2-8k2k,w2_decode_c64,,9,decode_only,36,64,passed,0,ep_a2a,33.699016,7.128960,0.000000,0.000000,,1.516977,0.595460,0.357492,0.047048,0.000000,passed,37,103,8,52,44,passed,passed,prefill_serialization_bubble_unmodeled,decode_mla_attention_slope_dominates,phase429_reprofile_window_hits_attributed,apply_named_undercharge_or_bubble_fix,patch_or_recollect_named_perfdb_component,false,true,true,false,false,false,true,No-Go
phase429_reprofile,step_category,K2.5-tp4ep8dp2-8k2k,docs/iter_gap_investigation/phase429_reprofile/K2.5-tp4ep8dp2-8k2k,w2_decode_c64,,9,decode_only,36,64,passed,0,memcpy_memset,33.699016,0.110393,0.000000,0.000000,,1.516977,0.595460,0.357492,0.047048,0.000000,passed,37,103,8,52,44,passed,passed,prefill_serialization_bubble_unmodeled,decode_mla_attention_slope_dominates,phase429_reprofile_window_hits_attributed,apply_named_undercharge_or_bubble_fix,patch_or_recollect_named_perfdb_component,false,true,true,false,false,false,true,No-Go
phase429_reprofile,step_category,K2.5-tp4ep8dp2-8k2k,docs/iter_gap_investigation/phase429_reprofile/K2.5-tp4ep8dp2-8k2k,w2_decode_c64,,9,decode_only,36,64,passed,0,mla_attention,33.699016,8.845817,0.000000,0.000000,,1.516977,0.595460,0.357492,0.047048,0.000000,passed,37,103,8,52,44,passed,passed,prefill_serialization_bubble_unmodeled,decode_mla_attention_slope_dominates,phase429_reprofile_window_hits_attributed,apply_named_undercharge_or_bubble_fix,patch_or_recollect_named_perfdb_component,false,true,true,false,false,false,true,No-Go
phase429_reprofile,step_category,K2.5-tp4ep8dp2-8k2k,docs/iter_gap_investigation/phase429_reprofile/K2.5-tp4ep8dp2-8k2k,w2_decode_c64,,9,decode_only,36,64,passed,0,moe_gemm_or_aux,33.699016,10.074946,0.000000,0.000000,,1.516977,0.595460,0.357492,0.047048,0.000000,passed,37,103,8,52,44,passed,passed,prefill_serialization_bubble_unmodeled,decode_mla_attention_slope_dominates,phase429_reprofile_window_hits_attributed,apply_named_undercharge_or_bubble_fix,patch_or_recollect_named_perfdb_component,false,true,true,false,false,false,true,No-Go
phase429_reprofile,step_category,K2.5-tp4ep8dp2-8k2k,docs/iter_gap_investigation/phase429_reprofile/K2.5-tp4ep8dp2-8k2k,w2_decode_c64,,9,decode_only,36,64,passed,0,other_cuda,33.699016,2.016829,0.000000,0.000000,,1.516977,0.595460,0.357492,0.047048,0.000000,passed,37,103,8,52,44,passed,passed,prefill_serialization_bubble_unmodeled,decode_mla_attention_slope_dominates,phase429_reprofile_window_hits_attributed,apply_named_undercharge_or_bubble_fix,patch_or_recollect_named_perfdb_component,false,true,true,false,false,false,true,No-Go
phase429_reprofile,step_category,K2.5-tp4ep8dp2-8k2k,docs/iter_gap_investigation/phase429_reprofile/K2.5-tp4ep8dp2-8k2k,w2_decode_c64,,9,decode_only,36,64,passed,0,tp_or_dp_allreduce,33.699016,0.762374,0.000000,0.000000,,1.516977,0.595460,0.357492,0.047048,0.000000,passed,37,103,8,52,44,passed,passed,prefill_serialization_bubble_unmodeled,decode_mla_attention_slope_dominates,phase429_reprofile_window_hits_attributed,apply_named_undercharge_or_bubble_fix,patch_or_recollect_named_perfdb_component,false,true,true,false,false,false,true,No-Go
phase429_reprofile,step,K2.5-tp4ep8dp2-8k2k,docs/iter_gap_investigation/phase429_reprofile/K2.5-tp4ep8dp2-8k2k,w2_decode_c64,,10,decode_only,36,64,passed,0,,33.589454,,0.000000,0.000000,,1.516977,0.595460,0.357492,0.047048,0.000000,passed,37,103,8,52,44,passed,passed,prefill_serialization_bubble_unmodeled,decode_mla_attention_slope_dominates,phase429_reprofile_window_hits_attributed,apply_named_undercharge_or_bubble_fix,patch_or_recollect_named_perfdb_component,false,true,true,false,false,false,true,No-Go
phase429_reprofile,step_category,K2.5-tp4ep8dp2-8k2k,docs/iter_gap_investigation/phase429_reprofile/K2.5-tp4ep8dp2-8k2k,w2_decode_c64,,10,decode_only,36,64,passed,0,dense_gemm,33.589454,4.878233,0.000000,0.000000,,1.516977,0.595460,0.357492,0.047048,0.000000,passed,37,103,8,52,44,passed,passed,prefill_serialization_bubble_unmodeled,decode_mla_attention_slope_dominates,phase429_reprofile_window_hits_attributed,apply_named_undercharge_or_bubble_fix,patch_or_recollect_named_perfdb_component,false,true,true,false,false,false,true,No-Go
phase429_reprofile,step_category,K2.5-tp4ep8dp2-8k2k,docs/iter_gap_investigation/phase429_reprofile/K2.5-tp4ep8dp2-8k2k,w2_decode_c64,,10,decode_only,36,64,passed,0,ep_a2a,33.589454,7.032633,0.000000,0.000000,,1.516977,0.595460,0.357492,0.047048,0.000000,passed,37,103,8,52,44,passed,passed,prefill_serialization_bubble_unmodeled,decode_mla_attention_slope_dominates,phase429_reprofile_window_hits_attributed,apply_named_undercharge_or_bubble_fix,patch_or_recollect_named_perfdb_component,false,true,true,false,false,false,true,No-Go
phase429_reprofile,step_category,K2.5-tp4ep8dp2-8k2k,docs/iter_gap_investigation/phase429_reprofile/K2.5-tp4ep8dp2-8k2k,w2_decode_c64,,10,decode_only,36,64,passed,0,memcpy_memset,33.589454,0.109356,0.000000,0.000000,,1.516977,0.595460,0.357492,0.047048,0.000000,passed,37,103,8,52,44,passed,passed,prefill_serialization_bubble_unmodeled,decode_mla_attention_slope_dominates,phase429_reprofile_window_hits_attributed,apply_named_undercharge_or_bubble_fix,patch_or_recollect_named_perfdb_component,false,true,true,false,false,false,true,No-Go
phase429_reprofile,step_category,K2.5-tp4ep8dp2-8k2k,docs/iter_gap_investigation/phase429_reprofile/K2.5-tp4ep8dp2-8k2k,w2_decode_c64,,10,decode_only,36,64,passed,0,mla_attention,33.589454,8.842710,0.000000,0.000000,,1.516977,0.595460,0.357492,0.047048,0.000000,passed,37,103,8,52,44,passed,passed,prefill_serialization_bubble_unmodeled,decode_mla_attention_slope_dominates,phase429_reprofile_window_hits_attributed,apply_named_undercharge_or_bubble_fix,patch_or_recollect_named_perfdb_component,false,true,true,false,false,false,true,No-Go
phase429_reprofile,step_category,K2.5-tp4ep8dp2-8k2k,docs/iter_gap_investigation/phase429_reprofile/K2.5-tp4ep8dp2-8k2k,w2_decode_c64,,10,decode_only,36,64,passed,0,moe_gemm_or_aux,33.589454,10.117013,0.000000,0.000000,,1.516977,0.595460,0.357492,0.047048,0.000000,passed,37,103,8,52,44,passed,passed,prefill_serialization_bubble_unmodeled,decode_mla_attention_slope_dominates,phase429_reprofile_window_hits_attributed,apply_named_undercharge_or_bubble_fix,patch_or_recollect_named_perfdb_component,false,true,true,false,false,false,true,No-Go
phase429_reprofile,step_category,K2.5-tp4ep8dp2-8k2k,docs/iter_gap_investigation/phase429_reprofile/K2.5-tp4ep8dp2-8k2k,w2_decode_c64,,10,decode_only,36,64,passed,0,other_cuda,33.589454,2.013585,0.000000,0.000000,,1.516977,0.595460,0.357492,0.047048,0.000000,passed,37,103,8,52,44,passed,passed,prefill_serialization_bubble_unmodeled,decode_mla_attention_slope_dominates,phase429_reprofile_window_hits_attributed,apply_named_undercharge_or_bubble_fix,patch_or_recollect_named_perfdb_component,false,true,true,false,false,false,true,No-Go
phase429_reprofile,step_category,K2.5-tp4ep8dp2-8k2k,docs/iter_gap_investigation/phase429_reprofile/K2.5-tp4ep8dp2-8k2k,w2_decode_c64,,10,decode_only,36,64,passed,0,tp_or_dp_allreduce,33.589454,0.750977,0.000000,0.000000,,1.516977,0.595460,0.357492,0.047048,0.000000,passed,37,103,8,52,44,passed,passed,prefill_serialization_bubble_unmodeled,decode_mla_attention_slope_dominates,phase429_reprofile_window_hits_attributed,apply_named_undercharge_or_bubble_fix,patch_or_recollect_named_perfdb_component,false,true,true,false,false,false,true,No-Go
phase429_reprofile,step,K2.5-tp4ep8dp2-8k2k,docs/iter_gap_investigation/phase429_reprofile/K2.5-tp4ep8dp2-8k2k,w2_decode_c64,,11,decode_only,36,64,passed,0,,33.488818,,0.000000,0.000000,,1.516977,0.595460,0.357492,0.047048,0.000000,passed,37,103,8,52,44,passed,passed,prefill_serialization_bubble_unmodeled,decode_mla_attention_slope_dominates,phase429_reprofile_window_hits_attributed,apply_named_undercharge_or_bubble_fix,patch_or_recollect_named_perfdb_component,false,true,true,false,false,false,true,No-Go
phase429_reprofile,step_category,K2.5-tp4ep8dp2-8k2k,docs/iter_gap_investigation/phase429_reprofile/K2.5-tp4ep8dp2-8k2k,w2_decode_c64,,11,decode_only,36,64,passed,0,dense_gemm,33.488818,4.907868,0.000000,0.000000,,1.516977,0.595460,0.357492,0.047048,0.000000,passed,37,103,8,52,44,passed,passed,prefill_serialization_bubble_unmodeled,decode_mla_attention_slope_dominates,phase429_reprofile_window_hits_attributed,apply_named_undercharge_or_bubble_fix,patch_or_recollect_named_perfdb_component,false,true,true,false,false,false,true,No-Go
phase429_reprofile,step_category,K2.5-tp4ep8dp2-8k2k,docs/iter_gap_investigation/phase429_reprofile/K2.5-tp4ep8dp2-8k2k,w2_decode_c64,,11,decode_only,36,64,passed,0,ep_a2a,33.488818,6.962273,0.000000,0.000000,,1.516977,0.595460,0.357492,0.047048,0.000000,passed,37,103,8,52,44,passed,passed,prefill_serialization_bubble_unmodeled,decode_mla_attention_slope_dominates,phase429_reprofile_window_hits_attributed,apply_named_undercharge_or_bubble_fix,patch_or_recollect_named_perfdb_component,false,true,true,false,false,false,true,No-Go
phase429_reprofile,step_category,K2.5-tp4ep8dp2-8k2k,docs/iter_gap_investigation/phase429_reprofile/K2.5-tp4ep8dp2-8k2k,w2_decode_c64,,11,decode_only,36,64,passed,0,memcpy_memset,33.488818,0.110309,0.000000,0.000000,,1.516977,0.595460,0.357492,0.047048,0.000000,passed,37,103,8,52,44,passed,passed,prefill_serialization_bubble_unmodeled,decode_mla_attention_slope_dominates,phase429_reprofile_window_hits_attributed,apply_named_undercharge_or_bubble_fix,patch_or_recollect_named_perfdb_component,false,true,true,false,false,false,true,No-Go
phase429_reprofile,step_category,K2.5-tp4ep8dp2-8k2k,docs/iter_gap_investigation/phase429_reprofile/K2.5-tp4ep8dp2-8k2k,w2_decode_c64,,11,decode_only,36,64,passed,0,mla_attention,33.488818,8.843065,0.000000,0.000000,,1.516977,0.595460,0.357492,0.047048,0.000000,passed,37,103,8,52,44,passed,passed,prefill_serialization_bubble_unmodeled,decode_mla_attention_slope_dominates,phase429_reprofile_window_hits_attributed,apply_named_undercharge_or_bubble_fix,patch_or_recollect_named_perfdb_component,false,true,true,false,false,false,true,No-Go
phase429_reprofile,step_category,K2.5-tp4ep8dp2-8k2k,docs/iter_gap_investigation/phase429_reprofile/K2.5-tp4ep8dp2-8k2k,w2_decode_c64,,11,decode_only,36,64,passed,0,moe_gemm_or_aux,33.488818,10.026231,0.000000,0.000000,,1.516977,0.595460,0.357492,0.047048,0.000000,passed,37,103,8,52,44,passed,passed,prefill_serialization_bubble_unmodeled,decode_mla_attention_slope_dominates,phase429_reprofile_window_hits_attributed,apply_named_undercharge_or_bubble_fix,patch_or_recollect_named_perfdb_component,false,true,true,false,false,false,true,No-Go
phase429_reprofile,step_category,K2.5-tp4ep8dp2-8k2k,docs/iter_gap_investigation/phase429_reprofile/K2.5-tp4ep8dp2-8k2k,w2_decode_c64,,11,decode_only,36,64,passed,0,other_cuda,33.488818,2.015276,0.000000,0.000000,,1.516977,0.595460,0.357492,0.047048,0.000000,passed,37,103,8,52,44,passed,passed,prefill_serialization_bubble_unmodeled,decode_mla_attention_slope_dominates,phase429_reprofile_window_hits_attributed,apply_named_undercharge_or_bubble_fix,patch_or_recollect_named_perfdb_component,false,true,true,false,false,false,true,No-Go
phase429_reprofile,step_category,K2.5-tp4ep8dp2-8k2k,docs/iter_gap_investigation/phase429_reprofile/K2.5-tp4ep8dp2-8k2k,w2_decode_c64,,11,decode_only,36,64,passed,0,tp_or_dp_allreduce,33.488818,0.764624,0.000000,0.000000,,1.516977,0.595460,0.357492,0.047048,0.000000,passed,37,103,8,52,44,passed,passed,prefill_serialization_bubble_unmodeled,decode_mla_attention_slope_dominates,phase429_reprofile_window_hits_attributed,apply_named_undercharge_or_bubble_fix,patch_or_recollect_named_perfdb_component,false,true,true,false,false,false,true,No-Go
phase429_reprofile,step,K2.5-tp4ep8dp2-8k2k,docs/iter_gap_investigation/phase429_reprofile/K2.5-tp4ep8dp2-8k2k,w2_decode_c64,,12,decode_only,36,64,passed,0,,33.572936,,0.000000,0.000000,,1.516977,0.595460,0.357492,0.047048,0.000000,passed,37,103,8,52,44,passed,passed,prefill_serialization_bubble_unmodeled,decode_mla_attention_slope_dominates,phase429_reprofile_window_hits_attributed,apply_named_undercharge_or_bubble_fix,patch_or_recollect_named_perfdb_component,false,true,true,false,false,false,true,No-Go
phase429_reprofile,step_category,K2.5-tp4ep8dp2-8k2k,docs/iter_gap_investigation/phase429_reprofile/K2.5-tp4ep8dp2-8k2k,w2_decode_c64,,12,decode_only,36,64,passed,0,dense_gemm,33.572936,4.890024,0.000000,0.000000,,1.516977,0.595460,0.357492,0.047048,0.000000,passed,37,103,8,52,44,passed,passed,prefill_serialization_bubble_unmodeled,decode_mla_attention_slope_dominates,phase429_reprofile_window_hits_attributed,apply_named_undercharge_or_bubble_fix,patch_or_recollect_named_perfdb_component,false,true,true,false,false,false,true,No-Go
phase429_reprofile,step_category,K2.5-tp4ep8dp2-8k2k,docs/iter_gap_investigation/phase429_reprofile/K2.5-tp4ep8dp2-8k2k,w2_decode_c64,,12,decode_only,36,64,passed,0,ep_a2a,33.572936,7.152884,0.000000,0.000000,,1.516977,0.595460,0.357492,0.047048,0.000000,passed,37,103,8,52,44,passed,passed,prefill_serialization_bubble_unmodeled,decode_mla_attention_slope_dominates,phase429_reprofile_window_hits_attributed,apply_named_undercharge_or_bubble_fix,patch_or_recollect_named_perfdb_component,false,true,true,false,false,false,true,No-Go
phase429_reprofile,step_category,K2.5-tp4ep8dp2-8k2k,docs/iter_gap_investigation/phase429_reprofile/K2.5-tp4ep8dp2-8k2k,w2_decode_c64,,12,decode_only,36,64,passed,0,memcpy_memset,33.572936,0.110033,0.000000,0.000000,,1.516977,0.595460,0.357492,0.047048,0.000000,passed,37,103,8,52,44,passed,passed,prefill_serialization_bubble_unmodeled,decode_mla_attention_slope_dominates,phase429_reprofile_window_hits_attributed,apply_named_undercharge_or_bubble_fix,patch_or_recollect_named_perfdb_component,false,true,true,false,false,false,true,No-Go
phase429_reprofile,step_category,K2.5-tp4ep8dp2-8k2k,docs/iter_gap_investigation/phase429_reprofile/K2.5-tp4ep8dp2-8k2k,w2_decode_c64,,12,decode_only,36,64,passed,0,mla_attention,33.572936,8.846779,0.000000,0.000000,,1.516977,0.595460,0.357492,0.047048,0.000000,passed,37,103,8,52,44,passed,passed,prefill_serialization_bubble_unmodeled,decode_mla_attention_slope_dominates,phase429_reprofile_window_hits_attributed,apply_named_undercharge_or_bubble_fix,patch_or_recollect_named_perfdb_component,false,true,true,false,false,false,true,No-Go
phase429_reprofile,step_category,K2.5-tp4ep8dp2-8k2k,docs/iter_gap_investigation/phase429_reprofile/K2.5-tp4ep8dp2-8k2k,w2_decode_c64,,12,decode_only,36,64,passed,0,moe_gemm_or_aux,33.572936,9.951684,0.000000,0.000000,,1.516977,0.595460,0.357492,0.047048,0.000000,passed,37,103,8,52,44,passed,passed,prefill_serialization_bubble_unmodeled,decode_mla_attention_slope_dominates,phase429_reprofile_window_hits_attributed,apply_named_undercharge_or_bubble_fix,patch_or_recollect_named_perfdb_component,false,true,true,false,false,false,true,No-Go
phase429_reprofile,step_category,K2.5-tp4ep8dp2-8k2k,docs/iter_gap_investigation/phase429_reprofile/K2.5-tp4ep8dp2-8k2k,w2_decode_c64,,12,decode_only,36,64,passed,0,other_cuda,33.572936,2.017061,0.000000,0.000000,,1.516977,0.595460,0.357492,0.047048,0.000000,passed,37,103,8,52,44,passed,passed,prefill_serialization_bubble_unmodeled,decode_mla_attention_slope_dominates,phase429_reprofile_window_hits_attributed,apply_named_undercharge_or_bubble_fix,patch_or_recollect_named_perfdb_component,false,true,true,false,false,false,true,No-Go
phase429_reprofile,step_category,K2.5-tp4ep8dp2-8k2k,docs/iter_gap_investigation/phase429_reprofile/K2.5-tp4ep8dp2-8k2k,w2_decode_c64,,12,decode_only,36,64,passed,0,tp_or_dp_allreduce,33.572936,0.762127,0.000000,0.000000,,1.516977,0.595460,0.357492,0.047048,0.000000,passed,37,103,8,52,44,passed,passed,prefill_serialization_bubble_unmodeled,decode_mla_attention_slope_dominates,phase429_reprofile_window_hits_attributed,apply_named_undercharge_or_bubble_fix,patch_or_recollect_named_perfdb_component,false,true,true,false,false,false,true,No-Go
phase429_reprofile,step,K2.5-tp4ep8dp2-8k2k,docs/iter_gap_investigation/phase429_reprofile/K2.5-tp4ep8dp2-8k2k,w2_decode_c64,,13,decode_only,36,64,passed,0,,33.660690,,0.000000,0.000000,,1.516977,0.595460,0.357492,0.047048,0.000000,passed,37,103,8,52,44,passed,passed,prefill_serialization_bubble_unmodeled,decode_mla_attention_slope_dominates,phase429_reprofile_window_hits_attributed,apply_named_undercharge_or_bubble_fix,patch_or_recollect_named_perfdb_component,false,true,true,false,false,false,true,No-Go
phase429_reprofile,step_category,K2.5-tp4ep8dp2-8k2k,docs/iter_gap_investigation/phase429_reprofile/K2.5-tp4ep8dp2-8k2k,w2_decode_c64,,13,decode_only,36,64,passed,0,dense_gemm,33.660690,4.900216,0.000000,0.000000,,1.516977,0.595460,0.357492,0.047048,0.000000,passed,37,103,8,52,44,passed,passed,prefill_serialization_bubble_unmodeled,decode_mla_attention_slope_dominates,phase429_reprofile_window_hits_attributed,apply_named_undercharge_or_bubble_fix,patch_or_recollect_named_perfdb_component,false,true,true,false,false,false,true,No-Go
phase429_reprofile,step_category,K2.5-tp4ep8dp2-8k2k,docs/iter_gap_investigation/phase429_reprofile/K2.5-tp4ep8dp2-8k2k,w2_decode_c64,,13,decode_only,36,64,passed,0,ep_a2a,33.660690,7.069761,0.000000,0.000000,,1.516977,0.595460,0.357492,0.047048,0.000000,passed,37,103,8,52,44,passed,passed,prefill_serialization_bubble_unmodeled,decode_mla_attention_slope_dominates,phase429_reprofile_window_hits_attributed,apply_named_undercharge_or_bubble_fix,patch_or_recollect_named_perfdb_component,false,true,true,false,false,false,true,No-Go
phase429_reprofile,step_category,K2.5-tp4ep8dp2-8k2k,docs/iter_gap_investigation/phase429_reprofile/K2.5-tp4ep8dp2-8k2k,w2_decode_c64,,13,decode_only,36,64,passed,0,memcpy_memset,33.660690,0.108937,0.000000,0.000000,,1.516977,0.595460,0.357492,0.047048,0.000000,passed,37,103,8,52,44,passed,passed,prefill_serialization_bubble_unmodeled,decode_mla_attention_slope_dominates,phase429_reprofile_window_hits_attributed,apply_named_undercharge_or_bubble_fix,patch_or_recollect_named_perfdb_component,false,true,true,false,false,false,true,No-Go
phase429_reprofile,step_category,K2.5-tp4ep8dp2-8k2k,docs/iter_gap_investigation/phase429_reprofile/K2.5-tp4ep8dp2-8k2k,w2_decode_c64,,13,decode_only,36,64,passed,0,mla_attention,33.660690,8.845825,0.000000,0.000000,,1.516977,0.595460,0.357492,0.047048,0.000000,passed,37,103,8,52,44,passed,passed,prefill_serialization_bubble_unmodeled,decode_mla_attention_slope_dominates,phase429_reprofile_window_hits_attributed,apply_named_undercharge_or_bubble_fix,patch_or_recollect_named_perfdb_component,false,true,true,false,false,false,true,No-Go
phase429_reprofile,step_category,K2.5-tp4ep8dp2-8k2k,docs/iter_gap_investigation/phase429_reprofile/K2.5-tp4ep8dp2-8k2k,w2_decode_c64,,13,decode_only,36,64,passed,0,moe_gemm_or_aux,33.660690,10.104769,0.000000,0.000000,,1.516977,0.595460,0.357492,0.047048,0.000000,passed,37,103,8,52,44,passed,passed,prefill_serialization_bubble_unmodeled,decode_mla_attention_slope_dominates,phase429_reprofile_window_hits_attributed,apply_named_undercharge_or_bubble_fix,patch_or_recollect_named_perfdb_component,false,true,true,false,false,false,true,No-Go
phase429_reprofile,step_category,K2.5-tp4ep8dp2-8k2k,docs/iter_gap_investigation/phase429_reprofile/K2.5-tp4ep8dp2-8k2k,w2_decode_c64,,13,decode_only,36,64,passed,0,other_cuda,33.660690,2.015710,0.000000,0.000000,,1.516977,0.595460,0.357492,0.047048,0.000000,passed,37,103,8,52,44,passed,passed,prefill_serialization_bubble_unmodeled,decode_mla_attention_slope_dominates,phase429_reprofile_window_hits_attributed,apply_named_undercharge_or_bubble_fix,patch_or_recollect_named_perfdb_component,false,true,true,false,false,false,true,No-Go
phase429_reprofile,step_category,K2.5-tp4ep8dp2-8k2k,docs/iter_gap_investigation/phase429_reprofile/K2.5-tp4ep8dp2-8k2k,w2_decode_c64,,13,decode_only,36,64,passed,0,tp_or_dp_allreduce,33.660690,0.760004,0.000000,0.000000,,1.516977,0.595460,0.357492,0.047048,0.000000,passed,37,103,8,52,44,passed,passed,prefill_serialization_bubble_unmodeled,decode_mla_attention_slope_dominates,phase429_reprofile_window_hits_attributed,apply_named_undercharge_or_bubble_fix,patch_or_recollect_named_perfdb_component,false,true,true,false,false,false,true,No-Go
phase429_reprofile,step,K2.5-tp4ep8dp2-8k2k,docs/iter_gap_investigation/phase429_reprofile/K2.5-tp4ep8dp2-8k2k,w2_decode_c64,,14,decode_only,36,64,passed,0,,33.810643,,0.000000,0.000000,,1.516977,0.595460,0.357492,0.047048,0.000000,passed,37,103,8,52,44,passed,passed,prefill_serialization_bubble_unmodeled,decode_mla_attention_slope_dominates,phase429_reprofile_window_hits_attributed,apply_named_undercharge_or_bubble_fix,patch_or_recollect_named_perfdb_component,false,true,true,false,false,false,true,No-Go
phase429_reprofile,step_category,K2.5-tp4ep8dp2-8k2k,docs/iter_gap_investigation/phase429_reprofile/K2.5-tp4ep8dp2-8k2k,w2_decode_c64,,14,decode_only,36,64,passed,0,dense_gemm,33.810643,4.893610,0.000000,0.000000,,1.516977,0.595460,0.357492,0.047048,0.000000,passed,37,103,8,52,44,passed,passed,prefill_serialization_bubble_unmodeled,decode_mla_attention_slope_dominates,phase429_reprofile_window_hits_attributed,apply_named_undercharge_or_bubble_fix,patch_or_recollect_named_perfdb_component,false,true,true,false,false,false,true,No-Go
phase429_reprofile,step_category,K2.5-tp4ep8dp2-8k2k,docs/iter_gap_investigation/phase429_reprofile/K2.5-tp4ep8dp2-8k2k,w2_decode_c64,,14,decode_only,36,64,passed,0,ep_a2a,33.810643,7.050779,0.000000,0.000000,,1.516977,0.595460,0.357492,0.047048,0.000000,passed,37,103,8,52,44,passed,passed,prefill_serialization_bubble_unmodeled,decode_mla_attention_slope_dominates,phase429_reprofile_window_hits_attributed,apply_named_undercharge_or_bubble_fix,patch_or_recollect_named_perfdb_component,false,true,true,false,false,false,true,No-Go
phase429_reprofile,step_category,K2.5-tp4ep8dp2-8k2k,docs/iter_gap_investigation/phase429_reprofile/K2.5-tp4ep8dp2-8k2k,w2_decode_c64,,14,decode_only,36,64,passed,0,memcpy_memset,33.810643,0.110710,0.000000,0.000000,,1.516977,0.595460,0.357492,0.047048,0.000000,passed,37,103,8,52,44,passed,passed,prefill_serialization_bubble_unmodeled,decode_mla_attention_slope_dominates,phase429_reprofile_window_hits_attributed,apply_named_undercharge_or_bubble_fix,patch_or_recollect_named_perfdb_component,false,true,true,false,false,false,true,No-Go
phase429_reprofile,step_category,K2.5-tp4ep8dp2-8k2k,docs/iter_gap_investigation/phase429_reprofile/K2.5-tp4ep8dp2-8k2k,w2_decode_c64,,14,decode_only,36,64,passed,0,mla_attention,33.810643,8.845708,0.000000,0.000000,,1.516977,0.595460,0.357492,0.047048,0.000000,passed,37,103,8,52,44,passed,passed,prefill_serialization_bubble_unmodeled,decode_mla_attention_slope_dominates,phase429_reprofile_window_hits_attributed,apply_named_undercharge_or_bubble_fix,patch_or_recollect_named_perfdb_component,false,true,true,false,false,false,true,No-Go
phase429_reprofile,step_category,K2.5-tp4ep8dp2-8k2k,docs/iter_gap_investigation/phase429_reprofile/K2.5-tp4ep8dp2-8k2k,w2_decode_c64,,14,decode_only,36,64,passed,0,moe_gemm_or_aux,33.810643,10.263830,0.000000,0.000000,,1.516977,0.595460,0.357492,0.047048,0.000000,passed,37,103,8,52,44,passed,passed,prefill_serialization_bubble_unmodeled,decode_mla_attention_slope_dominates,phase429_reprofile_window_hits_attributed,apply_named_undercharge_or_bubble_fix,patch_or_recollect_named_perfdb_component,false,true,true,false,false,false,true,No-Go
phase429_reprofile,step_category,K2.5-tp4ep8dp2-8k2k,docs/iter_gap_investigation/phase429_reprofile/K2.5-tp4ep8dp2-8k2k,w2_decode_c64,,14,decode_only,36,64,passed,0,other_cuda,33.810643,2.018683,0.000000,0.000000,,1.516977,0.595460,0.357492,0.047048,0.000000,passed,37,103,8,52,44,passed,passed,prefill_serialization_bubble_unmodeled,decode_mla_attention_slope_dominates,phase429_reprofile_window_hits_attributed,apply_named_undercharge_or_bubble_fix,patch_or_recollect_named_perfdb_component,false,true,true,false,false,false,true,No-Go
phase429_reprofile,step_category,K2.5-tp4ep8dp2-8k2k,docs/iter_gap_investigation/phase429_reprofile/K2.5-tp4ep8dp2-8k2k,w2_decode_c64,,14,decode_only,36,64,passed,0,tp_or_dp_allreduce,33.810643,0.766616,0.000000,0.000000,,1.516977,0.595460,0.357492,0.047048,0.000000,passed,37,103,8,52,44,passed,passed,prefill_serialization_bubble_unmodeled,decode_mla_attention_slope_dominates,phase429_reprofile_window_hits_attributed,apply_named_undercharge_or_bubble_fix,patch_or_recollect_named_perfdb_component,false,true,true,false,false,false,true,No-Go
phase429_reprofile,step,K2.5-tp4ep8dp2-8k2k,docs/iter_gap_investigation/phase429_reprofile/K2.5-tp4ep8dp2-8k2k,w2_decode_c64,,15,decode_only,36,64,passed,0,,33.589868,,0.000000,0.000000,,1.516977,0.595460,0.357492,0.047048,0.000000,passed,37,103,8,52,44,passed,passed,prefill_serialization_bubble_unmodeled,decode_mla_attention_slope_dominates,phase429_reprofile_window_hits_attributed,apply_named_undercharge_or_bubble_fix,patch_or_recollect_named_perfdb_component,false,true,true,false,false,false,true,No-Go
phase429_reprofile,step_category,K2.5-tp4ep8dp2-8k2k,docs/iter_gap_investigation/phase429_reprofile/K2.5-tp4ep8dp2-8k2k,w2_decode_c64,,15,decode_only,36,64,passed,0,dense_gemm,33.589868,4.894373,0.000000,0.000000,,1.516977,0.595460,0.357492,0.047048,0.000000,passed,37,103,8,52,44,passed,passed,prefill_serialization_bubble_unmodeled,decode_mla_attention_slope_dominates,phase429_reprofile_window_hits_attributed,apply_named_undercharge_or_bubble_fix,patch_or_recollect_named_perfdb_component,false,true,true,false,false,false,true,No-Go
phase429_reprofile,step_category,K2.5-tp4ep8dp2-8k2k,docs/iter_gap_investigation/phase429_reprofile/K2.5-tp4ep8dp2-8k2k,w2_decode_c64,,15,decode_only,36,64,passed,0,ep_a2a,33.589868,7.066532,0.000000,0.000000,,1.516977,0.595460,0.357492,0.047048,0.000000,passed,37,103,8,52,44,passed,passed,prefill_serialization_bubble_unmodeled,decode_mla_attention_slope_dominates,phase429_reprofile_window_hits_attributed,apply_named_undercharge_or_bubble_fix,patch_or_recollect_named_perfdb_component,false,true,true,false,false,false,true,No-Go
phase429_reprofile,step_category,K2.5-tp4ep8dp2-8k2k,docs/iter_gap_investigation/phase429_reprofile/K2.5-tp4ep8dp2-8k2k,w2_decode_c64,,15,decode_only,36,64,passed,0,memcpy_memset,33.589868,0.109101,0.000000,0.000000,,1.516977,0.595460,0.357492,0.047048,0.000000,passed,37,103,8,52,44,passed,passed,prefill_serialization_bubble_unmodeled,decode_mla_attention_slope_dominates,phase429_reprofile_window_hits_attributed,apply_named_undercharge_or_bubble_fix,patch_or_recollect_named_perfdb_component,false,true,true,false,false,false,true,No-Go
phase429_reprofile,step_category,K2.5-tp4ep8dp2-8k2k,docs/iter_gap_investigation/phase429_reprofile/K2.5-tp4ep8dp2-8k2k,w2_decode_c64,,15,decode_only,36,64,passed,0,mla_attention,33.589868,8.847757,0.000000,0.000000,,1.516977,0.595460,0.357492,0.047048,0.000000,passed,37,103,8,52,44,passed,passed,prefill_serialization_bubble_unmodeled,decode_mla_attention_slope_dominates,phase429_reprofile_window_hits_attributed,apply_named_undercharge_or_bubble_fix,patch_or_recollect_named_perfdb_component,false,true,true,false,false,false,true,No-Go
phase429_reprofile,step_category,K2.5-tp4ep8dp2-8k2k,docs/iter_gap_investigation/phase429_reprofile/K2.5-tp4ep8dp2-8k2k,w2_decode_c64,,15,decode_only,36,64,passed,0,moe_gemm_or_aux,33.589868,10.060726,0.000000,0.000000,,1.516977,0.595460,0.357492,0.047048,0.000000,passed,37,103,8,52,44,passed,passed,prefill_serialization_bubble_unmodeled,decode_mla_attention_slope_dominates,phase429_reprofile_window_hits_attributed,apply_named_undercharge_or_bubble_fix,patch_or_recollect_named_perfdb_component,false,true,true,false,false,false,true,No-Go
phase429_reprofile,step_category,K2.5-tp4ep8dp2-8k2k,docs/iter_gap_investigation/phase429_reprofile/K2.5-tp4ep8dp2-8k2k,w2_decode_c64,,15,decode_only,36,64,passed,0,other_cuda,33.589868,2.015154,0.000000,0.000000,,1.516977,0.595460,0.357492,0.047048,0.000000,passed,37,103,8,52,44,passed,passed,prefill_serialization_bubble_unmodeled,decode_mla_attention_slope_dominates,phase429_reprofile_window_hits_attributed,apply_named_undercharge_or_bubble_fix,patch_or_recollect_named_perfdb_component,false,true,true,false,false,false,true,No-Go
phase429_reprofile,step_category,K2.5-tp4ep8dp2-8k2k,docs/iter_gap_investigation/phase429_reprofile/K2.5-tp4ep8dp2-8k2k,w2_decode_c64,,15,decode_only,36,64,passed,0,tp_or_dp_allreduce,33.589868,0.753644,0.000000,0.000000,,1.516977,0.595460,0.357492,0.047048,0.000000,passed,37,103,8,52,44,passed,passed,prefill_serialization_bubble_unmodeled,decode_mla_attention_slope_dominates,phase429_reprofile_window_hits_attributed,apply_named_undercharge_or_bubble_fix,patch_or_recollect_named_perfdb_component,false,true,true,false,false,false,true,No-Go
phase429_reprofile,step,K2.5-tp4ep8dp2-8k2k,docs/iter_gap_investigation/phase429_reprofile/K2.5-tp4ep8dp2-8k2k,w2_decode_c64,,16,decode_only,36,64,passed,0,,33.757346,,0.000000,0.000000,,1.516977,0.595460,0.357492,0.047048,0.000000,passed,37,103,8,52,44,passed,passed,prefill_serialization_bubble_unmodeled,decode_mla_attention_slope_dominates,phase429_reprofile_window_hits_attributed,apply_named_undercharge_or_bubble_fix,patch_or_recollect_named_perfdb_component,false,true,true,false,false,false,true,No-Go
phase429_reprofile,step_category,K2.5-tp4ep8dp2-8k2k,docs/iter_gap_investigation/phase429_reprofile/K2.5-tp4ep8dp2-8k2k,w2_decode_c64,,16,decode_only,36,64,passed,0,dense_gemm,33.757346,4.896573,0.000000,0.000000,,1.516977,0.595460,0.357492,0.047048,0.000000,passed,37,103,8,52,44,passed,passed,prefill_serialization_bubble_unmodeled,decode_mla_attention_slope_dominates,phase429_reprofile_window_hits_attributed,apply_named_undercharge_or_bubble_fix,patch_or_recollect_named_perfdb_component,false,true,true,false,false,false,true,No-Go
phase429_reprofile,step_category,K2.5-tp4ep8dp2-8k2k,docs/iter_gap_investigation/phase429_reprofile/K2.5-tp4ep8dp2-8k2k,w2_decode_c64,,16,decode_only,36,64,passed,0,ep_a2a,33.757346,7.098610,0.000000,0.000000,,1.516977,0.595460,0.357492,0.047048,0.000000,passed,37,103,8,52,44,passed,passed,prefill_serialization_bubble_unmodeled,decode_mla_attention_slope_dominates,phase429_reprofile_window_hits_attributed,apply_named_undercharge_or_bubble_fix,patch_or_recollect_named_perfdb_component,false,true,true,false,false,false,true,No-Go
phase429_reprofile,step_category,K2.5-tp4ep8dp2-8k2k,docs/iter_gap_investigation/phase429_reprofile/K2.5-tp4ep8dp2-8k2k,w2_decode_c64,,16,decode_only,36,64,passed,0,memcpy_memset,33.757346,0.109348,0.000000,0.000000,,1.516977,0.595460,0.357492,0.047048,0.000000,passed,37,103,8,52,44,passed,passed,prefill_serialization_bubble_unmodeled,decode_mla_attention_slope_dominates,phase429_reprofile_window_hits_attributed,apply_named_undercharge_or_bubble_fix,patch_or_recollect_named_perfdb_component,false,true,true,false,false,false,true,No-Go
phase429_reprofile,step_category,K2.5-tp4ep8dp2-8k2k,docs/iter_gap_investigation/phase429_reprofile/K2.5-tp4ep8dp2-8k2k,w2_decode_c64,,16,decode_only,36,64,passed,0,mla_attention,33.757346,8.848448,0.000000,0.000000,,1.516977,0.595460,0.357492,0.047048,0.000000,passed,37,103,8,52,44,passed,passed,prefill_serialization_bubble_unmodeled,decode_mla_attention_slope_dominates,phase429_reprofile_window_hits_attributed,apply_named_undercharge_or_bubble_fix,patch_or_recollect_named_perfdb_component,false,true,true,false,false,false,true,No-Go
phase429_reprofile,step_category,K2.5-tp4ep8dp2-8k2k,docs/iter_gap_investigation/phase429_reprofile/K2.5-tp4ep8dp2-8k2k,w2_decode_c64,,16,decode_only,36,64,passed,0,moe_gemm_or_aux,33.757346,10.173097,0.000000,0.000000,,1.516977,0.595460,0.357492,0.047048,0.000000,passed,37,103,8,52,44,passed,passed,prefill_serialization_bubble_unmodeled,decode_mla_attention_slope_dominates,phase429_reprofile_window_hits_attributed,apply_named_undercharge_or_bubble_fix,patch_or_recollect_named_perfdb_component,false,true,true,false,false,false,true,No-Go
phase429_reprofile,step_category,K2.5-tp4ep8dp2-8k2k,docs/iter_gap_investigation/phase429_reprofile/K2.5-tp4ep8dp2-8k2k,w2_decode_c64,,16,decode_only,36,64,passed,0,other_cuda,33.757346,2.017187,0.000000,0.000000,,1.516977,0.595460,0.357492,0.047048,0.000000,passed,37,103,8,52,44,passed,passed,prefill_serialization_bubble_unmodeled,decode_mla_attention_slope_dominates,phase429_reprofile_window_hits_attributed,apply_named_undercharge_or_bubble_fix,patch_or_recollect_named_perfdb_component,false,true,true,false,false,false,true,No-Go
phase429_reprofile,step_category,K2.5-tp4ep8dp2-8k2k,docs/iter_gap_investigation/phase429_reprofile/K2.5-tp4ep8dp2-8k2k,w2_decode_c64,,16,decode_only,36,64,passed,0,tp_or_dp_allreduce,33.757346,0.755134,0.000000,0.000000,,1.516977,0.595460,0.357492,0.047048,0.000000,passed,37,103,8,52,44,passed,passed,prefill_serialization_bubble_unmodeled,decode_mla_attention_slope_dominates,phase429_reprofile_window_hits_attributed,apply_named_undercharge_or_bubble_fix,patch_or_recollect_named_perfdb_component,false,true,true,false,false,false,true,No-Go
phase429_reprofile,step,K2.5-tp4ep8dp2-8k2k,docs/iter_gap_investigation/phase429_reprofile/K2.5-tp4ep8dp2-8k2k,w2_decode_c64,,17,decode_only,36,64,passed,0,,33.776311,,0.000000,0.000000,,1.516977,0.595460,0.357492,0.047048,0.000000,passed,37,103,8,52,44,passed,passed,prefill_serialization_bubble_unmodeled,decode_mla_attention_slope_dominates,phase429_reprofile_window_hits_attributed,apply_named_undercharge_or_bubble_fix,patch_or_recollect_named_perfdb_component,false,true,true,false,false,false,true,No-Go
phase429_reprofile,step_category,K2.5-tp4ep8dp2-8k2k,docs/iter_gap_investigation/phase429_reprofile/K2.5-tp4ep8dp2-8k2k,w2_decode_c64,,17,decode_only,36,64,passed,0,dense_gemm,33.776311,4.903907,0.000000,0.000000,,1.516977,0.595460,0.357492,0.047048,0.000000,passed,37,103,8,52,44,passed,passed,prefill_serialization_bubble_unmodeled,decode_mla_attention_slope_dominates,phase429_reprofile_window_hits_attributed,apply_named_undercharge_or_bubble_fix,patch_or_recollect_named_perfdb_component,false,true,true,false,false,false,true,No-Go
phase429_reprofile,step_category,K2.5-tp4ep8dp2-8k2k,docs/iter_gap_investigation/phase429_reprofile/K2.5-tp4ep8dp2-8k2k,w2_decode_c64,,17,decode_only,36,64,passed,0,ep_a2a,33.776311,7.187793,0.000000,0.000000,,1.516977,0.595460,0.357492,0.047048,0.000000,passed,37,103,8,52,44,passed,passed,prefill_serialization_bubble_unmodeled,decode_mla_attention_slope_dominates,phase429_reprofile_window_hits_attributed,apply_named_undercharge_or_bubble_fix,patch_or_recollect_named_perfdb_component,false,true,true,false,false,false,true,No-Go
phase429_reprofile,step_category,K2.5-tp4ep8dp2-8k2k,docs/iter_gap_investigation/phase429_reprofile/K2.5-tp4ep8dp2-8k2k,w2_decode_c64,,17,decode_only,36,64,passed,0,memcpy_memset,33.776311,0.111654,0.000000,0.000000,,1.516977,0.595460,0.357492,0.047048,0.000000,passed,37,103,8,52,44,passed,passed,prefill_serialization_bubble_unmodeled,decode_mla_attention_slope_dominates,phase429_reprofile_window_hits_attributed,apply_named_undercharge_or_bubble_fix,patch_or_recollect_named_perfdb_component,false,true,true,false,false,false,true,No-Go
phase429_reprofile,step_category,K2.5-tp4ep8dp2-8k2k,docs/iter_gap_investigation/phase429_reprofile/K2.5-tp4ep8dp2-8k2k,w2_decode_c64,,17,decode_only,36,64,passed,0,mla_attention,33.776311,8.848036,0.000000,0.000000,,1.516977,0.595460,0.357492,0.047048,0.000000,passed,37,103,8,52,44,passed,passed,prefill_serialization_bubble_unmodeled,decode_mla_attention_slope_dominates,phase429_reprofile_window_hits_attributed,apply_named_undercharge_or_bubble_fix,patch_or_recollect_named_perfdb_component,false,true,true,false,false,false,true,No-Go
phase429_reprofile,step_category,K2.5-tp4ep8dp2-8k2k,docs/iter_gap_investigation/phase429_reprofile/K2.5-tp4ep8dp2-8k2k,w2_decode_c64,,17,decode_only,36,64,passed,0,moe_gemm_or_aux,33.776311,10.092815,0.000000,0.000000,,1.516977,0.595460,0.357492,0.047048,0.000000,passed,37,103,8,52,44,passed,passed,prefill_serialization_bubble_unmodeled,decode_mla_attention_slope_dominates,phase429_reprofile_window_hits_attributed,apply_named_undercharge_or_bubble_fix,patch_or_recollect_named_perfdb_component,false,true,true,false,false,false,true,No-Go
phase429_reprofile,step_category,K2.5-tp4ep8dp2-8k2k,docs/iter_gap_investigation/phase429_reprofile/K2.5-tp4ep8dp2-8k2k,w2_decode_c64,,17,decode_only,36,64,passed,0,other_cuda,33.776311,2.017893,0.000000,0.000000,,1.516977,0.595460,0.357492,0.047048,0.000000,passed,37,103,8,52,44,passed,passed,prefill_serialization_bubble_unmodeled,decode_mla_attention_slope_dominates,phase429_reprofile_window_hits_attributed,apply_named_undercharge_or_bubble_fix,patch_or_recollect_named_perfdb_component,false,true,true,false,false,false,true,No-Go
phase429_reprofile,step_category,K2.5-tp4ep8dp2-8k2k,docs/iter_gap_investigation/phase429_reprofile/K2.5-tp4ep8dp2-8k2k,w2_decode_c64,,17,decode_only,36,64,passed,0,tp_or_dp_allreduce,33.776311,0.755871,0.000000,0.000000,,1.516977,0.595460,0.357492,0.047048,0.000000,passed,37,103,8,52,44,passed,passed,prefill_serialization_bubble_unmodeled,decode_mla_attention_slope_dominates,phase429_reprofile_window_hits_attributed,apply_named_undercharge_or_bubble_fix,patch_or_recollect_named_perfdb_component,false,true,true,false,false,false,true,No-Go
phase429_reprofile,step,K2.5-tp4ep8dp2-8k2k,docs/iter_gap_investigation/phase429_reprofile/K2.5-tp4ep8dp2-8k2k,w2_decode_c64,,18,decode_only,36,64,passed,0,,33.777933,,0.000000,0.000000,,1.516977,0.595460,0.357492,0.047048,0.000000,passed,37,103,8,52,44,passed,passed,prefill_serialization_bubble_unmodeled,decode_mla_attention_slope_dominates,phase429_reprofile_window_hits_attributed,apply_named_undercharge_or_bubble_fix,patch_or_recollect_named_perfdb_component,false,true,true,false,false,false,true,No-Go
phase429_reprofile,step_category,K2.5-tp4ep8dp2-8k2k,docs/iter_gap_investigation/phase429_reprofile/K2.5-tp4ep8dp2-8k2k,w2_decode_c64,,18,decode_only,36,64,passed,0,dense_gemm,33.777933,4.898622,0.000000,0.000000,,1.516977,0.595460,0.357492,0.047048,0.000000,passed,37,103,8,52,44,passed,passed,prefill_serialization_bubble_unmodeled,decode_mla_attention_slope_dominates,phase429_reprofile_window_hits_attributed,apply_named_undercharge_or_bubble_fix,patch_or_recollect_named_perfdb_component,false,true,true,false,false,false,true,No-Go
phase429_reprofile,step_category,K2.5-tp4ep8dp2-8k2k,docs/iter_gap_investigation/phase429_reprofile/K2.5-tp4ep8dp2-8k2k,w2_decode_c64,,18,decode_only,36,64,passed,0,ep_a2a,33.777933,7.234467,0.000000,0.000000,,1.516977,0.595460,0.357492,0.047048,0.000000,passed,37,103,8,52,44,passed,passed,prefill_serialization_bubble_unmodeled,decode_mla_attention_slope_dominates,phase429_reprofile_window_hits_attributed,apply_named_undercharge_or_bubble_fix,patch_or_recollect_named_perfdb_component,false,true,true,false,false,false,true,No-Go
phase429_reprofile,step_category,K2.5-tp4ep8dp2-8k2k,docs/iter_gap_investigation/phase429_reprofile/K2.5-tp4ep8dp2-8k2k,w2_decode_c64,,18,decode_only,36,64,passed,0,memcpy_memset,33.777933,0.113749,0.000000,0.000000,,1.516977,0.595460,0.357492,0.047048,0.000000,passed,37,103,8,52,44,passed,passed,prefill_serialization_bubble_unmodeled,decode_mla_attention_slope_dominates,phase429_reprofile_window_hits_attributed,apply_named_undercharge_or_bubble_fix,patch_or_recollect_named_perfdb_component,false,true,true,false,false,false,true,No-Go
phase429_reprofile,step_category,K2.5-tp4ep8dp2-8k2k,docs/iter_gap_investigation/phase429_reprofile/K2.5-tp4ep8dp2-8k2k,w2_decode_c64,,18,decode_only,36,64,passed,0,mla_attention,33.777933,8.848795,0.000000,0.000000,,1.516977,0.595460,0.357492,0.047048,0.000000,passed,37,103,8,52,44,passed,passed,prefill_serialization_bubble_unmodeled,decode_mla_attention_slope_dominates,phase429_reprofile_window_hits_attributed,apply_named_undercharge_or_bubble_fix,patch_or_recollect_named_perfdb_component,false,true,true,false,false,false,true,No-Go
phase429_reprofile,step_category,K2.5-tp4ep8dp2-8k2k,docs/iter_gap_investigation/phase429_reprofile/K2.5-tp4ep8dp2-8k2k,w2_decode_c64,,18,decode_only,36,64,passed,0,moe_gemm_or_aux,33.777933,10.057886,0.000000,0.000000,,1.516977,0.595460,0.357492,0.047048,0.000000,passed,37,103,8,52,44,passed,passed,prefill_serialization_bubble_unmodeled,decode_mla_attention_slope_dominates,phase429_reprofile_window_hits_attributed,apply_named_undercharge_or_bubble_fix,patch_or_recollect_named_perfdb_component,false,true,true,false,false,false,true,No-Go
phase429_reprofile,step_category,K2.5-tp4ep8dp2-8k2k,docs/iter_gap_investigation/phase429_reprofile/K2.5-tp4ep8dp2-8k2k,w2_decode_c64,,18,decode_only,36,64,passed,0,other_cuda,33.777933,2.014159,0.000000,0.000000,,1.516977,0.595460,0.357492,0.047048,0.000000,passed,37,103,8,52,44,passed,passed,prefill_serialization_bubble_unmodeled,decode_mla_attention_slope_dominates,phase429_reprofile_window_hits_attributed,apply_named_undercharge_or_bubble_fix,patch_or_recollect_named_perfdb_component,false,true,true,false,false,false,true,No-Go
phase429_reprofile,step_category,K2.5-tp4ep8dp2-8k2k,docs/iter_gap_investigation/phase429_reprofile/K2.5-tp4ep8dp2-8k2k,w2_decode_c64,,18,decode_only,36,64,passed,0,tp_or_dp_allreduce,33.777933,0.758036,0.000000,0.000000,,1.516977,0.595460,0.357492,0.047048,0.000000,passed,37,103,8,52,44,passed,passed,prefill_serialization_bubble_unmodeled,decode_mla_attention_slope_dominates,phase429_reprofile_window_hits_attributed,apply_named_undercharge_or_bubble_fix,patch_or_recollect_named_perfdb_component,false,true,true,false,false,false,true,No-Go
phase429_reprofile,step,K2.5-tp4ep8dp2-8k2k,docs/iter_gap_investigation/phase429_reprofile/K2.5-tp4ep8dp2-8k2k,w2_decode_c64,,19,decode_only,36,64,passed,0,,34.283965,,0.000000,0.000000,,1.516977,0.595460,0.357492,0.047048,0.000000,passed,37,103,8,52,44,passed,passed,prefill_serialization_bubble_unmodeled,decode_mla_attention_slope_dominates,phase429_reprofile_window_hits_attributed,apply_named_undercharge_or_bubble_fix,patch_or_recollect_named_perfdb_component,false,true,true,false,false,false,true,No-Go
phase429_reprofile,step_category,K2.5-tp4ep8dp2-8k2k,docs/iter_gap_investigation/phase429_reprofile/K2.5-tp4ep8dp2-8k2k,w2_decode_c64,,19,decode_only,36,64,passed,0,dense_gemm,34.283965,4.961145,0.000000,0.000000,,1.516977,0.595460,0.357492,0.047048,0.000000,passed,37,103,8,52,44,passed,passed,prefill_serialization_bubble_unmodeled,decode_mla_attention_slope_dominates,phase429_reprofile_window_hits_attributed,apply_named_undercharge_or_bubble_fix,patch_or_recollect_named_perfdb_component,false,true,true,false,false,false,true,No-Go
phase429_reprofile,step_category,K2.5-tp4ep8dp2-8k2k,docs/iter_gap_investigation/phase429_reprofile/K2.5-tp4ep8dp2-8k2k,w2_decode_c64,,19,decode_only,36,64,passed,0,ep_a2a,34.283965,7.264374,0.000000,0.000000,,1.516977,0.595460,0.357492,0.047048,0.000000,passed,37,103,8,52,44,passed,passed,prefill_serialization_bubble_unmodeled,decode_mla_attention_slope_dominates,phase429_reprofile_window_hits_attributed,apply_named_undercharge_or_bubble_fix,patch_or_recollect_named_perfdb_component,false,true,true,false,false,false,true,No-Go
phase429_reprofile,step_category,K2.5-tp4ep8dp2-8k2k,docs/iter_gap_investigation/phase429_reprofile/K2.5-tp4ep8dp2-8k2k,w2_decode_c64,,19,decode_only,36,64,passed,0,memcpy_memset,34.283965,0.114781,0.000000,0.000000,,1.516977,0.595460,0.357492,0.047048,0.000000,passed,37,103,8,52,44,passed,passed,prefill_serialization_bubble_unmodeled,decode_mla_attention_slope_dominates,phase429_reprofile_window_hits_attributed,apply_named_undercharge_or_bubble_fix,patch_or_recollect_named_perfdb_component,false,true,true,false,false,false,true,No-Go
phase429_reprofile,step_category,K2.5-tp4ep8dp2-8k2k,docs/iter_gap_investigation/phase429_reprofile/K2.5-tp4ep8dp2-8k2k,w2_decode_c64,,19,decode_only,36,64,passed,0,mla_attention,34.283965,8.994907,0.000000,0.000000,,1.516977,0.595460,0.357492,0.047048,0.000000,passed,37,103,8,52,44,passed,passed,prefill_serialization_bubble_unmodeled,decode_mla_attention_slope_dominates,phase429_reprofile_window_hits_attributed,apply_named_undercharge_or_bubble_fix,patch_or_recollect_named_perfdb_component,false,true,true,false,false,false,true,No-Go
phase429_reprofile,step_category,K2.5-tp4ep8dp2-8k2k,docs/iter_gap_investigation/phase429_reprofile/K2.5-tp4ep8dp2-8k2k,w2_decode_c64,,19,decode_only,36,64,passed,0,moe_gemm_or_aux,34.283965,10.321800,0.000000,0.000000,,1.516977,0.595460,0.357492,0.047048,0.000000,passed,37,103,8,52,44,passed,passed,prefill_serialization_bubble_unmodeled,decode_mla_attention_slope_dominates,phase429_reprofile_window_hits_attributed,apply_named_undercharge_or_bubble_fix,patch_or_recollect_named_perfdb_component,false,true,true,false,false,false,true,No-Go
phase429_reprofile,step_category,K2.5-tp4ep8dp2-8k2k,docs/iter_gap_investigation/phase429_reprofile/K2.5-tp4ep8dp2-8k2k,w2_decode_c64,,19,decode_only,36,64,passed,0,other_cuda,34.283965,2.027454,0.000000,0.000000,,1.516977,0.595460,0.357492,0.047048,0.000000,passed,37,103,8,52,44,passed,passed,prefill_serialization_bubble_unmodeled,decode_mla_attention_slope_dominates,phase429_reprofile_window_hits_attributed,apply_named_undercharge_or_bubble_fix,patch_or_recollect_named_perfdb_component,false,true,true,false,false,false,true,No-Go
phase429_reprofile,step_category,K2.5-tp4ep8dp2-8k2k,docs/iter_gap_investigation/phase429_reprofile/K2.5-tp4ep8dp2-8k2k,w2_decode_c64,,19,decode_only,36,64,passed,0,tp_or_dp_allreduce,34.283965,0.778278,0.000000,0.000000,,1.516977,0.595460,0.357492,0.047048,0.000000,passed,37,103,8,52,44,passed,passed,prefill_serialization_bubble_unmodeled,decode_mla_attention_slope_dominates,phase429_reprofile_window_hits_attributed,apply_named_undercharge_or_bubble_fix,patch_or_recollect_named_perfdb_component,false,true,true,false,false,false,true,No-Go
phase429_reprofile,step,K2.5-tp4ep8dp2-8k2k,docs/iter_gap_investigation/phase429_reprofile/K2.5-tp4ep8dp2-8k2k,w2_decode_c64,,20,decode_only,36,64,passed,0,,33.466002,,0.013198,0.000394,,1.516977,0.595460,0.357492,0.047048,0.000000,passed,37,103,8,52,44,passed,passed,prefill_serialization_bubble_unmodeled,decode_mla_attention_slope_dominates,phase429_reprofile_window_hits_attributed,apply_named_undercharge_or_bubble_fix,patch_or_recollect_named_perfdb_component,false,true,true,false,false,false,true,No-Go
phase429_reprofile,step_category,K2.5-tp4ep8dp2-8k2k,docs/iter_gap_investigation/phase429_reprofile/K2.5-tp4ep8dp2-8k2k,w2_decode_c64,,20,decode_only,36,64,passed,0,dense_gemm,33.466002,4.847611,0.013198,0.000394,,1.516977,0.595460,0.357492,0.047048,0.000000,passed,37,103,8,52,44,passed,passed,prefill_serialization_bubble_unmodeled,decode_mla_attention_slope_dominates,phase429_reprofile_window_hits_attributed,apply_named_undercharge_or_bubble_fix,patch_or_recollect_named_perfdb_component,false,true,true,false,false,false,true,No-Go
phase429_reprofile,step_category,K2.5-tp4ep8dp2-8k2k,docs/iter_gap_investigation/phase429_reprofile/K2.5-tp4ep8dp2-8k2k,w2_decode_c64,,20,decode_only,36,64,passed,0,ep_a2a,33.466002,7.054247,0.013198,0.000394,,1.516977,0.595460,0.357492,0.047048,0.000000,passed,37,103,8,52,44,passed,passed,prefill_serialization_bubble_unmodeled,decode_mla_attention_slope_dominates,phase429_reprofile_window_hits_attributed,apply_named_undercharge_or_bubble_fix,patch_or_recollect_named_perfdb_component,false,true,true,false,false,false,true,No-Go
phase429_reprofile,step_category,K2.5-tp4ep8dp2-8k2k,docs/iter_gap_investigation/phase429_reprofile/K2.5-tp4ep8dp2-8k2k,w2_decode_c64,,20,decode_only,36,64,passed,0,memcpy_memset,33.466002,0.111149,0.013198,0.000394,,1.516977,0.595460,0.357492,0.047048,0.000000,passed,37,103,8,52,44,passed,passed,prefill_serialization_bubble_unmodeled,decode_mla_attention_slope_dominates,phase429_reprofile_window_hits_attributed,apply_named_undercharge_or_bubble_fix,patch_or_recollect_named_perfdb_component,false,true,true,false,false,false,true,No-Go
phase429_reprofile,step_category,K2.5-tp4ep8dp2-8k2k,docs/iter_gap_investigation/phase429_reprofile/K2.5-tp4ep8dp2-8k2k,w2_decode_c64,,20,decode_only,36,64,passed,0,mla_attention,33.466002,8.727378,0.013198,0.000394,,1.516977,0.595460,0.357492,0.047048,0.000000,passed,37,103,8,52,44,passed,passed,prefill_serialization_bubble_unmodeled,decode_mla_attention_slope_dominates,phase429_reprofile_window_hits_attributed,apply_named_undercharge_or_bubble_fix,patch_or_recollect_named_perfdb_component,false,true,true,false,false,false,true,No-Go
phase429_reprofile,step_category,K2.5-tp4ep8dp2-8k2k,docs/iter_gap_investigation/phase429_reprofile/K2.5-tp4ep8dp2-8k2k,w2_decode_c64,,20,decode_only,36,64,passed,0,moe_gemm_or_aux,33.466002,10.044917,0.013198,0.000394,,1.516977,0.595460,0.357492,0.047048,0.000000,passed,37,103,8,52,44,passed,passed,prefill_serialization_bubble_unmodeled,decode_mla_attention_slope_dominates,phase429_reprofile_window_hits_attributed,apply_named_undercharge_or_bubble_fix,patch_or_recollect_named_perfdb_component,false,true,true,false,false,false,true,No-Go
phase429_reprofile,step_category,K2.5-tp4ep8dp2-8k2k,docs/iter_gap_investigation/phase429_reprofile/K2.5-tp4ep8dp2-8k2k,w2_decode_c64,,20,decode_only,36,64,passed,0,other_cuda,33.466002,2.001508,0.013198,0.000394,,1.516977,0.595460,0.357492,0.047048,0.000000,passed,37,103,8,52,44,passed,passed,prefill_serialization_bubble_unmodeled,decode_mla_attention_slope_dominates,phase429_reprofile_window_hits_attributed,apply_named_undercharge_or_bubble_fix,patch_or_recollect_named_perfdb_component,false,true,true,false,false,false,true,No-Go
phase429_reprofile,step_category,K2.5-tp4ep8dp2-8k2k,docs/iter_gap_investigation/phase429_reprofile/K2.5-tp4ep8dp2-8k2k,w2_decode_c64,,20,decode_only,36,64,passed,0,tp_or_dp_allreduce,33.466002,0.751003,0.013198,0.000394,,1.516977,0.595460,0.357492,0.047048,0.000000,passed,37,103,8,52,44,passed,passed,prefill_serialization_bubble_unmodeled,decode_mla_attention_slope_dominates,phase429_reprofile_window_hits_attributed,apply_named_undercharge_or_bubble_fix,patch_or_recollect_named_perfdb_component,false,true,true,false,false,false,true,No-Go
phase429_reprofile,step,K2.5-tp4ep8dp2-8k2k,docs/iter_gap_investigation/phase429_reprofile/K2.5-tp4ep8dp2-8k2k,w2_decode_c64,,21,decode_only,36,64,passed,0,,33.777645,,0.018193,0.000539,,1.516977,0.595460,0.357492,0.047048,0.000000,passed,37,103,8,52,44,passed,passed,prefill_serialization_bubble_unmodeled,decode_mla_attention_slope_dominates,phase429_reprofile_window_hits_attributed,apply_named_undercharge_or_bubble_fix,patch_or_recollect_named_perfdb_component,false,true,true,false,false,false,true,No-Go
phase429_reprofile,step_category,K2.5-tp4ep8dp2-8k2k,docs/iter_gap_investigation/phase429_reprofile/K2.5-tp4ep8dp2-8k2k,w2_decode_c64,,21,decode_only,36,64,passed,0,dense_gemm,33.777645,4.900428,0.018193,0.000539,,1.516977,0.595460,0.357492,0.047048,0.000000,passed,37,103,8,52,44,passed,passed,prefill_serialization_bubble_unmodeled,decode_mla_attention_slope_dominates,phase429_reprofile_window_hits_attributed,apply_named_undercharge_or_bubble_fix,patch_or_recollect_named_perfdb_component,false,true,true,false,false,false,true,No-Go
phase429_reprofile,step_category,K2.5-tp4ep8dp2-8k2k,docs/iter_gap_investigation/phase429_reprofile/K2.5-tp4ep8dp2-8k2k,w2_decode_c64,,21,decode_only,36,64,passed,0,ep_a2a,33.777645,7.207164,0.018193,0.000539,,1.516977,0.595460,0.357492,0.047048,0.000000,passed,37,103,8,52,44,passed,passed,prefill_serialization_bubble_unmodeled,decode_mla_attention_slope_dominates,phase429_reprofile_window_hits_attributed,apply_named_undercharge_or_bubble_fix,patch_or_recollect_named_perfdb_component,false,true,true,false,false,false,true,No-Go
phase429_reprofile,step_category,K2.5-tp4ep8dp2-8k2k,docs/iter_gap_investigation/phase429_reprofile/K2.5-tp4ep8dp2-8k2k,w2_decode_c64,,21,decode_only,36,64,passed,0,memcpy_memset,33.777645,0.112482,0.018193,0.000539,,1.516977,0.595460,0.357492,0.047048,0.000000,passed,37,103,8,52,44,passed,passed,prefill_serialization_bubble_unmodeled,decode_mla_attention_slope_dominates,phase429_reprofile_window_hits_attributed,apply_named_undercharge_or_bubble_fix,patch_or_recollect_named_perfdb_component,false,true,true,false,false,false,true,No-Go
phase429_reprofile,step_category,K2.5-tp4ep8dp2-8k2k,docs/iter_gap_investigation/phase429_reprofile/K2.5-tp4ep8dp2-8k2k,w2_decode_c64,,21,decode_only,36,64,passed,0,mla_attention,33.777645,8.758678,0.018193,0.000539,,1.516977,0.595460,0.357492,0.047048,0.000000,passed,37,103,8,52,44,passed,passed,prefill_serialization_bubble_unmodeled,decode_mla_attention_slope_dominates,phase429_reprofile_window_hits_attributed,apply_named_undercharge_or_bubble_fix,patch_or_recollect_named_perfdb_component,false,true,true,false,false,false,true,No-Go
phase429_reprofile,step_category,K2.5-tp4ep8dp2-8k2k,docs/iter_gap_investigation/phase429_reprofile/K2.5-tp4ep8dp2-8k2k,w2_decode_c64,,21,decode_only,36,64,passed,0,moe_gemm_or_aux,33.777645,10.093460,0.018193,0.000539,,1.516977,0.595460,0.357492,0.047048,0.000000,passed,37,103,8,52,44,passed,passed,prefill_serialization_bubble_unmodeled,decode_mla_attention_slope_dominates,phase429_reprofile_window_hits_attributed,apply_named_undercharge_or_bubble_fix,patch_or_recollect_named_perfdb_component,false,true,true,false,false,false,true,No-Go
phase429_reprofile,step_category,K2.5-tp4ep8dp2-8k2k,docs/iter_gap_investigation/phase429_reprofile/K2.5-tp4ep8dp2-8k2k,w2_decode_c64,,21,decode_only,36,64,passed,0,other_cuda,33.777645,2.015458,0.018193,0.000539,,1.516977,0.595460,0.357492,0.047048,0.000000,passed,37,103,8,52,44,passed,passed,prefill_serialization_bubble_unmodeled,decode_mla_attention_slope_dominates,phase429_reprofile_window_hits_attributed,apply_named_undercharge_or_bubble_fix,patch_or_recollect_named_perfdb_component,false,true,true,false,false,false,true,No-Go
phase429_reprofile,step_category,K2.5-tp4ep8dp2-8k2k,docs/iter_gap_investigation/phase429_reprofile/K2.5-tp4ep8dp2-8k2k,w2_decode_c64,,21,decode_only,36,64,passed,0,tp_or_dp_allreduce,33.777645,0.768495,0.018193,0.000539,,1.516977,0.595460,0.357492,0.047048,0.000000,passed,37,103,8,52,44,passed,passed,prefill_serialization_bubble_unmodeled,decode_mla_attention_slope_dominates,phase429_reprofile_window_hits_attributed,apply_named_undercharge_or_bubble_fix,patch_or_recollect_named_perfdb_component,false,true,true,false,false,false,true,No-Go
phase429_reprofile,step,K2.5-tp4ep8dp2-8k2k,docs/iter_gap_investigation/phase429_reprofile/K2.5-tp4ep8dp2-8k2k,w2_decode_c64,,22,decode_only,36,64,passed,0,,33.603170,,0.002316,0.000069,,1.516977,0.595460,0.357492,0.047048,0.000000,passed,37,103,8,52,44,passed,passed,prefill_serialization_bubble_unmodeled,decode_mla_attention_slope_dominates,phase429_reprofile_window_hits_attributed,apply_named_undercharge_or_bubble_fix,patch_or_recollect_named_perfdb_component,false,true,true,false,false,false,true,No-Go
phase429_reprofile,step_category,K2.5-tp4ep8dp2-8k2k,docs/iter_gap_investigation/phase429_reprofile/K2.5-tp4ep8dp2-8k2k,w2_decode_c64,,22,decode_only,36,64,passed,0,dense_gemm,33.603170,4.907374,0.002316,0.000069,,1.516977,0.595460,0.357492,0.047048,0.000000,passed,37,103,8,52,44,passed,passed,prefill_serialization_bubble_unmodeled,decode_mla_attention_slope_dominates,phase429_reprofile_window_hits_attributed,apply_named_undercharge_or_bubble_fix,patch_or_recollect_named_perfdb_component,false,true,true,false,false,false,true,No-Go
phase429_reprofile,step_category,K2.5-tp4ep8dp2-8k2k,docs/iter_gap_investigation/phase429_reprofile/K2.5-tp4ep8dp2-8k2k,w2_decode_c64,,22,decode_only,36,64,passed,0,ep_a2a,33.603170,6.967725,0.002316,0.000069,,1.516977,0.595460,0.357492,0.047048,0.000000,passed,37,103,8,52,44,passed,passed,prefill_serialization_bubble_unmodeled,decode_mla_attention_slope_dominates,phase429_reprofile_window_hits_attributed,apply_named_undercharge_or_bubble_fix,patch_or_recollect_named_perfdb_component,false,true,true,false,false,false,true,No-Go
phase429_reprofile,step_category,K2.5-tp4ep8dp2-8k2k,docs/iter_gap_investigation/phase429_reprofile/K2.5-tp4ep8dp2-8k2k,w2_decode_c64,,22,decode_only,36,64,passed,0,memcpy_memset,33.603170,0.111389,0.002316,0.000069,,1.516977,0.595460,0.357492,0.047048,0.000000,passed,37,103,8,52,44,passed,passed,prefill_serialization_bubble_unmodeled,decode_mla_attention_slope_dominates,phase429_reprofile_window_hits_attributed,apply_named_undercharge_or_bubble_fix,patch_or_recollect_named_perfdb_component,false,true,true,false,false,false,true,No-Go
phase429_reprofile,step_category,K2.5-tp4ep8dp2-8k2k,docs/iter_gap_investigation/phase429_reprofile/K2.5-tp4ep8dp2-8k2k,w2_decode_c64,,22,decode_only,36,64,passed,0,mla_attention,33.603170,8.820783,0.002316,0.000069,,1.516977,0.595460,0.357492,0.047048,0.000000,passed,37,103,8,52,44,passed,passed,prefill_serialization_bubble_unmodeled,decode_mla_attention_slope_dominates,phase429_reprofile_window_hits_attributed,apply_named_undercharge_or_bubble_fix,patch_or_recollect_named_perfdb_component,false,true,true,false,false,false,true,No-Go
phase429_reprofile,step_category,K2.5-tp4ep8dp2-8k2k,docs/iter_gap_investigation/phase429_reprofile/K2.5-tp4ep8dp2-8k2k,w2_decode_c64,,22,decode_only,36,64,passed,0,moe_gemm_or_aux,33.603170,10.116408,0.002316,0.000069,,1.516977,0.595460,0.357492,0.047048,0.000000,passed,37,103,8,52,44,passed,passed,prefill_serialization_bubble_unmodeled,decode_mla_attention_slope_dominates,phase429_reprofile_window_hits_attributed,apply_named_undercharge_or_bubble_fix,patch_or_recollect_named_perfdb_component,false,true,true,false,false,false,true,No-Go
phase429_reprofile,step_category,K2.5-tp4ep8dp2-8k2k,docs/iter_gap_investigation/phase429_reprofile/K2.5-tp4ep8dp2-8k2k,w2_decode_c64,,22,decode_only,36,64,passed,0,other_cuda,33.603170,2.017164,0.002316,0.000069,,1.516977,0.595460,0.357492,0.047048,0.000000,passed,37,103,8,52,44,passed,passed,prefill_serialization_bubble_unmodeled,decode_mla_attention_slope_dominates,phase429_reprofile_window_hits_attributed,apply_named_undercharge_or_bubble_fix,patch_or_recollect_named_perfdb_component,false,true,true,false,false,false,true,No-Go
phase429_reprofile,step_category,K2.5-tp4ep8dp2-8k2k,docs/iter_gap_investigation/phase429_reprofile/K2.5-tp4ep8dp2-8k2k,w2_decode_c64,,22,decode_only,36,64,passed,0,tp_or_dp_allreduce,33.603170,0.762692,0.002316,0.000069,,1.516977,0.595460,0.357492,0.047048,0.000000,passed,37,103,8,52,44,passed,passed,prefill_serialization_bubble_unmodeled,decode_mla_attention_slope_dominates,phase429_reprofile_window_hits_attributed,apply_named_undercharge_or_bubble_fix,patch_or_recollect_named_perfdb_component,false,true,true,false,false,false,true,No-Go
phase429_reprofile,step,K2.5-tp4ep8dp2-8k2k,docs/iter_gap_investigation/phase429_reprofile/K2.5-tp4ep8dp2-8k2k,w2_decode_c64,,23,decode_only,36,64,passed,0,,33.963022,,0.000000,0.000000,,1.516977,0.595460,0.357492,0.047048,0.000000,passed,37,103,8,52,44,passed,passed,prefill_serialization_bubble_unmodeled,decode_mla_attention_slope_dominates,phase429_reprofile_window_hits_attributed,apply_named_undercharge_or_bubble_fix,patch_or_recollect_named_perfdb_component,false,true,true,false,false,false,true,No-Go
phase429_reprofile,step_category,K2.5-tp4ep8dp2-8k2k,docs/iter_gap_investigation/phase429_reprofile/K2.5-tp4ep8dp2-8k2k,w2_decode_c64,,23,decode_only,36,64,passed,0,dense_gemm,33.963022,4.898594,0.000000,0.000000,,1.516977,0.595460,0.357492,0.047048,0.000000,passed,37,103,8,52,44,passed,passed,prefill_serialization_bubble_unmodeled,decode_mla_attention_slope_dominates,phase429_reprofile_window_hits_attributed,apply_named_undercharge_or_bubble_fix,patch_or_recollect_named_perfdb_component,false,true,true,false,false,false,true,No-Go
phase429_reprofile,step_category,K2.5-tp4ep8dp2-8k2k,docs/iter_gap_investigation/phase429_reprofile/K2.5-tp4ep8dp2-8k2k,w2_decode_c64,,23,decode_only,36,64,passed,0,ep_a2a,33.963022,7.280097,0.000000,0.000000,,1.516977,0.595460,0.357492,0.047048,0.000000,passed,37,103,8,52,44,passed,passed,prefill_serialization_bubble_unmodeled,decode_mla_attention_slope_dominates,phase429_reprofile_window_hits_attributed,apply_named_undercharge_or_bubble_fix,patch_or_recollect_named_perfdb_component,false,true,true,false,false,false,true,No-Go
phase429_reprofile,step_category,K2.5-tp4ep8dp2-8k2k,docs/iter_gap_investigation/phase429_reprofile/K2.5-tp4ep8dp2-8k2k,w2_decode_c64,,23,decode_only,36,64,passed,0,memcpy_memset,33.963022,0.113830,0.000000,0.000000,,1.516977,0.595460,0.357492,0.047048,0.000000,passed,37,103,8,52,44,passed,passed,prefill_serialization_bubble_unmodeled,decode_mla_attention_slope_dominates,phase429_reprofile_window_hits_attributed,apply_named_undercharge_or_bubble_fix,patch_or_recollect_named_perfdb_component,false,true,true,false,false,false,true,No-Go
phase429_reprofile,step_category,K2.5-tp4ep8dp2-8k2k,docs/iter_gap_investigation/phase429_reprofile/K2.5-tp4ep8dp2-8k2k,w2_decode_c64,,23,decode_only,36,64,passed,0,mla_attention,33.963022,8.770501,0.000000,0.000000,,1.516977,0.595460,0.357492,0.047048,0.000000,passed,37,103,8,52,44,passed,passed,prefill_serialization_bubble_unmodeled,decode_mla_attention_slope_dominates,phase429_reprofile_window_hits_attributed,apply_named_undercharge_or_bubble_fix,patch_or_recollect_named_perfdb_component,false,true,true,false,false,false,true,No-Go
phase429_reprofile,step_category,K2.5-tp4ep8dp2-8k2k,docs/iter_gap_investigation/phase429_reprofile/K2.5-tp4ep8dp2-8k2k,w2_decode_c64,,23,decode_only,36,64,passed,0,moe_gemm_or_aux,33.963022,10.229910,0.000000,0.000000,,1.516977,0.595460,0.357492,0.047048,0.000000,passed,37,103,8,52,44,passed,passed,prefill_serialization_bubble_unmodeled,decode_mla_attention_slope_dominates,phase429_reprofile_window_hits_attributed,apply_named_undercharge_or_bubble_fix,patch_or_recollect_named_perfdb_component,false,true,true,false,false,false,true,No-Go
phase429_reprofile,step_category,K2.5-tp4ep8dp2-8k2k,docs/iter_gap_investigation/phase429_reprofile/K2.5-tp4ep8dp2-8k2k,w2_decode_c64,,23,decode_only,36,64,passed,0,other_cuda,33.963022,2.018315,0.000000,0.000000,,1.516977,0.595460,0.357492,0.047048,0.000000,passed,37,103,8,52,44,passed,passed,prefill_serialization_bubble_unmodeled,decode_mla_attention_slope_dominates,phase429_reprofile_window_hits_attributed,apply_named_undercharge_or_bubble_fix,patch_or_recollect_named_perfdb_component,false,true,true,false,false,false,true,No-Go
phase429_reprofile,step_category,K2.5-tp4ep8dp2-8k2k,docs/iter_gap_investigation/phase429_reprofile/K2.5-tp4ep8dp2-8k2k,w2_decode_c64,,23,decode_only,36,64,passed,0,tp_or_dp_allreduce,33.963022,0.759158,0.000000,0.000000,,1.516977,0.595460,0.357492,0.047048,0.000000,passed,37,103,8,52,44,passed,passed,prefill_serialization_bubble_unmodeled,decode_mla_attention_slope_dominates,phase429_reprofile_window_hits_attributed,apply_named_undercharge_or_bubble_fix,patch_or_recollect_named_perfdb_component,false,true,true,false,false,false,true,No-Go
phase429_reprofile,step,K2.5-tp4ep8dp2-8k2k,docs/iter_gap_investigation/phase429_reprofile/K2.5-tp4ep8dp2-8k2k,w2_decode_c64,,24,decode_only,36,64,passed,0,,33.733556,,0.000000,0.000000,,1.516977,0.595460,0.357492,0.047048,0.000000,passed,37,103,8,52,44,passed,passed,prefill_serialization_bubble_unmodeled,decode_mla_attention_slope_dominates,phase429_reprofile_window_hits_attributed,apply_named_undercharge_or_bubble_fix,patch_or_recollect_named_perfdb_component,false,true,true,false,false,false,true,No-Go
phase429_reprofile,step_category,K2.5-tp4ep8dp2-8k2k,docs/iter_gap_investigation/phase429_reprofile/K2.5-tp4ep8dp2-8k2k,w2_decode_c64,,24,decode_only,36,64,passed,0,dense_gemm,33.733556,4.893600,0.000000,0.000000,,1.516977,0.595460,0.357492,0.047048,0.000000,passed,37,103,8,52,44,passed,passed,prefill_serialization_bubble_unmodeled,decode_mla_attention_slope_dominates,phase429_reprofile_window_hits_attributed,apply_named_undercharge_or_bubble_fix,patch_or_recollect_named_perfdb_component,false,true,true,false,false,false,true,No-Go
phase429_reprofile,step_category,K2.5-tp4ep8dp2-8k2k,docs/iter_gap_investigation/phase429_reprofile/K2.5-tp4ep8dp2-8k2k,w2_decode_c64,,24,decode_only,36,64,passed,0,ep_a2a,33.733556,7.122573,0.000000,0.000000,,1.516977,0.595460,0.357492,0.047048,0.000000,passed,37,103,8,52,44,passed,passed,prefill_serialization_bubble_unmodeled,decode_mla_attention_slope_dominates,phase429_reprofile_window_hits_attributed,apply_named_undercharge_or_bubble_fix,patch_or_recollect_named_perfdb_component,false,true,true,false,false,false,true,No-Go
phase429_reprofile,step_category,K2.5-tp4ep8dp2-8k2k,docs/iter_gap_investigation/phase429_reprofile/K2.5-tp4ep8dp2-8k2k,w2_decode_c64,,24,decode_only,36,64,passed,0,memcpy_memset,33.733556,0.112008,0.000000,0.000000,,1.516977,0.595460,0.357492,0.047048,0.000000,passed,37,103,8,52,44,passed,passed,prefill_serialization_bubble_unmodeled,decode_mla_attention_slope_dominates,phase429_reprofile_window_hits_attributed,apply_named_undercharge_or_bubble_fix,patch_or_recollect_named_perfdb_component,false,true,true,false,false,false,true,No-Go
phase429_reprofile,step_category,K2.5-tp4ep8dp2-8k2k,docs/iter_gap_investigation/phase429_reprofile/K2.5-tp4ep8dp2-8k2k,w2_decode_c64,,24,decode_only,36,64,passed,0,mla_attention,33.733556,8.840370,0.000000,0.000000,,1.516977,0.595460,0.357492,0.047048,0.000000,passed,37,103,8,52,44,passed,passed,prefill_serialization_bubble_unmodeled,decode_mla_attention_slope_dominates,phase429_reprofile_window_hits_attributed,apply_named_undercharge_or_bubble_fix,patch_or_recollect_named_perfdb_component,false,true,true,false,false,false,true,No-Go
phase429_reprofile,step_category,K2.5-tp4ep8dp2-8k2k,docs/iter_gap_investigation/phase429_reprofile/K2.5-tp4ep8dp2-8k2k,w2_decode_c64,,24,decode_only,36,64,passed,0,moe_gemm_or_aux,33.733556,10.136240,0.000000,0.000000,,1.516977,0.595460,0.357492,0.047048,0.000000,passed,37,103,8,52,44,passed,passed,prefill_serialization_bubble_unmodeled,decode_mla_attention_slope_dominates,phase429_reprofile_window_hits_attributed,apply_named_undercharge_or_bubble_fix,patch_or_recollect_named_perfdb_component,false,true,true,false,false,false,true,No-Go
phase429_reprofile,step_category,K2.5-tp4ep8dp2-8k2k,docs/iter_gap_investigation/phase429_reprofile/K2.5-tp4ep8dp2-8k2k,w2_decode_c64,,24,decode_only,36,64,passed,0,other_cuda,33.733556,2.012379,0.000000,0.000000,,1.516977,0.595460,0.357492,0.047048,0.000000,passed,37,103,8,52,44,passed,passed,prefill_serialization_bubble_unmodeled,decode_mla_attention_slope_dominates,phase429_reprofile_window_hits_attributed,apply_named_undercharge_or_bubble_fix,patch_or_recollect_named_perfdb_component,false,true,true,false,false,false,true,No-Go
phase429_reprofile,step_category,K2.5-tp4ep8dp2-8k2k,docs/iter_gap_investigation/phase429_reprofile/K2.5-tp4ep8dp2-8k2k,w2_decode_c64,,24,decode_only,36,64,passed,0,tp_or_dp_allreduce,33.733556,0.767634,0.000000,0.000000,,1.516977,0.595460,0.357492,0.047048,0.000000,passed,37,103,8,52,44,passed,passed,prefill_serialization_bubble_unmodeled,decode_mla_attention_slope_dominates,phase429_reprofile_window_hits_attributed,apply_named_undercharge_or_bubble_fix,patch_or_recollect_named_perfdb_component,false,true,true,false,false,false,true,No-Go
phase429_reprofile,step,K2.5-tp4ep8dp2-8k2k,docs/iter_gap_investigation/phase429_reprofile/K2.5-tp4ep8dp2-8k2k,w2_decode_c64,,25,decode_only,36,64,passed,0,,33.837669,,0.000000,0.000000,,1.516977,0.595460,0.357492,0.047048,0.000000,passed,37,103,8,52,44,passed,passed,prefill_serialization_bubble_unmodeled,decode_mla_attention_slope_dominates,phase429_reprofile_window_hits_attributed,apply_named_undercharge_or_bubble_fix,patch_or_recollect_named_perfdb_component,false,true,true,false,false,false,true,No-Go
phase429_reprofile,step_category,K2.5-tp4ep8dp2-8k2k,docs/iter_gap_investigation/phase429_reprofile/K2.5-tp4ep8dp2-8k2k,w2_decode_c64,,25,decode_only,36,64,passed,0,dense_gemm,33.837669,4.902834,0.000000,0.000000,,1.516977,0.595460,0.357492,0.047048,0.000000,passed,37,103,8,52,44,passed,passed,prefill_serialization_bubble_unmodeled,decode_mla_attention_slope_dominates,phase429_reprofile_window_hits_attributed,apply_named_undercharge_or_bubble_fix,patch_or_recollect_named_perfdb_component,false,true,true,false,false,false,true,No-Go
phase429_reprofile,step_category,K2.5-tp4ep8dp2-8k2k,docs/iter_gap_investigation/phase429_reprofile/K2.5-tp4ep8dp2-8k2k,w2_decode_c64,,25,decode_only,36,64,passed,0,ep_a2a,33.837669,7.154145,0.000000,0.000000,,1.516977,0.595460,0.357492,0.047048,0.000000,passed,37,103,8,52,44,passed,passed,prefill_serialization_bubble_unmodeled,decode_mla_attention_slope_dominates,phase429_reprofile_window_hits_attributed,apply_named_undercharge_or_bubble_fix,patch_or_recollect_named_perfdb_component,false,true,true,false,false,false,true,No-Go
phase429_reprofile,step_category,K2.5-tp4ep8dp2-8k2k,docs/iter_gap_investigation/phase429_reprofile/K2.5-tp4ep8dp2-8k2k,w2_decode_c64,,25,decode_only,36,64,passed,0,memcpy_memset,33.837669,0.112288,0.000000,0.000000,,1.516977,0.595460,0.357492,0.047048,0.000000,passed,37,103,8,52,44,passed,passed,prefill_serialization_bubble_unmodeled,decode_mla_attention_slope_dominates,phase429_reprofile_window_hits_attributed,apply_named_undercharge_or_bubble_fix,patch_or_recollect_named_perfdb_component,false,true,true,false,false,false,true,No-Go
phase429_reprofile,step_category,K2.5-tp4ep8dp2-8k2k,docs/iter_gap_investigation/phase429_reprofile/K2.5-tp4ep8dp2-8k2k,w2_decode_c64,,25,decode_only,36,64,passed,0,mla_attention,33.837669,8.831804,0.000000,0.000000,,1.516977,0.595460,0.357492,0.047048,0.000000,passed,37,103,8,52,44,passed,passed,prefill_serialization_bubble_unmodeled,decode_mla_attention_slope_dominates,phase429_reprofile_window_hits_attributed,apply_named_undercharge_or_bubble_fix,patch_or_recollect_named_perfdb_component,false,true,true,false,false,false,true,No-Go
phase429_reprofile,step_category,K2.5-tp4ep8dp2-8k2k,docs/iter_gap_investigation/phase429_reprofile/K2.5-tp4ep8dp2-8k2k,w2_decode_c64,,25,decode_only,36,64,passed,0,moe_gemm_or_aux,33.837669,10.155871,0.000000,0.000000,,1.516977,0.595460,0.357492,0.047048,0.000000,passed,37,103,8,52,44,passed,passed,prefill_serialization_bubble_unmodeled,decode_mla_attention_slope_dominates,phase429_reprofile_window_hits_attributed,apply_named_undercharge_or_bubble_fix,patch_or_recollect_named_perfdb_component,false,true,true,false,false,false,true,No-Go
phase429_reprofile,step_category,K2.5-tp4ep8dp2-8k2k,docs/iter_gap_investigation/phase429_reprofile/K2.5-tp4ep8dp2-8k2k,w2_decode_c64,,25,decode_only,36,64,passed,0,other_cuda,33.837669,2.019809,0.000000,0.000000,,1.516977,0.595460,0.357492,0.047048,0.000000,passed,37,103,8,52,44,passed,passed,prefill_serialization_bubble_unmodeled,decode_mla_attention_slope_dominates,phase429_reprofile_window_hits_attributed,apply_named_undercharge_or_bubble_fix,patch_or_recollect_named_perfdb_component,false,true,true,false,false,false,true,No-Go
phase429_reprofile,step_category,K2.5-tp4ep8dp2-8k2k,docs/iter_gap_investigation/phase429_reprofile/K2.5-tp4ep8dp2-8k2k,w2_decode_c64,,25,decode_only,36,64,passed,0,tp_or_dp_allreduce,33.837669,0.763806,0.000000,0.000000,,1.516977,0.595460,0.357492,0.047048,0.000000,passed,37,103,8,52,44,passed,passed,prefill_serialization_bubble_unmodeled,decode_mla_attention_slope_dominates,phase429_reprofile_window_hits_attributed,apply_named_undercharge_or_bubble_fix,patch_or_recollect_named_perfdb_component,false,true,true,false,false,false,true,No-Go
phase429_reprofile,step,K2.5-tp4ep8dp2-8k2k,docs/iter_gap_investigation/phase429_reprofile/K2.5-tp4ep8dp2-8k2k,w2_decode_c64,,26,decode_only,36,64,passed,0,,33.783797,,0.007288,0.000216,,1.516977,0.595460,0.357492,0.047048,0.000000,passed,37,103,8,52,44,passed,passed,prefill_serialization_bubble_unmodeled,decode_mla_attention_slope_dominates,phase429_reprofile_window_hits_attributed,apply_named_undercharge_or_bubble_fix,patch_or_recollect_named_perfdb_component,false,true,true,false,false,false,true,No-Go
phase429_reprofile,step_category,K2.5-tp4ep8dp2-8k2k,docs/iter_gap_investigation/phase429_reprofile/K2.5-tp4ep8dp2-8k2k,w2_decode_c64,,26,decode_only,36,64,passed,0,dense_gemm,33.783797,4.902238,0.007288,0.000216,,1.516977,0.595460,0.357492,0.047048,0.000000,passed,37,103,8,52,44,passed,passed,prefill_serialization_bubble_unmodeled,decode_mla_attention_slope_dominates,phase429_reprofile_window_hits_attributed,apply_named_undercharge_or_bubble_fix,patch_or_recollect_named_perfdb_component,false,true,true,false,false,false,true,No-Go
phase429_reprofile,step_category,K2.5-tp4ep8dp2-8k2k,docs/iter_gap_investigation/phase429_reprofile/K2.5-tp4ep8dp2-8k2k,w2_decode_c64,,26,decode_only,36,64,passed,0,ep_a2a,33.783797,7.049665,0.007288,0.000216,,1.516977,0.595460,0.357492,0.047048,0.000000,passed,37,103,8,52,44,passed,passed,prefill_serialization_bubble_unmodeled,decode_mla_attention_slope_dominates,phase429_reprofile_window_hits_attributed,apply_named_undercharge_or_bubble_fix,patch_or_recollect_named_perfdb_component,false,true,true,false,false,false,true,No-Go
phase429_reprofile,step_category,K2.5-tp4ep8dp2-8k2k,docs/iter_gap_investigation/phase429_reprofile/K2.5-tp4ep8dp2-8k2k,w2_decode_c64,,26,decode_only,36,64,passed,0,memcpy_memset,33.783797,0.112573,0.007288,0.000216,,1.516977,0.595460,0.357492,0.047048,0.000000,passed,37,103,8,52,44,passed,passed,prefill_serialization_bubble_unmodeled,decode_mla_attention_slope_dominates,phase429_reprofile_window_hits_attributed,apply_named_undercharge_or_bubble_fix,patch_or_recollect_named_perfdb_component,false,true,true,false,false,false,true,No-Go
phase429_reprofile,step_category,K2.5-tp4ep8dp2-8k2k,docs/iter_gap_investigation/phase429_reprofile/K2.5-tp4ep8dp2-8k2k,w2_decode_c64,,26,decode_only,36,64,passed,0,mla_attention,33.783797,8.782977,0.007288,0.000216,,1.516977,0.595460,0.357492,0.047048,0.000000,passed,37,103,8,52,44,passed,passed,prefill_serialization_bubble_unmodeled,decode_mla_attention_slope_dominates,phase429_reprofile_window_hits_attributed,apply_named_undercharge_or_bubble_fix,patch_or_recollect_named_perfdb_component,false,true,true,false,false,false,true,No-Go
phase429_reprofile,step_category,K2.5-tp4ep8dp2-8k2k,docs/iter_gap_investigation/phase429_reprofile/K2.5-tp4ep8dp2-8k2k,w2_decode_c64,,26,decode_only,36,64,passed,0,moe_gemm_or_aux,33.783797,10.281201,0.007288,0.000216,,1.516977,0.595460,0.357492,0.047048,0.000000,passed,37,103,8,52,44,passed,passed,prefill_serialization_bubble_unmodeled,decode_mla_attention_slope_dominates,phase429_reprofile_window_hits_attributed,apply_named_undercharge_or_bubble_fix,patch_or_recollect_named_perfdb_component,false,true,true,false,false,false,true,No-Go
phase429_reprofile,step_category,K2.5-tp4ep8dp2-8k2k,docs/iter_gap_investigation/phase429_reprofile/K2.5-tp4ep8dp2-8k2k,w2_decode_c64,,26,decode_only,36,64,passed,0,other_cuda,33.783797,2.016859,0.007288,0.000216,,1.516977,0.595460,0.357492,0.047048,0.000000,passed,37,103,8,52,44,passed,passed,prefill_serialization_bubble_unmodeled,decode_mla_attention_slope_dominates,phase429_reprofile_window_hits_attributed,apply_named_undercharge_or_bubble_fix,patch_or_recollect_named_perfdb_component,false,true,true,false,false,false,true,No-Go
phase429_reprofile,step_category,K2.5-tp4ep8dp2-8k2k,docs/iter_gap_investigation/phase429_reprofile/K2.5-tp4ep8dp2-8k2k,w2_decode_c64,,26,decode_only,36,64,passed,0,tp_or_dp_allreduce,33.783797,0.765717,0.007288,0.000216,,1.516977,0.595460,0.357492,0.047048,0.000000,passed,37,103,8,52,44,passed,passed,prefill_serialization_bubble_unmodeled,decode_mla_attention_slope_dominates,phase429_reprofile_window_hits_attributed,apply_named_undercharge_or_bubble_fix,patch_or_recollect_named_perfdb_component,false,true,true,false,false,false,true,No-Go
phase429_reprofile,step,K2.5-tp4ep8dp2-8k2k,docs/iter_gap_investigation/phase429_reprofile/K2.5-tp4ep8dp2-8k2k,w2_decode_c64,,27,decode_only,36,64,passed,0,,33.678173,,0.000336,0.000010,,1.516977,0.595460,0.357492,0.047048,0.000000,passed,37,103,8,52,44,passed,passed,prefill_serialization_bubble_unmodeled,decode_mla_attention_slope_dominates,phase429_reprofile_window_hits_attributed,apply_named_undercharge_or_bubble_fix,patch_or_recollect_named_perfdb_component,false,true,true,false,false,false,true,No-Go
phase429_reprofile,step_category,K2.5-tp4ep8dp2-8k2k,docs/iter_gap_investigation/phase429_reprofile/K2.5-tp4ep8dp2-8k2k,w2_decode_c64,,27,decode_only,36,64,passed,0,dense_gemm,33.678173,4.896386,0.000336,0.000010,,1.516977,0.595460,0.357492,0.047048,0.000000,passed,37,103,8,52,44,passed,passed,prefill_serialization_bubble_unmodeled,decode_mla_attention_slope_dominates,phase429_reprofile_window_hits_attributed,apply_named_undercharge_or_bubble_fix,patch_or_recollect_named_perfdb_component,false,true,true,false,false,false,true,No-Go
phase429_reprofile,step_category,K2.5-tp4ep8dp2-8k2k,docs/iter_gap_investigation/phase429_reprofile/K2.5-tp4ep8dp2-8k2k,w2_decode_c64,,27,decode_only,36,64,passed,0,ep_a2a,33.678173,7.197394,0.000336,0.000010,,1.516977,0.595460,0.357492,0.047048,0.000000,passed,37,103,8,52,44,passed,passed,prefill_serialization_bubble_unmodeled,decode_mla_attention_slope_dominates,phase429_reprofile_window_hits_attributed,apply_named_undercharge_or_bubble_fix,patch_or_recollect_named_perfdb_component,false,true,true,false,false,false,true,No-Go
phase429_reprofile,step_category,K2.5-tp4ep8dp2-8k2k,docs/iter_gap_investigation/phase429_reprofile/K2.5-tp4ep8dp2-8k2k,w2_decode_c64,,27,decode_only,36,64,passed,0,memcpy_memset,33.678173,0.114874,0.000336,0.000010,,1.516977,0.595460,0.357492,0.047048,0.000000,passed,37,103,8,52,44,passed,passed,prefill_serialization_bubble_unmodeled,decode_mla_attention_slope_dominates,phase429_reprofile_window_hits_attributed,apply_named_undercharge_or_bubble_fix,patch_or_recollect_named_perfdb_component,false,true,true,false,false,false,true,No-Go
phase429_reprofile,step_category,K2.5-tp4ep8dp2-8k2k,docs/iter_gap_investigation/phase429_reprofile/K2.5-tp4ep8dp2-8k2k,w2_decode_c64,,27,decode_only,36,64,passed,0,mla_attention,33.678173,8.797465,0.000336,0.000010,,1.516977,0.595460,0.357492,0.047048,0.000000,passed,37,103,8,52,44,passed,passed,prefill_serialization_bubble_unmodeled,decode_mla_attention_slope_dominates,phase429_reprofile_window_hits_attributed,apply_named_undercharge_or_bubble_fix,patch_or_recollect_named_perfdb_component,false,true,true,false,false,false,true,No-Go
phase429_reprofile,step_category,K2.5-tp4ep8dp2-8k2k,docs/iter_gap_investigation/phase429_reprofile/K2.5-tp4ep8dp2-8k2k,w2_decode_c64,,27,decode_only,36,64,passed,0,moe_gemm_or_aux,33.678173,10.021290,0.000336,0.000010,,1.516977,0.595460,0.357492,0.047048,0.000000,passed,37,103,8,52,44,passed,passed,prefill_serialization_bubble_unmodeled,decode_mla_attention_slope_dominates,phase429_reprofile_window_hits_attributed,apply_named_undercharge_or_bubble_fix,patch_or_recollect_named_perfdb_component,false,true,true,false,false,false,true,No-Go
phase429_reprofile,step_category,K2.5-tp4ep8dp2-8k2k,docs/iter_gap_investigation/phase429_reprofile/K2.5-tp4ep8dp2-8k2k,w2_decode_c64,,27,decode_only,36,64,passed,0,other_cuda,33.678173,2.013284,0.000336,0.000010,,1.516977,0.595460,0.357492,0.047048,0.000000,passed,37,103,8,52,44,passed,passed,prefill_serialization_bubble_unmodeled,decode_mla_attention_slope_dominates,phase429_reprofile_window_hits_attributed,apply_named_undercharge_or_bubble_fix,patch_or_recollect_named_perfdb_component,false,true,true,false,false,false,true,No-Go
phase429_reprofile,step_category,K2.5-tp4ep8dp2-8k2k,docs/iter_gap_investigation/phase429_reprofile/K2.5-tp4ep8dp2-8k2k,w2_decode_c64,,27,decode_only,36,64,passed,0,tp_or_dp_allreduce,33.678173,0.767288,0.000336,0.000010,,1.516977,0.595460,0.357492,0.047048,0.000000,passed,37,103,8,52,44,passed,passed,prefill_serialization_bubble_unmodeled,decode_mla_attention_slope_dominates,phase429_reprofile_window_hits_attributed,apply_named_undercharge_or_bubble_fix,patch_or_recollect_named_perfdb_component,false,true,true,false,false,false,true,No-Go
phase429_reprofile,step,K2.5-tp4ep8dp2-8k2k,docs/iter_gap_investigation/phase429_reprofile/K2.5-tp4ep8dp2-8k2k,w2_decode_c64,,28,decode_only,36,64,passed,0,,33.752900,,0.000000,0.000000,,1.516977,0.595460,0.357492,0.047048,0.000000,passed,37,103,8,52,44,passed,passed,prefill_serialization_bubble_unmodeled,decode_mla_attention_slope_dominates,phase429_reprofile_window_hits_attributed,apply_named_undercharge_or_bubble_fix,patch_or_recollect_named_perfdb_component,false,true,true,false,false,false,true,No-Go
phase429_reprofile,step_category,K2.5-tp4ep8dp2-8k2k,docs/iter_gap_investigation/phase429_reprofile/K2.5-tp4ep8dp2-8k2k,w2_decode_c64,,28,decode_only,36,64,passed,0,dense_gemm,33.752900,4.899854,0.000000,0.000000,,1.516977,0.595460,0.357492,0.047048,0.000000,passed,37,103,8,52,44,passed,passed,prefill_serialization_bubble_unmodeled,decode_mla_attention_slope_dominates,phase429_reprofile_window_hits_attributed,apply_named_undercharge_or_bubble_fix,patch_or_recollect_named_perfdb_component,false,true,true,false,false,false,true,No-Go
phase429_reprofile,step_category,K2.5-tp4ep8dp2-8k2k,docs/iter_gap_investigation/phase429_reprofile/K2.5-tp4ep8dp2-8k2k,w2_decode_c64,,28,decode_only,36,64,passed,0,ep_a2a,33.752900,7.161188,0.000000,0.000000,,1.516977,0.595460,0.357492,0.047048,0.000000,passed,37,103,8,52,44,passed,passed,prefill_serialization_bubble_unmodeled,decode_mla_attention_slope_dominates,phase429_reprofile_window_hits_attributed,apply_named_undercharge_or_bubble_fix,patch_or_recollect_named_perfdb_component,false,true,true,false,false,false,true,No-Go
phase429_reprofile,step_category,K2.5-tp4ep8dp2-8k2k,docs/iter_gap_investigation/phase429_reprofile/K2.5-tp4ep8dp2-8k2k,w2_decode_c64,,28,decode_only,36,64,passed,0,memcpy_memset,33.752900,0.112525,0.000000,0.000000,,1.516977,0.595460,0.357492,0.047048,0.000000,passed,37,103,8,52,44,passed,passed,prefill_serialization_bubble_unmodeled,decode_mla_attention_slope_dominates,phase429_reprofile_window_hits_attributed,apply_named_undercharge_or_bubble_fix,patch_or_recollect_named_perfdb_component,false,true,true,false,false,false,true,No-Go
phase429_reprofile,step_category,K2.5-tp4ep8dp2-8k2k,docs/iter_gap_investigation/phase429_reprofile/K2.5-tp4ep8dp2-8k2k,w2_decode_c64,,28,decode_only,36,64,passed,0,mla_attention,33.752900,8.803517,0.000000,0.000000,,1.516977,0.595460,0.357492,0.047048,0.000000,passed,37,103,8,52,44,passed,passed,prefill_serialization_bubble_unmodeled,decode_mla_attention_slope_dominates,phase429_reprofile_window_hits_attributed,apply_named_undercharge_or_bubble_fix,patch_or_recollect_named_perfdb_component,false,true,true,false,false,false,true,No-Go
phase429_reprofile,step_category,K2.5-tp4ep8dp2-8k2k,docs/iter_gap_investigation/phase429_reprofile/K2.5-tp4ep8dp2-8k2k,w2_decode_c64,,28,decode_only,36,64,passed,0,moe_gemm_or_aux,33.752900,10.125706,0.000000,0.000000,,1.516977,0.595460,0.357492,0.047048,0.000000,passed,37,103,8,52,44,passed,passed,prefill_serialization_bubble_unmodeled,decode_mla_attention_slope_dominates,phase429_reprofile_window_hits_attributed,apply_named_undercharge_or_bubble_fix,patch_or_recollect_named_perfdb_component,false,true,true,false,false,false,true,No-Go
phase429_reprofile,step_category,K2.5-tp4ep8dp2-8k2k,docs/iter_gap_investigation/phase429_reprofile/K2.5-tp4ep8dp2-8k2k,w2_decode_c64,,28,decode_only,36,64,passed,0,other_cuda,33.752900,2.018761,0.000000,0.000000,,1.516977,0.595460,0.357492,0.047048,0.000000,passed,37,103,8,52,44,passed,passed,prefill_serialization_bubble_unmodeled,decode_mla_attention_slope_dominates,phase429_reprofile_window_hits_attributed,apply_named_undercharge_or_bubble_fix,patch_or_recollect_named_perfdb_component,false,true,true,false,false,false,true,No-Go
phase429_reprofile,step_category,K2.5-tp4ep8dp2-8k2k,docs/iter_gap_investigation/phase429_reprofile/K2.5-tp4ep8dp2-8k2k,w2_decode_c64,,28,decode_only,36,64,passed,0,tp_or_dp_allreduce,33.752900,0.764470,0.000000,0.000000,,1.516977,0.595460,0.357492,0.047048,0.000000,passed,37,103,8,52,44,passed,passed,prefill_serialization_bubble_unmodeled,decode_mla_attention_slope_dominates,phase429_reprofile_window_hits_attributed,apply_named_undercharge_or_bubble_fix,patch_or_recollect_named_perfdb_component,false,true,true,false,false,false,true,No-Go
phase429_reprofile,step,K2.5-tp4ep8dp2-8k2k,docs/iter_gap_investigation/phase429_reprofile/K2.5-tp4ep8dp2-8k2k,w2_decode_c64,,29,decode_only,36,64,passed,0,,33.740244,,0.000000,0.000000,,1.516977,0.595460,0.357492,0.047048,0.000000,passed,37,103,8,52,44,passed,passed,prefill_serialization_bubble_unmodeled,decode_mla_attention_slope_dominates,phase429_reprofile_window_hits_attributed,apply_named_undercharge_or_bubble_fix,patch_or_recollect_named_perfdb_component,false,true,true,false,false,false,true,No-Go
phase429_reprofile,step_category,K2.5-tp4ep8dp2-8k2k,docs/iter_gap_investigation/phase429_reprofile/K2.5-tp4ep8dp2-8k2k,w2_decode_c64,,29,decode_only,36,64,passed,0,dense_gemm,33.740244,4.893563,0.000000,0.000000,,1.516977,0.595460,0.357492,0.047048,0.000000,passed,37,103,8,52,44,passed,passed,prefill_serialization_bubble_unmodeled,decode_mla_attention_slope_dominates,phase429_reprofile_window_hits_attributed,apply_named_undercharge_or_bubble_fix,patch_or_recollect_named_perfdb_component,false,true,true,false,false,false,true,No-Go
phase429_reprofile,step_category,K2.5-tp4ep8dp2-8k2k,docs/iter_gap_investigation/phase429_reprofile/K2.5-tp4ep8dp2-8k2k,w2_decode_c64,,29,decode_only,36,64,passed,0,ep_a2a,33.740244,7.085605,0.000000,0.000000,,1.516977,0.595460,0.357492,0.047048,0.000000,passed,37,103,8,52,44,passed,passed,prefill_serialization_bubble_unmodeled,decode_mla_attention_slope_dominates,phase429_reprofile_window_hits_attributed,apply_named_undercharge_or_bubble_fix,patch_or_recollect_named_perfdb_component,false,true,true,false,false,false,true,No-Go
phase429_reprofile,step_category,K2.5-tp4ep8dp2-8k2k,docs/iter_gap_investigation/phase429_reprofile/K2.5-tp4ep8dp2-8k2k,w2_decode_c64,,29,decode_only,36,64,passed,0,memcpy_memset,33.740244,0.113746,0.000000,0.000000,,1.516977,0.595460,0.357492,0.047048,0.000000,passed,37,103,8,52,44,passed,passed,prefill_serialization_bubble_unmodeled,decode_mla_attention_slope_dominates,phase429_reprofile_window_hits_attributed,apply_named_undercharge_or_bubble_fix,patch_or_recollect_named_perfdb_component,false,true,true,false,false,false,true,No-Go
phase429_reprofile,step_category,K2.5-tp4ep8dp2-8k2k,docs/iter_gap_investigation/phase429_reprofile/K2.5-tp4ep8dp2-8k2k,w2_decode_c64,,29,decode_only,36,64,passed,0,mla_attention,33.740244,8.788818,0.000000,0.000000,,1.516977,0.595460,0.357492,0.047048,0.000000,passed,37,103,8,52,44,passed,passed,prefill_serialization_bubble_unmodeled,decode_mla_attention_slope_dominates,phase429_reprofile_window_hits_attributed,apply_named_undercharge_or_bubble_fix,patch_or_recollect_named_perfdb_component,false,true,true,false,false,false,true,No-Go
phase429_reprofile,step_category,K2.5-tp4ep8dp2-8k2k,docs/iter_gap_investigation/phase429_reprofile/K2.5-tp4ep8dp2-8k2k,w2_decode_c64,,29,decode_only,36,64,passed,0,moe_gemm_or_aux,33.740244,10.218637,0.000000,0.000000,,1.516977,0.595460,0.357492,0.047048,0.000000,passed,37,103,8,52,44,passed,passed,prefill_serialization_bubble_unmodeled,decode_mla_attention_slope_dominates,phase429_reprofile_window_hits_attributed,apply_named_undercharge_or_bubble_fix,patch_or_recollect_named_perfdb_component,false,true,true,false,false,false,true,No-Go
phase429_reprofile,step_category,K2.5-tp4ep8dp2-8k2k,docs/iter_gap_investigation/phase429_reprofile/K2.5-tp4ep8dp2-8k2k,w2_decode_c64,,29,decode_only,36,64,passed,0,other_cuda,33.740244,2.015767,0.000000,0.000000,,1.516977,0.595460,0.357492,0.047048,0.000000,passed,37,103,8,52,44,passed,passed,prefill_serialization_bubble_unmodeled,decode_mla_attention_slope_dominates,phase429_reprofile_window_hits_attributed,apply_named_undercharge_or_bubble_fix,patch_or_recollect_named_perfdb_component,false,true,true,false,false,false,true,No-Go
phase429_reprofile,step_category,K2.5-tp4ep8dp2-8k2k,docs/iter_gap_investigation/phase429_reprofile/K2.5-tp4ep8dp2-8k2k,w2_decode_c64,,29,decode_only,36,64,passed,0,tp_or_dp_allreduce,33.740244,0.766857,0.000000,0.000000,,1.516977,0.595460,0.357492,0.047048,0.000000,passed,37,103,8,52,44,passed,passed,prefill_serialization_bubble_unmodeled,decode_mla_attention_slope_dominates,phase429_reprofile_window_hits_attributed,apply_named_undercharge_or_bubble_fix,patch_or_recollect_named_perfdb_component,false,true,true,false,false,false,true,No-Go
phase429_reprofile,step,K2.5-tp4ep8dp2-8k2k,docs/iter_gap_investigation/phase429_reprofile/K2.5-tp4ep8dp2-8k2k,w2_decode_c64,,30,decode_only,36,64,passed,0,,33.812979,,0.000000,0.000000,,1.516977,0.595460,0.357492,0.047048,0.000000,passed,37,103,8,52,44,passed,passed,prefill_serialization_bubble_unmodeled,decode_mla_attention_slope_dominates,phase429_reprofile_window_hits_attributed,apply_named_undercharge_or_bubble_fix,patch_or_recollect_named_perfdb_component,false,true,true,false,false,false,true,No-Go
phase429_reprofile,step_category,K2.5-tp4ep8dp2-8k2k,docs/iter_gap_investigation/phase429_reprofile/K2.5-tp4ep8dp2-8k2k,w2_decode_c64,,30,decode_only,36,64,passed,0,dense_gemm,33.812979,4.879583,0.000000,0.000000,,1.516977,0.595460,0.357492,0.047048,0.000000,passed,37,103,8,52,44,passed,passed,prefill_serialization_bubble_unmodeled,decode_mla_attention_slope_dominates,phase429_reprofile_window_hits_attributed,apply_named_undercharge_or_bubble_fix,patch_or_recollect_named_perfdb_component,false,true,true,false,false,false,true,No-Go
phase429_reprofile,step_category,K2.5-tp4ep8dp2-8k2k,docs/iter_gap_investigation/phase429_reprofile/K2.5-tp4ep8dp2-8k2k,w2_decode_c64,,30,decode_only,36,64,passed,0,ep_a2a,33.812979,7.305739,0.000000,0.000000,,1.516977,0.595460,0.357492,0.047048,0.000000,passed,37,103,8,52,44,passed,passed,prefill_serialization_bubble_unmodeled,decode_mla_attention_slope_dominates,phase429_reprofile_window_hits_attributed,apply_named_undercharge_or_bubble_fix,patch_or_recollect_named_perfdb_component,false,true,true,false,false,false,true,No-Go
phase429_reprofile,step_category,K2.5-tp4ep8dp2-8k2k,docs/iter_gap_investigation/phase429_reprofile/K2.5-tp4ep8dp2-8k2k,w2_decode_c64,,30,decode_only,36,64,passed,0,memcpy_memset,33.812979,0.112582,0.000000,0.000000,,1.516977,0.595460,0.357492,0.047048,0.000000,passed,37,103,8,52,44,passed,passed,prefill_serialization_bubble_unmodeled,decode_mla_attention_slope_dominates,phase429_reprofile_window_hits_attributed,apply_named_undercharge_or_bubble_fix,patch_or_recollect_named_perfdb_component,false,true,true,false,false,false,true,No-Go
phase429_reprofile,step_category,K2.5-tp4ep8dp2-8k2k,docs/iter_gap_investigation/phase429_reprofile/K2.5-tp4ep8dp2-8k2k,w2_decode_c64,,30,decode_only,36,64,passed,0,mla_attention,33.812979,8.775342,0.000000,0.000000,,1.516977,0.595460,0.357492,0.047048,0.000000,passed,37,103,8,52,44,passed,passed,prefill_serialization_bubble_unmodeled,decode_mla_attention_slope_dominates,phase429_reprofile_window_hits_attributed,apply_named_undercharge_or_bubble_fix,patch_or_recollect_named_perfdb_component,false,true,true,false,false,false,true,No-Go
phase429_reprofile,step_category,K2.5-tp4ep8dp2-8k2k,docs/iter_gap_investigation/phase429_reprofile/K2.5-tp4ep8dp2-8k2k,w2_decode_c64,,30,decode_only,36,64,passed,0,moe_gemm_or_aux,33.812979,10.078171,0.000000,0.000000,,1.516977,0.595460,0.357492,0.047048,0.000000,passed,37,103,8,52,44,passed,passed,prefill_serialization_bubble_unmodeled,decode_mla_attention_slope_dominates,phase429_reprofile_window_hits_attributed,apply_named_undercharge_or_bubble_fix,patch_or_recollect_named_perfdb_component,false,true,true,false,false,false,true,No-Go
phase429_reprofile,step_category,K2.5-tp4ep8dp2-8k2k,docs/iter_gap_investigation/phase429_reprofile/K2.5-tp4ep8dp2-8k2k,w2_decode_c64,,30,decode_only,36,64,passed,0,other_cuda,33.812979,2.010348,0.000000,0.000000,,1.516977,0.595460,0.357492,0.047048,0.000000,passed,37,103,8,52,44,passed,passed,prefill_serialization_bubble_unmodeled,decode_mla_attention_slope_dominates,phase429_reprofile_window_hits_attributed,apply_named_undercharge_or_bubble_fix,patch_or_recollect_named_perfdb_component,false,true,true,false,false,false,true,No-Go
phase429_reprofile,step_category,K2.5-tp4ep8dp2-8k2k,docs/iter_gap_investigation/phase429_reprofile/K2.5-tp4ep8dp2-8k2k,w2_decode_c64,,30,decode_only,36,64,passed,0,tp_or_dp_allreduce,33.812979,0.767920,0.000000,0.000000,,1.516977,0.595460,0.357492,0.047048,0.000000,passed,37,103,8,52,44,passed,passed,prefill_serialization_bubble_unmodeled,decode_mla_attention_slope_dominates,phase429_reprofile_window_hits_attributed,apply_named_undercharge_or_bubble_fix,patch_or_recollect_named_perfdb_component,false,true,true,false,false,false,true,No-Go
phase429_reprofile,step,K2.5-tp4ep8dp2-8k2k,docs/iter_gap_investigation/phase429_reprofile/K2.5-tp4ep8dp2-8k2k,w2_decode_c64,,31,decode_only,36,64,passed,0,,33.795294,,0.000000,0.000000,,1.516977,0.595460,0.357492,0.047048,0.000000,passed,37,103,8,52,44,passed,passed,prefill_serialization_bubble_unmodeled,decode_mla_attention_slope_dominates,phase429_reprofile_window_hits_attributed,apply_named_undercharge_or_bubble_fix,patch_or_recollect_named_perfdb_component,false,true,true,false,false,false,true,No-Go
phase429_reprofile,step_category,K2.5-tp4ep8dp2-8k2k,docs/iter_gap_investigation/phase429_reprofile/K2.5-tp4ep8dp2-8k2k,w2_decode_c64,,31,decode_only,36,64,passed,0,dense_gemm,33.795294,4.898353,0.000000,0.000000,,1.516977,0.595460,0.357492,0.047048,0.000000,passed,37,103,8,52,44,passed,passed,prefill_serialization_bubble_unmodeled,decode_mla_attention_slope_dominates,phase429_reprofile_window_hits_attributed,apply_named_undercharge_or_bubble_fix,patch_or_recollect_named_perfdb_component,false,true,true,false,false,false,true,No-Go
phase429_reprofile,step_category,K2.5-tp4ep8dp2-8k2k,docs/iter_gap_investigation/phase429_reprofile/K2.5-tp4ep8dp2-8k2k,w2_decode_c64,,31,decode_only,36,64,passed,0,ep_a2a,33.795294,7.207173,0.000000,0.000000,,1.516977,0.595460,0.357492,0.047048,0.000000,passed,37,103,8,52,44,passed,passed,prefill_serialization_bubble_unmodeled,decode_mla_attention_slope_dominates,phase429_reprofile_window_hits_attributed,apply_named_undercharge_or_bubble_fix,patch_or_recollect_named_perfdb_component,false,true,true,false,false,false,true,No-Go
phase429_reprofile,step_category,K2.5-tp4ep8dp2-8k2k,docs/iter_gap_investigation/phase429_reprofile/K2.5-tp4ep8dp2-8k2k,w2_decode_c64,,31,decode_only,36,64,passed,0,memcpy_memset,33.795294,0.115557,0.000000,0.000000,,1.516977,0.595460,0.357492,0.047048,0.000000,passed,37,103,8,52,44,passed,passed,prefill_serialization_bubble_unmodeled,decode_mla_attention_slope_dominates,phase429_reprofile_window_hits_attributed,apply_named_undercharge_or_bubble_fix,patch_or_recollect_named_perfdb_component,false,true,true,false,false,false,true,No-Go
phase429_reprofile,step_category,K2.5-tp4ep8dp2-8k2k,docs/iter_gap_investigation/phase429_reprofile/K2.5-tp4ep8dp2-8k2k,w2_decode_c64,,31,decode_only,36,64,passed,0,mla_attention,33.795294,8.719664,0.000000,0.000000,,1.516977,0.595460,0.357492,0.047048,0.000000,passed,37,103,8,52,44,passed,passed,prefill_serialization_bubble_unmodeled,decode_mla_attention_slope_dominates,phase429_reprofile_window_hits_attributed,apply_named_undercharge_or_bubble_fix,patch_or_recollect_named_perfdb_component,false,true,true,false,false,false,true,No-Go
phase429_reprofile,step_category,K2.5-tp4ep8dp2-8k2k,docs/iter_gap_investigation/phase429_reprofile/K2.5-tp4ep8dp2-8k2k,w2_decode_c64,,31,decode_only,36,64,passed,0,moe_gemm_or_aux,33.795294,10.162018,0.000000,0.000000,,1.516977,0.595460,0.357492,0.047048,0.000000,passed,37,103,8,52,44,passed,passed,prefill_serialization_bubble_unmodeled,decode_mla_attention_slope_dominates,phase429_reprofile_window_hits_attributed,apply_named_undercharge_or_bubble_fix,patch_or_recollect_named_perfdb_component,false,true,true,false,false,false,true,No-Go
phase429_reprofile,step_category,K2.5-tp4ep8dp2-8k2k,docs/iter_gap_investigation/phase429_reprofile/K2.5-tp4ep8dp2-8k2k,w2_decode_c64,,31,decode_only,36,64,passed,0,other_cuda,33.795294,2.014694,0.000000,0.000000,,1.516977,0.595460,0.357492,0.047048,0.000000,passed,37,103,8,52,44,passed,passed,prefill_serialization_bubble_unmodeled,decode_mla_attention_slope_dominates,phase429_reprofile_window_hits_attributed,apply_named_undercharge_or_bubble_fix,patch_or_recollect_named_perfdb_component,false,true,true,false,false,false,true,No-Go
phase429_reprofile,step_category,K2.5-tp4ep8dp2-8k2k,docs/iter_gap_investigation/phase429_reprofile/K2.5-tp4ep8dp2-8k2k,w2_decode_c64,,31,decode_only,36,64,passed,0,tp_or_dp_allreduce,33.795294,0.775731,0.000000,0.000000,,1.516977,0.595460,0.357492,0.047048,0.000000,passed,37,103,8,52,44,passed,passed,prefill_serialization_bubble_unmodeled,decode_mla_attention_slope_dominates,phase429_reprofile_window_hits_attributed,apply_named_undercharge_or_bubble_fix,patch_or_recollect_named_perfdb_component,false,true,true,false,false,false,true,No-Go
phase429_reprofile,step,K2.5-tp4ep8dp2-8k2k,docs/iter_gap_investigation/phase429_reprofile/K2.5-tp4ep8dp2-8k2k,w2_decode_c64,,32,decode_only,36,64,passed,0,,33.687700,,0.000000,0.000000,,1.516977,0.595460,0.357492,0.047048,0.000000,passed,37,103,8,52,44,passed,passed,prefill_serialization_bubble_unmodeled,decode_mla_attention_slope_dominates,phase429_reprofile_window_hits_attributed,apply_named_undercharge_or_bubble_fix,patch_or_recollect_named_perfdb_component,false,true,true,false,false,false,true,No-Go
phase429_reprofile,step_category,K2.5-tp4ep8dp2-8k2k,docs/iter_gap_investigation/phase429_reprofile/K2.5-tp4ep8dp2-8k2k,w2_decode_c64,,32,decode_only,36,64,passed,0,dense_gemm,33.687700,4.874117,0.000000,0.000000,,1.516977,0.595460,0.357492,0.047048,0.000000,passed,37,103,8,52,44,passed,passed,prefill_serialization_bubble_unmodeled,decode_mla_attention_slope_dominates,phase429_reprofile_window_hits_attributed,apply_named_undercharge_or_bubble_fix,patch_or_recollect_named_perfdb_component,false,true,true,false,false,false,true,No-Go
phase429_reprofile,step_category,K2.5-tp4ep8dp2-8k2k,docs/iter_gap_investigation/phase429_reprofile/K2.5-tp4ep8dp2-8k2k,w2_decode_c64,,32,decode_only,36,64,passed,0,ep_a2a,33.687700,7.230782,0.000000,0.000000,,1.516977,0.595460,0.357492,0.047048,0.000000,passed,37,103,8,52,44,passed,passed,prefill_serialization_bubble_unmodeled,decode_mla_attention_slope_dominates,phase429_reprofile_window_hits_attributed,apply_named_undercharge_or_bubble_fix,patch_or_recollect_named_perfdb_component,false,true,true,false,false,false,true,No-Go
phase429_reprofile,step_category,K2.5-tp4ep8dp2-8k2k,docs/iter_gap_investigation/phase429_reprofile/K2.5-tp4ep8dp2-8k2k,w2_decode_c64,,32,decode_only,36,64,passed,0,memcpy_memset,33.687700,0.112325,0.000000,0.000000,,1.516977,0.595460,0.357492,0.047048,0.000000,passed,37,103,8,52,44,passed,passed,prefill_serialization_bubble_unmodeled,decode_mla_attention_slope_dominates,phase429_reprofile_window_hits_attributed,apply_named_undercharge_or_bubble_fix,patch_or_recollect_named_perfdb_component,false,true,true,false,false,false,true,No-Go
phase429_reprofile,step_category,K2.5-tp4ep8dp2-8k2k,docs/iter_gap_investigation/phase429_reprofile/K2.5-tp4ep8dp2-8k2k,w2_decode_c64,,32,decode_only,36,64,passed,0,mla_attention,33.687700,8.705785,0.000000,0.000000,,1.516977,0.595460,0.357492,0.047048,0.000000,passed,37,103,8,52,44,passed,passed,prefill_serialization_bubble_unmodeled,decode_mla_attention_slope_dominates,phase429_reprofile_window_hits_attributed,apply_named_undercharge_or_bubble_fix,patch_or_recollect_named_perfdb_component,false,true,true,false,false,false,true,No-Go
phase429_reprofile,step_category,K2.5-tp4ep8dp2-8k2k,docs/iter_gap_investigation/phase429_reprofile/K2.5-tp4ep8dp2-8k2k,w2_decode_c64,,32,decode_only,36,64,passed,0,moe_gemm_or_aux,33.687700,10.127830,0.000000,0.000000,,1.516977,0.595460,0.357492,0.047048,0.000000,passed,37,103,8,52,44,passed,passed,prefill_serialization_bubble_unmodeled,decode_mla_attention_slope_dominates,phase429_reprofile_window_hits_attributed,apply_named_undercharge_or_bubble_fix,patch_or_recollect_named_perfdb_component,false,true,true,false,false,false,true,No-Go
phase429_reprofile,step_category,K2.5-tp4ep8dp2-8k2k,docs/iter_gap_investigation/phase429_reprofile/K2.5-tp4ep8dp2-8k2k,w2_decode_c64,,32,decode_only,36,64,passed,0,other_cuda,33.687700,2.009090,0.000000,0.000000,,1.516977,0.595460,0.357492,0.047048,0.000000,passed,37,103,8,52,44,passed,passed,prefill_serialization_bubble_unmodeled,decode_mla_attention_slope_dominates,phase429_reprofile_window_hits_attributed,apply_named_undercharge_or_bubble_fix,patch_or_recollect_named_perfdb_component,false,true,true,false,false,false,true,No-Go
phase429_reprofile,step_category,K2.5-tp4ep8dp2-8k2k,docs/iter_gap_investigation/phase429_reprofile/K2.5-tp4ep8dp2-8k2k,w2_decode_c64,,32,decode_only,36,64,passed,0,tp_or_dp_allreduce,33.687700,0.764705,0.000000,0.000000,,1.516977,0.595460,0.357492,0.047048,0.000000,passed,37,103,8,52,44,passed,passed,prefill_serialization_bubble_unmodeled,decode_mla_attention_slope_dominates,phase429_reprofile_window_hits_attributed,apply_named_undercharge_or_bubble_fix,patch_or_recollect_named_perfdb_component,false,true,true,false,false,false,true,No-Go
phase429_reprofile,step,K2.5-tp4ep8dp2-8k2k,docs/iter_gap_investigation/phase429_reprofile/K2.5-tp4ep8dp2-8k2k,w2_decode_c64,,33,decode_only,36,64,passed,0,,33.635207,,0.000000,0.000000,,1.516977,0.595460,0.357492,0.047048,0.000000,passed,37,103,8,52,44,passed,passed,prefill_serialization_bubble_unmodeled,decode_mla_attention_slope_dominates,phase429_reprofile_window_hits_attributed,apply_named_undercharge_or_bubble_fix,patch_or_recollect_named_perfdb_component,false,true,true,false,false,false,true,No-Go
phase429_reprofile,step_category,K2.5-tp4ep8dp2-8k2k,docs/iter_gap_investigation/phase429_reprofile/K2.5-tp4ep8dp2-8k2k,w2_decode_c64,,33,decode_only,36,64,passed,0,dense_gemm,33.635207,4.905527,0.000000,0.000000,,1.516977,0.595460,0.357492,0.047048,0.000000,passed,37,103,8,52,44,passed,passed,prefill_serialization_bubble_unmodeled,decode_mla_attention_slope_dominates,phase429_reprofile_window_hits_attributed,apply_named_undercharge_or_bubble_fix,patch_or_recollect_named_perfdb_component,false,true,true,false,false,false,true,No-Go
phase429_reprofile,step_category,K2.5-tp4ep8dp2-8k2k,docs/iter_gap_investigation/phase429_reprofile/K2.5-tp4ep8dp2-8k2k,w2_decode_c64,,33,decode_only,36,64,passed,0,ep_a2a,33.635207,7.206709,0.000000,0.000000,,1.516977,0.595460,0.357492,0.047048,0.000000,passed,37,103,8,52,44,passed,passed,prefill_serialization_bubble_unmodeled,decode_mla_attention_slope_dominates,phase429_reprofile_window_hits_attributed,apply_named_undercharge_or_bubble_fix,patch_or_recollect_named_perfdb_component,false,true,true,false,false,false,true,No-Go
phase429_reprofile,step_category,K2.5-tp4ep8dp2-8k2k,docs/iter_gap_investigation/phase429_reprofile/K2.5-tp4ep8dp2-8k2k,w2_decode_c64,,33,decode_only,36,64,passed,0,memcpy_memset,33.635207,0.112077,0.000000,0.000000,,1.516977,0.595460,0.357492,0.047048,0.000000,passed,37,103,8,52,44,passed,passed,prefill_serialization_bubble_unmodeled,decode_mla_attention_slope_dominates,phase429_reprofile_window_hits_attributed,apply_named_undercharge_or_bubble_fix,patch_or_recollect_named_perfdb_component,false,true,true,false,false,false,true,No-Go
phase429_reprofile,step_category,K2.5-tp4ep8dp2-8k2k,docs/iter_gap_investigation/phase429_reprofile/K2.5-tp4ep8dp2-8k2k,w2_decode_c64,,33,decode_only,36,64,passed,0,mla_attention,33.635207,8.697062,0.000000,0.000000,,1.516977,0.595460,0.357492,0.047048,0.000000,passed,37,103,8,52,44,passed,passed,prefill_serialization_bubble_unmodeled,decode_mla_attention_slope_dominates,phase429_reprofile_window_hits_attributed,apply_named_undercharge_or_bubble_fix,patch_or_recollect_named_perfdb_component,false,true,true,false,false,false,true,No-Go
phase429_reprofile,step_category,K2.5-tp4ep8dp2-8k2k,docs/iter_gap_investigation/phase429_reprofile/K2.5-tp4ep8dp2-8k2k,w2_decode_c64,,33,decode_only,36,64,passed,0,moe_gemm_or_aux,33.635207,10.041934,0.000000,0.000000,,1.516977,0.595460,0.357492,0.047048,0.000000,passed,37,103,8,52,44,passed,passed,prefill_serialization_bubble_unmodeled,decode_mla_attention_slope_dominates,phase429_reprofile_window_hits_attributed,apply_named_undercharge_or_bubble_fix,patch_or_recollect_named_perfdb_component,false,true,true,false,false,false,true,No-Go
phase429_reprofile,step_category,K2.5-tp4ep8dp2-8k2k,docs/iter_gap_investigation/phase429_reprofile/K2.5-tp4ep8dp2-8k2k,w2_decode_c64,,33,decode_only,36,64,passed,0,other_cuda,33.635207,2.018990,0.000000,0.000000,,1.516977,0.595460,0.357492,0.047048,0.000000,passed,37,103,8,52,44,passed,passed,prefill_serialization_bubble_unmodeled,decode_mla_attention_slope_dominates,phase429_reprofile_window_hits_attributed,apply_named_undercharge_or_bubble_fix,patch_or_recollect_named_perfdb_component,false,true,true,false,false,false,true,No-Go
phase429_reprofile,step_category,K2.5-tp4ep8dp2-8k2k,docs/iter_gap_investigation/phase429_reprofile/K2.5-tp4ep8dp2-8k2k,w2_decode_c64,,33,decode_only,36,64,passed,0,tp_or_dp_allreduce,33.635207,0.767027,0.000000,0.000000,,1.516977,0.595460,0.357492,0.047048,0.000000,passed,37,103,8,52,44,passed,passed,prefill_serialization_bubble_unmodeled,decode_mla_attention_slope_dominates,phase429_reprofile_window_hits_attributed,apply_named_undercharge_or_bubble_fix,patch_or_recollect_named_perfdb_component,false,true,true,false,false,false,true,No-Go
phase429_reprofile,step,K2.5-tp4ep8dp2-8k2k,docs/iter_gap_investigation/phase429_reprofile/K2.5-tp4ep8dp2-8k2k,w2_decode_c64,,34,decode_only,36,64,passed,0,,33.599970,,0.000000,0.000000,,1.516977,0.595460,0.357492,0.047048,0.000000,passed,37,103,8,52,44,passed,passed,prefill_serialization_bubble_unmodeled,decode_mla_attention_slope_dominates,phase429_reprofile_window_hits_attributed,apply_named_undercharge_or_bubble_fix,patch_or_recollect_named_perfdb_component,false,true,true,false,false,false,true,No-Go
phase429_reprofile,step_category,K2.5-tp4ep8dp2-8k2k,docs/iter_gap_investigation/phase429_reprofile/K2.5-tp4ep8dp2-8k2k,w2_decode_c64,,34,decode_only,36,64,passed,0,dense_gemm,33.599970,4.893826,0.000000,0.000000,,1.516977,0.595460,0.357492,0.047048,0.000000,passed,37,103,8,52,44,passed,passed,prefill_serialization_bubble_unmodeled,decode_mla_attention_slope_dominates,phase429_reprofile_window_hits_attributed,apply_named_undercharge_or_bubble_fix,patch_or_recollect_named_perfdb_component,false,true,true,false,false,false,true,No-Go
phase429_reprofile,step_category,K2.5-tp4ep8dp2-8k2k,docs/iter_gap_investigation/phase429_reprofile/K2.5-tp4ep8dp2-8k2k,w2_decode_c64,,34,decode_only,36,64,passed,0,ep_a2a,33.599970,7.128769,0.000000,0.000000,,1.516977,0.595460,0.357492,0.047048,0.000000,passed,37,103,8,52,44,passed,passed,prefill_serialization_bubble_unmodeled,decode_mla_attention_slope_dominates,phase429_reprofile_window_hits_attributed,apply_named_undercharge_or_bubble_fix,patch_or_recollect_named_perfdb_component,false,true,true,false,false,false,true,No-Go
phase429_reprofile,step_category,K2.5-tp4ep8dp2-8k2k,docs/iter_gap_investigation/phase429_reprofile/K2.5-tp4ep8dp2-8k2k,w2_decode_c64,,34,decode_only,36,64,passed,0,memcpy_memset,33.599970,0.109269,0.000000,0.000000,,1.516977,0.595460,0.357492,0.047048,0.000000,passed,37,103,8,52,44,passed,passed,prefill_serialization_bubble_unmodeled,decode_mla_attention_slope_dominates,phase429_reprofile_window_hits_attributed,apply_named_undercharge_or_bubble_fix,patch_or_recollect_named_perfdb_component,false,true,true,false,false,false,true,No-Go
phase429_reprofile,step_category,K2.5-tp4ep8dp2-8k2k,docs/iter_gap_investigation/phase429_reprofile/K2.5-tp4ep8dp2-8k2k,w2_decode_c64,,34,decode_only,36,64,passed,0,mla_attention,33.599970,8.684532,0.000000,0.000000,,1.516977,0.595460,0.357492,0.047048,0.000000,passed,37,103,8,52,44,passed,passed,prefill_serialization_bubble_unmodeled,decode_mla_attention_slope_dominates,phase429_reprofile_window_hits_attributed,apply_named_undercharge_or_bubble_fix,patch_or_recollect_named_perfdb_component,false,true,true,false,false,false,true,No-Go
phase429_reprofile,step_category,K2.5-tp4ep8dp2-8k2k,docs/iter_gap_investigation/phase429_reprofile/K2.5-tp4ep8dp2-8k2k,w2_decode_c64,,34,decode_only,36,64,passed,0,moe_gemm_or_aux,33.599970,10.127252,0.000000,0.000000,,1.516977,0.595460,0.357492,0.047048,0.000000,passed,37,103,8,52,44,passed,passed,prefill_serialization_bubble_unmodeled,decode_mla_attention_slope_dominates,phase429_reprofile_window_hits_attributed,apply_named_undercharge_or_bubble_fix,patch_or_recollect_named_perfdb_component,false,true,true,false,false,false,true,No-Go
phase429_reprofile,step_category,K2.5-tp4ep8dp2-8k2k,docs/iter_gap_investigation/phase429_reprofile/K2.5-tp4ep8dp2-8k2k,w2_decode_c64,,34,decode_only,36,64,passed,0,other_cuda,33.599970,2.014893,0.000000,0.000000,,1.516977,0.595460,0.357492,0.047048,0.000000,passed,37,103,8,52,44,passed,passed,prefill_serialization_bubble_unmodeled,decode_mla_attention_slope_dominates,phase429_reprofile_window_hits_attributed,apply_named_undercharge_or_bubble_fix,patch_or_recollect_named_perfdb_component,false,true,true,false,false,false,true,No-Go
phase429_reprofile,step_category,K2.5-tp4ep8dp2-8k2k,docs/iter_gap_investigation/phase429_reprofile/K2.5-tp4ep8dp2-8k2k,w2_decode_c64,,34,decode_only,36,64,passed,0,tp_or_dp_allreduce,33.599970,0.768030,0.000000,0.000000,,1.516977,0.595460,0.357492,0.047048,0.000000,passed,37,103,8,52,44,passed,passed,prefill_serialization_bubble_unmodeled,decode_mla_attention_slope_dominates,phase429_reprofile_window_hits_attributed,apply_named_undercharge_or_bubble_fix,patch_or_recollect_named_perfdb_component,false,true,true,false,false,false,true,No-Go
phase429_reprofile,step,K2.5-tp4ep8dp2-8k2k,docs/iter_gap_investigation/phase429_reprofile/K2.5-tp4ep8dp2-8k2k,w3_decode_c128,,0,decode_only,52,128,passed,0,,33.757225,,0.000000,0.000000,,1.516977,0.595460,0.357492,0.047048,0.000000,passed,37,103,8,52,44,passed,passed,prefill_serialization_bubble_unmodeled,decode_mla_attention_slope_dominates,phase429_reprofile_window_hits_attributed,apply_named_undercharge_or_bubble_fix,patch_or_recollect_named_perfdb_component,false,true,true,false,false,false,true,No-Go
phase429_reprofile,step_category,K2.5-tp4ep8dp2-8k2k,docs/iter_gap_investigation/phase429_reprofile/K2.5-tp4ep8dp2-8k2k,w3_decode_c128,,0,decode_only,52,128,passed,0,dense_gemm,33.757225,4.415858,0.000000,0.000000,,1.516977,0.595460,0.357492,0.047048,0.000000,passed,37,103,8,52,44,passed,passed,prefill_serialization_bubble_unmodeled,decode_mla_attention_slope_dominates,phase429_reprofile_window_hits_attributed,apply_named_undercharge_or_bubble_fix,patch_or_recollect_named_perfdb_component,false,true,true,false,false,false,true,No-Go
phase429_reprofile,step_category,K2.5-tp4ep8dp2-8k2k,docs/iter_gap_investigation/phase429_reprofile/K2.5-tp4ep8dp2-8k2k,w3_decode_c128,,0,decode_only,52,128,passed,0,ep_a2a,33.757225,6.195647,0.000000,0.000000,,1.516977,0.595460,0.357492,0.047048,0.000000,passed,37,103,8,52,44,passed,passed,prefill_serialization_bubble_unmodeled,decode_mla_attention_slope_dominates,phase429_reprofile_window_hits_attributed,apply_named_undercharge_or_bubble_fix,patch_or_recollect_named_perfdb_component,false,true,true,false,false,false,true,No-Go
phase429_reprofile,step_category,K2.5-tp4ep8dp2-8k2k,docs/iter_gap_investigation/phase429_reprofile/K2.5-tp4ep8dp2-8k2k,w3_decode_c128,,0,decode_only,52,128,passed,0,memcpy_memset,33.757225,0.159437,0.000000,0.000000,,1.516977,0.595460,0.357492,0.047048,0.000000,passed,37,103,8,52,44,passed,passed,prefill_serialization_bubble_unmodeled,decode_mla_attention_slope_dominates,phase429_reprofile_window_hits_attributed,apply_named_undercharge_or_bubble_fix,patch_or_recollect_named_perfdb_component,false,true,true,false,false,false,true,No-Go
phase429_reprofile,step_category,K2.5-tp4ep8dp2-8k2k,docs/iter_gap_investigation/phase429_reprofile/K2.5-tp4ep8dp2-8k2k,w3_decode_c128,,0,decode_only,52,128,passed,0,mla_attention,33.757225,10.609797,0.000000,0.000000,,1.516977,0.595460,0.357492,0.047048,0.000000,passed,37,103,8,52,44,passed,passed,prefill_serialization_bubble_unmodeled,decode_mla_attention_slope_dominates,phase429_reprofile_window_hits_attributed,apply_named_undercharge_or_bubble_fix,patch_or_recollect_named_perfdb_component,false,true,true,false,false,false,true,No-Go
phase429_reprofile,step_category,K2.5-tp4ep8dp2-8k2k,docs/iter_gap_investigation/phase429_reprofile/K2.5-tp4ep8dp2-8k2k,w3_decode_c128,,0,decode_only,52,128,passed,0,moe_gemm_or_aux,33.757225,9.731348,0.000000,0.000000,,1.516977,0.595460,0.357492,0.047048,0.000000,passed,37,103,8,52,44,passed,passed,prefill_serialization_bubble_unmodeled,decode_mla_attention_slope_dominates,phase429_reprofile_window_hits_attributed,apply_named_undercharge_or_bubble_fix,patch_or_recollect_named_perfdb_component,false,true,true,false,false,false,true,No-Go
phase429_reprofile,step_category,K2.5-tp4ep8dp2-8k2k,docs/iter_gap_investigation/phase429_reprofile/K2.5-tp4ep8dp2-8k2k,w3_decode_c128,,0,decode_only,52,128,passed,0,other_cuda,33.757225,2.051280,0.000000,0.000000,,1.516977,0.595460,0.357492,0.047048,0.000000,passed,37,103,8,52,44,passed,passed,prefill_serialization_bubble_unmodeled,decode_mla_attention_slope_dominates,phase429_reprofile_window_hits_attributed,apply_named_undercharge_or_bubble_fix,patch_or_recollect_named_perfdb_component,false,true,true,false,false,false,true,No-Go
phase429_reprofile,step_category,K2.5-tp4ep8dp2-8k2k,docs/iter_gap_investigation/phase429_reprofile/K2.5-tp4ep8dp2-8k2k,w3_decode_c128,,0,decode_only,52,128,passed,0,tp_or_dp_allreduce,33.757225,0.726044,0.000000,0.000000,,1.516977,0.595460,0.357492,0.047048,0.000000,passed,37,103,8,52,44,passed,passed,prefill_serialization_bubble_unmodeled,decode_mla_attention_slope_dominates,phase429_reprofile_window_hits_attributed,apply_named_undercharge_or_bubble_fix,patch_or_recollect_named_perfdb_component,false,true,true,false,false,false,true,No-Go
phase429_reprofile,step,K2.5-tp4ep8dp2-8k2k,docs/iter_gap_investigation/phase429_reprofile/K2.5-tp4ep8dp2-8k2k,w3_decode_c128,,1,decode_only,52,128,passed,0,,37.756943,,0.013675,0.000362,,1.516977,0.595460,0.357492,0.047048,0.000000,passed,37,103,8,52,44,passed,passed,prefill_serialization_bubble_unmodeled,decode_mla_attention_slope_dominates,phase429_reprofile_window_hits_attributed,apply_named_undercharge_or_bubble_fix,patch_or_recollect_named_perfdb_component,false,true,true,false,false,false,true,No-Go
phase429_reprofile,step_category,K2.5-tp4ep8dp2-8k2k,docs/iter_gap_investigation/phase429_reprofile/K2.5-tp4ep8dp2-8k2k,w3_decode_c128,,1,decode_only,52,128,passed,0,dense_gemm,37.756943,4.994119,0.013675,0.000362,,1.516977,0.595460,0.357492,0.047048,0.000000,passed,37,103,8,52,44,passed,passed,prefill_serialization_bubble_unmodeled,decode_mla_attention_slope_dominates,phase429_reprofile_window_hits_attributed,apply_named_undercharge_or_bubble_fix,patch_or_recollect_named_perfdb_component,false,true,true,false,false,false,true,No-Go
phase429_reprofile,step_category,K2.5-tp4ep8dp2-8k2k,docs/iter_gap_investigation/phase429_reprofile/K2.5-tp4ep8dp2-8k2k,w3_decode_c128,,1,decode_only,52,128,passed,0,ep_a2a,37.756943,7.393388,0.013675,0.000362,,1.516977,0.595460,0.357492,0.047048,0.000000,passed,37,103,8,52,44,passed,passed,prefill_serialization_bubble_unmodeled,decode_mla_attention_slope_dominates,phase429_reprofile_window_hits_attributed,apply_named_undercharge_or_bubble_fix,patch_or_recollect_named_perfdb_component,false,true,true,false,false,false,true,No-Go
phase429_reprofile,step_category,K2.5-tp4ep8dp2-8k2k,docs/iter_gap_investigation/phase429_reprofile/K2.5-tp4ep8dp2-8k2k,w3_decode_c128,,1,decode_only,52,128,passed,0,memcpy_memset,37.756943,0.154131,0.013675,0.000362,,1.516977,0.595460,0.357492,0.047048,0.000000,passed,37,103,8,52,44,passed,passed,prefill_serialization_bubble_unmodeled,decode_mla_attention_slope_dominates,phase429_reprofile_window_hits_attributed,apply_named_undercharge_or_bubble_fix,patch_or_recollect_named_perfdb_component,false,true,true,false,false,false,true,No-Go
phase429_reprofile,step_category,K2.5-tp4ep8dp2-8k2k,docs/iter_gap_investigation/phase429_reprofile/K2.5-tp4ep8dp2-8k2k,w3_decode_c128,,1,decode_only,52,128,passed,0,mla_attention,37.756943,11.771512,0.013675,0.000362,,1.516977,0.595460,0.357492,0.047048,0.000000,passed,37,103,8,52,44,passed,passed,prefill_serialization_bubble_unmodeled,decode_mla_attention_slope_dominates,phase429_reprofile_window_hits_attributed,apply_named_undercharge_or_bubble_fix,patch_or_recollect_named_perfdb_component,false,true,true,false,false,false,true,No-Go
phase429_reprofile,step_category,K2.5-tp4ep8dp2-8k2k,docs/iter_gap_investigation/phase429_reprofile/K2.5-tp4ep8dp2-8k2k,w3_decode_c128,,1,decode_only,52,128,passed,0,moe_gemm_or_aux,37.756943,10.299425,0.013675,0.000362,,1.516977,0.595460,0.357492,0.047048,0.000000,passed,37,103,8,52,44,passed,passed,prefill_serialization_bubble_unmodeled,decode_mla_attention_slope_dominates,phase429_reprofile_window_hits_attributed,apply_named_undercharge_or_bubble_fix,patch_or_recollect_named_perfdb_component,false,true,true,false,false,false,true,No-Go
phase429_reprofile,step_category,K2.5-tp4ep8dp2-8k2k,docs/iter_gap_investigation/phase429_reprofile/K2.5-tp4ep8dp2-8k2k,w3_decode_c128,,1,decode_only,52,128,passed,0,other_cuda,37.756943,2.319112,0.013675,0.000362,,1.516977,0.595460,0.357492,0.047048,0.000000,passed,37,103,8,52,44,passed,passed,prefill_serialization_bubble_unmodeled,decode_mla_attention_slope_dominates,phase429_reprofile_window_hits_attributed,apply_named_undercharge_or_bubble_fix,patch_or_recollect_named_perfdb_component,false,true,true,false,false,false,true,No-Go
phase429_reprofile,step_category,K2.5-tp4ep8dp2-8k2k,docs/iter_gap_investigation/phase429_reprofile/K2.5-tp4ep8dp2-8k2k,w3_decode_c128,,1,decode_only,52,128,passed,0,tp_or_dp_allreduce,37.756943,0.827908,0.013675,0.000362,,1.516977,0.595460,0.357492,0.047048,0.000000,passed,37,103,8,52,44,passed,passed,prefill_serialization_bubble_unmodeled,decode_mla_attention_slope_dominates,phase429_reprofile_window_hits_attributed,apply_named_undercharge_or_bubble_fix,patch_or_recollect_named_perfdb_component,false,true,true,false,false,false,true,No-Go
phase429_reprofile,step,K2.5-tp4ep8dp2-8k2k,docs/iter_gap_investigation/phase429_reprofile/K2.5-tp4ep8dp2-8k2k,w3_decode_c128,,2,decode_only,52,128,passed,0,,38.384248,,0.011960,0.000312,,1.516977,0.595460,0.357492,0.047048,0.000000,passed,37,103,8,52,44,passed,passed,prefill_serialization_bubble_unmodeled,decode_mla_attention_slope_dominates,phase429_reprofile_window_hits_attributed,apply_named_undercharge_or_bubble_fix,patch_or_recollect_named_perfdb_component,false,true,true,false,false,false,true,No-Go
phase429_reprofile,step_category,K2.5-tp4ep8dp2-8k2k,docs/iter_gap_investigation/phase429_reprofile/K2.5-tp4ep8dp2-8k2k,w3_decode_c128,,2,decode_only,52,128,passed,0,dense_gemm,38.384248,4.992512,0.011960,0.000312,,1.516977,0.595460,0.357492,0.047048,0.000000,passed,37,103,8,52,44,passed,passed,prefill_serialization_bubble_unmodeled,decode_mla_attention_slope_dominates,phase429_reprofile_window_hits_attributed,apply_named_undercharge_or_bubble_fix,patch_or_recollect_named_perfdb_component,false,true,true,false,false,false,true,No-Go
phase429_reprofile,step_category,K2.5-tp4ep8dp2-8k2k,docs/iter_gap_investigation/phase429_reprofile/K2.5-tp4ep8dp2-8k2k,w3_decode_c128,,2,decode_only,52,128,passed,0,ep_a2a,38.384248,7.561210,0.011960,0.000312,,1.516977,0.595460,0.357492,0.047048,0.000000,passed,37,103,8,52,44,passed,passed,prefill_serialization_bubble_unmodeled,decode_mla_attention_slope_dominates,phase429_reprofile_window_hits_attributed,apply_named_undercharge_or_bubble_fix,patch_or_recollect_named_perfdb_component,false,true,true,false,false,false,true,No-Go
phase429_reprofile,step_category,K2.5-tp4ep8dp2-8k2k,docs/iter_gap_investigation/phase429_reprofile/K2.5-tp4ep8dp2-8k2k,w3_decode_c128,,2,decode_only,52,128,passed,0,memcpy_memset,38.384248,0.152169,0.011960,0.000312,,1.516977,0.595460,0.357492,0.047048,0.000000,passed,37,103,8,52,44,passed,passed,prefill_serialization_bubble_unmodeled,decode_mla_attention_slope_dominates,phase429_reprofile_window_hits_attributed,apply_named_undercharge_or_bubble_fix,patch_or_recollect_named_perfdb_component,false,true,true,false,false,false,true,No-Go
phase429_reprofile,step_category,K2.5-tp4ep8dp2-8k2k,docs/iter_gap_investigation/phase429_reprofile/K2.5-tp4ep8dp2-8k2k,w3_decode_c128,,2,decode_only,52,128,passed,0,mla_attention,38.384248,11.941477,0.011960,0.000312,,1.516977,0.595460,0.357492,0.047048,0.000000,passed,37,103,8,52,44,passed,passed,prefill_serialization_bubble_unmodeled,decode_mla_attention_slope_dominates,phase429_reprofile_window_hits_attributed,apply_named_undercharge_or_bubble_fix,patch_or_recollect_named_perfdb_component,false,true,true,false,false,false,true,No-Go
phase429_reprofile,step_category,K2.5-tp4ep8dp2-8k2k,docs/iter_gap_investigation/phase429_reprofile/K2.5-tp4ep8dp2-8k2k,w3_decode_c128,,2,decode_only,52,128,passed,0,moe_gemm_or_aux,38.384248,10.675576,0.011960,0.000312,,1.516977,0.595460,0.357492,0.047048,0.000000,passed,37,103,8,52,44,passed,passed,prefill_serialization_bubble_unmodeled,decode_mla_attention_slope_dominates,phase429_reprofile_window_hits_attributed,apply_named_undercharge_or_bubble_fix,patch_or_recollect_named_perfdb_component,false,true,true,false,false,false,true,No-Go
phase429_reprofile,step_category,K2.5-tp4ep8dp2-8k2k,docs/iter_gap_investigation/phase429_reprofile/K2.5-tp4ep8dp2-8k2k,w3_decode_c128,,2,decode_only,52,128,passed,0,other_cuda,38.384248,2.316103,0.011960,0.000312,,1.516977,0.595460,0.357492,0.047048,0.000000,passed,37,103,8,52,44,passed,passed,prefill_serialization_bubble_unmodeled,decode_mla_attention_slope_dominates,phase429_reprofile_window_hits_attributed,apply_named_undercharge_or_bubble_fix,patch_or_recollect_named_perfdb_component,false,true,true,false,false,false,true,No-Go
phase429_reprofile,step_category,K2.5-tp4ep8dp2-8k2k,docs/iter_gap_investigation/phase429_reprofile/K2.5-tp4ep8dp2-8k2k,w3_decode_c128,,2,decode_only,52,128,passed,0,tp_or_dp_allreduce,38.384248,0.828912,0.011960,0.000312,,1.516977,0.595460,0.357492,0.047048,0.000000,passed,37,103,8,52,44,passed,passed,prefill_serialization_bubble_unmodeled,decode_mla_attention_slope_dominates,phase429_reprofile_window_hits_attributed,apply_named_undercharge_or_bubble_fix,patch_or_recollect_named_perfdb_component,false,true,true,false,false,false,true,No-Go
phase429_reprofile,step,K2.5-tp4ep8dp2-8k2k,docs/iter_gap_investigation/phase429_reprofile/K2.5-tp4ep8dp2-8k2k,w3_decode_c128,,3,decode_only,52,128,passed,0,,38.154679,,0.018626,0.000488,,1.516977,0.595460,0.357492,0.047048,0.000000,passed,37,103,8,52,44,passed,passed,prefill_serialization_bubble_unmodeled,decode_mla_attention_slope_dominates,phase429_reprofile_window_hits_attributed,apply_named_undercharge_or_bubble_fix,patch_or_recollect_named_perfdb_component,false,true,true,false,false,false,true,No-Go
phase429_reprofile,step_category,K2.5-tp4ep8dp2-8k2k,docs/iter_gap_investigation/phase429_reprofile/K2.5-tp4ep8dp2-8k2k,w3_decode_c128,,3,decode_only,52,128,passed,0,dense_gemm,38.154679,4.993896,0.018626,0.000488,,1.516977,0.595460,0.357492,0.047048,0.000000,passed,37,103,8,52,44,passed,passed,prefill_serialization_bubble_unmodeled,decode_mla_attention_slope_dominates,phase429_reprofile_window_hits_attributed,apply_named_undercharge_or_bubble_fix,patch_or_recollect_named_perfdb_component,false,true,true,false,false,false,true,No-Go
phase429_reprofile,step_category,K2.5-tp4ep8dp2-8k2k,docs/iter_gap_investigation/phase429_reprofile/K2.5-tp4ep8dp2-8k2k,w3_decode_c128,,3,decode_only,52,128,passed,0,ep_a2a,38.154679,7.256866,0.018626,0.000488,,1.516977,0.595460,0.357492,0.047048,0.000000,passed,37,103,8,52,44,passed,passed,prefill_serialization_bubble_unmodeled,decode_mla_attention_slope_dominates,phase429_reprofile_window_hits_attributed,apply_named_undercharge_or_bubble_fix,patch_or_recollect_named_perfdb_component,false,true,true,false,false,false,true,No-Go
phase429_reprofile,step_category,K2.5-tp4ep8dp2-8k2k,docs/iter_gap_investigation/phase429_reprofile/K2.5-tp4ep8dp2-8k2k,w3_decode_c128,,3,decode_only,52,128,passed,0,memcpy_memset,38.154679,0.152217,0.018626,0.000488,,1.516977,0.595460,0.357492,0.047048,0.000000,passed,37,103,8,52,44,passed,passed,prefill_serialization_bubble_unmodeled,decode_mla_attention_slope_dominates,phase429_reprofile_window_hits_attributed,apply_named_undercharge_or_bubble_fix,patch_or_recollect_named_perfdb_component,false,true,true,false,false,false,true,No-Go
phase429_reprofile,step_category,K2.5-tp4ep8dp2-8k2k,docs/iter_gap_investigation/phase429_reprofile/K2.5-tp4ep8dp2-8k2k,w3_decode_c128,,3,decode_only,52,128,passed,0,mla_attention,38.154679,11.959287,0.018626,0.000488,,1.516977,0.595460,0.357492,0.047048,0.000000,passed,37,103,8,52,44,passed,passed,prefill_serialization_bubble_unmodeled,decode_mla_attention_slope_dominates,phase429_reprofile_window_hits_attributed,apply_named_undercharge_or_bubble_fix,patch_or_recollect_named_perfdb_component,false,true,true,false,false,false,true,No-Go
phase429_reprofile,step_category,K2.5-tp4ep8dp2-8k2k,docs/iter_gap_investigation/phase429_reprofile/K2.5-tp4ep8dp2-8k2k,w3_decode_c128,,3,decode_only,52,128,passed,0,moe_gemm_or_aux,38.154679,10.714988,0.018626,0.000488,,1.516977,0.595460,0.357492,0.047048,0.000000,passed,37,103,8,52,44,passed,passed,prefill_serialization_bubble_unmodeled,decode_mla_attention_slope_dominates,phase429_reprofile_window_hits_attributed,apply_named_undercharge_or_bubble_fix,patch_or_recollect_named_perfdb_component,false,true,true,false,false,false,true,No-Go
phase429_reprofile,step_category,K2.5-tp4ep8dp2-8k2k,docs/iter_gap_investigation/phase429_reprofile/K2.5-tp4ep8dp2-8k2k,w3_decode_c128,,3,decode_only,52,128,passed,0,other_cuda,38.154679,2.317160,0.018626,0.000488,,1.516977,0.595460,0.357492,0.047048,0.000000,passed,37,103,8,52,44,passed,passed,prefill_serialization_bubble_unmodeled,decode_mla_attention_slope_dominates,phase429_reprofile_window_hits_attributed,apply_named_undercharge_or_bubble_fix,patch_or_recollect_named_perfdb_component,false,true,true,false,false,false,true,No-Go
phase429_reprofile,step_category,K2.5-tp4ep8dp2-8k2k,docs/iter_gap_investigation/phase429_reprofile/K2.5-tp4ep8dp2-8k2k,w3_decode_c128,,3,decode_only,52,128,passed,0,tp_or_dp_allreduce,38.154679,0.826947,0.018626,0.000488,,1.516977,0.595460,0.357492,0.047048,0.000000,passed,37,103,8,52,44,passed,passed,prefill_serialization_bubble_unmodeled,decode_mla_attention_slope_dominates,phase429_reprofile_window_hits_attributed,apply_named_undercharge_or_bubble_fix,patch_or_recollect_named_perfdb_component,false,true,true,false,false,false,true,No-Go
phase429_reprofile,step,K2.5-tp4ep8dp2-8k2k,docs/iter_gap_investigation/phase429_reprofile/K2.5-tp4ep8dp2-8k2k,w3_decode_c128,,4,decode_only,52,128,passed,0,,37.886517,,0.022967,0.000606,,1.516977,0.595460,0.357492,0.047048,0.000000,passed,37,103,8,52,44,passed,passed,prefill_serialization_bubble_unmodeled,decode_mla_attention_slope_dominates,phase429_reprofile_window_hits_attributed,apply_named_undercharge_or_bubble_fix,patch_or_recollect_named_perfdb_component,false,true,true,false,false,false,true,No-Go
phase429_reprofile,step_category,K2.5-tp4ep8dp2-8k2k,docs/iter_gap_investigation/phase429_reprofile/K2.5-tp4ep8dp2-8k2k,w3_decode_c128,,4,decode_only,52,128,passed,0,dense_gemm,37.886517,4.996066,0.022967,0.000606,,1.516977,0.595460,0.357492,0.047048,0.000000,passed,37,103,8,52,44,passed,passed,prefill_serialization_bubble_unmodeled,decode_mla_attention_slope_dominates,phase429_reprofile_window_hits_attributed,apply_named_undercharge_or_bubble_fix,patch_or_recollect_named_perfdb_component,false,true,true,false,false,false,true,No-Go
phase429_reprofile,step_category,K2.5-tp4ep8dp2-8k2k,docs/iter_gap_investigation/phase429_reprofile/K2.5-tp4ep8dp2-8k2k,w3_decode_c128,,4,decode_only,52,128,passed,0,ep_a2a,37.886517,7.407401,0.022967,0.000606,,1.516977,0.595460,0.357492,0.047048,0.000000,passed,37,103,8,52,44,passed,passed,prefill_serialization_bubble_unmodeled,decode_mla_attention_slope_dominates,phase429_reprofile_window_hits_attributed,apply_named_undercharge_or_bubble_fix,patch_or_recollect_named_perfdb_component,false,true,true,false,false,false,true,No-Go
phase429_reprofile,step_category,K2.5-tp4ep8dp2-8k2k,docs/iter_gap_investigation/phase429_reprofile/K2.5-tp4ep8dp2-8k2k,w3_decode_c128,,4,decode_only,52,128,passed,0,memcpy_memset,37.886517,0.152945,0.022967,0.000606,,1.516977,0.595460,0.357492,0.047048,0.000000,passed,37,103,8,52,44,passed,passed,prefill_serialization_bubble_unmodeled,decode_mla_attention_slope_dominates,phase429_reprofile_window_hits_attributed,apply_named_undercharge_or_bubble_fix,patch_or_recollect_named_perfdb_component,false,true,true,false,false,false,true,No-Go
phase429_reprofile,step_category,K2.5-tp4ep8dp2-8k2k,docs/iter_gap_investigation/phase429_reprofile/K2.5-tp4ep8dp2-8k2k,w3_decode_c128,,4,decode_only,52,128,passed,0,mla_attention,37.886517,11.760440,0.022967,0.000606,,1.516977,0.595460,0.357492,0.047048,0.000000,passed,37,103,8,52,44,passed,passed,prefill_serialization_bubble_unmodeled,decode_mla_attention_slope_dominates,phase429_reprofile_window_hits_attributed,apply_named_undercharge_or_bubble_fix,patch_or_recollect_named_perfdb_component,false,true,true,false,false,false,true,No-Go
phase429_reprofile,step_category,K2.5-tp4ep8dp2-8k2k,docs/iter_gap_investigation/phase429_reprofile/K2.5-tp4ep8dp2-8k2k,w3_decode_c128,,4,decode_only,52,128,passed,0,moe_gemm_or_aux,37.886517,10.412679,0.022967,0.000606,,1.516977,0.595460,0.357492,0.047048,0.000000,passed,37,103,8,52,44,passed,passed,prefill_serialization_bubble_unmodeled,decode_mla_attention_slope_dominates,phase429_reprofile_window_hits_attributed,apply_named_undercharge_or_bubble_fix,patch_or_recollect_named_perfdb_component,false,true,true,false,false,false,true,No-Go
phase429_reprofile,step_category,K2.5-tp4ep8dp2-8k2k,docs/iter_gap_investigation/phase429_reprofile/K2.5-tp4ep8dp2-8k2k,w3_decode_c128,,4,decode_only,52,128,passed,0,other_cuda,37.886517,2.315245,0.022967,0.000606,,1.516977,0.595460,0.357492,0.047048,0.000000,passed,37,103,8,52,44,passed,passed,prefill_serialization_bubble_unmodeled,decode_mla_attention_slope_dominates,phase429_reprofile_window_hits_attributed,apply_named_undercharge_or_bubble_fix,patch_or_recollect_named_perfdb_component,false,true,true,false,false,false,true,No-Go
phase429_reprofile,step_category,K2.5-tp4ep8dp2-8k2k,docs/iter_gap_investigation/phase429_reprofile/K2.5-tp4ep8dp2-8k2k,w3_decode_c128,,4,decode_only,52,128,passed,0,tp_or_dp_allreduce,37.886517,0.829733,0.022967,0.000606,,1.516977,0.595460,0.357492,0.047048,0.000000,passed,37,103,8,52,44,passed,passed,prefill_serialization_bubble_unmodeled,decode_mla_attention_slope_dominates,phase429_reprofile_window_hits_attributed,apply_named_undercharge_or_bubble_fix,patch_or_recollect_named_perfdb_component,false,true,true,false,false,false,true,No-Go
phase429_reprofile,step,K2.5-tp4ep8dp2-8k2k,docs/iter_gap_investigation/phase429_reprofile/K2.5-tp4ep8dp2-8k2k,w3_decode_c128,,5,decode_only,52,128,passed,0,,38.180479,,0.000000,0.000000,,1.516977,0.595460,0.357492,0.047048,0.000000,passed,37,103,8,52,44,passed,passed,prefill_serialization_bubble_unmodeled,decode_mla_attention_slope_dominates,phase429_reprofile_window_hits_attributed,apply_named_undercharge_or_bubble_fix,patch_or_recollect_named_perfdb_component,false,true,true,false,false,false,true,No-Go
phase429_reprofile,step_category,K2.5-tp4ep8dp2-8k2k,docs/iter_gap_investigation/phase429_reprofile/K2.5-tp4ep8dp2-8k2k,w3_decode_c128,,5,decode_only,52,128,passed,0,dense_gemm,38.180479,4.995670,0.000000,0.000000,,1.516977,0.595460,0.357492,0.047048,0.000000,passed,37,103,8,52,44,passed,passed,prefill_serialization_bubble_unmodeled,decode_mla_attention_slope_dominates,phase429_reprofile_window_hits_attributed,apply_named_undercharge_or_bubble_fix,patch_or_recollect_named_perfdb_component,false,true,true,false,false,false,true,No-Go
phase429_reprofile,step_category,K2.5-tp4ep8dp2-8k2k,docs/iter_gap_investigation/phase429_reprofile/K2.5-tp4ep8dp2-8k2k,w3_decode_c128,,5,decode_only,52,128,passed,0,ep_a2a,38.180479,7.412025,0.000000,0.000000,,1.516977,0.595460,0.357492,0.047048,0.000000,passed,37,103,8,52,44,passed,passed,prefill_serialization_bubble_unmodeled,decode_mla_attention_slope_dominates,phase429_reprofile_window_hits_attributed,apply_named_undercharge_or_bubble_fix,patch_or_recollect_named_perfdb_component,false,true,true,false,false,false,true,No-Go
phase429_reprofile,step_category,K2.5-tp4ep8dp2-8k2k,docs/iter_gap_investigation/phase429_reprofile/K2.5-tp4ep8dp2-8k2k,w3_decode_c128,,5,decode_only,52,128,passed,0,memcpy_memset,38.180479,0.152569,0.000000,0.000000,,1.516977,0.595460,0.357492,0.047048,0.000000,passed,37,103,8,52,44,passed,passed,prefill_serialization_bubble_unmodeled,decode_mla_attention_slope_dominates,phase429_reprofile_window_hits_attributed,apply_named_undercharge_or_bubble_fix,patch_or_recollect_named_perfdb_component,false,true,true,false,false,false,true,No-Go
phase429_reprofile,step_category,K2.5-tp4ep8dp2-8k2k,docs/iter_gap_investigation/phase429_reprofile/K2.5-tp4ep8dp2-8k2k,w3_decode_c128,,5,decode_only,52,128,passed,0,mla_attention,38.180479,11.953030,0.000000,0.000000,,1.516977,0.595460,0.357492,0.047048,0.000000,passed,37,103,8,52,44,passed,passed,prefill_serialization_bubble_unmodeled,decode_mla_attention_slope_dominates,phase429_reprofile_window_hits_attributed,apply_named_undercharge_or_bubble_fix,patch_or_recollect_named_perfdb_component,false,true,true,false,false,false,true,No-Go
phase429_reprofile,step_category,K2.5-tp4ep8dp2-8k2k,docs/iter_gap_investigation/phase429_reprofile/K2.5-tp4ep8dp2-8k2k,w3_decode_c128,,5,decode_only,52,128,passed,0,moe_gemm_or_aux,38.180479,10.671643,0.000000,0.000000,,1.516977,0.595460,0.357492,0.047048,0.000000,passed,37,103,8,52,44,passed,passed,prefill_serialization_bubble_unmodeled,decode_mla_attention_slope_dominates,phase429_reprofile_window_hits_attributed,apply_named_undercharge_or_bubble_fix,patch_or_recollect_named_perfdb_component,false,true,true,false,false,false,true,No-Go
phase429_reprofile,step_category,K2.5-tp4ep8dp2-8k2k,docs/iter_gap_investigation/phase429_reprofile/K2.5-tp4ep8dp2-8k2k,w3_decode_c128,,5,decode_only,52,128,passed,0,other_cuda,38.180479,2.316998,0.000000,0.000000,,1.516977,0.595460,0.357492,0.047048,0.000000,passed,37,103,8,52,44,passed,passed,prefill_serialization_bubble_unmodeled,decode_mla_attention_slope_dominates,phase429_reprofile_window_hits_attributed,apply_named_undercharge_or_bubble_fix,patch_or_recollect_named_perfdb_component,false,true,true,false,false,false,true,No-Go
phase429_reprofile,step_category,K2.5-tp4ep8dp2-8k2k,docs/iter_gap_investigation/phase429_reprofile/K2.5-tp4ep8dp2-8k2k,w3_decode_c128,,5,decode_only,52,128,passed,0,tp_or_dp_allreduce,38.180479,0.833733,0.000000,0.000000,,1.516977,0.595460,0.357492,0.047048,0.000000,passed,37,103,8,52,44,passed,passed,prefill_serialization_bubble_unmodeled,decode_mla_attention_slope_dominates,phase429_reprofile_window_hits_attributed,apply_named_undercharge_or_bubble_fix,patch_or_recollect_named_perfdb_component,false,true,true,false,false,false,true,No-Go
phase429_reprofile,step,K2.5-tp4ep8dp2-8k2k,docs/iter_gap_investigation/phase429_reprofile/K2.5-tp4ep8dp2-8k2k,w3_decode_c128,,6,decode_only,52,128,passed,0,,38.213738,,0.000000,0.000000,,1.516977,0.595460,0.357492,0.047048,0.000000,passed,37,103,8,52,44,passed,passed,prefill_serialization_bubble_unmodeled,decode_mla_attention_slope_dominates,phase429_reprofile_window_hits_attributed,apply_named_undercharge_or_bubble_fix,patch_or_recollect_named_perfdb_component,false,true,true,false,false,false,true,No-Go
phase429_reprofile,step_category,K2.5-tp4ep8dp2-8k2k,docs/iter_gap_investigation/phase429_reprofile/K2.5-tp4ep8dp2-8k2k,w3_decode_c128,,6,decode_only,52,128,passed,0,dense_gemm,38.213738,4.995997,0.000000,0.000000,,1.516977,0.595460,0.357492,0.047048,0.000000,passed,37,103,8,52,44,passed,passed,prefill_serialization_bubble_unmodeled,decode_mla_attention_slope_dominates,phase429_reprofile_window_hits_attributed,apply_named_undercharge_or_bubble_fix,patch_or_recollect_named_perfdb_component,false,true,true,false,false,false,true,No-Go
phase429_reprofile,step_category,K2.5-tp4ep8dp2-8k2k,docs/iter_gap_investigation/phase429_reprofile/K2.5-tp4ep8dp2-8k2k,w3_decode_c128,,6,decode_only,52,128,passed,0,ep_a2a,38.213738,7.306976,0.000000,0.000000,,1.516977,0.595460,0.357492,0.047048,0.000000,passed,37,103,8,52,44,passed,passed,prefill_serialization_bubble_unmodeled,decode_mla_attention_slope_dominates,phase429_reprofile_window_hits_attributed,apply_named_undercharge_or_bubble_fix,patch_or_recollect_named_perfdb_component,false,true,true,false,false,false,true,No-Go
phase429_reprofile,step_category,K2.5-tp4ep8dp2-8k2k,docs/iter_gap_investigation/phase429_reprofile/K2.5-tp4ep8dp2-8k2k,w3_decode_c128,,6,decode_only,52,128,passed,0,memcpy_memset,38.213738,0.152964,0.000000,0.000000,,1.516977,0.595460,0.357492,0.047048,0.000000,passed,37,103,8,52,44,passed,passed,prefill_serialization_bubble_unmodeled,decode_mla_attention_slope_dominates,phase429_reprofile_window_hits_attributed,apply_named_undercharge_or_bubble_fix,patch_or_recollect_named_perfdb_component,false,true,true,false,false,false,true,No-Go
phase429_reprofile,step_category,K2.5-tp4ep8dp2-8k2k,docs/iter_gap_investigation/phase429_reprofile/K2.5-tp4ep8dp2-8k2k,w3_decode_c128,,6,decode_only,52,128,passed,0,mla_attention,38.213738,11.953438,0.000000,0.000000,,1.516977,0.595460,0.357492,0.047048,0.000000,passed,37,103,8,52,44,passed,passed,prefill_serialization_bubble_unmodeled,decode_mla_attention_slope_dominates,phase429_reprofile_window_hits_attributed,apply_named_undercharge_or_bubble_fix,patch_or_recollect_named_perfdb_component,false,true,true,false,false,false,true,No-Go
phase429_reprofile,step_category,K2.5-tp4ep8dp2-8k2k,docs/iter_gap_investigation/phase429_reprofile/K2.5-tp4ep8dp2-8k2k,w3_decode_c128,,6,decode_only,52,128,passed,0,moe_gemm_or_aux,38.213738,10.774621,0.000000,0.000000,,1.516977,0.595460,0.357492,0.047048,0.000000,passed,37,103,8,52,44,passed,passed,prefill_serialization_bubble_unmodeled,decode_mla_attention_slope_dominates,phase429_reprofile_window_hits_attributed,apply_named_undercharge_or_bubble_fix,patch_or_recollect_named_perfdb_component,false,true,true,false,false,false,true,No-Go
phase429_reprofile,step_category,K2.5-tp4ep8dp2-8k2k,docs/iter_gap_investigation/phase429_reprofile/K2.5-tp4ep8dp2-8k2k,w3_decode_c128,,6,decode_only,52,128,passed,0,other_cuda,38.213738,2.316895,0.000000,0.000000,,1.516977,0.595460,0.357492,0.047048,0.000000,passed,37,103,8,52,44,passed,passed,prefill_serialization_bubble_unmodeled,decode_mla_attention_slope_dominates,phase429_reprofile_window_hits_attributed,apply_named_undercharge_or_bubble_fix,patch_or_recollect_named_perfdb_component,false,true,true,false,false,false,true,No-Go
phase429_reprofile,step_category,K2.5-tp4ep8dp2-8k2k,docs/iter_gap_investigation/phase429_reprofile/K2.5-tp4ep8dp2-8k2k,w3_decode_c128,,6,decode_only,52,128,passed,0,tp_or_dp_allreduce,38.213738,0.828763,0.000000,0.000000,,1.516977,0.595460,0.357492,0.047048,0.000000,passed,37,103,8,52,44,passed,passed,prefill_serialization_bubble_unmodeled,decode_mla_attention_slope_dominates,phase429_reprofile_window_hits_attributed,apply_named_undercharge_or_bubble_fix,patch_or_recollect_named_perfdb_component,false,true,true,false,false,false,true,No-Go
phase429_reprofile,step,K2.5-tp4ep8dp2-8k2k,docs/iter_gap_investigation/phase429_reprofile/K2.5-tp4ep8dp2-8k2k,w3_decode_c128,,7,decode_only,52,128,passed,0,,37.985343,,0.000000,0.000000,,1.516977,0.595460,0.357492,0.047048,0.000000,passed,37,103,8,52,44,passed,passed,prefill_serialization_bubble_unmodeled,decode_mla_attention_slope_dominates,phase429_reprofile_window_hits_attributed,apply_named_undercharge_or_bubble_fix,patch_or_recollect_named_perfdb_component,false,true,true,false,false,false,true,No-Go
phase429_reprofile,step_category,K2.5-tp4ep8dp2-8k2k,docs/iter_gap_investigation/phase429_reprofile/K2.5-tp4ep8dp2-8k2k,w3_decode_c128,,7,decode_only,52,128,passed,0,dense_gemm,37.985343,4.997374,0.000000,0.000000,,1.516977,0.595460,0.357492,0.047048,0.000000,passed,37,103,8,52,44,passed,passed,prefill_serialization_bubble_unmodeled,decode_mla_attention_slope_dominates,phase429_reprofile_window_hits_attributed,apply_named_undercharge_or_bubble_fix,patch_or_recollect_named_perfdb_component,false,true,true,false,false,false,true,No-Go
phase429_reprofile,step_category,K2.5-tp4ep8dp2-8k2k,docs/iter_gap_investigation/phase429_reprofile/K2.5-tp4ep8dp2-8k2k,w3_decode_c128,,7,decode_only,52,128,passed,0,ep_a2a,37.985343,7.309099,0.000000,0.000000,,1.516977,0.595460,0.357492,0.047048,0.000000,passed,37,103,8,52,44,passed,passed,prefill_serialization_bubble_unmodeled,decode_mla_attention_slope_dominates,phase429_reprofile_window_hits_attributed,apply_named_undercharge_or_bubble_fix,patch_or_recollect_named_perfdb_component,false,true,true,false,false,false,true,No-Go
phase429_reprofile,step_category,K2.5-tp4ep8dp2-8k2k,docs/iter_gap_investigation/phase429_reprofile/K2.5-tp4ep8dp2-8k2k,w3_decode_c128,,7,decode_only,52,128,passed,0,memcpy_memset,37.985343,0.153825,0.000000,0.000000,,1.516977,0.595460,0.357492,0.047048,0.000000,passed,37,103,8,52,44,passed,passed,prefill_serialization_bubble_unmodeled,decode_mla_attention_slope_dominates,phase429_reprofile_window_hits_attributed,apply_named_undercharge_or_bubble_fix,patch_or_recollect_named_perfdb_component,false,true,true,false,false,false,true,No-Go
phase429_reprofile,step_category,K2.5-tp4ep8dp2-8k2k,docs/iter_gap_investigation/phase429_reprofile/K2.5-tp4ep8dp2-8k2k,w3_decode_c128,,7,decode_only,52,128,passed,0,mla_attention,37.985343,11.979986,0.000000,0.000000,,1.516977,0.595460,0.357492,0.047048,0.000000,passed,37,103,8,52,44,passed,passed,prefill_serialization_bubble_unmodeled,decode_mla_attention_slope_dominates,phase429_reprofile_window_hits_attributed,apply_named_undercharge_or_bubble_fix,patch_or_recollect_named_perfdb_component,false,true,true,false,false,false,true,No-Go
phase429_reprofile,step_category,K2.5-tp4ep8dp2-8k2k,docs/iter_gap_investigation/phase429_reprofile/K2.5-tp4ep8dp2-8k2k,w3_decode_c128,,7,decode_only,52,128,passed,0,moe_gemm_or_aux,37.985343,10.515991,0.000000,0.000000,,1.516977,0.595460,0.357492,0.047048,0.000000,passed,37,103,8,52,44,passed,passed,prefill_serialization_bubble_unmodeled,decode_mla_attention_slope_dominates,phase429_reprofile_window_hits_attributed,apply_named_undercharge_or_bubble_fix,patch_or_recollect_named_perfdb_component,false,true,true,false,false,false,true,No-Go
phase429_reprofile,step_category,K2.5-tp4ep8dp2-8k2k,docs/iter_gap_investigation/phase429_reprofile/K2.5-tp4ep8dp2-8k2k,w3_decode_c128,,7,decode_only,52,128,passed,0,other_cuda,37.985343,2.316592,0.000000,0.000000,,1.516977,0.595460,0.357492,0.047048,0.000000,passed,37,103,8,52,44,passed,passed,prefill_serialization_bubble_unmodeled,decode_mla_attention_slope_dominates,phase429_reprofile_window_hits_attributed,apply_named_undercharge_or_bubble_fix,patch_or_recollect_named_perfdb_component,false,true,true,false,false,false,true,No-Go
phase429_reprofile,step_category,K2.5-tp4ep8dp2-8k2k,docs/iter_gap_investigation/phase429_reprofile/K2.5-tp4ep8dp2-8k2k,w3_decode_c128,,7,decode_only,52,128,passed,0,tp_or_dp_allreduce,37.985343,0.826760,0.000000,0.000000,,1.516977,0.595460,0.357492,0.047048,0.000000,passed,37,103,8,52,44,passed,passed,prefill_serialization_bubble_unmodeled,decode_mla_attention_slope_dominates,phase429_reprofile_window_hits_attributed,apply_named_undercharge_or_bubble_fix,patch_or_recollect_named_perfdb_component,false,true,true,false,false,false,true,No-Go
phase429_reprofile,step,K2.5-tp4ep8dp2-8k2k,docs/iter_gap_investigation/phase429_reprofile/K2.5-tp4ep8dp2-8k2k,w3_decode_c128,,8,decode_only,52,128,passed,0,,38.165883,,0.000000,0.000000,,1.516977,0.595460,0.357492,0.047048,0.000000,passed,37,103,8,52,44,passed,passed,prefill_serialization_bubble_unmodeled,decode_mla_attention_slope_dominates,phase429_reprofile_window_hits_attributed,apply_named_undercharge_or_bubble_fix,patch_or_recollect_named_perfdb_component,false,true,true,false,false,false,true,No-Go
phase429_reprofile,step_category,K2.5-tp4ep8dp2-8k2k,docs/iter_gap_investigation/phase429_reprofile/K2.5-tp4ep8dp2-8k2k,w3_decode_c128,,8,decode_only,52,128,passed,0,dense_gemm,38.165883,5.006915,0.000000,0.000000,,1.516977,0.595460,0.357492,0.047048,0.000000,passed,37,103,8,52,44,passed,passed,prefill_serialization_bubble_unmodeled,decode_mla_attention_slope_dominates,phase429_reprofile_window_hits_attributed,apply_named_undercharge_or_bubble_fix,patch_or_recollect_named_perfdb_component,false,true,true,false,false,false,true,No-Go
phase429_reprofile,step_category,K2.5-tp4ep8dp2-8k2k,docs/iter_gap_investigation/phase429_reprofile/K2.5-tp4ep8dp2-8k2k,w3_decode_c128,,8,decode_only,52,128,passed,0,ep_a2a,38.165883,7.341327,0.000000,0.000000,,1.516977,0.595460,0.357492,0.047048,0.000000,passed,37,103,8,52,44,passed,passed,prefill_serialization_bubble_unmodeled,decode_mla_attention_slope_dominates,phase429_reprofile_window_hits_attributed,apply_named_undercharge_or_bubble_fix,patch_or_recollect_named_perfdb_component,false,true,true,false,false,false,true,No-Go
phase429_reprofile,step_category,K2.5-tp4ep8dp2-8k2k,docs/iter_gap_investigation/phase429_reprofile/K2.5-tp4ep8dp2-8k2k,w3_decode_c128,,8,decode_only,52,128,passed,0,memcpy_memset,38.165883,0.158068,0.000000,0.000000,,1.516977,0.595460,0.357492,0.047048,0.000000,passed,37,103,8,52,44,passed,passed,prefill_serialization_bubble_unmodeled,decode_mla_attention_slope_dominates,phase429_reprofile_window_hits_attributed,apply_named_undercharge_or_bubble_fix,patch_or_recollect_named_perfdb_component,false,true,true,false,false,false,true,No-Go
phase429_reprofile,step_category,K2.5-tp4ep8dp2-8k2k,docs/iter_gap_investigation/phase429_reprofile/K2.5-tp4ep8dp2-8k2k,w3_decode_c128,,8,decode_only,52,128,passed,0,mla_attention,38.165883,12.005093,0.000000,0.000000,,1.516977,0.595460,0.357492,0.047048,0.000000,passed,37,103,8,52,44,passed,passed,prefill_serialization_bubble_unmodeled,decode_mla_attention_slope_dominates,phase429_reprofile_window_hits_attributed,apply_named_undercharge_or_bubble_fix,patch_or_recollect_named_perfdb_component,false,true,true,false,false,false,true,No-Go
phase429_reprofile,step_category,K2.5-tp4ep8dp2-8k2k,docs/iter_gap_investigation/phase429_reprofile/K2.5-tp4ep8dp2-8k2k,w3_decode_c128,,8,decode_only,52,128,passed,0,moe_gemm_or_aux,38.165883,10.643416,0.000000,0.000000,,1.516977,0.595460,0.357492,0.047048,0.000000,passed,37,103,8,52,44,passed,passed,prefill_serialization_bubble_unmodeled,decode_mla_attention_slope_dominates,phase429_reprofile_window_hits_attributed,apply_named_undercharge_or_bubble_fix,patch_or_recollect_named_perfdb_component,false,true,true,false,false,false,true,No-Go
phase429_reprofile,step_category,K2.5-tp4ep8dp2-8k2k,docs/iter_gap_investigation/phase429_reprofile/K2.5-tp4ep8dp2-8k2k,w3_decode_c128,,8,decode_only,52,128,passed,0,other_cuda,38.165883,2.319377,0.000000,0.000000,,1.516977,0.595460,0.357492,0.047048,0.000000,passed,37,103,8,52,44,passed,passed,prefill_serialization_bubble_unmodeled,decode_mla_attention_slope_dominates,phase429_reprofile_window_hits_attributed,apply_named_undercharge_or_bubble_fix,patch_or_recollect_named_perfdb_component,false,true,true,false,false,false,true,No-Go
phase429_reprofile,step_category,K2.5-tp4ep8dp2-8k2k,docs/iter_gap_investigation/phase429_reprofile/K2.5-tp4ep8dp2-8k2k,w3_decode_c128,,8,decode_only,52,128,passed,0,tp_or_dp_allreduce,38.165883,0.832127,0.000000,0.000000,,1.516977,0.595460,0.357492,0.047048,0.000000,passed,37,103,8,52,44,passed,passed,prefill_serialization_bubble_unmodeled,decode_mla_attention_slope_dominates,phase429_reprofile_window_hits_attributed,apply_named_undercharge_or_bubble_fix,patch_or_recollect_named_perfdb_component,false,true,true,false,false,false,true,No-Go
phase429_reprofile,step,K2.5-tp4ep8dp2-8k2k,docs/iter_gap_investigation/phase429_reprofile/K2.5-tp4ep8dp2-8k2k,w3_decode_c128,,9,decode_only,52,128,passed,0,,38.018806,,0.001432,0.000038,,1.516977,0.595460,0.357492,0.047048,0.000000,passed,37,103,8,52,44,passed,passed,prefill_serialization_bubble_unmodeled,decode_mla_attention_slope_dominates,phase429_reprofile_window_hits_attributed,apply_named_undercharge_or_bubble_fix,patch_or_recollect_named_perfdb_component,false,true,true,false,false,false,true,No-Go
phase429_reprofile,step_category,K2.5-tp4ep8dp2-8k2k,docs/iter_gap_investigation/phase429_reprofile/K2.5-tp4ep8dp2-8k2k,w3_decode_c128,,9,decode_only,52,128,passed,0,dense_gemm,38.018806,4.981244,0.001432,0.000038,,1.516977,0.595460,0.357492,0.047048,0.000000,passed,37,103,8,52,44,passed,passed,prefill_serialization_bubble_unmodeled,decode_mla_attention_slope_dominates,phase429_reprofile_window_hits_attributed,apply_named_undercharge_or_bubble_fix,patch_or_recollect_named_perfdb_component,false,true,true,false,false,false,true,No-Go
phase429_reprofile,step_category,K2.5-tp4ep8dp2-8k2k,docs/iter_gap_investigation/phase429_reprofile/K2.5-tp4ep8dp2-8k2k,w3_decode_c128,,9,decode_only,52,128,passed,0,ep_a2a,38.018806,7.125418,0.001432,0.000038,,1.516977,0.595460,0.357492,0.047048,0.000000,passed,37,103,8,52,44,passed,passed,prefill_serialization_bubble_unmodeled,decode_mla_attention_slope_dominates,phase429_reprofile_window_hits_attributed,apply_named_undercharge_or_bubble_fix,patch_or_recollect_named_perfdb_component,false,true,true,false,false,false,true,No-Go
phase429_reprofile,step_category,K2.5-tp4ep8dp2-8k2k,docs/iter_gap_investigation/phase429_reprofile/K2.5-tp4ep8dp2-8k2k,w3_decode_c128,,9,decode_only,52,128,passed,0,memcpy_memset,38.018806,0.154197,0.001432,0.000038,,1.516977,0.595460,0.357492,0.047048,0.000000,passed,37,103,8,52,44,passed,passed,prefill_serialization_bubble_unmodeled,decode_mla_attention_slope_dominates,phase429_reprofile_window_hits_attributed,apply_named_undercharge_or_bubble_fix,patch_or_recollect_named_perfdb_component,false,true,true,false,false,false,true,No-Go
phase429_reprofile,step_category,K2.5-tp4ep8dp2-8k2k,docs/iter_gap_investigation/phase429_reprofile/K2.5-tp4ep8dp2-8k2k,w3_decode_c128,,9,decode_only,52,128,passed,0,mla_attention,38.018806,11.878882,0.001432,0.000038,,1.516977,0.595460,0.357492,0.047048,0.000000,passed,37,103,8,52,44,passed,passed,prefill_serialization_bubble_unmodeled,decode_mla_attention_slope_dominates,phase429_reprofile_window_hits_attributed,apply_named_undercharge_or_bubble_fix,patch_or_recollect_named_perfdb_component,false,true,true,false,false,false,true,No-Go
phase429_reprofile,step_category,K2.5-tp4ep8dp2-8k2k,docs/iter_gap_investigation/phase429_reprofile/K2.5-tp4ep8dp2-8k2k,w3_decode_c128,,9,decode_only,52,128,passed,0,moe_gemm_or_aux,38.018806,10.798881,0.001432,0.000038,,1.516977,0.595460,0.357492,0.047048,0.000000,passed,37,103,8,52,44,passed,passed,prefill_serialization_bubble_unmodeled,decode_mla_attention_slope_dominates,phase429_reprofile_window_hits_attributed,apply_named_undercharge_or_bubble_fix,patch_or_recollect_named_perfdb_component,false,true,true,false,false,false,true,No-Go
phase429_reprofile,step_category,K2.5-tp4ep8dp2-8k2k,docs/iter_gap_investigation/phase429_reprofile/K2.5-tp4ep8dp2-8k2k,w3_decode_c128,,9,decode_only,52,128,passed,0,other_cuda,38.018806,2.315341,0.001432,0.000038,,1.516977,0.595460,0.357492,0.047048,0.000000,passed,37,103,8,52,44,passed,passed,prefill_serialization_bubble_unmodeled,decode_mla_attention_slope_dominates,phase429_reprofile_window_hits_attributed,apply_named_undercharge_or_bubble_fix,patch_or_recollect_named_perfdb_component,false,true,true,false,false,false,true,No-Go
phase429_reprofile,step_category,K2.5-tp4ep8dp2-8k2k,docs/iter_gap_investigation/phase429_reprofile/K2.5-tp4ep8dp2-8k2k,w3_decode_c128,,9,decode_only,52,128,passed,0,tp_or_dp_allreduce,38.018806,0.821289,0.001432,0.000038,,1.516977,0.595460,0.357492,0.047048,0.000000,passed,37,103,8,52,44,passed,passed,prefill_serialization_bubble_unmodeled,decode_mla_attention_slope_dominates,phase429_reprofile_window_hits_attributed,apply_named_undercharge_or_bubble_fix,patch_or_recollect_named_perfdb_component,false,true,true,false,false,false,true,No-Go
phase429_reprofile,step,K2.5-tp4ep8dp2-8k2k,docs/iter_gap_investigation/phase429_reprofile/K2.5-tp4ep8dp2-8k2k,w3_decode_c128,,10,decode_only,52,128,passed,0,,37.989179,,0.000000,0.000000,,1.516977,0.595460,0.357492,0.047048,0.000000,passed,37,103,8,52,44,passed,passed,prefill_serialization_bubble_unmodeled,decode_mla_attention_slope_dominates,phase429_reprofile_window_hits_attributed,apply_named_undercharge_or_bubble_fix,patch_or_recollect_named_perfdb_component,false,true,true,false,false,false,true,No-Go
phase429_reprofile,step_category,K2.5-tp4ep8dp2-8k2k,docs/iter_gap_investigation/phase429_reprofile/K2.5-tp4ep8dp2-8k2k,w3_decode_c128,,10,decode_only,52,128,passed,0,dense_gemm,37.989179,4.993924,0.000000,0.000000,,1.516977,0.595460,0.357492,0.047048,0.000000,passed,37,103,8,52,44,passed,passed,prefill_serialization_bubble_unmodeled,decode_mla_attention_slope_dominates,phase429_reprofile_window_hits_attributed,apply_named_undercharge_or_bubble_fix,patch_or_recollect_named_perfdb_component,false,true,true,false,false,false,true,No-Go
phase429_reprofile,step_category,K2.5-tp4ep8dp2-8k2k,docs/iter_gap_investigation/phase429_reprofile/K2.5-tp4ep8dp2-8k2k,w3_decode_c128,,10,decode_only,52,128,passed,0,ep_a2a,37.989179,7.364318,0.000000,0.000000,,1.516977,0.595460,0.357492,0.047048,0.000000,passed,37,103,8,52,44,passed,passed,prefill_serialization_bubble_unmodeled,decode_mla_attention_slope_dominates,phase429_reprofile_window_hits_attributed,apply_named_undercharge_or_bubble_fix,patch_or_recollect_named_perfdb_component,false,true,true,false,false,false,true,No-Go
phase429_reprofile,step_category,K2.5-tp4ep8dp2-8k2k,docs/iter_gap_investigation/phase429_reprofile/K2.5-tp4ep8dp2-8k2k,w3_decode_c128,,10,decode_only,52,128,passed,0,memcpy_memset,37.989179,0.155245,0.000000,0.000000,,1.516977,0.595460,0.357492,0.047048,0.000000,passed,37,103,8,52,44,passed,passed,prefill_serialization_bubble_unmodeled,decode_mla_attention_slope_dominates,phase429_reprofile_window_hits_attributed,apply_named_undercharge_or_bubble_fix,patch_or_recollect_named_perfdb_component,false,true,true,false,false,false,true,No-Go
phase429_reprofile,step_category,K2.5-tp4ep8dp2-8k2k,docs/iter_gap_investigation/phase429_reprofile/K2.5-tp4ep8dp2-8k2k,w3_decode_c128,,10,decode_only,52,128,passed,0,mla_attention,37.989179,11.949029,0.000000,0.000000,,1.516977,0.595460,0.357492,0.047048,0.000000,passed,37,103,8,52,44,passed,passed,prefill_serialization_bubble_unmodeled,decode_mla_attention_slope_dominates,phase429_reprofile_window_hits_attributed,apply_named_undercharge_or_bubble_fix,patch_or_recollect_named_perfdb_component,false,true,true,false,false,false,true,No-Go
phase429_reprofile,step_category,K2.5-tp4ep8dp2-8k2k,docs/iter_gap_investigation/phase429_reprofile/K2.5-tp4ep8dp2-8k2k,w3_decode_c128,,10,decode_only,52,128,passed,0,moe_gemm_or_aux,37.989179,10.519718,0.000000,0.000000,,1.516977,0.595460,0.357492,0.047048,0.000000,passed,37,103,8,52,44,passed,passed,prefill_serialization_bubble_unmodeled,decode_mla_attention_slope_dominates,phase429_reprofile_window_hits_attributed,apply_named_undercharge_or_bubble_fix,patch_or_recollect_named_perfdb_component,false,true,true,false,false,false,true,No-Go
phase429_reprofile,step_category,K2.5-tp4ep8dp2-8k2k,docs/iter_gap_investigation/phase429_reprofile/K2.5-tp4ep8dp2-8k2k,w3_decode_c128,,10,decode_only,52,128,passed,0,other_cuda,37.989179,2.315457,0.000000,0.000000,,1.516977,0.595460,0.357492,0.047048,0.000000,passed,37,103,8,52,44,passed,passed,prefill_serialization_bubble_unmodeled,decode_mla_attention_slope_dominates,phase429_reprofile_window_hits_attributed,apply_named_undercharge_or_bubble_fix,patch_or_recollect_named_perfdb_component,false,true,true,false,false,false,true,No-Go
phase429_reprofile,step_category,K2.5-tp4ep8dp2-8k2k,docs/iter_gap_investigation/phase429_reprofile/K2.5-tp4ep8dp2-8k2k,w3_decode_c128,,10,decode_only,52,128,passed,0,tp_or_dp_allreduce,37.989179,0.829155,0.000000,0.000000,,1.516977,0.595460,0.357492,0.047048,0.000000,passed,37,103,8,52,44,passed,passed,prefill_serialization_bubble_unmodeled,decode_mla_attention_slope_dominates,phase429_reprofile_window_hits_attributed,apply_named_undercharge_or_bubble_fix,patch_or_recollect_named_perfdb_component,false,true,true,false,false,false,true,No-Go
phase429_reprofile,step,K2.5-tp4ep8dp2-8k2k,docs/iter_gap_investigation/phase429_reprofile/K2.5-tp4ep8dp2-8k2k,w3_decode_c128,,11,decode_only,52,128,passed,0,,38.196934,,0.000807,0.000021,,1.516977,0.595460,0.357492,0.047048,0.000000,passed,37,103,8,52,44,passed,passed,prefill_serialization_bubble_unmodeled,decode_mla_attention_slope_dominates,phase429_reprofile_window_hits_attributed,apply_named_undercharge_or_bubble_fix,patch_or_recollect_named_perfdb_component,false,true,true,false,false,false,true,No-Go
phase429_reprofile,step_category,K2.5-tp4ep8dp2-8k2k,docs/iter_gap_investigation/phase429_reprofile/K2.5-tp4ep8dp2-8k2k,w3_decode_c128,,11,decode_only,52,128,passed,0,dense_gemm,38.196934,4.992303,0.000807,0.000021,,1.516977,0.595460,0.357492,0.047048,0.000000,passed,37,103,8,52,44,passed,passed,prefill_serialization_bubble_unmodeled,decode_mla_attention_slope_dominates,phase429_reprofile_window_hits_attributed,apply_named_undercharge_or_bubble_fix,patch_or_recollect_named_perfdb_component,false,true,true,false,false,false,true,No-Go
phase429_reprofile,step_category,K2.5-tp4ep8dp2-8k2k,docs/iter_gap_investigation/phase429_reprofile/K2.5-tp4ep8dp2-8k2k,w3_decode_c128,,11,decode_only,52,128,passed,0,ep_a2a,38.196934,7.489241,0.000807,0.000021,,1.516977,0.595460,0.357492,0.047048,0.000000,passed,37,103,8,52,44,passed,passed,prefill_serialization_bubble_unmodeled,decode_mla_attention_slope_dominates,phase429_reprofile_window_hits_attributed,apply_named_undercharge_or_bubble_fix,patch_or_recollect_named_perfdb_component,false,true,true,false,false,false,true,No-Go
phase429_reprofile,step_category,K2.5-tp4ep8dp2-8k2k,docs/iter_gap_investigation/phase429_reprofile/K2.5-tp4ep8dp2-8k2k,w3_decode_c128,,11,decode_only,52,128,passed,0,memcpy_memset,38.196934,0.156809,0.000807,0.000021,,1.516977,0.595460,0.357492,0.047048,0.000000,passed,37,103,8,52,44,passed,passed,prefill_serialization_bubble_unmodeled,decode_mla_attention_slope_dominates,phase429_reprofile_window_hits_attributed,apply_named_undercharge_or_bubble_fix,patch_or_recollect_named_perfdb_component,false,true,true,false,false,false,true,No-Go
phase429_reprofile,step_category,K2.5-tp4ep8dp2-8k2k,docs/iter_gap_investigation/phase429_reprofile/K2.5-tp4ep8dp2-8k2k,w3_decode_c128,,11,decode_only,52,128,passed,0,mla_attention,38.196934,11.946143,0.000807,0.000021,,1.516977,0.595460,0.357492,0.047048,0.000000,passed,37,103,8,52,44,passed,passed,prefill_serialization_bubble_unmodeled,decode_mla_attention_slope_dominates,phase429_reprofile_window_hits_attributed,apply_named_undercharge_or_bubble_fix,patch_or_recollect_named_perfdb_component,false,true,true,false,false,false,true,No-Go
phase429_reprofile,step_category,K2.5-tp4ep8dp2-8k2k,docs/iter_gap_investigation/phase429_reprofile/K2.5-tp4ep8dp2-8k2k,w3_decode_c128,,11,decode_only,52,128,passed,0,moe_gemm_or_aux,38.196934,10.549586,0.000807,0.000021,,1.516977,0.595460,0.357492,0.047048,0.000000,passed,37,103,8,52,44,passed,passed,prefill_serialization_bubble_unmodeled,decode_mla_attention_slope_dominates,phase429_reprofile_window_hits_attributed,apply_named_undercharge_or_bubble_fix,patch_or_recollect_named_perfdb_component,false,true,true,false,false,false,true,No-Go
phase429_reprofile,step_category,K2.5-tp4ep8dp2-8k2k,docs/iter_gap_investigation/phase429_reprofile/K2.5-tp4ep8dp2-8k2k,w3_decode_c128,,11,decode_only,52,128,passed,0,other_cuda,38.196934,2.311185,0.000807,0.000021,,1.516977,0.595460,0.357492,0.047048,0.000000,passed,37,103,8,52,44,passed,passed,prefill_serialization_bubble_unmodeled,decode_mla_attention_slope_dominates,phase429_reprofile_window_hits_attributed,apply_named_undercharge_or_bubble_fix,patch_or_recollect_named_perfdb_component,false,true,true,false,false,false,true,No-Go
phase429_reprofile,step_category,K2.5-tp4ep8dp2-8k2k,docs/iter_gap_investigation/phase429_reprofile/K2.5-tp4ep8dp2-8k2k,w3_decode_c128,,11,decode_only,52,128,passed,0,tp_or_dp_allreduce,38.196934,0.840474,0.000807,0.000021,,1.516977,0.595460,0.357492,0.047048,0.000000,passed,37,103,8,52,44,passed,passed,prefill_serialization_bubble_unmodeled,decode_mla_attention_slope_dominates,phase429_reprofile_window_hits_attributed,apply_named_undercharge_or_bubble_fix,patch_or_recollect_named_perfdb_component,false,true,true,false,false,false,true,No-Go
phase429_reprofile,step,K2.5-tp4ep8dp2-8k2k,docs/iter_gap_investigation/phase429_reprofile/K2.5-tp4ep8dp2-8k2k,w3_decode_c128,,12,decode_only,52,128,passed,0,,38.100451,,0.000000,0.000000,,1.516977,0.595460,0.357492,0.047048,0.000000,passed,37,103,8,52,44,passed,passed,prefill_serialization_bubble_unmodeled,decode_mla_attention_slope_dominates,phase429_reprofile_window_hits_attributed,apply_named_undercharge_or_bubble_fix,patch_or_recollect_named_perfdb_component,false,true,true,false,false,false,true,No-Go
phase429_reprofile,step_category,K2.5-tp4ep8dp2-8k2k,docs/iter_gap_investigation/phase429_reprofile/K2.5-tp4ep8dp2-8k2k,w3_decode_c128,,12,decode_only,52,128,passed,0,dense_gemm,38.100451,4.994904,0.000000,0.000000,,1.516977,0.595460,0.357492,0.047048,0.000000,passed,37,103,8,52,44,passed,passed,prefill_serialization_bubble_unmodeled,decode_mla_attention_slope_dominates,phase429_reprofile_window_hits_attributed,apply_named_undercharge_or_bubble_fix,patch_or_recollect_named_perfdb_component,false,true,true,false,false,false,true,No-Go
phase429_reprofile,step_category,K2.5-tp4ep8dp2-8k2k,docs/iter_gap_investigation/phase429_reprofile/K2.5-tp4ep8dp2-8k2k,w3_decode_c128,,12,decode_only,52,128,passed,0,ep_a2a,38.100451,7.353745,0.000000,0.000000,,1.516977,0.595460,0.357492,0.047048,0.000000,passed,37,103,8,52,44,passed,passed,prefill_serialization_bubble_unmodeled,decode_mla_attention_slope_dominates,phase429_reprofile_window_hits_attributed,apply_named_undercharge_or_bubble_fix,patch_or_recollect_named_perfdb_component,false,true,true,false,false,false,true,No-Go
phase429_reprofile,step_category,K2.5-tp4ep8dp2-8k2k,docs/iter_gap_investigation/phase429_reprofile/K2.5-tp4ep8dp2-8k2k,w3_decode_c128,,12,decode_only,52,128,passed,0,memcpy_memset,38.100451,0.156616,0.000000,0.000000,,1.516977,0.595460,0.357492,0.047048,0.000000,passed,37,103,8,52,44,passed,passed,prefill_serialization_bubble_unmodeled,decode_mla_attention_slope_dominates,phase429_reprofile_window_hits_attributed,apply_named_undercharge_or_bubble_fix,patch_or_recollect_named_perfdb_component,false,true,true,false,false,false,true,No-Go
phase429_reprofile,step_category,K2.5-tp4ep8dp2-8k2k,docs/iter_gap_investigation/phase429_reprofile/K2.5-tp4ep8dp2-8k2k,w3_decode_c128,,12,decode_only,52,128,passed,0,mla_attention,38.100451,11.953456,0.000000,0.000000,,1.516977,0.595460,0.357492,0.047048,0.000000,passed,37,103,8,52,44,passed,passed,prefill_serialization_bubble_unmodeled,decode_mla_attention_slope_dominates,phase429_reprofile_window_hits_attributed,apply_named_undercharge_or_bubble_fix,patch_or_recollect_named_perfdb_component,false,true,true,false,false,false,true,No-Go
phase429_reprofile,step_category,K2.5-tp4ep8dp2-8k2k,docs/iter_gap_investigation/phase429_reprofile/K2.5-tp4ep8dp2-8k2k,w3_decode_c128,,12,decode_only,52,128,passed,0,moe_gemm_or_aux,38.100451,10.615012,0.000000,0.000000,,1.516977,0.595460,0.357492,0.047048,0.000000,passed,37,103,8,52,44,passed,passed,prefill_serialization_bubble_unmodeled,decode_mla_attention_slope_dominates,phase429_reprofile_window_hits_attributed,apply_named_undercharge_or_bubble_fix,patch_or_recollect_named_perfdb_component,false,true,true,false,false,false,true,No-Go
phase429_reprofile,step_category,K2.5-tp4ep8dp2-8k2k,docs/iter_gap_investigation/phase429_reprofile/K2.5-tp4ep8dp2-8k2k,w3_decode_c128,,12,decode_only,52,128,passed,0,other_cuda,38.100451,2.316649,0.000000,0.000000,,1.516977,0.595460,0.357492,0.047048,0.000000,passed,37,103,8,52,44,passed,passed,prefill_serialization_bubble_unmodeled,decode_mla_attention_slope_dominates,phase429_reprofile_window_hits_attributed,apply_named_undercharge_or_bubble_fix,patch_or_recollect_named_perfdb_component,false,true,true,false,false,false,true,No-Go
phase429_reprofile,step_category,K2.5-tp4ep8dp2-8k2k,docs/iter_gap_investigation/phase429_reprofile/K2.5-tp4ep8dp2-8k2k,w3_decode_c128,,12,decode_only,52,128,passed,0,tp_or_dp_allreduce,38.100451,0.832990,0.000000,0.000000,,1.516977,0.595460,0.357492,0.047048,0.000000,passed,37,103,8,52,44,passed,passed,prefill_serialization_bubble_unmodeled,decode_mla_attention_slope_dominates,phase429_reprofile_window_hits_attributed,apply_named_undercharge_or_bubble_fix,patch_or_recollect_named_perfdb_component,false,true,true,false,false,false,true,No-Go
phase429_reprofile,step,K2.5-tp4ep8dp2-8k2k,docs/iter_gap_investigation/phase429_reprofile/K2.5-tp4ep8dp2-8k2k,w3_decode_c128,,13,decode_only,52,128,passed,0,,38.084248,,0.000000,0.000000,,1.516977,0.595460,0.357492,0.047048,0.000000,passed,37,103,8,52,44,passed,passed,prefill_serialization_bubble_unmodeled,decode_mla_attention_slope_dominates,phase429_reprofile_window_hits_attributed,apply_named_undercharge_or_bubble_fix,patch_or_recollect_named_perfdb_component,false,true,true,false,false,false,true,No-Go
phase429_reprofile,step_category,K2.5-tp4ep8dp2-8k2k,docs/iter_gap_investigation/phase429_reprofile/K2.5-tp4ep8dp2-8k2k,w3_decode_c128,,13,decode_only,52,128,passed,0,dense_gemm,38.084248,4.987977,0.000000,0.000000,,1.516977,0.595460,0.357492,0.047048,0.000000,passed,37,103,8,52,44,passed,passed,prefill_serialization_bubble_unmodeled,decode_mla_attention_slope_dominates,phase429_reprofile_window_hits_attributed,apply_named_undercharge_or_bubble_fix,patch_or_recollect_named_perfdb_component,false,true,true,false,false,false,true,No-Go
phase429_reprofile,step_category,K2.5-tp4ep8dp2-8k2k,docs/iter_gap_investigation/phase429_reprofile/K2.5-tp4ep8dp2-8k2k,w3_decode_c128,,13,decode_only,52,128,passed,0,ep_a2a,38.084248,7.325153,0.000000,0.000000,,1.516977,0.595460,0.357492,0.047048,0.000000,passed,37,103,8,52,44,passed,passed,prefill_serialization_bubble_unmodeled,decode_mla_attention_slope_dominates,phase429_reprofile_window_hits_attributed,apply_named_undercharge_or_bubble_fix,patch_or_recollect_named_perfdb_component,false,true,true,false,false,false,true,No-Go
phase429_reprofile,step_category,K2.5-tp4ep8dp2-8k2k,docs/iter_gap_investigation/phase429_reprofile/K2.5-tp4ep8dp2-8k2k,w3_decode_c128,,13,decode_only,52,128,passed,0,memcpy_memset,38.084248,0.155493,0.000000,0.000000,,1.516977,0.595460,0.357492,0.047048,0.000000,passed,37,103,8,52,44,passed,passed,prefill_serialization_bubble_unmodeled,decode_mla_attention_slope_dominates,phase429_reprofile_window_hits_attributed,apply_named_undercharge_or_bubble_fix,patch_or_recollect_named_perfdb_component,false,true,true,false,false,false,true,No-Go
phase429_reprofile,step_category,K2.5-tp4ep8dp2-8k2k,docs/iter_gap_investigation/phase429_reprofile/K2.5-tp4ep8dp2-8k2k,w3_decode_c128,,13,decode_only,52,128,passed,0,mla_attention,38.084248,11.962052,0.000000,0.000000,,1.516977,0.595460,0.357492,0.047048,0.000000,passed,37,103,8,52,44,passed,passed,prefill_serialization_bubble_unmodeled,decode_mla_attention_slope_dominates,phase429_reprofile_window_hits_attributed,apply_named_undercharge_or_bubble_fix,patch_or_recollect_named_perfdb_component,false,true,true,false,false,false,true,No-Go
phase429_reprofile,step_category,K2.5-tp4ep8dp2-8k2k,docs/iter_gap_investigation/phase429_reprofile/K2.5-tp4ep8dp2-8k2k,w3_decode_c128,,13,decode_only,52,128,passed,0,moe_gemm_or_aux,38.084248,10.601837,0.000000,0.000000,,1.516977,0.595460,0.357492,0.047048,0.000000,passed,37,103,8,52,44,passed,passed,prefill_serialization_bubble_unmodeled,decode_mla_attention_slope_dominates,phase429_reprofile_window_hits_attributed,apply_named_undercharge_or_bubble_fix,patch_or_recollect_named_perfdb_component,false,true,true,false,false,false,true,No-Go
phase429_reprofile,step_category,K2.5-tp4ep8dp2-8k2k,docs/iter_gap_investigation/phase429_reprofile/K2.5-tp4ep8dp2-8k2k,w3_decode_c128,,13,decode_only,52,128,passed,0,other_cuda,38.084248,2.315519,0.000000,0.000000,,1.516977,0.595460,0.357492,0.047048,0.000000,passed,37,103,8,52,44,passed,passed,prefill_serialization_bubble_unmodeled,decode_mla_attention_slope_dominates,phase429_reprofile_window_hits_attributed,apply_named_undercharge_or_bubble_fix,patch_or_recollect_named_perfdb_component,false,true,true,false,false,false,true,No-Go
phase429_reprofile,step_category,K2.5-tp4ep8dp2-8k2k,docs/iter_gap_investigation/phase429_reprofile/K2.5-tp4ep8dp2-8k2k,w3_decode_c128,,13,decode_only,52,128,passed,0,tp_or_dp_allreduce,38.084248,0.837245,0.000000,0.000000,,1.516977,0.595460,0.357492,0.047048,0.000000,passed,37,103,8,52,44,passed,passed,prefill_serialization_bubble_unmodeled,decode_mla_attention_slope_dominates,phase429_reprofile_window_hits_attributed,apply_named_undercharge_or_bubble_fix,patch_or_recollect_named_perfdb_component,false,true,true,false,false,false,true,No-Go
phase429_reprofile,step,K2.5-tp4ep8dp2-8k2k,docs/iter_gap_investigation/phase429_reprofile/K2.5-tp4ep8dp2-8k2k,w3_decode_c128,,14,decode_only,52,128,passed,0,,38.269524,,0.000000,0.000000,,1.516977,0.595460,0.357492,0.047048,0.000000,passed,37,103,8,52,44,passed,passed,prefill_serialization_bubble_unmodeled,decode_mla_attention_slope_dominates,phase429_reprofile_window_hits_attributed,apply_named_undercharge_or_bubble_fix,patch_or_recollect_named_perfdb_component,false,true,true,false,false,false,true,No-Go
phase429_reprofile,step_category,K2.5-tp4ep8dp2-8k2k,docs/iter_gap_investigation/phase429_reprofile/K2.5-tp4ep8dp2-8k2k,w3_decode_c128,,14,decode_only,52,128,passed,0,dense_gemm,38.269524,5.000308,0.000000,0.000000,,1.516977,0.595460,0.357492,0.047048,0.000000,passed,37,103,8,52,44,passed,passed,prefill_serialization_bubble_unmodeled,decode_mla_attention_slope_dominates,phase429_reprofile_window_hits_attributed,apply_named_undercharge_or_bubble_fix,patch_or_recollect_named_perfdb_component,false,true,true,false,false,false,true,No-Go
phase429_reprofile,step_category,K2.5-tp4ep8dp2-8k2k,docs/iter_gap_investigation/phase429_reprofile/K2.5-tp4ep8dp2-8k2k,w3_decode_c128,,14,decode_only,52,128,passed,0,ep_a2a,38.269524,7.338249,0.000000,0.000000,,1.516977,0.595460,0.357492,0.047048,0.000000,passed,37,103,8,52,44,passed,passed,prefill_serialization_bubble_unmodeled,decode_mla_attention_slope_dominates,phase429_reprofile_window_hits_attributed,apply_named_undercharge_or_bubble_fix,patch_or_recollect_named_perfdb_component,false,true,true,false,false,false,true,No-Go
phase429_reprofile,step_category,K2.5-tp4ep8dp2-8k2k,docs/iter_gap_investigation/phase429_reprofile/K2.5-tp4ep8dp2-8k2k,w3_decode_c128,,14,decode_only,52,128,passed,0,memcpy_memset,38.269524,0.155165,0.000000,0.000000,,1.516977,0.595460,0.357492,0.047048,0.000000,passed,37,103,8,52,44,passed,passed,prefill_serialization_bubble_unmodeled,decode_mla_attention_slope_dominates,phase429_reprofile_window_hits_attributed,apply_named_undercharge_or_bubble_fix,patch_or_recollect_named_perfdb_component,false,true,true,false,false,false,true,No-Go
phase429_reprofile,step_category,K2.5-tp4ep8dp2-8k2k,docs/iter_gap_investigation/phase429_reprofile/K2.5-tp4ep8dp2-8k2k,w3_decode_c128,,14,decode_only,52,128,passed,0,mla_attention,38.269524,11.963993,0.000000,0.000000,,1.516977,0.595460,0.357492,0.047048,0.000000,passed,37,103,8,52,44,passed,passed,prefill_serialization_bubble_unmodeled,decode_mla_attention_slope_dominates,phase429_reprofile_window_hits_attributed,apply_named_undercharge_or_bubble_fix,patch_or_recollect_named_perfdb_component,false,true,true,false,false,false,true,No-Go
phase429_reprofile,step_category,K2.5-tp4ep8dp2-8k2k,docs/iter_gap_investigation/phase429_reprofile/K2.5-tp4ep8dp2-8k2k,w3_decode_c128,,14,decode_only,52,128,passed,0,moe_gemm_or_aux,38.269524,10.763821,0.000000,0.000000,,1.516977,0.595460,0.357492,0.047048,0.000000,passed,37,103,8,52,44,passed,passed,prefill_serialization_bubble_unmodeled,decode_mla_attention_slope_dominates,phase429_reprofile_window_hits_attributed,apply_named_undercharge_or_bubble_fix,patch_or_recollect_named_perfdb_component,false,true,true,false,false,false,true,No-Go
phase429_reprofile,step_category,K2.5-tp4ep8dp2-8k2k,docs/iter_gap_investigation/phase429_reprofile/K2.5-tp4ep8dp2-8k2k,w3_decode_c128,,14,decode_only,52,128,passed,0,other_cuda,38.269524,2.314624,0.000000,0.000000,,1.516977,0.595460,0.357492,0.047048,0.000000,passed,37,103,8,52,44,passed,passed,prefill_serialization_bubble_unmodeled,decode_mla_attention_slope_dominates,phase429_reprofile_window_hits_attributed,apply_named_undercharge_or_bubble_fix,patch_or_recollect_named_perfdb_component,false,true,true,false,false,false,true,No-Go
phase429_reprofile,step_category,K2.5-tp4ep8dp2-8k2k,docs/iter_gap_investigation/phase429_reprofile/K2.5-tp4ep8dp2-8k2k,w3_decode_c128,,14,decode_only,52,128,passed,0,tp_or_dp_allreduce,38.269524,0.838118,0.000000,0.000000,,1.516977,0.595460,0.357492,0.047048,0.000000,passed,37,103,8,52,44,passed,passed,prefill_serialization_bubble_unmodeled,decode_mla_attention_slope_dominates,phase429_reprofile_window_hits_attributed,apply_named_undercharge_or_bubble_fix,patch_or_recollect_named_perfdb_component,false,true,true,false,false,false,true,No-Go
phase429_reprofile,step,K2.5-tp4ep8dp2-8k2k,docs/iter_gap_investigation/phase429_reprofile/K2.5-tp4ep8dp2-8k2k,w3_decode_c128,,15,decode_only,52,128,passed,0,,38.458069,,0.000000,0.000000,,1.516977,0.595460,0.357492,0.047048,0.000000,passed,37,103,8,52,44,passed,passed,prefill_serialization_bubble_unmodeled,decode_mla_attention_slope_dominates,phase429_reprofile_window_hits_attributed,apply_named_undercharge_or_bubble_fix,patch_or_recollect_named_perfdb_component,false,true,true,false,false,false,true,No-Go
phase429_reprofile,step_category,K2.5-tp4ep8dp2-8k2k,docs/iter_gap_investigation/phase429_reprofile/K2.5-tp4ep8dp2-8k2k,w3_decode_c128,,15,decode_only,52,128,passed,0,dense_gemm,38.458069,4.997339,0.000000,0.000000,,1.516977,0.595460,0.357492,0.047048,0.000000,passed,37,103,8,52,44,passed,passed,prefill_serialization_bubble_unmodeled,decode_mla_attention_slope_dominates,phase429_reprofile_window_hits_attributed,apply_named_undercharge_or_bubble_fix,patch_or_recollect_named_perfdb_component,false,true,true,false,false,false,true,No-Go
phase429_reprofile,step_category,K2.5-tp4ep8dp2-8k2k,docs/iter_gap_investigation/phase429_reprofile/K2.5-tp4ep8dp2-8k2k,w3_decode_c128,,15,decode_only,52,128,passed,0,ep_a2a,38.458069,7.362802,0.000000,0.000000,,1.516977,0.595460,0.357492,0.047048,0.000000,passed,37,103,8,52,44,passed,passed,prefill_serialization_bubble_unmodeled,decode_mla_attention_slope_dominates,phase429_reprofile_window_hits_attributed,apply_named_undercharge_or_bubble_fix,patch_or_recollect_named_perfdb_component,false,true,true,false,false,false,true,No-Go
phase429_reprofile,step_category,K2.5-tp4ep8dp2-8k2k,docs/iter_gap_investigation/phase429_reprofile/K2.5-tp4ep8dp2-8k2k,w3_decode_c128,,15,decode_only,52,128,passed,0,memcpy_memset,38.458069,0.154700,0.000000,0.000000,,1.516977,0.595460,0.357492,0.047048,0.000000,passed,37,103,8,52,44,passed,passed,prefill_serialization_bubble_unmodeled,decode_mla_attention_slope_dominates,phase429_reprofile_window_hits_attributed,apply_named_undercharge_or_bubble_fix,patch_or_recollect_named_perfdb_component,false,true,true,false,false,false,true,No-Go
phase429_reprofile,step_category,K2.5-tp4ep8dp2-8k2k,docs/iter_gap_investigation/phase429_reprofile/K2.5-tp4ep8dp2-8k2k,w3_decode_c128,,15,decode_only,52,128,passed,0,mla_attention,38.458069,11.965963,0.000000,0.000000,,1.516977,0.595460,0.357492,0.047048,0.000000,passed,37,103,8,52,44,passed,passed,prefill_serialization_bubble_unmodeled,decode_mla_attention_slope_dominates,phase429_reprofile_window_hits_attributed,apply_named_undercharge_or_bubble_fix,patch_or_recollect_named_perfdb_component,false,true,true,false,false,false,true,No-Go
phase429_reprofile,step_category,K2.5-tp4ep8dp2-8k2k,docs/iter_gap_investigation/phase429_reprofile/K2.5-tp4ep8dp2-8k2k,w3_decode_c128,,15,decode_only,52,128,passed,0,moe_gemm_or_aux,38.458069,10.907098,0.000000,0.000000,,1.516977,0.595460,0.357492,0.047048,0.000000,passed,37,103,8,52,44,passed,passed,prefill_serialization_bubble_unmodeled,decode_mla_attention_slope_dominates,phase429_reprofile_window_hits_attributed,apply_named_undercharge_or_bubble_fix,patch_or_recollect_named_perfdb_component,false,true,true,false,false,false,true,No-Go
phase429_reprofile,step_category,K2.5-tp4ep8dp2-8k2k,docs/iter_gap_investigation/phase429_reprofile/K2.5-tp4ep8dp2-8k2k,w3_decode_c128,,15,decode_only,52,128,passed,0,other_cuda,38.458069,2.318099,0.000000,0.000000,,1.516977,0.595460,0.357492,0.047048,0.000000,passed,37,103,8,52,44,passed,passed,prefill_serialization_bubble_unmodeled,decode_mla_attention_slope_dominates,phase429_reprofile_window_hits_attributed,apply_named_undercharge_or_bubble_fix,patch_or_recollect_named_perfdb_component,false,true,true,false,false,false,true,No-Go
phase429_reprofile,step_category,K2.5-tp4ep8dp2-8k2k,docs/iter_gap_investigation/phase429_reprofile/K2.5-tp4ep8dp2-8k2k,w3_decode_c128,,15,decode_only,52,128,passed,0,tp_or_dp_allreduce,38.458069,0.834614,0.000000,0.000000,,1.516977,0.595460,0.357492,0.047048,0.000000,passed,37,103,8,52,44,passed,passed,prefill_serialization_bubble_unmodeled,decode_mla_attention_slope_dominates,phase429_reprofile_window_hits_attributed,apply_named_undercharge_or_bubble_fix,patch_or_recollect_named_perfdb_component,false,true,true,false,false,false,true,No-Go
phase429_reprofile,step,K2.5-tp4ep8dp2-8k2k,docs/iter_gap_investigation/phase429_reprofile/K2.5-tp4ep8dp2-8k2k,w3_decode_c128,,16,decode_only,52,128,passed,0,,38.113544,,0.000000,0.000000,,1.516977,0.595460,0.357492,0.047048,0.000000,passed,37,103,8,52,44,passed,passed,prefill_serialization_bubble_unmodeled,decode_mla_attention_slope_dominates,phase429_reprofile_window_hits_attributed,apply_named_undercharge_or_bubble_fix,patch_or_recollect_named_perfdb_component,false,true,true,false,false,false,true,No-Go
phase429_reprofile,step_category,K2.5-tp4ep8dp2-8k2k,docs/iter_gap_investigation/phase429_reprofile/K2.5-tp4ep8dp2-8k2k,w3_decode_c128,,16,decode_only,52,128,passed,0,dense_gemm,38.113544,4.984516,0.000000,0.000000,,1.516977,0.595460,0.357492,0.047048,0.000000,passed,37,103,8,52,44,passed,passed,prefill_serialization_bubble_unmodeled,decode_mla_attention_slope_dominates,phase429_reprofile_window_hits_attributed,apply_named_undercharge_or_bubble_fix,patch_or_recollect_named_perfdb_component,false,true,true,false,false,false,true,No-Go
phase429_reprofile,step_category,K2.5-tp4ep8dp2-8k2k,docs/iter_gap_investigation/phase429_reprofile/K2.5-tp4ep8dp2-8k2k,w3_decode_c128,,16,decode_only,52,128,passed,0,ep_a2a,38.113544,7.586627,0.000000,0.000000,,1.516977,0.595460,0.357492,0.047048,0.000000,passed,37,103,8,52,44,passed,passed,prefill_serialization_bubble_unmodeled,decode_mla_attention_slope_dominates,phase429_reprofile_window_hits_attributed,apply_named_undercharge_or_bubble_fix,patch_or_recollect_named_perfdb_component,false,true,true,false,false,false,true,No-Go
phase429_reprofile,step_category,K2.5-tp4ep8dp2-8k2k,docs/iter_gap_investigation/phase429_reprofile/K2.5-tp4ep8dp2-8k2k,w3_decode_c128,,16,decode_only,52,128,passed,0,memcpy_memset,38.113544,0.155512,0.000000,0.000000,,1.516977,0.595460,0.357492,0.047048,0.000000,passed,37,103,8,52,44,passed,passed,prefill_serialization_bubble_unmodeled,decode_mla_attention_slope_dominates,phase429_reprofile_window_hits_attributed,apply_named_undercharge_or_bubble_fix,patch_or_recollect_named_perfdb_component,false,true,true,false,false,false,true,No-Go
phase429_reprofile,step_category,K2.5-tp4ep8dp2-8k2k,docs/iter_gap_investigation/phase429_reprofile/K2.5-tp4ep8dp2-8k2k,w3_decode_c128,,16,decode_only,52,128,passed,0,mla_attention,38.113544,11.966666,0.000000,0.000000,,1.516977,0.595460,0.357492,0.047048,0.000000,passed,37,103,8,52,44,passed,passed,prefill_serialization_bubble_unmodeled,decode_mla_attention_slope_dominates,phase429_reprofile_window_hits_attributed,apply_named_undercharge_or_bubble_fix,patch_or_recollect_named_perfdb_component,false,true,true,false,false,false,true,No-Go
phase429_reprofile,step_category,K2.5-tp4ep8dp2-8k2k,docs/iter_gap_investigation/phase429_reprofile/K2.5-tp4ep8dp2-8k2k,w3_decode_c128,,16,decode_only,52,128,passed,0,moe_gemm_or_aux,38.113544,10.405018,0.000000,0.000000,,1.516977,0.595460,0.357492,0.047048,0.000000,passed,37,103,8,52,44,passed,passed,prefill_serialization_bubble_unmodeled,decode_mla_attention_slope_dominates,phase429_reprofile_window_hits_attributed,apply_named_undercharge_or_bubble_fix,patch_or_recollect_named_perfdb_component,false,true,true,false,false,false,true,No-Go
phase429_reprofile,step_category,K2.5-tp4ep8dp2-8k2k,docs/iter_gap_investigation/phase429_reprofile/K2.5-tp4ep8dp2-8k2k,w3_decode_c128,,16,decode_only,52,128,passed,0,other_cuda,38.113544,2.310137,0.000000,0.000000,,1.516977,0.595460,0.357492,0.047048,0.000000,passed,37,103,8,52,44,passed,passed,prefill_serialization_bubble_unmodeled,decode_mla_attention_slope_dominates,phase429_reprofile_window_hits_attributed,apply_named_undercharge_or_bubble_fix,patch_or_recollect_named_perfdb_component,false,true,true,false,false,false,true,No-Go
phase429_reprofile,step_category,K2.5-tp4ep8dp2-8k2k,docs/iter_gap_investigation/phase429_reprofile/K2.5-tp4ep8dp2-8k2k,w3_decode_c128,,16,decode_only,52,128,passed,0,tp_or_dp_allreduce,38.113544,0.832942,0.000000,0.000000,,1.516977,0.595460,0.357492,0.047048,0.000000,passed,37,103,8,52,44,passed,passed,prefill_serialization_bubble_unmodeled,decode_mla_attention_slope_dominates,phase429_reprofile_window_hits_attributed,apply_named_undercharge_or_bubble_fix,patch_or_recollect_named_perfdb_component,false,true,true,false,false,false,true,No-Go
phase429_reprofile,step,K2.5-tp4ep8dp2-8k2k,docs/iter_gap_investigation/phase429_reprofile/K2.5-tp4ep8dp2-8k2k,w3_decode_c128,,17,decode_only,52,128,passed,0,,38.406101,,0.000000,0.000000,,1.516977,0.595460,0.357492,0.047048,0.000000,passed,37,103,8,52,44,passed,passed,prefill_serialization_bubble_unmodeled,decode_mla_attention_slope_dominates,phase429_reprofile_window_hits_attributed,apply_named_undercharge_or_bubble_fix,patch_or_recollect_named_perfdb_component,false,true,true,false,false,false,true,No-Go
phase429_reprofile,step_category,K2.5-tp4ep8dp2-8k2k,docs/iter_gap_investigation/phase429_reprofile/K2.5-tp4ep8dp2-8k2k,w3_decode_c128,,17,decode_only,52,128,passed,0,dense_gemm,38.406101,5.006702,0.000000,0.000000,,1.516977,0.595460,0.357492,0.047048,0.000000,passed,37,103,8,52,44,passed,passed,prefill_serialization_bubble_unmodeled,decode_mla_attention_slope_dominates,phase429_reprofile_window_hits_attributed,apply_named_undercharge_or_bubble_fix,patch_or_recollect_named_perfdb_component,false,true,true,false,false,false,true,No-Go
phase429_reprofile,step_category,K2.5-tp4ep8dp2-8k2k,docs/iter_gap_investigation/phase429_reprofile/K2.5-tp4ep8dp2-8k2k,w3_decode_c128,,17,decode_only,52,128,passed,0,ep_a2a,38.406101,7.565159,0.000000,0.000000,,1.516977,0.595460,0.357492,0.047048,0.000000,passed,37,103,8,52,44,passed,passed,prefill_serialization_bubble_unmodeled,decode_mla_attention_slope_dominates,phase429_reprofile_window_hits_attributed,apply_named_undercharge_or_bubble_fix,patch_or_recollect_named_perfdb_component,false,true,true,false,false,false,true,No-Go
phase429_reprofile,step_category,K2.5-tp4ep8dp2-8k2k,docs/iter_gap_investigation/phase429_reprofile/K2.5-tp4ep8dp2-8k2k,w3_decode_c128,,17,decode_only,52,128,passed,0,memcpy_memset,38.406101,0.155488,0.000000,0.000000,,1.516977,0.595460,0.357492,0.047048,0.000000,passed,37,103,8,52,44,passed,passed,prefill_serialization_bubble_unmodeled,decode_mla_attention_slope_dominates,phase429_reprofile_window_hits_attributed,apply_named_undercharge_or_bubble_fix,patch_or_recollect_named_perfdb_component,false,true,true,false,false,false,true,No-Go
phase429_reprofile,step_category,K2.5-tp4ep8dp2-8k2k,docs/iter_gap_investigation/phase429_reprofile/K2.5-tp4ep8dp2-8k2k,w3_decode_c128,,17,decode_only,52,128,passed,0,mla_attention,38.406101,11.980873,0.000000,0.000000,,1.516977,0.595460,0.357492,0.047048,0.000000,passed,37,103,8,52,44,passed,passed,prefill_serialization_bubble_unmodeled,decode_mla_attention_slope_dominates,phase429_reprofile_window_hits_attributed,apply_named_undercharge_or_bubble_fix,patch_or_recollect_named_perfdb_component,false,true,true,false,false,false,true,No-Go
phase429_reprofile,step_category,K2.5-tp4ep8dp2-8k2k,docs/iter_gap_investigation/phase429_reprofile/K2.5-tp4ep8dp2-8k2k,w3_decode_c128,,17,decode_only,52,128,passed,0,moe_gemm_or_aux,38.406101,10.601554,0.000000,0.000000,,1.516977,0.595460,0.357492,0.047048,0.000000,passed,37,103,8,52,44,passed,passed,prefill_serialization_bubble_unmodeled,decode_mla_attention_slope_dominates,phase429_reprofile_window_hits_attributed,apply_named_undercharge_or_bubble_fix,patch_or_recollect_named_perfdb_component,false,true,true,false,false,false,true,No-Go
phase429_reprofile,step_category,K2.5-tp4ep8dp2-8k2k,docs/iter_gap_investigation/phase429_reprofile/K2.5-tp4ep8dp2-8k2k,w3_decode_c128,,17,decode_only,52,128,passed,0,other_cuda,38.406101,2.319196,0.000000,0.000000,,1.516977,0.595460,0.357492,0.047048,0.000000,passed,37,103,8,52,44,passed,passed,prefill_serialization_bubble_unmodeled,decode_mla_attention_slope_dominates,phase429_reprofile_window_hits_attributed,apply_named_undercharge_or_bubble_fix,patch_or_recollect_named_perfdb_component,false,true,true,false,false,false,true,No-Go
phase429_reprofile,step_category,K2.5-tp4ep8dp2-8k2k,docs/iter_gap_investigation/phase429_reprofile/K2.5-tp4ep8dp2-8k2k,w3_decode_c128,,17,decode_only,52,128,passed,0,tp_or_dp_allreduce,38.406101,0.829241,0.000000,0.000000,,1.516977,0.595460,0.357492,0.047048,0.000000,passed,37,103,8,52,44,passed,passed,prefill_serialization_bubble_unmodeled,decode_mla_attention_slope_dominates,phase429_reprofile_window_hits_attributed,apply_named_undercharge_or_bubble_fix,patch_or_recollect_named_perfdb_component,false,true,true,false,false,false,true,No-Go
phase429_reprofile,step,K2.5-tp4ep8dp2-8k2k,docs/iter_gap_investigation/phase429_reprofile/K2.5-tp4ep8dp2-8k2k,w3_decode_c128,,18,decode_only,52,128,passed,0,,38.357214,,0.000000,0.000000,,1.516977,0.595460,0.357492,0.047048,0.000000,passed,37,103,8,52,44,passed,passed,prefill_serialization_bubble_unmodeled,decode_mla_attention_slope_dominates,phase429_reprofile_window_hits_attributed,apply_named_undercharge_or_bubble_fix,patch_or_recollect_named_perfdb_component,false,true,true,false,false,false,true,No-Go
phase429_reprofile,step_category,K2.5-tp4ep8dp2-8k2k,docs/iter_gap_investigation/phase429_reprofile/K2.5-tp4ep8dp2-8k2k,w3_decode_c128,,18,decode_only,52,128,passed,0,dense_gemm,38.357214,5.000379,0.000000,0.000000,,1.516977,0.595460,0.357492,0.047048,0.000000,passed,37,103,8,52,44,passed,passed,prefill_serialization_bubble_unmodeled,decode_mla_attention_slope_dominates,phase429_reprofile_window_hits_attributed,apply_named_undercharge_or_bubble_fix,patch_or_recollect_named_perfdb_component,false,true,true,false,false,false,true,No-Go
phase429_reprofile,step_category,K2.5-tp4ep8dp2-8k2k,docs/iter_gap_investigation/phase429_reprofile/K2.5-tp4ep8dp2-8k2k,w3_decode_c128,,18,decode_only,52,128,passed,0,ep_a2a,38.357214,7.258700,0.000000,0.000000,,1.516977,0.595460,0.357492,0.047048,0.000000,passed,37,103,8,52,44,passed,passed,prefill_serialization_bubble_unmodeled,decode_mla_attention_slope_dominates,phase429_reprofile_window_hits_attributed,apply_named_undercharge_or_bubble_fix,patch_or_recollect_named_perfdb_component,false,true,true,false,false,false,true,No-Go
phase429_reprofile,step_category,K2.5-tp4ep8dp2-8k2k,docs/iter_gap_investigation/phase429_reprofile/K2.5-tp4ep8dp2-8k2k,w3_decode_c128,,18,decode_only,52,128,passed,0,memcpy_memset,38.357214,0.159469,0.000000,0.000000,,1.516977,0.595460,0.357492,0.047048,0.000000,passed,37,103,8,52,44,passed,passed,prefill_serialization_bubble_unmodeled,decode_mla_attention_slope_dominates,phase429_reprofile_window_hits_attributed,apply_named_undercharge_or_bubble_fix,patch_or_recollect_named_perfdb_component,false,true,true,false,false,false,true,No-Go
phase429_reprofile,step_category,K2.5-tp4ep8dp2-8k2k,docs/iter_gap_investigation/phase429_reprofile/K2.5-tp4ep8dp2-8k2k,w3_decode_c128,,18,decode_only,52,128,passed,0,mla_attention,38.357214,12.177651,0.000000,0.000000,,1.516977,0.595460,0.357492,0.047048,0.000000,passed,37,103,8,52,44,passed,passed,prefill_serialization_bubble_unmodeled,decode_mla_attention_slope_dominates,phase429_reprofile_window_hits_attributed,apply_named_undercharge_or_bubble_fix,patch_or_recollect_named_perfdb_component,false,true,true,false,false,false,true,No-Go
phase429_reprofile,step_category,K2.5-tp4ep8dp2-8k2k,docs/iter_gap_investigation/phase429_reprofile/K2.5-tp4ep8dp2-8k2k,w3_decode_c128,,18,decode_only,52,128,passed,0,moe_gemm_or_aux,38.357214,10.762843,0.000000,0.000000,,1.516977,0.595460,0.357492,0.047048,0.000000,passed,37,103,8,52,44,passed,passed,prefill_serialization_bubble_unmodeled,decode_mla_attention_slope_dominates,phase429_reprofile_window_hits_attributed,apply_named_undercharge_or_bubble_fix,patch_or_recollect_named_perfdb_component,false,true,true,false,false,false,true,No-Go
phase429_reprofile,step_category,K2.5-tp4ep8dp2-8k2k,docs/iter_gap_investigation/phase429_reprofile/K2.5-tp4ep8dp2-8k2k,w3_decode_c128,,18,decode_only,52,128,passed,0,other_cuda,38.357214,2.317744,0.000000,0.000000,,1.516977,0.595460,0.357492,0.047048,0.000000,passed,37,103,8,52,44,passed,passed,prefill_serialization_bubble_unmodeled,decode_mla_attention_slope_dominates,phase429_reprofile_window_hits_attributed,apply_named_undercharge_or_bubble_fix,patch_or_recollect_named_perfdb_component,false,true,true,false,false,false,true,No-Go
phase429_reprofile,step_category,K2.5-tp4ep8dp2-8k2k,docs/iter_gap_investigation/phase429_reprofile/K2.5-tp4ep8dp2-8k2k,w3_decode_c128,,18,decode_only,52,128,passed,0,tp_or_dp_allreduce,38.357214,0.848099,0.000000,0.000000,,1.516977,0.595460,0.357492,0.047048,0.000000,passed,37,103,8,52,44,passed,passed,prefill_serialization_bubble_unmodeled,decode_mla_attention_slope_dominates,phase429_reprofile_window_hits_attributed,apply_named_undercharge_or_bubble_fix,patch_or_recollect_named_perfdb_component,false,true,true,false,false,false,true,No-Go
phase429_reprofile,step,K2.5-tp4ep8dp2-8k2k,docs/iter_gap_investigation/phase429_reprofile/K2.5-tp4ep8dp2-8k2k,w3_decode_c128,,19,decode_only,52,128,passed,0,,37.933825,,0.003165,0.000083,,1.516977,0.595460,0.357492,0.047048,0.000000,passed,37,103,8,52,44,passed,passed,prefill_serialization_bubble_unmodeled,decode_mla_attention_slope_dominates,phase429_reprofile_window_hits_attributed,apply_named_undercharge_or_bubble_fix,patch_or_recollect_named_perfdb_component,false,true,true,false,false,false,true,No-Go
phase429_reprofile,step_category,K2.5-tp4ep8dp2-8k2k,docs/iter_gap_investigation/phase429_reprofile/K2.5-tp4ep8dp2-8k2k,w3_decode_c128,,19,decode_only,52,128,passed,0,dense_gemm,37.933825,4.997012,0.003165,0.000083,,1.516977,0.595460,0.357492,0.047048,0.000000,passed,37,103,8,52,44,passed,passed,prefill_serialization_bubble_unmodeled,decode_mla_attention_slope_dominates,phase429_reprofile_window_hits_attributed,apply_named_undercharge_or_bubble_fix,patch_or_recollect_named_perfdb_component,false,true,true,false,false,false,true,No-Go
phase429_reprofile,step_category,K2.5-tp4ep8dp2-8k2k,docs/iter_gap_investigation/phase429_reprofile/K2.5-tp4ep8dp2-8k2k,w3_decode_c128,,19,decode_only,52,128,passed,0,ep_a2a,37.933825,7.249545,0.003165,0.000083,,1.516977,0.595460,0.357492,0.047048,0.000000,passed,37,103,8,52,44,passed,passed,prefill_serialization_bubble_unmodeled,decode_mla_attention_slope_dominates,phase429_reprofile_window_hits_attributed,apply_named_undercharge_or_bubble_fix,patch_or_recollect_named_perfdb_component,false,true,true,false,false,false,true,No-Go
phase429_reprofile,step_category,K2.5-tp4ep8dp2-8k2k,docs/iter_gap_investigation/phase429_reprofile/K2.5-tp4ep8dp2-8k2k,w3_decode_c128,,19,decode_only,52,128,passed,0,memcpy_memset,37.933825,0.156757,0.003165,0.000083,,1.516977,0.595460,0.357492,0.047048,0.000000,passed,37,103,8,52,44,passed,passed,prefill_serialization_bubble_unmodeled,decode_mla_attention_slope_dominates,phase429_reprofile_window_hits_attributed,apply_named_undercharge_or_bubble_fix,patch_or_recollect_named_perfdb_component,false,true,true,false,false,false,true,No-Go
phase429_reprofile,step_category,K2.5-tp4ep8dp2-8k2k,docs/iter_gap_investigation/phase429_reprofile/K2.5-tp4ep8dp2-8k2k,w3_decode_c128,,19,decode_only,52,128,passed,0,mla_attention,37.933825,11.808662,0.003165,0.000083,,1.516977,0.595460,0.357492,0.047048,0.000000,passed,37,103,8,52,44,passed,passed,prefill_serialization_bubble_unmodeled,decode_mla_attention_slope_dominates,phase429_reprofile_window_hits_attributed,apply_named_undercharge_or_bubble_fix,patch_or_recollect_named_perfdb_component,false,true,true,false,false,false,true,No-Go
phase429_reprofile,step_category,K2.5-tp4ep8dp2-8k2k,docs/iter_gap_investigation/phase429_reprofile/K2.5-tp4ep8dp2-8k2k,w3_decode_c128,,19,decode_only,52,128,passed,0,moe_gemm_or_aux,37.933825,10.623059,0.003165,0.000083,,1.516977,0.595460,0.357492,0.047048,0.000000,passed,37,103,8,52,44,passed,passed,prefill_serialization_bubble_unmodeled,decode_mla_attention_slope_dominates,phase429_reprofile_window_hits_attributed,apply_named_undercharge_or_bubble_fix,patch_or_recollect_named_perfdb_component,false,true,true,false,false,false,true,No-Go
phase429_reprofile,step_category,K2.5-tp4ep8dp2-8k2k,docs/iter_gap_investigation/phase429_reprofile/K2.5-tp4ep8dp2-8k2k,w3_decode_c128,,19,decode_only,52,128,passed,0,other_cuda,37.933825,2.315966,0.003165,0.000083,,1.516977,0.595460,0.357492,0.047048,0.000000,passed,37,103,8,52,44,passed,passed,prefill_serialization_bubble_unmodeled,decode_mla_attention_slope_dominates,phase429_reprofile_window_hits_attributed,apply_named_undercharge_or_bubble_fix,patch_or_recollect_named_perfdb_component,false,true,true,false,false,false,true,No-Go
phase429_reprofile,step_category,K2.5-tp4ep8dp2-8k2k,docs/iter_gap_investigation/phase429_reprofile/K2.5-tp4ep8dp2-8k2k,w3_decode_c128,,19,decode_only,52,128,passed,0,tp_or_dp_allreduce,37.933825,0.835679,0.003165,0.000083,,1.516977,0.595460,0.357492,0.047048,0.000000,passed,37,103,8,52,44,passed,passed,prefill_serialization_bubble_unmodeled,decode_mla_attention_slope_dominates,phase429_reprofile_window_hits_attributed,apply_named_undercharge_or_bubble_fix,patch_or_recollect_named_perfdb_component,false,true,true,false,false,false,true,No-Go
phase429_reprofile,step,K2.5-tp4ep8dp2-8k2k,docs/iter_gap_investigation/phase429_reprofile/K2.5-tp4ep8dp2-8k2k,w3_decode_c128,,20,decode_only,52,128,passed,0,,38.255030,,0.000000,0.000000,,1.516977,0.595460,0.357492,0.047048,0.000000,passed,37,103,8,52,44,passed,passed,prefill_serialization_bubble_unmodeled,decode_mla_attention_slope_dominates,phase429_reprofile_window_hits_attributed,apply_named_undercharge_or_bubble_fix,patch_or_recollect_named_perfdb_component,false,true,true,false,false,false,true,No-Go
phase429_reprofile,step_category,K2.5-tp4ep8dp2-8k2k,docs/iter_gap_investigation/phase429_reprofile/K2.5-tp4ep8dp2-8k2k,w3_decode_c128,,20,decode_only,52,128,passed,0,dense_gemm,38.255030,4.989328,0.000000,0.000000,,1.516977,0.595460,0.357492,0.047048,0.000000,passed,37,103,8,52,44,passed,passed,prefill_serialization_bubble_unmodeled,decode_mla_attention_slope_dominates,phase429_reprofile_window_hits_attributed,apply_named_undercharge_or_bubble_fix,patch_or_recollect_named_perfdb_component,false,true,true,false,false,false,true,No-Go
phase429_reprofile,step_category,K2.5-tp4ep8dp2-8k2k,docs/iter_gap_investigation/phase429_reprofile/K2.5-tp4ep8dp2-8k2k,w3_decode_c128,,20,decode_only,52,128,passed,0,ep_a2a,38.255030,7.390069,0.000000,0.000000,,1.516977,0.595460,0.357492,0.047048,0.000000,passed,37,103,8,52,44,passed,passed,prefill_serialization_bubble_unmodeled,decode_mla_attention_slope_dominates,phase429_reprofile_window_hits_attributed,apply_named_undercharge_or_bubble_fix,patch_or_recollect_named_perfdb_component,false,true,true,false,false,false,true,No-Go
phase429_reprofile,step_category,K2.5-tp4ep8dp2-8k2k,docs/iter_gap_investigation/phase429_reprofile/K2.5-tp4ep8dp2-8k2k,w3_decode_c128,,20,decode_only,52,128,passed,0,memcpy_memset,38.255030,0.157554,0.000000,0.000000,,1.516977,0.595460,0.357492,0.047048,0.000000,passed,37,103,8,52,44,passed,passed,prefill_serialization_bubble_unmodeled,decode_mla_attention_slope_dominates,phase429_reprofile_window_hits_attributed,apply_named_undercharge_or_bubble_fix,patch_or_recollect_named_perfdb_component,false,true,true,false,false,false,true,No-Go
phase429_reprofile,step_category,K2.5-tp4ep8dp2-8k2k,docs/iter_gap_investigation/phase429_reprofile/K2.5-tp4ep8dp2-8k2k,w3_decode_c128,,20,decode_only,52,128,passed,0,mla_attention,38.255030,12.011014,0.000000,0.000000,,1.516977,0.595460,0.357492,0.047048,0.000000,passed,37,103,8,52,44,passed,passed,prefill_serialization_bubble_unmodeled,decode_mla_attention_slope_dominates,phase429_reprofile_window_hits_attributed,apply_named_undercharge_or_bubble_fix,patch_or_recollect_named_perfdb_component,false,true,true,false,false,false,true,No-Go
phase429_reprofile,step_category,K2.5-tp4ep8dp2-8k2k,docs/iter_gap_investigation/phase429_reprofile/K2.5-tp4ep8dp2-8k2k,w3_decode_c128,,20,decode_only,52,128,passed,0,moe_gemm_or_aux,38.255030,10.677148,0.000000,0.000000,,1.516977,0.595460,0.357492,0.047048,0.000000,passed,37,103,8,52,44,passed,passed,prefill_serialization_bubble_unmodeled,decode_mla_attention_slope_dominates,phase429_reprofile_window_hits_attributed,apply_named_undercharge_or_bubble_fix,patch_or_recollect_named_perfdb_component,false,true,true,false,false,false,true,No-Go
phase429_reprofile,step_category,K2.5-tp4ep8dp2-8k2k,docs/iter_gap_investigation/phase429_reprofile/K2.5-tp4ep8dp2-8k2k,w3_decode_c128,,20,decode_only,52,128,passed,0,other_cuda,38.255030,2.313685,0.000000,0.000000,,1.516977,0.595460,0.357492,0.047048,0.000000,passed,37,103,8,52,44,passed,passed,prefill_serialization_bubble_unmodeled,decode_mla_attention_slope_dominates,phase429_reprofile_window_hits_attributed,apply_named_undercharge_or_bubble_fix,patch_or_recollect_named_perfdb_component,false,true,true,false,false,false,true,No-Go
phase429_reprofile,step_category,K2.5-tp4ep8dp2-8k2k,docs/iter_gap_investigation/phase429_reprofile/K2.5-tp4ep8dp2-8k2k,w3_decode_c128,,20,decode_only,52,128,passed,0,tp_or_dp_allreduce,38.255030,0.827913,0.000000,0.000000,,1.516977,0.595460,0.357492,0.047048,0.000000,passed,37,103,8,52,44,passed,passed,prefill_serialization_bubble_unmodeled,decode_mla_attention_slope_dominates,phase429_reprofile_window_hits_attributed,apply_named_undercharge_or_bubble_fix,patch_or_recollect_named_perfdb_component,false,true,true,false,false,false,true,No-Go
phase429_reprofile,step,K2.5-tp4ep8dp2-8k2k,docs/iter_gap_investigation/phase429_reprofile/K2.5-tp4ep8dp2-8k2k,w3_decode_c128,,21,decode_only,52,128,passed,0,,38.351804,,0.008619,0.000225,,1.516977,0.595460,0.357492,0.047048,0.000000,passed,37,103,8,52,44,passed,passed,prefill_serialization_bubble_unmodeled,decode_mla_attention_slope_dominates,phase429_reprofile_window_hits_attributed,apply_named_undercharge_or_bubble_fix,patch_or_recollect_named_perfdb_component,false,true,true,false,false,false,true,No-Go
phase429_reprofile,step_category,K2.5-tp4ep8dp2-8k2k,docs/iter_gap_investigation/phase429_reprofile/K2.5-tp4ep8dp2-8k2k,w3_decode_c128,,21,decode_only,52,128,passed,0,dense_gemm,38.351804,5.008800,0.008619,0.000225,,1.516977,0.595460,0.357492,0.047048,0.000000,passed,37,103,8,52,44,passed,passed,prefill_serialization_bubble_unmodeled,decode_mla_attention_slope_dominates,phase429_reprofile_window_hits_attributed,apply_named_undercharge_or_bubble_fix,patch_or_recollect_named_perfdb_component,false,true,true,false,false,false,true,No-Go
phase429_reprofile,step_category,K2.5-tp4ep8dp2-8k2k,docs/iter_gap_investigation/phase429_reprofile/K2.5-tp4ep8dp2-8k2k,w3_decode_c128,,21,decode_only,52,128,passed,0,ep_a2a,38.351804,7.377399,0.008619,0.000225,,1.516977,0.595460,0.357492,0.047048,0.000000,passed,37,103,8,52,44,passed,passed,prefill_serialization_bubble_unmodeled,decode_mla_attention_slope_dominates,phase429_reprofile_window_hits_attributed,apply_named_undercharge_or_bubble_fix,patch_or_recollect_named_perfdb_component,false,true,true,false,false,false,true,No-Go
phase429_reprofile,step_category,K2.5-tp4ep8dp2-8k2k,docs/iter_gap_investigation/phase429_reprofile/K2.5-tp4ep8dp2-8k2k,w3_decode_c128,,21,decode_only,52,128,passed,0,memcpy_memset,38.351804,0.156281,0.008619,0.000225,,1.516977,0.595460,0.357492,0.047048,0.000000,passed,37,103,8,52,44,passed,passed,prefill_serialization_bubble_unmodeled,decode_mla_attention_slope_dominates,phase429_reprofile_window_hits_attributed,apply_named_undercharge_or_bubble_fix,patch_or_recollect_named_perfdb_component,false,true,true,false,false,false,true,No-Go
phase429_reprofile,step_category,K2.5-tp4ep8dp2-8k2k,docs/iter_gap_investigation/phase429_reprofile/K2.5-tp4ep8dp2-8k2k,w3_decode_c128,,21,decode_only,52,128,passed,0,mla_attention,38.351804,12.020901,0.008619,0.000225,,1.516977,0.595460,0.357492,0.047048,0.000000,passed,37,103,8,52,44,passed,passed,prefill_serialization_bubble_unmodeled,decode_mla_attention_slope_dominates,phase429_reprofile_window_hits_attributed,apply_named_undercharge_or_bubble_fix,patch_or_recollect_named_perfdb_component,false,true,true,false,false,false,true,No-Go
phase429_reprofile,step_category,K2.5-tp4ep8dp2-8k2k,docs/iter_gap_investigation/phase429_reprofile/K2.5-tp4ep8dp2-8k2k,w3_decode_c128,,21,decode_only,52,128,passed,0,moe_gemm_or_aux,38.351804,10.676018,0.008619,0.000225,,1.516977,0.595460,0.357492,0.047048,0.000000,passed,37,103,8,52,44,passed,passed,prefill_serialization_bubble_unmodeled,decode_mla_attention_slope_dominates,phase429_reprofile_window_hits_attributed,apply_named_undercharge_or_bubble_fix,patch_or_recollect_named_perfdb_component,false,true,true,false,false,false,true,No-Go
phase429_reprofile,step_category,K2.5-tp4ep8dp2-8k2k,docs/iter_gap_investigation/phase429_reprofile/K2.5-tp4ep8dp2-8k2k,w3_decode_c128,,21,decode_only,52,128,passed,0,other_cuda,38.351804,2.321123,0.008619,0.000225,,1.516977,0.595460,0.357492,0.047048,0.000000,passed,37,103,8,52,44,passed,passed,prefill_serialization_bubble_unmodeled,decode_mla_attention_slope_dominates,phase429_reprofile_window_hits_attributed,apply_named_undercharge_or_bubble_fix,patch_or_recollect_named_perfdb_component,false,true,true,false,false,false,true,No-Go
phase429_reprofile,step_category,K2.5-tp4ep8dp2-8k2k,docs/iter_gap_investigation/phase429_reprofile/K2.5-tp4ep8dp2-8k2k,w3_decode_c128,,21,decode_only,52,128,passed,0,tp_or_dp_allreduce,38.351804,0.838090,0.008619,0.000225,,1.516977,0.595460,0.357492,0.047048,0.000000,passed,37,103,8,52,44,passed,passed,prefill_serialization_bubble_unmodeled,decode_mla_attention_slope_dominates,phase429_reprofile_window_hits_attributed,apply_named_undercharge_or_bubble_fix,patch_or_recollect_named_perfdb_component,false,true,true,false,false,false,true,No-Go
phase429_reprofile,step,K2.5-tp4ep8dp2-8k2k,docs/iter_gap_investigation/phase429_reprofile/K2.5-tp4ep8dp2-8k2k,w3_decode_c128,,22,decode_only,52,128,passed,0,,37.738489,,0.000000,0.000000,,1.516977,0.595460,0.357492,0.047048,0.000000,passed,37,103,8,52,44,passed,passed,prefill_serialization_bubble_unmodeled,decode_mla_attention_slope_dominates,phase429_reprofile_window_hits_attributed,apply_named_undercharge_or_bubble_fix,patch_or_recollect_named_perfdb_component,false,true,true,false,false,false,true,No-Go
phase429_reprofile,step_category,K2.5-tp4ep8dp2-8k2k,docs/iter_gap_investigation/phase429_reprofile/K2.5-tp4ep8dp2-8k2k,w3_decode_c128,,22,decode_only,52,128,passed,0,dense_gemm,37.738489,4.985594,0.000000,0.000000,,1.516977,0.595460,0.357492,0.047048,0.000000,passed,37,103,8,52,44,passed,passed,prefill_serialization_bubble_unmodeled,decode_mla_attention_slope_dominates,phase429_reprofile_window_hits_attributed,apply_named_undercharge_or_bubble_fix,patch_or_recollect_named_perfdb_component,false,true,true,false,false,false,true,No-Go
phase429_reprofile,step_category,K2.5-tp4ep8dp2-8k2k,docs/iter_gap_investigation/phase429_reprofile/K2.5-tp4ep8dp2-8k2k,w3_decode_c128,,22,decode_only,52,128,passed,0,ep_a2a,37.738489,7.200466,0.000000,0.000000,,1.516977,0.595460,0.357492,0.047048,0.000000,passed,37,103,8,52,44,passed,passed,prefill_serialization_bubble_unmodeled,decode_mla_attention_slope_dominates,phase429_reprofile_window_hits_attributed,apply_named_undercharge_or_bubble_fix,patch_or_recollect_named_perfdb_component,false,true,true,false,false,false,true,No-Go
phase429_reprofile,step_category,K2.5-tp4ep8dp2-8k2k,docs/iter_gap_investigation/phase429_reprofile/K2.5-tp4ep8dp2-8k2k,w3_decode_c128,,22,decode_only,52,128,passed,0,memcpy_memset,37.738489,0.155712,0.000000,0.000000,,1.516977,0.595460,0.357492,0.047048,0.000000,passed,37,103,8,52,44,passed,passed,prefill_serialization_bubble_unmodeled,decode_mla_attention_slope_dominates,phase429_reprofile_window_hits_attributed,apply_named_undercharge_or_bubble_fix,patch_or_recollect_named_perfdb_component,false,true,true,false,false,false,true,No-Go
phase429_reprofile,step_category,K2.5-tp4ep8dp2-8k2k,docs/iter_gap_investigation/phase429_reprofile/K2.5-tp4ep8dp2-8k2k,w3_decode_c128,,22,decode_only,52,128,passed,0,mla_attention,37.738489,12.033287,0.000000,0.000000,,1.516977,0.595460,0.357492,0.047048,0.000000,passed,37,103,8,52,44,passed,passed,prefill_serialization_bubble_unmodeled,decode_mla_attention_slope_dominates,phase429_reprofile_window_hits_attributed,apply_named_undercharge_or_bubble_fix,patch_or_recollect_named_perfdb_component,false,true,true,false,false,false,true,No-Go
phase429_reprofile,step_category,K2.5-tp4ep8dp2-8k2k,docs/iter_gap_investigation/phase429_reprofile/K2.5-tp4ep8dp2-8k2k,w3_decode_c128,,22,decode_only,52,128,passed,0,moe_gemm_or_aux,37.738489,10.352161,0.000000,0.000000,,1.516977,0.595460,0.357492,0.047048,0.000000,passed,37,103,8,52,44,passed,passed,prefill_serialization_bubble_unmodeled,decode_mla_attention_slope_dominates,phase429_reprofile_window_hits_attributed,apply_named_undercharge_or_bubble_fix,patch_or_recollect_named_perfdb_component,false,true,true,false,false,false,true,No-Go
phase429_reprofile,step_category,K2.5-tp4ep8dp2-8k2k,docs/iter_gap_investigation/phase429_reprofile/K2.5-tp4ep8dp2-8k2k,w3_decode_c128,,22,decode_only,52,128,passed,0,other_cuda,37.738489,2.312996,0.000000,0.000000,,1.516977,0.595460,0.357492,0.047048,0.000000,passed,37,103,8,52,44,passed,passed,prefill_serialization_bubble_unmodeled,decode_mla_attention_slope_dominates,phase429_reprofile_window_hits_attributed,apply_named_undercharge_or_bubble_fix,patch_or_recollect_named_perfdb_component,false,true,true,false,false,false,true,No-Go
phase429_reprofile,step_category,K2.5-tp4ep8dp2-8k2k,docs/iter_gap_investigation/phase429_reprofile/K2.5-tp4ep8dp2-8k2k,w3_decode_c128,,22,decode_only,52,128,passed,0,tp_or_dp_allreduce,37.738489,0.840036,0.000000,0.000000,,1.516977,0.595460,0.357492,0.047048,0.000000,passed,37,103,8,52,44,passed,passed,prefill_serialization_bubble_unmodeled,decode_mla_attention_slope_dominates,phase429_reprofile_window_hits_attributed,apply_named_undercharge_or_bubble_fix,patch_or_recollect_named_perfdb_component,false,true,true,false,false,false,true,No-Go
phase429_reprofile,step,K2.5-tp4ep8dp2-8k2k,docs/iter_gap_investigation/phase429_reprofile/K2.5-tp4ep8dp2-8k2k,w3_decode_c128,,23,decode_only,52,128,passed,0,,38.223805,,0.002018,0.000053,,1.516977,0.595460,0.357492,0.047048,0.000000,passed,37,103,8,52,44,passed,passed,prefill_serialization_bubble_unmodeled,decode_mla_attention_slope_dominates,phase429_reprofile_window_hits_attributed,apply_named_undercharge_or_bubble_fix,patch_or_recollect_named_perfdb_component,false,true,true,false,false,false,true,No-Go
phase429_reprofile,step_category,K2.5-tp4ep8dp2-8k2k,docs/iter_gap_investigation/phase429_reprofile/K2.5-tp4ep8dp2-8k2k,w3_decode_c128,,23,decode_only,52,128,passed,0,dense_gemm,38.223805,4.999498,0.002018,0.000053,,1.516977,0.595460,0.357492,0.047048,0.000000,passed,37,103,8,52,44,passed,passed,prefill_serialization_bubble_unmodeled,decode_mla_attention_slope_dominates,phase429_reprofile_window_hits_attributed,apply_named_undercharge_or_bubble_fix,patch_or_recollect_named_perfdb_component,false,true,true,false,false,false,true,No-Go
phase429_reprofile,step_category,K2.5-tp4ep8dp2-8k2k,docs/iter_gap_investigation/phase429_reprofile/K2.5-tp4ep8dp2-8k2k,w3_decode_c128,,23,decode_only,52,128,passed,0,ep_a2a,38.223805,7.384075,0.002018,0.000053,,1.516977,0.595460,0.357492,0.047048,0.000000,passed,37,103,8,52,44,passed,passed,prefill_serialization_bubble_unmodeled,decode_mla_attention_slope_dominates,phase429_reprofile_window_hits_attributed,apply_named_undercharge_or_bubble_fix,patch_or_recollect_named_perfdb_component,false,true,true,false,false,false,true,No-Go
phase429_reprofile,step_category,K2.5-tp4ep8dp2-8k2k,docs/iter_gap_investigation/phase429_reprofile/K2.5-tp4ep8dp2-8k2k,w3_decode_c128,,23,decode_only,52,128,passed,0,memcpy_memset,38.223805,0.156217,0.002018,0.000053,,1.516977,0.595460,0.357492,0.047048,0.000000,passed,37,103,8,52,44,passed,passed,prefill_serialization_bubble_unmodeled,decode_mla_attention_slope_dominates,phase429_reprofile_window_hits_attributed,apply_named_undercharge_or_bubble_fix,patch_or_recollect_named_perfdb_component,false,true,true,false,false,false,true,No-Go
phase429_reprofile,step_category,K2.5-tp4ep8dp2-8k2k,docs/iter_gap_investigation/phase429_reprofile/K2.5-tp4ep8dp2-8k2k,w3_decode_c128,,23,decode_only,52,128,passed,0,mla_attention,38.223805,12.040259,0.002018,0.000053,,1.516977,0.595460,0.357492,0.047048,0.000000,passed,37,103,8,52,44,passed,passed,prefill_serialization_bubble_unmodeled,decode_mla_attention_slope_dominates,phase429_reprofile_window_hits_attributed,apply_named_undercharge_or_bubble_fix,patch_or_recollect_named_perfdb_component,false,true,true,false,false,false,true,No-Go
phase429_reprofile,step_category,K2.5-tp4ep8dp2-8k2k,docs/iter_gap_investigation/phase429_reprofile/K2.5-tp4ep8dp2-8k2k,w3_decode_c128,,23,decode_only,52,128,passed,0,moe_gemm_or_aux,38.223805,10.563637,0.002018,0.000053,,1.516977,0.595460,0.357492,0.047048,0.000000,passed,37,103,8,52,44,passed,passed,prefill_serialization_bubble_unmodeled,decode_mla_attention_slope_dominates,phase429_reprofile_window_hits_attributed,apply_named_undercharge_or_bubble_fix,patch_or_recollect_named_perfdb_component,false,true,true,false,false,false,true,No-Go
phase429_reprofile,step_category,K2.5-tp4ep8dp2-8k2k,docs/iter_gap_investigation/phase429_reprofile/K2.5-tp4ep8dp2-8k2k,w3_decode_c128,,23,decode_only,52,128,passed,0,other_cuda,38.223805,2.314110,0.002018,0.000053,,1.516977,0.595460,0.357492,0.047048,0.000000,passed,37,103,8,52,44,passed,passed,prefill_serialization_bubble_unmodeled,decode_mla_attention_slope_dominates,phase429_reprofile_window_hits_attributed,apply_named_undercharge_or_bubble_fix,patch_or_recollect_named_perfdb_component,false,true,true,false,false,false,true,No-Go
phase429_reprofile,step_category,K2.5-tp4ep8dp2-8k2k,docs/iter_gap_investigation/phase429_reprofile/K2.5-tp4ep8dp2-8k2k,w3_decode_c128,,23,decode_only,52,128,passed,0,tp_or_dp_allreduce,38.223805,0.833736,0.002018,0.000053,,1.516977,0.595460,0.357492,0.047048,0.000000,passed,37,103,8,52,44,passed,passed,prefill_serialization_bubble_unmodeled,decode_mla_attention_slope_dominates,phase429_reprofile_window_hits_attributed,apply_named_undercharge_or_bubble_fix,patch_or_recollect_named_perfdb_component,false,true,true,false,false,false,true,No-Go
phase429_reprofile,step,K2.5-tp4ep8dp2-8k2k,docs/iter_gap_investigation/phase429_reprofile/K2.5-tp4ep8dp2-8k2k,w3_decode_c128,,24,decode_only,52,128,passed,0,,38.422668,,0.004734,0.000123,,1.516977,0.595460,0.357492,0.047048,0.000000,passed,37,103,8,52,44,passed,passed,prefill_serialization_bubble_unmodeled,decode_mla_attention_slope_dominates,phase429_reprofile_window_hits_attributed,apply_named_undercharge_or_bubble_fix,patch_or_recollect_named_perfdb_component,false,true,true,false,false,false,true,No-Go
phase429_reprofile,step_category,K2.5-tp4ep8dp2-8k2k,docs/iter_gap_investigation/phase429_reprofile/K2.5-tp4ep8dp2-8k2k,w3_decode_c128,,24,decode_only,52,128,passed,0,dense_gemm,38.422668,5.000525,0.004734,0.000123,,1.516977,0.595460,0.357492,0.047048,0.000000,passed,37,103,8,52,44,passed,passed,prefill_serialization_bubble_unmodeled,decode_mla_attention_slope_dominates,phase429_reprofile_window_hits_attributed,apply_named_undercharge_or_bubble_fix,patch_or_recollect_named_perfdb_component,false,true,true,false,false,false,true,No-Go
phase429_reprofile,step_category,K2.5-tp4ep8dp2-8k2k,docs/iter_gap_investigation/phase429_reprofile/K2.5-tp4ep8dp2-8k2k,w3_decode_c128,,24,decode_only,52,128,passed,0,ep_a2a,38.422668,7.339364,0.004734,0.000123,,1.516977,0.595460,0.357492,0.047048,0.000000,passed,37,103,8,52,44,passed,passed,prefill_serialization_bubble_unmodeled,decode_mla_attention_slope_dominates,phase429_reprofile_window_hits_attributed,apply_named_undercharge_or_bubble_fix,patch_or_recollect_named_perfdb_component,false,true,true,false,false,false,true,No-Go
phase429_reprofile,step_category,K2.5-tp4ep8dp2-8k2k,docs/iter_gap_investigation/phase429_reprofile/K2.5-tp4ep8dp2-8k2k,w3_decode_c128,,24,decode_only,52,128,passed,0,memcpy_memset,38.422668,0.155664,0.004734,0.000123,,1.516977,0.595460,0.357492,0.047048,0.000000,passed,37,103,8,52,44,passed,passed,prefill_serialization_bubble_unmodeled,decode_mla_attention_slope_dominates,phase429_reprofile_window_hits_attributed,apply_named_undercharge_or_bubble_fix,patch_or_recollect_named_perfdb_component,false,true,true,false,false,false,true,No-Go
phase429_reprofile,step_category,K2.5-tp4ep8dp2-8k2k,docs/iter_gap_investigation/phase429_reprofile/K2.5-tp4ep8dp2-8k2k,w3_decode_c128,,24,decode_only,52,128,passed,0,mla_attention,38.422668,12.042320,0.004734,0.000123,,1.516977,0.595460,0.357492,0.047048,0.000000,passed,37,103,8,52,44,passed,passed,prefill_serialization_bubble_unmodeled,decode_mla_attention_slope_dominates,phase429_reprofile_window_hits_attributed,apply_named_undercharge_or_bubble_fix,patch_or_recollect_named_perfdb_component,false,true,true,false,false,false,true,No-Go
phase429_reprofile,step_category,K2.5-tp4ep8dp2-8k2k,docs/iter_gap_investigation/phase429_reprofile/K2.5-tp4ep8dp2-8k2k,w3_decode_c128,,24,decode_only,52,128,passed,0,moe_gemm_or_aux,38.422668,10.818398,0.004734,0.000123,,1.516977,0.595460,0.357492,0.047048,0.000000,passed,37,103,8,52,44,passed,passed,prefill_serialization_bubble_unmodeled,decode_mla_attention_slope_dominates,phase429_reprofile_window_hits_attributed,apply_named_undercharge_or_bubble_fix,patch_or_recollect_named_perfdb_component,false,true,true,false,false,false,true,No-Go
phase429_reprofile,step_category,K2.5-tp4ep8dp2-8k2k,docs/iter_gap_investigation/phase429_reprofile/K2.5-tp4ep8dp2-8k2k,w3_decode_c128,,24,decode_only,52,128,passed,0,other_cuda,38.422668,2.319011,0.004734,0.000123,,1.516977,0.595460,0.357492,0.047048,0.000000,passed,37,103,8,52,44,passed,passed,prefill_serialization_bubble_unmodeled,decode_mla_attention_slope_dominates,phase429_reprofile_window_hits_attributed,apply_named_undercharge_or_bubble_fix,patch_or_recollect_named_perfdb_component,false,true,true,false,false,false,true,No-Go
phase429_reprofile,step_category,K2.5-tp4ep8dp2-8k2k,docs/iter_gap_investigation/phase429_reprofile/K2.5-tp4ep8dp2-8k2k,w3_decode_c128,,24,decode_only,52,128,passed,0,tp_or_dp_allreduce,38.422668,0.837263,0.004734,0.000123,,1.516977,0.595460,0.357492,0.047048,0.000000,passed,37,103,8,52,44,passed,passed,prefill_serialization_bubble_unmodeled,decode_mla_attention_slope_dominates,phase429_reprofile_window_hits_attributed,apply_named_undercharge_or_bubble_fix,patch_or_recollect_named_perfdb_component,false,true,true,false,false,false,true,No-Go
phase429_reprofile,step,K2.5-tp4ep8dp2-8k2k,docs/iter_gap_investigation/phase429_reprofile/K2.5-tp4ep8dp2-8k2k,w3_decode_c128,,25,decode_only,52,128,passed,0,,38.086252,,0.002170,0.000057,,1.516977,0.595460,0.357492,0.047048,0.000000,passed,37,103,8,52,44,passed,passed,prefill_serialization_bubble_unmodeled,decode_mla_attention_slope_dominates,phase429_reprofile_window_hits_attributed,apply_named_undercharge_or_bubble_fix,patch_or_recollect_named_perfdb_component,false,true,true,false,false,false,true,No-Go
phase429_reprofile,step_category,K2.5-tp4ep8dp2-8k2k,docs/iter_gap_investigation/phase429_reprofile/K2.5-tp4ep8dp2-8k2k,w3_decode_c128,,25,decode_only,52,128,passed,0,dense_gemm,38.086252,4.996193,0.002170,0.000057,,1.516977,0.595460,0.357492,0.047048,0.000000,passed,37,103,8,52,44,passed,passed,prefill_serialization_bubble_unmodeled,decode_mla_attention_slope_dominates,phase429_reprofile_window_hits_attributed,apply_named_undercharge_or_bubble_fix,patch_or_recollect_named_perfdb_component,false,true,true,false,false,false,true,No-Go
phase429_reprofile,step_category,K2.5-tp4ep8dp2-8k2k,docs/iter_gap_investigation/phase429_reprofile/K2.5-tp4ep8dp2-8k2k,w3_decode_c128,,25,decode_only,52,128,passed,0,ep_a2a,38.086252,7.410237,0.002170,0.000057,,1.516977,0.595460,0.357492,0.047048,0.000000,passed,37,103,8,52,44,passed,passed,prefill_serialization_bubble_unmodeled,decode_mla_attention_slope_dominates,phase429_reprofile_window_hits_attributed,apply_named_undercharge_or_bubble_fix,patch_or_recollect_named_perfdb_component,false,true,true,false,false,false,true,No-Go
phase429_reprofile,step_category,K2.5-tp4ep8dp2-8k2k,docs/iter_gap_investigation/phase429_reprofile/K2.5-tp4ep8dp2-8k2k,w3_decode_c128,,25,decode_only,52,128,passed,0,memcpy_memset,38.086252,0.155445,0.002170,0.000057,,1.516977,0.595460,0.357492,0.047048,0.000000,passed,37,103,8,52,44,passed,passed,prefill_serialization_bubble_unmodeled,decode_mla_attention_slope_dominates,phase429_reprofile_window_hits_attributed,apply_named_undercharge_or_bubble_fix,patch_or_recollect_named_perfdb_component,false,true,true,false,false,false,true,No-Go
phase429_reprofile,step_category,K2.5-tp4ep8dp2-8k2k,docs/iter_gap_investigation/phase429_reprofile/K2.5-tp4ep8dp2-8k2k,w3_decode_c128,,25,decode_only,52,128,passed,0,mla_attention,38.086252,12.041920,0.002170,0.000057,,1.516977,0.595460,0.357492,0.047048,0.000000,passed,37,103,8,52,44,passed,passed,prefill_serialization_bubble_unmodeled,decode_mla_attention_slope_dominates,phase429_reprofile_window_hits_attributed,apply_named_undercharge_or_bubble_fix,patch_or_recollect_named_perfdb_component,false,true,true,false,false,false,true,No-Go
phase429_reprofile,step_category,K2.5-tp4ep8dp2-8k2k,docs/iter_gap_investigation/phase429_reprofile/K2.5-tp4ep8dp2-8k2k,w3_decode_c128,,25,decode_only,52,128,passed,0,moe_gemm_or_aux,38.086252,10.421634,0.002170,0.000057,,1.516977,0.595460,0.357492,0.047048,0.000000,passed,37,103,8,52,44,passed,passed,prefill_serialization_bubble_unmodeled,decode_mla_attention_slope_dominates,phase429_reprofile_window_hits_attributed,apply_named_undercharge_or_bubble_fix,patch_or_recollect_named_perfdb_component,false,true,true,false,false,false,true,No-Go
phase429_reprofile,step_category,K2.5-tp4ep8dp2-8k2k,docs/iter_gap_investigation/phase429_reprofile/K2.5-tp4ep8dp2-8k2k,w3_decode_c128,,25,decode_only,52,128,passed,0,other_cuda,38.086252,2.316742,0.002170,0.000057,,1.516977,0.595460,0.357492,0.047048,0.000000,passed,37,103,8,52,44,passed,passed,prefill_serialization_bubble_unmodeled,decode_mla_attention_slope_dominates,phase429_reprofile_window_hits_attributed,apply_named_undercharge_or_bubble_fix,patch_or_recollect_named_perfdb_component,false,true,true,false,false,false,true,No-Go
phase429_reprofile,step_category,K2.5-tp4ep8dp2-8k2k,docs/iter_gap_investigation/phase429_reprofile/K2.5-tp4ep8dp2-8k2k,w3_decode_c128,,25,decode_only,52,128,passed,0,tp_or_dp_allreduce,38.086252,0.838975,0.002170,0.000057,,1.516977,0.595460,0.357492,0.047048,0.000000,passed,37,103,8,52,44,passed,passed,prefill_serialization_bubble_unmodeled,decode_mla_attention_slope_dominates,phase429_reprofile_window_hits_attributed,apply_named_undercharge_or_bubble_fix,patch_or_recollect_named_perfdb_component,false,true,true,false,false,false,true,No-Go
phase429_reprofile,step,K2.5-tp4ep8dp2-8k2k,docs/iter_gap_investigation/phase429_reprofile/K2.5-tp4ep8dp2-8k2k,w3_decode_c128,,26,decode_only,52,128,passed,0,,37.950901,,0.000000,0.000000,,1.516977,0.595460,0.357492,0.047048,0.000000,passed,37,103,8,52,44,passed,passed,prefill_serialization_bubble_unmodeled,decode_mla_attention_slope_dominates,phase429_reprofile_window_hits_attributed,apply_named_undercharge_or_bubble_fix,patch_or_recollect_named_perfdb_component,false,true,true,false,false,false,true,No-Go
phase429_reprofile,step_category,K2.5-tp4ep8dp2-8k2k,docs/iter_gap_investigation/phase429_reprofile/K2.5-tp4ep8dp2-8k2k,w3_decode_c128,,26,decode_only,52,128,passed,0,dense_gemm,37.950901,4.983369,0.000000,0.000000,,1.516977,0.595460,0.357492,0.047048,0.000000,passed,37,103,8,52,44,passed,passed,prefill_serialization_bubble_unmodeled,decode_mla_attention_slope_dominates,phase429_reprofile_window_hits_attributed,apply_named_undercharge_or_bubble_fix,patch_or_recollect_named_perfdb_component,false,true,true,false,false,false,true,No-Go
phase429_reprofile,step_category,K2.5-tp4ep8dp2-8k2k,docs/iter_gap_investigation/phase429_reprofile/K2.5-tp4ep8dp2-8k2k,w3_decode_c128,,26,decode_only,52,128,passed,0,ep_a2a,37.950901,7.312526,0.000000,0.000000,,1.516977,0.595460,0.357492,0.047048,0.000000,passed,37,103,8,52,44,passed,passed,prefill_serialization_bubble_unmodeled,decode_mla_attention_slope_dominates,phase429_reprofile_window_hits_attributed,apply_named_undercharge_or_bubble_fix,patch_or_recollect_named_perfdb_component,false,true,true,false,false,false,true,No-Go
phase429_reprofile,step_category,K2.5-tp4ep8dp2-8k2k,docs/iter_gap_investigation/phase429_reprofile/K2.5-tp4ep8dp2-8k2k,w3_decode_c128,,26,decode_only,52,128,passed,0,memcpy_memset,37.950901,0.156733,0.000000,0.000000,,1.516977,0.595460,0.357492,0.047048,0.000000,passed,37,103,8,52,44,passed,passed,prefill_serialization_bubble_unmodeled,decode_mla_attention_slope_dominates,phase429_reprofile_window_hits_attributed,apply_named_undercharge_or_bubble_fix,patch_or_recollect_named_perfdb_component,false,true,true,false,false,false,true,No-Go
phase429_reprofile,step_category,K2.5-tp4ep8dp2-8k2k,docs/iter_gap_investigation/phase429_reprofile/K2.5-tp4ep8dp2-8k2k,w3_decode_c128,,26,decode_only,52,128,passed,0,mla_attention,37.950901,12.044048,0.000000,0.000000,,1.516977,0.595460,0.357492,0.047048,0.000000,passed,37,103,8,52,44,passed,passed,prefill_serialization_bubble_unmodeled,decode_mla_attention_slope_dominates,phase429_reprofile_window_hits_attributed,apply_named_undercharge_or_bubble_fix,patch_or_recollect_named_perfdb_component,false,true,true,false,false,false,true,No-Go
phase429_reprofile,step_category,K2.5-tp4ep8dp2-8k2k,docs/iter_gap_investigation/phase429_reprofile/K2.5-tp4ep8dp2-8k2k,w3_decode_c128,,26,decode_only,52,128,passed,0,moe_gemm_or_aux,37.950901,10.430968,0.000000,0.000000,,1.516977,0.595460,0.357492,0.047048,0.000000,passed,37,103,8,52,44,passed,passed,prefill_serialization_bubble_unmodeled,decode_mla_attention_slope_dominates,phase429_reprofile_window_hits_attributed,apply_named_undercharge_or_bubble_fix,patch_or_recollect_named_perfdb_component,false,true,true,false,false,false,true,No-Go
phase429_reprofile,step_category,K2.5-tp4ep8dp2-8k2k,docs/iter_gap_investigation/phase429_reprofile/K2.5-tp4ep8dp2-8k2k,w3_decode_c128,,26,decode_only,52,128,passed,0,other_cuda,37.950901,2.313815,0.000000,0.000000,,1.516977,0.595460,0.357492,0.047048,0.000000,passed,37,103,8,52,44,passed,passed,prefill_serialization_bubble_unmodeled,decode_mla_attention_slope_dominates,phase429_reprofile_window_hits_attributed,apply_named_undercharge_or_bubble_fix,patch_or_recollect_named_perfdb_component,false,true,true,false,false,false,true,No-Go
phase429_reprofile,step_category,K2.5-tp4ep8dp2-8k2k,docs/iter_gap_investigation/phase429_reprofile/K2.5-tp4ep8dp2-8k2k,w3_decode_c128,,26,decode_only,52,128,passed,0,tp_or_dp_allreduce,37.950901,0.838223,0.000000,0.000000,,1.516977,0.595460,0.357492,0.047048,0.000000,passed,37,103,8,52,44,passed,passed,prefill_serialization_bubble_unmodeled,decode_mla_attention_slope_dominates,phase429_reprofile_window_hits_attributed,apply_named_undercharge_or_bubble_fix,patch_or_recollect_named_perfdb_component,false,true,true,false,false,false,true,No-Go
phase429_reprofile,step,K2.5-tp4ep8dp2-8k2k,docs/iter_gap_investigation/phase429_reprofile/K2.5-tp4ep8dp2-8k2k,w3_decode_c128,,27,decode_only,52,128,passed,0,,37.853739,,0.002195,0.000058,,1.516977,0.595460,0.357492,0.047048,0.000000,passed,37,103,8,52,44,passed,passed,prefill_serialization_bubble_unmodeled,decode_mla_attention_slope_dominates,phase429_reprofile_window_hits_attributed,apply_named_undercharge_or_bubble_fix,patch_or_recollect_named_perfdb_component,false,true,true,false,false,false,true,No-Go
phase429_reprofile,step_category,K2.5-tp4ep8dp2-8k2k,docs/iter_gap_investigation/phase429_reprofile/K2.5-tp4ep8dp2-8k2k,w3_decode_c128,,27,decode_only,52,128,passed,0,dense_gemm,37.853739,5.006392,0.002195,0.000058,,1.516977,0.595460,0.357492,0.047048,0.000000,passed,37,103,8,52,44,passed,passed,prefill_serialization_bubble_unmodeled,decode_mla_attention_slope_dominates,phase429_reprofile_window_hits_attributed,apply_named_undercharge_or_bubble_fix,patch_or_recollect_named_perfdb_component,false,true,true,false,false,false,true,No-Go
phase429_reprofile,step_category,K2.5-tp4ep8dp2-8k2k,docs/iter_gap_investigation/phase429_reprofile/K2.5-tp4ep8dp2-8k2k,w3_decode_c128,,27,decode_only,52,128,passed,0,ep_a2a,37.853739,7.239543,0.002195,0.000058,,1.516977,0.595460,0.357492,0.047048,0.000000,passed,37,103,8,52,44,passed,passed,prefill_serialization_bubble_unmodeled,decode_mla_attention_slope_dominates,phase429_reprofile_window_hits_attributed,apply_named_undercharge_or_bubble_fix,patch_or_recollect_named_perfdb_component,false,true,true,false,false,false,true,No-Go
phase429_reprofile,step_category,K2.5-tp4ep8dp2-8k2k,docs/iter_gap_investigation/phase429_reprofile/K2.5-tp4ep8dp2-8k2k,w3_decode_c128,,27,decode_only,52,128,passed,0,memcpy_memset,37.853739,0.153420,0.002195,0.000058,,1.516977,0.595460,0.357492,0.047048,0.000000,passed,37,103,8,52,44,passed,passed,prefill_serialization_bubble_unmodeled,decode_mla_attention_slope_dominates,phase429_reprofile_window_hits_attributed,apply_named_undercharge_or_bubble_fix,patch_or_recollect_named_perfdb_component,false,true,true,false,false,false,true,No-Go
phase429_reprofile,step_category,K2.5-tp4ep8dp2-8k2k,docs/iter_gap_investigation/phase429_reprofile/K2.5-tp4ep8dp2-8k2k,w3_decode_c128,,27,decode_only,52,128,passed,0,mla_attention,37.853739,12.070630,0.002195,0.000058,,1.516977,0.595460,0.357492,0.047048,0.000000,passed,37,103,8,52,44,passed,passed,prefill_serialization_bubble_unmodeled,decode_mla_attention_slope_dominates,phase429_reprofile_window_hits_attributed,apply_named_undercharge_or_bubble_fix,patch_or_recollect_named_perfdb_component,false,true,true,false,false,false,true,No-Go
phase429_reprofile,step_category,K2.5-tp4ep8dp2-8k2k,docs/iter_gap_investigation/phase429_reprofile/K2.5-tp4ep8dp2-8k2k,w3_decode_c128,,27,decode_only,52,128,passed,0,moe_gemm_or_aux,37.853739,10.299532,0.002195,0.000058,,1.516977,0.595460,0.357492,0.047048,0.000000,passed,37,103,8,52,44,passed,passed,prefill_serialization_bubble_unmodeled,decode_mla_attention_slope_dominates,phase429_reprofile_window_hits_attributed,apply_named_undercharge_or_bubble_fix,patch_or_recollect_named_perfdb_component,false,true,true,false,false,false,true,No-Go
phase429_reprofile,step_category,K2.5-tp4ep8dp2-8k2k,docs/iter_gap_investigation/phase429_reprofile/K2.5-tp4ep8dp2-8k2k,w3_decode_c128,,27,decode_only,52,128,passed,0,other_cuda,37.853739,2.318730,0.002195,0.000058,,1.516977,0.595460,0.357492,0.047048,0.000000,passed,37,103,8,52,44,passed,passed,prefill_serialization_bubble_unmodeled,decode_mla_attention_slope_dominates,phase429_reprofile_window_hits_attributed,apply_named_undercharge_or_bubble_fix,patch_or_recollect_named_perfdb_component,false,true,true,false,false,false,true,No-Go
phase429_reprofile,step_category,K2.5-tp4ep8dp2-8k2k,docs/iter_gap_investigation/phase429_reprofile/K2.5-tp4ep8dp2-8k2k,w3_decode_c128,,27,decode_only,52,128,passed,0,tp_or_dp_allreduce,37.853739,0.831602,0.002195,0.000058,,1.516977,0.595460,0.357492,0.047048,0.000000,passed,37,103,8,52,44,passed,passed,prefill_serialization_bubble_unmodeled,decode_mla_attention_slope_dominates,phase429_reprofile_window_hits_attributed,apply_named_undercharge_or_bubble_fix,patch_or_recollect_named_perfdb_component,false,true,true,false,false,false,true,No-Go
phase429_reprofile,step,K2.5-tp4ep8dp2-8k2k,docs/iter_gap_investigation/phase429_reprofile/K2.5-tp4ep8dp2-8k2k,w3_decode_c128,,28,decode_only,52,128,passed,0,,37.891406,,0.000000,0.000000,,1.516977,0.595460,0.357492,0.047048,0.000000,passed,37,103,8,52,44,passed,passed,prefill_serialization_bubble_unmodeled,decode_mla_attention_slope_dominates,phase429_reprofile_window_hits_attributed,apply_named_undercharge_or_bubble_fix,patch_or_recollect_named_perfdb_component,false,true,true,false,false,false,true,No-Go
phase429_reprofile,step_category,K2.5-tp4ep8dp2-8k2k,docs/iter_gap_investigation/phase429_reprofile/K2.5-tp4ep8dp2-8k2k,w3_decode_c128,,28,decode_only,52,128,passed,0,dense_gemm,37.891406,4.999211,0.000000,0.000000,,1.516977,0.595460,0.357492,0.047048,0.000000,passed,37,103,8,52,44,passed,passed,prefill_serialization_bubble_unmodeled,decode_mla_attention_slope_dominates,phase429_reprofile_window_hits_attributed,apply_named_undercharge_or_bubble_fix,patch_or_recollect_named_perfdb_component,false,true,true,false,false,false,true,No-Go
phase429_reprofile,step_category,K2.5-tp4ep8dp2-8k2k,docs/iter_gap_investigation/phase429_reprofile/K2.5-tp4ep8dp2-8k2k,w3_decode_c128,,28,decode_only,52,128,passed,0,ep_a2a,37.891406,7.410770,0.000000,0.000000,,1.516977,0.595460,0.357492,0.047048,0.000000,passed,37,103,8,52,44,passed,passed,prefill_serialization_bubble_unmodeled,decode_mla_attention_slope_dominates,phase429_reprofile_window_hits_attributed,apply_named_undercharge_or_bubble_fix,patch_or_recollect_named_perfdb_component,false,true,true,false,false,false,true,No-Go
phase429_reprofile,step_category,K2.5-tp4ep8dp2-8k2k,docs/iter_gap_investigation/phase429_reprofile/K2.5-tp4ep8dp2-8k2k,w3_decode_c128,,28,decode_only,52,128,passed,0,memcpy_memset,37.891406,0.158766,0.000000,0.000000,,1.516977,0.595460,0.357492,0.047048,0.000000,passed,37,103,8,52,44,passed,passed,prefill_serialization_bubble_unmodeled,decode_mla_attention_slope_dominates,phase429_reprofile_window_hits_attributed,apply_named_undercharge_or_bubble_fix,patch_or_recollect_named_perfdb_component,false,true,true,false,false,false,true,No-Go
phase429_reprofile,step_category,K2.5-tp4ep8dp2-8k2k,docs/iter_gap_investigation/phase429_reprofile/K2.5-tp4ep8dp2-8k2k,w3_decode_c128,,28,decode_only,52,128,passed,0,mla_attention,37.891406,12.023139,0.000000,0.000000,,1.516977,0.595460,0.357492,0.047048,0.000000,passed,37,103,8,52,44,passed,passed,prefill_serialization_bubble_unmodeled,decode_mla_attention_slope_dominates,phase429_reprofile_window_hits_attributed,apply_named_undercharge_or_bubble_fix,patch_or_recollect_named_perfdb_component,false,true,true,false,false,false,true,No-Go
phase429_reprofile,step_category,K2.5-tp4ep8dp2-8k2k,docs/iter_gap_investigation/phase429_reprofile/K2.5-tp4ep8dp2-8k2k,w3_decode_c128,,28,decode_only,52,128,passed,0,moe_gemm_or_aux,37.891406,10.246679,0.000000,0.000000,,1.516977,0.595460,0.357492,0.047048,0.000000,passed,37,103,8,52,44,passed,passed,prefill_serialization_bubble_unmodeled,decode_mla_attention_slope_dominates,phase429_reprofile_window_hits_attributed,apply_named_undercharge_or_bubble_fix,patch_or_recollect_named_perfdb_component,false,true,true,false,false,false,true,No-Go
phase429_reprofile,step_category,K2.5-tp4ep8dp2-8k2k,docs/iter_gap_investigation/phase429_reprofile/K2.5-tp4ep8dp2-8k2k,w3_decode_c128,,28,decode_only,52,128,passed,0,other_cuda,37.891406,2.315285,0.000000,0.000000,,1.516977,0.595460,0.357492,0.047048,0.000000,passed,37,103,8,52,44,passed,passed,prefill_serialization_bubble_unmodeled,decode_mla_attention_slope_dominates,phase429_reprofile_window_hits_attributed,apply_named_undercharge_or_bubble_fix,patch_or_recollect_named_perfdb_component,false,true,true,false,false,false,true,No-Go
phase429_reprofile,step_category,K2.5-tp4ep8dp2-8k2k,docs/iter_gap_investigation/phase429_reprofile/K2.5-tp4ep8dp2-8k2k,w3_decode_c128,,28,decode_only,52,128,passed,0,tp_or_dp_allreduce,37.891406,0.844064,0.000000,0.000000,,1.516977,0.595460,0.357492,0.047048,0.000000,passed,37,103,8,52,44,passed,passed,prefill_serialization_bubble_unmodeled,decode_mla_attention_slope_dominates,phase429_reprofile_window_hits_attributed,apply_named_undercharge_or_bubble_fix,patch_or_recollect_named_perfdb_component,false,true,true,false,false,false,true,No-Go
phase429_reprofile,step,K2.5-tp4ep8dp2-8k2k,docs/iter_gap_investigation/phase429_reprofile/K2.5-tp4ep8dp2-8k2k,w3_decode_c128,,29,decode_only,52,128,passed,0,,38.402910,,0.002906,0.000076,,1.516977,0.595460,0.357492,0.047048,0.000000,passed,37,103,8,52,44,passed,passed,prefill_serialization_bubble_unmodeled,decode_mla_attention_slope_dominates,phase429_reprofile_window_hits_attributed,apply_named_undercharge_or_bubble_fix,patch_or_recollect_named_perfdb_component,false,true,true,false,false,false,true,No-Go
phase429_reprofile,step_category,K2.5-tp4ep8dp2-8k2k,docs/iter_gap_investigation/phase429_reprofile/K2.5-tp4ep8dp2-8k2k,w3_decode_c128,,29,decode_only,52,128,passed,0,dense_gemm,38.402910,4.997673,0.002906,0.000076,,1.516977,0.595460,0.357492,0.047048,0.000000,passed,37,103,8,52,44,passed,passed,prefill_serialization_bubble_unmodeled,decode_mla_attention_slope_dominates,phase429_reprofile_window_hits_attributed,apply_named_undercharge_or_bubble_fix,patch_or_recollect_named_perfdb_component,false,true,true,false,false,false,true,No-Go
phase429_reprofile,step_category,K2.5-tp4ep8dp2-8k2k,docs/iter_gap_investigation/phase429_reprofile/K2.5-tp4ep8dp2-8k2k,w3_decode_c128,,29,decode_only,52,128,passed,0,ep_a2a,38.402910,7.565599,0.002906,0.000076,,1.516977,0.595460,0.357492,0.047048,0.000000,passed,37,103,8,52,44,passed,passed,prefill_serialization_bubble_unmodeled,decode_mla_attention_slope_dominates,phase429_reprofile_window_hits_attributed,apply_named_undercharge_or_bubble_fix,patch_or_recollect_named_perfdb_component,false,true,true,false,false,false,true,No-Go
phase429_reprofile,step_category,K2.5-tp4ep8dp2-8k2k,docs/iter_gap_investigation/phase429_reprofile/K2.5-tp4ep8dp2-8k2k,w3_decode_c128,,29,decode_only,52,128,passed,0,memcpy_memset,38.402910,0.154861,0.002906,0.000076,,1.516977,0.595460,0.357492,0.047048,0.000000,passed,37,103,8,52,44,passed,passed,prefill_serialization_bubble_unmodeled,decode_mla_attention_slope_dominates,phase429_reprofile_window_hits_attributed,apply_named_undercharge_or_bubble_fix,patch_or_recollect_named_perfdb_component,false,true,true,false,false,false,true,No-Go
phase429_reprofile,step_category,K2.5-tp4ep8dp2-8k2k,docs/iter_gap_investigation/phase429_reprofile/K2.5-tp4ep8dp2-8k2k,w3_decode_c128,,29,decode_only,52,128,passed,0,mla_attention,38.402910,12.023057,0.002906,0.000076,,1.516977,0.595460,0.357492,0.047048,0.000000,passed,37,103,8,52,44,passed,passed,prefill_serialization_bubble_unmodeled,decode_mla_attention_slope_dominates,phase429_reprofile_window_hits_attributed,apply_named_undercharge_or_bubble_fix,patch_or_recollect_named_perfdb_component,false,true,true,false,false,false,true,No-Go
phase429_reprofile,step_category,K2.5-tp4ep8dp2-8k2k,docs/iter_gap_investigation/phase429_reprofile/K2.5-tp4ep8dp2-8k2k,w3_decode_c128,,29,decode_only,52,128,passed,0,moe_gemm_or_aux,38.402910,10.627518,0.002906,0.000076,,1.516977,0.595460,0.357492,0.047048,0.000000,passed,37,103,8,52,44,passed,passed,prefill_serialization_bubble_unmodeled,decode_mla_attention_slope_dominates,phase429_reprofile_window_hits_attributed,apply_named_undercharge_or_bubble_fix,patch_or_recollect_named_perfdb_component,false,true,true,false,false,false,true,No-Go
phase429_reprofile,step_category,K2.5-tp4ep8dp2-8k2k,docs/iter_gap_investigation/phase429_reprofile/K2.5-tp4ep8dp2-8k2k,w3_decode_c128,,29,decode_only,52,128,passed,0,other_cuda,38.402910,2.317080,0.002906,0.000076,,1.516977,0.595460,0.357492,0.047048,0.000000,passed,37,103,8,52,44,passed,passed,prefill_serialization_bubble_unmodeled,decode_mla_attention_slope_dominates,phase429_reprofile_window_hits_attributed,apply_named_undercharge_or_bubble_fix,patch_or_recollect_named_perfdb_component,false,true,true,false,false,false,true,No-Go
phase429_reprofile,step_category,K2.5-tp4ep8dp2-8k2k,docs/iter_gap_investigation/phase429_reprofile/K2.5-tp4ep8dp2-8k2k,w3_decode_c128,,29,decode_only,52,128,passed,0,tp_or_dp_allreduce,38.402910,0.835303,0.002906,0.000076,,1.516977,0.595460,0.357492,0.047048,0.000000,passed,37,103,8,52,44,passed,passed,prefill_serialization_bubble_unmodeled,decode_mla_attention_slope_dominates,phase429_reprofile_window_hits_attributed,apply_named_undercharge_or_bubble_fix,patch_or_recollect_named_perfdb_component,false,true,true,false,false,false,true,No-Go
phase429_reprofile,step,K2.5-tp4ep8dp2-8k2k,docs/iter_gap_investigation/phase429_reprofile/K2.5-tp4ep8dp2-8k2k,w3_decode_c128,,30,decode_only,52,128,passed,0,,38.863787,,0.000136,0.000004,,1.516977,0.595460,0.357492,0.047048,0.000000,passed,37,103,8,52,44,passed,passed,prefill_serialization_bubble_unmodeled,decode_mla_attention_slope_dominates,phase429_reprofile_window_hits_attributed,apply_named_undercharge_or_bubble_fix,patch_or_recollect_named_perfdb_component,false,true,true,false,false,false,true,No-Go
phase429_reprofile,step_category,K2.5-tp4ep8dp2-8k2k,docs/iter_gap_investigation/phase429_reprofile/K2.5-tp4ep8dp2-8k2k,w3_decode_c128,,30,decode_only,52,128,passed,0,dense_gemm,38.863787,5.056261,0.000136,0.000004,,1.516977,0.595460,0.357492,0.047048,0.000000,passed,37,103,8,52,44,passed,passed,prefill_serialization_bubble_unmodeled,decode_mla_attention_slope_dominates,phase429_reprofile_window_hits_attributed,apply_named_undercharge_or_bubble_fix,patch_or_recollect_named_perfdb_component,false,true,true,false,false,false,true,No-Go
phase429_reprofile,step_category,K2.5-tp4ep8dp2-8k2k,docs/iter_gap_investigation/phase429_reprofile/K2.5-tp4ep8dp2-8k2k,w3_decode_c128,,30,decode_only,52,128,passed,0,ep_a2a,38.863787,7.386432,0.000136,0.000004,,1.516977,0.595460,0.357492,0.047048,0.000000,passed,37,103,8,52,44,passed,passed,prefill_serialization_bubble_unmodeled,decode_mla_attention_slope_dominates,phase429_reprofile_window_hits_attributed,apply_named_undercharge_or_bubble_fix,patch_or_recollect_named_perfdb_component,false,true,true,false,false,false,true,No-Go
phase429_reprofile,step_category,K2.5-tp4ep8dp2-8k2k,docs/iter_gap_investigation/phase429_reprofile/K2.5-tp4ep8dp2-8k2k,w3_decode_c128,,30,decode_only,52,128,passed,0,memcpy_memset,38.863787,0.154916,0.000136,0.000004,,1.516977,0.595460,0.357492,0.047048,0.000000,passed,37,103,8,52,44,passed,passed,prefill_serialization_bubble_unmodeled,decode_mla_attention_slope_dominates,phase429_reprofile_window_hits_attributed,apply_named_undercharge_or_bubble_fix,patch_or_recollect_named_perfdb_component,false,true,true,false,false,false,true,No-Go
phase429_reprofile,step_category,K2.5-tp4ep8dp2-8k2k,docs/iter_gap_investigation/phase429_reprofile/K2.5-tp4ep8dp2-8k2k,w3_decode_c128,,30,decode_only,52,128,passed,0,mla_attention,38.863787,12.242493,0.000136,0.000004,,1.516977,0.595460,0.357492,0.047048,0.000000,passed,37,103,8,52,44,passed,passed,prefill_serialization_bubble_unmodeled,decode_mla_attention_slope_dominates,phase429_reprofile_window_hits_attributed,apply_named_undercharge_or_bubble_fix,patch_or_recollect_named_perfdb_component,false,true,true,false,false,false,true,No-Go
phase429_reprofile,step_category,K2.5-tp4ep8dp2-8k2k,docs/iter_gap_investigation/phase429_reprofile/K2.5-tp4ep8dp2-8k2k,w3_decode_c128,,30,decode_only,52,128,passed,0,moe_gemm_or_aux,38.863787,10.950787,0.000136,0.000004,,1.516977,0.595460,0.357492,0.047048,0.000000,passed,37,103,8,52,44,passed,passed,prefill_serialization_bubble_unmodeled,decode_mla_attention_slope_dominates,phase429_reprofile_window_hits_attributed,apply_named_undercharge_or_bubble_fix,patch_or_recollect_named_perfdb_component,false,true,true,false,false,false,true,No-Go
phase429_reprofile,step_category,K2.5-tp4ep8dp2-8k2k,docs/iter_gap_investigation/phase429_reprofile/K2.5-tp4ep8dp2-8k2k,w3_decode_c128,,30,decode_only,52,128,passed,0,other_cuda,38.863787,2.333593,0.000136,0.000004,,1.516977,0.595460,0.357492,0.047048,0.000000,passed,37,103,8,52,44,passed,passed,prefill_serialization_bubble_unmodeled,decode_mla_attention_slope_dominates,phase429_reprofile_window_hits_attributed,apply_named_undercharge_or_bubble_fix,patch_or_recollect_named_perfdb_component,false,true,true,false,false,false,true,No-Go
phase429_reprofile,step_category,K2.5-tp4ep8dp2-8k2k,docs/iter_gap_investigation/phase429_reprofile/K2.5-tp4ep8dp2-8k2k,w3_decode_c128,,30,decode_only,52,128,passed,0,tp_or_dp_allreduce,38.863787,0.848399,0.000136,0.000004,,1.516977,0.595460,0.357492,0.047048,0.000000,passed,37,103,8,52,44,passed,passed,prefill_serialization_bubble_unmodeled,decode_mla_attention_slope_dominates,phase429_reprofile_window_hits_attributed,apply_named_undercharge_or_bubble_fix,patch_or_recollect_named_perfdb_component,false,true,true,false,false,false,true,No-Go
phase429_reprofile,step,K2.5-tp4ep8dp2-8k2k,docs/iter_gap_investigation/phase429_reprofile/K2.5-tp4ep8dp2-8k2k,w3_decode_c128,,31,decode_only,52,128,passed,0,,37.928996,,0.009651,0.000254,,1.516977,0.595460,0.357492,0.047048,0.000000,passed,37,103,8,52,44,passed,passed,prefill_serialization_bubble_unmodeled,decode_mla_attention_slope_dominates,phase429_reprofile_window_hits_attributed,apply_named_undercharge_or_bubble_fix,patch_or_recollect_named_perfdb_component,false,true,true,false,false,false,true,No-Go
phase429_reprofile,step_category,K2.5-tp4ep8dp2-8k2k,docs/iter_gap_investigation/phase429_reprofile/K2.5-tp4ep8dp2-8k2k,w3_decode_c128,,31,decode_only,52,128,passed,0,dense_gemm,37.928996,4.945179,0.009651,0.000254,,1.516977,0.595460,0.357492,0.047048,0.000000,passed,37,103,8,52,44,passed,passed,prefill_serialization_bubble_unmodeled,decode_mla_attention_slope_dominates,phase429_reprofile_window_hits_attributed,apply_named_undercharge_or_bubble_fix,patch_or_recollect_named_perfdb_component,false,true,true,false,false,false,true,No-Go
phase429_reprofile,step_category,K2.5-tp4ep8dp2-8k2k,docs/iter_gap_investigation/phase429_reprofile/K2.5-tp4ep8dp2-8k2k,w3_decode_c128,,31,decode_only,52,128,passed,0,ep_a2a,37.928996,7.431387,0.009651,0.000254,,1.516977,0.595460,0.357492,0.047048,0.000000,passed,37,103,8,52,44,passed,passed,prefill_serialization_bubble_unmodeled,decode_mla_attention_slope_dominates,phase429_reprofile_window_hits_attributed,apply_named_undercharge_or_bubble_fix,patch_or_recollect_named_perfdb_component,false,true,true,false,false,false,true,No-Go
phase429_reprofile,step_category,K2.5-tp4ep8dp2-8k2k,docs/iter_gap_investigation/phase429_reprofile/K2.5-tp4ep8dp2-8k2k,w3_decode_c128,,31,decode_only,52,128,passed,0,memcpy_memset,37.928996,0.155753,0.009651,0.000254,,1.516977,0.595460,0.357492,0.047048,0.000000,passed,37,103,8,52,44,passed,passed,prefill_serialization_bubble_unmodeled,decode_mla_attention_slope_dominates,phase429_reprofile_window_hits_attributed,apply_named_undercharge_or_bubble_fix,patch_or_recollect_named_perfdb_component,false,true,true,false,false,false,true,No-Go
phase429_reprofile,step_category,K2.5-tp4ep8dp2-8k2k,docs/iter_gap_investigation/phase429_reprofile/K2.5-tp4ep8dp2-8k2k,w3_decode_c128,,31,decode_only,52,128,passed,0,mla_attention,37.928996,11.853345,0.009651,0.000254,,1.516977,0.595460,0.357492,0.047048,0.000000,passed,37,103,8,52,44,passed,passed,prefill_serialization_bubble_unmodeled,decode_mla_attention_slope_dominates,phase429_reprofile_window_hits_attributed,apply_named_undercharge_or_bubble_fix,patch_or_recollect_named_perfdb_component,false,true,true,false,false,false,true,No-Go
phase429_reprofile,step_category,K2.5-tp4ep8dp2-8k2k,docs/iter_gap_investigation/phase429_reprofile/K2.5-tp4ep8dp2-8k2k,w3_decode_c128,,31,decode_only,52,128,passed,0,moe_gemm_or_aux,37.928996,10.459378,0.009651,0.000254,,1.516977,0.595460,0.357492,0.047048,0.000000,passed,37,103,8,52,44,passed,passed,prefill_serialization_bubble_unmodeled,decode_mla_attention_slope_dominates,phase429_reprofile_window_hits_attributed,apply_named_undercharge_or_bubble_fix,patch_or_recollect_named_perfdb_component,false,true,true,false,false,false,true,No-Go
phase429_reprofile,step_category,K2.5-tp4ep8dp2-8k2k,docs/iter_gap_investigation/phase429_reprofile/K2.5-tp4ep8dp2-8k2k,w3_decode_c128,,31,decode_only,52,128,passed,0,other_cuda,37.928996,2.292795,0.009651,0.000254,,1.516977,0.595460,0.357492,0.047048,0.000000,passed,37,103,8,52,44,passed,passed,prefill_serialization_bubble_unmodeled,decode_mla_attention_slope_dominates,phase429_reprofile_window_hits_attributed,apply_named_undercharge_or_bubble_fix,patch_or_recollect_named_perfdb_component,false,true,true,false,false,false,true,No-Go
phase429_reprofile,step_category,K2.5-tp4ep8dp2-8k2k,docs/iter_gap_investigation/phase429_reprofile/K2.5-tp4ep8dp2-8k2k,w3_decode_c128,,31,decode_only,52,128,passed,0,tp_or_dp_allreduce,37.928996,0.809663,0.009651,0.000254,,1.516977,0.595460,0.357492,0.047048,0.000000,passed,37,103,8,52,44,passed,passed,prefill_serialization_bubble_unmodeled,decode_mla_attention_slope_dominates,phase429_reprofile_window_hits_attributed,apply_named_undercharge_or_bubble_fix,patch_or_recollect_named_perfdb_component,false,true,true,false,false,false,true,No-Go
phase429_reprofile,step,K2.5-tp4ep8dp2-8k2k,docs/iter_gap_investigation/phase429_reprofile/K2.5-tp4ep8dp2-8k2k,w3_decode_c128,,32,decode_only,52,128,passed,0,,38.062870,,0.000000,0.000000,,1.516977,0.595460,0.357492,0.047048,0.000000,passed,37,103,8,52,44,passed,passed,prefill_serialization_bubble_unmodeled,decode_mla_attention_slope_dominates,phase429_reprofile_window_hits_attributed,apply_named_undercharge_or_bubble_fix,patch_or_recollect_named_perfdb_component,false,true,true,false,false,false,true,No-Go
phase429_reprofile,step_category,K2.5-tp4ep8dp2-8k2k,docs/iter_gap_investigation/phase429_reprofile/K2.5-tp4ep8dp2-8k2k,w3_decode_c128,,32,decode_only,52,128,passed,0,dense_gemm,38.062870,4.988024,0.000000,0.000000,,1.516977,0.595460,0.357492,0.047048,0.000000,passed,37,103,8,52,44,passed,passed,prefill_serialization_bubble_unmodeled,decode_mla_attention_slope_dominates,phase429_reprofile_window_hits_attributed,apply_named_undercharge_or_bubble_fix,patch_or_recollect_named_perfdb_component,false,true,true,false,false,false,true,No-Go
phase429_reprofile,step_category,K2.5-tp4ep8dp2-8k2k,docs/iter_gap_investigation/phase429_reprofile/K2.5-tp4ep8dp2-8k2k,w3_decode_c128,,32,decode_only,52,128,passed,0,ep_a2a,38.062870,7.278390,0.000000,0.000000,,1.516977,0.595460,0.357492,0.047048,0.000000,passed,37,103,8,52,44,passed,passed,prefill_serialization_bubble_unmodeled,decode_mla_attention_slope_dominates,phase429_reprofile_window_hits_attributed,apply_named_undercharge_or_bubble_fix,patch_or_recollect_named_perfdb_component,false,true,true,false,false,false,true,No-Go
phase429_reprofile,step_category,K2.5-tp4ep8dp2-8k2k,docs/iter_gap_investigation/phase429_reprofile/K2.5-tp4ep8dp2-8k2k,w3_decode_c128,,32,decode_only,52,128,passed,0,memcpy_memset,38.062870,0.154729,0.000000,0.000000,,1.516977,0.595460,0.357492,0.047048,0.000000,passed,37,103,8,52,44,passed,passed,prefill_serialization_bubble_unmodeled,decode_mla_attention_slope_dominates,phase429_reprofile_window_hits_attributed,apply_named_undercharge_or_bubble_fix,patch_or_recollect_named_perfdb_component,false,true,true,false,false,false,true,No-Go
phase429_reprofile,step_category,K2.5-tp4ep8dp2-8k2k,docs/iter_gap_investigation/phase429_reprofile/K2.5-tp4ep8dp2-8k2k,w3_decode_c128,,32,decode_only,52,128,passed,0,mla_attention,38.062870,12.043471,0.000000,0.000000,,1.516977,0.595460,0.357492,0.047048,0.000000,passed,37,103,8,52,44,passed,passed,prefill_serialization_bubble_unmodeled,decode_mla_attention_slope_dominates,phase429_reprofile_window_hits_attributed,apply_named_undercharge_or_bubble_fix,patch_or_recollect_named_perfdb_component,false,true,true,false,false,false,true,No-Go
phase429_reprofile,step_category,K2.5-tp4ep8dp2-8k2k,docs/iter_gap_investigation/phase429_reprofile/K2.5-tp4ep8dp2-8k2k,w3_decode_c128,,32,decode_only,52,128,passed,0,moe_gemm_or_aux,38.062870,10.620021,0.000000,0.000000,,1.516977,0.595460,0.357492,0.047048,0.000000,passed,37,103,8,52,44,passed,passed,prefill_serialization_bubble_unmodeled,decode_mla_attention_slope_dominates,phase429_reprofile_window_hits_attributed,apply_named_undercharge_or_bubble_fix,patch_or_recollect_named_perfdb_component,false,true,true,false,false,false,true,No-Go
phase429_reprofile,step_category,K2.5-tp4ep8dp2-8k2k,docs/iter_gap_investigation/phase429_reprofile/K2.5-tp4ep8dp2-8k2k,w3_decode_c128,,32,decode_only,52,128,passed,0,other_cuda,38.062870,2.315082,0.000000,0.000000,,1.516977,0.595460,0.357492,0.047048,0.000000,passed,37,103,8,52,44,passed,passed,prefill_serialization_bubble_unmodeled,decode_mla_attention_slope_dominates,phase429_reprofile_window_hits_attributed,apply_named_undercharge_or_bubble_fix,patch_or_recollect_named_perfdb_component,false,true,true,false,false,false,true,No-Go
phase429_reprofile,step_category,K2.5-tp4ep8dp2-8k2k,docs/iter_gap_investigation/phase429_reprofile/K2.5-tp4ep8dp2-8k2k,w3_decode_c128,,32,decode_only,52,128,passed,0,tp_or_dp_allreduce,38.062870,0.827748,0.000000,0.000000,,1.516977,0.595460,0.357492,0.047048,0.000000,passed,37,103,8,52,44,passed,passed,prefill_serialization_bubble_unmodeled,decode_mla_attention_slope_dominates,phase429_reprofile_window_hits_attributed,apply_named_undercharge_or_bubble_fix,patch_or_recollect_named_perfdb_component,false,true,true,false,false,false,true,No-Go
phase429_reprofile,step,K2.5-tp4ep8dp2-8k2k,docs/iter_gap_investigation/phase429_reprofile/K2.5-tp4ep8dp2-8k2k,w3_decode_c128,,33,decode_only,52,128,passed,0,,38.488168,,0.002007,0.000052,,1.516977,0.595460,0.357492,0.047048,0.000000,passed,37,103,8,52,44,passed,passed,prefill_serialization_bubble_unmodeled,decode_mla_attention_slope_dominates,phase429_reprofile_window_hits_attributed,apply_named_undercharge_or_bubble_fix,patch_or_recollect_named_perfdb_component,false,true,true,false,false,false,true,No-Go
phase429_reprofile,step_category,K2.5-tp4ep8dp2-8k2k,docs/iter_gap_investigation/phase429_reprofile/K2.5-tp4ep8dp2-8k2k,w3_decode_c128,,33,decode_only,52,128,passed,0,dense_gemm,38.488168,4.990121,0.002007,0.000052,,1.516977,0.595460,0.357492,0.047048,0.000000,passed,37,103,8,52,44,passed,passed,prefill_serialization_bubble_unmodeled,decode_mla_attention_slope_dominates,phase429_reprofile_window_hits_attributed,apply_named_undercharge_or_bubble_fix,patch_or_recollect_named_perfdb_component,false,true,true,false,false,false,true,No-Go
phase429_reprofile,step_category,K2.5-tp4ep8dp2-8k2k,docs/iter_gap_investigation/phase429_reprofile/K2.5-tp4ep8dp2-8k2k,w3_decode_c128,,33,decode_only,52,128,passed,0,ep_a2a,38.488168,7.384759,0.002007,0.000052,,1.516977,0.595460,0.357492,0.047048,0.000000,passed,37,103,8,52,44,passed,passed,prefill_serialization_bubble_unmodeled,decode_mla_attention_slope_dominates,phase429_reprofile_window_hits_attributed,apply_named_undercharge_or_bubble_fix,patch_or_recollect_named_perfdb_component,false,true,true,false,false,false,true,No-Go
phase429_reprofile,step_category,K2.5-tp4ep8dp2-8k2k,docs/iter_gap_investigation/phase429_reprofile/K2.5-tp4ep8dp2-8k2k,w3_decode_c128,,33,decode_only,52,128,passed,0,memcpy_memset,38.488168,0.155160,0.002007,0.000052,,1.516977,0.595460,0.357492,0.047048,0.000000,passed,37,103,8,52,44,passed,passed,prefill_serialization_bubble_unmodeled,decode_mla_attention_slope_dominates,phase429_reprofile_window_hits_attributed,apply_named_undercharge_or_bubble_fix,patch_or_recollect_named_perfdb_component,false,true,true,false,false,false,true,No-Go
phase429_reprofile,step_category,K2.5-tp4ep8dp2-8k2k,docs/iter_gap_investigation/phase429_reprofile/K2.5-tp4ep8dp2-8k2k,w3_decode_c128,,33,decode_only,52,128,passed,0,mla_attention,38.488168,12.040281,0.002007,0.000052,,1.516977,0.595460,0.357492,0.047048,0.000000,passed,37,103,8,52,44,passed,passed,prefill_serialization_bubble_unmodeled,decode_mla_attention_slope_dominates,phase429_reprofile_window_hits_attributed,apply_named_undercharge_or_bubble_fix,patch_or_recollect_named_perfdb_component,false,true,true,false,false,false,true,No-Go
phase429_reprofile,step_category,K2.5-tp4ep8dp2-8k2k,docs/iter_gap_investigation/phase429_reprofile/K2.5-tp4ep8dp2-8k2k,w3_decode_c128,,33,decode_only,52,128,passed,0,moe_gemm_or_aux,38.488168,10.859685,0.002007,0.000052,,1.516977,0.595460,0.357492,0.047048,0.000000,passed,37,103,8,52,44,passed,passed,prefill_serialization_bubble_unmodeled,decode_mla_attention_slope_dominates,phase429_reprofile_window_hits_attributed,apply_named_undercharge_or_bubble_fix,patch_or_recollect_named_perfdb_component,false,true,true,false,false,false,true,No-Go
phase429_reprofile,step_category,K2.5-tp4ep8dp2-8k2k,docs/iter_gap_investigation/phase429_reprofile/K2.5-tp4ep8dp2-8k2k,w3_decode_c128,,33,decode_only,52,128,passed,0,other_cuda,38.488168,2.313157,0.002007,0.000052,,1.516977,0.595460,0.357492,0.047048,0.000000,passed,37,103,8,52,44,passed,passed,prefill_serialization_bubble_unmodeled,decode_mla_attention_slope_dominates,phase429_reprofile_window_hits_attributed,apply_named_undercharge_or_bubble_fix,patch_or_recollect_named_perfdb_component,false,true,true,false,false,false,true,No-Go
phase429_reprofile,step_category,K2.5-tp4ep8dp2-8k2k,docs/iter_gap_investigation/phase429_reprofile/K2.5-tp4ep8dp2-8k2k,w3_decode_c128,,33,decode_only,52,128,passed,0,tp_or_dp_allreduce,38.488168,0.817428,0.002007,0.000052,,1.516977,0.595460,0.357492,0.047048,0.000000,passed,37,103,8,52,44,passed,passed,prefill_serialization_bubble_unmodeled,decode_mla_attention_slope_dominates,phase429_reprofile_window_hits_attributed,apply_named_undercharge_or_bubble_fix,patch_or_recollect_named_perfdb_component,false,true,true,false,false,false,true,No-Go
phase429_reprofile,step,K2.5-tp4ep8dp2-8k2k,docs/iter_gap_investigation/phase429_reprofile/K2.5-tp4ep8dp2-8k2k,w3_decode_c128,,34,decode_only,52,128,passed,0,,38.008593,,0.000000,0.000000,,1.516977,0.595460,0.357492,0.047048,0.000000,passed,37,103,8,52,44,passed,passed,prefill_serialization_bubble_unmodeled,decode_mla_attention_slope_dominates,phase429_reprofile_window_hits_attributed,apply_named_undercharge_or_bubble_fix,patch_or_recollect_named_perfdb_component,false,true,true,false,false,false,true,No-Go
phase429_reprofile,step_category,K2.5-tp4ep8dp2-8k2k,docs/iter_gap_investigation/phase429_reprofile/K2.5-tp4ep8dp2-8k2k,w3_decode_c128,,34,decode_only,52,128,passed,0,dense_gemm,38.008593,4.999050,0.000000,0.000000,,1.516977,0.595460,0.357492,0.047048,0.000000,passed,37,103,8,52,44,passed,passed,prefill_serialization_bubble_unmodeled,decode_mla_attention_slope_dominates,phase429_reprofile_window_hits_attributed,apply_named_undercharge_or_bubble_fix,patch_or_recollect_named_perfdb_component,false,true,true,false,false,false,true,No-Go
phase429_reprofile,step_category,K2.5-tp4ep8dp2-8k2k,docs/iter_gap_investigation/phase429_reprofile/K2.5-tp4ep8dp2-8k2k,w3_decode_c128,,34,decode_only,52,128,passed,0,ep_a2a,38.008593,7.249959,0.000000,0.000000,,1.516977,0.595460,0.357492,0.047048,0.000000,passed,37,103,8,52,44,passed,passed,prefill_serialization_bubble_unmodeled,decode_mla_attention_slope_dominates,phase429_reprofile_window_hits_attributed,apply_named_undercharge_or_bubble_fix,patch_or_recollect_named_perfdb_component,false,true,true,false,false,false,true,No-Go
phase429_reprofile,step_category,K2.5-tp4ep8dp2-8k2k,docs/iter_gap_investigation/phase429_reprofile/K2.5-tp4ep8dp2-8k2k,w3_decode_c128,,34,decode_only,52,128,passed,0,memcpy_memset,38.008593,0.153940,0.000000,0.000000,,1.516977,0.595460,0.357492,0.047048,0.000000,passed,37,103,8,52,44,passed,passed,prefill_serialization_bubble_unmodeled,decode_mla_attention_slope_dominates,phase429_reprofile_window_hits_attributed,apply_named_undercharge_or_bubble_fix,patch_or_recollect_named_perfdb_component,false,true,true,false,false,false,true,No-Go
phase429_reprofile,step_category,K2.5-tp4ep8dp2-8k2k,docs/iter_gap_investigation/phase429_reprofile/K2.5-tp4ep8dp2-8k2k,w3_decode_c128,,34,decode_only,52,128,passed,0,mla_attention,38.008593,12.018984,0.000000,0.000000,,1.516977,0.595460,0.357492,0.047048,0.000000,passed,37,103,8,52,44,passed,passed,prefill_serialization_bubble_unmodeled,decode_mla_attention_slope_dominates,phase429_reprofile_window_hits_attributed,apply_named_undercharge_or_bubble_fix,patch_or_recollect_named_perfdb_component,false,true,true,false,false,false,true,No-Go
phase429_reprofile,step_category,K2.5-tp4ep8dp2-8k2k,docs/iter_gap_investigation/phase429_reprofile/K2.5-tp4ep8dp2-8k2k,w3_decode_c128,,34,decode_only,52,128,passed,0,moe_gemm_or_aux,38.008593,10.533570,0.000000,0.000000,,1.516977,0.595460,0.357492,0.047048,0.000000,passed,37,103,8,52,44,passed,passed,prefill_serialization_bubble_unmodeled,decode_mla_attention_slope_dominates,phase429_reprofile_window_hits_attributed,apply_named_undercharge_or_bubble_fix,patch_or_recollect_named_perfdb_component,false,true,true,false,false,false,true,No-Go
phase429_reprofile,step_category,K2.5-tp4ep8dp2-8k2k,docs/iter_gap_investigation/phase429_reprofile/K2.5-tp4ep8dp2-8k2k,w3_decode_c128,,34,decode_only,52,128,passed,0,other_cuda,38.008593,2.317044,0.000000,0.000000,,1.516977,0.595460,0.357492,0.047048,0.000000,passed,37,103,8,52,44,passed,passed,prefill_serialization_bubble_unmodeled,decode_mla_attention_slope_dominates,phase429_reprofile_window_hits_attributed,apply_named_undercharge_or_bubble_fix,patch_or_recollect_named_perfdb_component,false,true,true,false,false,false,true,No-Go
phase429_reprofile,step_category,K2.5-tp4ep8dp2-8k2k,docs/iter_gap_investigation/phase429_reprofile/K2.5-tp4ep8dp2-8k2k,w3_decode_c128,,34,decode_only,52,128,passed,0,tp_or_dp_allreduce,38.008593,0.823066,0.000000,0.000000,,1.516977,0.595460,0.357492,0.047048,0.000000,passed,37,103,8,52,44,passed,passed,prefill_serialization_bubble_unmodeled,decode_mla_attention_slope_dominates,phase429_reprofile_window_hits_attributed,apply_named_undercharge_or_bubble_fix,patch_or_recollect_named_perfdb_component,false,true,true,false,false,false,true,No-Go
phase429_reprofile,decode_slope,K2.5-tp4ep8dp2-8k2k,docs/iter_gap_investigation/phase429_reprofile/K2.5-tp4ep8dp2-8k2k,,,,,,,,,mla_attention,,7.841973,,,0.215499,1.516977,0.595460,0.357492,0.047048,0.000000,passed,37,103,8,52,44,passed,passed,prefill_serialization_bubble_unmodeled,decode_mla_attention_slope_dominates,phase429_reprofile_window_hits_attributed,apply_named_undercharge_or_bubble_fix,patch_or_recollect_named_perfdb_component,false,true,true,false,false,false,true,No-Go
phase429_reprofile,decode_slope,K2.5-tp4ep8dp2-8k2k,docs/iter_gap_investigation/phase429_reprofile/K2.5-tp4ep8dp2-8k2k,,,,,,,,,moe_gemm_or_aux,,8.203102,,,0.164715,1.516977,0.595460,0.357492,0.047048,0.000000,passed,37,103,8,52,44,passed,passed,prefill_serialization_bubble_unmodeled,decode_mla_attention_slope_dominates,phase429_reprofile_window_hits_attributed,apply_named_undercharge_or_bubble_fix,patch_or_recollect_named_perfdb_component,false,true,true,false,false,false,true,No-Go
phase429_reprofile,decode_slope,K2.5-tp4ep8dp2-8k2k,docs/iter_gap_investigation/phase429_reprofile/K2.5-tp4ep8dp2-8k2k,,,,,,,,,ep_a2a,,6.299386,,,0.070353,1.516977,0.595460,0.357492,0.047048,0.000000,passed,37,103,8,52,44,passed,passed,prefill_serialization_bubble_unmodeled,decode_mla_attention_slope_dominates,phase429_reprofile_window_hits_attributed,apply_named_undercharge_or_bubble_fix,patch_or_recollect_named_perfdb_component,false,true,true,false,false,false,true,No-Go
phase429_reprofile,decode_slope,K2.5-tp4ep8dp2-8k2k,docs/iter_gap_investigation/phase429_reprofile/K2.5-tp4ep8dp2-8k2k,,,,,,,,,dense_gemm,,4.706812,,,0.017480,1.516977,0.595460,0.357492,0.047048,0.000000,passed,37,103,8,52,44,passed,passed,prefill_serialization_bubble_unmodeled,decode_mla_attention_slope_dominates,phase429_reprofile_window_hits_attributed,apply_named_undercharge_or_bubble_fix,patch_or_recollect_named_perfdb_component,false,true,true,false,false,false,true,No-Go
phase429_reprofile,decode_slope,K2.5-tp4ep8dp2-8k2k,docs/iter_gap_investigation/phase429_reprofile/K2.5-tp4ep8dp2-8k2k,,,,,,,,,other_cuda,,1.970539,,,0.016603,1.516977,0.595460,0.357492,0.047048,0.000000,passed,37,103,8,52,44,passed,passed,prefill_serialization_bubble_unmodeled,decode_mla_attention_slope_dominates,phase429_reprofile_window_hits_attributed,apply_named_undercharge_or_bubble_fix,patch_or_recollect_named_perfdb_component,false,true,true,false,false,false,true,No-Go
phase429_reprofile,decode_slope,K2.5-tp4ep8dp2-8k2k,docs/iter_gap_investigation/phase429_reprofile/K2.5-tp4ep8dp2-8k2k,,,,,,,,,tp_or_dp_allreduce,,0.664403,,,0.010351,1.516977,0.595460,0.357492,0.047048,0.000000,passed,37,103,8,52,44,passed,passed,prefill_serialization_bubble_unmodeled,decode_mla_attention_slope_dominates,phase429_reprofile_window_hits_attributed,apply_named_undercharge_or_bubble_fix,patch_or_recollect_named_perfdb_component,false,true,true,false,false,false,true,No-Go
phase429_reprofile,decode_slope,K2.5-tp4ep8dp2-8k2k,docs/iter_gap_investigation/phase429_reprofile/K2.5-tp4ep8dp2-8k2k,,,,,,,,,memcpy_memset,,0.108530,,,0.002244,1.516977,0.595460,0.357492,0.047048,0.000000,passed,37,103,8,52,44,passed,passed,prefill_serialization_bubble_unmodeled,decode_mla_attention_slope_dominates,phase429_reprofile_window_hits_attributed,apply_named_undercharge_or_bubble_fix,patch_or_recollect_named_perfdb_component,false,true,true,false,false,false,true,No-Go
