scenario,entry_index,workload,total_ms,registered_charge_ms,valid_charge_ms,missing_source_charge_ms,unknown_source_charge_ms,unapproved_source_charge_ms,reconciliation_delta_ms,missing_details,unknown_details,unapproved_details,status
K2.5-tp8ep8-8k2k,0,"{""decode_batch_size"":0,""decode_kv_len"":0,""prefill_batch_size"":1,""prefill_seq_len"":8000,""prefill_tokens"":8000,""total_tokens"":8000}",183.20835133085475,183.20835133085475,183.20835133085475,0.0,0.0,0.0,0.0,[],[],[],PASS
K2.5-tp8ep8-8k2k,1,"{""decode_batch_size"":1,""decode_kv_len"":8192,""prefill_batch_size"":1,""prefill_seq_len"":8000,""prefill_tokens"":7999,""total_tokens"":8000}",306.1673934225679,306.1673934225679,306.1673934225679,0.0,0.0,0.0,0.0,[],[],[],PASS
K2.5-tp8ep8-8k2k,2,"{""decode_batch_size"":1,""decode_kv_len"":8192,""prefill_batch_size"":2,""prefill_seq_len"":8000,""prefill_tokens"":7999,""total_tokens"":8000}",306.1673934225679,306.1673934225679,306.1673934225679,0.0,0.0,0.0,0.0,[],[],[],PASS
K2.5-tp8ep8-8k2k,3,"{""decode_batch_size"":2,""decode_kv_len"":8192,""prefill_batch_size"":2,""prefill_seq_len"":8000,""prefill_tokens"":7998,""total_tokens"":8000}",305.3541450385512,305.3541450385512,305.3541450385512,0.0,0.0,0.0,0.0,[],[],[],PASS
K2.5-tp8ep8-8k2k,4,"{""decode_batch_size"":3,""decode_kv_len"":8192,""prefill_batch_size"":2,""prefill_seq_len"":8000,""prefill_tokens"":7997,""total_tokens"":8000}",305.68778308684676,305.68778308684676,305.68778308684676,0.0,0.0,0.0,0.0,[],[],[],PASS
K2.5-tp8ep8-8k2k,5,"{""decode_batch_size"":4,""decode_kv_len"":8192,""prefill_batch_size"":2,""prefill_seq_len"":8000,""prefill_tokens"":7996,""total_tokens"":8000}",306.02142113514225,306.02142113514225,306.02142113514225,0.0,0.0,0.0,0.0,[],[],[],PASS
K2.5-tp8ep8-8k2k,6,"{""decode_batch_size"":5,""decode_kv_len"":8192,""prefill_batch_size"":2,""prefill_seq_len"":8000,""prefill_tokens"":7995,""total_tokens"":8000}",306.0358635507031,306.0358635507031,306.0358635507031,0.0,0.0,0.0,0.0,[],[],[],PASS
K2.5-tp8ep8-8k2k,7,"{""decode_batch_size"":6,""decode_kv_len"":8192,""prefill_batch_size"":2,""prefill_seq_len"":8000,""prefill_tokens"":7994,""total_tokens"":8000}",306.05030596626403,306.05030596626403,306.05030596626403,0.0,0.0,0.0,0.0,[],[],[],PASS
K2.5-tp8ep8-8k2k,8,"{""decode_batch_size"":7,""decode_kv_len"":8192,""prefill_batch_size"":2,""prefill_seq_len"":8000,""prefill_tokens"":7993,""total_tokens"":8000}",306.0647483818249,306.0647483818249,306.0647483818249,0.0,0.0,0.0,0.0,[],[],[],PASS
K2.5-tp8ep8-8k2k,9,"{""decode_batch_size"":8,""decode_kv_len"":8192,""prefill_batch_size"":2,""prefill_seq_len"":8000,""prefill_tokens"":7992,""total_tokens"":8000}",306.07919079738576,306.07919079738576,306.07919079738576,0.0,0.0,0.0,0.0,[],[],[],PASS
K2.5-tp8ep8-8k2k,10,"{""decode_batch_size"":9,""decode_kv_len"":8192,""prefill_batch_size"":2,""prefill_seq_len"":8000,""prefill_tokens"":7991,""total_tokens"":8000}",306.209940597923,306.209940597923,306.209940597923,0.0,0.0,0.0,0.0,[],[],[],PASS
K2.5-tp8ep8-8k2k,11,"{""decode_batch_size"":10,""decode_kv_len"":8192,""prefill_batch_size"":2,""prefill_seq_len"":8000,""prefill_tokens"":7990,""total_tokens"":8000}",306.3406903984602,306.3406903984602,306.3406903984602,0.0,0.0,0.0,0.0,[],[],[],PASS
K2.5-tp8ep8-8k2k,12,"{""decode_batch_size"":11,""decode_kv_len"":8192,""prefill_batch_size"":2,""prefill_seq_len"":8000,""prefill_tokens"":7989,""total_tokens"":8000}",306.4714401989974,306.4714401989974,306.4714401989974,0.0,0.0,0.0,0.0,[],[],[],PASS
K2.5-tp8ep8-8k2k,13,"{""decode_batch_size"":12,""decode_kv_len"":8192,""prefill_batch_size"":2,""prefill_seq_len"":8000,""prefill_tokens"":7988,""total_tokens"":8000}",306.6021899995346,306.6021899995346,306.6021899995346,0.0,0.0,0.0,0.0,[],[],[],PASS
K2.5-tp8ep8-8k2k,14,"{""decode_batch_size"":13,""decode_kv_len"":8192,""prefill_batch_size"":2,""prefill_seq_len"":8000,""prefill_tokens"":7987,""total_tokens"":8000}",306.73293980007185,306.73293980007185,306.73293980007185,0.0,0.0,0.0,0.0,[],[],[],PASS
K2.5-tp8ep8-8k2k,15,"{""decode_batch_size"":14,""decode_kv_len"":8192,""prefill_batch_size"":2,""prefill_seq_len"":8000,""prefill_tokens"":7986,""total_tokens"":8000}",306.863689600609,306.863689600609,306.863689600609,0.0,0.0,0.0,0.0,[],[],[],PASS
K2.5-tp8ep8-8k2k,16,"{""decode_batch_size"":15,""decode_kv_len"":8192,""prefill_batch_size"":2,""prefill_seq_len"":8000,""prefill_tokens"":7985,""total_tokens"":8000}",306.99443940114617,306.99443940114617,306.99443940114617,0.0,0.0,0.0,0.0,[],[],[],PASS
K2.5-tp8ep8-8k2k,17,"{""decode_batch_size"":16,""decode_kv_len"":8192,""prefill_batch_size"":2,""prefill_seq_len"":8000,""prefill_tokens"":7984,""total_tokens"":8000}",307.1251892016833,307.1251892016833,307.1251892016833,0.0,0.0,0.0,0.0,[],[],[],PASS
K2.5-tp8ep8-8k2k,18,"{""decode_batch_size"":17,""decode_kv_len"":8192,""prefill_batch_size"":2,""prefill_seq_len"":8000,""prefill_tokens"":7983,""total_tokens"":8000}",307.297656746526,307.297656746526,307.297656746526,0.0,0.0,0.0,0.0,[],[],[],PASS
K2.5-tp8ep8-8k2k,19,"{""decode_batch_size"":18,""decode_kv_len"":8192,""prefill_batch_size"":2,""prefill_seq_len"":8000,""prefill_tokens"":7982,""total_tokens"":8000}",307.47012429136856,307.47012429136856,307.47012429136856,0.0,0.0,0.0,0.0,[],[],[],PASS
K2.5-tp8ep8-8k2k,20,"{""decode_batch_size"":19,""decode_kv_len"":8192,""prefill_batch_size"":2,""prefill_seq_len"":8000,""prefill_tokens"":7981,""total_tokens"":8000}",307.6425918362112,307.6425918362112,307.6425918362112,0.0,0.0,0.0,0.0,[],[],[],PASS
K2.5-tp8ep8-8k2k,21,"{""decode_batch_size"":20,""decode_kv_len"":8192,""prefill_batch_size"":2,""prefill_seq_len"":8000,""prefill_tokens"":7980,""total_tokens"":8000}",307.8150593810538,307.8150593810538,307.8150593810538,0.0,0.0,0.0,0.0,[],[],[],PASS
K2.5-tp8ep8-8k2k,22,"{""decode_batch_size"":21,""decode_kv_len"":8192,""prefill_batch_size"":2,""prefill_seq_len"":8000,""prefill_tokens"":7979,""total_tokens"":8000}",307.9875269258964,307.9875269258964,307.9875269258964,0.0,0.0,0.0,0.0,[],[],[],PASS
K2.5-tp8ep8-8k2k,23,"{""decode_batch_size"":22,""decode_kv_len"":8192,""prefill_batch_size"":2,""prefill_seq_len"":8000,""prefill_tokens"":7978,""total_tokens"":8000}",308.159994470739,308.159994470739,308.159994470739,0.0,0.0,0.0,0.0,[],[],[],PASS
K2.5-tp8ep8-8k2k,24,"{""decode_batch_size"":23,""decode_kv_len"":8192,""prefill_batch_size"":2,""prefill_seq_len"":8000,""prefill_tokens"":7977,""total_tokens"":8000}",308.3324620155816,308.3324620155816,308.3324620155816,0.0,0.0,0.0,0.0,[],[],[],PASS
K2.5-tp8ep8-8k2k,25,"{""decode_batch_size"":24,""decode_kv_len"":8192,""prefill_batch_size"":2,""prefill_seq_len"":8000,""prefill_tokens"":7976,""total_tokens"":8000}",308.5049295604242,308.5049295604242,308.5049295604242,0.0,0.0,0.0,0.0,[],[],[],PASS
K2.5-tp8ep8-8k2k,26,"{""decode_batch_size"":25,""decode_kv_len"":8192,""prefill_batch_size"":2,""prefill_seq_len"":8000,""prefill_tokens"":7975,""total_tokens"":8000}",308.6773971052668,308.6773971052668,308.6773971052668,0.0,0.0,0.0,0.0,[],[],[],PASS
K2.5-tp8ep8-8k2k,27,"{""decode_batch_size"":26,""decode_kv_len"":8192,""prefill_batch_size"":2,""prefill_seq_len"":8000,""prefill_tokens"":7974,""total_tokens"":8000}",308.8498646501094,308.8498646501094,308.8498646501094,0.0,0.0,0.0,0.0,[],[],[],PASS
K2.5-tp8ep8-8k2k,28,"{""decode_batch_size"":27,""decode_kv_len"":8192,""prefill_batch_size"":2,""prefill_seq_len"":8000,""prefill_tokens"":7973,""total_tokens"":8000}",309.02233219495196,309.02233219495196,309.02233219495196,0.0,0.0,0.0,0.0,[],[],[],PASS
K2.5-tp8ep8-8k2k,29,"{""decode_batch_size"":28,""decode_kv_len"":8192,""prefill_batch_size"":2,""prefill_seq_len"":8000,""prefill_tokens"":7972,""total_tokens"":8000}",309.1947997397946,309.1947997397946,309.1947997397946,0.0,0.0,0.0,0.0,[],[],[],PASS
K2.5-tp8ep8-8k2k,30,"{""decode_batch_size"":29,""decode_kv_len"":8192,""prefill_batch_size"":2,""prefill_seq_len"":8000,""prefill_tokens"":7971,""total_tokens"":8000}",309.36726728463714,309.36726728463714,309.36726728463714,0.0,0.0,0.0,0.0,[],[],[],PASS
K2.5-tp8ep8-8k2k,31,"{""decode_batch_size"":30,""decode_kv_len"":8192,""prefill_batch_size"":2,""prefill_seq_len"":8000,""prefill_tokens"":7970,""total_tokens"":8000}",309.5397348294798,309.5397348294798,309.5397348294798,0.0,0.0,0.0,0.0,[],[],[],PASS
K2.5-tp8ep8-8k2k,32,"{""decode_batch_size"":31,""decode_kv_len"":8192,""prefill_batch_size"":2,""prefill_seq_len"":8000,""prefill_tokens"":7969,""total_tokens"":8000}",309.7122023743224,309.7122023743224,309.7122023743224,0.0,0.0,0.0,0.0,[],[],[],PASS
K2.5-tp8ep8-8k2k,33,"{""decode_batch_size"":32,""decode_kv_len"":8192,""prefill_batch_size"":2,""prefill_seq_len"":8000,""prefill_tokens"":7968,""total_tokens"":8000}",309.88466991916493,309.88466991916493,309.88466991916493,0.0,0.0,0.0,0.0,[],[],[],PASS
K2.5-tp8ep8-8k2k,34,"{""decode_batch_size"":33,""decode_kv_len"":8192,""prefill_batch_size"":2,""prefill_seq_len"":8000,""prefill_tokens"":7967,""total_tokens"":8000}",310.0950655550464,310.0950655550464,310.0950655550464,0.0,0.0,0.0,0.0,[],[],[],PASS
K2.5-tp8ep8-8k2k,35,"{""decode_batch_size"":34,""decode_kv_len"":8192,""prefill_batch_size"":2,""prefill_seq_len"":8000,""prefill_tokens"":7966,""total_tokens"":8000}",310.30546119092776,310.30546119092776,310.30546119092776,0.0,0.0,0.0,0.0,[],[],[],PASS
K2.5-tp8ep8-8k2k,36,"{""decode_batch_size"":35,""decode_kv_len"":8192,""prefill_batch_size"":2,""prefill_seq_len"":8000,""prefill_tokens"":7965,""total_tokens"":8000}",310.5158568268091,310.5158568268091,310.5158568268091,0.0,0.0,0.0,0.0,[],[],[],PASS
K2.5-tp8ep8-8k2k,37,"{""decode_batch_size"":36,""decode_kv_len"":8192,""prefill_batch_size"":2,""prefill_seq_len"":8000,""prefill_tokens"":7964,""total_tokens"":8000}",310.7262524626906,310.7262524626906,310.7262524626906,0.0,0.0,0.0,0.0,[],[],[],PASS
K2.5-tp8ep8-8k2k,38,"{""decode_batch_size"":37,""decode_kv_len"":8192,""prefill_batch_size"":2,""prefill_seq_len"":8000,""prefill_tokens"":7963,""total_tokens"":8000}",310.93664809857194,310.93664809857194,310.93664809857194,0.0,0.0,0.0,0.0,[],[],[],PASS
K2.5-tp8ep8-8k2k,39,"{""decode_batch_size"":38,""decode_kv_len"":8192,""prefill_batch_size"":2,""prefill_seq_len"":8000,""prefill_tokens"":7962,""total_tokens"":8000}",311.14704373445335,311.14704373445335,311.14704373445335,0.0,0.0,0.0,0.0,[],[],[],PASS
K2.5-tp8ep8-8k2k,40,"{""decode_batch_size"":39,""decode_kv_len"":8192,""prefill_batch_size"":2,""prefill_seq_len"":8000,""prefill_tokens"":7961,""total_tokens"":8000}",311.3574393703347,311.3574393703347,311.3574393703347,0.0,0.0,0.0,0.0,[],[],[],PASS
K2.5-tp8ep8-8k2k,41,"{""decode_batch_size"":40,""decode_kv_len"":8192,""prefill_batch_size"":2,""prefill_seq_len"":8000,""prefill_tokens"":7960,""total_tokens"":8000}",311.5678350062161,311.5678350062161,311.5678350062161,0.0,0.0,0.0,0.0,[],[],[],PASS
K2.5-tp8ep8-8k2k,42,"{""decode_batch_size"":41,""decode_kv_len"":8192,""prefill_batch_size"":2,""prefill_seq_len"":8000,""prefill_tokens"":7959,""total_tokens"":8000}",311.7782306420975,311.7782306420975,311.7782306420975,0.0,0.0,0.0,0.0,[],[],[],PASS
K2.5-tp8ep8-8k2k,43,"{""decode_batch_size"":42,""decode_kv_len"":8192,""prefill_batch_size"":2,""prefill_seq_len"":8000,""prefill_tokens"":7958,""total_tokens"":8000}",311.9886262779789,311.9886262779789,311.9886262779789,0.0,0.0,0.0,0.0,[],[],[],PASS
K2.5-tp8ep8-8k2k,44,"{""decode_batch_size"":43,""decode_kv_len"":8192,""prefill_batch_size"":2,""prefill_seq_len"":8000,""prefill_tokens"":7957,""total_tokens"":8000}",312.1990219138603,312.1990219138603,312.1990219138603,0.0,0.0,0.0,0.0,[],[],[],PASS
K2.5-tp8ep8-8k2k,45,"{""decode_batch_size"":44,""decode_kv_len"":8192,""prefill_batch_size"":2,""prefill_seq_len"":8000,""prefill_tokens"":7956,""total_tokens"":8000}",312.4094175497417,312.4094175497417,312.4094175497417,0.0,0.0,0.0,0.0,[],[],[],PASS
K2.5-tp8ep8-8k2k,46,"{""decode_batch_size"":45,""decode_kv_len"":8192,""prefill_batch_size"":2,""prefill_seq_len"":8000,""prefill_tokens"":7955,""total_tokens"":8000}",312.61981318562306,312.61981318562306,312.61981318562306,0.0,0.0,0.0,0.0,[],[],[],PASS
K2.5-tp8ep8-8k2k,47,"{""decode_batch_size"":46,""decode_kv_len"":8192,""prefill_batch_size"":2,""prefill_seq_len"":8000,""prefill_tokens"":7954,""total_tokens"":8000}",312.8302088215045,312.8302088215045,312.8302088215045,0.0,0.0,0.0,0.0,[],[],[],PASS
K2.5-tp8ep8-8k2k,48,"{""decode_batch_size"":47,""decode_kv_len"":8192,""prefill_batch_size"":2,""prefill_seq_len"":8000,""prefill_tokens"":7953,""total_tokens"":8000}",313.0406044573859,313.0406044573859,313.0406044573859,0.0,0.0,0.0,0.0,[],[],[],PASS
K2.5-tp8ep8-8k2k,49,"{""decode_batch_size"":48,""decode_kv_len"":8192,""prefill_batch_size"":2,""prefill_seq_len"":8000,""prefill_tokens"":7952,""total_tokens"":8000}",313.2510000932673,313.2510000932673,313.2510000932673,0.0,0.0,0.0,0.0,[],[],[],PASS
K2.5-tp8ep8-8k2k,50,"{""decode_batch_size"":49,""decode_kv_len"":8192,""prefill_batch_size"":2,""prefill_seq_len"":8000,""prefill_tokens"":7951,""total_tokens"":8000}",313.4613957291487,313.4613957291487,313.4613957291487,0.0,0.0,0.0,0.0,[],[],[],PASS
K2.5-tp8ep8-8k2k,51,"{""decode_batch_size"":50,""decode_kv_len"":8192,""prefill_batch_size"":2,""prefill_seq_len"":8000,""prefill_tokens"":7950,""total_tokens"":8000}",313.6717913650301,313.6717913650301,313.6717913650301,0.0,0.0,0.0,0.0,[],[],[],PASS
K2.5-tp8ep8-8k2k,52,"{""decode_batch_size"":51,""decode_kv_len"":8192,""prefill_batch_size"":2,""prefill_seq_len"":8000,""prefill_tokens"":7949,""total_tokens"":8000}",313.8821870009115,313.8821870009115,313.8821870009115,0.0,0.0,0.0,0.0,[],[],[],PASS
K2.5-tp8ep8-8k2k,53,"{""decode_batch_size"":52,""decode_kv_len"":8192,""prefill_batch_size"":2,""prefill_seq_len"":8000,""prefill_tokens"":7948,""total_tokens"":8000}",314.09258263679277,314.09258263679277,314.09258263679277,0.0,0.0,0.0,0.0,[],[],[],PASS
K2.5-tp8ep8-8k2k,54,"{""decode_batch_size"":53,""decode_kv_len"":8192,""prefill_batch_size"":2,""prefill_seq_len"":8000,""prefill_tokens"":7947,""total_tokens"":8000}",314.30297827267424,314.30297827267424,314.30297827267424,0.0,0.0,0.0,0.0,[],[],[],PASS
K2.5-tp8ep8-8k2k,55,"{""decode_batch_size"":54,""decode_kv_len"":8192,""prefill_batch_size"":2,""prefill_seq_len"":8000,""prefill_tokens"":7946,""total_tokens"":8000}",314.5133739085556,314.5133739085556,314.5133739085556,0.0,0.0,0.0,0.0,[],[],[],PASS
K2.5-tp8ep8-8k2k,56,"{""decode_batch_size"":55,""decode_kv_len"":8192,""prefill_batch_size"":2,""prefill_seq_len"":8000,""prefill_tokens"":7945,""total_tokens"":8000}",314.723769544437,314.723769544437,314.723769544437,0.0,0.0,0.0,0.0,[],[],[],PASS
K2.5-tp8ep8-8k2k,57,"{""decode_batch_size"":56,""decode_kv_len"":8192,""prefill_batch_size"":2,""prefill_seq_len"":8000,""prefill_tokens"":7944,""total_tokens"":8000}",314.9341651803184,314.9341651803184,314.9341651803184,0.0,0.0,0.0,0.0,[],[],[],PASS
K2.5-tp8ep8-8k2k,58,"{""decode_batch_size"":57,""decode_kv_len"":8192,""prefill_batch_size"":2,""prefill_seq_len"":8000,""prefill_tokens"":7943,""total_tokens"":8000}",315.1445608161998,315.1445608161998,315.1445608161998,0.0,0.0,0.0,0.0,[],[],[],PASS
K2.5-tp8ep8-8k2k,59,"{""decode_batch_size"":58,""decode_kv_len"":8192,""prefill_batch_size"":2,""prefill_seq_len"":8000,""prefill_tokens"":7942,""total_tokens"":8000}",315.35495645208124,315.35495645208124,315.35495645208124,0.0,0.0,0.0,0.0,[],[],[],PASS
K2.5-tp8ep8-8k2k,60,"{""decode_batch_size"":59,""decode_kv_len"":8192,""prefill_batch_size"":2,""prefill_seq_len"":8000,""prefill_tokens"":7941,""total_tokens"":8000}",315.5653520879626,315.5653520879626,315.5653520879626,0.0,0.0,0.0,0.0,[],[],[],PASS
K2.5-tp8ep8-8k2k,61,"{""decode_batch_size"":60,""decode_kv_len"":8192,""prefill_batch_size"":2,""prefill_seq_len"":8000,""prefill_tokens"":7940,""total_tokens"":8000}",315.775747723844,315.775747723844,315.775747723844,0.0,0.0,0.0,0.0,[],[],[],PASS
K2.5-tp8ep8-8k2k,62,"{""decode_batch_size"":61,""decode_kv_len"":8192,""prefill_batch_size"":2,""prefill_seq_len"":8000,""prefill_tokens"":7939,""total_tokens"":8000}",315.98614335972536,315.98614335972536,315.98614335972536,0.0,0.0,0.0,0.0,[],[],[],PASS
K2.5-tp8ep8-8k2k,63,"{""decode_batch_size"":62,""decode_kv_len"":8192,""prefill_batch_size"":2,""prefill_seq_len"":8000,""prefill_tokens"":7938,""total_tokens"":8000}",316.1965389956068,316.1965389956068,316.1965389956068,0.0,0.0,0.0,0.0,[],[],[],PASS
K2.5-tp8ep8-8k2k,64,"{""decode_batch_size"":63,""decode_kv_len"":8192,""prefill_batch_size"":2,""prefill_seq_len"":8000,""prefill_tokens"":7937,""total_tokens"":8000}",316.4069346314882,316.4069346314882,316.4069346314882,0.0,0.0,0.0,0.0,[],[],[],PASS
K2.5-tp8ep8-8k2k,65,"{""decode_batch_size"":64,""decode_kv_len"":8192,""prefill_batch_size"":2,""prefill_seq_len"":8000,""prefill_tokens"":7936,""total_tokens"":8000}",316.61733026736954,316.61733026736954,316.61733026736954,0.0,0.0,0.0,0.0,[],[],[],PASS
K2.5-tp8ep8-8k2k,66,"{""decode_batch_size"":65,""decode_kv_len"":8192,""prefill_batch_size"":2,""prefill_seq_len"":8000,""prefill_tokens"":7935,""total_tokens"":8000}",316.82444420374406,316.82444420374406,316.82444420374406,0.0,0.0,0.0,0.0,[],[],[],PASS
K2.5-tp8ep8-8k2k,67,"{""decode_batch_size"":66,""decode_kv_len"":8192,""prefill_batch_size"":1,""prefill_seq_len"":8000,""prefill_tokens"":2146,""total_tokens"":2212}",125.0397504452605,125.0397504452605,125.0397504452605,0.0,0.0,0.0,0.0,[],[],[],PASS
K2.5-tp8ep8-8k2k,68,"{""decode_batch_size"":67,""decode_kv_len"":8192,""prefill_batch_size"":0,""prefill_seq_len"":8000,""prefill_tokens"":0,""total_tokens"":67}",31.767128362498944,31.767128362498944,31.767128362498944,0.0,0.0,0.0,0.0,[],[],[],PASS
K2.5-tp8ep8-8k2k,69,"{""decode_batch_size"":66,""decode_kv_len"":8192,""prefill_batch_size"":1,""prefill_seq_len"":8000,""prefill_tokens"":7934,""total_tokens"":8000}",317.0315581401186,317.0315581401186,317.0315581401186,0.0,0.0,0.0,0.0,[],[],[],PASS
K2.5-tp8ep8-8k2k,70,"{""decode_batch_size"":66,""decode_kv_len"":8192,""prefill_batch_size"":1,""prefill_seq_len"":8000,""prefill_tokens"":66,""total_tokens"":132}",41.782103079562546,41.782103079562546,41.782103079562546,0.0,0.0,0.0,0.0,[],[],[],PASS
K2.5-tp8ep8-8k2k,71,"{""decode_batch_size"":66,""decode_kv_len"":8192,""prefill_batch_size"":0,""prefill_seq_len"":8000,""prefill_tokens"":0,""total_tokens"":66}",31.51613487187757,31.51613487187757,31.51613487187757,0.0,0.0,0.0,0.0,[],[],[],PASS
K2.5-tp8ep8-8k2k,72,"{""decode_batch_size"":66,""decode_kv_len"":8704,""prefill_batch_size"":0,""prefill_seq_len"":8000,""prefill_tokens"":0,""total_tokens"":66}",32.39690184524267,32.39690184524267,32.39690184524267,0.0,0.0,0.0,0.0,[],[],[],PASS
K2.5-tp8ep8-8k2k,73,"{""decode_batch_size"":65,""decode_kv_len"":8704,""prefill_batch_size"":1,""prefill_seq_len"":8000,""prefill_tokens"":7935,""total_tokens"":8000}",317.6965958805423,317.6965958805423,317.6965958805423,0.0,0.0,0.0,0.0,[],[],[],PASS
K2.5-tp8ep8-8k2k,74,"{""decode_batch_size"":65,""decode_kv_len"":8704,""prefill_batch_size"":1,""prefill_seq_len"":8000,""prefill_tokens"":65,""total_tokens"":130}",42.345555861096535,42.345555861096535,42.345555861096535,0.0,0.0,0.0,0.0,[],[],[],PASS
K2.5-tp8ep8-8k2k,75,"{""decode_batch_size"":65,""decode_kv_len"":8704,""prefill_batch_size"":0,""prefill_seq_len"":8000,""prefill_tokens"":0,""total_tokens"":65}",32.13729305805443,32.13729305805443,32.13729305805443,0.0,0.0,0.0,0.0,[],[],[],PASS
K2.5-tp8ep8-8k2k,76,"{""decode_batch_size"":64,""decode_kv_len"":8704,""prefill_batch_size"":1,""prefill_seq_len"":8000,""prefill_tokens"":7936,""total_tokens"":8000}",317.4808666476009,317.4808666476009,317.4808666476009,0.0,0.0,0.0,0.0,[],[],[],PASS
K2.5-tp8ep8-8k2k,77,"{""decode_batch_size"":64,""decode_kv_len"":8704,""prefill_batch_size"":1,""prefill_seq_len"":8000,""prefill_tokens"":66,""total_tokens"":130}",42.13178888084696,42.13178888084696,42.13178888084696,0.0,0.0,0.0,0.0,[],[],[],PASS
K2.5-tp8ep8-8k2k,78,"{""decode_batch_size"":64,""decode_kv_len"":8704,""prefill_batch_size"":0,""prefill_seq_len"":8000,""prefill_tokens"":0,""total_tokens"":64}",31.8776842708662,31.8776842708662,31.8776842708662,0.0,0.0,0.0,0.0,[],[],[],PASS
K2.5-tp8ep8-8k2k,79,"{""decode_batch_size"":63,""decode_kv_len"":8704,""prefill_batch_size"":1,""prefill_seq_len"":8000,""prefill_tokens"":7937,""total_tokens"":8000}",317.2577290005908,317.2577290005908,317.2577290005908,0.0,0.0,0.0,0.0,[],[],[],PASS
K2.5-tp8ep8-8k2k,80,"{""decode_batch_size"":63,""decode_kv_len"":8704,""prefill_batch_size"":1,""prefill_seq_len"":8000,""prefill_tokens"":68,""total_tokens"":131}",41.96238709231935,41.96238709231935,41.96238709231935,0.0,0.0,0.0,0.0,[],[],[],PASS
K2.5-tp8ep8-8k2k,81,"{""decode_batch_size"":63,""decode_kv_len"":8704,""prefill_batch_size"":0,""prefill_seq_len"":8000,""prefill_tokens"":0,""total_tokens"":63}",31.573651232387085,31.573651232387085,31.573651232387085,0.0,0.0,0.0,0.0,[],[],[],PASS
K2.5-tp8ep8-8k2k,82,"{""decode_batch_size"":62,""decode_kv_len"":8704,""prefill_batch_size"":1,""prefill_seq_len"":8000,""prefill_tokens"":7938,""total_tokens"":8000}",317.03459135358065,317.03459135358065,317.03459135358065,0.0,0.0,0.0,0.0,[],[],[],PASS
K2.5-tp8ep8-8k2k,83,"{""decode_batch_size"":62,""decode_kv_len"":8704,""prefill_batch_size"":1,""prefill_seq_len"":8000,""prefill_tokens"":73,""total_tokens"":135}",41.94830612116403,41.94830612116403,41.94830612116403,0.0,0.0,0.0,0.0,[],[],[],PASS
K2.5-tp8ep8-8k2k,84,"{""decode_batch_size"":62,""decode_kv_len"":8704,""prefill_batch_size"":0,""prefill_seq_len"":8000,""prefill_tokens"":0,""total_tokens"":62}",31.310029471433094,31.310029471433094,31.310029471433094,0.0,0.0,0.0,0.0,[],[],[],PASS
K2.5-tp8ep8-8k2k,85,"{""decode_batch_size"":62,""decode_kv_len"":9216,""prefill_batch_size"":0,""prefill_seq_len"":8000,""prefill_tokens"":0,""total_tokens"":62}",32.148081829406934,32.148081829406934,32.148081829406934,0.0,0.0,0.0,0.0,[],[],[],PASS
K2.5-tp8ep8-8k2k,86,"{""decode_batch_size"":61,""decode_kv_len"":9216,""prefill_batch_size"":1,""prefill_seq_len"":8000,""prefill_tokens"":7939,""total_tokens"":8000}",317.6367640534155,317.6367640534155,317.6367640534155,0.0,0.0,0.0,0.0,[],[],[],PASS
K2.5-tp8ep8-8k2k,87,"{""decode_batch_size"":61,""decode_kv_len"":9216,""prefill_batch_size"":1,""prefill_seq_len"":8000,""prefill_tokens"":79,""total_tokens"":140}",42.829904013277385,42.829904013277385,42.829904013277385,0.0,0.0,0.0,0.0,[],[],[],PASS
K2.5-tp8ep8-8k2k,88,"{""decode_batch_size"":61,""decode_kv_len"":9216,""prefill_batch_size"":0,""prefill_seq_len"":8000,""prefill_tokens"":0,""total_tokens"":61}",31.87171805732418,31.87171805732418,31.87171805732418,0.0,0.0,0.0,0.0,[],[],[],PASS
K2.5-tp8ep8-8k2k,89,"{""decode_batch_size"":60,""decode_kv_len"":9216,""prefill_batch_size"":1,""prefill_seq_len"":8000,""prefill_tokens"":7940,""total_tokens"":8000}",317.40088439527665,317.40088439527665,317.40088439527665,0.0,0.0,0.0,0.0,[],[],[],PASS
K2.5-tp8ep8-8k2k,90,"{""decode_batch_size"":60,""decode_kv_len"":9216,""prefill_batch_size"":1,""prefill_seq_len"":8000,""prefill_tokens"":88,""total_tokens"":148}",43.01965345210016,43.01965345210016,43.01965345210016,0.0,0.0,0.0,0.0,[],[],[],PASS
K2.5-tp8ep8-8k2k,91,"{""decode_batch_size"":60,""decode_kv_len"":9216,""prefill_batch_size"":0,""prefill_seq_len"":8000,""prefill_tokens"":0,""total_tokens"":60}",31.59535428524143,31.59535428524143,31.59535428524143,0.0,0.0,0.0,0.0,[],[],[],PASS
K2.5-tp8ep8-8k2k,92,"{""decode_batch_size"":59,""decode_kv_len"":9216,""prefill_batch_size"":1,""prefill_seq_len"":8000,""prefill_tokens"":7941,""total_tokens"":8000}",317.1650047371377,317.1650047371377,317.1650047371377,0.0,0.0,0.0,0.0,[],[],[],PASS
K2.5-tp8ep8-8k2k,93,"{""decode_batch_size"":59,""decode_kv_len"":9216,""prefill_batch_size"":1,""prefill_seq_len"":8000,""prefill_tokens"":100,""total_tokens"":159}",43.27081847040538,43.27081847040538,43.27081847040538,0.0,0.0,0.0,0.0,[],[],[],PASS
K2.5-tp8ep8-8k2k,94,"{""decode_batch_size"":59,""decode_kv_len"":9216,""prefill_batch_size"":0,""prefill_seq_len"":8000,""prefill_tokens"":0,""total_tokens"":59}",31.31899051315867,31.31899051315867,31.31899051315867,0.0,0.0,0.0,0.0,[],[],[],PASS
K2.5-tp8ep8-8k2k,95,"{""decode_batch_size"":59,""decode_kv_len"":9728,""prefill_batch_size"":0,""prefill_seq_len"":8000,""prefill_tokens"":0,""total_tokens"":59}",32.11881683774621,32.11881683774621,32.11881683774621,0.0,0.0,0.0,0.0,[],[],[],PASS
K2.5-tp8ep8-8k2k,96,"{""decode_batch_size"":58,""decode_kv_len"":9728,""prefill_batch_size"":1,""prefill_seq_len"":8000,""prefill_tokens"":7942,""total_tokens"":8000}",317.71620939245753,317.71620939245753,317.71620939245753,0.0,0.0,0.0,0.0,[],[],[],PASS
K2.5-tp8ep8-8k2k,97,"{""decode_batch_size"":58,""decode_kv_len"":9728,""prefill_batch_size"":1,""prefill_seq_len"":8000,""prefill_tokens"":114,""total_tokens"":172}",44.361592372807955,44.361592372807955,44.361592372807955,0.0,0.0,0.0,0.0,[],[],[],PASS
K2.5-tp8ep8-8k2k,98,"{""decode_batch_size"":58,""decode_kv_len"":9728,""prefill_batch_size"":0,""prefill_seq_len"":8000,""prefill_tokens"":0,""total_tokens"":58}",31.82971105453468,31.82971105453468,31.82971105453468,0.0,0.0,0.0,0.0,[],[],[],PASS
K2.5-tp8ep8-8k2k,99,"{""decode_batch_size"":57,""decode_kv_len"":9728,""prefill_batch_size"":1,""prefill_seq_len"":8000,""prefill_tokens"":7943,""total_tokens"":8000}",317.4675877231898,317.4675877231898,317.4675877231898,0.0,0.0,0.0,0.0,[],[],[],PASS
K2.5-tp8ep8-8k2k,100,"{""decode_batch_size"":57,""decode_kv_len"":9728,""prefill_batch_size"":1,""prefill_seq_len"":8000,""prefill_tokens"":131,""total_tokens"":188}",46.25982832581024,46.25982832581024,46.25982832581024,0.0,0.0,0.0,0.0,[],[],[],PASS
K2.5-tp8ep8-8k2k,101,"{""decode_batch_size"":57,""decode_kv_len"":9728,""prefill_batch_size"":0,""prefill_seq_len"":8000,""prefill_tokens"":0,""total_tokens"":57}",31.54060527132315,31.54060527132315,31.54060527132315,0.0,0.0,0.0,0.0,[],[],[],PASS
K2.5-tp8ep8-8k2k,102,"{""decode_batch_size"":56,""decode_kv_len"":9728,""prefill_batch_size"":1,""prefill_seq_len"":8000,""prefill_tokens"":7944,""total_tokens"":8000}",317.2189660539221,317.2189660539221,317.2189660539221,0.0,0.0,0.0,0.0,[],[],[],PASS
K2.5-tp8ep8-8k2k,103,"{""decode_batch_size"":56,""decode_kv_len"":9728,""prefill_batch_size"":1,""prefill_seq_len"":8000,""prefill_tokens"":150,""total_tokens"":206}",46.490059639229536,46.490059639229536,46.490059639229536,0.0,0.0,0.0,0.0,[],[],[],PASS
K2.5-tp8ep8-8k2k,104,"{""decode_batch_size"":56,""decode_kv_len"":9728,""prefill_batch_size"":0,""prefill_seq_len"":8000,""prefill_tokens"":0,""total_tokens"":56}",31.251499488111627,31.251499488111627,31.251499488111627,0.0,0.0,0.0,0.0,[],[],[],PASS
K2.5-tp8ep8-8k2k,105,"{""decode_batch_size"":56,""decode_kv_len"":10240,""prefill_batch_size"":0,""prefill_seq_len"":8000,""prefill_tokens"":0,""total_tokens"":56}",32.013099779312846,32.013099779312846,32.013099779312846,0.0,0.0,0.0,0.0,[],[],[],PASS
K2.5-tp8ep8-8k2k,106,"{""decode_batch_size"":55,""decode_kv_len"":10240,""prefill_batch_size"":1,""prefill_seq_len"":8000,""prefill_tokens"":7945,""total_tokens"":8000}",317.7192026647268,317.7192026647268,317.7192026647268,0.0,0.0,0.0,0.0,[],[],[],PASS
K2.5-tp8ep8-8k2k,107,"{""decode_batch_size"":55,""decode_kv_len"":10240,""prefill_batch_size"":1,""prefill_seq_len"":8000,""prefill_tokens"":172,""total_tokens"":227}",48.345321566586215,48.345321566586215,48.345321566586215,0.0,0.0,0.0,0.0,[],[],[],PASS
K2.5-tp8ep8-8k2k,108,"{""decode_batch_size"":55,""decode_kv_len"":10240,""prefill_batch_size"":0,""prefill_seq_len"":8000,""prefill_tokens"":0,""total_tokens"":55}",31.670840707447432,31.670840707447432,31.670840707447432,0.0,0.0,0.0,0.0,[],[],[],PASS
K2.5-tp8ep8-8k2k,109,"{""decode_batch_size"":54,""decode_kv_len"":10240,""prefill_batch_size"":1,""prefill_seq_len"":8000,""prefill_tokens"":7946,""total_tokens"":8000}",317.45783898433035,317.45783898433035,317.45783898433035,0.0,0.0,0.0,0.0,[],[],[],PASS
K2.5-tp8ep8-8k2k,110,"{""decode_batch_size"":54,""decode_kv_len"":10240,""prefill_batch_size"":1,""prefill_seq_len"":8000,""prefill_tokens"":197,""total_tokens"":251}",50.29538001850343,50.29538001850343,50.29538001850343,0.0,0.0,0.0,0.0,[],[],[],PASS
K2.5-tp8ep8-8k2k,111,"{""decode_batch_size"":54,""decode_kv_len"":10240,""prefill_batch_size"":0,""prefill_seq_len"":8000,""prefill_tokens"":0,""total_tokens"":54}",31.368992913107135,31.368992913107135,31.368992913107135,0.0,0.0,0.0,0.0,[],[],[],PASS
K2.5-tp8ep8-8k2k,112,"{""decode_batch_size"":53,""decode_kv_len"":10240,""prefill_batch_size"":1,""prefill_seq_len"":8000,""prefill_tokens"":7947,""total_tokens"":8000}",317.19647530393394,317.19647530393394,317.19647530393394,0.0,0.0,0.0,0.0,[],[],[],PASS
K2.5-tp8ep8-8k2k,113,"{""decode_batch_size"":53,""decode_kv_len"":10240,""prefill_batch_size"":1,""prefill_seq_len"":8000,""prefill_tokens"":226,""total_tokens"":279}",51.39263087515082,51.39263087515082,51.39263087515082,0.0,0.0,0.0,0.0,[],[],[],PASS
K2.5-tp8ep8-8k2k,114,"{""decode_batch_size"":52,""decode_kv_len"":10240,""prefill_batch_size"":2,""prefill_seq_len"":8000,""prefill_tokens"":7948,""total_tokens"":8000}",316.93511162353735,316.93511162353735,316.93511162353735,0.0,0.0,0.0,0.0,[],[],[],PASS
K2.5-tp8ep8-8k2k,115,"{""decode_batch_size"":52,""decode_kv_len"":10240,""prefill_batch_size"":1,""prefill_seq_len"":8000,""prefill_tokens"":7948,""total_tokens"":8000}",316.93511162353735,316.93511162353735,316.93511162353735,0.0,0.0,0.0,0.0,[],[],[],PASS
K2.5-tp8ep8-8k2k,116,"{""decode_batch_size"":51,""decode_kv_len"":10240,""prefill_batch_size"":2,""prefill_seq_len"":8000,""prefill_tokens"":7949,""total_tokens"":8000}",316.673747943141,316.673747943141,316.673747943141,0.0,0.0,0.0,0.0,[],[],[],PASS
K2.5-tp8ep8-8k2k,117,"{""decode_batch_size"":51,""decode_kv_len"":9728,""prefill_batch_size"":2,""prefill_seq_len"":8000,""prefill_tokens"":7949,""total_tokens"":8000}",315.9758577075836,315.9758577075836,315.9758577075836,0.0,0.0,0.0,0.0,[],[],[],PASS
K2.5-tp8ep8-8k2k,118,"{""decode_batch_size"":51,""decode_kv_len"":9216,""prefill_batch_size"":2,""prefill_seq_len"":8000,""prefill_tokens"":7949,""total_tokens"":8000}",315.27796747202626,315.27796747202626,315.27796747202626,0.0,0.0,0.0,0.0,[],[],[],PASS
K2.5-tp8ep8-8k2k,119,"{""decode_batch_size"":51,""decode_kv_len"":8704,""prefill_batch_size"":2,""prefill_seq_len"":8000,""prefill_tokens"":7949,""total_tokens"":8000}",314.58007723646887,314.58007723646887,314.58007723646887,0.0,0.0,0.0,0.0,[],[],[],PASS
K2.5-tp8ep8-8k2k,120,"{""decode_batch_size"":52,""decode_kv_len"":8704,""prefill_batch_size"":2,""prefill_seq_len"":8000,""prefill_tokens"":7948,""total_tokens"":8000}",314.8032148834789,314.8032148834789,314.8032148834789,0.0,0.0,0.0,0.0,[],[],[],PASS
K2.5-tp8ep8-8k2k,121,"{""decode_batch_size"":53,""decode_kv_len"":8704,""prefill_batch_size"":2,""prefill_seq_len"":8000,""prefill_tokens"":7947,""total_tokens"":8000}",315.0263525304892,315.0263525304892,315.0263525304892,0.0,0.0,0.0,0.0,[],[],[],PASS
K2.5-tp8ep8-8k2k,122,"{""decode_batch_size"":54,""decode_kv_len"":8704,""prefill_batch_size"":2,""prefill_seq_len"":8000,""prefill_tokens"":7946,""total_tokens"":8000}",315.2494901774993,315.2494901774993,315.2494901774993,0.0,0.0,0.0,0.0,[],[],[],PASS
K2.5-tp8ep8-8k2k,123,"{""decode_batch_size"":55,""decode_kv_len"":8704,""prefill_batch_size"":2,""prefill_seq_len"":8000,""prefill_tokens"":7945,""total_tokens"":8000}",315.47262782450946,315.47262782450946,315.47262782450946,0.0,0.0,0.0,0.0,[],[],[],PASS
K2.5-tp8ep8-8k2k,124,"{""decode_batch_size"":56,""decode_kv_len"":8704,""prefill_batch_size"":2,""prefill_seq_len"":8000,""prefill_tokens"":7944,""total_tokens"":8000}",315.6957654715197,315.6957654715197,315.6957654715197,0.0,0.0,0.0,0.0,[],[],[],PASS
K2.5-tp8ep8-8k2k,125,"{""decode_batch_size"":57,""decode_kv_len"":8704,""prefill_batch_size"":2,""prefill_seq_len"":8000,""prefill_tokens"":7943,""total_tokens"":8000}",315.91890311852984,315.91890311852984,315.91890311852984,0.0,0.0,0.0,0.0,[],[],[],PASS
K2.5-tp8ep8-8k2k,126,"{""decode_batch_size"":58,""decode_kv_len"":8704,""prefill_batch_size"":2,""prefill_seq_len"":8000,""prefill_tokens"":7942,""total_tokens"":8000}",316.14204076554,316.14204076554,316.14204076554,0.0,0.0,0.0,0.0,[],[],[],PASS
K2.5-tp8ep8-8k2k,127,"{""decode_batch_size"":59,""decode_kv_len"":8704,""prefill_batch_size"":2,""prefill_seq_len"":8000,""prefill_tokens"":7941,""total_tokens"":8000}",316.36517841255016,316.36517841255016,316.36517841255016,0.0,0.0,0.0,0.0,[],[],[],PASS
K2.5-tp8ep8-8k2k,128,"{""decode_batch_size"":60,""decode_kv_len"":8704,""prefill_batch_size"":2,""prefill_seq_len"":8000,""prefill_tokens"":7940,""total_tokens"":8000}",316.5883160595603,316.5883160595603,316.5883160595603,0.0,0.0,0.0,0.0,[],[],[],PASS
K2.5-tp8ep8-8k2k,129,"{""decode_batch_size"":61,""decode_kv_len"":8704,""prefill_batch_size"":2,""prefill_seq_len"":8000,""prefill_tokens"":7939,""total_tokens"":8000}",316.81145370657043,316.81145370657043,316.81145370657043,0.0,0.0,0.0,0.0,[],[],[],PASS
K2.5-tp8ep8-8k2k,130,"{""decode_batch_size"":62,""decode_kv_len"":8704,""prefill_batch_size"":2,""prefill_seq_len"":8000,""prefill_tokens"":7938,""total_tokens"":8000}",317.03459135358065,317.03459135358065,317.03459135358065,0.0,0.0,0.0,0.0,[],[],[],PASS
K2.5-tp8ep8-8k2k,131,"{""decode_batch_size"":63,""decode_kv_len"":8704,""prefill_batch_size"":2,""prefill_seq_len"":8000,""prefill_tokens"":7937,""total_tokens"":8000}",317.2577290005908,317.2577290005908,317.2577290005908,0.0,0.0,0.0,0.0,[],[],[],PASS
K2.5-tp8ep8-8k2k,132,"{""decode_batch_size"":64,""decode_kv_len"":8704,""prefill_batch_size"":2,""prefill_seq_len"":8000,""prefill_tokens"":7936,""total_tokens"":8000}",317.4808666476009,317.4808666476009,317.4808666476009,0.0,0.0,0.0,0.0,[],[],[],PASS
K2.5-tp8ep8-8k2k,133,"{""decode_batch_size"":65,""decode_kv_len"":8704,""prefill_batch_size"":1,""prefill_seq_len"":8000,""prefill_tokens"":7802,""total_tokens"":7867}",313.1782203516129,313.1782203516129,313.1782203516129,0.0,0.0,0.0,0.0,[],[],[],PASS
K2.5-tp8ep8-8k2k,134,"{""decode_batch_size"":64,""decode_kv_len"":8704,""prefill_batch_size"":1,""prefill_seq_len"":8000,""prefill_tokens"":64,""total_tokens"":128}",42.02824166926542,42.02824166926542,42.02824166926542,0.0,0.0,0.0,0.0,[],[],[],PASS
K2.5-tp8ep8-8k2k,135,"{""decode_batch_size"":64,""decode_kv_len"":8704,""prefill_batch_size"":1,""prefill_seq_len"":8000,""prefill_tokens"":326,""total_tokens"":390}",58.900835027305675,58.900835027305675,58.900835027305675,0.0,0.0,0.0,0.0,[],[],[],PASS
K2.5-tp8ep8-8k2k,136,"{""decode_batch_size"":64,""decode_kv_len"":8704,""prefill_batch_size"":1,""prefill_seq_len"":8000,""prefill_tokens"":98,""total_tokens"":162}",43.686575613265994,43.686575613265994,43.686575613265994,0.0,0.0,0.0,0.0,[],[],[],PASS
K2.5-tp8ep8-8k2k,137,"{""decode_batch_size"":63,""decode_kv_len"":8704,""prefill_batch_size"":1,""prefill_seq_len"":8000,""prefill_tokens"":98,""total_tokens"":161}",43.42768975443772,43.42768975443772,43.42768975443772,0.0,0.0,0.0,0.0,[],[],[],PASS
K2.5-tp8ep8-8k2k,138,"{""decode_batch_size"":62,""decode_kv_len"":8704,""prefill_batch_size"":1,""prefill_seq_len"":8000,""prefill_tokens"":97,""total_tokens"":159}",43.124994106253766,43.124994106253766,43.124994106253766,0.0,0.0,0.0,0.0,[],[],[],PASS
K2.5-tp8ep8-8k2k,139,"{""decode_batch_size"":61,""decode_kv_len"":8704,""prefill_batch_size"":1,""prefill_seq_len"":8000,""prefill_tokens"":7939,""total_tokens"":8000}",316.81145370657043,316.81145370657043,316.81145370657043,0.0,0.0,0.0,0.0,[],[],[],PASS
K2.5-tp8ep8-8k2k,140,"{""decode_batch_size"":61,""decode_kv_len"":8704,""prefill_batch_size"":1,""prefill_seq_len"":8000,""prefill_tokens"":200,""total_tokens"":261}",50.07453689119405,50.07453689119405,50.07453689119405,0.0,0.0,0.0,0.0,[],[],[],PASS
K2.5-tp8ep8-8k2k,141,"{""decode_batch_size"":61,""decode_kv_len"":9216,""prefill_batch_size"":1,""prefill_seq_len"":8000,""prefill_tokens"":222,""total_tokens"":283}",51.95071668805599,51.95071668805599,51.95071668805599,0.0,0.0,0.0,0.0,[],[],[],PASS
K2.5-tp8ep8-8k2k,142,"{""decode_batch_size"":60,""decode_kv_len"":9216,""prefill_batch_size"":1,""prefill_seq_len"":8000,""prefill_tokens"":221,""total_tokens"":281}",51.62846220721525,51.62846220721525,51.62846220721525,0.0,0.0,0.0,0.0,[],[],[],PASS
K2.5-tp8ep8-8k2k,143,"{""decode_batch_size"":59,""decode_kv_len"":9216,""prefill_batch_size"":1,""prefill_seq_len"":8000,""prefill_tokens"":320,""total_tokens"":379}",58.08661261973932,58.08661261973932,58.08661261973932,0.0,0.0,0.0,0.0,[],[],[],PASS
K2.5-tp8ep8-8k2k,144,"{""decode_batch_size"":59,""decode_kv_len"":9216,""prefill_batch_size"":1,""prefill_seq_len"":8000,""prefill_tokens"":345,""total_tokens"":404}",59.36178585272353,59.36178585272353,59.36178585272353,0.0,0.0,0.0,0.0,[],[],[],PASS
K2.5-tp8ep8-8k2k,145,"{""decode_batch_size"":58,""decode_kv_len"":9216,""prefill_batch_size"":1,""prefill_seq_len"":8000,""prefill_tokens"":7942,""total_tokens"":8000}",316.92912507899877,316.92912507899877,316.92912507899877,0.0,0.0,0.0,0.0,[],[],[],PASS
K2.5-tp8ep8-8k2k,146,"{""decode_batch_size"":58,""decode_kv_len"":9216,""prefill_batch_size"":2,""prefill_seq_len"":8000,""prefill_tokens"":7942,""total_tokens"":8000}",316.92912507899877,316.92912507899877,316.92912507899877,0.0,0.0,0.0,0.0,[],[],[],PASS
K2.5-tp8ep8-8k2k,147,"{""decode_batch_size"":59,""decode_kv_len"":9216,""prefill_batch_size"":1,""prefill_seq_len"":8000,""prefill_tokens"":799,""total_tokens"":858}",76.31632674241894,76.31632674241894,76.31632674241894,0.0,0.0,0.0,0.0,[],[],[],PASS
K2.5-tp8ep8-8k2k,148,"{""decode_batch_size"":59,""decode_kv_len"":9216,""prefill_batch_size"":1,""prefill_seq_len"":8000,""prefill_tokens"":267,""total_tokens"":326}",53.9009509604845,53.9009509604845,53.9009509604845,0.0,0.0,0.0,0.0,[],[],[],PASS
K2.5-tp8ep8-8k2k,149,"{""decode_batch_size"":58,""decode_kv_len"":9728,""prefill_batch_size"":1,""prefill_seq_len"":8000,""prefill_tokens"":267,""total_tokens"":325}",54.41319855519309,54.41319855519309,54.41319855519309,0.0,0.0,0.0,0.0,[],[],[],PASS
K2.5-tp8ep8-8k2k,150,"{""decode_batch_size"":57,""decode_kv_len"":9728,""prefill_batch_size"":1,""prefill_seq_len"":8000,""prefill_tokens"":307,""total_tokens"":364}",57.28225459163444,57.28225459163444,57.28225459163444,0.0,0.0,0.0,0.0,[],[],[],PASS
K2.5-tp8ep8-8k2k,151,"{""decode_batch_size"":56,""decode_kv_len"":9728,""prefill_batch_size"":1,""prefill_seq_len"":8000,""prefill_tokens"":379,""total_tokens"":435}",61.025301375279824,61.025301375279824,61.025301375279824,0.0,0.0,0.0,0.0,[],[],[],PASS
K2.5-tp8ep8-8k2k,152,"{""decode_batch_size"":55,""decode_kv_len"":9728,""prefill_batch_size"":1,""prefill_seq_len"":8000,""prefill_tokens"":7945,""total_tokens"":8000}",316.97034438465437,316.97034438465437,316.97034438465437,0.0,0.0,0.0,0.0,[],[],[],PASS
K2.5-tp8ep8-8k2k,153,"{""decode_batch_size"":55,""decode_kv_len"":9728,""prefill_batch_size"":2,""prefill_seq_len"":8000,""prefill_tokens"":7945,""total_tokens"":8000}",316.97034438465437,316.97034438465437,316.97034438465437,0.0,0.0,0.0,0.0,[],[],[],PASS
K2.5-tp8ep8-8k2k,154,"{""decode_batch_size"":56,""decode_kv_len"":9728,""prefill_batch_size"":1,""prefill_seq_len"":8000,""prefill_tokens"":955,""total_tokens"":1011}",82.27093075809958,82.27093075809958,82.27093075809958,0.0,0.0,0.0,0.0,[],[],[],PASS
K2.5-tp8ep8-8k2k,155,"{""decode_batch_size"":56,""decode_kv_len"":9728,""prefill_batch_size"":1,""prefill_seq_len"":8000,""prefill_tokens"":56,""total_tokens"":112}",40.99965511146831,40.99965511146831,40.99965511146831,0.0,0.0,0.0,0.0,[],[],[],PASS
K2.5-tp8ep8-8k2k,156,"{""decode_batch_size"":55,""decode_kv_len"":9728,""prefill_batch_size"":1,""prefill_seq_len"":8000,""prefill_tokens"":60,""total_tokens"":115}",40.89969269220222,40.89969269220222,40.89969269220222,0.0,0.0,0.0,0.0,[],[],[],PASS
K2.5-tp8ep8-8k2k,157,"{""decode_batch_size"":55,""decode_kv_len"":9728,""prefill_batch_size"":1,""prefill_seq_len"":8000,""prefill_tokens"":496,""total_tokens"":551}",65.06728141206733,65.06728141206733,65.06728141206733,0.0,0.0,0.0,0.0,[],[],[],PASS
K2.5-tp8ep8-8k2k,158,"{""decode_batch_size"":55,""decode_kv_len"":10240,""prefill_batch_size"":1,""prefill_seq_len"":8000,""prefill_tokens"":55,""total_tokens"":110}",41.404055976758286,41.404055976758286,41.404055976758286,0.0,0.0,0.0,0.0,[],[],[],PASS
K2.5-tp8ep8-8k2k,159,"{""decode_batch_size"":54,""decode_kv_len"":10240,""prefill_batch_size"":2,""prefill_seq_len"":8000,""prefill_tokens"":7946,""total_tokens"":8000}",317.45783898433035,317.45783898433035,317.45783898433035,0.0,0.0,0.0,0.0,[],[],[],PASS
K2.5-tp8ep8-8k2k,160,"{""decode_batch_size"":55,""decode_kv_len"":10240,""prefill_batch_size"":1,""prefill_seq_len"":8000,""prefill_tokens"":601,""total_tokens"":656}",69.82087547873701,69.82087547873701,69.82087547873701,0.0,0.0,0.0,0.0,[],[],[],PASS
K2.5-tp8ep8-8k2k,161,"{""decode_batch_size"":53,""decode_kv_len"":10240,""prefill_batch_size"":2,""prefill_seq_len"":8000,""prefill_tokens"":7947,""total_tokens"":8000}",317.19647530393394,317.19647530393394,317.19647530393394,0.0,0.0,0.0,0.0,[],[],[],PASS
K2.5-tp8ep8-8k2k,162,"{""decode_batch_size"":53,""decode_kv_len"":9728,""prefill_batch_size"":2,""prefill_seq_len"":8000,""prefill_tokens"":7947,""total_tokens"":8000}",316.473101046119,316.473101046119,316.473101046119,0.0,0.0,0.0,0.0,[],[],[],PASS
K2.5-tp8ep8-8k2k,163,"{""decode_batch_size"":53,""decode_kv_len"":9216,""prefill_batch_size"":2,""prefill_seq_len"":8000,""prefill_tokens"":7947,""total_tokens"":8000}",315.7497267883041,315.7497267883041,315.7497267883041,0.0,0.0,0.0,0.0,[],[],[],PASS
K2.5-tp8ep8-8k2k,164,"{""decode_batch_size"":66,""decode_kv_len"":8192,""prefill_batch_size"":1,""prefill_seq_len"":8000,""prefill_tokens"":3913,""total_tokens"":3979}",180.45379630957117,180.45379630957117,180.45379630957117,0.0,0.0,0.0,0.0,[],[],[],PASS
K2.5-tp8ep8-8k2k,165,"{""decode_batch_size"":64,""decode_kv_len"":8704,""prefill_batch_size"":1,""prefill_seq_len"":8000,""prefill_tokens"":65,""total_tokens"":129}",42.0800152750562,42.0800152750562,42.0800152750562,0.0,0.0,0.0,0.0,[],[],[],PASS
K2.5-tp8ep8-8k2k,166,"{""decode_batch_size"":63,""decode_kv_len"":8704,""prefill_batch_size"":1,""prefill_seq_len"":8000,""prefill_tokens"":67,""total_tokens"":130}",41.910613486528575,41.910613486528575,41.910613486528575,0.0,0.0,0.0,0.0,[],[],[],PASS
K2.5-tp8ep8-8k2k,167,"{""decode_batch_size"":62,""decode_kv_len"":8704,""prefill_batch_size"":1,""prefill_seq_len"":8000,""prefill_tokens"":72,""total_tokens"":134}",41.896532515373266,41.896532515373266,41.896532515373266,0.0,0.0,0.0,0.0,[],[],[],PASS
K2.5-tp8ep8-8k2k,168,"{""decode_batch_size"":61,""decode_kv_len"":9216,""prefill_batch_size"":1,""prefill_seq_len"":8000,""prefill_tokens"":77,""total_tokens"":138}",42.72000732001635,42.72000732001635,42.72000732001635,0.0,0.0,0.0,0.0,[],[],[],PASS
K2.5-tp8ep8-8k2k,169,"{""decode_batch_size"":61,""decode_kv_len"":9216,""prefill_batch_size"":1,""prefill_seq_len"":8000,""prefill_tokens"":785,""total_tokens"":846}",76.31833922553197,76.31833922553197,76.31833922553197,0.0,0.0,0.0,0.0,[],[],[],PASS
K2.5-tp8ep8-8k2k,170,"{""decode_batch_size"":61,""decode_kv_len"":9216,""prefill_batch_size"":1,""prefill_seq_len"":8000,""prefill_tokens"":646,""total_tokens"":707}",71.52342847702194,71.52342847702194,71.52342847702194,0.0,0.0,0.0,0.0,[],[],[],PASS
K2.5-tp8ep8-8k2k,171,"{""decode_batch_size"":59,""decode_kv_len"":9216,""prefill_batch_size"":1,""prefill_seq_len"":8000,""prefill_tokens"":249,""total_tokens"":308}",52.69723800996013,52.69723800996013,52.69723800996013,0.0,0.0,0.0,0.0,[],[],[],PASS
K2.5-tp8ep8-8k2k,172,"{""decode_batch_size"":58,""decode_kv_len"":9216,""prefill_batch_size"":1,""prefill_seq_len"":8000,""prefill_tokens"":260,""total_tokens"":318}",53.07459835230064,53.07459835230064,53.07459835230064,0.0,0.0,0.0,0.0,[],[],[],PASS
K2.5-tp8ep8-8k2k,173,"{""decode_batch_size"":57,""decode_kv_len"":9728,""prefill_batch_size"":1,""prefill_seq_len"":8000,""prefill_tokens"":311,""total_tokens"":368}",57.59887825099892,57.59887825099892,57.59887825099892,0.0,0.0,0.0,0.0,[],[],[],PASS
K2.5-tp8ep8-8k2k,174,"{""decode_batch_size"":56,""decode_kv_len"":9728,""prefill_batch_size"":1,""prefill_seq_len"":8000,""prefill_tokens"":327,""total_tokens"":383}",58.39226104198252,58.39226104198252,58.39226104198252,0.0,0.0,0.0,0.0,[],[],[],PASS
K2.5-tp8ep8-8k2k,175,"{""decode_batch_size"":55,""decode_kv_len"":10240,""prefill_batch_size"":1,""prefill_seq_len"":8000,""prefill_tokens"":427,""total_tokens"":482}",63.266487996382104,63.266487996382104,63.266487996382104,0.0,0.0,0.0,0.0,[],[],[],PASS
K2.5-tp8ep8-8k2k,176,"{""decode_batch_size"":54,""decode_kv_len"":10240,""prefill_batch_size"":1,""prefill_seq_len"":8000,""prefill_tokens"":460,""total_tokens"":514}",64.14374342116565,64.14374342116565,64.14374342116565,0.0,0.0,0.0,0.0,[],[],[],PASS
K2.5-tp8ep8-8k2k,177,"{""decode_batch_size"":53,""decode_kv_len"":10240,""prefill_batch_size"":1,""prefill_seq_len"":8000,""prefill_tokens"":551,""total_tokens"":604}",67.37365340533458,67.37365340533458,67.37365340533458,0.0,0.0,0.0,0.0,[],[],[],PASS
K2.5-tp8ep8-8k2k,178,"{""decode_batch_size"":52,""decode_kv_len"":9728,""prefill_batch_size"":2,""prefill_seq_len"":8000,""prefill_tokens"":7948,""total_tokens"":8000}",316.2244793768512,316.2244793768512,316.2244793768512,0.0,0.0,0.0,0.0,[],[],[],PASS
K2.5-tp8ep8-8k2k,179,"{""decode_batch_size"":52,""decode_kv_len"":9216,""prefill_batch_size"":2,""prefill_seq_len"":8000,""prefill_tokens"":7948,""total_tokens"":8000}",315.51384713016506,315.51384713016506,315.51384713016506,0.0,0.0,0.0,0.0,[],[],[],PASS
K2.5-tp8ep8-8k2k,180,"{""decode_batch_size"":61,""decode_kv_len"":8192,""prefill_batch_size"":1,""prefill_seq_len"":8000,""prefill_tokens"":7939,""total_tokens"":8000}",315.98614335972536,315.98614335972536,315.98614335972536,0.0,0.0,0.0,0.0,[],[],[],PASS
K2.5-tp8ep8-8k2k,181,"{""decode_batch_size"":66,""decode_kv_len"":8192,""prefill_batch_size"":1,""prefill_seq_len"":8000,""prefill_tokens"":344,""total_tokens"":410}",59.43605558673745,59.43605558673745,59.43605558673745,0.0,0.0,0.0,0.0,[],[],[],PASS
K2.5-tp8ep8-8k2k,182,"{""decode_batch_size"":65,""decode_kv_len"":8704,""prefill_batch_size"":1,""prefill_seq_len"":8000,""prefill_tokens"":96,""total_tokens"":161}",43.85628264732618,43.85628264732618,43.85628264732618,0.0,0.0,0.0,0.0,[],[],[],PASS
K2.5-tp8ep8-8k2k,183,"{""decode_batch_size"":64,""decode_kv_len"":8704,""prefill_batch_size"":1,""prefill_seq_len"":8000,""prefill_tokens"":95,""total_tokens"":159}",43.560995413211046,43.560995413211046,43.560995413211046,0.0,0.0,0.0,0.0,[],[],[],PASS
K2.5-tp8ep8-8k2k,184,"{""decode_batch_size"":63,""decode_kv_len"":8704,""prefill_batch_size"":1,""prefill_seq_len"":8000,""prefill_tokens"":95,""total_tokens"":158}",43.29918497037671,43.29918497037671,43.29918497037671,0.0,0.0,0.0,0.0,[],[],[],PASS
K2.5-tp8ep8-8k2k,185,"{""decode_batch_size"":62,""decode_kv_len"":8704,""prefill_batch_size"":1,""prefill_seq_len"":8000,""prefill_tokens"":709,""total_tokens"":771}",73.14631436081393,73.14631436081393,73.14631436081393,0.0,0.0,0.0,0.0,[],[],[],PASS
K2.5-tp8ep8-8k2k,186,"{""decode_batch_size"":62,""decode_kv_len"":8704,""prefill_batch_size"":1,""prefill_seq_len"":8000,""prefill_tokens"":473,""total_tokens"":535}",64.5320518031938,64.5320518031938,64.5320518031938,0.0,0.0,0.0,0.0,[],[],[],PASS
K2.5-tp8ep8-8k2k,187,"{""decode_batch_size"":60,""decode_kv_len"":9216,""prefill_batch_size"":1,""prefill_seq_len"":8000,""prefill_tokens"":243,""total_tokens"":303}",52.683247486252654,52.683247486252654,52.683247486252654,0.0,0.0,0.0,0.0,[],[],[],PASS
K2.5-tp8ep8-8k2k,188,"{""decode_batch_size"":59,""decode_kv_len"":9216,""prefill_batch_size"":1,""prefill_seq_len"":8000,""prefill_tokens"":251,""total_tokens"":310}",52.793522577233354,52.793522577233354,52.793522577233354,0.0,0.0,0.0,0.0,[],[],[],PASS
K2.5-tp8ep8-8k2k,189,"{""decode_batch_size"":58,""decode_kv_len"":9728,""prefill_batch_size"":1,""prefill_seq_len"":8000,""prefill_tokens"":375,""total_tokens"":433}",61.39396473589091,61.39396473589091,61.39396473589091,0.0,0.0,0.0,0.0,[],[],[],PASS
K2.5-tp8ep8-8k2k,190,"{""decode_batch_size"":57,""decode_kv_len"":9728,""prefill_batch_size"":1,""prefill_seq_len"":8000,""prefill_tokens"":386,""total_tokens"":443}",61.63472841411192,61.63472841411192,61.63472841411192,0.0,0.0,0.0,0.0,[],[],[],PASS
K2.5-tp8ep8-8k2k,191,"{""decode_batch_size"":57,""decode_kv_len"":9728,""prefill_batch_size"":1,""prefill_seq_len"":8000,""prefill_tokens"":1228,""total_tokens"":1285}",92.60413507999961,92.60413507999961,92.60413507999961,0.0,0.0,0.0,0.0,[],[],[],PASS
K2.5-tp8ep8-8k2k,192,"{""decode_batch_size"":57,""decode_kv_len"":9728,""prefill_batch_size"":1,""prefill_seq_len"":8000,""prefill_tokens"":907,""total_tokens"":964}",80.70657659663203,80.70657659663203,80.70657659663203,0.0,0.0,0.0,0.0,[],[],[],PASS
K2.5-tp8ep8-8k2k,193,"{""decode_batch_size"":56,""decode_kv_len"":9728,""prefill_batch_size"":1,""prefill_seq_len"":8000,""prefill_tokens"":910,""total_tokens"":966}",80.53889503171446,80.53889503171446,80.53889503171446,0.0,0.0,0.0,0.0,[],[],[],PASS
K2.5-tp8ep8-8k2k,194,"{""decode_batch_size"":56,""decode_kv_len"":9728,""prefill_batch_size"":1,""prefill_seq_len"":8000,""prefill_tokens"":1240,""total_tokens"":1296}",92.74064754412154,92.74064754412154,92.74064754412154,0.0,0.0,0.0,0.0,[],[],[],PASS
K2.5-tp8ep8-8k2k,195,"{""decode_batch_size"":56,""decode_kv_len"":9728,""prefill_batch_size"":1,""prefill_seq_len"":8000,""prefill_tokens"":468,""total_tokens"":524}",64.28872075715643,64.28872075715643,64.28872075715643,0.0,0.0,0.0,0.0,[],[],[],PASS
K2.5-tp8ep8-8k2k,196,"{""decode_batch_size"":55,""decode_kv_len"":9728,""prefill_batch_size"":1,""prefill_seq_len"":8000,""prefill_tokens"":480,""total_tokens"":535}",64.45772768337827,64.45772768337827,64.45772768337827,0.0,0.0,0.0,0.0,[],[],[],PASS
K2.5-tp8ep8-8k2k,197,"{""decode_batch_size"":55,""decode_kv_len"":10240,""prefill_batch_size"":1,""prefill_seq_len"":8000,""prefill_tokens"":1310,""total_tokens"":1365}",95.65609038620937,95.65609038620937,95.65609038620937,0.0,0.0,0.0,0.0,[],[],[],PASS
K2.5-tp8ep8-8k2k,198,"{""decode_batch_size"":55,""decode_kv_len"":10240,""prefill_batch_size"":1,""prefill_seq_len"":8000,""prefill_tokens"":602,""total_tokens"":657}",69.8557021667383,69.8557021667383,69.8557021667383,0.0,0.0,0.0,0.0,[],[],[],PASS
K2.5-tp8ep8-8k2k,199,"{""decode_batch_size"":54,""decode_kv_len"":10240,""prefill_batch_size"":1,""prefill_seq_len"":8000,""prefill_tokens"":612,""total_tokens"":666}",69.90630692476489,69.90630692476489,69.90630692476489,0.0,0.0,0.0,0.0,[],[],[],PASS
K2.5-tp8ep8-8k2k,200,"{""decode_batch_size"":66,""decode_kv_len"":8192,""prefill_batch_size"":1,""prefill_seq_len"":8000,""prefill_tokens"":5124,""total_tokens"":5190}",221.55836762455928,221.55836762455928,221.55836762455928,0.0,0.0,0.0,0.0,[],[],[],PASS
K2.5-tp8ep8-8k2k,201,"{""decode_batch_size"":63,""decode_kv_len"":8704,""prefill_batch_size"":1,""prefill_seq_len"":8000,""prefill_tokens"":65,""total_tokens"":128}",41.80706627494703,41.80706627494703,41.80706627494703,0.0,0.0,0.0,0.0,[],[],[],PASS
K2.5-tp8ep8-8k2k,202,"{""decode_batch_size"":62,""decode_kv_len"":8704,""prefill_batch_size"":1,""prefill_seq_len"":8000,""prefill_tokens"":68,""total_tokens"":130}",41.68943809221018,41.68943809221018,41.68943809221018,0.0,0.0,0.0,0.0,[],[],[],PASS
K2.5-tp8ep8-8k2k,203,"{""decode_batch_size"":61,""decode_kv_len"":9216,""prefill_batch_size"":1,""prefill_seq_len"":8000,""prefill_tokens"":603,""total_tokens"":664}",70.02588089296681,70.02588089296681,70.02588089296681,0.0,0.0,0.0,0.0,[],[],[],PASS
K2.5-tp8ep8-8k2k,204,"{""decode_batch_size"":61,""decode_kv_len"":9216,""prefill_batch_size"":1,""prefill_seq_len"":8000,""prefill_tokens"":469,""total_tokens"":530}",64.94229936982919,64.94229936982919,64.94229936982919,0.0,0.0,0.0,0.0,[],[],[],PASS
K2.5-tp8ep8-8k2k,205,"{""decode_batch_size"":60,""decode_kv_len"":9216,""prefill_batch_size"":1,""prefill_seq_len"":8000,""prefill_tokens"":470,""total_tokens"":530}",64.70498011870608,64.70498011870608,64.70498011870608,0.0,0.0,0.0,0.0,[],[],[],PASS
K2.5-tp8ep8-8k2k,206,"{""decode_batch_size"":58,""decode_kv_len"":9728,""prefill_batch_size"":1,""prefill_seq_len"":8000,""prefill_tokens"":541,""total_tokens"":599}",67.69423022741924,67.69423022741924,67.69423022741924,0.0,0.0,0.0,0.0,[],[],[],PASS
K2.5-tp8ep8-8k2k,207,"{""decode_batch_size"":58,""decode_kv_len"":9728,""prefill_batch_size"":1,""prefill_seq_len"":8000,""prefill_tokens"":1247,""total_tokens"":1305}",93.55266115095867,93.55266115095867,93.55266115095867,0.0,0.0,0.0,0.0,[],[],[],PASS
K2.5-tp8ep8-8k2k,208,"{""decode_batch_size"":58,""decode_kv_len"":9728,""prefill_batch_size"":1,""prefill_seq_len"":8000,""prefill_tokens"":507,""total_tokens"":565}",66.35082471142593,66.35082471142593,66.35082471142593,0.0,0.0,0.0,0.0,[],[],[],PASS
K2.5-tp8ep8-8k2k,209,"{""decode_batch_size"":57,""decode_kv_len"":9728,""prefill_batch_size"":1,""prefill_seq_len"":8000,""prefill_tokens"":517,""total_tokens"":574}",66.45966791572765,66.45966791572765,66.45966791572765,0.0,0.0,0.0,0.0,[],[],[],PASS
K2.5-tp8ep8-8k2k,210,"{""decode_batch_size"":56,""decode_kv_len"":9728,""prefill_batch_size"":1,""prefill_seq_len"":8000,""prefill_tokens"":600,""total_tokens"":656}",69.32211062152074,69.32211062152074,69.32211062152074,0.0,0.0,0.0,0.0,[],[],[],PASS
K2.5-tp8ep8-8k2k,211,"{""decode_batch_size"":55,""decode_kv_len"":9728,""prefill_batch_size"":1,""prefill_seq_len"":8000,""prefill_tokens"":602,""total_tokens"":657}",69.10684388666584,69.10684388666584,69.10684388666584,0.0,0.0,0.0,0.0,[],[],[],PASS
K2.5-tp8ep8-8k2k,212,"{""decode_batch_size"":54,""decode_kv_len"":10240,""prefill_batch_size"":1,""prefill_seq_len"":8000,""prefill_tokens"":670,""total_tokens"":724}",71.92625482883922,71.92625482883922,71.92625482883922,0.0,0.0,0.0,0.0,[],[],[],PASS
K2.5-tp8ep8-8k2k,213,"{""decode_batch_size"":66,""decode_kv_len"":8192,""prefill_batch_size"":1,""prefill_seq_len"":8000,""prefill_tokens"":7426,""total_tokens"":7492}",299.7734019845083,299.7734019845083,299.7734019845083,0.0,0.0,0.0,0.0,[],[],[],PASS
K2.5-tp8ep8-8k2k,214,"{""decode_batch_size"":63,""decode_kv_len"":8704,""prefill_batch_size"":1,""prefill_seq_len"":8000,""prefill_tokens"":69,""total_tokens"":132}",42.01416069811011,42.01416069811011,42.01416069811011,0.0,0.0,0.0,0.0,[],[],[],PASS
K2.5-tp8ep8-8k2k,215,"{""decode_batch_size"":62,""decode_kv_len"":8704,""prefill_batch_size"":1,""prefill_seq_len"":8000,""prefill_tokens"":74,""total_tokens"":136}",42.00280093338887,42.00280093338887,42.00280093338887,0.0,0.0,0.0,0.0,[],[],[],PASS
K2.5-tp8ep8-8k2k,216,"{""decode_batch_size"":60,""decode_kv_len"":9216,""prefill_batch_size"":2,""prefill_seq_len"":8000,""prefill_tokens"":7940,""total_tokens"":8000}",317.40088439527665,317.40088439527665,317.40088439527665,0.0,0.0,0.0,0.0,[],[],[],PASS
K2.5-tp8ep8-8k2k,217,"{""decode_batch_size"":61,""decode_kv_len"":9216,""prefill_batch_size"":1,""prefill_seq_len"":8000,""prefill_tokens"":855,""total_tokens"":916}",79.01240519711494,79.01240519711494,79.01240519711494,0.0,0.0,0.0,0.0,[],[],[],PASS
K2.5-tp8ep8-8k2k,218,"{""decode_batch_size"":61,""decode_kv_len"":9216,""prefill_batch_size"":1,""prefill_seq_len"":8000,""prefill_tokens"":630,""total_tokens"":691}",70.96620146900142,70.96620146900142,70.96620146900142,0.0,0.0,0.0,0.0,[],[],[],PASS
K2.5-tp8ep8-8k2k,219,"{""decode_batch_size"":59,""decode_kv_len"":9216,""prefill_batch_size"":1,""prefill_seq_len"":8000,""prefill_tokens"":233,""total_tokens"":292}",51.92717603774809,51.92717603774809,51.92717603774809,0.0,0.0,0.0,0.0,[],[],[],PASS
K2.5-tp8ep8-8k2k,220,"{""decode_batch_size"":58,""decode_kv_len"":9216,""prefill_batch_size"":1,""prefill_seq_len"":8000,""prefill_tokens"":244,""total_tokens"":302}",52.18166341366488,52.18166341366488,52.18166341366488,0.0,0.0,0.0,0.0,[],[],[],PASS
K2.5-tp8ep8-8k2k,221,"{""decode_batch_size"":58,""decode_kv_len"":9728,""prefill_batch_size"":1,""prefill_seq_len"":8000,""prefill_tokens"":1079,""total_tokens"":1137}",87.57283774080923,87.57283774080923,87.57283774080923,0.0,0.0,0.0,0.0,[],[],[],PASS
K2.5-tp8ep8-8k2k,222,"{""decode_batch_size"":58,""decode_kv_len"":9728,""prefill_batch_size"":1,""prefill_seq_len"":8000,""prefill_tokens"":628,""total_tokens"":686}",70.86709810727156,70.86709810727156,70.86709810727156,0.0,0.0,0.0,0.0,[],[],[],PASS
K2.5-tp8ep8-8k2k,223,"{""decode_batch_size"":57,""decode_kv_len"":9728,""prefill_batch_size"":1,""prefill_seq_len"":8000,""prefill_tokens"":633,""total_tokens"":690}",70.75631143642049,70.75631143642049,70.75631143642049,0.0,0.0,0.0,0.0,[],[],[],PASS
K2.5-tp8ep8-8k2k,224,"{""decode_batch_size"":55,""decode_kv_len"":9728,""prefill_batch_size"":1,""prefill_seq_len"":8000,""prefill_tokens"":694,""total_tokens"":749}",72.31089918278377,72.31089918278377,72.31089918278377,0.0,0.0,0.0,0.0,[],[],[],PASS
K2.5-tp8ep8-8k2k,225,"{""decode_batch_size"":54,""decode_kv_len"":10240,""prefill_batch_size"":1,""prefill_seq_len"":8000,""prefill_tokens"":695,""total_tokens"":749}",72.79692202887128,72.79692202887128,72.79692202887128,0.0,0.0,0.0,0.0,[],[],[],PASS
K2.5-tp8ep8-8k2k,226,"{""decode_batch_size"":54,""decode_kv_len"":10240,""prefill_batch_size"":1,""prefill_seq_len"":8000,""prefill_tokens"":1572,""total_tokens"":1626}",104.58522768496884,104.58522768496884,104.58522768496884,0.0,0.0,0.0,0.0,[],[],[],PASS
K2.5-tp8ep8-8k2k,227,"{""decode_batch_size"":52,""decode_kv_len"":9216,""prefill_batch_size"":1,""prefill_seq_len"":8000,""prefill_tokens"":4743,""total_tokens"":4795}",206.6177725030517,206.6177725030517,206.6177725030517,0.0,0.0,0.0,0.0,[],[],[],PASS
K2.5-tp8ep8-8k2k,228,"{""decode_batch_size"":52,""decode_kv_len"":9216,""prefill_batch_size"":0,""prefill_seq_len"":8000,""prefill_tokens"":0,""total_tokens"":52}",29.34403283105425,29.34403283105425,29.34403283105425,0.0,0.0,0.0,0.0,[],[],[],PASS
K2.5-tp8ep8-8k2k,229,"{""decode_batch_size"":51,""decode_kv_len"":9216,""prefill_batch_size"":0,""prefill_seq_len"":8000,""prefill_tokens"":0,""total_tokens"":51}",29.067669058971497,29.067669058971497,29.067669058971497,0.0,0.0,0.0,0.0,[],[],[],PASS
K2.5-tp8ep8-8k2k,230,"{""decode_batch_size"":50,""decode_kv_len"":9216,""prefill_batch_size"":0,""prefill_seq_len"":8000,""prefill_tokens"":0,""total_tokens"":50}",28.791305286888743,28.791305286888743,28.791305286888743,0.0,0.0,0.0,0.0,[],[],[],PASS
K2.5-tp8ep8-8k2k,231,"{""decode_batch_size"":49,""decode_kv_len"":9216,""prefill_batch_size"":0,""prefill_seq_len"":8000,""prefill_tokens"":0,""total_tokens"":49}",28.514941514805983,28.514941514805983,28.514941514805983,0.0,0.0,0.0,0.0,[],[],[],PASS
K2.5-tp8ep8-8k2k,232,"{""decode_batch_size"":48,""decode_kv_len"":9216,""prefill_batch_size"":0,""prefill_seq_len"":8000,""prefill_tokens"":0,""total_tokens"":48}",28.23857774272323,28.23857774272323,28.23857774272323,0.0,0.0,0.0,0.0,[],[],[],PASS
K2.5-tp8ep8-8k2k,233,"{""decode_batch_size"":47,""decode_kv_len"":9216,""prefill_batch_size"":0,""prefill_seq_len"":8000,""prefill_tokens"":0,""total_tokens"":47}",27.743489982192443,27.743489982192443,27.743489982192443,0.0,0.0,0.0,0.0,[],[],[],PASS
K2.5-tp8ep8-8k2k,234,"{""decode_batch_size"":46,""decode_kv_len"":9216,""prefill_batch_size"":0,""prefill_seq_len"":8000,""prefill_tokens"":0,""total_tokens"":46}",27.28881349918678,27.28881349918678,27.28881349918678,0.0,0.0,0.0,0.0,[],[],[],PASS
K2.5-tp8ep8-8k2k,235,"{""decode_batch_size"":45,""decode_kv_len"":9216,""prefill_batch_size"":0,""prefill_seq_len"":8000,""prefill_tokens"":0,""total_tokens"":45}",26.834137016181117,26.834137016181117,26.834137016181117,0.0,0.0,0.0,0.0,[],[],[],PASS
K2.5-tp8ep8-8k2k,236,"{""decode_batch_size"":44,""decode_kv_len"":9216,""prefill_batch_size"":0,""prefill_seq_len"":8000,""prefill_tokens"":0,""total_tokens"":44}",26.379460533175454,26.379460533175454,26.379460533175454,0.0,0.0,0.0,0.0,[],[],[],PASS
K2.5-tp8ep8-8k2k,237,"{""decode_batch_size"":43,""decode_kv_len"":9216,""prefill_batch_size"":0,""prefill_seq_len"":8000,""prefill_tokens"":0,""total_tokens"":43}",25.92478405016979,25.92478405016979,25.92478405016979,0.0,0.0,0.0,0.0,[],[],[],PASS
K2.5-tp8ep8-8k2k,238,"{""decode_batch_size"":42,""decode_kv_len"":9216,""prefill_batch_size"":0,""prefill_seq_len"":8000,""prefill_tokens"":0,""total_tokens"":42}",25.470107567164128,25.470107567164128,25.470107567164128,0.0,0.0,0.0,0.0,[],[],[],PASS
K2.5-tp8ep8-8k2k,239,"{""decode_batch_size"":41,""decode_kv_len"":9216,""prefill_batch_size"":0,""prefill_seq_len"":8000,""prefill_tokens"":0,""total_tokens"":41}",25.015431084158465,25.015431084158465,25.015431084158465,0.0,0.0,0.0,0.0,[],[],[],PASS
K2.5-tp8ep8-8k2k,240,"{""decode_batch_size"":40,""decode_kv_len"":9216,""prefill_batch_size"":0,""prefill_seq_len"":8000,""prefill_tokens"":0,""total_tokens"":40}",24.5607546011528,24.5607546011528,24.5607546011528,0.0,0.0,0.0,0.0,[],[],[],PASS
K2.5-tp8ep8-8k2k,241,"{""decode_batch_size"":39,""decode_kv_len"":9216,""prefill_batch_size"":0,""prefill_seq_len"":8000,""prefill_tokens"":0,""total_tokens"":39}",24.06422234962303,24.06422234962303,24.06422234962303,0.0,0.0,0.0,0.0,[],[],[],PASS
K2.5-tp8ep8-8k2k,242,"{""decode_batch_size"":38,""decode_kv_len"":9216,""prefill_batch_size"":0,""prefill_seq_len"":8000,""prefill_tokens"":0,""total_tokens"":38}",23.609545866617367,23.609545866617367,23.609545866617367,0.0,0.0,0.0,0.0,[],[],[],PASS
K2.5-tp8ep8-8k2k,243,"{""decode_batch_size"":37,""decode_kv_len"":9216,""prefill_batch_size"":0,""prefill_seq_len"":8000,""prefill_tokens"":0,""total_tokens"":37}",23.154869383611704,23.154869383611704,23.154869383611704,0.0,0.0,0.0,0.0,[],[],[],PASS
K2.5-tp8ep8-8k2k,244,"{""decode_batch_size"":36,""decode_kv_len"":9216,""prefill_batch_size"":0,""prefill_seq_len"":8000,""prefill_tokens"":0,""total_tokens"":36}",22.710008410782166,22.710008410782166,22.710008410782166,0.0,0.0,0.0,0.0,[],[],[],PASS
K2.5-tp8ep8-8k2k,245,"{""decode_batch_size"":35,""decode_kv_len"":9216,""prefill_batch_size"":0,""prefill_seq_len"":8000,""prefill_tokens"":0,""total_tokens"":35}",22.272509070584714,22.272509070584714,22.272509070584714,0.0,0.0,0.0,0.0,[],[],[],PASS
K2.5-tp8ep8-8k2k,246,"{""decode_batch_size"":34,""decode_kv_len"":8704,""prefill_batch_size"":0,""prefill_seq_len"":8000,""prefill_tokens"":0,""total_tokens"":34}",21.353733684018977,21.353733684018977,21.353733684018977,0.0,0.0,0.0,0.0,[],[],[],PASS
K2.5-tp8ep8-8k2k,247,"{""decode_batch_size"":33,""decode_kv_len"":8704,""prefill_batch_size"":0,""prefill_seq_len"":8000,""prefill_tokens"":0,""total_tokens"":33}",20.928976354950294,20.928976354950294,20.928976354950294,0.0,0.0,0.0,0.0,[],[],[],PASS
K2.5-tp8ep8-8k2k,248,"{""decode_batch_size"":32,""decode_kv_len"":8704,""prefill_batch_size"":0,""prefill_seq_len"":8000,""prefill_tokens"":0,""total_tokens"":32}",20.504219025881614,20.504219025881614,20.504219025881614,0.0,0.0,0.0,0.0,[],[],[],PASS
K2.5-tp8ep8-8k2k,249,"{""decode_batch_size"":31,""decode_kv_len"":8704,""prefill_batch_size"":0,""prefill_seq_len"":8000,""prefill_tokens"":0,""total_tokens"":31}",20.081467087676366,20.081467087676366,20.081467087676366,0.0,0.0,0.0,0.0,[],[],[],PASS
K2.5-tp8ep8-8k2k,250,"{""decode_batch_size"":30,""decode_kv_len"":8704,""prefill_batch_size"":0,""prefill_seq_len"":8000,""prefill_tokens"":0,""total_tokens"":30}",19.701654286244462,19.701654286244462,19.701654286244462,0.0,0.0,0.0,0.0,[],[],[],PASS
K2.5-tp8ep8-8k2k,251,"{""decode_batch_size"":29,""decode_kv_len"":8704,""prefill_batch_size"":0,""prefill_seq_len"":8000,""prefill_tokens"":0,""total_tokens"":29}",19.32184148481256,19.32184148481256,19.32184148481256,0.0,0.0,0.0,0.0,[],[],[],PASS
K2.5-tp8ep8-8k2k,252,"{""decode_batch_size"":28,""decode_kv_len"":8704,""prefill_batch_size"":0,""prefill_seq_len"":8000,""prefill_tokens"":0,""total_tokens"":28}",18.94202868338066,18.94202868338066,18.94202868338066,0.0,0.0,0.0,0.0,[],[],[],PASS
K2.5-tp8ep8-8k2k,253,"{""decode_batch_size"":27,""decode_kv_len"":8704,""prefill_batch_size"":0,""prefill_seq_len"":8000,""prefill_tokens"":0,""total_tokens"":27}",18.56221588194876,18.56221588194876,18.56221588194876,0.0,0.0,0.0,0.0,[],[],[],PASS
K2.5-tp8ep8-8k2k,254,"{""decode_batch_size"":26,""decode_kv_len"":8704,""prefill_batch_size"":0,""prefill_seq_len"":8000,""prefill_tokens"":0,""total_tokens"":26}",18.182403080516856,18.182403080516856,18.182403080516856,0.0,0.0,0.0,0.0,[],[],[],PASS
K2.5-tp8ep8-8k2k,255,"{""decode_batch_size"":25,""decode_kv_len"":8704,""prefill_batch_size"":0,""prefill_seq_len"":1,""prefill_tokens"":0,""total_tokens"":25}",17.802590279084956,17.802590279084956,17.802590279084956,0.0,0.0,0.0,0.0,[],[],[],PASS
K2.5-tp8ep8-8k2k,256,"{""decode_batch_size"":25,""decode_kv_len"":9216,""prefill_batch_size"":0,""prefill_seq_len"":1,""prefill_tokens"":0,""total_tokens"":25}",18.15573326502323,18.15573326502323,18.15573326502323,0.0,0.0,0.0,0.0,[],[],[],PASS
K2.5-tp8ep8-8k2k,257,"{""decode_batch_size"":25,""decode_kv_len"":9216,""prefill_batch_size"":0,""prefill_seq_len"":8000,""prefill_tokens"":0,""total_tokens"":25}",18.15573326502323,18.15573326502323,18.15573326502323,0.0,0.0,0.0,0.0,[],[],[],PASS
K2.5-tp8ep8-8k2k,258,"{""decode_batch_size"":24,""decode_kv_len"":9216,""prefill_batch_size"":0,""prefill_seq_len"":1,""prefill_tokens"":0,""total_tokens"":24}",17.76125631528097,17.76125631528097,17.76125631528097,0.0,0.0,0.0,0.0,[],[],[],PASS
K2.5-tp8ep8-8k2k,259,"{""decode_batch_size"":24,""decode_kv_len"":9728,""prefill_batch_size"":0,""prefill_seq_len"":1,""prefill_tokens"":0,""total_tokens"":24}",18.099735152908888,18.099735152908888,18.099735152908888,0.0,0.0,0.0,0.0,[],[],[],PASS
K2.5-tp8ep8-8k2k,260,"{""decode_batch_size"":24,""decode_kv_len"":9728,""prefill_batch_size"":0,""prefill_seq_len"":8000,""prefill_tokens"":0,""total_tokens"":24}",18.099735152908888,18.099735152908888,18.099735152908888,0.0,0.0,0.0,0.0,[],[],[],PASS
K2.5-tp8ep8-8k2k,261,"{""decode_batch_size"":23,""decode_kv_len"":9728,""prefill_batch_size"":0,""prefill_seq_len"":1,""prefill_tokens"":0,""total_tokens"":23}",17.64968501354096,17.64968501354096,17.64968501354096,0.0,0.0,0.0,0.0,[],[],[],PASS
K2.5-tp8ep8-8k2k,262,"{""decode_batch_size"":23,""decode_kv_len"":9728,""prefill_batch_size"":0,""prefill_seq_len"":8000,""prefill_tokens"":0,""total_tokens"":23}",17.64968501354096,17.64968501354096,17.64968501354096,0.0,0.0,0.0,0.0,[],[],[],PASS
K2.5-tp8ep8-8k2k,263,"{""decode_batch_size"":22,""decode_kv_len"":9728,""prefill_batch_size"":0,""prefill_seq_len"":1,""prefill_tokens"":0,""total_tokens"":22}",17.24054391548835,17.24054391548835,17.24054391548835,0.0,0.0,0.0,0.0,[],[],[],PASS
K2.5-tp8ep8-8k2k,264,"{""decode_batch_size"":22,""decode_kv_len"":9728,""prefill_batch_size"":0,""prefill_seq_len"":8000,""prefill_tokens"":0,""total_tokens"":22}",17.24054391548835,17.24054391548835,17.24054391548835,0.0,0.0,0.0,0.0,[],[],[],PASS
K2.5-tp8ep8-8k2k,265,"{""decode_batch_size"":21,""decode_kv_len"":9728,""prefill_batch_size"":0,""prefill_seq_len"":1,""prefill_tokens"":0,""total_tokens"":21}",16.831402817435738,16.831402817435738,16.831402817435738,0.0,0.0,0.0,0.0,[],[],[],PASS
K2.5-tp8ep8-8k2k,266,"{""decode_batch_size"":21,""decode_kv_len"":9728,""prefill_batch_size"":0,""prefill_seq_len"":8000,""prefill_tokens"":0,""total_tokens"":21}",16.831402817435738,16.831402817435738,16.831402817435738,0.0,0.0,0.0,0.0,[],[],[],PASS
K2.5-tp8ep8-8k2k,267,"{""decode_batch_size"":20,""decode_kv_len"":9728,""prefill_batch_size"":0,""prefill_seq_len"":1,""prefill_tokens"":0,""total_tokens"":20}",16.42226171938313,16.42226171938313,16.42226171938313,0.0,0.0,0.0,0.0,[],[],[],PASS
K2.5-tp8ep8-8k2k,268,"{""decode_batch_size"":20,""decode_kv_len"":10240,""prefill_batch_size"":0,""prefill_seq_len"":1,""prefill_tokens"":0,""total_tokens"":20}",16.70208396376963,16.70208396376963,16.70208396376963,0.0,0.0,0.0,0.0,[],[],[],PASS
K2.5-tp8ep8-8k2k,269,"{""decode_batch_size"":20,""decode_kv_len"":9728,""prefill_batch_size"":0,""prefill_seq_len"":8000,""prefill_tokens"":0,""total_tokens"":20}",16.42226171938313,16.42226171938313,16.42226171938313,0.0,0.0,0.0,0.0,[],[],[],PASS
K2.5-tp8ep8-8k2k,270,"{""decode_batch_size"":19,""decode_kv_len"":9728,""prefill_batch_size"":0,""prefill_seq_len"":1,""prefill_tokens"":0,""total_tokens"":19}",16.01312062133052,16.01312062133052,16.01312062133052,0.0,0.0,0.0,0.0,[],[],[],PASS
K2.5-tp8ep8-8k2k,271,"{""decode_batch_size"":19,""decode_kv_len"":10240,""prefill_batch_size"":0,""prefill_seq_len"":1,""prefill_tokens"":0,""total_tokens"":19}",16.278278717406664,16.278278717406664,16.278278717406664,0.0,0.0,0.0,0.0,[],[],[],PASS
K2.5-tp8ep8-8k2k,272,"{""decode_batch_size"":19,""decode_kv_len"":10240,""prefill_batch_size"":0,""prefill_seq_len"":8000,""prefill_tokens"":0,""total_tokens"":19}",16.278278717406664,16.278278717406664,16.278278717406664,0.0,0.0,0.0,0.0,[],[],[],PASS
K2.5-tp8ep8-8k2k,273,"{""decode_batch_size"":18,""decode_kv_len"":10240,""prefill_batch_size"":0,""prefill_seq_len"":1,""prefill_tokens"":0,""total_tokens"":18}",15.810927400810709,15.810927400810709,15.810927400810709,0.0,0.0,0.0,0.0,[],[],[],PASS
K2.5-tp8ep8-8k2k,274,"{""decode_batch_size"":18,""decode_kv_len"":10240,""prefill_batch_size"":0,""prefill_seq_len"":8000,""prefill_tokens"":0,""total_tokens"":18}",15.810927400810709,15.810927400810709,15.810927400810709,0.0,0.0,0.0,0.0,[],[],[],PASS
K2.5-tp8ep8-8k2k,275,"{""decode_batch_size"":17,""decode_kv_len"":10240,""prefill_batch_size"":0,""prefill_seq_len"":1,""prefill_tokens"":0,""total_tokens"":17}",15.234710908632287,15.234710908632287,15.234710908632287,0.0,0.0,0.0,0.0,[],[],[],PASS
K2.5-tp8ep8-8k2k,276,"{""decode_batch_size"":17,""decode_kv_len"":10240,""prefill_batch_size"":0,""prefill_seq_len"":8000,""prefill_tokens"":0,""total_tokens"":17}",15.234710908632287,15.234710908632287,15.234710908632287,0.0,0.0,0.0,0.0,[],[],[],PASS
K2.5-tp8ep8-8k2k,277,"{""decode_batch_size"":16,""decode_kv_len"":10240,""prefill_batch_size"":0,""prefill_seq_len"":8000,""prefill_tokens"":0,""total_tokens"":16}",14.658494416453866,14.658494416453866,14.658494416453866,0.0,0.0,0.0,0.0,[],[],[],PASS
K2.5-tp8ep8-8k2k,278,"{""decode_batch_size"":15,""decode_kv_len"":10240,""prefill_batch_size"":0,""prefill_seq_len"":8000,""prefill_tokens"":0,""total_tokens"":15}",14.062436508429606,14.062436508429606,14.062436508429606,0.0,0.0,0.0,0.0,[],[],[],PASS
K2.5-tp8ep8-8k2k,279,"{""decode_batch_size"":14,""decode_kv_len"":10240,""prefill_batch_size"":0,""prefill_seq_len"":8000,""prefill_tokens"":0,""total_tokens"":14}",13.504237617360243,13.504237617360243,13.504237617360243,0.0,0.0,0.0,0.0,[],[],[],PASS
K2.5-tp8ep8-8k2k,280,"{""decode_batch_size"":13,""decode_kv_len"":10240,""prefill_batch_size"":0,""prefill_seq_len"":8000,""prefill_tokens"":0,""total_tokens"":13}",12.946038726290878,12.946038726290878,12.946038726290878,0.0,0.0,0.0,0.0,[],[],[],PASS
K2.5-tp8ep8-8k2k,281,"{""decode_batch_size"":12,""decode_kv_len"":10240,""prefill_batch_size"":0,""prefill_seq_len"":8000,""prefill_tokens"":0,""total_tokens"":12}",12.387839835221516,12.387839835221516,12.387839835221516,0.0,0.0,0.0,0.0,[],[],[],PASS
K2.5-tp8ep8-8k2k,282,"{""decode_batch_size"":11,""decode_kv_len"":10240,""prefill_batch_size"":0,""prefill_seq_len"":8000,""prefill_tokens"":0,""total_tokens"":11}",11.829640944152153,11.829640944152153,11.829640944152153,0.0,0.0,0.0,0.0,[],[],[],PASS
K2.5-tp8ep8-8k2k,283,"{""decode_batch_size"":10,""decode_kv_len"":10240,""prefill_batch_size"":0,""prefill_seq_len"":8000,""prefill_tokens"":0,""total_tokens"":10}",11.271442053082788,11.271442053082788,11.271442053082788,0.0,0.0,0.0,0.0,[],[],[],PASS
K2.5-tp8ep8-8k2k,284,"{""decode_batch_size"":9,""decode_kv_len"":10240,""prefill_batch_size"":0,""prefill_seq_len"":8000,""prefill_tokens"":0,""total_tokens"":9}",10.729567372608766,10.729567372608766,10.729567372608766,0.0,0.0,0.0,0.0,[],[],[],PASS
K2.5-tp8ep8-8k2k,285,"{""decode_batch_size"":8,""decode_kv_len"":10240,""prefill_batch_size"":0,""prefill_seq_len"":8000,""prefill_tokens"":0,""total_tokens"":8}",10.285637955706779,10.285637955706779,10.285637955706779,0.0,0.0,0.0,0.0,[],[],[],PASS
K2.5-tp8ep8-8k2k,286,"{""decode_batch_size"":7,""decode_kv_len"":10240,""prefill_batch_size"":0,""prefill_seq_len"":8000,""prefill_tokens"":0,""total_tokens"":7}",10.069756180171243,10.069756180171243,10.069756180171243,0.0,0.0,0.0,0.0,[],[],[],PASS
K2.5-tp8ep8-8k2k,287,"{""decode_batch_size"":6,""decode_kv_len"":10240,""prefill_batch_size"":0,""prefill_seq_len"":8000,""prefill_tokens"":0,""total_tokens"":6}",9.853874404635707,9.853874404635707,9.853874404635707,0.0,0.0,0.0,0.0,[],[],[],PASS
K2.5-tp8ep8-8k2k,288,"{""decode_batch_size"":5,""decode_kv_len"":10240,""prefill_batch_size"":0,""prefill_seq_len"":8000,""prefill_tokens"":0,""total_tokens"":5}",9.637992629100172,9.637992629100172,9.637992629100172,0.0,0.0,0.0,0.0,[],[],[],PASS
K2.5-tp8ep8-8k2k,289,"{""decode_batch_size"":4,""decode_kv_len"":10240,""prefill_batch_size"":0,""prefill_seq_len"":8000,""prefill_tokens"":0,""total_tokens"":4}",9.420666362565653,9.420666362565653,9.420666362565653,0.0,0.0,0.0,0.0,[],[],[],PASS
K2.5-tp8ep8-8k2k,290,"{""decode_batch_size"":3,""decode_kv_len"":10240,""prefill_batch_size"":0,""prefill_seq_len"":8000,""prefill_tokens"":0,""total_tokens"":3}",8.768014678050733,8.768014678050733,8.768014678050733,0.0,0.0,0.0,0.0,[],[],[],PASS
K2.5-tp8ep8-8k2k,291,"{""decode_batch_size"":2,""decode_kv_len"":10240,""prefill_batch_size"":0,""prefill_seq_len"":8000,""prefill_tokens"":0,""total_tokens"":2}",8.117393088993843,8.117393088993843,8.117393088993843,0.0,0.0,0.0,0.0,[],[],[],PASS
K2.5-tp8ep8-8k2k,292,"{""decode_batch_size"":1,""decode_kv_len"":10240,""prefill_batch_size"":0,""prefill_seq_len"":8000,""prefill_tokens"":0,""total_tokens"":1}",8.516153395039762,8.516153395039762,8.516153395039762,0.0,0.0,0.0,0.0,[],[],[],PASS
K2.5-tp8ep8-32k3k,0,"{""decode_batch_size"":0,""decode_kv_len"":0,""prefill_batch_size"":1,""prefill_seq_len"":32000,""prefill_tokens"":32000,""total_tokens"":32000}",756.4736386274578,756.4736386274578,756.4736386274578,0.0,0.0,0.0,0.0,[],[],[],PASS
K2.5-tp8ep8-32k3k,1,"{""decode_batch_size"":1,""decode_kv_len"":32256,""prefill_batch_size"":1,""prefill_seq_len"":32000,""prefill_tokens"":31999,""total_tokens"":32000}",2409.605224609375,2409.605224609375,2409.605224609375,0.0,0.0,0.0,0.0,[],[],[],PASS
K2.5-tp8ep8-32k3k,2,"{""decode_batch_size"":1,""decode_kv_len"":32256,""prefill_batch_size"":2,""prefill_seq_len"":32000,""prefill_tokens"":31999,""total_tokens"":32000}",2409.605224609375,2409.605224609375,2409.605224609375,0.0,0.0,0.0,0.0,[],[],[],PASS
K2.5-tp8ep8-32k3k,3,"{""decode_batch_size"":2,""decode_kv_len"":32256,""prefill_batch_size"":2,""prefill_seq_len"":32000,""prefill_tokens"":31998,""total_tokens"":32000}",2409.332275390625,2409.332275390625,2409.332275390625,0.0,0.0,0.0,0.0,[],[],[],PASS
K2.5-tp8ep8-32k3k,4,"{""decode_batch_size"":3,""decode_kv_len"":32256,""prefill_batch_size"":2,""prefill_seq_len"":32000,""prefill_tokens"":31997,""total_tokens"":32000}",2410.71875,2410.71875,2410.71875,0.0,0.0,0.0,0.0,[],[],[],PASS
K2.5-tp8ep8-32k3k,5,"{""decode_batch_size"":4,""decode_kv_len"":32256,""prefill_batch_size"":2,""prefill_seq_len"":32000,""prefill_tokens"":31996,""total_tokens"":32000}",2413.18212890625,2413.18212890625,2413.18212890625,0.0,0.0,0.0,0.0,[],[],[],PASS
K2.5-tp8ep8-32k3k,6,"{""decode_batch_size"":5,""decode_kv_len"":32256,""prefill_batch_size"":2,""prefill_seq_len"":32000,""prefill_tokens"":31995,""total_tokens"":32000}",2417.630615234375,2417.630615234375,2417.630615234375,0.0,0.0,0.0,0.0,[],[],[],PASS
K2.5-tp8ep8-32k3k,7,"{""decode_batch_size"":6,""decode_kv_len"":32256,""prefill_batch_size"":2,""prefill_seq_len"":32000,""prefill_tokens"":31994,""total_tokens"":32000}",2419.102294921875,2419.102294921875,2419.102294921875,0.0,0.0,0.0,0.0,[],[],[],PASS
K2.5-tp8ep8-32k3k,8,"{""decode_batch_size"":7,""decode_kv_len"":32256,""prefill_batch_size"":2,""prefill_seq_len"":32000,""prefill_tokens"":31993,""total_tokens"":32000}",2417.4208984375,2417.4208984375,2417.4208984375,0.0,0.0,0.0,0.0,[],[],[],PASS
K2.5-tp8ep8-32k3k,9,"{""decode_batch_size"":8,""decode_kv_len"":32256,""prefill_batch_size"":2,""prefill_seq_len"":32000,""prefill_tokens"":31992,""total_tokens"":32000}",2418.0322265625,2418.0322265625,2418.0322265625,0.0,0.0,0.0,0.0,[],[],[],PASS
K2.5-tp8ep8-32k3k,10,"{""decode_batch_size"":9,""decode_kv_len"":32256,""prefill_batch_size"":2,""prefill_seq_len"":32000,""prefill_tokens"":31991,""total_tokens"":32000}",2419.569091796875,2419.569091796875,2419.569091796875,0.0,0.0,0.0,0.0,[],[],[],PASS
K2.5-tp8ep8-32k3k,11,"{""decode_batch_size"":10,""decode_kv_len"":32256,""prefill_batch_size"":2,""prefill_seq_len"":32000,""prefill_tokens"":31990,""total_tokens"":32000}",2427.190185546875,2427.190185546875,2427.190185546875,0.0,0.0,0.0,0.0,[],[],[],PASS
K2.5-tp8ep8-32k3k,12,"{""decode_batch_size"":11,""decode_kv_len"":32256,""prefill_batch_size"":2,""prefill_seq_len"":32000,""prefill_tokens"":31989,""total_tokens"":32000}",2427.014282226562,2427.014282226562,2427.014282226562,0.0,0.0,0.0,0.0,[],[],[],PASS
K2.5-tp8ep8-32k3k,13,"{""decode_batch_size"":12,""decode_kv_len"":32256,""prefill_batch_size"":2,""prefill_seq_len"":32000,""prefill_tokens"":31988,""total_tokens"":32000}",2435.197265625,2435.197265625,2435.197265625,0.0,0.0,0.0,0.0,[],[],[],PASS
K2.5-tp8ep8-32k3k,14,"{""decode_batch_size"":13,""decode_kv_len"":32256,""prefill_batch_size"":1,""prefill_seq_len"":32000,""prefill_tokens"":79,""total_tokens"":92}",37.97245003609,37.97245003609,37.97245003609,0.0,0.0,0.0,0.0,[],[],[],PASS
K2.5-tp8ep8-32k3k,15,"{""decode_batch_size"":14,""decode_kv_len"":32256,""prefill_batch_size"":0,""prefill_seq_len"":32000,""prefill_tokens"":0,""total_tokens"":14}",21.454228908366062,21.454228908366062,21.454228908366062,0.0,0.0,0.0,0.0,[],[],[],PASS
K2.5-tp8ep8-32k3k,16,"{""decode_batch_size"":14,""decode_kv_len"":32768,""prefill_batch_size"":0,""prefill_seq_len"":32000,""prefill_tokens"":0,""total_tokens"":14}",21.638900931243963,21.638900931243963,21.638900931243963,0.0,0.0,0.0,0.0,[],[],[],PASS
K2.5-tp8ep8-32k3k,17,"{""decode_batch_size"":14,""decode_kv_len"":33280,""prefill_batch_size"":0,""prefill_seq_len"":32000,""prefill_tokens"":0,""total_tokens"":14}",21.828562638041742,21.828562638041742,21.828562638041742,0.0,0.0,0.0,0.0,[],[],[],PASS
K2.5-tp8ep8-32k3k,18,"{""decode_batch_size"":13,""decode_kv_len"":33280,""prefill_batch_size"":1,""prefill_seq_len"":32000,""prefill_tokens"":31987,""total_tokens"":32000}",2425.350708007812,2425.350708007812,2425.350708007812,0.0,0.0,0.0,0.0,[],[],[],PASS
K2.5-tp8ep8-32k3k,19,"{""decode_batch_size"":13,""decode_kv_len"":33280,""prefill_batch_size"":1,""prefill_seq_len"":32000,""prefill_tokens"":13,""total_tokens"":26}",25.138463973999,25.138463973999,25.138463973999,0.0,0.0,0.0,0.0,[],[],[],PASS
K2.5-tp8ep8-32k3k,20,"{""decode_batch_size"":13,""decode_kv_len"":33280,""prefill_batch_size"":0,""prefill_seq_len"":32000,""prefill_tokens"":0,""total_tokens"":13}",20.63748957278969,20.63748957278969,20.63748957278969,0.0,0.0,0.0,0.0,[],[],[],PASS
K2.5-tp8ep8-32k3k,21,"{""decode_batch_size"":13,""decode_kv_len"":33792,""prefill_batch_size"":0,""prefill_seq_len"":32000,""prefill_tokens"":0,""total_tokens"":13}",20.813003091763875,20.813003091763875,20.813003091763875,0.0,0.0,0.0,0.0,[],[],[],PASS
K2.5-tp8ep8-32k3k,22,"{""decode_batch_size"":13,""decode_kv_len"":34304,""prefill_batch_size"":0,""prefill_seq_len"":32000,""prefill_tokens"":0,""total_tokens"":13}",20.98851661073806,20.98851661073806,20.98851661073806,0.0,0.0,0.0,0.0,[],[],[],PASS
K2.5-tp8ep8-32k3k,23,"{""decode_batch_size"":13,""decode_kv_len"":34816,""prefill_batch_size"":0,""prefill_seq_len"":32000,""prefill_tokens"":0,""total_tokens"":13}",21.164030129712245,21.164030129712245,21.164030129712245,0.0,0.0,0.0,0.0,[],[],[],PASS
K2.5-tp8ep8-32k3k,24,"{""decode_batch_size"":13,""decode_kv_len"":35328,""prefill_batch_size"":0,""prefill_seq_len"":32000,""prefill_tokens"":0,""total_tokens"":13}",21.33954364868643,21.33954364868643,21.33954364868643,0.0,0.0,0.0,0.0,[],[],[],PASS
K2.5-tp8ep8-32k3k,25,"{""decode_batch_size"":12,""decode_kv_len"":35328,""prefill_batch_size"":1,""prefill_seq_len"":32000,""prefill_tokens"":31988,""total_tokens"":32000}",2435.197265625,2435.197265625,2435.197265625,0.0,0.0,0.0,0.0,[],[],[],PASS
K2.5-tp8ep8-32k3k,26,"{""decode_batch_size"":12,""decode_kv_len"":35328,""prefill_batch_size"":1,""prefill_seq_len"":32000,""prefill_tokens"":77,""total_tokens"":89}",37.96966003747562,37.96966003747562,37.96966003747562,0.0,0.0,0.0,0.0,[],[],[],PASS
K2.5-tp8ep8-32k3k,27,"{""decode_batch_size"":12,""decode_kv_len"":34816,""prefill_batch_size"":1,""prefill_seq_len"":32000,""prefill_tokens"":31988,""total_tokens"":32000}",2435.197265625,2435.197265625,2435.197265625,0.0,0.0,0.0,0.0,[],[],[],PASS
K2.5-tp8ep8-32k3k,28,"{""decode_batch_size"":11,""decode_kv_len"":34816,""prefill_batch_size"":2,""prefill_seq_len"":32000,""prefill_tokens"":31989,""total_tokens"":32000}",2427.014282226562,2427.014282226562,2427.014282226562,0.0,0.0,0.0,0.0,[],[],[],PASS
K2.5-tp8ep8-32k3k,29,"{""decode_batch_size"":11,""decode_kv_len"":34304,""prefill_batch_size"":2,""prefill_seq_len"":32000,""prefill_tokens"":31989,""total_tokens"":32000}",2427.014282226562,2427.014282226562,2427.014282226562,0.0,0.0,0.0,0.0,[],[],[],PASS
K2.5-tp8ep8-32k3k,30,"{""decode_batch_size"":11,""decode_kv_len"":33792,""prefill_batch_size"":2,""prefill_seq_len"":32000,""prefill_tokens"":31989,""total_tokens"":32000}",2427.014282226562,2427.014282226562,2427.014282226562,0.0,0.0,0.0,0.0,[],[],[],PASS
K2.5-tp8ep8-32k3k,31,"{""decode_batch_size"":11,""decode_kv_len"":33280,""prefill_batch_size"":2,""prefill_seq_len"":32000,""prefill_tokens"":31989,""total_tokens"":32000}",2427.014282226562,2427.014282226562,2427.014282226562,0.0,0.0,0.0,0.0,[],[],[],PASS
K2.5-tp8ep8-32k3k,32,"{""decode_batch_size"":11,""decode_kv_len"":32768,""prefill_batch_size"":2,""prefill_seq_len"":32000,""prefill_tokens"":31989,""total_tokens"":32000}",2427.014282226562,2427.014282226562,2427.014282226562,0.0,0.0,0.0,0.0,[],[],[],PASS
K2.5-tp8ep8-32k3k,33,"{""decode_batch_size"":13,""decode_kv_len"":32256,""prefill_batch_size"":1,""prefill_seq_len"":32000,""prefill_tokens"":1072,""total_tokens"":1085}",148.0849399886097,148.0849399886097,148.0849399886097,0.0,0.0,0.0,0.0,[],[],[],PASS
K2.5-tp8ep8-32k3k,34,"{""decode_batch_size"":12,""decode_kv_len"":34304,""prefill_batch_size"":1,""prefill_seq_len"":32000,""prefill_tokens"":31988,""total_tokens"":32000}",2435.197265625,2435.197265625,2435.197265625,0.0,0.0,0.0,0.0,[],[],[],PASS
K2.5-tp8ep8-32k3k,35,"{""decode_batch_size"":12,""decode_kv_len"":34304,""prefill_batch_size"":1,""prefill_seq_len"":32000,""prefill_tokens"":72,""total_tokens"":84}",37.36729648138391,37.36729648138391,37.36729648138391,0.0,0.0,0.0,0.0,[],[],[],PASS
K2.5-tp8ep8-32k3k,36,"{""decode_batch_size"":12,""decode_kv_len"":34816,""prefill_batch_size"":1,""prefill_seq_len"":32000,""prefill_tokens"":869,""total_tokens"":881}",78.50357866753149,78.50357866753149,78.50357866753149,0.0,0.0,0.0,0.0,[],[],[],PASS
K2.5-tp8ep8-32k3k,37,"{""decode_batch_size"":13,""decode_kv_len"":32256,""prefill_batch_size"":1,""prefill_seq_len"":32000,""prefill_tokens"":134,""total_tokens"":147}",39.762447357178,39.762447357178,39.762447357178,0.0,0.0,0.0,0.0,[],[],[],PASS
K2.5-tp8ep8-32k3k,38,"{""decode_batch_size"":12,""decode_kv_len"":34304,""prefill_batch_size"":1,""prefill_seq_len"":32000,""prefill_tokens"":64,""total_tokens"":76}",36.93726092588625,36.93726092588625,36.93726092588625,0.0,0.0,0.0,0.0,[],[],[],PASS
K2.5-tp8ep8-32k3k,39,"{""decode_batch_size"":12,""decode_kv_len"":34304,""prefill_batch_size"":1,""prefill_seq_len"":32000,""prefill_tokens"":804,""total_tokens"":816}",75.57608952503558,75.57608952503558,75.57608952503558,0.0,0.0,0.0,0.0,[],[],[],PASS
K2.5-tp8ep8-32k3k,40,"{""decode_batch_size"":12,""decode_kv_len"":33792,""prefill_batch_size"":1,""prefill_seq_len"":32000,""prefill_tokens"":31988,""total_tokens"":32000}",2435.197265625,2435.197265625,2435.197265625,0.0,0.0,0.0,0.0,[],[],[],PASS
K2.5-tp8ep8-32k3k,41,"{""decode_batch_size"":12,""decode_kv_len"":33792,""prefill_batch_size"":1,""prefill_seq_len"":32000,""prefill_tokens"":61,""total_tokens"":73}",36.6142549414204,36.6142549414204,36.6142549414204,0.0,0.0,0.0,0.0,[],[],[],PASS
K2.5-tp8ep8-32k3k,42,"{""decode_batch_size"":12,""decode_kv_len"":34304,""prefill_batch_size"":1,""prefill_seq_len"":32000,""prefill_tokens"":743,""total_tokens"":755}",73.09294248331355,73.09294248331355,73.09294248331355,0.0,0.0,0.0,0.0,[],[],[],PASS
K2.5-tp8ep8-32k3k,43,"{""decode_batch_size"":12,""decode_kv_len"":32768,""prefill_batch_size"":2,""prefill_seq_len"":32000,""prefill_tokens"":31988,""total_tokens"":32000}",2435.197265625,2435.197265625,2435.197265625,0.0,0.0,0.0,0.0,[],[],[],PASS
K2.5-tp8ep8-32k3k,44,"{""decode_batch_size"":13,""decode_kv_len"":32768,""prefill_batch_size"":1,""prefill_seq_len"":32000,""prefill_tokens"":134,""total_tokens"":147}",39.762447357178,39.762447357178,39.762447357178,0.0,0.0,0.0,0.0,[],[],[],PASS
K2.5-tp8ep8-32k3k,45,"{""decode_batch_size"":12,""decode_kv_len"":33792,""prefill_batch_size"":1,""prefill_seq_len"":32000,""prefill_tokens"":59,""total_tokens"":71}",36.51254163128594,36.51254163128594,36.51254163128594,0.0,0.0,0.0,0.0,[],[],[],PASS
K2.5-tp8ep8-32k3k,46,"{""decode_batch_size"":12,""decode_kv_len"":33280,""prefill_batch_size"":1,""prefill_seq_len"":32000,""prefill_tokens"":31988,""total_tokens"":32000}",2435.197265625,2435.197265625,2435.197265625,0.0,0.0,0.0,0.0,[],[],[],PASS
K2.5-tp8ep8-32k3k,47,"{""decode_batch_size"":12,""decode_kv_len"":33280,""prefill_batch_size"":1,""prefill_seq_len"":32000,""prefill_tokens"":689,""total_tokens"":701}",70.66977421862411,70.66977421862411,70.66977421862411,0.0,0.0,0.0,0.0,[],[],[],PASS
K2.5-tp8ep8-32k3k,48,"{""decode_batch_size"":11,""decode_kv_len"":35328,""prefill_batch_size"":2,""prefill_seq_len"":32000,""prefill_tokens"":31989,""total_tokens"":32000}",2427.014282226562,2427.014282226562,2427.014282226562,0.0,0.0,0.0,0.0,[],[],[],PASS
K2.5-tp8ep8-32k3k,49,"{""decode_batch_size"":13,""decode_kv_len"":32768,""prefill_batch_size"":1,""prefill_seq_len"":32000,""prefill_tokens"":31987,""total_tokens"":32000}",2425.350708007812,2425.350708007812,2425.350708007812,0.0,0.0,0.0,0.0,[],[],[],PASS
K2.5-tp8ep8-32k3k,50,"{""decode_batch_size"":13,""decode_kv_len"":32768,""prefill_batch_size"":1,""prefill_seq_len"":32000,""prefill_tokens"":13,""total_tokens"":26}",25.138463973999,25.138463973999,25.138463973999,0.0,0.0,0.0,0.0,[],[],[],PASS
K2.5-tp8ep8-32k3k,51,"{""decode_batch_size"":12,""decode_kv_len"":33280,""prefill_batch_size"":1,""prefill_seq_len"":32000,""prefill_tokens"":30,""total_tokens"":42}",31.984295587793824,31.984295587793824,31.984295587793824,0.0,0.0,0.0,0.0,[],[],[],PASS
K2.5-tp8ep8-32k3k,52,"{""decode_batch_size"":13,""decode_kv_len"":32256,""prefill_batch_size"":1,""prefill_seq_len"":32000,""prefill_tokens"":437,""total_tokens"":450}",83.9596322734704,83.9596322734704,83.9596322734704,0.0,0.0,0.0,0.0,[],[],[],PASS
K2.5-tp8ep8-32k3k,53,"{""decode_batch_size"":12,""decode_kv_len"":33280,""prefill_batch_size"":1,""prefill_seq_len"":32000,""prefill_tokens"":64,""total_tokens"":76}",36.61453026358507,36.61453026358507,36.61453026358507,0.0,0.0,0.0,0.0,[],[],[],PASS
K2.5-tp8ep8-32k3k,54,"{""decode_batch_size"":12,""decode_kv_len"":34816,""prefill_batch_size"":1,""prefill_seq_len"":32000,""prefill_tokens"":788,""total_tokens"":800}",75.05656284108578,75.05656284108578,75.05656284108578,0.0,0.0,0.0,0.0,[],[],[],PASS
K2.5-tp8ep8-32k3k,55,"{""decode_batch_size"":12,""decode_kv_len"":33280,""prefill_batch_size"":1,""prefill_seq_len"":32000,""prefill_tokens"":60,""total_tokens"":72}",36.402032955202586,36.402032955202586,36.402032955202586,0.0,0.0,0.0,0.0,[],[],[],PASS
K2.5-tp8ep8-32k3k,56,"{""decode_batch_size"":12,""decode_kv_len"":34304,""prefill_batch_size"":1,""prefill_seq_len"":32000,""prefill_tokens"":728,""total_tokens"":740}",72.50948759376126,72.50948759376126,72.50948759376126,0.0,0.0,0.0,0.0,[],[],[],PASS
K2.5-tp8ep8-32k3k,57,"{""decode_batch_size"":12,""decode_kv_len"":33280,""prefill_batch_size"":1,""prefill_seq_len"":32000,""prefill_tokens"":58,""total_tokens"":70}",36.300319645068114,36.300319645068114,36.300319645068114,0.0,0.0,0.0,0.0,[],[],[],PASS
K2.5-tp8ep8-32k3k,58,"{""decode_batch_size"":12,""decode_kv_len"":33280,""prefill_batch_size"":1,""prefill_seq_len"":32000,""prefill_tokens"":675,""total_tokens"":687}",70.12521632170863,70.12521632170863,70.12521632170863,0.0,0.0,0.0,0.0,[],[],[],PASS
K2.5-tp8ep8-32k3k,59,"{""decode_batch_size"":12,""decode_kv_len"":33280,""prefill_batch_size"":2,""prefill_seq_len"":32000,""prefill_tokens"":31988,""total_tokens"":32000}",2435.197265625,2435.197265625,2435.197265625,0.0,0.0,0.0,0.0,[],[],[],PASS
K2.5-tp8ep8-32k3k,60,"{""decode_batch_size"":13,""decode_kv_len"":33280,""prefill_batch_size"":1,""prefill_seq_len"":32000,""prefill_tokens"":325,""total_tokens"":338}",77.52407065770939,77.52407065770939,77.52407065770939,0.0,0.0,0.0,0.0,[],[],[],PASS
K2.5-tp8ep8-32k3k,61,"{""decode_batch_size"":13,""decode_kv_len"":32256,""prefill_batch_size"":1,""prefill_seq_len"":32000,""prefill_tokens"":496,""total_tokens"":509}",110.4928427706943,110.4928427706943,110.4928427706943,0.0,0.0,0.0,0.0,[],[],[],PASS
K2.5-tp8ep8-32k3k,62,"{""decode_batch_size"":12,""decode_kv_len"":33280,""prefill_batch_size"":1,""prefill_seq_len"":32000,""prefill_tokens"":62,""total_tokens"":74}",36.50646747177111,36.50646747177111,36.50646747177111,0.0,0.0,0.0,0.0,[],[],[],PASS
K2.5-tp8ep8-32k3k,63,"{""decode_batch_size"":12,""decode_kv_len"":34816,""prefill_batch_size"":1,""prefill_seq_len"":32000,""prefill_tokens"":773,""total_tokens"":785}",74.41822657692917,74.41822657692917,74.41822657692917,0.0,0.0,0.0,0.0,[],[],[],PASS
K2.5-tp8ep8-32k3k,64,"{""decode_batch_size"":12,""decode_kv_len"":34816,""prefill_batch_size"":1,""prefill_seq_len"":32000,""prefill_tokens"":12,""total_tokens"":24}",28.051002430958007,28.051002430958007,28.051002430958007,0.0,0.0,0.0,0.0,[],[],[],PASS
K2.5-tp8ep8-32k3k,65,"{""decode_batch_size"":13,""decode_kv_len"":32256,""prefill_batch_size"":1,""prefill_seq_len"":32000,""prefill_tokens"":123,""total_tokens"":136}",40.46781760796132,40.46781760796132,40.46781760796132,0.0,0.0,0.0,0.0,[],[],[],PASS
K2.5-tp8ep8-32k3k,66,"{""decode_batch_size"":12,""decode_kv_len"":34304,""prefill_batch_size"":1,""prefill_seq_len"":32000,""prefill_tokens"":713,""total_tokens"":725}",71.92603270420896,71.92603270420896,71.92603270420896,0.0,0.0,0.0,0.0,[],[],[],PASS
K2.5-tp8ep8-32k3k,67,"{""decode_batch_size"":13,""decode_kv_len"":32768,""prefill_batch_size"":1,""prefill_seq_len"":32000,""prefill_tokens"":123,""total_tokens"":136}",40.6398469741088,40.6398469741088,40.6398469741088,0.0,0.0,0.0,0.0,[],[],[],PASS
K2.5-tp8ep8-32k3k,68,"{""decode_batch_size"":12,""decode_kv_len"":33280,""prefill_batch_size"":1,""prefill_seq_len"":32000,""prefill_tokens"":57,""total_tokens"":69}",36.24946299000089,36.24946299000089,36.24946299000089,0.0,0.0,0.0,0.0,[],[],[],PASS
K2.5-tp8ep8-32k3k,69,"{""decode_batch_size"":12,""decode_kv_len"":33280,""prefill_batch_size"":1,""prefill_seq_len"":32000,""prefill_tokens"":661,""total_tokens"":673}",69.58065842479314,69.58065842479314,69.58065842479314,0.0,0.0,0.0,0.0,[],[],[],PASS
K2.5-tp8ep8-32k3k,70,"{""decode_batch_size"":12,""decode_kv_len"":35328,""prefill_batch_size"":1,""prefill_seq_len"":32000,""prefill_tokens"":12,""total_tokens"":24}",28.2123677621086,28.2123677621086,28.2123677621086,0.0,0.0,0.0,0.0,[],[],[],PASS
K2.5-tp8ep8-32k3k,71,"{""decode_batch_size"":13,""decode_kv_len"":33280,""prefill_batch_size"":1,""prefill_seq_len"":32000,""prefill_tokens"":302,""total_tokens"":315}",76.377333599588,76.377333599588,76.377333599588,0.0,0.0,0.0,0.0,[],[],[],PASS
K2.5-tp8ep8-32k3k,72,"{""decode_batch_size"":12,""decode_kv_len"":35328,""prefill_batch_size"":1,""prefill_seq_len"":32000,""prefill_tokens"":42,""total_tokens"":54}",35.163792552746216,35.163792552746216,35.163792552746216,0.0,0.0,0.0,0.0,[],[],[],PASS
K2.5-tp8ep8-32k3k,73,"{""decode_batch_size"":13,""decode_kv_len"":32256,""prefill_batch_size"":1,""prefill_seq_len"":32000,""prefill_tokens"":580,""total_tokens"":593}",115.0648823173675,115.0648823173675,115.0648823173675,0.0,0.0,0.0,0.0,[],[],[],PASS
K2.5-tp8ep8-32k3k,74,"{""decode_batch_size"":13,""decode_kv_len"":33280,""prefill_batch_size"":1,""prefill_seq_len"":32000,""prefill_tokens"":749,""total_tokens"":762}",127.5639028195982,127.5639028195982,127.5639028195982,0.0,0.0,0.0,0.0,[],[],[],PASS
K2.5-tp8ep8-32k3k,75,"{""decode_batch_size"":13,""decode_kv_len"":33280,""prefill_batch_size"":1,""prefill_seq_len"":32000,""prefill_tokens"":760,""total_tokens"":773}",129.1392729017469,129.1392729017469,129.1392729017469,0.0,0.0,0.0,0.0,[],[],[],PASS
K2.5-tp8ep8-32k3k,76,"{""decode_batch_size"":12,""decode_kv_len"":34816,""prefill_batch_size"":1,""prefill_seq_len"":32000,""prefill_tokens"":21,""total_tokens"":33}",30.6539006471848,30.6539006471848,30.6539006471848,0.0,0.0,0.0,0.0,[],[],[],PASS
K2.5-tp8ep8-32k3k,77,"{""decode_batch_size"":12,""decode_kv_len"":34816,""prefill_batch_size"":1,""prefill_seq_len"":32000,""prefill_tokens"":140,""total_tokens"":152}",42.70235286763928,42.70235286763928,42.70235286763928,0.0,0.0,0.0,0.0,[],[],[],PASS
K2.5-tp8ep8-32k3k,78,"{""decode_batch_size"":13,""decode_kv_len"":32256,""prefill_batch_size"":1,""prefill_seq_len"":32000,""prefill_tokens"":31987,""total_tokens"":32000}",2425.350708007812,2425.350708007812,2425.350708007812,0.0,0.0,0.0,0.0,[],[],[],PASS
K2.5-tp8ep8-32k3k,79,"{""decode_batch_size"":13,""decode_kv_len"":32256,""prefill_batch_size"":1,""prefill_seq_len"":32000,""prefill_tokens"":13,""total_tokens"":26}",25.138463973999,25.138463973999,25.138463973999,0.0,0.0,0.0,0.0,[],[],[],PASS
K2.5-tp8ep8-32k3k,80,"{""decode_batch_size"":12,""decode_kv_len"":34816,""prefill_batch_size"":1,""prefill_seq_len"":32000,""prefill_tokens"":63,""total_tokens"":75}",37.04459486112986,37.04459486112986,37.04459486112986,0.0,0.0,0.0,0.0,[],[],[],PASS
K2.5-tp8ep8-32k3k,81,"{""decode_batch_size"":12,""decode_kv_len"":34816,""prefill_batch_size"":1,""prefill_seq_len"":32000,""prefill_tokens"":810,""total_tokens"":822}",75.9927893618488,75.9927893618488,75.9927893618488,0.0,0.0,0.0,0.0,[],[],[],PASS
K2.5-tp8ep8-32k3k,82,"{""decode_batch_size"":12,""decode_kv_len"":34304,""prefill_batch_size"":1,""prefill_seq_len"":32000,""prefill_tokens"":66,""total_tokens"":78}",37.0453237177002,37.0453237177002,37.0453237177002,0.0,0.0,0.0,0.0,[],[],[],PASS
K2.5-tp8ep8-32k3k,83,"{""decode_batch_size"":12,""decode_kv_len"":34816,""prefill_batch_size"":1,""prefill_seq_len"":32000,""prefill_tokens"":835,""total_tokens"":847}",77.05668313544317,77.05668313544317,77.05668313544317,0.0,0.0,0.0,0.0,[],[],[],PASS
K2.5-tp8ep8-32k3k,84,"{""decode_batch_size"":12,""decode_kv_len"":33792,""prefill_batch_size"":1,""prefill_seq_len"":32000,""prefill_tokens"":62,""total_tokens"":74}",36.6678328029217,36.6678328029217,36.6678328029217,0.0,0.0,0.0,0.0,[],[],[],PASS
K2.5-tp8ep8-32k3k,85,"{""decode_batch_size"":12,""decode_kv_len"":34304,""prefill_batch_size"":1,""prefill_seq_len"":32000,""prefill_tokens"":772,""total_tokens"":784}",74.2143054948348,74.2143054948348,74.2143054948348,0.0,0.0,0.0,0.0,[],[],[],PASS
K2.5-tp8ep8-32k3k,86,"{""decode_batch_size"":12,""decode_kv_len"":33792,""prefill_batch_size"":1,""prefill_seq_len"":32000,""prefill_tokens"":60,""total_tokens"":72}",36.56339828635318,36.56339828635318,36.56339828635318,0.0,0.0,0.0,0.0,[],[],[],PASS
K2.5-tp8ep8-32k3k,87,"{""decode_batch_size"":12,""decode_kv_len"":33792,""prefill_batch_size"":1,""prefill_seq_len"":32000,""prefill_tokens"":713,""total_tokens"":725}",71.76466737305837,71.76466737305837,71.76466737305837,0.0,0.0,0.0,0.0,[],[],[],PASS
K2.5-tp8ep8-32k3k,88,"{""decode_batch_size"":12,""decode_kv_len"":33280,""prefill_batch_size"":1,""prefill_seq_len"":32000,""prefill_tokens"":660,""total_tokens"":672}",69.54176143215632,69.54176143215632,69.54176143215632,0.0,0.0,0.0,0.0,[],[],[],PASS
K2.5-tp8ep8-32k3k,89,"{""decode_batch_size"":13,""decode_kv_len"":33280,""prefill_batch_size"":1,""prefill_seq_len"":32000,""prefill_tokens"":361,""total_tokens"":374}",77.6609597154841,77.6609597154841,77.6609597154841,0.0,0.0,0.0,0.0,[],[],[],PASS
K2.5-tp8ep8-32k3k,90,"{""decode_batch_size"":13,""decode_kv_len"":32256,""prefill_batch_size"":1,""prefill_seq_len"":32000,""prefill_tokens"":657,""total_tokens"":670}",120.54284515380832,120.54284515380832,120.54284515380832,0.0,0.0,0.0,0.0,[],[],[],PASS
K2.5-tp8ep8-32k3k,91,"{""decode_batch_size"":12,""decode_kv_len"":34816,""prefill_batch_size"":1,""prefill_seq_len"":32000,""prefill_tokens"":20,""total_tokens"":32}",30.462651359697283,30.462651359697283,30.462651359697283,0.0,0.0,0.0,0.0,[],[],[],PASS
K2.5-tp8ep8-32k3k,92,"{""decode_batch_size"":12,""decode_kv_len"":34816,""prefill_batch_size"":1,""prefill_seq_len"":32000,""prefill_tokens"":129,""total_tokens"":141}",42.28726357390746,42.28726357390746,42.28726357390746,0.0,0.0,0.0,0.0,[],[],[],PASS
K2.5-tp8ep8-32k3k,93,"{""decode_batch_size"":12,""decode_kv_len"":34816,""prefill_batch_size"":1,""prefill_seq_len"":32000,""prefill_tokens"":799,""total_tokens"":811}",75.52467610146729,75.52467610146729,75.52467610146729,0.0,0.0,0.0,0.0,[],[],[],PASS
K2.5-tp8ep8-32k3k,94,"{""decode_batch_size"":12,""decode_kv_len"":34304,""prefill_batch_size"":1,""prefill_seq_len"":32000,""prefill_tokens"":65,""total_tokens"":77}",36.991292321793225,36.991292321793225,36.991292321793225,0.0,0.0,0.0,0.0,[],[],[],PASS
K2.5-tp8ep8-32k3k,95,"{""decode_batch_size"":12,""decode_kv_len"":34304,""prefill_batch_size"":1,""prefill_seq_len"":32000,""prefill_tokens"":836,""total_tokens"":848}",76.93787355523634,76.93787355523634,76.93787355523634,0.0,0.0,0.0,0.0,[],[],[],PASS
K2.5-tp8ep8-32k3k,96,"{""decode_batch_size"":12,""decode_kv_len"":33792,""prefill_batch_size"":1,""prefill_seq_len"":32000,""prefill_tokens"":63,""total_tokens"":75}",36.721864198828676,36.721864198828676,36.721864198828676,0.0,0.0,0.0,0.0,[],[],[],PASS
K2.5-tp8ep8-32k3k,97,"{""decode_batch_size"":12,""decode_kv_len"":33792,""prefill_batch_size"":1,""prefill_seq_len"":32000,""prefill_tokens"":58,""total_tokens"":70}",36.461684976218706,36.461684976218706,36.461684976218706,0.0,0.0,0.0,0.0,[],[],[],PASS
K2.5-tp8ep8-32k3k,98,"{""decode_batch_size"":12,""decode_kv_len"":33792,""prefill_batch_size"":1,""prefill_seq_len"":32000,""prefill_tokens"":714,""total_tokens"":726}",71.8035643656952,71.8035643656952,71.8035643656952,0.0,0.0,0.0,0.0,[],[],[],PASS
K2.5-tp8ep8-32k3k,99,"{""decode_batch_size"":13,""decode_kv_len"":33280,""prefill_batch_size"":1,""prefill_seq_len"":32000,""prefill_tokens"":718,""total_tokens"":731}",123.12422349717912,123.12422349717912,123.12422349717912,0.0,0.0,0.0,0.0,[],[],[],PASS
K2.5-tp8ep8-32k3k,100,"{""decode_batch_size"":13,""decode_kv_len"":32768,""prefill_batch_size"":1,""prefill_seq_len"":32000,""prefill_tokens"":785,""total_tokens"":798}",121.63145107693155,121.63145107693155,121.63145107693155,0.0,0.0,0.0,0.0,[],[],[],PASS
K2.5-tp8ep8-32k3k,101,"{""decode_batch_size"":12,""decode_kv_len"":33280,""prefill_batch_size"":1,""prefill_seq_len"":32000,""prefill_tokens"":52,""total_tokens"":64}",35.995179714664744,35.995179714664744,35.995179714664744,0.0,0.0,0.0,0.0,[],[],[],PASS
K2.5-tp8ep8-32k3k,102,"{""decode_batch_size"":12,""decode_kv_len"":33280,""prefill_batch_size"":1,""prefill_seq_len"":32000,""prefill_tokens"":607,""total_tokens"":619}",67.48022082240486,67.48022082240486,67.48022082240486,0.0,0.0,0.0,0.0,[],[],[],PASS
K2.5-tp8ep8-32k3k,103,"{""decode_batch_size"":12,""decode_kv_len"":34304,""prefill_batch_size"":1,""prefill_seq_len"":32000,""prefill_tokens"":12,""total_tokens"":24}",27.889637099807416,27.889637099807416,27.889637099807416,0.0,0.0,0.0,0.0,[],[],[],PASS
K2.5-tp8ep8-32k3k,104,"{""decode_batch_size"":14,""decode_kv_len"":32768,""prefill_batch_size"":0,""prefill_seq_len"":1,""prefill_tokens"":0,""total_tokens"":14}",21.638900931243963,21.638900931243963,21.638900931243963,0.0,0.0,0.0,0.0,[],[],[],PASS
K2.5-tp8ep8-32k3k,105,"{""decode_batch_size"":14,""decode_kv_len"":33280,""prefill_batch_size"":0,""prefill_seq_len"":1,""prefill_tokens"":0,""total_tokens"":14}",21.828562638041742,21.828562638041742,21.828562638041742,0.0,0.0,0.0,0.0,[],[],[],PASS
K2.5-tp8ep8-32k3k,106,"{""decode_batch_size"":13,""decode_kv_len"":33280,""prefill_batch_size"":0,""prefill_seq_len"":1,""prefill_tokens"":0,""total_tokens"":13}",20.63748957278969,20.63748957278969,20.63748957278969,0.0,0.0,0.0,0.0,[],[],[],PASS
K2.5-tp8ep8-32k3k,107,"{""decode_batch_size"":12,""decode_kv_len"":33280,""prefill_batch_size"":0,""prefill_seq_len"":1,""prefill_tokens"":0,""total_tokens"":12}",19.446416507537634,19.446416507537634,19.446416507537634,0.0,0.0,0.0,0.0,[],[],[],PASS
K2.5-tp8ep8-32k3k,108,"{""decode_batch_size"":12,""decode_kv_len"":34816,""prefill_batch_size"":0,""prefill_seq_len"":1,""prefill_tokens"":0,""total_tokens"":12}",19.93051250098941,19.93051250098941,19.93051250098941,0.0,0.0,0.0,0.0,[],[],[],PASS
K2.5-tp8ep8-32k3k,109,"{""decode_batch_size"":12,""decode_kv_len"":34816,""prefill_batch_size"":0,""prefill_seq_len"":32000,""prefill_tokens"":0,""total_tokens"":12}",19.93051250098941,19.93051250098941,19.93051250098941,0.0,0.0,0.0,0.0,[],[],[],PASS
K2.5-tp8ep8-32k3k,110,"{""decode_batch_size"":11,""decode_kv_len"":34816,""prefill_batch_size"":0,""prefill_seq_len"":1,""prefill_tokens"":0,""total_tokens"":11}",18.69699487226658,18.69699487226658,18.69699487226658,0.0,0.0,0.0,0.0,[],[],[],PASS
K2.5-tp8ep8-32k3k,111,"{""decode_batch_size"":11,""decode_kv_len"":35328,""prefill_batch_size"":0,""prefill_seq_len"":1,""prefill_tokens"":0,""total_tokens"":11}",18.844212015593577,18.844212015593577,18.844212015593577,0.0,0.0,0.0,0.0,[],[],[],PASS
K2.5-tp8ep8-32k3k,112,"{""decode_batch_size"":11,""decode_kv_len"":35328,""prefill_batch_size"":0,""prefill_seq_len"":32000,""prefill_tokens"":0,""total_tokens"":11}",18.844212015593577,18.844212015593577,18.844212015593577,0.0,0.0,0.0,0.0,[],[],[],PASS
K2.5-tp8ep8-32k3k,113,"{""decode_batch_size"":10,""decode_kv_len"":35328,""prefill_batch_size"":0,""prefill_seq_len"":32000,""prefill_tokens"":0,""total_tokens"":10}",17.596546199047147,17.596546199047147,17.596546199047147,0.0,0.0,0.0,0.0,[],[],[],PASS
K2.5-tp8ep8-32k3k,114,"{""decode_batch_size"":9,""decode_kv_len"":35328,""prefill_batch_size"":0,""prefill_seq_len"":32000,""prefill_tokens"":0,""total_tokens"":9}",16.365204593096063,16.365204593096063,16.365204593096063,0.0,0.0,0.0,0.0,[],[],[],PASS
K2.5-tp8ep8-32k3k,115,"{""decode_batch_size"":8,""decode_kv_len"":35328,""prefill_batch_size"":0,""prefill_seq_len"":32000,""prefill_tokens"":0,""total_tokens"":8}",15.231808250717012,15.231808250717012,15.231808250717012,0.0,0.0,0.0,0.0,[],[],[],PASS
K2.5-tp8ep8-32k3k,116,"{""decode_batch_size"":7,""decode_kv_len"":35328,""prefill_batch_size"":0,""prefill_seq_len"":32000,""prefill_tokens"":0,""total_tokens"":7}",14.188407530671403,14.188407530671403,14.188407530671403,0.0,0.0,0.0,0.0,[],[],[],PASS
K2.5-tp8ep8-32k3k,117,"{""decode_batch_size"":6,""decode_kv_len"":35328,""prefill_batch_size"":0,""prefill_seq_len"":32000,""prefill_tokens"":0,""total_tokens"":6}",13.145006810625791,13.145006810625791,13.145006810625791,0.0,0.0,0.0,0.0,[],[],[],PASS
K2.5-tp8ep8-32k3k,118,"{""decode_batch_size"":5,""decode_kv_len"":35328,""prefill_batch_size"":0,""prefill_seq_len"":32000,""prefill_tokens"":0,""total_tokens"":5}",12.10160609058018,12.10160609058018,12.10160609058018,0.0,0.0,0.0,0.0,[],[],[],PASS
K2.5-tp8ep8-32k3k,119,"{""decode_batch_size"":4,""decode_kv_len"":35328,""prefill_batch_size"":0,""prefill_seq_len"":32000,""prefill_tokens"":0,""total_tokens"":4}",11.056760879535588,11.056760879535588,11.056760879535588,0.0,0.0,0.0,0.0,[],[],[],PASS
K2.5-tp8ep8-32k3k,120,"{""decode_batch_size"":3,""decode_kv_len"":35328,""prefill_batch_size"":0,""prefill_seq_len"":32000,""prefill_tokens"":0,""total_tokens"":3}",11.189286926900806,11.189286926900806,11.189286926900806,0.0,0.0,0.0,0.0,[],[],[],PASS
K2.5-tp8ep8-32k3k,121,"{""decode_batch_size"":2,""decode_kv_len"":35328,""prefill_batch_size"":0,""prefill_seq_len"":32000,""prefill_tokens"":0,""total_tokens"":2}",11.323843069724056,11.323843069724056,11.323843069724056,0.0,0.0,0.0,0.0,[],[],[],PASS
K2.5-tp8ep8-32k3k,122,"{""decode_batch_size"":1,""decode_kv_len"":35328,""prefill_batch_size"":0,""prefill_seq_len"":32000,""prefill_tokens"":0,""total_tokens"":1}",8.682278958720518,8.682278958720518,8.682278958720518,0.0,0.0,0.0,0.0,[],[],[],PASS
K2.5-tp4ep8dp2-8k2k,0,"{""decode_batch_size"":0,""decode_kv_len"":0,""prefill_batch_size"":1,""prefill_seq_len"":8000,""prefill_tokens"":8000,""total_tokens"":8000}",266.74177612907926,266.74177612907926,266.74177612907926,0.0,0.0,0.0,0.0,[],[],[],PASS
K2.5-tp4ep8dp2-8k2k,1,"{""decode_batch_size"":1,""decode_kv_len"":8192,""prefill_batch_size"":1,""prefill_seq_len"":8000,""prefill_tokens"":7999,""total_tokens"":8000}",1105.8432006835938,1105.8432006835938,1105.8432006835938,0.0,0.0,0.0,0.0,[],[],[],PASS
K2.5-tp4ep8dp2-8k2k,2,"{""decode_batch_size"":1,""decode_kv_len"":8192,""prefill_batch_size"":2,""prefill_seq_len"":8000,""prefill_tokens"":7999,""total_tokens"":8000}",1105.8432006835938,1105.8432006835938,1105.8432006835938,0.0,0.0,0.0,0.0,[],[],[],PASS
K2.5-tp4ep8dp2-8k2k,3,"{""decode_batch_size"":2,""decode_kv_len"":8192,""prefill_batch_size"":2,""prefill_seq_len"":8000,""prefill_tokens"":7998,""total_tokens"":8000}",1103.9945678710938,1103.9945678710938,1103.9945678710938,0.0,0.0,0.0,0.0,[],[],[],PASS
K2.5-tp4ep8dp2-8k2k,4,"{""decode_batch_size"":3,""decode_kv_len"":8192,""prefill_batch_size"":2,""prefill_seq_len"":8000,""prefill_tokens"":7997,""total_tokens"":8000}",1104.6228637695312,1104.6228637695312,1104.6228637695312,0.0,0.0,0.0,0.0,[],[],[],PASS
K2.5-tp4ep8dp2-8k2k,5,"{""decode_batch_size"":4,""decode_kv_len"":8192,""prefill_batch_size"":2,""prefill_seq_len"":8000,""prefill_tokens"":7996,""total_tokens"":8000}",1106.3701782226562,1106.3701782226562,1106.3701782226562,0.0,0.0,0.0,0.0,[],[],[],PASS
K2.5-tp4ep8dp2-8k2k,6,"{""decode_batch_size"":5,""decode_kv_len"":8192,""prefill_batch_size"":2,""prefill_seq_len"":8000,""prefill_tokens"":7995,""total_tokens"":8000}",1107.3174438476562,1107.3174438476562,1107.3174438476562,0.0,0.0,0.0,0.0,[],[],[],PASS
K2.5-tp4ep8dp2-8k2k,7,"{""decode_batch_size"":6,""decode_kv_len"":8192,""prefill_batch_size"":2,""prefill_seq_len"":8000,""prefill_tokens"":7994,""total_tokens"":8000}",1108.0936889648438,1108.0936889648438,1108.0936889648438,0.0,0.0,0.0,0.0,[],[],[],PASS
K2.5-tp4ep8dp2-8k2k,8,"{""decode_batch_size"":7,""decode_kv_len"":8192,""prefill_batch_size"":2,""prefill_seq_len"":8000,""prefill_tokens"":7993,""total_tokens"":8000}",1108.3555908203125,1108.3555908203125,1108.3555908203125,0.0,0.0,0.0,0.0,[],[],[],PASS
K2.5-tp4ep8dp2-8k2k,9,"{""decode_batch_size"":8,""decode_kv_len"":8192,""prefill_batch_size"":2,""prefill_seq_len"":8000,""prefill_tokens"":7992,""total_tokens"":8000}",1107.7103881835938,1107.7103881835938,1107.7103881835938,0.0,0.0,0.0,0.0,[],[],[],PASS
K2.5-tp4ep8dp2-8k2k,10,"{""decode_batch_size"":9,""decode_kv_len"":8192,""prefill_batch_size"":2,""prefill_seq_len"":8000,""prefill_tokens"":7991,""total_tokens"":8000}",1111.1730346679688,1111.1730346679688,1111.1730346679688,0.0,0.0,0.0,0.0,[],[],[],PASS
K2.5-tp4ep8dp2-8k2k,11,"{""decode_batch_size"":10,""decode_kv_len"":8192,""prefill_batch_size"":2,""prefill_seq_len"":8000,""prefill_tokens"":7990,""total_tokens"":8000}",1108.4427490234375,1108.4427490234375,1108.4427490234375,0.0,0.0,0.0,0.0,[],[],[],PASS
K2.5-tp4ep8dp2-8k2k,12,"{""decode_batch_size"":11,""decode_kv_len"":8192,""prefill_batch_size"":2,""prefill_seq_len"":8000,""prefill_tokens"":7989,""total_tokens"":8000}",1108.4395141601562,1108.4395141601562,1108.4395141601562,0.0,0.0,0.0,0.0,[],[],[],PASS
K2.5-tp4ep8dp2-8k2k,13,"{""decode_batch_size"":12,""decode_kv_len"":8192,""prefill_batch_size"":2,""prefill_seq_len"":8000,""prefill_tokens"":7988,""total_tokens"":8000}",1112.8414916992188,1112.8414916992188,1112.8414916992188,0.0,0.0,0.0,0.0,[],[],[],PASS
K2.5-tp4ep8dp2-8k2k,14,"{""decode_batch_size"":13,""decode_kv_len"":8192,""prefill_batch_size"":2,""prefill_seq_len"":8000,""prefill_tokens"":7987,""total_tokens"":8000}",1113.2139892578125,1113.2139892578125,1113.2139892578125,0.0,0.0,0.0,0.0,[],[],[],PASS
K2.5-tp4ep8dp2-8k2k,15,"{""decode_batch_size"":14,""decode_kv_len"":8192,""prefill_batch_size"":2,""prefill_seq_len"":8000,""prefill_tokens"":7986,""total_tokens"":8000}",1113.9867553710938,1113.9867553710938,1113.9867553710938,0.0,0.0,0.0,0.0,[],[],[],PASS
K2.5-tp4ep8dp2-8k2k,16,"{""decode_batch_size"":15,""decode_kv_len"":8192,""prefill_batch_size"":2,""prefill_seq_len"":8000,""prefill_tokens"":7985,""total_tokens"":8000}",1112.9703369140625,1112.9703369140625,1112.9703369140625,0.0,0.0,0.0,0.0,[],[],[],PASS
K2.5-tp4ep8dp2-8k2k,17,"{""decode_batch_size"":16,""decode_kv_len"":8192,""prefill_batch_size"":2,""prefill_seq_len"":8000,""prefill_tokens"":7984,""total_tokens"":8000}",1116.611572265625,1116.611572265625,1116.611572265625,0.0,0.0,0.0,0.0,[],[],[],PASS
K2.5-tp4ep8dp2-8k2k,18,"{""decode_batch_size"":17,""decode_kv_len"":8192,""prefill_batch_size"":2,""prefill_seq_len"":8000,""prefill_tokens"":7983,""total_tokens"":8000}",1116.5052490234375,1116.5052490234375,1116.5052490234375,0.0,0.0,0.0,0.0,[],[],[],PASS
K2.5-tp4ep8dp2-8k2k,19,"{""decode_batch_size"":18,""decode_kv_len"":8192,""prefill_batch_size"":2,""prefill_seq_len"":8000,""prefill_tokens"":7982,""total_tokens"":8000}",1119.24609375,1119.24609375,1119.24609375,0.0,0.0,0.0,0.0,[],[],[],PASS
K2.5-tp4ep8dp2-8k2k,20,"{""decode_batch_size"":19,""decode_kv_len"":8192,""prefill_batch_size"":2,""prefill_seq_len"":8000,""prefill_tokens"":7981,""total_tokens"":8000}",1114.2559814453125,1114.2559814453125,1114.2559814453125,0.0,0.0,0.0,0.0,[],[],[],PASS
K2.5-tp4ep8dp2-8k2k,21,"{""decode_batch_size"":20,""decode_kv_len"":8192,""prefill_batch_size"":2,""prefill_seq_len"":8000,""prefill_tokens"":7980,""total_tokens"":8000}",1120.8421630859375,1120.8421630859375,1120.8421630859375,0.0,0.0,0.0,0.0,[],[],[],PASS
K2.5-tp4ep8dp2-8k2k,22,"{""decode_batch_size"":21,""decode_kv_len"":8192,""prefill_batch_size"":2,""prefill_seq_len"":8000,""prefill_tokens"":7979,""total_tokens"":8000}",1121.150390625,1121.150390625,1121.150390625,0.0,0.0,0.0,0.0,[],[],[],PASS
K2.5-tp4ep8dp2-8k2k,23,"{""decode_batch_size"":22,""decode_kv_len"":8192,""prefill_batch_size"":2,""prefill_seq_len"":8000,""prefill_tokens"":7978,""total_tokens"":8000}",1121.986572265625,1121.986572265625,1121.986572265625,0.0,0.0,0.0,0.0,[],[],[],PASS
K2.5-tp4ep8dp2-8k2k,24,"{""decode_batch_size"":23,""decode_kv_len"":8192,""prefill_batch_size"":2,""prefill_seq_len"":8000,""prefill_tokens"":7977,""total_tokens"":8000}",1125.0685424804688,1125.0685424804688,1125.0685424804688,0.0,0.0,0.0,0.0,[],[],[],PASS
K2.5-tp4ep8dp2-8k2k,25,"{""decode_batch_size"":24,""decode_kv_len"":8192,""prefill_batch_size"":2,""prefill_seq_len"":8000,""prefill_tokens"":7976,""total_tokens"":8000}",1122.29443359375,1122.29443359375,1122.29443359375,0.0,0.0,0.0,0.0,[],[],[],PASS
K2.5-tp4ep8dp2-8k2k,26,"{""decode_batch_size"":25,""decode_kv_len"":8192,""prefill_batch_size"":2,""prefill_seq_len"":8000,""prefill_tokens"":7975,""total_tokens"":8000}",1126.8478393554688,1126.8478393554688,1126.8478393554688,0.0,0.0,0.0,0.0,[],[],[],PASS
K2.5-tp4ep8dp2-8k2k,27,"{""decode_batch_size"":26,""decode_kv_len"":8192,""prefill_batch_size"":2,""prefill_seq_len"":8000,""prefill_tokens"":7974,""total_tokens"":8000}",1121.811767578125,1121.811767578125,1121.811767578125,0.0,0.0,0.0,0.0,[],[],[],PASS
K2.5-tp4ep8dp2-8k2k,28,"{""decode_batch_size"":27,""decode_kv_len"":8192,""prefill_batch_size"":2,""prefill_seq_len"":8000,""prefill_tokens"":7973,""total_tokens"":8000}",1124.7123413085938,1124.7123413085938,1124.7123413085938,0.0,0.0,0.0,0.0,[],[],[],PASS
K2.5-tp4ep8dp2-8k2k,29,"{""decode_batch_size"":28,""decode_kv_len"":8192,""prefill_batch_size"":2,""prefill_seq_len"":8000,""prefill_tokens"":7972,""total_tokens"":8000}",1122.4188842773438,1122.4188842773438,1122.4188842773438,0.0,0.0,0.0,0.0,[],[],[],PASS
K2.5-tp4ep8dp2-8k2k,30,"{""decode_batch_size"":29,""decode_kv_len"":8192,""prefill_batch_size"":2,""prefill_seq_len"":8000,""prefill_tokens"":7971,""total_tokens"":8000}",1122.8430786132812,1122.8430786132812,1122.8430786132812,0.0,0.0,0.0,0.0,[],[],[],PASS
K2.5-tp4ep8dp2-8k2k,31,"{""decode_batch_size"":30,""decode_kv_len"":8192,""prefill_batch_size"":2,""prefill_seq_len"":8000,""prefill_tokens"":7970,""total_tokens"":8000}",1133.778076171875,1133.778076171875,1133.778076171875,0.0,0.0,0.0,0.0,[],[],[],PASS
K2.5-tp4ep8dp2-8k2k,32,"{""decode_batch_size"":31,""decode_kv_len"":8192,""prefill_batch_size"":2,""prefill_seq_len"":8000,""prefill_tokens"":7969,""total_tokens"":8000}",1133.5927734375,1133.5927734375,1133.5927734375,0.0,0.0,0.0,0.0,[],[],[],PASS
K2.5-tp4ep8dp2-8k2k,33,"{""decode_batch_size"":32,""decode_kv_len"":8192,""prefill_batch_size"":2,""prefill_seq_len"":8000,""prefill_tokens"":7968,""total_tokens"":8000}",1133.472412109375,1133.472412109375,1133.472412109375,0.0,0.0,0.0,0.0,[],[],[],PASS
K2.5-tp4ep8dp2-8k2k,34,"{""decode_batch_size"":33,""decode_kv_len"":8192,""prefill_batch_size"":2,""prefill_seq_len"":8000,""prefill_tokens"":7967,""total_tokens"":8000}",1123.1632080078125,1123.1632080078125,1123.1632080078125,0.0,0.0,0.0,0.0,[],[],[],PASS
K2.5-tp4ep8dp2-8k2k,35,"{""decode_batch_size"":34,""decode_kv_len"":8192,""prefill_batch_size"":2,""prefill_seq_len"":8000,""prefill_tokens"":7966,""total_tokens"":8000}",1127.3779907226562,1127.3779907226562,1127.3779907226562,0.0,0.0,0.0,0.0,[],[],[],PASS
K2.5-tp4ep8dp2-8k2k,36,"{""decode_batch_size"":35,""decode_kv_len"":8192,""prefill_batch_size"":2,""prefill_seq_len"":8000,""prefill_tokens"":7965,""total_tokens"":8000}",1125.3768310546875,1125.3768310546875,1125.3768310546875,0.0,0.0,0.0,0.0,[],[],[],PASS
K2.5-tp4ep8dp2-8k2k,37,"{""decode_batch_size"":36,""decode_kv_len"":8192,""prefill_batch_size"":2,""prefill_seq_len"":8000,""prefill_tokens"":7964,""total_tokens"":8000}",1127.3361206054688,1127.3361206054688,1127.3361206054688,0.0,0.0,0.0,0.0,[],[],[],PASS
K2.5-tp4ep8dp2-8k2k,38,"{""decode_batch_size"":37,""decode_kv_len"":8192,""prefill_batch_size"":2,""prefill_seq_len"":8000,""prefill_tokens"":7963,""total_tokens"":8000}",1124.6195068359375,1124.6195068359375,1124.6195068359375,0.0,0.0,0.0,0.0,[],[],[],PASS
K2.5-tp4ep8dp2-8k2k,39,"{""decode_batch_size"":38,""decode_kv_len"":8192,""prefill_batch_size"":2,""prefill_seq_len"":8000,""prefill_tokens"":7962,""total_tokens"":8000}",1126.1163940429688,1126.1163940429688,1126.1163940429688,0.0,0.0,0.0,0.0,[],[],[],PASS
K2.5-tp4ep8dp2-8k2k,40,"{""decode_batch_size"":39,""decode_kv_len"":8192,""prefill_batch_size"":2,""prefill_seq_len"":8000,""prefill_tokens"":7961,""total_tokens"":8000}",1127.5411376953125,1127.5411376953125,1127.5411376953125,0.0,0.0,0.0,0.0,[],[],[],PASS
K2.5-tp4ep8dp2-8k2k,41,"{""decode_batch_size"":40,""decode_kv_len"":8192,""prefill_batch_size"":2,""prefill_seq_len"":8000,""prefill_tokens"":7960,""total_tokens"":8000}",1123.8074951171875,1123.8074951171875,1123.8074951171875,0.0,0.0,0.0,0.0,[],[],[],PASS
K2.5-tp4ep8dp2-8k2k,42,"{""decode_batch_size"":41,""decode_kv_len"":8192,""prefill_batch_size"":2,""prefill_seq_len"":8000,""prefill_tokens"":7959,""total_tokens"":8000}",1130.9635009765625,1130.9635009765625,1130.9635009765625,0.0,0.0,0.0,0.0,[],[],[],PASS
K2.5-tp4ep8dp2-8k2k,43,"{""decode_batch_size"":42,""decode_kv_len"":8192,""prefill_batch_size"":2,""prefill_seq_len"":8000,""prefill_tokens"":7958,""total_tokens"":8000}",1127.479736328125,1127.479736328125,1127.479736328125,0.0,0.0,0.0,0.0,[],[],[],PASS
K2.5-tp4ep8dp2-8k2k,44,"{""decode_batch_size"":43,""decode_kv_len"":8192,""prefill_batch_size"":2,""prefill_seq_len"":8000,""prefill_tokens"":7957,""total_tokens"":8000}",1130.4620361328125,1130.4620361328125,1130.4620361328125,0.0,0.0,0.0,0.0,[],[],[],PASS
K2.5-tp4ep8dp2-8k2k,45,"{""decode_batch_size"":44,""decode_kv_len"":8192,""prefill_batch_size"":2,""prefill_seq_len"":8000,""prefill_tokens"":7956,""total_tokens"":8000}",1099.6781616210938,1099.6781616210938,1099.6781616210938,0.0,0.0,0.0,0.0,[],[],[],PASS
K2.5-tp4ep8dp2-8k2k,46,"{""decode_batch_size"":45,""decode_kv_len"":8192,""prefill_batch_size"":2,""prefill_seq_len"":8000,""prefill_tokens"":7955,""total_tokens"":8000}",1127.549072265625,1127.549072265625,1127.549072265625,0.0,0.0,0.0,0.0,[],[],[],PASS
K2.5-tp4ep8dp2-8k2k,47,"{""decode_batch_size"":46,""decode_kv_len"":8192,""prefill_batch_size"":2,""prefill_seq_len"":8000,""prefill_tokens"":7954,""total_tokens"":8000}",1127.4225463867188,1127.4225463867188,1127.4225463867188,0.0,0.0,0.0,0.0,[],[],[],PASS
K2.5-tp4ep8dp2-8k2k,48,"{""decode_batch_size"":47,""decode_kv_len"":8192,""prefill_batch_size"":2,""prefill_seq_len"":8000,""prefill_tokens"":7953,""total_tokens"":8000}",1125.7445068359375,1125.7445068359375,1125.7445068359375,0.0,0.0,0.0,0.0,[],[],[],PASS
K2.5-tp4ep8dp2-8k2k,49,"{""decode_batch_size"":48,""decode_kv_len"":8192,""prefill_batch_size"":2,""prefill_seq_len"":8000,""prefill_tokens"":7952,""total_tokens"":8000}",1129.67236328125,1129.67236328125,1129.67236328125,0.0,0.0,0.0,0.0,[],[],[],PASS
K2.5-tp4ep8dp2-8k2k,50,"{""decode_batch_size"":49,""decode_kv_len"":8192,""prefill_batch_size"":2,""prefill_seq_len"":8000,""prefill_tokens"":7951,""total_tokens"":8000}",1130.0274047851562,1130.0274047851562,1130.0274047851562,0.0,0.0,0.0,0.0,[],[],[],PASS
K2.5-tp4ep8dp2-8k2k,51,"{""decode_batch_size"":50,""decode_kv_len"":8192,""prefill_batch_size"":2,""prefill_seq_len"":8000,""prefill_tokens"":7950,""total_tokens"":8000}",1129.5158081054688,1129.5158081054688,1129.5158081054688,0.0,0.0,0.0,0.0,[],[],[],PASS
K2.5-tp4ep8dp2-8k2k,52,"{""decode_batch_size"":51,""decode_kv_len"":8192,""prefill_batch_size"":2,""prefill_seq_len"":8000,""prefill_tokens"":7949,""total_tokens"":8000}",1131.1844482421875,1131.1844482421875,1131.1844482421875,0.0,0.0,0.0,0.0,[],[],[],PASS
K2.5-tp4ep8dp2-8k2k,53,"{""decode_batch_size"":52,""decode_kv_len"":8192,""prefill_batch_size"":2,""prefill_seq_len"":8000,""prefill_tokens"":7948,""total_tokens"":8000}",1130.3057250976562,1130.3057250976562,1130.3057250976562,0.0,0.0,0.0,0.0,[],[],[],PASS
K2.5-tp4ep8dp2-8k2k,54,"{""decode_batch_size"":53,""decode_kv_len"":8192,""prefill_batch_size"":2,""prefill_seq_len"":8000,""prefill_tokens"":7947,""total_tokens"":8000}",1130.34326171875,1130.34326171875,1130.34326171875,0.0,0.0,0.0,0.0,[],[],[],PASS
K2.5-tp4ep8dp2-8k2k,55,"{""decode_batch_size"":54,""decode_kv_len"":8192,""prefill_batch_size"":2,""prefill_seq_len"":8000,""prefill_tokens"":7946,""total_tokens"":8000}",1125.858154296875,1125.858154296875,1125.858154296875,0.0,0.0,0.0,0.0,[],[],[],PASS
K2.5-tp4ep8dp2-8k2k,56,"{""decode_batch_size"":55,""decode_kv_len"":8192,""prefill_batch_size"":2,""prefill_seq_len"":8000,""prefill_tokens"":7945,""total_tokens"":8000}",1130.797607421875,1130.797607421875,1130.797607421875,0.0,0.0,0.0,0.0,[],[],[],PASS
K2.5-tp4ep8dp2-8k2k,57,"{""decode_batch_size"":56,""decode_kv_len"":8192,""prefill_batch_size"":1,""prefill_seq_len"":8000,""prefill_tokens"":1541,""total_tokens"":1597}",280.2584533691406,280.2584533691406,280.2584533691406,0.0,0.0,0.0,0.0,[],[],[],PASS
K2.5-tp4ep8dp2-8k2k,58,"{""decode_batch_size"":57,""decode_kv_len"":8192,""prefill_batch_size"":0,""prefill_seq_len"":8000,""prefill_tokens"":0,""total_tokens"":57}",39.65998458862305,39.65998458862305,39.65998458862305,0.0,0.0,0.0,0.0,[],[],[],PASS
K2.5-tp4ep8dp2-8k2k,59,"{""decode_batch_size"":56,""decode_kv_len"":8192,""prefill_batch_size"":0,""prefill_seq_len"":8000,""prefill_tokens"":0,""total_tokens"":56}",33.712127685546875,33.712127685546875,33.712127685546875,0.0,0.0,0.0,0.0,[],[],[],PASS
K2.5-tp4ep8dp2-8k2k,60,"{""decode_batch_size"":55,""decode_kv_len"":8192,""prefill_batch_size"":1,""prefill_seq_len"":8000,""prefill_tokens"":7945,""total_tokens"":8000}",1130.797607421875,1130.797607421875,1130.797607421875,0.0,0.0,0.0,0.0,[],[],[],PASS
K2.5-tp4ep8dp2-8k2k,61,"{""decode_batch_size"":55,""decode_kv_len"":8192,""prefill_batch_size"":1,""prefill_seq_len"":8000,""prefill_tokens"":56,""total_tokens"":111}",38.989569022575694,38.989569022575694,38.989569022575694,0.0,0.0,0.0,0.0,[],[],[],PASS
K2.5-tp4ep8dp2-8k2k,62,"{""decode_batch_size"":55,""decode_kv_len"":8192,""prefill_batch_size"":0,""prefill_seq_len"":8000,""prefill_tokens"":0,""total_tokens"":55}",35.356863021850586,35.356863021850586,35.356863021850586,0.0,0.0,0.0,0.0,[],[],[],PASS
K2.5-tp4ep8dp2-8k2k,63,"{""decode_batch_size"":55,""decode_kv_len"":8704,""prefill_batch_size"":0,""prefill_seq_len"":8000,""prefill_tokens"":0,""total_tokens"":55}",35.356863021850586,35.356863021850586,35.356863021850586,0.0,0.0,0.0,0.0,[],[],[],PASS
K2.5-tp4ep8dp2-8k2k,64,"{""decode_batch_size"":54,""decode_kv_len"":8704,""prefill_batch_size"":1,""prefill_seq_len"":8000,""prefill_tokens"":7946,""total_tokens"":8000}",1125.858154296875,1125.858154296875,1125.858154296875,0.0,0.0,0.0,0.0,[],[],[],PASS
K2.5-tp4ep8dp2-8k2k,65,"{""decode_batch_size"":54,""decode_kv_len"":8704,""prefill_batch_size"":1,""prefill_seq_len"":8000,""prefill_tokens"":56,""total_tokens"":110}",39.54733788410395,39.54733788410395,39.54733788410395,0.0,0.0,0.0,0.0,[],[],[],PASS
K2.5-tp4ep8dp2-8k2k,66,"{""decode_batch_size"":54,""decode_kv_len"":8704,""prefill_batch_size"":0,""prefill_seq_len"":8000,""prefill_tokens"":0,""total_tokens"":54}",36.419456481933594,36.419456481933594,36.419456481933594,0.0,0.0,0.0,0.0,[],[],[],PASS
K2.5-tp4ep8dp2-8k2k,67,"{""decode_batch_size"":53,""decode_kv_len"":8704,""prefill_batch_size"":1,""prefill_seq_len"":8000,""prefill_tokens"":7947,""total_tokens"":8000}",1130.34326171875,1130.34326171875,1130.34326171875,0.0,0.0,0.0,0.0,[],[],[],PASS
K2.5-tp4ep8dp2-8k2k,68,"{""decode_batch_size"":53,""decode_kv_len"":8704,""prefill_batch_size"":1,""prefill_seq_len"":8000,""prefill_tokens"":58,""total_tokens"":111}",39.35481160299625,39.35481160299625,39.35481160299625,0.0,0.0,0.0,0.0,[],[],[],PASS
K2.5-tp4ep8dp2-8k2k,69,"{""decode_batch_size"":53,""decode_kv_len"":8704,""prefill_batch_size"":0,""prefill_seq_len"":8000,""prefill_tokens"":0,""total_tokens"":53}",37.18769645690918,37.18769645690918,37.18769645690918,0.0,0.0,0.0,0.0,[],[],[],PASS
K2.5-tp4ep8dp2-8k2k,70,"{""decode_batch_size"":52,""decode_kv_len"":8704,""prefill_batch_size"":1,""prefill_seq_len"":8000,""prefill_tokens"":7948,""total_tokens"":8000}",1130.3057250976562,1130.3057250976562,1130.3057250976562,0.0,0.0,0.0,0.0,[],[],[],PASS
K2.5-tp4ep8dp2-8k2k,71,"{""decode_batch_size"":52,""decode_kv_len"":8704,""prefill_batch_size"":1,""prefill_seq_len"":8000,""prefill_tokens"":64,""total_tokens"":116}",39.24322421581656,39.24322421581656,39.24322421581656,0.0,0.0,0.0,0.0,[],[],[],PASS
K2.5-tp4ep8dp2-8k2k,72,"{""decode_batch_size"":52,""decode_kv_len"":8704,""prefill_batch_size"":0,""prefill_seq_len"":8000,""prefill_tokens"":0,""total_tokens"":52}",37.864688873291016,37.864688873291016,37.864688873291016,0.0,0.0,0.0,0.0,[],[],[],PASS
K2.5-tp4ep8dp2-8k2k,73,"{""decode_batch_size"":52,""decode_kv_len"":9216,""prefill_batch_size"":0,""prefill_seq_len"":8000,""prefill_tokens"":0,""total_tokens"":52}",37.864688873291016,37.864688873291016,37.864688873291016,0.0,0.0,0.0,0.0,[],[],[],PASS
K2.5-tp4ep8dp2-8k2k,74,"{""decode_batch_size"":51,""decode_kv_len"":9216,""prefill_batch_size"":1,""prefill_seq_len"":8000,""prefill_tokens"":7949,""total_tokens"":8000}",1131.1844482421875,1131.1844482421875,1131.1844482421875,0.0,0.0,0.0,0.0,[],[],[],PASS
K2.5-tp4ep8dp2-8k2k,75,"{""decode_batch_size"":51,""decode_kv_len"":9216,""prefill_batch_size"":1,""prefill_seq_len"":8000,""prefill_tokens"":73,""total_tokens"":124}",40.05808475351641,40.05808475351641,40.05808475351641,0.0,0.0,0.0,0.0,[],[],[],PASS
K2.5-tp4ep8dp2-8k2k,76,"{""decode_batch_size"":51,""decode_kv_len"":9216,""prefill_batch_size"":0,""prefill_seq_len"":8000,""prefill_tokens"":0,""total_tokens"":51}",38.925968170166016,38.925968170166016,38.925968170166016,0.0,0.0,0.0,0.0,[],[],[],PASS
K2.5-tp4ep8dp2-8k2k,77,"{""decode_batch_size"":50,""decode_kv_len"":9216,""prefill_batch_size"":1,""prefill_seq_len"":8000,""prefill_tokens"":7950,""total_tokens"":8000}",1129.5158081054688,1129.5158081054688,1129.5158081054688,0.0,0.0,0.0,0.0,[],[],[],PASS
K2.5-tp4ep8dp2-8k2k,78,"{""decode_batch_size"":50,""decode_kv_len"":9216,""prefill_batch_size"":1,""prefill_seq_len"":8000,""prefill_tokens"":84,""total_tokens"":134}",40.20283579160535,40.20283579160535,40.20283579160535,0.0,0.0,0.0,0.0,[],[],[],PASS
K2.5-tp4ep8dp2-8k2k,79,"{""decode_batch_size"":50,""decode_kv_len"":9216,""prefill_batch_size"":0,""prefill_seq_len"":8000,""prefill_tokens"":0,""total_tokens"":50}",39.61529731750488,39.61529731750488,39.61529731750488,0.0,0.0,0.0,0.0,[],[],[],PASS
K2.5-tp4ep8dp2-8k2k,80,"{""decode_batch_size"":49,""decode_kv_len"":9216,""prefill_batch_size"":1,""prefill_seq_len"":8000,""prefill_tokens"":7951,""total_tokens"":8000}",1130.0274047851562,1130.0274047851562,1130.0274047851562,0.0,0.0,0.0,0.0,[],[],[],PASS
K2.5-tp4ep8dp2-8k2k,81,"{""decode_batch_size"":49,""decode_kv_len"":9216,""prefill_batch_size"":1,""prefill_seq_len"":8000,""prefill_tokens"":99,""total_tokens"":148}",40.497709074344215,40.497709074344215,40.497709074344215,0.0,0.0,0.0,0.0,[],[],[],PASS
K2.5-tp4ep8dp2-8k2k,82,"{""decode_batch_size"":49,""decode_kv_len"":9216,""prefill_batch_size"":0,""prefill_seq_len"":8000,""prefill_tokens"":0,""total_tokens"":49}",40.06748962402344,40.06748962402344,40.06748962402344,0.0,0.0,0.0,0.0,[],[],[],PASS
K2.5-tp4ep8dp2-8k2k,83,"{""decode_batch_size"":49,""decode_kv_len"":9728,""prefill_batch_size"":0,""prefill_seq_len"":8000,""prefill_tokens"":0,""total_tokens"":49}",40.06748962402344,40.06748962402344,40.06748962402344,0.0,0.0,0.0,0.0,[],[],[],PASS
K2.5-tp4ep8dp2-8k2k,84,"{""decode_batch_size"":48,""decode_kv_len"":9728,""prefill_batch_size"":1,""prefill_seq_len"":8000,""prefill_tokens"":7952,""total_tokens"":8000}",1129.67236328125,1129.67236328125,1129.67236328125,0.0,0.0,0.0,0.0,[],[],[],PASS
K2.5-tp4ep8dp2-8k2k,85,"{""decode_batch_size"":48,""decode_kv_len"":9728,""prefill_batch_size"":1,""prefill_seq_len"":8000,""prefill_tokens"":117,""total_tokens"":165}",41.56578681904129,41.56578681904129,41.56578681904129,0.0,0.0,0.0,0.0,[],[],[],PASS
K2.5-tp4ep8dp2-8k2k,86,"{""decode_batch_size"":48,""decode_kv_len"":9728,""prefill_batch_size"":0,""prefill_seq_len"":8000,""prefill_tokens"":0,""total_tokens"":48}",35.10409736633301,35.10409736633301,35.10409736633301,0.0,0.0,0.0,0.0,[],[],[],PASS
K2.5-tp4ep8dp2-8k2k,87,"{""decode_batch_size"":47,""decode_kv_len"":9728,""prefill_batch_size"":1,""prefill_seq_len"":8000,""prefill_tokens"":7953,""total_tokens"":8000}",1125.7445068359375,1125.7445068359375,1125.7445068359375,0.0,0.0,0.0,0.0,[],[],[],PASS
K2.5-tp4ep8dp2-8k2k,88,"{""decode_batch_size"":47,""decode_kv_len"":9728,""prefill_batch_size"":1,""prefill_seq_len"":8000,""prefill_tokens"":140,""total_tokens"":187}",39.251576520040075,39.251576520040075,39.251576520040075,0.0,0.0,0.0,0.0,[],[],[],PASS
K2.5-tp4ep8dp2-8k2k,89,"{""decode_batch_size"":47,""decode_kv_len"":9728,""prefill_batch_size"":0,""prefill_seq_len"":8000,""prefill_tokens"":0,""total_tokens"":47}",35.88119888305664,35.88119888305664,35.88119888305664,0.0,0.0,0.0,0.0,[],[],[],PASS
K2.5-tp4ep8dp2-8k2k,90,"{""decode_batch_size"":47,""decode_kv_len"":10240,""prefill_batch_size"":0,""prefill_seq_len"":8000,""prefill_tokens"":0,""total_tokens"":47}",35.88119888305664,35.88119888305664,35.88119888305664,0.0,0.0,0.0,0.0,[],[],[],PASS
K2.5-tp4ep8dp2-8k2k,91,"{""decode_batch_size"":46,""decode_kv_len"":10240,""prefill_batch_size"":1,""prefill_seq_len"":8000,""prefill_tokens"":7954,""total_tokens"":8000}",1127.4225463867188,1127.4225463867188,1127.4225463867188,0.0,0.0,0.0,0.0,[],[],[],PASS
K2.5-tp4ep8dp2-8k2k,92,"{""decode_batch_size"":46,""decode_kv_len"":10240,""prefill_batch_size"":1,""prefill_seq_len"":8000,""prefill_tokens"":166,""total_tokens"":212}",40.71735909005892,40.71735909005892,40.71735909005892,0.0,0.0,0.0,0.0,[],[],[],PASS
K2.5-tp4ep8dp2-8k2k,93,"{""decode_batch_size"":46,""decode_kv_len"":10240,""prefill_batch_size"":0,""prefill_seq_len"":8000,""prefill_tokens"":0,""total_tokens"":46}",36.68340873718262,36.68340873718262,36.68340873718262,0.0,0.0,0.0,0.0,[],[],[],PASS
K2.5-tp4ep8dp2-8k2k,94,"{""decode_batch_size"":45,""decode_kv_len"":10240,""prefill_batch_size"":1,""prefill_seq_len"":8000,""prefill_tokens"":7955,""total_tokens"":8000}",1127.549072265625,1127.549072265625,1127.549072265625,0.0,0.0,0.0,0.0,[],[],[],PASS
K2.5-tp4ep8dp2-8k2k,95,"{""decode_batch_size"":45,""decode_kv_len"":10240,""prefill_batch_size"":1,""prefill_seq_len"":8000,""prefill_tokens"":197,""total_tokens"":242}",43.4381246684311,43.4381246684311,43.4381246684311,0.0,0.0,0.0,0.0,[],[],[],PASS
K2.5-tp4ep8dp2-8k2k,96,"{""decode_batch_size"":45,""decode_kv_len"":10240,""prefill_batch_size"":1,""prefill_seq_len"":8000,""prefill_tokens"":1974,""total_tokens"":2019}",130.87018695115762,130.87018695115762,130.87018695115762,0.0,0.0,0.0,0.0,[],[],[],PASS
K2.5-tp4ep8dp2-8k2k,97,"{""decode_batch_size"":44,""decode_kv_len"":10240,""prefill_batch_size"":2,""prefill_seq_len"":8000,""prefill_tokens"":7956,""total_tokens"":8000}",1099.6781616210938,1099.6781616210938,1099.6781616210938,0.0,0.0,0.0,0.0,[],[],[],PASS
K2.5-tp4ep8dp2-8k2k,98,"{""decode_batch_size"":44,""decode_kv_len"":10240,""prefill_batch_size"":1,""prefill_seq_len"":8000,""prefill_tokens"":7956,""total_tokens"":8000}",1099.6781616210938,1099.6781616210938,1099.6781616210938,0.0,0.0,0.0,0.0,[],[],[],PASS
K2.5-tp4ep8dp2-8k2k,99,"{""decode_batch_size"":43,""decode_kv_len"":10240,""prefill_batch_size"":2,""prefill_seq_len"":8000,""prefill_tokens"":7957,""total_tokens"":8000}",1130.4620361328125,1130.4620361328125,1130.4620361328125,0.0,0.0,0.0,0.0,[],[],[],PASS
K2.5-tp4ep8dp2-8k2k,100,"{""decode_batch_size"":43,""decode_kv_len"":9728,""prefill_batch_size"":2,""prefill_seq_len"":8000,""prefill_tokens"":7957,""total_tokens"":8000}",1130.4620361328125,1130.4620361328125,1130.4620361328125,0.0,0.0,0.0,0.0,[],[],[],PASS
K2.5-tp4ep8dp2-8k2k,101,"{""decode_batch_size"":43,""decode_kv_len"":9216,""prefill_batch_size"":2,""prefill_seq_len"":8000,""prefill_tokens"":7957,""total_tokens"":8000}",1130.4620361328125,1130.4620361328125,1130.4620361328125,0.0,0.0,0.0,0.0,[],[],[],PASS
K2.5-tp4ep8dp2-8k2k,102,"{""decode_batch_size"":43,""decode_kv_len"":8704,""prefill_batch_size"":2,""prefill_seq_len"":8000,""prefill_tokens"":7957,""total_tokens"":8000}",1130.4620361328125,1130.4620361328125,1130.4620361328125,0.0,0.0,0.0,0.0,[],[],[],PASS
K2.5-tp4ep8dp2-8k2k,103,"{""decode_batch_size"":44,""decode_kv_len"":8704,""prefill_batch_size"":2,""prefill_seq_len"":8000,""prefill_tokens"":7956,""total_tokens"":8000}",1099.6781616210938,1099.6781616210938,1099.6781616210938,0.0,0.0,0.0,0.0,[],[],[],PASS
K2.5-tp4ep8dp2-8k2k,104,"{""decode_batch_size"":45,""decode_kv_len"":8704,""prefill_batch_size"":2,""prefill_seq_len"":8000,""prefill_tokens"":7955,""total_tokens"":8000}",1127.549072265625,1127.549072265625,1127.549072265625,0.0,0.0,0.0,0.0,[],[],[],PASS
K2.5-tp4ep8dp2-8k2k,105,"{""decode_batch_size"":46,""decode_kv_len"":8704,""prefill_batch_size"":2,""prefill_seq_len"":8000,""prefill_tokens"":7954,""total_tokens"":8000}",1127.4225463867188,1127.4225463867188,1127.4225463867188,0.0,0.0,0.0,0.0,[],[],[],PASS
K2.5-tp4ep8dp2-8k2k,106,"{""decode_batch_size"":47,""decode_kv_len"":8704,""prefill_batch_size"":2,""prefill_seq_len"":8000,""prefill_tokens"":7953,""total_tokens"":8000}",1125.7445068359375,1125.7445068359375,1125.7445068359375,0.0,0.0,0.0,0.0,[],[],[],PASS
K2.5-tp4ep8dp2-8k2k,107,"{""decode_batch_size"":48,""decode_kv_len"":8704,""prefill_batch_size"":2,""prefill_seq_len"":8000,""prefill_tokens"":7952,""total_tokens"":8000}",1129.67236328125,1129.67236328125,1129.67236328125,0.0,0.0,0.0,0.0,[],[],[],PASS
K2.5-tp4ep8dp2-8k2k,108,"{""decode_batch_size"":49,""decode_kv_len"":8704,""prefill_batch_size"":2,""prefill_seq_len"":8000,""prefill_tokens"":7951,""total_tokens"":8000}",1130.0274047851562,1130.0274047851562,1130.0274047851562,0.0,0.0,0.0,0.0,[],[],[],PASS
K2.5-tp4ep8dp2-8k2k,109,"{""decode_batch_size"":50,""decode_kv_len"":8704,""prefill_batch_size"":2,""prefill_seq_len"":8000,""prefill_tokens"":7950,""total_tokens"":8000}",1129.5158081054688,1129.5158081054688,1129.5158081054688,0.0,0.0,0.0,0.0,[],[],[],PASS
K2.5-tp4ep8dp2-8k2k,110,"{""decode_batch_size"":51,""decode_kv_len"":8704,""prefill_batch_size"":2,""prefill_seq_len"":8000,""prefill_tokens"":7949,""total_tokens"":8000}",1131.1844482421875,1131.1844482421875,1131.1844482421875,0.0,0.0,0.0,0.0,[],[],[],PASS
K2.5-tp4ep8dp2-8k2k,111,"{""decode_batch_size"":52,""decode_kv_len"":8704,""prefill_batch_size"":2,""prefill_seq_len"":8000,""prefill_tokens"":7948,""total_tokens"":8000}",1130.3057250976562,1130.3057250976562,1130.3057250976562,0.0,0.0,0.0,0.0,[],[],[],PASS
K2.5-tp4ep8dp2-8k2k,112,"{""decode_batch_size"":53,""decode_kv_len"":8704,""prefill_batch_size"":2,""prefill_seq_len"":8000,""prefill_tokens"":7947,""total_tokens"":8000}",1130.34326171875,1130.34326171875,1130.34326171875,0.0,0.0,0.0,0.0,[],[],[],PASS
K2.5-tp4ep8dp2-8k2k,113,"{""decode_batch_size"":54,""decode_kv_len"":8704,""prefill_batch_size"":1,""prefill_seq_len"":8000,""prefill_tokens"":3287,""total_tokens"":3341}",190.5837881372466,190.5837881372466,190.5837881372466,0.0,0.0,0.0,0.0,[],[],[],PASS
K2.5-tp4ep8dp2-8k2k,114,"{""decode_batch_size"":54,""decode_kv_len"":8704,""prefill_batch_size"":1,""prefill_seq_len"":8000,""prefill_tokens"":54,""total_tokens"":108}",373.55377197265625,373.55377197265625,373.55377197265625,0.0,0.0,0.0,0.0,[],[],[],PASS
K2.5-tp4ep8dp2-8k2k,115,"{""decode_batch_size"":53,""decode_kv_len"":8704,""prefill_batch_size"":1,""prefill_seq_len"":8000,""prefill_tokens"":53,""total_tokens"":106}",39.25363798558625,39.25363798558625,39.25363798558625,0.0,0.0,0.0,0.0,[],[],[],PASS
K2.5-tp4ep8dp2-8k2k,116,"{""decode_batch_size"":52,""decode_kv_len"":8704,""prefill_batch_size"":1,""prefill_seq_len"":8000,""prefill_tokens"":138,""total_tokens"":190}",39.013053122328465,39.013053122328465,39.013053122328465,0.0,0.0,0.0,0.0,[],[],[],PASS
K2.5-tp4ep8dp2-8k2k,117,"{""decode_batch_size"":51,""decode_kv_len"":9216,""prefill_batch_size"":1,""prefill_seq_len"":8000,""prefill_tokens"":208,""total_tokens"":259}",44.26721707873109,44.26721707873109,44.26721707873109,0.0,0.0,0.0,0.0,[],[],[],PASS
K2.5-tp4ep8dp2-8k2k,118,"{""decode_batch_size"":51,""decode_kv_len"":9216,""prefill_batch_size"":1,""prefill_seq_len"":8000,""prefill_tokens"":165,""total_tokens"":216}",40.55063663090887,40.55063663090887,40.55063663090887,0.0,0.0,0.0,0.0,[],[],[],PASS
K2.5-tp4ep8dp2-8k2k,119,"{""decode_batch_size"":50,""decode_kv_len"":9216,""prefill_batch_size"":1,""prefill_seq_len"":8000,""prefill_tokens"":164,""total_tokens"":214}",40.19479558260345,40.19479558260345,40.19479558260345,0.0,0.0,0.0,0.0,[],[],[],PASS
K2.5-tp4ep8dp2-8k2k,120,"{""decode_batch_size"":49,""decode_kv_len"":9216,""prefill_batch_size"":1,""prefill_seq_len"":8000,""prefill_tokens"":240,""total_tokens"":289}",45.58498984061666,45.58498984061666,45.58498984061666,0.0,0.0,0.0,0.0,[],[],[],PASS
K2.5-tp4ep8dp2-8k2k,121,"{""decode_batch_size"":48,""decode_kv_len"":9728,""prefill_batch_size"":1,""prefill_seq_len"":8000,""prefill_tokens"":271,""total_tokens"":319}",48.326389726907934,48.326389726907934,48.326389726907934,0.0,0.0,0.0,0.0,[],[],[],PASS
K2.5-tp4ep8dp2-8k2k,122,"{""decode_batch_size"":47,""decode_kv_len"":9728,""prefill_batch_size"":1,""prefill_seq_len"":8000,""prefill_tokens"":334,""total_tokens"":381}",53.39577876569139,53.39577876569139,53.39577876569139,0.0,0.0,0.0,0.0,[],[],[],PASS
K2.5-tp4ep8dp2-8k2k,123,"{""decode_batch_size"":47,""decode_kv_len"":9728,""prefill_batch_size"":1,""prefill_seq_len"":8000,""prefill_tokens"":398,""total_tokens"":445}",56.9548393148343,56.9548393148343,56.9548393148343,0.0,0.0,0.0,0.0,[],[],[],PASS
K2.5-tp4ep8dp2-8k2k,124,"{""decode_batch_size"":47,""decode_kv_len"":9728,""prefill_batch_size"":1,""prefill_seq_len"":8000,""prefill_tokens"":47,""total_tokens"":94}",48.62521553039551,48.62521553039551,48.62521553039551,0.0,0.0,0.0,0.0,[],[],[],PASS
K2.5-tp4ep8dp2-8k2k,125,"{""decode_batch_size"":46,""decode_kv_len"":9728,""prefill_batch_size"":1,""prefill_seq_len"":8000,""prefill_tokens"":7954,""total_tokens"":8000}",1127.4225463867188,1127.4225463867188,1127.4225463867188,0.0,0.0,0.0,0.0,[],[],[],PASS
K2.5-tp4ep8dp2-8k2k,126,"{""decode_batch_size"":46,""decode_kv_len"":9728,""prefill_batch_size"":1,""prefill_seq_len"":8000,""prefill_tokens"":52,""total_tokens"":98}",38.91918421155333,38.91918421155333,38.91918421155333,0.0,0.0,0.0,0.0,[],[],[],PASS
K2.5-tp4ep8dp2-8k2k,127,"{""decode_batch_size"":46,""decode_kv_len"":10240,""prefill_batch_size"":1,""prefill_seq_len"":8000,""prefill_tokens"":438,""total_tokens"":484}",59.089169183790915,59.089169183790915,59.089169183790915,0.0,0.0,0.0,0.0,[],[],[],PASS
K2.5-tp4ep8dp2-8k2k,128,"{""decode_batch_size"":46,""decode_kv_len"":10240,""prefill_batch_size"":1,""prefill_seq_len"":8000,""prefill_tokens"":46,""total_tokens"":92}",39.108712648179115,39.108712648179115,39.108712648179115,0.0,0.0,0.0,0.0,[],[],[],PASS
K2.5-tp4ep8dp2-8k2k,129,"{""decode_batch_size"":46,""decode_kv_len"":10240,""prefill_batch_size"":1,""prefill_seq_len"":8000,""prefill_tokens"":471,""total_tokens"":517}",60.54109718341803,60.54109718341803,60.54109718341803,0.0,0.0,0.0,0.0,[],[],[],PASS
K2.5-tp4ep8dp2-8k2k,130,"{""decode_batch_size"":44,""decode_kv_len"":9728,""prefill_batch_size"":2,""prefill_seq_len"":8000,""prefill_tokens"":7956,""total_tokens"":8000}",1099.6781616210938,1099.6781616210938,1099.6781616210938,0.0,0.0,0.0,0.0,[],[],[],PASS
K2.5-tp4ep8dp2-8k2k,131,"{""decode_batch_size"":44,""decode_kv_len"":9216,""prefill_batch_size"":2,""prefill_seq_len"":8000,""prefill_tokens"":7956,""total_tokens"":8000}",1099.6781616210938,1099.6781616210938,1099.6781616210938,0.0,0.0,0.0,0.0,[],[],[],PASS
K2.5-tp4ep8dp2-8k2k,132,"{""decode_batch_size"":55,""decode_kv_len"":8192,""prefill_batch_size"":1,""prefill_seq_len"":8000,""prefill_tokens"":2853,""total_tokens"":2908}",169.6032893383947,169.6032893383947,169.6032893383947,0.0,0.0,0.0,0.0,[],[],[],PASS
K2.5-tp4ep8dp2-8k2k,133,"{""decode_batch_size"":55,""decode_kv_len"":8192,""prefill_batch_size"":1,""prefill_seq_len"":8000,""prefill_tokens"":55,""total_tokens"":110}",38.9693342990937,38.9693342990937,38.9693342990937,0.0,0.0,0.0,0.0,[],[],[],PASS
K2.5-tp4ep8dp2-8k2k,134,"{""decode_batch_size"":53,""decode_kv_len"":8704,""prefill_batch_size"":1,""prefill_seq_len"":8000,""prefill_tokens"":56,""total_tokens"":109}",39.314342156032254,39.314342156032254,39.314342156032254,0.0,0.0,0.0,0.0,[],[],[],PASS
K2.5-tp4ep8dp2-8k2k,135,"{""decode_batch_size"":52,""decode_kv_len"":8704,""prefill_batch_size"":1,""prefill_seq_len"":8000,""prefill_tokens"":60,""total_tokens"":112}",39.16228532188856,39.16228532188856,39.16228532188856,0.0,0.0,0.0,0.0,[],[],[],PASS
K2.5-tp4ep8dp2-8k2k,136,"{""decode_batch_size"":51,""decode_kv_len"":9216,""prefill_batch_size"":1,""prefill_seq_len"":8000,""prefill_tokens"":67,""total_tokens"":118}",39.84746391262439,39.84746391262439,39.84746391262439,0.0,0.0,0.0,0.0,[],[],[],PASS
K2.5-tp4ep8dp2-8k2k,137,"{""decode_batch_size"":50,""decode_kv_len"":9216,""prefill_batch_size"":1,""prefill_seq_len"":8000,""prefill_tokens"":78,""total_tokens"":128}",39.985896496563115,39.985896496563115,39.985896496563115,0.0,0.0,0.0,0.0,[],[],[],PASS
K2.5-tp4ep8dp2-8k2k,138,"{""decode_batch_size"":49,""decode_kv_len"":9216,""prefill_batch_size"":1,""prefill_seq_len"":8000,""prefill_tokens"":93,""total_tokens"":142}",40.27948603411371,40.27948603411371,40.27948603411371,0.0,0.0,0.0,0.0,[],[],[],PASS
K2.5-tp4ep8dp2-8k2k,139,"{""decode_batch_size"":48,""decode_kv_len"":9728,""prefill_batch_size"":1,""prefill_seq_len"":8000,""prefill_tokens"":169,""total_tokens"":217}",40.90494823206516,40.90494823206516,40.90494823206516,0.0,0.0,0.0,0.0,[],[],[],PASS
K2.5-tp4ep8dp2-8k2k,140,"{""decode_batch_size"":47,""decode_kv_len"":9728,""prefill_batch_size"":1,""prefill_seq_len"":8000,""prefill_tokens"":190,""total_tokens"":237}",42.84137835479734,42.84137835479734,42.84137835479734,0.0,0.0,0.0,0.0,[],[],[],PASS
K2.5-tp4ep8dp2-8k2k,141,"{""decode_batch_size"":47,""decode_kv_len"":9728,""prefill_batch_size"":1,""prefill_seq_len"":8000,""prefill_tokens"":1541,""total_tokens"":1588}",246.7354507446289,246.7354507446289,246.7354507446289,0.0,0.0,0.0,0.0,[],[],[],PASS
K2.5-tp4ep8dp2-8k2k,142,"{""decode_batch_size"":47,""decode_kv_len"":9728,""prefill_batch_size"":1,""prefill_seq_len"":8000,""prefill_tokens"":1346,""total_tokens"":1393}",101.1370142285765,101.1370142285765,101.1370142285765,0.0,0.0,0.0,0.0,[],[],[],PASS
K2.5-tp4ep8dp2-8k2k,143,"{""decode_batch_size"":46,""decode_kv_len"":9728,""prefill_batch_size"":1,""prefill_seq_len"":8000,""prefill_tokens"":1348,""total_tokens"":1394}",100.96698576458144,100.96698576458144,100.96698576458144,0.0,0.0,0.0,0.0,[],[],[],PASS
K2.5-tp4ep8dp2-8k2k,144,"{""decode_batch_size"":45,""decode_kv_len"":10240,""prefill_batch_size"":1,""prefill_seq_len"":8000,""prefill_tokens"":1445,""total_tokens"":1490}",105.81910518845062,105.81910518845062,105.81910518845062,0.0,0.0,0.0,0.0,[],[],[],PASS
K2.5-tp4ep8dp2-8k2k,145,"{""decode_batch_size"":45,""decode_kv_len"":10240,""prefill_batch_size"":1,""prefill_seq_len"":8000,""prefill_tokens"":1572,""total_tokens"":1617}",111.72750071132867,111.72750071132867,111.72750071132867,0.0,0.0,0.0,0.0,[],[],[],PASS
K2.5-tp4ep8dp2-8k2k,146,"{""decode_batch_size"":55,""decode_kv_len"":8192,""prefill_batch_size"":1,""prefill_seq_len"":8000,""prefill_tokens"":5410,""total_tokens"":5465}",293.6864535194793,293.6864535194793,293.6864535194793,0.0,0.0,0.0,0.0,[],[],[],PASS
K2.5-tp4ep8dp2-8k2k,147,"{""decode_batch_size"":54,""decode_kv_len"":8704,""prefill_batch_size"":1,""prefill_seq_len"":8000,""prefill_tokens"":80,""total_tokens"":134}",40.27718970182223,40.27718970182223,40.27718970182223,0.0,0.0,0.0,0.0,[],[],[],PASS
K2.5-tp4ep8dp2-8k2k,148,"{""decode_batch_size"":53,""decode_kv_len"":8704,""prefill_batch_size"":1,""prefill_seq_len"":8000,""prefill_tokens"":80,""total_tokens"":133}",40.04314089805882,40.04314089805882,40.04314089805882,0.0,0.0,0.0,0.0,[],[],[],PASS
K2.5-tp4ep8dp2-8k2k,149,"{""decode_batch_size"":52,""decode_kv_len"":8704,""prefill_batch_size"":1,""prefill_seq_len"":8000,""prefill_tokens"":83,""total_tokens"":135}",39.91756174181654,39.91756174181654,39.91756174181654,0.0,0.0,0.0,0.0,[],[],[],PASS
K2.5-tp4ep8dp2-8k2k,150,"{""decode_batch_size"":52,""decode_kv_len"":8704,""prefill_batch_size"":1,""prefill_seq_len"":8000,""prefill_tokens"":377,""total_tokens"":429}",55.7677320784347,55.7677320784347,55.7677320784347,0.0,0.0,0.0,0.0,[],[],[],PASS
K2.5-tp4ep8dp2-8k2k,151,"{""decode_batch_size"":52,""decode_kv_len"":8704,""prefill_batch_size"":1,""prefill_seq_len"":8000,""prefill_tokens"":224,""total_tokens"":276}",44.68552162930185,44.68552162930185,44.68552162930185,0.0,0.0,0.0,0.0,[],[],[],PASS
K2.5-tp4ep8dp2-8k2k,152,"{""decode_batch_size"":51,""decode_kv_len"":9216,""prefill_batch_size"":1,""prefill_seq_len"":8000,""prefill_tokens"":226,""total_tokens"":277}",45.29311910936536,45.29311910936536,45.29311910936536,0.0,0.0,0.0,0.0,[],[],[],PASS
K2.5-tp4ep8dp2-8k2k,153,"{""decode_batch_size"":50,""decode_kv_len"":9216,""prefill_batch_size"":1,""prefill_seq_len"":8000,""prefill_tokens"":226,""total_tokens"":276}",45.04009257418879,45.04009257418879,45.04009257418879,0.0,0.0,0.0,0.0,[],[],[],PASS
K2.5-tp4ep8dp2-8k2k,154,"{""decode_batch_size"":49,""decode_kv_len"":9216,""prefill_batch_size"":1,""prefill_seq_len"":8000,""prefill_tokens"":238,""total_tokens"":287}",45.47100072610175,45.47100072610175,45.47100072610175,0.0,0.0,0.0,0.0,[],[],[],PASS
K2.5-tp4ep8dp2-8k2k,155,"{""decode_batch_size"":48,""decode_kv_len"":9728,""prefill_batch_size"":1,""prefill_seq_len"":8000,""prefill_tokens"":292,""total_tokens"":340}",50.2301359898331,50.2301359898331,50.2301359898331,0.0,0.0,0.0,0.0,[],[],[],PASS
K2.5-tp4ep8dp2-8k2k,156,"{""decode_batch_size"":47,""decode_kv_len"":9728,""prefill_batch_size"":1,""prefill_seq_len"":8000,""prefill_tokens"":377,""total_tokens"":424}",55.934773264696275,55.934773264696275,55.934773264696275,0.0,0.0,0.0,0.0,[],[],[],PASS
K2.5-tp4ep8dp2-8k2k,157,"{""decode_batch_size"":47,""decode_kv_len"":9728,""prefill_batch_size"":1,""prefill_seq_len"":8000,""prefill_tokens"":925,""total_tokens"":972}",81.39768754934116,81.39768754934116,81.39768754934116,0.0,0.0,0.0,0.0,[],[],[],PASS
K2.5-tp4ep8dp2-8k2k,158,"{""decode_batch_size"":47,""decode_kv_len"":9728,""prefill_batch_size"":1,""prefill_seq_len"":8000,""prefill_tokens"":397,""total_tokens"":444}",56.911309313108816,56.911309313108816,56.911309313108816,0.0,0.0,0.0,0.0,[],[],[],PASS
K2.5-tp4ep8dp2-8k2k,159,"{""decode_batch_size"":47,""decode_kv_len"":9728,""prefill_batch_size"":1,""prefill_seq_len"":8000,""prefill_tokens"":1076,""total_tokens"":1123}",88.69486272925508,88.69486272925508,88.69486272925508,0.0,0.0,0.0,0.0,[],[],[],PASS
K2.5-tp4ep8dp2-8k2k,160,"{""decode_batch_size"":47,""decode_kv_len"":9728,""prefill_batch_size"":1,""prefill_seq_len"":8000,""prefill_tokens"":508,""total_tokens"":555}",61.87590581174068,61.87590581174068,61.87590581174068,0.0,0.0,0.0,0.0,[],[],[],PASS
K2.5-tp4ep8dp2-8k2k,161,"{""decode_batch_size"":46,""decode_kv_len"":9728,""prefill_batch_size"":1,""prefill_seq_len"":8000,""prefill_tokens"":518,""total_tokens"":564}",62.09298499579271,62.09298499579271,62.09298499579271,0.0,0.0,0.0,0.0,[],[],[],PASS
K2.5-tp4ep8dp2-8k2k,162,"{""decode_batch_size"":45,""decode_kv_len"":10240,""prefill_batch_size"":1,""prefill_seq_len"":8000,""prefill_tokens"":610,""total_tokens"":655}",66.66838387810405,66.66838387810405,66.66838387810405,0.0,0.0,0.0,0.0,[],[],[],PASS
K2.5-tp4ep8dp2-8k2k,163,"{""decode_batch_size"":55,""decode_kv_len"":8192,""prefill_batch_size"":1,""prefill_seq_len"":8000,""prefill_tokens"":3441,""total_tokens"":3496}",197.73780102049957,197.73780102049957,197.73780102049957,0.0,0.0,0.0,0.0,[],[],[],PASS
K2.5-tp4ep8dp2-8k2k,164,"{""decode_batch_size"":54,""decode_kv_len"":8704,""prefill_batch_size"":1,""prefill_seq_len"":8000,""prefill_tokens"":137,""total_tokens"":191}",39.45292873808317,39.45292873808317,39.45292873808317,0.0,0.0,0.0,0.0,[],[],[],PASS
K2.5-tp4ep8dp2-8k2k,165,"{""decode_batch_size"":53,""decode_kv_len"":8704,""prefill_batch_size"":1,""prefill_seq_len"":8000,""prefill_tokens"":137,""total_tokens"":190}",39.22503252877002,39.22503252877002,39.22503252877002,0.0,0.0,0.0,0.0,[],[],[],PASS
K2.5-tp4ep8dp2-8k2k,166,"{""decode_batch_size"":52,""decode_kv_len"":8704,""prefill_batch_size"":1,""prefill_seq_len"":8000,""prefill_tokens"":140,""total_tokens"":192}",39.044886728071674,39.044886728071674,39.044886728071674,0.0,0.0,0.0,0.0,[],[],[],PASS
K2.5-tp4ep8dp2-8k2k,167,"{""decode_batch_size"":51,""decode_kv_len"":9216,""prefill_batch_size"":1,""prefill_seq_len"":8000,""prefill_tokens"":145,""total_tokens"":196}",39.66198820520192,39.66198820520192,39.66198820520192,0.0,0.0,0.0,0.0,[],[],[],PASS
K2.5-tp4ep8dp2-8k2k,168,"{""decode_batch_size"":50,""decode_kv_len"":9216,""prefill_batch_size"":1,""prefill_seq_len"":8000,""prefill_tokens"":155,""total_tokens"":205}",39.65389963052985,39.65389963052985,39.65389963052985,0.0,0.0,0.0,0.0,[],[],[],PASS
K2.5-tp4ep8dp2-8k2k,169,"{""decode_batch_size"":49,""decode_kv_len"":9216,""prefill_batch_size"":2,""prefill_seq_len"":8000,""prefill_tokens"":7951,""total_tokens"":8000}",1130.0274047851562,1130.0274047851562,1130.0274047851562,0.0,0.0,0.0,0.0,[],[],[],PASS
K2.5-tp4ep8dp2-8k2k,170,"{""decode_batch_size"":50,""decode_kv_len"":9216,""prefill_batch_size"":1,""prefill_seq_len"":8000,""prefill_tokens"":1099,""total_tokens"":1149}",89.82324684149506,89.82324684149506,89.82324684149506,0.0,0.0,0.0,0.0,[],[],[],PASS
K2.5-tp4ep8dp2-8k2k,171,"{""decode_batch_size"":50,""decode_kv_len"":9216,""prefill_batch_size"":1,""prefill_seq_len"":8000,""prefill_tokens"":760,""total_tokens"":810}",73.2774796068723,73.2774796068723,73.2774796068723,0.0,0.0,0.0,0.0,[],[],[],PASS
K2.5-tp4ep8dp2-8k2k,172,"{""decode_batch_size"":49,""decode_kv_len"":9216,""prefill_batch_size"":1,""prefill_seq_len"":8000,""prefill_tokens"":760,""total_tokens"":809}",73.02920272986219,73.02920272986219,73.02920272986219,0.0,0.0,0.0,0.0,[],[],[],PASS
K2.5-tp4ep8dp2-8k2k,173,"{""decode_batch_size"":48,""decode_kv_len"":9216,""prefill_batch_size"":1,""prefill_seq_len"":8000,""prefill_tokens"":7952,""total_tokens"":8000}",1129.67236328125,1129.67236328125,1129.67236328125,0.0,0.0,0.0,0.0,[],[],[],PASS
K2.5-tp4ep8dp2-8k2k,174,"{""decode_batch_size"":48,""decode_kv_len"":9216,""prefill_batch_size"":1,""prefill_seq_len"":8000,""prefill_tokens"":870,""total_tokens"":918}",78.22761986314026,78.22761986314026,78.22761986314026,0.0,0.0,0.0,0.0,[],[],[],PASS
K2.5-tp4ep8dp2-8k2k,175,"{""decode_batch_size"":48,""decode_kv_len"":9728,""prefill_batch_size"":1,""prefill_seq_len"":8000,""prefill_tokens"":949,""total_tokens"":997}",82.85861167060973,82.85861167060973,82.85861167060973,0.0,0.0,0.0,0.0,[],[],[],PASS
K2.5-tp4ep8dp2-8k2k,176,"{""decode_batch_size"":48,""decode_kv_len"":9728,""prefill_batch_size"":1,""prefill_seq_len"":8000,""prefill_tokens"":593,""total_tokens"":641}",66.05961497520184,66.05961497520184,66.05961497520184,0.0,0.0,0.0,0.0,[],[],[],PASS
K2.5-tp4ep8dp2-8k2k,177,"{""decode_batch_size"":47,""decode_kv_len"":9728,""prefill_batch_size"":1,""prefill_seq_len"":8000,""prefill_tokens"":599,""total_tokens"":646}",66.0627596897426,66.0627596897426,66.0627596897426,0.0,0.0,0.0,0.0,[],[],[],PASS
K2.5-tp4ep8dp2-8k2k,178,"{""decode_batch_size"":46,""decode_kv_len"":10240,""prefill_batch_size"":1,""prefill_seq_len"":8000,""prefill_tokens"":608,""total_tokens"":654}",66.85727252947078,66.85727252947078,66.85727252947078,0.0,0.0,0.0,0.0,[],[],[],PASS
K2.5-tp4ep8dp2-8k2k,179,"{""decode_batch_size"":45,""decode_kv_len"":10240,""prefill_batch_size"":1,""prefill_seq_len"":8000,""prefill_tokens"":613,""total_tokens"":658}",66.80137648031595,66.80137648031595,66.80137648031595,0.0,0.0,0.0,0.0,[],[],[],PASS
K2.5-tp4ep8dp2-8k2k,180,"{""decode_batch_size"":44,""decode_kv_len"":10240,""prefill_batch_size"":1,""prefill_seq_len"":8000,""prefill_tokens"":5920,""total_tokens"":5964}",318.28830567437427,318.28830567437427,318.28830567437427,0.0,0.0,0.0,0.0,[],[],[],PASS
K2.5-tp4ep8dp2-8k2k,181,"{""decode_batch_size"":44,""decode_kv_len"":10240,""prefill_batch_size"":0,""prefill_seq_len"":8000,""prefill_tokens"":0,""total_tokens"":44}",33.353248596191406,33.353248596191406,33.353248596191406,0.0,0.0,0.0,0.0,[],[],[],PASS
K2.5-tp4ep8dp2-8k2k,182,"{""decode_batch_size"":43,""decode_kv_len"":10240,""prefill_batch_size"":0,""prefill_seq_len"":8000,""prefill_tokens"":0,""total_tokens"":43}",30.91684255810381,30.91684255810381,30.91684255810381,0.0,0.0,0.0,0.0,[],[],[],PASS
K2.5-tp4ep8dp2-8k2k,183,"{""decode_batch_size"":42,""decode_kv_len"":10240,""prefill_batch_size"":0,""prefill_seq_len"":8000,""prefill_tokens"":0,""total_tokens"":42}",35.18475341796875,35.18475341796875,35.18475341796875,0.0,0.0,0.0,0.0,[],[],[],PASS
K2.5-tp4ep8dp2-8k2k,184,"{""decode_batch_size"":41,""decode_kv_len"":10240,""prefill_batch_size"":0,""prefill_seq_len"":8000,""prefill_tokens"":0,""total_tokens"":41}",35.56694412231445,35.56694412231445,35.56694412231445,0.0,0.0,0.0,0.0,[],[],[],PASS
K2.5-tp4ep8dp2-8k2k,185,"{""decode_batch_size"":40,""decode_kv_len"":10240,""prefill_batch_size"":0,""prefill_seq_len"":8000,""prefill_tokens"":0,""total_tokens"":40}",31.54595184326172,31.54595184326172,31.54595184326172,0.0,0.0,0.0,0.0,[],[],[],PASS
K2.5-tp4ep8dp2-8k2k,186,"{""decode_batch_size"":39,""decode_kv_len"":10240,""prefill_batch_size"":0,""prefill_seq_len"":8000,""prefill_tokens"":0,""total_tokens"":39}",31.529407501220703,31.529407501220703,31.529407501220703,0.0,0.0,0.0,0.0,[],[],[],PASS
K2.5-tp4ep8dp2-8k2k,187,"{""decode_batch_size"":38,""decode_kv_len"":10240,""prefill_batch_size"":0,""prefill_seq_len"":8000,""prefill_tokens"":0,""total_tokens"":38}",31.586159706115723,31.586159706115723,31.586159706115723,0.0,0.0,0.0,0.0,[],[],[],PASS
K2.5-tp4ep8dp2-8k2k,188,"{""decode_batch_size"":37,""decode_kv_len"":10240,""prefill_batch_size"":0,""prefill_seq_len"":8000,""prefill_tokens"":0,""total_tokens"":37}",31.9976167678833,31.9976167678833,31.9976167678833,0.0,0.0,0.0,0.0,[],[],[],PASS
K2.5-tp4ep8dp2-8k2k,189,"{""decode_batch_size"":36,""decode_kv_len"":10240,""prefill_batch_size"":0,""prefill_seq_len"":8000,""prefill_tokens"":0,""total_tokens"":36}",31.968928337097168,31.968928337097168,31.968928337097168,0.0,0.0,0.0,0.0,[],[],[],PASS
K2.5-tp4ep8dp2-8k2k,190,"{""decode_batch_size"":35,""decode_kv_len"":10240,""prefill_batch_size"":0,""prefill_seq_len"":8000,""prefill_tokens"":0,""total_tokens"":35}",32.10854530334473,32.10854530334473,32.10854530334473,0.0,0.0,0.0,0.0,[],[],[],PASS
K2.5-tp4ep8dp2-8k2k,191,"{""decode_batch_size"":34,""decode_kv_len"":10240,""prefill_batch_size"":0,""prefill_seq_len"":8000,""prefill_tokens"":0,""total_tokens"":34}",32.19816017150879,32.19816017150879,32.19816017150879,0.0,0.0,0.0,0.0,[],[],[],PASS
K2.5-tp4ep8dp2-8k2k,192,"{""decode_batch_size"":33,""decode_kv_len"":10240,""prefill_batch_size"":0,""prefill_seq_len"":8000,""prefill_tokens"":0,""total_tokens"":33}",29.418607711791992,29.418607711791992,29.418607711791992,0.0,0.0,0.0,0.0,[],[],[],PASS
K2.5-tp4ep8dp2-8k2k,193,"{""decode_batch_size"":32,""decode_kv_len"":10240,""prefill_batch_size"":0,""prefill_seq_len"":8000,""prefill_tokens"":0,""total_tokens"":32}",25.25124740600586,25.25124740600586,25.25124740600586,0.0,0.0,0.0,0.0,[],[],[],PASS
K2.5-tp4ep8dp2-8k2k,194,"{""decode_batch_size"":31,""decode_kv_len"":10240,""prefill_batch_size"":0,""prefill_seq_len"":8000,""prefill_tokens"":0,""total_tokens"":31}",25.64465618133545,25.64465618133545,25.64465618133545,0.0,0.0,0.0,0.0,[],[],[],PASS
K2.5-tp4ep8dp2-8k2k,195,"{""decode_batch_size"":30,""decode_kv_len"":10240,""prefill_batch_size"":0,""prefill_seq_len"":8000,""prefill_tokens"":0,""total_tokens"":30}",28.128432273864746,28.128432273864746,28.128432273864746,0.0,0.0,0.0,0.0,[],[],[],PASS
K2.5-tp4ep8dp2-8k2k,196,"{""decode_batch_size"":29,""decode_kv_len"":9728,""prefill_batch_size"":0,""prefill_seq_len"":8000,""prefill_tokens"":0,""total_tokens"":29}",28.374367713928223,28.374367713928223,28.374367713928223,0.0,0.0,0.0,0.0,[],[],[],PASS
K2.5-tp4ep8dp2-8k2k,197,"{""decode_batch_size"":28,""decode_kv_len"":9728,""prefill_batch_size"":0,""prefill_seq_len"":8000,""prefill_tokens"":0,""total_tokens"":28}",28.469792366027832,28.469792366027832,28.469792366027832,0.0,0.0,0.0,0.0,[],[],[],PASS
K2.5-tp4ep8dp2-8k2k,198,"{""decode_batch_size"":27,""decode_kv_len"":9728,""prefill_batch_size"":0,""prefill_seq_len"":8000,""prefill_tokens"":0,""total_tokens"":27}",25.33668804168701,25.33668804168701,25.33668804168701,0.0,0.0,0.0,0.0,[],[],[],PASS
K2.5-tp4ep8dp2-8k2k,199,"{""decode_batch_size"":26,""decode_kv_len"":9728,""prefill_batch_size"":0,""prefill_seq_len"":8000,""prefill_tokens"":0,""total_tokens"":26}",24.805472373962402,24.805472373962402,24.805472373962402,0.0,0.0,0.0,0.0,[],[],[],PASS
K2.5-tp4ep8dp2-8k2k,200,"{""decode_batch_size"":25,""decode_kv_len"":9728,""prefill_batch_size"":0,""prefill_seq_len"":8000,""prefill_tokens"":0,""total_tokens"":25}",24.80851173400879,24.80851173400879,24.80851173400879,0.0,0.0,0.0,0.0,[],[],[],PASS
K2.5-tp4ep8dp2-8k2k,201,"{""decode_batch_size"":24,""decode_kv_len"":9728,""prefill_batch_size"":0,""prefill_seq_len"":8000,""prefill_tokens"":0,""total_tokens"":24}",24.00291156768799,24.00291156768799,24.00291156768799,0.0,0.0,0.0,0.0,[],[],[],PASS
K2.5-tp4ep8dp2-8k2k,202,"{""decode_batch_size"":23,""decode_kv_len"":9728,""prefill_batch_size"":0,""prefill_seq_len"":8000,""prefill_tokens"":0,""total_tokens"":23}",22.45249652862549,22.45249652862549,22.45249652862549,0.0,0.0,0.0,0.0,[],[],[],PASS
K2.5-tp4ep8dp2-8k2k,203,"{""decode_batch_size"":22,""decode_kv_len"":9728,""prefill_batch_size"":0,""prefill_seq_len"":8000,""prefill_tokens"":0,""total_tokens"":22}",22.717087745666504,22.717087745666504,22.717087745666504,0.0,0.0,0.0,0.0,[],[],[],PASS
K2.5-tp4ep8dp2-8k2k,204,"{""decode_batch_size"":21,""decode_kv_len"":9728,""prefill_batch_size"":0,""prefill_seq_len"":8000,""prefill_tokens"":0,""total_tokens"":21}",22.49006462097168,22.49006462097168,22.49006462097168,0.0,0.0,0.0,0.0,[],[],[],PASS
K2.5-tp4ep8dp2-8k2k,205,"{""decode_batch_size"":20,""decode_kv_len"":9728,""prefill_batch_size"":0,""prefill_seq_len"":8000,""prefill_tokens"":0,""total_tokens"":20}",23.417360305786133,23.417360305786133,23.417360305786133,0.0,0.0,0.0,0.0,[],[],[],PASS
K2.5-tp4ep8dp2-8k2k,206,"{""decode_batch_size"":19,""decode_kv_len"":9728,""prefill_batch_size"":0,""prefill_seq_len"":8000,""prefill_tokens"":0,""total_tokens"":19}",23.491119384765625,23.491119384765625,23.491119384765625,0.0,0.0,0.0,0.0,[],[],[],PASS
K2.5-tp4ep8dp2-8k2k,207,"{""decode_batch_size"":18,""decode_kv_len"":9728,""prefill_batch_size"":0,""prefill_seq_len"":8000,""prefill_tokens"":0,""total_tokens"":18}",23.713568687438965,23.713568687438965,23.713568687438965,0.0,0.0,0.0,0.0,[],[],[],PASS
K2.5-tp4ep8dp2-8k2k,208,"{""decode_batch_size"":17,""decode_kv_len"":9728,""prefill_batch_size"":0,""prefill_seq_len"":8000,""prefill_tokens"":0,""total_tokens"":17}",24.18217658996582,24.18217658996582,24.18217658996582,0.0,0.0,0.0,0.0,[],[],[],PASS
K2.5-tp4ep8dp2-8k2k,209,"{""decode_batch_size"":16,""decode_kv_len"":9728,""prefill_batch_size"":0,""prefill_seq_len"":8000,""prefill_tokens"":0,""total_tokens"":16}",20.197903633117676,20.197903633117676,20.197903633117676,0.0,0.0,0.0,0.0,[],[],[],PASS
K2.5-tp4ep8dp2-8k2k,210,"{""decode_batch_size"":15,""decode_kv_len"":9728,""prefill_batch_size"":0,""prefill_seq_len"":8000,""prefill_tokens"":0,""total_tokens"":15}",20.33510398864746,20.33510398864746,20.33510398864746,0.0,0.0,0.0,0.0,[],[],[],PASS
K2.5-tp4ep8dp2-8k2k,211,"{""decode_batch_size"":14,""decode_kv_len"":9728,""prefill_batch_size"":0,""prefill_seq_len"":8000,""prefill_tokens"":0,""total_tokens"":14}",20.89620876312256,20.89620876312256,20.89620876312256,0.0,0.0,0.0,0.0,[],[],[],PASS
K2.5-tp4ep8dp2-8k2k,212,"{""decode_batch_size"":13,""decode_kv_len"":9728,""prefill_batch_size"":0,""prefill_seq_len"":8000,""prefill_tokens"":0,""total_tokens"":13}",20.889488220214844,20.889488220214844,20.889488220214844,0.0,0.0,0.0,0.0,[],[],[],PASS
K2.5-tp4ep8dp2-8k2k,213,"{""decode_batch_size"":12,""decode_kv_len"":9728,""prefill_batch_size"":0,""prefill_seq_len"":8000,""prefill_tokens"":0,""total_tokens"":12}",20.837520599365234,20.837520599365234,20.837520599365234,0.0,0.0,0.0,0.0,[],[],[],PASS
K2.5-tp4ep8dp2-8k2k,214,"{""decode_batch_size"":11,""decode_kv_len"":9728,""prefill_batch_size"":0,""prefill_seq_len"":8000,""prefill_tokens"":0,""total_tokens"":11}",21.198287963867188,21.198287963867188,21.198287963867188,0.0,0.0,0.0,0.0,[],[],[],PASS
K2.5-tp4ep8dp2-8k2k,215,"{""decode_batch_size"":10,""decode_kv_len"":9728,""prefill_batch_size"":0,""prefill_seq_len"":8000,""prefill_tokens"":0,""total_tokens"":10}",21.420320510864258,21.420320510864258,21.420320510864258,0.0,0.0,0.0,0.0,[],[],[],PASS
K2.5-tp4ep8dp2-8k2k,216,"{""decode_batch_size"":9,""decode_kv_len"":9216,""prefill_batch_size"":0,""prefill_seq_len"":8000,""prefill_tokens"":0,""total_tokens"":9}",21.352736473083496,21.352736473083496,21.352736473083496,0.0,0.0,0.0,0.0,[],[],[],PASS
K2.5-tp4ep8dp2-8k2k,217,"{""decode_batch_size"":8,""decode_kv_len"":9216,""prefill_batch_size"":0,""prefill_seq_len"":8000,""prefill_tokens"":0,""total_tokens"":8}",16.717040061950684,16.717040061950684,16.717040061950684,0.0,0.0,0.0,0.0,[],[],[],PASS
K2.5-tp4ep8dp2-8k2k,218,"{""decode_batch_size"":7,""decode_kv_len"":9216,""prefill_batch_size"":0,""prefill_seq_len"":8000,""prefill_tokens"":0,""total_tokens"":7}",17.555920600891113,17.555920600891113,17.555920600891113,0.0,0.0,0.0,0.0,[],[],[],PASS
K2.5-tp4ep8dp2-8k2k,219,"{""decode_batch_size"":6,""decode_kv_len"":9216,""prefill_batch_size"":0,""prefill_seq_len"":8000,""prefill_tokens"":0,""total_tokens"":6}",17.592559814453125,17.592559814453125,17.592559814453125,0.0,0.0,0.0,0.0,[],[],[],PASS
K2.5-tp4ep8dp2-8k2k,220,"{""decode_batch_size"":6,""decode_kv_len"":9728,""prefill_batch_size"":0,""prefill_seq_len"":8000,""prefill_tokens"":0,""total_tokens"":6}",17.592559814453125,17.592559814453125,17.592559814453125,0.0,0.0,0.0,0.0,[],[],[],PASS
K2.5-tp4ep8dp2-8k2k,221,"{""decode_batch_size"":5,""decode_kv_len"":9728,""prefill_batch_size"":0,""prefill_seq_len"":8000,""prefill_tokens"":0,""total_tokens"":5}",17.398079872131348,17.398079872131348,17.398079872131348,0.0,0.0,0.0,0.0,[],[],[],PASS
K2.5-tp4ep8dp2-8k2k,222,"{""decode_batch_size"":4,""decode_kv_len"":9728,""prefill_batch_size"":0,""prefill_seq_len"":8000,""prefill_tokens"":0,""total_tokens"":4}",14.94041633605957,14.94041633605957,14.94041633605957,0.0,0.0,0.0,0.0,[],[],[],PASS
K2.5-tp4ep8dp2-8k2k,223,"{""decode_batch_size"":3,""decode_kv_len"":9728,""prefill_batch_size"":0,""prefill_seq_len"":8000,""prefill_tokens"":0,""total_tokens"":3}",15.152927875518799,15.152927875518799,15.152927875518799,0.0,0.0,0.0,0.0,[],[],[],PASS
K2.5-tp4ep8dp2-8k2k,224,"{""decode_batch_size"":3,""decode_kv_len"":10240,""prefill_batch_size"":0,""prefill_seq_len"":8000,""prefill_tokens"":0,""total_tokens"":3}",15.152927875518799,15.152927875518799,15.152927875518799,0.0,0.0,0.0,0.0,[],[],[],PASS
K2.5-tp4ep8dp2-8k2k,225,"{""decode_batch_size"":2,""decode_kv_len"":9728,""prefill_batch_size"":0,""prefill_seq_len"":8000,""prefill_tokens"":0,""total_tokens"":2}",14.599855899810791,14.599855899810791,14.599855899810791,0.0,0.0,0.0,0.0,[],[],[],PASS
K2.5-tp4ep8dp2-8k2k,226,"{""decode_batch_size"":2,""decode_kv_len"":10240,""prefill_batch_size"":0,""prefill_seq_len"":8000,""prefill_tokens"":0,""total_tokens"":2}",14.599855899810791,14.599855899810791,14.599855899810791,0.0,0.0,0.0,0.0,[],[],[],PASS
K2.5-tp4ep8dp2-8k2k,227,"{""decode_batch_size"":1,""decode_kv_len"":10240,""prefill_batch_size"":0,""prefill_seq_len"":8000,""prefill_tokens"":0,""total_tokens"":1}",14.05673599243164,14.05673599243164,14.05673599243164,0.0,0.0,0.0,0.0,[],[],[],PASS
K2.5-tp4ep8dp2-32k3k,0,"{""decode_batch_size"":0,""decode_kv_len"":0,""prefill_batch_size"":1,""prefill_seq_len"":32000,""prefill_tokens"":32000,""total_tokens"":32000}",1256.9363500622885,1256.9363500622885,1256.9363500622885,0.0,0.0,0.0,0.0,[],[],[],PASS
K2.5-tp4ep8dp2-32k3k,1,"{""decode_batch_size"":1,""decode_kv_len"":32256,""prefill_batch_size"":1,""prefill_seq_len"":32000,""prefill_tokens"":31999,""total_tokens"":32000}",4702.673828125,4702.673828125,4702.673828125,0.0,0.0,0.0,0.0,[],[],[],PASS
K2.5-tp4ep8dp2-32k3k,2,"{""decode_batch_size"":1,""decode_kv_len"":32256,""prefill_batch_size"":2,""prefill_seq_len"":32000,""prefill_tokens"":31999,""total_tokens"":32000}",4702.673828125,4702.673828125,4702.673828125,0.0,0.0,0.0,0.0,[],[],[],PASS
K2.5-tp4ep8dp2-32k3k,3,"{""decode_batch_size"":2,""decode_kv_len"":32256,""prefill_batch_size"":2,""prefill_seq_len"":32000,""prefill_tokens"":31998,""total_tokens"":32000}",4704.47802734375,4704.47802734375,4704.47802734375,0.0,0.0,0.0,0.0,[],[],[],PASS
K2.5-tp4ep8dp2-32k3k,4,"{""decode_batch_size"":3,""decode_kv_len"":32256,""prefill_batch_size"":2,""prefill_seq_len"":32000,""prefill_tokens"":31997,""total_tokens"":32000}",4703.476318359375,4703.476318359375,4703.476318359375,0.0,0.0,0.0,0.0,[],[],[],PASS
K2.5-tp4ep8dp2-32k3k,5,"{""decode_batch_size"":4,""decode_kv_len"":32256,""prefill_batch_size"":2,""prefill_seq_len"":32000,""prefill_tokens"":31996,""total_tokens"":32000}",4704.623779296875,4704.623779296875,4704.623779296875,0.0,0.0,0.0,0.0,[],[],[],PASS
K2.5-tp4ep8dp2-32k3k,6,"{""decode_batch_size"":5,""decode_kv_len"":32256,""prefill_batch_size"":2,""prefill_seq_len"":32000,""prefill_tokens"":31995,""total_tokens"":32000}",4701.830322265625,4701.830322265625,4701.830322265625,0.0,0.0,0.0,0.0,[],[],[],PASS
K2.5-tp4ep8dp2-32k3k,7,"{""decode_batch_size"":6,""decode_kv_len"":32256,""prefill_batch_size"":2,""prefill_seq_len"":32000,""prefill_tokens"":31994,""total_tokens"":32000}",4716.1259765625,4716.1259765625,4716.1259765625,0.0,0.0,0.0,0.0,[],[],[],PASS
K2.5-tp4ep8dp2-32k3k,8,"{""decode_batch_size"":7,""decode_kv_len"":32256,""prefill_batch_size"":2,""prefill_seq_len"":32000,""prefill_tokens"":31993,""total_tokens"":32000}",4718.195068359375,4718.195068359375,4718.195068359375,0.0,0.0,0.0,0.0,[],[],[],PASS
K2.5-tp4ep8dp2-32k3k,9,"{""decode_batch_size"":8,""decode_kv_len"":32256,""prefill_batch_size"":2,""prefill_seq_len"":32000,""prefill_tokens"":31992,""total_tokens"":32000}",4719.62744140625,4719.62744140625,4719.62744140625,0.0,0.0,0.0,0.0,[],[],[],PASS
K2.5-tp4ep8dp2-32k3k,10,"{""decode_batch_size"":9,""decode_kv_len"":32256,""prefill_batch_size"":1,""prefill_seq_len"":32000,""prefill_tokens"":37,""total_tokens"":46}",43.80753707885742,43.80753707885742,43.80753707885742,0.0,0.0,0.0,0.0,[],[],[],PASS
K2.5-tp4ep8dp2-32k3k,11,"{""decode_batch_size"":10,""decode_kv_len"":32256,""prefill_batch_size"":0,""prefill_seq_len"":32000,""prefill_tokens"":0,""total_tokens"":10}",18.247966572434933,18.247966572434933,18.247966572434933,0.0,0.0,0.0,0.0,[],[],[],PASS
K2.5-tp4ep8dp2-32k3k,12,"{""decode_batch_size"":9,""decode_kv_len"":32256,""prefill_batch_size"":0,""prefill_seq_len"":32000,""prefill_tokens"":0,""total_tokens"":9}",16.988575030438167,16.988575030438167,16.988575030438167,0.0,0.0,0.0,0.0,[],[],[],PASS
K2.5-tp4ep8dp2-32k3k,13,"{""decode_batch_size"":9,""decode_kv_len"":32256,""prefill_batch_size"":1,""prefill_seq_len"":32000,""prefill_tokens"":31991,""total_tokens"":32000}",4722.88916015625,4722.88916015625,4722.88916015625,0.0,0.0,0.0,0.0,[],[],[],PASS
K2.5-tp4ep8dp2-32k3k,14,"{""decode_batch_size"":9,""decode_kv_len"":32256,""prefill_batch_size"":1,""prefill_seq_len"":32000,""prefill_tokens"":73,""total_tokens"":82}",2824.4560848924352,2824.4560848924352,2824.4560848924352,0.0,0.0,0.0,0.0,[],[],[],PASS
K2.5-tp4ep8dp2-32k3k,15,"{""decode_batch_size"":9,""decode_kv_len"":32256,""prefill_batch_size"":1,""prefill_seq_len"":32000,""prefill_tokens"":9,""total_tokens"":18}",26.607496826728397,26.607496826728397,26.607496826728397,0.0,0.0,0.0,0.0,[],[],[],PASS
K2.5-tp4ep8dp2-32k3k,16,"{""decode_batch_size"":9,""decode_kv_len"":32768,""prefill_batch_size"":0,""prefill_seq_len"":32000,""prefill_tokens"":0,""total_tokens"":9}",17.114885812760527,17.114885812760527,17.114885812760527,0.0,0.0,0.0,0.0,[],[],[],PASS
K2.5-tp4ep8dp2-32k3k,17,"{""decode_batch_size"":9,""decode_kv_len"":33280,""prefill_batch_size"":0,""prefill_seq_len"":32000,""prefill_tokens"":0,""total_tokens"":9}",17.23281597739881,17.23281597739881,17.23281597739881,0.0,0.0,0.0,0.0,[],[],[],PASS
K2.5-tp4ep8dp2-32k3k,18,"{""decode_batch_size"":9,""decode_kv_len"":33792,""prefill_batch_size"":0,""prefill_seq_len"":32000,""prefill_tokens"":0,""total_tokens"":9}",17.350746142037096,17.350746142037096,17.350746142037096,0.0,0.0,0.0,0.0,[],[],[],PASS
K2.5-tp4ep8dp2-32k3k,19,"{""decode_batch_size"":9,""decode_kv_len"":34304,""prefill_batch_size"":0,""prefill_seq_len"":32000,""prefill_tokens"":0,""total_tokens"":9}",17.468676306675384,17.468676306675384,17.468676306675384,0.0,0.0,0.0,0.0,[],[],[],PASS
K2.5-tp4ep8dp2-32k3k,20,"{""decode_batch_size"":9,""decode_kv_len"":34816,""prefill_batch_size"":0,""prefill_seq_len"":32000,""prefill_tokens"":0,""total_tokens"":9}",17.58660647131367,17.58660647131367,17.58660647131367,0.0,0.0,0.0,0.0,[],[],[],PASS
K2.5-tp4ep8dp2-32k3k,21,"{""decode_batch_size"":9,""decode_kv_len"":35328,""prefill_batch_size"":0,""prefill_seq_len"":32000,""prefill_tokens"":0,""total_tokens"":9}",17.704536635951953,17.704536635951953,17.704536635951953,0.0,0.0,0.0,0.0,[],[],[],PASS
K2.5-tp4ep8dp2-32k3k,22,"{""decode_batch_size"":8,""decode_kv_len"":35328,""prefill_batch_size"":1,""prefill_seq_len"":32000,""prefill_tokens"":31992,""total_tokens"":32000}",4719.62744140625,4719.62744140625,4719.62744140625,0.0,0.0,0.0,0.0,[],[],[],PASS
K2.5-tp4ep8dp2-32k3k,23,"{""decode_batch_size"":8,""decode_kv_len"":35328,""prefill_batch_size"":1,""prefill_seq_len"":32000,""prefill_tokens"":10,""total_tokens"":18}",26.55839240805855,26.55839240805855,26.55839240805855,0.0,0.0,0.0,0.0,[],[],[],PASS
K2.5-tp4ep8dp2-32k3k,24,"{""decode_batch_size"":8,""decode_kv_len"":34816,""prefill_batch_size"":1,""prefill_seq_len"":32000,""prefill_tokens"":31992,""total_tokens"":32000}",4719.62744140625,4719.62744140625,4719.62744140625,0.0,0.0,0.0,0.0,[],[],[],PASS
K2.5-tp4ep8dp2-32k3k,25,"{""decode_batch_size"":7,""decode_kv_len"":34816,""prefill_batch_size"":2,""prefill_seq_len"":32000,""prefill_tokens"":31993,""total_tokens"":32000}",4718.195068359375,4718.195068359375,4718.195068359375,0.0,0.0,0.0,0.0,[],[],[],PASS
K2.5-tp4ep8dp2-32k3k,26,"{""decode_batch_size"":7,""decode_kv_len"":34304,""prefill_batch_size"":2,""prefill_seq_len"":32000,""prefill_tokens"":31993,""total_tokens"":32000}",4718.195068359375,4718.195068359375,4718.195068359375,0.0,0.0,0.0,0.0,[],[],[],PASS
K2.5-tp4ep8dp2-32k3k,27,"{""decode_batch_size"":7,""decode_kv_len"":33792,""prefill_batch_size"":2,""prefill_seq_len"":32000,""prefill_tokens"":31993,""total_tokens"":32000}",4718.195068359375,4718.195068359375,4718.195068359375,0.0,0.0,0.0,0.0,[],[],[],PASS
K2.5-tp4ep8dp2-32k3k,28,"{""decode_batch_size"":7,""decode_kv_len"":33280,""prefill_batch_size"":2,""prefill_seq_len"":32000,""prefill_tokens"":31993,""total_tokens"":32000}",4718.195068359375,4718.195068359375,4718.195068359375,0.0,0.0,0.0,0.0,[],[],[],PASS
K2.5-tp4ep8dp2-32k3k,29,"{""decode_batch_size"":7,""decode_kv_len"":32768,""prefill_batch_size"":2,""prefill_seq_len"":32000,""prefill_tokens"":31993,""total_tokens"":32000}",4718.195068359375,4718.195068359375,4718.195068359375,0.0,0.0,0.0,0.0,[],[],[],PASS
K2.5-tp4ep8dp2-32k3k,30,"{""decode_batch_size"":9,""decode_kv_len"":32256,""prefill_batch_size"":1,""prefill_seq_len"":32000,""prefill_tokens"":129,""total_tokens"":138}",2827.786877931309,2827.786877931309,2827.786877931309,0.0,0.0,0.0,0.0,[],[],[],PASS
K2.5-tp4ep8dp2-32k3k,31,"{""decode_batch_size"":8,""decode_kv_len"":35328,""prefill_batch_size"":1,""prefill_seq_len"":32000,""prefill_tokens"":9,""total_tokens"":17}",26.36214803858785,26.36214803858785,26.36214803858785,0.0,0.0,0.0,0.0,[],[],[],PASS
K2.5-tp4ep8dp2-32k3k,32,"{""decode_batch_size"":8,""decode_kv_len"":34816,""prefill_batch_size"":1,""prefill_seq_len"":32000,""prefill_tokens"":68,""total_tokens"":76}",35.20974808307028,35.20974808307028,35.20974808307028,0.0,0.0,0.0,0.0,[],[],[],PASS
K2.5-tp4ep8dp2-32k3k,33,"{""decode_batch_size"":8,""decode_kv_len"":34304,""prefill_batch_size"":1,""prefill_seq_len"":32000,""prefill_tokens"":31992,""total_tokens"":32000}",4719.62744140625,4719.62744140625,4719.62744140625,0.0,0.0,0.0,0.0,[],[],[],PASS
K2.5-tp4ep8dp2-32k3k,34,"{""decode_batch_size"":9,""decode_kv_len"":32256,""prefill_batch_size"":1,""prefill_seq_len"":32000,""prefill_tokens"":58,""total_tokens"":67}",41.33291244506836,41.33291244506836,41.33291244506836,0.0,0.0,0.0,0.0,[],[],[],PASS
K2.5-tp4ep8dp2-32k3k,35,"{""decode_batch_size"":7,""decode_kv_len"":35328,""prefill_batch_size"":2,""prefill_seq_len"":32000,""prefill_tokens"":31993,""total_tokens"":32000}",4718.195068359375,4718.195068359375,4718.195068359375,0.0,0.0,0.0,0.0,[],[],[],PASS
K2.5-tp4ep8dp2-32k3k,36,"{""decode_batch_size"":8,""decode_kv_len"":34816,""prefill_batch_size"":1,""prefill_seq_len"":32000,""prefill_tokens"":72,""total_tokens"":80}",54.84943962097168,54.84943962097168,54.84943962097168,0.0,0.0,0.0,0.0,[],[],[],PASS
K2.5-tp4ep8dp2-32k3k,37,"{""decode_batch_size"":8,""decode_kv_len"":35328,""prefill_batch_size"":1,""prefill_seq_len"":32000,""prefill_tokens"":13,""total_tokens"":21}",27.1656405677666,27.1656405677666,27.1656405677666,0.0,0.0,0.0,0.0,[],[],[],PASS
K2.5-tp4ep8dp2-32k3k,38,"{""decode_batch_size"":8,""decode_kv_len"":34816,""prefill_batch_size"":1,""prefill_seq_len"":32000,""prefill_tokens"":55,""total_tokens"":63}",34.80995611813058,34.80995611813058,34.80995611813058,0.0,0.0,0.0,0.0,[],[],[],PASS
K2.5-tp4ep8dp2-32k3k,39,"{""decode_batch_size"":8,""decode_kv_len"":35328,""prefill_batch_size"":1,""prefill_seq_len"":32000,""prefill_tokens"":8,""total_tokens"":16}",26.165903669117156,26.165903669117156,26.165903669117156,0.0,0.0,0.0,0.0,[],[],[],PASS
K2.5-tp4ep8dp2-32k3k,40,"{""decode_batch_size"":8,""decode_kv_len"":34816,""prefill_batch_size"":1,""prefill_seq_len"":32000,""prefill_tokens"":51,""total_tokens"":59}",34.75331553879873,34.75331553879873,34.75331553879873,0.0,0.0,0.0,0.0,[],[],[],PASS
K2.5-tp4ep8dp2-32k3k,41,"{""decode_batch_size"":8,""decode_kv_len"":34816,""prefill_batch_size"":1,""prefill_seq_len"":32000,""prefill_tokens"":50,""total_tokens"":58}",34.73915539396577,34.73915539396577,34.73915539396577,0.0,0.0,0.0,0.0,[],[],[],PASS
K2.5-tp4ep8dp2-32k3k,42,"{""decode_batch_size"":8,""decode_kv_len"":35328,""prefill_batch_size"":1,""prefill_seq_len"":32000,""prefill_tokens"":40,""total_tokens"":48}",33.348962449262835,33.348962449262835,33.348962449262835,0.0,0.0,0.0,0.0,[],[],[],PASS
K2.5-tp4ep8dp2-32k3k,43,"{""decode_batch_size"":8,""decode_kv_len"":34816,""prefill_batch_size"":1,""prefill_seq_len"":32000,""prefill_tokens"":8,""total_tokens"":16}",26.05721690935966,26.05721690935966,26.05721690935966,0.0,0.0,0.0,0.0,[],[],[],PASS
K2.5-tp4ep8dp2-32k3k,44,"{""decode_batch_size"":8,""decode_kv_len"":34816,""prefill_batch_size"":1,""prefill_seq_len"":32000,""prefill_tokens"":38,""total_tokens"":46}",32.8415936699772,32.8415936699772,32.8415936699772,0.0,0.0,0.0,0.0,[],[],[],PASS
K2.5-tp4ep8dp2-32k3k,45,"{""decode_batch_size"":8,""decode_kv_len"":34816,""prefill_batch_size"":1,""prefill_seq_len"":32000,""prefill_tokens"":37,""total_tokens"":45}",32.64225266021313,32.64225266021313,32.64225266021313,0.0,0.0,0.0,0.0,[],[],[],PASS
K2.5-tp4ep8dp2-32k3k,46,"{""decode_batch_size"":8,""decode_kv_len"":34816,""prefill_batch_size"":1,""prefill_seq_len"":32000,""prefill_tokens"":35,""total_tokens"":43}",32.24357064068499,32.24357064068499,32.24357064068499,0.0,0.0,0.0,0.0,[],[],[],PASS
K2.5-tp4ep8dp2-32k3k,47,"{""decode_batch_size"":8,""decode_kv_len"":34816,""prefill_batch_size"":1,""prefill_seq_len"":32000,""prefill_tokens"":33,""total_tokens"":41}",31.844888621156848,31.844888621156848,31.844888621156848,0.0,0.0,0.0,0.0,[],[],[],PASS
K2.5-tp4ep8dp2-32k3k,48,"{""decode_batch_size"":8,""decode_kv_len"":34816,""prefill_batch_size"":1,""prefill_seq_len"":32000,""prefill_tokens"":30,""total_tokens"":38}",47.7326012259331,47.7326012259331,47.7326012259331,0.0,0.0,0.0,0.0,[],[],[],PASS
K2.5-tp4ep8dp2-32k3k,49,"{""decode_batch_size"":8,""decode_kv_len"":34816,""prefill_batch_size"":1,""prefill_seq_len"":32000,""prefill_tokens"":24,""total_tokens"":32}",29.62349255375465,29.62349255375465,29.62349255375465,0.0,0.0,0.0,0.0,[],[],[],PASS
K2.5-tp4ep8dp2-32k3k,50,"{""decode_batch_size"":8,""decode_kv_len"":34816,""prefill_batch_size"":1,""prefill_seq_len"":32000,""prefill_tokens"":23,""total_tokens"":31}",29.378824849595965,29.378824849595965,29.378824849595965,0.0,0.0,0.0,0.0,[],[],[],PASS
K2.5-tp4ep8dp2-32k3k,51,"{""decode_batch_size"":8,""decode_kv_len"":34816,""prefill_batch_size"":1,""prefill_seq_len"":32000,""prefill_tokens"":22,""total_tokens"":30}",29.13415714543728,29.13415714543728,29.13415714543728,0.0,0.0,0.0,0.0,[],[],[],PASS
K2.5-tp4ep8dp2-32k3k,52,"{""decode_batch_size"":8,""decode_kv_len"":34816,""prefill_batch_size"":1,""prefill_seq_len"":32000,""prefill_tokens"":21,""total_tokens"":29}",28.88948944127859,28.88948944127859,28.88948944127859,0.0,0.0,0.0,0.0,[],[],[],PASS
K2.5-tp4ep8dp2-32k3k,53,"{""decode_batch_size"":8,""decode_kv_len"":34816,""prefill_batch_size"":1,""prefill_seq_len"":32000,""prefill_tokens"":20,""total_tokens"":28}",28.644821737119905,28.644821737119905,28.644821737119905,0.0,0.0,0.0,0.0,[],[],[],PASS
K2.5-tp4ep8dp2-32k3k,54,"{""decode_batch_size"":8,""decode_kv_len"":34816,""prefill_batch_size"":1,""prefill_seq_len"":32000,""prefill_tokens"":19,""total_tokens"":27}",28.40015403296122,28.40015403296122,28.40015403296122,0.0,0.0,0.0,0.0,[],[],[],PASS
K2.5-tp4ep8dp2-32k3k,55,"{""decode_batch_size"":8,""decode_kv_len"":34816,""prefill_batch_size"":1,""prefill_seq_len"":32000,""prefill_tokens"":18,""total_tokens"":26}",28.15548632880253,28.15548632880253,28.15548632880253,0.0,0.0,0.0,0.0,[],[],[],PASS
K2.5-tp4ep8dp2-32k3k,56,"{""decode_batch_size"":8,""decode_kv_len"":34816,""prefill_batch_size"":1,""prefill_seq_len"":32000,""prefill_tokens"":17,""total_tokens"":25}",27.910818624643845,27.910818624643845,27.910818624643845,0.0,0.0,0.0,0.0,[],[],[],PASS
K2.5-tp4ep8dp2-32k3k,57,"{""decode_batch_size"":8,""decode_kv_len"":34816,""prefill_batch_size"":1,""prefill_seq_len"":32000,""prefill_tokens"":11,""total_tokens"":19}",26.650822399691727,26.650822399691727,26.650822399691727,0.0,0.0,0.0,0.0,[],[],[],PASS
K2.5-tp4ep8dp2-32k3k,58,"{""decode_batch_size"":7,""decode_kv_len"":34304,""prefill_batch_size"":1,""prefill_seq_len"":32000,""prefill_tokens"":15,""total_tokens"":22}",40.94335242685389,40.94335242685389,40.94335242685389,0.0,0.0,0.0,0.0,[],[],[],PASS
K2.5-tp4ep8dp2-32k3k,59,"{""decode_batch_size"":7,""decode_kv_len"":33792,""prefill_batch_size"":0,""prefill_seq_len"":32000,""prefill_tokens"":0,""total_tokens"":7}",24.413695085939484,24.413695085939484,24.413695085939484,0.0,0.0,0.0,0.0,[],[],[],PASS
K2.5-tp4ep8dp2-32k3k,60,"{""decode_batch_size"":6,""decode_kv_len"":33280,""prefill_batch_size"":0,""prefill_seq_len"":32000,""prefill_tokens"":0,""total_tokens"":6}",23.13718323305923,23.13718323305923,23.13718323305923,0.0,0.0,0.0,0.0,[],[],[],PASS
K2.5-tp4ep8dp2-32k3k,61,"{""decode_batch_size"":5,""decode_kv_len"":32768,""prefill_batch_size"":0,""prefill_seq_len"":32000,""prefill_tokens"":0,""total_tokens"":5}",21.886512511985345,21.886512511985345,21.886512511985345,0.0,0.0,0.0,0.0,[],[],[],PASS
K2.5-tp4ep8dp2-32k3k,62,"{""decode_batch_size"":4,""decode_kv_len"":32256,""prefill_batch_size"":0,""prefill_seq_len"":32000,""prefill_tokens"":0,""total_tokens"":4}",20.72872769184251,20.72872769184251,20.72872769184251,0.0,0.0,0.0,0.0,[],[],[],PASS
K2.5-tp4ep8dp2-32k3k,63,"{""decode_batch_size"":4,""decode_kv_len"":32768,""prefill_batch_size"":0,""prefill_seq_len"":32000,""prefill_tokens"":0,""total_tokens"":4}",20.718438542648563,20.718438542648563,20.718438542648563,0.0,0.0,0.0,0.0,[],[],[],PASS
K2.5-tp4ep8dp2-32k3k,64,"{""decode_batch_size"":4,""decode_kv_len"":33280,""prefill_batch_size"":0,""prefill_seq_len"":32000,""prefill_tokens"":0,""total_tokens"":4}",20.775443038793316,20.775443038793316,20.775443038793316,0.0,0.0,0.0,0.0,[],[],[],PASS
K2.5-tp4ep8dp2-32k3k,65,"{""decode_batch_size"":4,""decode_kv_len"":33792,""prefill_batch_size"":0,""prefill_seq_len"":32000,""prefill_tokens"":0,""total_tokens"":4}",20.83244753493807,20.83244753493807,20.83244753493807,0.0,0.0,0.0,0.0,[],[],[],PASS
K2.5-tp4ep8dp2-32k3k,66,"{""decode_batch_size"":4,""decode_kv_len"":34304,""prefill_batch_size"":0,""prefill_seq_len"":32000,""prefill_tokens"":0,""total_tokens"":4}",20.88945203108282,20.88945203108282,20.88945203108282,0.0,0.0,0.0,0.0,[],[],[],PASS
K2.5-tp4ep8dp2-32k3k,67,"{""decode_batch_size"":4,""decode_kv_len"":34816,""prefill_batch_size"":0,""prefill_seq_len"":32000,""prefill_tokens"":0,""total_tokens"":4}",20.94645652722757,20.94645652722757,20.94645652722757,0.0,0.0,0.0,0.0,[],[],[],PASS
K2.5-tp4ep8dp2-32k3k,68,"{""decode_batch_size"":4,""decode_kv_len"":35328,""prefill_batch_size"":0,""prefill_seq_len"":32000,""prefill_tokens"":0,""total_tokens"":4}",21.003461023372324,21.003461023372324,21.003461023372324,0.0,0.0,0.0,0.0,[],[],[],PASS
K2.5-tp4ep8dp2-32k3k,69,"{""decode_batch_size"":3,""decode_kv_len"":34816,""prefill_batch_size"":0,""prefill_seq_len"":32000,""prefill_tokens"":0,""total_tokens"":3}",19.821383376610303,19.821383376610303,19.821383376610303,0.0,0.0,0.0,0.0,[],[],[],PASS
K2.5-tp4ep8dp2-32k3k,70,"{""decode_batch_size"":2,""decode_kv_len"":34816,""prefill_batch_size"":0,""prefill_seq_len"":32000,""prefill_tokens"":0,""total_tokens"":2}",18.697330145805715,18.697330145805715,18.697330145805715,0.0,0.0,0.0,0.0,[],[],[],PASS
K2.5-tp4ep8dp2-32k3k,71,"{""decode_batch_size"":2,""decode_kv_len"":35328,""prefill_batch_size"":0,""prefill_seq_len"":32000,""prefill_tokens"":0,""total_tokens"":2}",18.722177474235757,18.722177474235757,18.722177474235757,0.0,0.0,0.0,0.0,[],[],[],PASS
K2.5-tp4ep8dp2-32k3k,72,"{""decode_batch_size"":1,""decode_kv_len"":35328,""prefill_batch_size"":0,""prefill_seq_len"":32000,""prefill_tokens"":0,""total_tokens"":1}",29.53193418699398,29.53193418699398,29.53193418699398,0.0,0.0,0.0,0.0,[],[],[],PASS
K2.5-tp8ep8-8k2k-bt65536,0,"{""decode_batch_size"":0,""decode_kv_len"":0,""prefill_batch_size"":9,""prefill_seq_len"":8000,""prefill_tokens"":65536,""total_tokens"":65536}",1231.5274445865273,1231.5274445865273,1231.5274445865273,0.0,0.0,0.0,0.0,[],[],[],PASS
K2.5-tp8ep8-8k2k-bt65536,1,"{""decode_batch_size"":8,""decode_kv_len"":8192,""prefill_batch_size"":9,""prefill_seq_len"":8000,""prefill_tokens"":65528,""total_tokens"":65536}",1722.9907382251652,1722.9907382251652,1722.9907382251652,0.0,0.0,0.0,0.0,[],[],[],PASS
K2.5-tp8ep8-8k2k-bt65536,2,"{""decode_batch_size"":16,""decode_kv_len"":8192,""prefill_batch_size"":9,""prefill_seq_len"":8000,""prefill_tokens"":65520,""total_tokens"":65536}",1724.1019474275574,1724.1019474275574,1724.1019474275574,0.0,0.0,0.0,0.0,[],[],[],PASS
K2.5-tp8ep8-8k2k-bt65536,3,"{""decode_batch_size"":24,""decode_kv_len"":8192,""prefill_batch_size"":9,""prefill_seq_len"":8000,""prefill_tokens"":65512,""total_tokens"":65536}",1725.5468985843934,1725.5468985843934,1725.5468985843934,0.0,0.0,0.0,0.0,[],[],[],PASS
K2.5-tp8ep8-8k2k-bt65536,4,"{""decode_batch_size"":32,""decode_kv_len"":8192,""prefill_batch_size"":9,""prefill_seq_len"":8000,""prefill_tokens"":65504,""total_tokens"":65536}",1726.9918497412293,1726.9918497412293,1726.9918497412293,0.0,0.0,0.0,0.0,[],[],[],PASS
K2.5-tp8ep8-8k2k-bt65536,5,"{""decode_batch_size"":40,""decode_kv_len"":8192,""prefill_batch_size"":2,""prefill_seq_len"":8000,""prefill_tokens"":8400,""total_tokens"":8440}",335.3163758679122,335.3163758679122,335.3163758679122,0.0,0.0,0.0,0.0,[],[],[],PASS
K2.5-tp8ep8-8k2k-bt65536,6,"{""decode_batch_size"":42,""decode_kv_len"":8192,""prefill_batch_size"":0,""prefill_seq_len"":8000,""prefill_tokens"":0,""total_tokens"":42}",24.303683296367225,24.303683296367225,24.303683296367225,0.0,0.0,0.0,0.0,[],[],[],PASS
K2.5-tp8ep8-8k2k-bt65536,7,"{""decode_batch_size"":41,""decode_kv_len"":8192,""prefill_batch_size"":1,""prefill_seq_len"":8000,""prefill_tokens"":8000,""total_tokens"":8041}",313.17111332394796,313.17111332394796,313.17111332394796,0.0,0.0,0.0,0.0,[],[],[],PASS
K2.5-tp8ep8-8k2k-bt65536,8,"{""decode_batch_size"":41,""decode_kv_len"":8192,""prefill_batch_size"":0,""prefill_seq_len"":8000,""prefill_tokens"":0,""total_tokens"":41}",23.874490835619106,23.874490835619106,23.874490835619106,0.0,0.0,0.0,0.0,[],[],[],PASS
K2.5-tp8ep8-8k2k-bt65536,9,"{""decode_batch_size"":41,""decode_kv_len"":8704,""prefill_batch_size"":0,""prefill_seq_len"":8000,""prefill_tokens"":0,""total_tokens"":41}",24.444960959888785,24.444960959888785,24.444960959888785,0.0,0.0,0.0,0.0,[],[],[],PASS
K2.5-tp8ep8-8k2k-bt65536,10,"{""decode_batch_size"":40,""decode_kv_len"":8704,""prefill_batch_size"":1,""prefill_seq_len"":8000,""prefill_tokens"":8000,""total_tokens"":8040}",313.48447305286965,313.48447305286965,313.48447305286965,0.0,0.0,0.0,0.0,[],[],[],PASS
K2.5-tp8ep8-8k2k-bt65536,11,"{""decode_batch_size"":40,""decode_kv_len"":8704,""prefill_batch_size"":0,""prefill_seq_len"":8000,""prefill_tokens"":0,""total_tokens"":40}",24.00302648801189,24.00302648801189,24.00302648801189,0.0,0.0,0.0,0.0,[],[],[],PASS
K2.5-tp8ep8-8k2k-bt65536,12,"{""decode_batch_size"":39,""decode_kv_len"":8704,""prefill_batch_size"":1,""prefill_seq_len"":8000,""prefill_tokens"":8013,""total_tokens"":8052}",322.36291083548946,322.36291083548946,322.36291083548946,0.0,0.0,0.0,0.0,[],[],[],PASS
K2.5-tp8ep8-8k2k-bt65536,13,"{""decode_batch_size"":39,""decode_kv_len"":8704,""prefill_batch_size"":0,""prefill_seq_len"":8000,""prefill_tokens"":0,""total_tokens"":39}",23.51923624761089,23.51923624761089,23.51923624761089,0.0,0.0,0.0,0.0,[],[],[],PASS
K2.5-tp8ep8-8k2k-bt65536,14,"{""decode_batch_size"":39,""decode_kv_len"":9216,""prefill_batch_size"":0,""prefill_seq_len"":8000,""prefill_tokens"":0,""total_tokens"":39}",24.06422234962303,24.06422234962303,24.06422234962303,0.0,0.0,0.0,0.0,[],[],[],PASS
K2.5-tp8ep8-8k2k-bt65536,15,"{""decode_batch_size"":38,""decode_kv_len"":9216,""prefill_batch_size"":1,""prefill_seq_len"":8000,""prefill_tokens"":8027,""total_tokens"":8065}",323.1288526538661,323.1288526538661,323.1288526538661,0.0,0.0,0.0,0.0,[],[],[],PASS
K2.5-tp8ep8-8k2k-bt65536,16,"{""decode_batch_size"":38,""decode_kv_len"":9216,""prefill_batch_size"":0,""prefill_seq_len"":8000,""prefill_tokens"":0,""total_tokens"":38}",23.609545866617367,23.609545866617367,23.609545866617367,0.0,0.0,0.0,0.0,[],[],[],PASS
K2.5-tp8ep8-8k2k-bt65536,17,"{""decode_batch_size"":37,""decode_kv_len"":9216,""prefill_batch_size"":1,""prefill_seq_len"":8000,""prefill_tokens"":8044,""total_tokens"":8081}",323.4549815394107,323.4549815394107,323.4549815394107,0.0,0.0,0.0,0.0,[],[],[],PASS
K2.5-tp8ep8-8k2k-bt65536,18,"{""decode_batch_size"":37,""decode_kv_len"":9216,""prefill_batch_size"":0,""prefill_seq_len"":8000,""prefill_tokens"":0,""total_tokens"":37}",23.154869383611704,23.154869383611704,23.154869383611704,0.0,0.0,0.0,0.0,[],[],[],PASS
K2.5-tp8ep8-8k2k-bt65536,19,"{""decode_batch_size"":37,""decode_kv_len"":9728,""prefill_batch_size"":0,""prefill_seq_len"":8000,""prefill_tokens"":0,""total_tokens"":37}",23.674371463366306,23.674371463366306,23.674371463366306,0.0,0.0,0.0,0.0,[],[],[],PASS
K2.5-tp8ep8-8k2k-bt65536,20,"{""decode_batch_size"":36,""decode_kv_len"":9728,""prefill_batch_size"":1,""prefill_seq_len"":8000,""prefill_tokens"":8062,""total_tokens"":8098}",324.3229282166415,324.3229282166415,324.3229282166415,0.0,0.0,0.0,0.0,[],[],[],PASS
K2.5-tp8ep8-8k2k-bt65536,21,"{""decode_batch_size"":36,""decode_kv_len"":9728,""prefill_batch_size"":0,""prefill_seq_len"":8000,""prefill_tokens"":0,""total_tokens"":36}",23.216768479407996,23.216768479407996,23.216768479407996,0.0,0.0,0.0,0.0,[],[],[],PASS
K2.5-tp8ep8-8k2k-bt65536,22,"{""decode_batch_size"":35,""decode_kv_len"":9728,""prefill_batch_size"":1,""prefill_seq_len"":8000,""prefill_tokens"":8093,""total_tokens"":8128}",325.12712321389876,325.12712321389876,325.12712321389876,0.0,0.0,0.0,0.0,[],[],[],PASS
K2.5-tp8ep8-8k2k-bt65536,23,"{""decode_batch_size"":35,""decode_kv_len"":9728,""prefill_batch_size"":0,""prefill_seq_len"":8000,""prefill_tokens"":0,""total_tokens"":35}",22.766527128081776,22.766527128081776,22.766527128081776,0.0,0.0,0.0,0.0,[],[],[],PASS
K2.5-tp8ep8-8k2k-bt65536,24,"{""decode_batch_size"":35,""decode_kv_len"":9728,""prefill_batch_size"":1,""prefill_seq_len"":8000,""prefill_tokens"":8128,""total_tokens"":8163}",326.35414352100184,326.35414352100184,326.35414352100184,0.0,0.0,0.0,0.0,[],[],[],PASS
K2.5-tp8ep8-8k2k-bt65536,25,"{""decode_batch_size"":35,""decode_kv_len"":10240,""prefill_batch_size"":0,""prefill_seq_len"":8000,""prefill_tokens"":0,""total_tokens"":35}",23.26054518557884,23.26054518557884,23.26054518557884,0.0,0.0,0.0,0.0,[],[],[],PASS
K2.5-tp8ep8-8k2k-bt65536,26,"{""decode_batch_size"":34,""decode_kv_len"":10240,""prefill_batch_size"":1,""prefill_seq_len"":8000,""prefill_tokens"":8128,""total_tokens"":8162}",326.55282514976454,326.55282514976454,326.55282514976454,0.0,0.0,0.0,0.0,[],[],[],PASS
K2.5-tp8ep8-8k2k-bt65536,27,"{""decode_batch_size"":34,""decode_kv_len"":10240,""prefill_batch_size"":0,""prefill_seq_len"":8000,""prefill_tokens"":0,""total_tokens"":34}",22.797561823123857,22.797561823123857,22.797561823123857,0.0,0.0,0.0,0.0,[],[],[],PASS
K2.5-tp8ep8-8k2k-bt65536,28,"{""decode_batch_size"":26,""decode_kv_len"":10240,""prefill_batch_size"":8,""prefill_seq_len"":8000,""prefill_tokens"":65510,""total_tokens"":65536}",1727.3793649105971,1727.3793649105971,1727.3793649105971,0.0,0.0,0.0,0.0,[],[],[],PASS
K2.5-tp8ep8-8k2k-bt65536,29,"{""decode_batch_size"":25,""decode_kv_len"":9728,""prefill_batch_size"":9,""prefill_seq_len"":8000,""prefill_tokens"":65511,""total_tokens"":65536}",1726.786946436813,1726.786946436813,1726.786946436813,0.0,0.0,0.0,0.0,[],[],[],PASS
K2.5-tp8ep8-8k2k-bt65536,30,"{""decode_batch_size"":25,""decode_kv_len"":9216,""prefill_batch_size"":9,""prefill_seq_len"":8000,""prefill_tokens"":65511,""total_tokens"":65536}",1726.4338034508746,1726.4338034508746,1726.4338034508746,0.0,0.0,0.0,0.0,[],[],[],PASS
K2.5-tp8ep8-8k2k-bt65536,31,"{""decode_batch_size"":25,""decode_kv_len"":8704,""prefill_batch_size"":9,""prefill_seq_len"":8000,""prefill_tokens"":65511,""total_tokens"":65536}",1726.0806604649365,1726.0806604649365,1726.0806604649365,0.0,0.0,0.0,0.0,[],[],[],PASS
K2.5-tp8ep8-8k2k-bt65536,32,"{""decode_batch_size"":31,""decode_kv_len"":8704,""prefill_batch_size"":9,""prefill_seq_len"":8000,""prefill_tokens"":65505,""total_tokens"":65536}",1727.2523587224255,1727.2523587224255,1727.2523587224255,0.0,0.0,0.0,0.0,[],[],[],PASS
K2.5-tp8ep8-8k2k-bt65536,33,"{""decode_batch_size"":39,""decode_kv_len"":8704,""prefill_batch_size"":2,""prefill_seq_len"":8000,""prefill_tokens"":8192,""total_tokens"":8231}",328.63824125128514,328.63824125128514,328.63824125128514,0.0,0.0,0.0,0.0,[],[],[],PASS
K2.5-tp8ep8-8k2k-bt65536,34,"{""decode_batch_size"":40,""decode_kv_len"":8704,""prefill_batch_size"":1,""prefill_seq_len"":8000,""prefill_tokens"":8175,""total_tokens"":8215}",328.29937118003113,328.29937118003113,328.29937118003113,0.0,0.0,0.0,0.0,[],[],[],PASS
K2.5-tp8ep8-8k2k-bt65536,35,"{""decode_batch_size"":39,""decode_kv_len"":8704,""prefill_batch_size"":1,""prefill_seq_len"":8000,""prefill_tokens"":8012,""total_tokens"":8051}",322.32785311242935,322.32785311242935,322.32785311242935,0.0,0.0,0.0,0.0,[],[],[],PASS
K2.5-tp8ep8-8k2k-bt65536,36,"{""decode_batch_size"":38,""decode_kv_len"":8704,""prefill_batch_size"":2,""prefill_seq_len"":8000,""prefill_tokens"":16279,""total_tokens"":16317}",583.6848984727156,583.6848984727156,583.6848984727156,0.0,0.0,0.0,0.0,[],[],[],PASS
K2.5-tp8ep8-8k2k-bt65536,37,"{""decode_batch_size"":39,""decode_kv_len"":8704,""prefill_batch_size"":1,""prefill_seq_len"":8000,""prefill_tokens"":8210,""total_tokens"":8249}",329.2421717462281,329.2421717462281,329.2421717462281,0.0,0.0,0.0,0.0,[],[],[],PASS
K2.5-tp8ep8-8k2k-bt65536,38,"{""decode_batch_size"":37,""decode_kv_len"":9216,""prefill_batch_size"":2,""prefill_seq_len"":8000,""prefill_tokens"":16485,""total_tokens"":16522}",590.8151913987584,590.8151913987584,590.8151913987584,0.0,0.0,0.0,0.0,[],[],[],PASS
K2.5-tp8ep8-8k2k-bt65536,39,"{""decode_batch_size"":37,""decode_kv_len"":9216,""prefill_batch_size"":1,""prefill_seq_len"":8000,""prefill_tokens"":8251,""total_tokens"":8288}",330.62307259916787,330.62307259916787,330.62307259916787,0.0,0.0,0.0,0.0,[],[],[],PASS
K2.5-tp8ep8-8k2k-bt65536,40,"{""decode_batch_size"":36,""decode_kv_len"":9728,""prefill_batch_size"":1,""prefill_seq_len"":8000,""prefill_tokens"":8298,""total_tokens"":8334}",332.43690993859036,332.43690993859036,332.43690993859036,0.0,0.0,0.0,0.0,[],[],[],PASS
K2.5-tp8ep8-8k2k-bt65536,41,"{""decode_batch_size"":35,""decode_kv_len"":9728,""prefill_batch_size"":1,""prefill_seq_len"":8000,""prefill_tokens"":8379,""total_tokens"":8414}",334.8720027998173,334.8720027998173,334.8720027998173,0.0,0.0,0.0,0.0,[],[],[],PASS
K2.5-tp8ep8-8k2k-bt65536,42,"{""decode_batch_size"":35,""decode_kv_len"":9728,""prefill_batch_size"":1,""prefill_seq_len"":8000,""prefill_tokens"":8274,""total_tokens"":8309}",331.3490749126495,331.3490749126495,331.3490749126495,0.0,0.0,0.0,0.0,[],[],[],PASS
K2.5-tp8ep8-8k2k-bt65536,43,"{""decode_batch_size"":34,""decode_kv_len"":9728,""prefill_batch_size"":1,""prefill_seq_len"":8000,""prefill_tokens"":8287,""total_tokens"":8321}",331.50265257075824,331.50265257075824,331.50265257075824,0.0,0.0,0.0,0.0,[],[],[],PASS
K2.5-tp8ep8-8k2k-bt65536,44,"{""decode_batch_size"":34,""decode_kv_len"":10240,""prefill_batch_size"":1,""prefill_seq_len"":8000,""prefill_tokens"":8511,""total_tokens"":8545}",339.49950810975133,339.49950810975133,339.49950810975133,0.0,0.0,0.0,0.0,[],[],[],PASS
K2.5-tp8ep8-8k2k-bt65536,45,"{""decode_batch_size"":34,""decode_kv_len"":10240,""prefill_batch_size"":1,""prefill_seq_len"":8000,""prefill_tokens"":8000,""total_tokens"":8034}",313.38563881988676,313.38563881988676,313.38563881988676,0.0,0.0,0.0,0.0,[],[],[],PASS
K2.5-tp8ep8-8k2k-bt65536,46,"{""decode_batch_size"":28,""decode_kv_len"":10240,""prefill_batch_size"":8,""prefill_seq_len"":8000,""prefill_tokens"":64125,""total_tokens"":64153}",1692.059765886272,1692.059765886272,1692.059765886272,0.0,0.0,0.0,0.0,[],[],[],PASS
K2.5-tp8ep8-8k2k-bt65536,47,"{""decode_batch_size"":28,""decode_kv_len"":9728,""prefill_batch_size"":9,""prefill_seq_len"":8000,""prefill_tokens"":65508,""total_tokens"":65536}",1727.4607804554194,1727.4607804554194,1727.4607804554194,0.0,0.0,0.0,0.0,[],[],[],PASS
K2.5-tp8ep8-8k2k-bt65536,48,"{""decode_batch_size"":28,""decode_kv_len"":9216,""prefill_batch_size"":9,""prefill_seq_len"":8000,""prefill_tokens"":65508,""total_tokens"":65536}",1727.0636450245502,1727.0636450245502,1727.0636450245502,0.0,0.0,0.0,0.0,[],[],[],PASS
K2.5-tp8ep8-8k2k-bt65536,49,"{""decode_batch_size"":28,""decode_kv_len"":8192,""prefill_batch_size"":9,""prefill_seq_len"":8000,""prefill_tokens"":65508,""total_tokens"":65536}",1726.2693741628113,1726.2693741628113,1726.2693741628113,0.0,0.0,0.0,0.0,[],[],[],PASS
K2.5-tp8ep8-8k2k-bt65536,50,"{""decode_batch_size"":35,""decode_kv_len"":8192,""prefill_batch_size"":7,""prefill_seq_len"":8000,""prefill_tokens"":51476,""total_tokens"":51511}",1364.7409246380203,1364.7409246380203,1364.7409246380203,0.0,0.0,0.0,0.0,[],[],[],PASS
K2.5-tp8ep8-8k2k-bt65536,51,"{""decode_batch_size"":39,""decode_kv_len"":8704,""prefill_batch_size"":1,""prefill_seq_len"":8000,""prefill_tokens"":8001,""total_tokens"":8040}",321.9422181587684,321.9422181587684,321.9422181587684,0.0,0.0,0.0,0.0,[],[],[],PASS
K2.5-tp8ep8-8k2k-bt65536,52,"{""decode_batch_size"":38,""decode_kv_len"":9216,""prefill_batch_size"":1,""prefill_seq_len"":8000,""prefill_tokens"":8104,""total_tokens"":8142}",325.8282973294929,325.8282973294929,325.8282973294929,0.0,0.0,0.0,0.0,[],[],[],PASS
K2.5-tp8ep8-8k2k-bt65536,53,"{""decode_batch_size"":37,""decode_kv_len"":9216,""prefill_batch_size"":1,""prefill_seq_len"":8000,""prefill_tokens"":8119,""total_tokens"":8156}",326.08431076891753,326.08431076891753,326.08431076891753,0.0,0.0,0.0,0.0,[],[],[],PASS
K2.5-tp8ep8-8k2k-bt65536,54,"{""decode_batch_size"":36,""decode_kv_len"":9728,""prefill_batch_size"":1,""prefill_seq_len"":8000,""prefill_tokens"":8147,""total_tokens"":8183}",327.302834676749,327.302834676749,327.302834676749,0.0,0.0,0.0,0.0,[],[],[],PASS
K2.5-tp8ep8-8k2k-bt65536,55,"{""decode_batch_size"":35,""decode_kv_len"":9728,""prefill_batch_size"":1,""prefill_seq_len"":8000,""prefill_tokens"":8178,""total_tokens"":8213}",328.1070285906431,328.1070285906431,328.1070285906431,0.0,0.0,0.0,0.0,[],[],[],PASS
K2.5-tp8ep8-8k2k-bt65536,56,"{""decode_batch_size"":35,""decode_kv_len"":9728,""prefill_batch_size"":1,""prefill_seq_len"":8000,""prefill_tokens"":9231,""total_tokens"":9266}",363.4580462271225,363.4580462271225,363.4580462271225,0.0,0.0,0.0,0.0,[],[],[],PASS
K2.5-tp8ep8-8k2k-bt65536,57,"{""decode_batch_size"":35,""decode_kv_len"":9728,""prefill_batch_size"":1,""prefill_seq_len"":8000,""prefill_tokens"":8991,""total_tokens"":9026}",355.4056396278816,355.4056396278816,355.4056396278816,0.0,0.0,0.0,0.0,[],[],[],PASS
K2.5-tp8ep8-8k2k-bt65536,58,"{""decode_batch_size"":33,""decode_kv_len"":10240,""prefill_batch_size"":1,""prefill_seq_len"":8000,""prefill_tokens"":8706,""total_tokens"":8739}",345.746752094489,345.746752094489,345.746752094489,0.0,0.0,0.0,0.0,[],[],[],PASS
K2.5-tp8ep8-8k2k-bt65536,59,"{""decode_batch_size"":27,""decode_kv_len"":10240,""prefill_batch_size"":8,""prefill_seq_len"":8000,""prefill_tokens"":65509,""total_tokens"":65536}",1727.618640398443,1727.618640398443,1727.618640398443,0.0,0.0,0.0,0.0,[],[],[],PASS
K2.5-tp8ep8-8k2k-bt65536,60,"{""decode_batch_size"":26,""decode_kv_len"":9728,""prefill_batch_size"":9,""prefill_seq_len"":8000,""prefill_tokens"":65510,""total_tokens"":65536}",1727.0115577763484,1727.0115577763484,1727.0115577763484,0.0,0.0,0.0,0.0,[],[],[],PASS
K2.5-tp8ep8-8k2k-bt65536,61,"{""decode_batch_size"":26,""decode_kv_len"":9216,""prefill_batch_size"":10,""prefill_seq_len"":8000,""prefill_tokens"":65510,""total_tokens"":65536}",1726.6437506420998,1726.6437506420998,1726.6437506420998,0.0,0.0,0.0,0.0,[],[],[],PASS
K2.5-tp8ep8-8k2k-bt65536,62,"{""decode_batch_size"":27,""decode_kv_len"":8704,""prefill_batch_size"":9,""prefill_seq_len"":8000,""prefill_tokens"":65509,""total_tokens"":65536}",1726.471226550766,1726.471226550766,1726.471226550766,0.0,0.0,0.0,0.0,[],[],[],PASS
K2.5-tp8ep8-8k2k-bt65536,63,"{""decode_batch_size"":33,""decode_kv_len"":8192,""prefill_batch_size"":9,""prefill_seq_len"":8000,""prefill_tokens"":65503,""total_tokens"":65536}",1727.2103967268727,1727.2103967268727,1727.2103967268727,0.0,0.0,0.0,0.0,[],[],[],PASS
K2.5-tp8ep8-8k2k-bt65536,64,"{""decode_batch_size"":41,""decode_kv_len"":8192,""prefill_batch_size"":1,""prefill_seq_len"":8000,""prefill_tokens"":4078,""total_tokens"":4119}",180.00998690479094,180.00998690479094,180.00998690479094,0.0,0.0,0.0,0.0,[],[],[],PASS
K2.5-tp8ep8-8k2k-bt65536,65,"{""decode_batch_size"":40,""decode_kv_len"":8704,""prefill_batch_size"":1,""prefill_seq_len"":8000,""prefill_tokens"":8062,""total_tokens"":8102}",324.3378496607817,324.3378496607817,324.3378496607817,0.0,0.0,0.0,0.0,[],[],[],PASS
K2.5-tp8ep8-8k2k-bt65536,66,"{""decode_batch_size"":39,""decode_kv_len"":8704,""prefill_batch_size"":1,""prefill_seq_len"":8000,""prefill_tokens"":8074,""total_tokens"":8113}",324.50143194215485,324.50143194215485,324.50143194215485,0.0,0.0,0.0,0.0,[],[],[],PASS
K2.5-tp8ep8-8k2k-bt65536,67,"{""decode_batch_size"":38,""decode_kv_len"":8704,""prefill_batch_size"":1,""prefill_seq_len"":8000,""prefill_tokens"":8087,""total_tokens"":8125}",324.700071946588,324.700071946588,324.700071946588,0.0,0.0,0.0,0.0,[],[],[],PASS
K2.5-tp8ep8-8k2k-bt65536,68,"{""decode_batch_size"":37,""decode_kv_len"":9216,""prefill_batch_size"":1,""prefill_seq_len"":8000,""prefill_tokens"":8278,""total_tokens"":8315}",331.52896834158247,331.52896834158247,331.52896834158247,0.0,0.0,0.0,0.0,[],[],[],PASS
K2.5-tp8ep8-8k2k-bt65536,69,"{""decode_batch_size"":36,""decode_kv_len"":9216,""prefill_batch_size"":2,""prefill_seq_len"":8000,""prefill_tokens"":17250,""total_tokens"":17286}",616.768134310936,616.768134310936,616.768134310936,0.0,0.0,0.0,0.0,[],[],[],PASS
K2.5-tp8ep8-8k2k-bt65536,70,"{""decode_batch_size"":37,""decode_kv_len"":9216,""prefill_batch_size"":1,""prefill_seq_len"":8000,""prefill_tokens"":8464,""total_tokens"":8501}",337.7695834559942,337.7695834559942,337.7695834559942,0.0,0.0,0.0,0.0,[],[],[],PASS
K2.5-tp8ep8-8k2k-bt65536,71,"{""decode_batch_size"":36,""decode_kv_len"":9216,""prefill_batch_size"":1,""prefill_seq_len"":8000,""prefill_tokens"":8470,""total_tokens"":8506}",337.7010412660872,337.7010412660872,337.7010412660872,0.0,0.0,0.0,0.0,[],[],[],PASS
K2.5-tp8ep8-8k2k-bt65536,72,"{""decode_batch_size"":36,""decode_kv_len"":9216,""prefill_batch_size"":1,""prefill_seq_len"":8000,""prefill_tokens"":8968,""total_tokens"":9004}",354.4097849595121,354.4097849595121,354.4097849595121,0.0,0.0,0.0,0.0,[],[],[],PASS
K2.5-tp8ep8-8k2k-bt65536,73,"{""decode_batch_size"":36,""decode_kv_len"":9728,""prefill_batch_size"":1,""prefill_seq_len"":8000,""prefill_tokens"":8256,""total_tokens"":8292}",331.02773878372324,331.02773878372324,331.02773878372324,0.0,0.0,0.0,0.0,[],[],[],PASS
K2.5-tp8ep8-8k2k-bt65536,74,"{""decode_batch_size"":35,""decode_kv_len"":9728,""prefill_batch_size"":1,""prefill_seq_len"":8000,""prefill_tokens"":8273,""total_tokens"":8308}",331.3155232184859,331.3155232184859,331.3155232184859,0.0,0.0,0.0,0.0,[],[],[],PASS
K2.5-tp8ep8-8k2k-bt65536,75,"{""decode_batch_size"":34,""decode_kv_len"":9728,""prefill_batch_size"":1,""prefill_seq_len"":8000,""prefill_tokens"":8288,""total_tokens"":8322}",331.5362042649218,331.5362042649218,331.5362042649218,0.0,0.0,0.0,0.0,[],[],[],PASS
K2.5-tp8ep8-8k2k-bt65536,76,"{""decode_batch_size"":33,""decode_kv_len"":10240,""prefill_batch_size"":2,""prefill_seq_len"":8000,""prefill_tokens"":17331,""total_tokens"":17364}",619.6721613213123,619.6721613213123,619.6721613213123,0.0,0.0,0.0,0.0,[],[],[],PASS
K2.5-tp8ep8-8k2k-bt65536,77,"{""decode_batch_size"":32,""decode_kv_len"":10240,""prefill_batch_size"":2,""prefill_seq_len"":8000,""prefill_tokens"":17917,""total_tokens"":17949}",639.4638276666988,639.4638276666988,639.4638276666988,0.0,0.0,0.0,0.0,[],[],[],PASS
K2.5-tp8ep8-8k2k-bt65536,78,"{""decode_batch_size"":26,""decode_kv_len"":10240,""prefill_batch_size"":9,""prefill_seq_len"":8000,""prefill_tokens"":65510,""total_tokens"":65536}",1727.3793649105971,1727.3793649105971,1727.3793649105971,0.0,0.0,0.0,0.0,[],[],[],PASS
K2.5-tp8ep8-8k2k-bt65536,79,"{""decode_batch_size"":36,""decode_kv_len"":8192,""prefill_batch_size"":6,""prefill_seq_len"":8000,""prefill_tokens"":41960,""total_tokens"":41996}",1118.739093365178,1118.739093365178,1118.739093365178,0.0,0.0,0.0,0.0,[],[],[],PASS
K2.5-tp8ep8-8k2k-bt65536,80,"{""decode_batch_size"":40,""decode_kv_len"":8704,""prefill_batch_size"":1,""prefill_seq_len"":8000,""prefill_tokens"":8079,""total_tokens"":8119}",324.93383095280325,324.93383095280325,324.93383095280325,0.0,0.0,0.0,0.0,[],[],[],PASS
K2.5-tp8ep8-8k2k-bt65536,81,"{""decode_batch_size"":39,""decode_kv_len"":8704,""prefill_batch_size"":1,""prefill_seq_len"":8000,""prefill_tokens"":8087,""total_tokens"":8126}",324.957182341936,324.957182341936,324.957182341936,0.0,0.0,0.0,0.0,[],[],[],PASS
K2.5-tp8ep8-8k2k-bt65536,82,"{""decode_batch_size"":38,""decode_kv_len"":9216,""prefill_batch_size"":1,""prefill_seq_len"":8000,""prefill_tokens"":8100,""total_tokens"":8138}",325.6880664372526,325.6880664372526,325.6880664372526,0.0,0.0,0.0,0.0,[],[],[],PASS
K2.5-tp8ep8-8k2k-bt65536,83,"{""decode_batch_size"":37,""decode_kv_len"":9216,""prefill_batch_size"":1,""prefill_seq_len"":8000,""prefill_tokens"":8154,""total_tokens"":8191}",327.31133107602056,327.31133107602056,327.31133107602056,0.0,0.0,0.0,0.0,[],[],[],PASS
K2.5-tp8ep8-8k2k-bt65536,84,"{""decode_batch_size"":36,""decode_kv_len"":9216,""prefill_batch_size"":1,""prefill_seq_len"":8000,""prefill_tokens"":8226,""total_tokens"":8262}",329.5144278901923,329.5144278901923,329.5144278901923,0.0,0.0,0.0,0.0,[],[],[],PASS
K2.5-tp8ep8-8k2k-bt65536,85,"{""decode_batch_size"":35,""decode_kv_len"":9728,""prefill_batch_size"":1,""prefill_seq_len"":8000,""prefill_tokens"":8381,""total_tokens"":8416}",334.93910618814436,334.93910618814436,334.93910618814436,0.0,0.0,0.0,0.0,[],[],[],PASS
K2.5-tp8ep8-8k2k-bt65536,86,"{""decode_batch_size"":34,""decode_kv_len"":10240,""prefill_batch_size"":1,""prefill_seq_len"":8000,""prefill_tokens"":8507,""total_tokens"":8541}",339.36530133309736,339.36530133309736,339.36530133309736,0.0,0.0,0.0,0.0,[],[],[],PASS
K2.5-tp8ep8-8k2k-bt65536,87,"{""decode_batch_size"":25,""decode_kv_len"":9216,""prefill_batch_size"":10,""prefill_seq_len"":8000,""prefill_tokens"":65511,""total_tokens"":65536}",1726.4338034508746,1726.4338034508746,1726.4338034508746,0.0,0.0,0.0,0.0,[],[],[],PASS
K2.5-tp8ep8-8k2k-bt65536,88,"{""decode_batch_size"":26,""decode_kv_len"":8704,""prefill_batch_size"":9,""prefill_seq_len"":8000,""prefill_tokens"":65510,""total_tokens"":65536}",1726.2759435078513,1726.2759435078513,1726.2759435078513,0.0,0.0,0.0,0.0,[],[],[],PASS
K2.5-tp8ep8-8k2k-bt65536,89,"{""decode_batch_size"":40,""decode_kv_len"":8192,""prefill_batch_size"":2,""prefill_seq_len"":8000,""prefill_tokens"":11555,""total_tokens"":11595}",441.195872339685,441.195872339685,441.195872339685,0.0,0.0,0.0,0.0,[],[],[],PASS
K2.5-tp8ep8-8k2k-bt65536,90,"{""decode_batch_size"":40,""decode_kv_len"":8704,""prefill_batch_size"":1,""prefill_seq_len"":8000,""prefill_tokens"":8094,""total_tokens"":8134}",325.45969679870456,325.45969679870456,325.45969679870456,0.0,0.0,0.0,0.0,[],[],[],PASS
K2.5-tp8ep8-8k2k-bt65536,91,"{""decode_batch_size"":39,""decode_kv_len"":8704,""prefill_batch_size"":1,""prefill_seq_len"":8000,""prefill_tokens"":8094,""total_tokens"":8133}",325.2025864033566,325.2025864033566,325.2025864033566,0.0,0.0,0.0,0.0,[],[],[],PASS
K2.5-tp8ep8-8k2k-bt65536,92,"{""decode_batch_size"":38,""decode_kv_len"":9216,""prefill_batch_size"":1,""prefill_seq_len"":8000,""prefill_tokens"":8107,""total_tokens"":8145}",325.93347049867316,325.93347049867316,325.93347049867316,0.0,0.0,0.0,0.0,[],[],[],PASS
K2.5-tp8ep8-8k2k-bt65536,93,"{""decode_batch_size"":36,""decode_kv_len"":9728,""prefill_batch_size"":1,""prefill_seq_len"":8000,""prefill_tokens"":8992,""total_tokens"":9028}",355.721785688062,355.721785688062,355.721785688062,0.0,0.0,0.0,0.0,[],[],[],PASS
K2.5-tp8ep8-8k2k-bt65536,94,"{""decode_batch_size"":35,""decode_kv_len"":9728,""prefill_batch_size"":1,""prefill_seq_len"":8000,""prefill_tokens"":8992,""total_tokens"":9027}",355.4391913220452,355.4391913220452,355.4391913220452,0.0,0.0,0.0,0.0,[],[],[],PASS
K2.5-tp8ep8-8k2k-bt65536,95,"{""decode_batch_size"":35,""decode_kv_len"":9728,""prefill_batch_size"":1,""prefill_seq_len"":8000,""prefill_tokens"":9245,""total_tokens"":9280}",363.92776994541157,363.92776994541157,363.92776994541157,0.0,0.0,0.0,0.0,[],[],[],PASS
K2.5-tp8ep8-8k2k-bt65536,96,"{""decode_batch_size"":35,""decode_kv_len"":9728,""prefill_batch_size"":1,""prefill_seq_len"":8000,""prefill_tokens"":8123,""total_tokens"":8158}",326.17885490570137,326.17885490570137,326.17885490570137,0.0,0.0,0.0,0.0,[],[],[],PASS
K2.5-tp8ep8-8k2k-bt65536,97,"{""decode_batch_size"":34,""decode_kv_len"":9728,""prefill_batch_size"":1,""prefill_seq_len"":8000,""prefill_tokens"":8154,""total_tokens"":8188}",326.98304990295867,326.98304990295867,326.98304990295867,0.0,0.0,0.0,0.0,[],[],[],PASS
K2.5-tp8ep8-8k2k-bt65536,98,"{""decode_batch_size"":31,""decode_kv_len"":10240,""prefill_batch_size"":3,""prefill_seq_len"":8000,""prefill_tokens"":26347,""total_tokens"":26378}",917.1509601419813,917.1509601419813,917.1509601419813,0.0,0.0,0.0,0.0,[],[],[],PASS
K2.5-tp8ep8-8k2k-bt65536,99,"{""decode_batch_size"":36,""decode_kv_len"":8192,""prefill_batch_size"":6,""prefill_seq_len"":8000,""prefill_tokens"":42661,""total_tokens"":42697}",1136.8872822019607,1136.8872822019607,1136.8872822019607,0.0,0.0,0.0,0.0,[],[],[],PASS
K2.5-tp8ep8-8k2k-bt65536,100,"{""decode_batch_size"":39,""decode_kv_len"":8704,""prefill_batch_size"":1,""prefill_seq_len"":8000,""prefill_tokens"":8462,""total_tokens"":8501}",337.69719867543114,337.69719867543114,337.69719867543114,0.0,0.0,0.0,0.0,[],[],[],PASS
K2.5-tp8ep8-8k2k-bt65536,101,"{""decode_batch_size"":39,""decode_kv_len"":8704,""prefill_batch_size"":1,""prefill_seq_len"":8000,""prefill_tokens"":8255,""total_tokens"":8294}",330.7519979835858,330.7519979835858,330.7519979835858,0.0,0.0,0.0,0.0,[],[],[],PASS
K2.5-tp8ep8-8k2k-bt65536,102,"{""decode_batch_size"":38,""decode_kv_len"":9216,""prefill_batch_size"":1,""prefill_seq_len"":8000,""prefill_tokens"":8268,""total_tokens"":8306}",331.46330375483547,331.46330375483547,331.46330375483547,0.0,0.0,0.0,0.0,[],[],[],PASS
K2.5-tp8ep8-8k2k-bt65536,103,"{""decode_batch_size"":37,""decode_kv_len"":9216,""prefill_batch_size"":1,""prefill_seq_len"":8000,""prefill_tokens"":8331,""total_tokens"":8368}",333.3072081322482,333.3072081322482,333.3072081322482,0.0,0.0,0.0,0.0,[],[],[],PASS
K2.5-tp8ep8-8k2k-bt65536,104,"{""decode_batch_size"":36,""decode_kv_len"":9728,""prefill_batch_size"":1,""prefill_seq_len"":8000,""prefill_tokens"":8344,""total_tokens"":8380}",333.98028787011157,333.98028787011157,333.98028787011157,0.0,0.0,0.0,0.0,[],[],[],PASS
K2.5-tp8ep8-8k2k-bt65536,105,"{""decode_batch_size"":35,""decode_kv_len"":9728,""prefill_batch_size"":1,""prefill_seq_len"":8000,""prefill_tokens"":8391,""total_tokens"":8426}",335.2746231297794,335.2746231297794,335.2746231297794,0.0,0.0,0.0,0.0,[],[],[],PASS
K2.5-tp8ep8-8k2k-bt65536,106,"{""decode_batch_size"":34,""decode_kv_len"":9728,""prefill_batch_size"":1,""prefill_seq_len"":8000,""prefill_tokens"":8488,""total_tokens"":8522}",338.24654309762246,338.24654309762246,338.24654309762246,0.0,0.0,0.0,0.0,[],[],[],PASS
K2.5-tp8ep8-8k2k-bt65536,107,"{""decode_batch_size"":34,""decode_kv_len"":10240,""prefill_batch_size"":1,""prefill_seq_len"":8000,""prefill_tokens"":8602,""total_tokens"":8636}",342.5527122786302,342.5527122786302,342.5527122786302,0.0,0.0,0.0,0.0,[],[],[],PASS
K2.5-tp8ep8-8k2k-bt65536,108,"{""decode_batch_size"":34,""decode_kv_len"":10240,""prefill_batch_size"":1,""prefill_seq_len"":8000,""prefill_tokens"":8508,""total_tokens"":8542}",339.3988530272609,339.3988530272609,339.3988530272609,0.0,0.0,0.0,0.0,[],[],[],PASS
K2.5-tp8ep8-8k2k-bt65536,109,"{""decode_batch_size"":28,""decode_kv_len"":10240,""prefill_batch_size"":7,""prefill_seq_len"":8000,""prefill_tokens"":57155,""total_tokens"":57183}",1511.7058050162877,1511.7058050162877,1511.7058050162877,0.0,0.0,0.0,0.0,[],[],[],PASS
K2.5-tp8ep8-8k2k-bt65536,110,"{""decode_batch_size"":27,""decode_kv_len"":9728,""prefill_batch_size"":9,""prefill_seq_len"":8000,""prefill_tokens"":65509,""total_tokens"":65536}",1727.236169115884,1727.236169115884,1727.236169115884,0.0,0.0,0.0,0.0,[],[],[],PASS
K2.5-tp8ep8-8k2k-bt65536,111,"{""decode_batch_size"":27,""decode_kv_len"":9216,""prefill_batch_size"":9,""prefill_seq_len"":8000,""prefill_tokens"":65509,""total_tokens"":65536}",1726.853697833325,1726.853697833325,1726.853697833325,0.0,0.0,0.0,0.0,[],[],[],PASS
K2.5-tp8ep8-8k2k-bt65536,112,"{""decode_batch_size"":40,""decode_kv_len"":8192,""prefill_batch_size"":2,""prefill_seq_len"":8000,""prefill_tokens"":9969,""total_tokens"":10009}",387.96575367795714,387.96575367795714,387.96575367795714,0.0,0.0,0.0,0.0,[],[],[],PASS
K2.5-tp8ep8-8k2k-bt65536,113,"{""decode_batch_size"":38,""decode_kv_len"":9216,""prefill_batch_size"":1,""prefill_seq_len"":8000,""prefill_tokens"":8026,""total_tokens"":8064}",323.093794930806,323.093794930806,323.093794930806,0.0,0.0,0.0,0.0,[],[],[],PASS
K2.5-tp8ep8-8k2k-bt65536,114,"{""decode_batch_size"":37,""decode_kv_len"":9216,""prefill_batch_size"":1,""prefill_seq_len"":8000,""prefill_tokens"":8042,""total_tokens"":8079}",323.38486609329067,323.38486609329067,323.38486609329067,0.0,0.0,0.0,0.0,[],[],[],PASS
K2.5-tp8ep8-8k2k-bt65536,115,"{""decode_batch_size"":36,""decode_kv_len"":9728,""prefill_batch_size"":1,""prefill_seq_len"":8000,""prefill_tokens"":8071,""total_tokens"":8107}",324.63844772418236,324.63844772418236,324.63844772418236,0.0,0.0,0.0,0.0,[],[],[],PASS
K2.5-tp8ep8-8k2k-bt65536,116,"{""decode_batch_size"":35,""decode_kv_len"":9728,""prefill_batch_size"":1,""prefill_seq_len"":8000,""prefill_tokens"":8144,""total_tokens"":8179}",326.9150670899633,326.9150670899633,326.9150670899633,0.0,0.0,0.0,0.0,[],[],[],PASS
K2.5-tp8ep8-8k2k-bt65536,117,"{""decode_batch_size"":35,""decode_kv_len"":9728,""prefill_batch_size"":1,""prefill_seq_len"":8000,""prefill_tokens"":8976,""total_tokens"":9011}",354.9023642154291,354.9023642154291,354.9023642154291,0.0,0.0,0.0,0.0,[],[],[],PASS
K2.5-tp8ep8-8k2k-bt65536,118,"{""decode_batch_size"":35,""decode_kv_len"":9728,""prefill_batch_size"":1,""prefill_seq_len"":8000,""prefill_tokens"":8750,""total_tokens"":8785}",347.31968133447725,347.31968133447725,347.31968133447725,0.0,0.0,0.0,0.0,[],[],[],PASS
K2.5-tp8ep8-8k2k-bt65536,119,"{""decode_batch_size"":29,""decode_kv_len"":10240,""prefill_batch_size"":6,""prefill_seq_len"":8000,""prefill_tokens"":51439,""total_tokens"":51468}",1364.0775073673335,1364.0775073673335,1364.0775073673335,0.0,0.0,0.0,0.0,[],[],[],PASS
K2.5-tp8ep8-8k2k-bt65536,120,"{""decode_batch_size"":30,""decode_kv_len"":8192,""prefill_batch_size"":9,""prefill_seq_len"":8000,""prefill_tokens"":65506,""total_tokens"":65536}",1726.6306119520202,1726.6306119520202,1726.6306119520202,0.0,0.0,0.0,0.0,[],[],[],PASS
K2.5-tp8ep8-8k2k-bt65536,121,"{""decode_batch_size"":38,""decode_kv_len"":8192,""prefill_batch_size"":4,""prefill_seq_len"":8000,""prefill_tokens"":25967,""total_tokens"":26005}",904.1543202161798,904.1543202161798,904.1543202161798,0.0,0.0,0.0,0.0,[],[],[],PASS
K2.5-tp8ep8-8k2k-bt65536,122,"{""decode_batch_size"":38,""decode_kv_len"":9216,""prefill_batch_size"":1,""prefill_seq_len"":8000,""prefill_tokens"":8015,""total_tokens"":8053}",322.708159977145,322.708159977145,322.708159977145,0.0,0.0,0.0,0.0,[],[],[],PASS
K2.5-tp8ep8-8k2k-bt65536,123,"{""decode_batch_size"":37,""decode_kv_len"":9216,""prefill_batch_size"":1,""prefill_seq_len"":8000,""prefill_tokens"":8030,""total_tokens"":8067}",322.9641734165696,322.9641734165696,322.9641734165696,0.0,0.0,0.0,0.0,[],[],[],PASS
K2.5-tp8ep8-8k2k-bt65536,124,"{""decode_batch_size"":36,""decode_kv_len"":9728,""prefill_batch_size"":1,""prefill_seq_len"":8000,""prefill_tokens"":8106,""total_tokens"":8142}",325.8654680312854,325.8654680312854,325.8654680312854,0.0,0.0,0.0,0.0,[],[],[],PASS
K2.5-tp8ep8-8k2k-bt65536,125,"{""decode_batch_size"":36,""decode_kv_len"":9728,""prefill_batch_size"":1,""prefill_seq_len"":8000,""prefill_tokens"":9214,""total_tokens"":9250}",363.1702617923598,363.1702617923598,363.1702617923598,0.0,0.0,0.0,0.0,[],[],[],PASS
K2.5-tp8ep8-8k2k-bt65536,126,"{""decode_batch_size"":36,""decode_kv_len"":9728,""prefill_batch_size"":1,""prefill_seq_len"":8000,""prefill_tokens"":8716,""total_tokens"":8752}",346.4615180989349,346.4615180989349,346.4615180989349,0.0,0.0,0.0,0.0,[],[],[],PASS
K2.5-tp8ep8-8k2k-bt65536,127,"{""decode_batch_size"":35,""decode_kv_len"":9728,""prefill_batch_size"":1,""prefill_seq_len"":8000,""prefill_tokens"":8730,""total_tokens"":8765}",346.6486474512072,346.6486474512072,346.6486474512072,0.0,0.0,0.0,0.0,[],[],[],PASS
K2.5-tp8ep8-8k2k-bt65536,128,"{""decode_batch_size"":35,""decode_kv_len"":9728,""prefill_batch_size"":1,""prefill_seq_len"":8000,""prefill_tokens"":9244,""total_tokens"":9279}",363.89421825124805,363.89421825124805,363.89421825124805,0.0,0.0,0.0,0.0,[],[],[],PASS
K2.5-tp8ep8-8k2k-bt65536,129,"{""decode_batch_size"":35,""decode_kv_len"":9728,""prefill_batch_size"":1,""prefill_seq_len"":8000,""prefill_tokens"":8493,""total_tokens"":8528}",338.69689593445685,338.69689593445685,338.69689593445685,0.0,0.0,0.0,0.0,[],[],[],PASS
K2.5-tp8ep8-8k2k-bt65536,130,"{""decode_batch_size"":34,""decode_kv_len"":9728,""prefill_batch_size"":1,""prefill_seq_len"":8000,""prefill_tokens"":8510,""total_tokens"":8544}",338.9846803692196,338.9846803692196,338.9846803692196,0.0,0.0,0.0,0.0,[],[],[],PASS
K2.5-tp8ep8-8k2k-bt65536,131,"{""decode_batch_size"":34,""decode_kv_len"":10240,""prefill_batch_size"":1,""prefill_seq_len"":8000,""prefill_tokens"":9357,""total_tokens"":9391}",367.88439645563693,367.88439645563693,367.88439645563693,0.0,0.0,0.0,0.0,[],[],[],PASS
K2.5-tp8ep8-8k2k-bt65536,132,"{""decode_batch_size"":34,""decode_kv_len"":10240,""prefill_batch_size"":1,""prefill_seq_len"":8000,""prefill_tokens"":8286,""total_tokens"":8320}",331.950376922963,331.950376922963,331.950376922963,0.0,0.0,0.0,0.0,[],[],[],PASS
K2.5-tp8ep8-8k2k-bt65536,133,"{""decode_batch_size"":25,""decode_kv_len"":9728,""prefill_batch_size"":10,""prefill_seq_len"":8000,""prefill_tokens"":65511,""total_tokens"":65536}",1726.786946436813,1726.786946436813,1726.786946436813,0.0,0.0,0.0,0.0,[],[],[],PASS
K2.5-tp8ep8-8k2k-bt65536,134,"{""decode_batch_size"":26,""decode_kv_len"":9216,""prefill_batch_size"":9,""prefill_seq_len"":8000,""prefill_tokens"":65510,""total_tokens"":65536}",1726.6437506420998,1726.6437506420998,1726.6437506420998,0.0,0.0,0.0,0.0,[],[],[],PASS
K2.5-tp8ep8-8k2k-bt65536,135,"{""decode_batch_size"":27,""decode_kv_len"":8192,""prefill_batch_size"":9,""prefill_seq_len"":8000,""prefill_tokens"":65509,""total_tokens"":65536}",1726.088755268207,1726.088755268207,1726.088755268207,0.0,0.0,0.0,0.0,[],[],[],PASS
K2.5-tp8ep8-8k2k-bt65536,136,"{""decode_batch_size"":35,""decode_kv_len"":8192,""prefill_batch_size"":7,""prefill_seq_len"":8000,""prefill_tokens"":51758,""total_tokens"":51793}",1372.0410010114697,1372.0410010114697,1372.0410010114697,0.0,0.0,0.0,0.0,[],[],[],PASS
K2.5-tp8ep8-8k2k-bt65536,137,"{""decode_batch_size"":40,""decode_kv_len"":8704,""prefill_batch_size"":1,""prefill_seq_len"":8000,""prefill_tokens"":8007,""total_tokens"":8047}",322.40967489247686,322.40967489247686,322.40967489247686,0.0,0.0,0.0,0.0,[],[],[],PASS
K2.5-tp8ep8-8k2k-bt65536,138,"{""decode_batch_size"":39,""decode_kv_len"":8704,""prefill_batch_size"":1,""prefill_seq_len"":8000,""prefill_tokens"":8008,""total_tokens"":8047}",322.1876222201889,322.1876222201889,322.1876222201889,0.0,0.0,0.0,0.0,[],[],[],PASS
K2.5-tp8ep8-8k2k-bt65536,139,"{""decode_batch_size"":38,""decode_kv_len"":8704,""prefill_batch_size"":1,""prefill_seq_len"":8000,""prefill_tokens"":8010,""total_tokens"":8048}",322.0006272709612,322.0006272709612,322.0006272709612,0.0,0.0,0.0,0.0,[],[],[],PASS
K2.5-tp8ep8-8k2k-bt65536,140,"{""decode_batch_size"":38,""decode_kv_len"":8704,""prefill_batch_size"":1,""prefill_seq_len"":8000,""prefill_tokens"":8461,""total_tokens"":8499}",337.40653663750834,337.40653663750834,337.40653663750834,0.0,0.0,0.0,0.0,[],[],[],PASS
K2.5-tp8ep8-8k2k-bt65536,141,"{""decode_batch_size"":38,""decode_kv_len"":9216,""prefill_batch_size"":1,""prefill_seq_len"":8000,""prefill_tokens"":8253,""total_tokens"":8291}",330.96002834238294,330.96002834238294,330.96002834238294,0.0,0.0,0.0,0.0,[],[],[],PASS
K2.5-tp8ep8-8k2k-bt65536,142,"{""decode_batch_size"":38,""decode_kv_len"":9216,""prefill_batch_size"":1,""prefill_seq_len"":8000,""prefill_tokens"":8256,""total_tokens"":8294}",331.06068342487345,331.06068342487345,331.06068342487345,0.0,0.0,0.0,0.0,[],[],[],PASS
K2.5-tp8ep8-8k2k-bt65536,143,"{""decode_batch_size"":37,""decode_kv_len"":9216,""prefill_batch_size"":1,""prefill_seq_len"":8000,""prefill_tokens"":8256,""total_tokens"":8293}",330.7908310699854,330.7908310699854,330.7908310699854,0.0,0.0,0.0,0.0,[],[],[],PASS
K2.5-tp8ep8-8k2k-bt65536,144,"{""decode_batch_size"":36,""decode_kv_len"":9216,""prefill_batch_size"":1,""prefill_seq_len"":8000,""prefill_tokens"":8256,""total_tokens"":8292}",330.52097871509744,330.52097871509744,330.52097871509744,0.0,0.0,0.0,0.0,[],[],[],PASS
K2.5-tp8ep8-8k2k-bt65536,145,"{""decode_batch_size"":36,""decode_kv_len"":9216,""prefill_batch_size"":1,""prefill_seq_len"":8000,""prefill_tokens"":8393,""total_tokens"":8429}",335.1175608154974,335.1175608154974,335.1175608154974,0.0,0.0,0.0,0.0,[],[],[],PASS
K2.5-tp8ep8-8k2k-bt65536,146,"{""decode_batch_size"":35,""decode_kv_len"":9728,""prefill_batch_size"":1,""prefill_seq_len"":8000,""prefill_tokens"":8537,""total_tokens"":8572}",340.17317047765096,340.17317047765096,340.17317047765096,0.0,0.0,0.0,0.0,[],[],[],PASS
K2.5-tp8ep8-8k2k-bt65536,147,"{""decode_batch_size"":34,""decode_kv_len"":9728,""prefill_batch_size"":1,""prefill_seq_len"":8000,""prefill_tokens"":8537,""total_tokens"":8571}",339.8905761116342,339.8905761116342,339.8905761116342,0.0,0.0,0.0,0.0,[],[],[],PASS
K2.5-tp8ep8-8k2k-bt65536,148,"{""decode_batch_size"":33,""decode_kv_len"":10240,""prefill_batch_size"":1,""prefill_seq_len"":8000,""prefill_tokens"":8696,""total_tokens"":8729}",345.411235152854,345.411235152854,345.411235152854,0.0,0.0,0.0,0.0,[],[],[],PASS
K2.5-tp8ep8-8k2k-bt65536,149,"{""decode_batch_size"":30,""decode_kv_len"":10240,""prefill_batch_size"":5,""prefill_seq_len"":8000,""prefill_tokens"":41334,""total_tokens"":41364}",1102.8477021815181,1102.8477021815181,1102.8477021815181,0.0,0.0,0.0,0.0,[],[],[],PASS
K2.5-tp8ep8-8k2k-bt65536,150,"{""decode_batch_size"":26,""decode_kv_len"":9728,""prefill_batch_size"":2,""prefill_seq_len"":8000,""prefill_tokens"":16000,""total_tokens"":16026}",587.6176026680097,587.6176026680097,587.6176026680097,0.0,0.0,0.0,0.0,[],[],[],PASS
K2.5-tp8ep8-8k2k-bt65536,151,"{""decode_batch_size"":20,""decode_kv_len"":9728,""prefill_batch_size"":0,""prefill_seq_len"":8000,""prefill_tokens"":0,""total_tokens"":20}",16.42226171938313,16.42226171938313,16.42226171938313,0.0,0.0,0.0,0.0,[],[],[],PASS
K2.5-tp8ep8-8k2k-bt65536,152,"{""decode_batch_size"":12,""decode_kv_len"":9216,""prefill_batch_size"":0,""prefill_seq_len"":8000,""prefill_tokens"":0,""total_tokens"":12}",12.088350193659412,12.088350193659412,12.088350193659412,0.0,0.0,0.0,0.0,[],[],[],PASS
K2.5-tp8ep8-8k2k-bt65536,153,"{""decode_batch_size"":8,""decode_kv_len"":9216,""prefill_batch_size"":0,""prefill_seq_len"":1,""prefill_tokens"":0,""total_tokens"":8}",10.128989974872733,10.128989974872733,10.128989974872733,0.0,0.0,0.0,0.0,[],[],[],PASS
K2.5-tp8ep8-8k2k-bt65536,154,"{""decode_batch_size"":8,""decode_kv_len"":10240,""prefill_batch_size"":0,""prefill_seq_len"":1,""prefill_tokens"":0,""total_tokens"":8}",10.285637955706779,10.285637955706779,10.285637955706779,0.0,0.0,0.0,0.0,[],[],[],PASS
K2.5-tp8ep8-8k2k-bt65536,155,"{""decode_batch_size"":8,""decode_kv_len"":9728,""prefill_batch_size"":0,""prefill_seq_len"":8000,""prefill_tokens"":0,""total_tokens"":8}",10.207313965289757,10.207313965289757,10.207313965289757,0.0,0.0,0.0,0.0,[],[],[],PASS
K2.5-tp8ep8-8k2k-bt65536,156,"{""decode_batch_size"":7,""decode_kv_len"":9728,""prefill_batch_size"":0,""prefill_seq_len"":1,""prefill_tokens"":0,""total_tokens"":7}",9.988061934211922,9.988061934211922,9.988061934211922,0.0,0.0,0.0,0.0,[],[],[],PASS
K2.5-tp8ep8-8k2k-bt65536,157,"{""decode_batch_size"":7,""decode_kv_len"":9728,""prefill_batch_size"":0,""prefill_seq_len"":8000,""prefill_tokens"":0,""total_tokens"":7}",9.988061934211922,9.988061934211922,9.988061934211922,0.0,0.0,0.0,0.0,[],[],[],PASS
K2.5-tp8ep8-8k2k-bt65536,158,"{""decode_batch_size"":6,""decode_kv_len"":9728,""prefill_batch_size"":0,""prefill_seq_len"":1,""prefill_tokens"":0,""total_tokens"":6}",9.768809903134088,9.768809903134088,9.768809903134088,0.0,0.0,0.0,0.0,[],[],[],PASS
K2.5-tp8ep8-8k2k-bt65536,159,"{""decode_batch_size"":6,""decode_kv_len"":9728,""prefill_batch_size"":0,""prefill_seq_len"":8000,""prefill_tokens"":0,""total_tokens"":6}",9.768809903134088,9.768809903134088,9.768809903134088,0.0,0.0,0.0,0.0,[],[],[],PASS
K2.5-tp8ep8-8k2k-bt65536,160,"{""decode_batch_size"":5,""decode_kv_len"":9728,""prefill_batch_size"":0,""prefill_seq_len"":1,""prefill_tokens"":0,""total_tokens"":5}",9.549557872056255,9.549557872056255,9.549557872056255,0.0,0.0,0.0,0.0,[],[],[],PASS
K2.5-tp8ep8-8k2k-bt65536,161,"{""decode_batch_size"":5,""decode_kv_len"":10240,""prefill_batch_size"":0,""prefill_seq_len"":1,""prefill_tokens"":0,""total_tokens"":5}",9.637992629100172,9.637992629100172,9.637992629100172,0.0,0.0,0.0,0.0,[],[],[],PASS
K2.5-tp8ep8-8k2k-bt65536,162,"{""decode_batch_size"":5,""decode_kv_len"":10240,""prefill_batch_size"":0,""prefill_seq_len"":8000,""prefill_tokens"":0,""total_tokens"":5}",9.637992629100172,9.637992629100172,9.637992629100172,0.0,0.0,0.0,0.0,[],[],[],PASS
K2.5-tp8ep8-8k2k-bt65536,163,"{""decode_batch_size"":4,""decode_kv_len"":10240,""prefill_batch_size"":0,""prefill_seq_len"":1,""prefill_tokens"":0,""total_tokens"":4}",9.420666362565653,9.420666362565653,9.420666362565653,0.0,0.0,0.0,0.0,[],[],[],PASS
K2.5-tp8ep8-8k2k-bt65536,164,"{""decode_batch_size"":4,""decode_kv_len"":10240,""prefill_batch_size"":0,""prefill_seq_len"":8000,""prefill_tokens"":0,""total_tokens"":4}",9.420666362565653,9.420666362565653,9.420666362565653,0.0,0.0,0.0,0.0,[],[],[],PASS
K2.5-tp8ep8-8k2k-bt65536,165,"{""decode_batch_size"":2,""decode_kv_len"":10240,""prefill_batch_size"":0,""prefill_seq_len"":8000,""prefill_tokens"":0,""total_tokens"":2}",8.117393088993843,8.117393088993843,8.117393088993843,0.0,0.0,0.0,0.0,[],[],[],PASS
K2.5-tp4ep8dp2-8k2k-bt65536,0,"{""decode_batch_size"":0,""decode_kv_len"":0,""prefill_batch_size"":9,""prefill_seq_len"":8000,""prefill_tokens"":65536,""total_tokens"":65536}",1995.3258412186785,1995.3258412186785,1995.3258412186785,0.0,0.0,0.0,0.0,[],[],[],PASS
K2.5-tp4ep8dp2-8k2k-bt65536,1,"{""decode_batch_size"":8,""decode_kv_len"":8192,""prefill_batch_size"":8,""prefill_seq_len"":8000,""prefill_tokens"":62464,""total_tokens"":62472}",9011.760254,9011.760254,9011.760254,0.0,0.0,0.0,0.0,[],[],[],PASS
K2.5-tp4ep8dp2-8k2k-bt65536,2,"{""decode_batch_size"":16,""decode_kv_len"":8192,""prefill_batch_size"":0,""prefill_seq_len"":8000,""prefill_tokens"":0,""total_tokens"":16}",22.63948431356951,22.63948431356951,22.63948431356951,0.0,0.0,0.0,0.0,[],[],[],PASS
K2.5-tp4ep8dp2-8k2k-bt65536,3,"{""decode_batch_size"":16,""decode_kv_len"":8704,""prefill_batch_size"":0,""prefill_seq_len"":8000,""prefill_tokens"":0,""total_tokens"":16}",22.8630086682782,22.8630086682782,22.8630086682782,0.0,0.0,0.0,0.0,[],[],[],PASS
K2.5-tp4ep8dp2-8k2k-bt65536,4,"{""decode_batch_size"":15,""decode_kv_len"":8704,""prefill_batch_size"":1,""prefill_seq_len"":8000,""prefill_tokens"":8000,""total_tokens"":8015}",1118.641235,1118.641235,1118.641235,0.0,0.0,0.0,0.0,[],[],[],PASS
K2.5-tp4ep8dp2-8k2k-bt65536,5,"{""decode_batch_size"":15,""decode_kv_len"":8704,""prefill_batch_size"":0,""prefill_seq_len"":8000,""prefill_tokens"":0,""total_tokens"":15}",31.51297218060828,31.51297218060828,31.51297218060828,0.0,0.0,0.0,0.0,[],[],[],PASS
K2.5-tp4ep8dp2-8k2k-bt65536,6,"{""decode_batch_size"":15,""decode_kv_len"":9216,""prefill_batch_size"":0,""prefill_seq_len"":8000,""prefill_tokens"":0,""total_tokens"":15}",31.716051366832968,31.716051366832968,31.716051366832968,0.0,0.0,0.0,0.0,[],[],[],PASS
K2.5-tp4ep8dp2-8k2k-bt65536,7,"{""decode_batch_size"":14,""decode_kv_len"":9216,""prefill_batch_size"":1,""prefill_seq_len"":8000,""prefill_tokens"":8015,""total_tokens"":8029}",408.9825841103205,408.9825841103205,408.9825841103205,0.0,0.0,0.0,0.0,[],[],[],PASS
K2.5-tp4ep8dp2-8k2k-bt65536,8,"{""decode_batch_size"":14,""decode_kv_len"":9216,""prefill_batch_size"":0,""prefill_seq_len"":8000,""prefill_tokens"":0,""total_tokens"":14}",14.61290199105542,14.61290199105542,14.61290199105542,0.0,0.0,0.0,0.0,[],[],[],PASS
K2.5-tp4ep8dp2-8k2k-bt65536,9,"{""decode_batch_size"":14,""decode_kv_len"":9728,""prefill_batch_size"":0,""prefill_seq_len"":8000,""prefill_tokens"":0,""total_tokens"":14}",14.795536008796109,14.795536008796109,14.795536008796109,0.0,0.0,0.0,0.0,[],[],[],PASS
K2.5-tp4ep8dp2-8k2k-bt65536,10,"{""decode_batch_size"":13,""decode_kv_len"":9728,""prefill_batch_size"":1,""prefill_seq_len"":8000,""prefill_tokens"":8062,""total_tokens"":8075}",411.21702920857996,411.21702920857996,411.21702920857996,0.0,0.0,0.0,0.0,[],[],[],PASS
K2.5-tp4ep8dp2-8k2k-bt65536,11,"{""decode_batch_size"":13,""decode_kv_len"":9728,""prefill_batch_size"":0,""prefill_seq_len"":8000,""prefill_tokens"":0,""total_tokens"":13}",14.245029098603018,14.245029098603018,14.245029098603018,0.0,0.0,0.0,0.0,[],[],[],PASS
K2.5-tp4ep8dp2-8k2k-bt65536,12,"{""decode_batch_size"":13,""decode_kv_len"":10240,""prefill_batch_size"":0,""prefill_seq_len"":8000,""prefill_tokens"":0,""total_tokens"":13}",14.407217947859703,14.407217947859703,14.407217947859703,0.0,0.0,0.0,0.0,[],[],[],PASS
K2.5-tp4ep8dp2-8k2k-bt65536,13,"{""decode_batch_size"":5,""decode_kv_len"":10240,""prefill_batch_size"":8,""prefill_seq_len"":8000,""prefill_tokens"":65531,""total_tokens"":65536}",8131.020996,8131.020996,8131.020996,0.0,0.0,0.0,0.0,[],[],[],PASS
K2.5-tp4ep8dp2-8k2k-bt65536,14,"{""decode_batch_size"":7,""decode_kv_len"":8704,""prefill_batch_size"":9,""prefill_seq_len"":8000,""prefill_tokens"":65009,""total_tokens"":65016}",2596.780449567199,2596.780449567199,2596.780449567199,0.0,0.0,0.0,0.0,[],[],[],PASS
K2.5-tp4ep8dp2-8k2k-bt65536,15,"{""decode_batch_size"":14,""decode_kv_len"":9216,""prefill_batch_size"":1,""prefill_seq_len"":8000,""prefill_tokens"":8064,""total_tokens"":8078}",411.3270322698363,411.3270322698363,411.3270322698363,0.0,0.0,0.0,0.0,[],[],[],PASS
K2.5-tp4ep8dp2-8k2k-bt65536,16,"{""decode_batch_size"":14,""decode_kv_len"":8704,""prefill_batch_size"":1,""prefill_seq_len"":8000,""prefill_tokens"":8594,""total_tokens"":8608}",435.89729074084215,435.89729074084215,435.89729074084215,0.0,0.0,0.0,0.0,[],[],[],PASS
K2.5-tp4ep8dp2-8k2k-bt65536,17,"{""decode_batch_size"":14,""decode_kv_len"":9216,""prefill_batch_size"":1,""prefill_seq_len"":8000,""prefill_tokens"":8720,""total_tokens"":8734}",441.9187460992252,441.9187460992252,441.9187460992252,0.0,0.0,0.0,0.0,[],[],[],PASS
K2.5-tp4ep8dp2-8k2k-bt65536,18,"{""decode_batch_size"":14,""decode_kv_len"":9216,""prefill_batch_size"":1,""prefill_seq_len"":8000,""prefill_tokens"":8000,""total_tokens"":8014}",409.61240688009866,409.61240688009866,409.61240688009866,0.0,0.0,0.0,0.0,[],[],[],PASS
K2.5-tp4ep8dp2-8k2k-bt65536,19,"{""decode_batch_size"":13,""decode_kv_len"":9728,""prefill_batch_size"":1,""prefill_seq_len"":8000,""prefill_tokens"":8047,""total_tokens"":8060}",410.4993409964833,410.4993409964833,410.4993409964833,0.0,0.0,0.0,0.0,[],[],[],PASS
K2.5-tp4ep8dp2-8k2k-bt65536,20,"{""decode_batch_size"":12,""decode_kv_len"":10240,""prefill_batch_size"":1,""prefill_seq_len"":8000,""prefill_tokens"":8304,""total_tokens"":8316}",422.5718548716458,422.5718548716458,422.5718548716458,0.0,0.0,0.0,0.0,[],[],[],PASS
K2.5-tp4ep8dp2-8k2k-bt65536,21,"{""decode_batch_size"":12,""decode_kv_len"":9728,""prefill_batch_size"":1,""prefill_seq_len"":8000,""prefill_tokens"":8720,""total_tokens"":8732}",441.70748958537484,441.70748958537484,441.70748958537484,0.0,0.0,0.0,0.0,[],[],[],PASS
K2.5-tp4ep8dp2-8k2k-bt65536,22,"{""decode_batch_size"":10,""decode_kv_len"":9728,""prefill_batch_size"":4,""prefill_seq_len"":8000,""prefill_tokens"":32000,""total_tokens"":32010}",1539.7369490278281,1539.7369490278281,1539.7369490278281,0.0,0.0,0.0,0.0,[],[],[],PASS
K2.5-tp4ep8dp2-8k2k-bt65536,23,"{""decode_batch_size"":7,""decode_kv_len"":8704,""prefill_batch_size"":9,""prefill_seq_len"":8000,""prefill_tokens"":65529,""total_tokens"":65536}",7266.871826,7266.871826,7266.871826,0.0,0.0,0.0,0.0,[],[],[],PASS
K2.5-tp4ep8dp2-8k2k-bt65536,24,"{""decode_batch_size"":15,""decode_kv_len"":8192,""prefill_batch_size"":1,""prefill_seq_len"":8000,""prefill_tokens"":6471,""total_tokens"":6486}",561.312408,561.312408,561.312408,0.0,0.0,0.0,0.0,[],[],[],PASS
K2.5-tp4ep8dp2-8k2k-bt65536,25,"{""decode_batch_size"":14,""decode_kv_len"":8704,""prefill_batch_size"":1,""prefill_seq_len"":8000,""prefill_tokens"":8046,""total_tokens"":8060}",410.2831723975796,410.2831723975796,410.2831723975796,0.0,0.0,0.0,0.0,[],[],[],PASS
K2.5-tp4ep8dp2-8k2k-bt65536,26,"{""decode_batch_size"":13,""decode_kv_len"":9216,""prefill_batch_size"":1,""prefill_seq_len"":8000,""prefill_tokens"":8015,""total_tokens"":8028}",408.8060839614203,408.8060839614203,408.8060839614203,0.0,0.0,0.0,0.0,[],[],[],PASS
K2.5-tp4ep8dp2-8k2k-bt65536,27,"{""decode_batch_size"":12,""decode_kv_len"":9728,""prefill_batch_size"":2,""prefill_seq_len"":8000,""prefill_tokens"":16552,""total_tokens"":16564}",801.7562020691553,801.7562020691553,801.7562020691553,0.0,0.0,0.0,0.0,[],[],[],PASS
K2.5-tp4ep8dp2-8k2k-bt65536,28,"{""decode_batch_size"":13,""decode_kv_len"":9728,""prefill_batch_size"":1,""prefill_seq_len"":8000,""prefill_tokens"":8000,""total_tokens"":8013}",409.59809558045515,409.59809558045515,409.59809558045515,0.0,0.0,0.0,0.0,[],[],[],PASS
K2.5-tp4ep8dp2-8k2k-bt65536,29,"{""decode_batch_size"":9,""decode_kv_len"":10240,""prefill_batch_size"":5,""prefill_seq_len"":8000,""prefill_tokens"":40330,""total_tokens"":40339}",1621.7750302785207,1621.7750302785207,1621.7750302785207,0.0,0.0,0.0,0.0,[],[],[],PASS
K2.5-tp4ep8dp2-8k2k-bt65536,30,"{""decode_batch_size"":6,""decode_kv_len"":8704,""prefill_batch_size"":9,""prefill_seq_len"":8000,""prefill_tokens"":65530,""total_tokens"":65536}",8647.03418,8647.03418,8647.03418,0.0,0.0,0.0,0.0,[],[],[],PASS
K2.5-tp4ep8dp2-8k2k-bt65536,31,"{""decode_batch_size"":14,""decode_kv_len"":8192,""prefill_batch_size"":2,""prefill_seq_len"":8000,""prefill_tokens"":14470,""total_tokens"":14484}",5855.418945,5855.418945,5855.418945,0.0,0.0,0.0,0.0,[],[],[],PASS
K2.5-tp4ep8dp2-8k2k-bt65536,32,"{""decode_batch_size"":14,""decode_kv_len"":9216,""prefill_batch_size"":1,""prefill_seq_len"":8000,""prefill_tokens"":8014,""total_tokens"":8028}",408.93473822951404,408.93473822951404,408.93473822951404,0.0,0.0,0.0,0.0,[],[],[],PASS
K2.5-tp4ep8dp2-8k2k-bt65536,33,"{""decode_batch_size"":13,""decode_kv_len"":9216,""prefill_batch_size"":1,""prefill_seq_len"":8000,""prefill_tokens"":8061,""total_tokens"":8074}",411.00699447851684,411.00699447851684,411.00699447851684,0.0,0.0,0.0,0.0,[],[],[],PASS
K2.5-tp4ep8dp2-8k2k-bt65536,34,"{""decode_batch_size"":12,""decode_kv_len"":9728,""prefill_batch_size"":1,""prefill_seq_len"":8000,""prefill_tokens"":8377,""total_tokens"":8389}",425.81292038029295,425.81292038029295,425.81292038029295,0.0,0.0,0.0,0.0,[],[],[],PASS
K2.5-tp4ep8dp2-8k2k-bt65536,35,"{""decode_batch_size"":12,""decode_kv_len"":10240,""prefill_batch_size"":1,""prefill_seq_len"":8000,""prefill_tokens"":8687,""total_tokens"":8699}",440.3200181531222,440.3200181531222,440.3200181531222,0.0,0.0,0.0,0.0,[],[],[],PASS
K2.5-tp4ep8dp2-8k2k-bt65536,36,"{""decode_batch_size"":10,""decode_kv_len"":10240,""prefill_batch_size"":4,""prefill_seq_len"":8000,""prefill_tokens"":32143,""total_tokens"":32153}",1546.168789286246,1546.168789286246,1546.168789286246,0.0,0.0,0.0,0.0,[],[],[],PASS
K2.5-tp4ep8dp2-8k2k-bt65536,37,"{""decode_batch_size"":14,""decode_kv_len"":9216,""prefill_batch_size"":1,""prefill_seq_len"":8000,""prefill_tokens"":8127,""total_tokens"":8141}",414.34132276064236,414.34132276064236,414.34132276064236,0.0,0.0,0.0,0.0,[],[],[],PASS
K2.5-tp4ep8dp2-8k2k-bt65536,38,"{""decode_batch_size"":12,""decode_kv_len"":9728,""prefill_batch_size"":2,""prefill_seq_len"":8000,""prefill_tokens"":17439,""total_tokens"":17451}",844.0784664428664,844.0784664428664,844.0784664428664,0.0,0.0,0.0,0.0,[],[],[],PASS
K2.5-tp4ep8dp2-8k2k-bt65536,39,"{""decode_batch_size"":13,""decode_kv_len"":9728,""prefill_batch_size"":1,""prefill_seq_len"":8000,""prefill_tokens"":8670,""total_tokens"":8683}",439.5874422556774,439.5874422556774,439.5874422556774,0.0,0.0,0.0,0.0,[],[],[],PASS
K2.5-tp4ep8dp2-8k2k-bt65536,40,"{""decode_batch_size"":12,""decode_kv_len"":10240,""prefill_batch_size"":1,""prefill_seq_len"":8000,""prefill_tokens"":8063,""total_tokens"":8075}",411.20967345277484,411.20967345277484,411.20967345277484,0.0,0.0,0.0,0.0,[],[],[],PASS
K2.5-tp4ep8dp2-8k2k-bt65536,41,"{""decode_batch_size"":10,""decode_kv_len"":9728,""prefill_batch_size"":4,""prefill_seq_len"":8000,""prefill_tokens"":32882,""total_tokens"":32892}",1326.9243373854722,1326.9243373854722,1326.9243373854722,0.0,0.0,0.0,0.0,[],[],[],PASS
K2.5-tp4ep8dp2-8k2k-bt65536,42,"{""decode_batch_size"":7,""decode_kv_len"":8704,""prefill_batch_size"":8,""prefill_seq_len"":8000,""prefill_tokens"":64000,""total_tokens"":64007}",2557.1349175159744,2557.1349175159744,2557.1349175159744,0.0,0.0,0.0,0.0,[],[],[],PASS
K2.5-tp4ep8dp2-8k2k-bt65536,43,"{""decode_batch_size"":14,""decode_kv_len"":8192,""prefill_batch_size"":2,""prefill_seq_len"":8000,""prefill_tokens"":16000,""total_tokens"":16014}",776.5848054408295,776.5848054408295,776.5848054408295,0.0,0.0,0.0,0.0,[],[],[],PASS
K2.5-tp4ep8dp2-8k2k-bt65536,44,"{""decode_batch_size"":14,""decode_kv_len"":9216,""prefill_batch_size"":1,""prefill_seq_len"":8000,""prefill_tokens"":8013,""total_tokens"":8027}",408.8868923487076,408.8868923487076,408.8868923487076,0.0,0.0,0.0,0.0,[],[],[],PASS
K2.5-tp4ep8dp2-8k2k-bt65536,45,"{""decode_batch_size"":13,""decode_kv_len"":9216,""prefill_batch_size"":1,""prefill_seq_len"":8000,""prefill_tokens"":8057,""total_tokens"":8070}",410.815610955291,410.815610955291,410.815610955291,0.0,0.0,0.0,0.0,[],[],[],PASS
K2.5-tp4ep8dp2-8k2k-bt65536,46,"{""decode_batch_size"":13,""decode_kv_len"":9216,""prefill_batch_size"":1,""prefill_seq_len"":8000,""prefill_tokens"":8623,""total_tokens"":8636}",437.2472803666572,437.2472803666572,437.2472803666572,0.0,0.0,0.0,0.0,[],[],[],PASS
K2.5-tp4ep8dp2-8k2k-bt65536,47,"{""decode_batch_size"":13,""decode_kv_len"":9728,""prefill_batch_size"":1,""prefill_seq_len"":8000,""prefill_tokens"":8080,""total_tokens"":8093}",412.07825506309587,412.07825506309587,412.07825506309587,0.0,0.0,0.0,0.0,[],[],[],PASS
K2.5-tp4ep8dp2-8k2k-bt65536,48,"{""decode_batch_size"":12,""decode_kv_len"":9728,""prefill_batch_size"":1,""prefill_seq_len"":8000,""prefill_tokens"":8143,""total_tokens"":8155}",414.89560023651774,414.89560023651774,414.89560023651774,0.0,0.0,0.0,0.0,[],[],[],PASS
K2.5-tp4ep8dp2-8k2k-bt65536,49,"{""decode_batch_size"":10,""decode_kv_len"":9728,""prefill_batch_size"":4,""prefill_seq_len"":8000,""prefill_tokens"":32974,""total_tokens"":32984}",1330.577973106384,1330.577973106384,1330.577973106384,0.0,0.0,0.0,0.0,[],[],[],PASS
K2.5-tp4ep8dp2-8k2k-bt65536,50,"{""decode_batch_size"":13,""decode_kv_len"":9216,""prefill_batch_size"":1,""prefill_seq_len"":8000,""prefill_tokens"":8032,""total_tokens"":8045}",409.6194639351299,409.6194639351299,409.6194639351299,0.0,0.0,0.0,0.0,[],[],[],PASS
K2.5-tp4ep8dp2-8k2k-bt65536,51,"{""decode_batch_size"":13,""decode_kv_len"":9216,""prefill_batch_size"":1,""prefill_seq_len"":8000,""prefill_tokens"":8622,""total_tokens"":8635}",437.20094051474746,437.20094051474746,437.20094051474746,0.0,0.0,0.0,0.0,[],[],[],PASS
K2.5-tp4ep8dp2-8k2k-bt65536,52,"{""decode_batch_size"":13,""decode_kv_len"":9728,""prefill_batch_size"":1,""prefill_seq_len"":8000,""prefill_tokens"":8079,""total_tokens"":8092}",412.0304091822895,412.0304091822895,412.0304091822895,0.0,0.0,0.0,0.0,[],[],[],PASS
K2.5-tp4ep8dp2-8k2k-bt65536,53,"{""decode_batch_size"":10,""decode_kv_len"":10240,""prefill_batch_size"":4,""prefill_seq_len"":8000,""prefill_tokens"":33034,""total_tokens"":33044}",1333.0616323551312,1333.0616323551312,1333.0616323551312,0.0,0.0,0.0,0.0,[],[],[],PASS
K2.5-tp4ep8dp2-8k2k-bt65536,54,"{""decode_batch_size"":14,""decode_kv_len"":9216,""prefill_batch_size"":1,""prefill_seq_len"":8000,""prefill_tokens"":8063,""total_tokens"":8077}",411.27918638902986,411.27918638902986,411.27918638902986,0.0,0.0,0.0,0.0,[],[],[],PASS
K2.5-tp4ep8dp2-8k2k-bt65536,55,"{""decode_batch_size"":13,""decode_kv_len"":9216,""prefill_batch_size"":1,""prefill_seq_len"":8000,""prefill_tokens"":8104,""total_tokens"":8117}",413.064367353194,413.064367353194,413.064367353194,0.0,0.0,0.0,0.0,[],[],[],PASS
K2.5-tp4ep8dp2-8k2k-bt65536,56,"{""decode_batch_size"":13,""decode_kv_len"":9216,""prefill_batch_size"":1,""prefill_seq_len"":8000,""prefill_tokens"":8596,""total_tokens"":8609}",435.99610436509107,435.99610436509107,435.99610436509107,0.0,0.0,0.0,0.0,[],[],[],PASS
K2.5-tp4ep8dp2-8k2k-bt65536,57,"{""decode_batch_size"":13,""decode_kv_len"":9728,""prefill_batch_size"":1,""prefill_seq_len"":8000,""prefill_tokens"":9058,""total_tokens"":9071}",734.4359803310344,734.4359803310344,734.4359803310344,0.0,0.0,0.0,0.0,[],[],[],PASS
K2.5-tp4ep8dp2-8k2k-bt65536,58,"{""decode_batch_size"":10,""decode_kv_len"":10240,""prefill_batch_size"":4,""prefill_seq_len"":8000,""prefill_tokens"":33229,""total_tokens"":33239}",1340.8057515461946,1340.8057515461946,1340.8057515461946,0.0,0.0,0.0,0.0,[],[],[],PASS
K2.5-tp4ep8dp2-8k2k-bt65536,59,"{""decode_batch_size"":14,""decode_kv_len"":8704,""prefill_batch_size"":2,""prefill_seq_len"":8000,""prefill_tokens"":14470,""total_tokens"":14484}",5855.418945,5855.418945,5855.418945,0.0,0.0,0.0,0.0,[],[],[],PASS
K2.5-tp4ep8dp2-8k2k-bt65536,60,"{""decode_batch_size"":14,""decode_kv_len"":9216,""prefill_batch_size"":1,""prefill_seq_len"":8000,""prefill_tokens"":8011,""total_tokens"":8025}",408.79120058709475,408.79120058709475,408.79120058709475,0.0,0.0,0.0,0.0,[],[],[],PASS
K2.5-tp4ep8dp2-8k2k-bt65536,61,"{""decode_batch_size"":13,""decode_kv_len"":9216,""prefill_batch_size"":1,""prefill_seq_len"":8000,""prefill_tokens"":8042,""total_tokens"":8055}",410.0979227431943,410.0979227431943,410.0979227431943,0.0,0.0,0.0,0.0,[],[],[],PASS
K2.5-tp4ep8dp2-8k2k-bt65536,62,"{""decode_batch_size"":13,""decode_kv_len"":9216,""prefill_batch_size"":1,""prefill_seq_len"":8000,""prefill_tokens"":8575,""total_tokens"":8588}",435.02296747498406,435.02296747498406,435.02296747498406,0.0,0.0,0.0,0.0,[],[],[],PASS
K2.5-tp4ep8dp2-8k2k-bt65536,63,"{""decode_batch_size"":13,""decode_kv_len"":9728,""prefill_batch_size"":1,""prefill_seq_len"":8000,""prefill_tokens"":8032,""total_tokens"":8045}",409.78165278438655,409.78165278438655,409.78165278438655,0.0,0.0,0.0,0.0,[],[],[],PASS
K2.5-tp4ep8dp2-8k2k-bt65536,64,"{""decode_batch_size"":13,""decode_kv_len"":9728,""prefill_batch_size"":1,""prefill_seq_len"":8000,""prefill_tokens"":9138,""total_tokens"":9151}",738.7288647448275,738.7288647448275,738.7288647448275,0.0,0.0,0.0,0.0,[],[],[],PASS
K2.5-tp4ep8dp2-8k2k-bt65536,65,"{""decode_batch_size"":12,""decode_kv_len"":10240,""prefill_batch_size"":1,""prefill_seq_len"":8000,""prefill_tokens"":8095,""total_tokens"":8107}",412.7407416385811,412.7407416385811,412.7407416385811,0.0,0.0,0.0,0.0,[],[],[],PASS
K2.5-tp4ep8dp2-8k2k-bt65536,66,"{""decode_batch_size"":11,""decode_kv_len"":9728,""prefill_batch_size"":3,""prefill_seq_len"":8000,""prefill_tokens"":25250,""total_tokens"":25261}",1216.8964849976596,1216.8964849976596,1216.8964849976596,0.0,0.0,0.0,0.0,[],[],[],PASS
K2.5-tp4ep8dp2-8k2k-bt65536,67,"{""decode_batch_size"":13,""decode_kv_len"":9216,""prefill_batch_size"":2,""prefill_seq_len"":8000,""prefill_tokens"":16573,""total_tokens"":16586}",802.792703110534,802.792703110534,802.792703110534,0.0,0.0,0.0,0.0,[],[],[],PASS
K2.5-tp4ep8dp2-8k2k-bt65536,68,"{""decode_batch_size"":13,""decode_kv_len"":9728,""prefill_batch_size"":1,""prefill_seq_len"":8000,""prefill_tokens"":8040,""total_tokens"":8053}",410.16441983083814,410.16441983083814,410.16441983083814,0.0,0.0,0.0,0.0,[],[],[],PASS
K2.5-tp4ep8dp2-8k2k-bt65536,69,"{""decode_batch_size"":13,""decode_kv_len"":9728,""prefill_batch_size"":1,""prefill_seq_len"":8000,""prefill_tokens"":8048,""total_tokens"":8061}",410.54718687728973,410.54718687728973,410.54718687728973,0.0,0.0,0.0,0.0,[],[],[],PASS
K2.5-tp4ep8dp2-8k2k-bt65536,70,"{""decode_batch_size"":12,""decode_kv_len"":10240,""prefill_batch_size"":1,""prefill_seq_len"":8000,""prefill_tokens"":8048,""total_tokens"":8060}",410.49198524067816,410.49198524067816,410.49198524067816,0.0,0.0,0.0,0.0,[],[],[],PASS
K2.5-tp4ep8dp2-8k2k-bt65536,71,"{""decode_batch_size"":11,""decode_kv_len"":10240,""prefill_batch_size"":3,""prefill_seq_len"":8000,""prefill_tokens"":24159,""total_tokens"":24170}",1164.8054060082957,1164.8054060082957,1164.8054060082957,0.0,0.0,0.0,0.0,[],[],[],PASS
K2.5-tp4ep8dp2-8k2k-bt65536,72,"{""decode_batch_size"":14,""decode_kv_len"":8704,""prefill_batch_size"":1,""prefill_seq_len"":8000,""prefill_tokens"":8000,""total_tokens"":8014}",409.429772862358,409.429772862358,409.429772862358,0.0,0.0,0.0,0.0,[],[],[],PASS
K2.5-tp4ep8dp2-8k2k-bt65536,73,"{""decode_batch_size"":13,""decode_kv_len"":9216,""prefill_batch_size"":2,""prefill_seq_len"":8000,""prefill_tokens"":16454,""total_tokens"":16467}",797.1147443050418,797.1147443050418,797.1147443050418,0.0,0.0,0.0,0.0,[],[],[],PASS
K2.5-tp4ep8dp2-8k2k-bt65536,74,"{""decode_batch_size"":12,""decode_kv_len"":10240,""prefill_batch_size"":1,""prefill_seq_len"":8000,""prefill_tokens"":8080,""total_tokens"":8092}",412.0230534264844,412.0230534264844,412.0230534264844,0.0,0.0,0.0,0.0,[],[],[],PASS
K2.5-tp4ep8dp2-8k2k-bt65536,75,"{""decode_batch_size"":12,""decode_kv_len"":9728,""prefill_batch_size"":1,""prefill_seq_len"":8000,""prefill_tokens"":8737,""total_tokens"":8749}",442.4952670678425,442.4952670678425,442.4952670678425,0.0,0.0,0.0,0.0,[],[],[],PASS
K2.5-tp4ep8dp2-8k2k-bt65536,76,"{""decode_batch_size"":11,""decode_kv_len"":10240,""prefill_batch_size"":2,""prefill_seq_len"":8000,""prefill_tokens"":16520,""total_tokens"":16531}",800.1539573558465,800.1539573558465,800.1539573558465,0.0,0.0,0.0,0.0,[],[],[],PASS
K2.5-tp4ep8dp2-8k2k-bt65536,77,"{""decode_batch_size"":5,""decode_kv_len"":9216,""prefill_batch_size"":9,""prefill_seq_len"":8000,""prefill_tokens"":65531,""total_tokens"":65536}",8131.020996,8131.020996,8131.020996,0.0,0.0,0.0,0.0,[],[],[],PASS
K2.5-tp4ep8dp2-8k2k-bt65536,78,"{""decode_batch_size"":12,""decode_kv_len"":8192,""prefill_batch_size"":4,""prefill_seq_len"":8000,""prefill_tokens"":30469,""total_tokens"":30481}",1466.43550698959,1466.43550698959,1466.43550698959,0.0,0.0,0.0,0.0,[],[],[],PASS
K2.5-tp4ep8dp2-8k2k-bt65536,79,"{""decode_batch_size"":14,""decode_kv_len"":9216,""prefill_batch_size"":1,""prefill_seq_len"":8000,""prefill_tokens"":8006,""total_tokens"":8020}",408.55197118306245,408.55197118306245,408.55197118306245,0.0,0.0,0.0,0.0,[],[],[],PASS
K2.5-tp4ep8dp2-8k2k-bt65536,80,"{""decode_batch_size"":13,""decode_kv_len"":9216,""prefill_batch_size"":1,""prefill_seq_len"":8000,""prefill_tokens"":8052,""total_tokens"":8065}",410.5763815512588,410.5763815512588,410.5763815512588,0.0,0.0,0.0,0.0,[],[],[],PASS
K2.5-tp4ep8dp2-8k2k-bt65536,81,"{""decode_batch_size"":12,""decode_kv_len"":9728,""prefill_batch_size"":2,""prefill_seq_len"":8000,""prefill_tokens"":17013,""total_tokens"":17025}",823.752328197995,823.752328197995,823.752328197995,0.0,0.0,0.0,0.0,[],[],[],PASS
K2.5-tp4ep8dp2-8k2k-bt65536,82,"{""decode_batch_size"":13,""decode_kv_len"":9728,""prefill_batch_size"":1,""prefill_seq_len"":8000,""prefill_tokens"":8111,""total_tokens"":8124}",413.5614773680958,413.5614773680958,413.5614773680958,0.0,0.0,0.0,0.0,[],[],[],PASS
K2.5-tp4ep8dp2-8k2k-bt65536,83,"{""decode_batch_size"":12,""decode_kv_len"":9728,""prefill_batch_size"":1,""prefill_seq_len"":8000,""prefill_tokens"":8144,""total_tokens"":8156}",414.9434461173242,414.9434461173242,414.9434461173242,0.0,0.0,0.0,0.0,[],[],[],PASS
K2.5-tp4ep8dp2-8k2k-bt65536,84,"{""decode_batch_size"":12,""decode_kv_len"":10240,""prefill_batch_size"":1,""prefill_seq_len"":8000,""prefill_tokens"":8695,""total_tokens"":8707}",440.6907369684011,440.6907369684011,440.6907369684011,0.0,0.0,0.0,0.0,[],[],[],PASS
K2.5-tp4ep8dp2-8k2k-bt65536,85,"{""decode_batch_size"":11,""decode_kv_len"":8192,""prefill_batch_size"":5,""prefill_seq_len"":8000,""prefill_tokens"":38469,""total_tokens"":38480}",1548.5024410168564,1548.5024410168564,1548.5024410168564,0.0,0.0,0.0,0.0,[],[],[],PASS
K2.5-tp4ep8dp2-8k2k-bt65536,86,"{""decode_batch_size"":13,""decode_kv_len"":9728,""prefill_batch_size"":1,""prefill_seq_len"":8000,""prefill_tokens"":8639,""total_tokens"":8652}",438.15090684647174,438.15090684647174,438.15090684647174,0.0,0.0,0.0,0.0,[],[],[],PASS
K2.5-tp4ep8dp2-8k2k-bt65536,87,"{""decode_batch_size"":13,""decode_kv_len"":9728,""prefill_batch_size"":1,""prefill_seq_len"":8000,""prefill_tokens"":8095,""total_tokens"":8108}",412.7959432751926,412.7959432751926,412.7959432751926,0.0,0.0,0.0,0.0,[],[],[],PASS
K2.5-tp4ep8dp2-8k2k-bt65536,88,"{""decode_batch_size"":12,""decode_kv_len"":9728,""prefill_batch_size"":2,""prefill_seq_len"":8000,""prefill_tokens"":16966,""total_tokens"":16978}",821.5097730395231,821.5097730395231,821.5097730395231,0.0,0.0,0.0,0.0,[],[],[],PASS
K2.5-tp4ep8dp2-8k2k-bt65536,89,"{""decode_batch_size"":5,""decode_kv_len"":9728,""prefill_batch_size"":9,""prefill_seq_len"":8000,""prefill_tokens"":65531,""total_tokens"":65536}",8131.020996,8131.020996,8131.020996,0.0,0.0,0.0,0.0,[],[],[],PASS
K2.5-tp4ep8dp2-8k2k-bt65536,90,"{""decode_batch_size"":10,""decode_kv_len"":8704,""prefill_batch_size"":6,""prefill_seq_len"":8000,""prefill_tokens"":47434,""total_tokens"":47444}",1902.8144248325573,1902.8144248325573,1902.8144248325573,0.0,0.0,0.0,0.0,[],[],[],PASS
K2.5-tp4ep8dp2-8k2k-bt65536,91,"{""decode_batch_size"":13,""decode_kv_len"":9216,""prefill_batch_size"":1,""prefill_seq_len"":8000,""prefill_tokens"":8607,""total_tokens"":8620}",436.5058427360995,436.5058427360995,436.5058427360995,0.0,0.0,0.0,0.0,[],[],[],PASS
K2.5-tp4ep8dp2-8k2k-bt65536,92,"{""decode_batch_size"":13,""decode_kv_len"":9728,""prefill_batch_size"":1,""prefill_seq_len"":8000,""prefill_tokens"":8064,""total_tokens"":8077}",411.3127209701928,411.3127209701928,411.3127209701928,0.0,0.0,0.0,0.0,[],[],[],PASS
K2.5-tp4ep8dp2-8k2k-bt65536,93,"{""decode_batch_size"":12,""decode_kv_len"":10240,""prefill_batch_size"":1,""prefill_seq_len"":8000,""prefill_tokens"":8016,""total_tokens"":8028}",408.96091705487197,408.96091705487197,408.96091705487197,0.0,0.0,0.0,0.0,[],[],[],PASS
K2.5-tp4ep8dp2-8k2k-bt65536,94,"{""decode_batch_size"":7,""decode_kv_len"":9728,""prefill_batch_size"":8,""prefill_seq_len"":8000,""prefill_tokens"":64254,""total_tokens"":64261}",2567.0708918618097,2567.0708918618097,2567.0708918618097,0.0,0.0,0.0,0.0,[],[],[],PASS
K2.5-tp4ep8dp2-8k2k-bt65536,95,"{""decode_batch_size"":11,""decode_kv_len"":8704,""prefill_batch_size"":5,""prefill_seq_len"":8000,""prefill_tokens"":40000,""total_tokens"":40011}",1609.2264958127662,1609.2264958127662,1609.2264958127662,0.0,0.0,0.0,0.0,[],[],[],PASS
K2.5-tp4ep8dp2-8k2k-bt65536,96,"{""decode_batch_size"":14,""decode_kv_len"":9216,""prefill_batch_size"":1,""prefill_seq_len"":8000,""prefill_tokens"":8047,""total_tokens"":8061}",410.51365229612674,410.51365229612674,410.51365229612674,0.0,0.0,0.0,0.0,[],[],[],PASS
K2.5-tp4ep8dp2-8k2k-bt65536,97,"{""decode_batch_size"":13,""decode_kv_len"":9216,""prefill_batch_size"":1,""prefill_seq_len"":8000,""prefill_tokens"":8062,""total_tokens"":8075}",411.0548403593233,411.0548403593233,411.0548403593233,0.0,0.0,0.0,0.0,[],[],[],PASS
K2.5-tp4ep8dp2-8k2k-bt65536,98,"{""decode_batch_size"":13,""decode_kv_len"":9728,""prefill_batch_size"":1,""prefill_seq_len"":8000,""prefill_tokens"":8229,""total_tokens"":8242}",419.1515675634292,419.1515675634292,419.1515675634292,0.0,0.0,0.0,0.0,[],[],[],PASS
K2.5-tp4ep8dp2-8k2k-bt65536,99,"{""decode_batch_size"":12,""decode_kv_len"":10240,""prefill_batch_size"":1,""prefill_seq_len"":8000,""prefill_tokens"":8244,""total_tokens"":8256}",419.79146375705426,419.79146375705426,419.79146375705426,0.0,0.0,0.0,0.0,[],[],[],PASS
K2.5-tp4ep8dp2-8k2k-bt65536,100,"{""decode_batch_size"":12,""decode_kv_len"":10240,""prefill_batch_size"":1,""prefill_seq_len"":8000,""prefill_tokens"":8446,""total_tokens"":8458}",429.152113842846,429.152113842846,429.152113842846,0.0,0.0,0.0,0.0,[],[],[],PASS
K2.5-tp4ep8dp2-8k2k-bt65536,101,"{""decode_batch_size"":6,""decode_kv_len"":9728,""prefill_batch_size"":9,""prefill_seq_len"":8000,""prefill_tokens"":65530,""total_tokens"":65536}",8647.03418,8647.03418,8647.03418,0.0,0.0,0.0,0.0,[],[],[],PASS
K2.5-tp4ep8dp2-8k2k-bt65536,102,"{""decode_batch_size"":10,""decode_kv_len"":8192,""prefill_batch_size"":6,""prefill_seq_len"":8000,""prefill_tokens"":46470,""total_tokens"":46480}",1864.5654259254698,1864.5654259254698,1864.5654259254698,0.0,0.0,0.0,0.0,[],[],[],PASS
K2.5-tp4ep8dp2-8k2k-bt65536,103,"{""decode_batch_size"":12,""decode_kv_len"":9728,""prefill_batch_size"":1,""prefill_seq_len"":8000,""prefill_tokens"":8128,""total_tokens"":8140}",414.17791202442106,414.17791202442106,414.17791202442106,0.0,0.0,0.0,0.0,[],[],[],PASS
K2.5-tp4ep8dp2-8k2k-bt65536,104,"{""decode_batch_size"":12,""decode_kv_len"":9728,""prefill_batch_size"":2,""prefill_seq_len"":8000,""prefill_tokens"":18030,""total_tokens"":18042}",872.27740471216,872.27740471216,872.27740471216,0.0,0.0,0.0,0.0,[],[],[],PASS
K2.5-tp4ep8dp2-8k2k-bt65536,105,"{""decode_batch_size"":10,""decode_kv_len"":8704,""prefill_batch_size"":6,""prefill_seq_len"":8000,""prefill_tokens"":47396,""total_tokens"":47406}",1901.3106597584858,1901.3106597584858,1901.3106597584858,0.0,0.0,0.0,0.0,[],[],[],PASS
K2.5-tp4ep8dp2-8k2k-bt65536,106,"{""decode_batch_size"":14,""decode_kv_len"":9216,""prefill_batch_size"":1,""prefill_seq_len"":8000,""prefill_tokens"":8002,""total_tokens"":8016}",408.36058765983677,408.36058765983677,408.36058765983677,0.0,0.0,0.0,0.0,[],[],[],PASS
K2.5-tp4ep8dp2-8k2k-bt65536,107,"{""decode_batch_size"":13,""decode_kv_len"":9728,""prefill_batch_size"":1,""prefill_seq_len"":8000,""prefill_tokens"":8033,""total_tokens"":8046}",409.829498665193,409.829498665193,409.829498665193,0.0,0.0,0.0,0.0,[],[],[],PASS
K2.5-tp4ep8dp2-8k2k-bt65536,108,"{""decode_batch_size"":13,""decode_kv_len"":9728,""prefill_batch_size"":1,""prefill_seq_len"":8000,""prefill_tokens"":8498,""total_tokens"":8511}",431.6169877271815,431.6169877271815,431.6169877271815,0.0,0.0,0.0,0.0,[],[],[],PASS
K2.5-tp4ep8dp2-8k2k-bt65536,109,"{""decode_batch_size"":12,""decode_kv_len"":10240,""prefill_batch_size"":1,""prefill_seq_len"":8000,""prefill_tokens"":8047,""total_tokens"":8059}",410.4441393598717,410.4441393598717,410.4441393598717,0.0,0.0,0.0,0.0,[],[],[],PASS
K2.5-tp4ep8dp2-8k2k-bt65536,110,"{""decode_batch_size"":7,""decode_kv_len"":9728,""prefill_batch_size"":7,""prefill_seq_len"":8000,""prefill_tokens"":56687,""total_tokens"":56694}",2267.990146697407,2267.990146697407,2267.990146697407,0.0,0.0,0.0,0.0,[],[],[],PASS
K2.5-tp4ep8dp2-8k2k-bt65536,111,"{""decode_batch_size"":9,""decode_kv_len"":8192,""prefill_batch_size"":7,""prefill_seq_len"":8000,""prefill_tokens"":56000,""total_tokens"":56009}",4775.680664,4775.680664,4775.680664,0.0,0.0,0.0,0.0,[],[],[],PASS
K2.5-tp4ep8dp2-8k2k-bt65536,112,"{""decode_batch_size"":16,""decode_kv_len"":8192,""prefill_batch_size"":0,""prefill_seq_len"":1,""prefill_tokens"":0,""total_tokens"":16}",22.63948431356951,22.63948431356951,22.63948431356951,0.0,0.0,0.0,0.0,[],[],[],PASS
K2.5-tp4ep8dp2-8k2k-bt65536,113,"{""decode_batch_size"":16,""decode_kv_len"":9728,""prefill_batch_size"":0,""prefill_seq_len"":1,""prefill_tokens"":0,""total_tokens"":16}",23.310057377695586,23.310057377695586,23.310057377695586,0.0,0.0,0.0,0.0,[],[],[],PASS
K2.5-tp4ep8dp2-8k2k-bt65536,114,"{""decode_batch_size"":13,""decode_kv_len"":9728,""prefill_batch_size"":1,""prefill_seq_len"":8000,""prefill_tokens"":9196,""total_tokens"":9209}",741.8412059448276,741.8412059448276,741.8412059448276,0.0,0.0,0.0,0.0,[],[],[],PASS
K2.5-tp4ep8dp2-8k2k-bt65536,115,"{""decode_batch_size"":14,""decode_kv_len"":9728,""prefill_batch_size"":0,""prefill_seq_len"":1,""prefill_tokens"":0,""total_tokens"":14}",14.795536008796109,14.795536008796109,14.795536008796109,0.0,0.0,0.0,0.0,[],[],[],PASS
K2.5-tp4ep8dp2-8k2k-bt65536,116,"{""decode_batch_size"":14,""decode_kv_len"":10240,""prefill_batch_size"":0,""prefill_seq_len"":1,""prefill_tokens"":0,""total_tokens"":14}",14.978170026536795,14.978170026536795,14.978170026536795,0.0,0.0,0.0,0.0,[],[],[],PASS
K2.5-tp4ep8dp2-8k2k-bt65536,117,"{""decode_batch_size"":12,""decode_kv_len"":10240,""prefill_batch_size"":1,""prefill_seq_len"":8000,""prefill_tokens"":9675,""total_tokens"":9687}",486.02327015166065,486.02327015166065,486.02327015166065,0.0,0.0,0.0,0.0,[],[],[],PASS
K2.5-tp4ep8dp2-8k2k-bt65536,118,"{""decode_batch_size"":13,""decode_kv_len"":10240,""prefill_batch_size"":0,""prefill_seq_len"":1,""prefill_tokens"":0,""total_tokens"":13}",14.407217947859703,14.407217947859703,14.407217947859703,0.0,0.0,0.0,0.0,[],[],[],PASS
K2.5-tp4ep8dp2-8k2k-bt65536,119,"{""decode_batch_size"":7,""decode_kv_len"":10240,""prefill_batch_size"":0,""prefill_seq_len"":8000,""prefill_tokens"":0,""total_tokens"":7}",20.687400614540444,20.687400614540444,20.687400614540444,0.0,0.0,0.0,0.0,[],[],[],PASS
K2.5-tp4ep8dp2-8k2k-bt65536,120,"{""decode_batch_size"":2,""decode_kv_len"":10240,""prefill_batch_size"":0,""prefill_seq_len"":1,""prefill_tokens"":0,""total_tokens"":2}",17.107830935612732,17.107830935612732,17.107830935612732,0.0,0.0,0.0,0.0,[],[],[],PASS
K2.5-tp4ep8dp2-8k2k-bt65536,121,"{""decode_batch_size"":2,""decode_kv_len"":10240,""prefill_batch_size"":0,""prefill_seq_len"":8000,""prefill_tokens"":0,""total_tokens"":2}",17.107830935612732,17.107830935612732,17.107830935612732,0.0,0.0,0.0,0.0,[],[],[],PASS
K2.5-tp4ep8dp2-8k2k-bt65536,122,"{""decode_batch_size"":1,""decode_kv_len"":10240,""prefill_batch_size"":0,""prefill_seq_len"":1,""prefill_tokens"":0,""total_tokens"":1}",29.013363765819232,29.013363765819232,29.013363765819232,0.0,0.0,0.0,0.0,[],[],[],PASS
K2.5-tp4ep8dp2-8k2k-bt65536,123,"{""decode_batch_size"":1,""decode_kv_len"":10240,""prefill_batch_size"":0,""prefill_seq_len"":8000,""prefill_tokens"":0,""total_tokens"":1}",29.013363765819232,29.013363765819232,29.013363765819232,0.0,0.0,0.0,0.0,[],[],[],PASS
